"ENSEMBL","SYMBOL","log2FoldChange","padj"
"ENSG00000000457","SCYL3",-0.0131349328779002,0.970859216575435
"ENSG00000003137","CYP26B1",0.138438788351581,0.630564442425026
"ENSG00000004399","PLXND1",-0.243569951753987,0.190561628795523
"ENSG00000004478","FKBP4",0.287659312597311,0.000142559390119285
"ENSG00000004534","RBM6",-0.0804275340780253,0.49103145926372
"ENSG00000005100","DHX33",-0.00999040645550699,0.950944313470453
"ENSG00000005194","CIAPIN1",0.330206600581012,0.000101967042455525
"ENSG00000005238","ATOSB",0.555026572585669,0.000227802093973856
"ENSG00000005471","ABCB4",-0.123162487577468,0.666560616742483
"ENSG00000005801","ZNF195",0.734707908953817,4.58680362426924e-13
"ENSG00000006016","CRLF1",1.13375519938329,7.04948775307557e-05
"ENSG00000006282","SPATA20",0.258056459797611,0.0616170799559833
"ENSG00000006451","RALA",0.161077605870437,0.062185162079605
"ENSG00000006534","ALDH3B1",0.346022673543826,0.0291844406913327
"ENSG00000006634","DBF4",-0.601885993711832,6.86007055429134e-10
"ENSG00000007168","PAFAH1B1",0.0039344960467583,0.982012075006714
"ENSG00000007255","TRAPPC6A",0.380591996774691,0.117981341796744
"ENSG00000007866","TEAD3",1.23593500947831,9.43146587410432e-20
"ENSG00000007968","E2F2",-0.846876830608614,3.45538273439769e-05
"ENSG00000008282","SYPL1",0.123431064617066,0.196921669429802
"ENSG00000008869","HEATR5B",0.39535458777224,0.00297337505836705
"ENSG00000008988","RPS20",0.0739483960184865,0.275295988055012
"ENSG00000009954","BAZ1B",-0.232514379204486,0.0197501179246645
"ENSG00000010256","UQCRC1",0.129614482518173,0.194200000868891
"ENSG00000010270","STARD3NL",-0.449047572338339,0.00062218869958059
"ENSG00000010278","CD9",-1.06871650292684,9.48755680969757e-05
"ENSG00000011114","BTBD7",-0.297456164902208,0.000712202635364127
"ENSG00000011201","ANOS1",-1.21463079617291,8.21590075630268e-09
"ENSG00000011260","UTP18",-0.261804203940024,0.0055183553230967
"ENSG00000011304","PTBP1",-0.288385525687985,0.000223575701727588
"ENSG00000011376","LARS2",-0.12839113612893,0.266955207838045
"ENSG00000011405","PIK3C2A",0.186933538009283,0.010121738677934
"ENSG00000011422","PLAUR",-0.60130216952786,1.3226004127395e-10
"ENSG00000011478","QPCTL",-0.268310013118581,0.155483349262409
"ENSG00000012048","BRCA1",-0.0504767895451649,0.720638389155093
"ENSG00000012232","EXTL3",-0.101657895760673,0.335648881662397
"ENSG00000012983","MAP4K5",-0.348809075811812,8.96520980192276e-06
"ENSG00000013810","TACC3",-0.284409688285581,0.0220458351622295
"ENSG00000014138","POLA2",-0.137410166671313,0.384518626245254
"ENSG00000015153","YAF2",-0.28729223250829,0.00584891363121347
"ENSG00000015171","ZMYND11",-0.698963093594851,2.10986310541153e-21
"ENSG00000018869","ZNF582",2.75422725258349e-05,0.999987733893952
"ENSG00000020922","MRE11",-0.0914142810992002,0.471646854745667
"ENSG00000021355","SERPINB1",-0.0425662853299359,0.886097946475146
"ENSG00000021826","CPS1",-1.43604705188777,1.31207166982674e-12
"ENSG00000022277","RTF2",0.217646130830966,2.65693784595172e-05
"ENSG00000023608","SNAPC1",0.0760307028869148,0.586936738683906
"ENSG00000023839","ABCC2",0.557399135950988,0.0432503887940267
"ENSG00000026751","SLAMF7",0.798467866951384,9.83111467856846e-05
"ENSG00000027075","PRKCH",0.483682938943086,0.0266695575719036
"ENSG00000027697","IFNGR1",0.438295692575074,0.0196358658962655
"ENSG00000027847","B4GALT7",0.227617329460423,0.0406492873076721
"ENSG00000028277","POU2F2",-0.558880773028579,0.00293613861314918
"ENSG00000029363","BCLAF1",0.0129850325218223,0.933964719214992
"ENSG00000029639","TFB1M",-0.575875169825765,3.95129073731025e-05
"ENSG00000029993","HMGB3",-0.0860004884138468,0.63031915016314
"ENSG00000030110","BAK1",0.672205066200518,3.05254333922421e-08
"ENSG00000030419","IKZF2",-0.150141514693256,0.582809302975743
"ENSG00000034510","TMSB10",-0.129229518415778,0.357175195550111
"ENSG00000035681","NSMAF",-0.890162713068752,1.17119440860888e-20
"ENSG00000036054","TBC1D23",0.193100015830104,0.104579771389842
"ENSG00000036257","CUL3",-0.245403669853188,0.00112073960813496
"ENSG00000040341","STAU2",-0.729413631602382,1.15950518536966e-06
"ENSG00000040731","CDH10",0.581229762631324,0.0814373256868244
"ENSG00000043355","ZIC2",0.147536457039767,0.386253661837999
"ENSG00000044459","CNTLN",-0.360110593697554,0.000237597408119952
"ENSG00000048028","USP28",-0.131963347448183,0.280352392979065
"ENSG00000049130","KITLG",1.08550768405035,1.60262183318449e-10
"ENSG00000051180","RAD51",-0.423963511806202,0.00560065241539739
"ENSG00000051341","POLQ",-0.109884618217833,0.51364955448864
"ENSG00000052723","SIKE1",0.715558242325319,1.08821903290836e-20
"ENSG00000053900","ANAPC4",-0.388931571682949,2.83251528501118e-05
"ENSG00000054118","THRAP3",-0.512601075593945,1.13327795770952e-15
"ENSG00000054654","SYNE2",-1.0321867017452,2.89043497674154e-12
"ENSG00000056097","ZFR",-0.0865864651230732,0.396136690887151
"ENSG00000057704","TMCC3",0.0292426070454201,0.930438402845965
"ENSG00000057757","PITHD1",-0.264277017666102,0.00672918619556961
"ENSG00000058056","USP13",-0.467468948131443,3.64243382798099e-08
"ENSG00000058404","CAMK2B",1.42106090849956,0.00434404020296846
"ENSG00000058799","YIPF1",0.577538868724703,1.39437350592936e-06
"ENSG00000058804","NDC1",-0.29473904138112,0.00427961688316711
"ENSG00000058866","DGKG",0.058721943571002,0.80529323776208
"ENSG00000060339","CCAR1",-0.0729220118778482,0.423513400957638
"ENSG00000060558","GNA15",1.3651414006505,0.00193515463707621
"ENSG00000060749","QSER1",-0.181670596530944,0.118357893125933
"ENSG00000060971","ACAA1",0.339323820237149,0.00163736664294078
"ENSG00000061273","HDAC7",-0.187555160964598,0.150277171663092
"ENSG00000061936","SFSWAP",0.175600574627696,0.0702345374072757
"ENSG00000062038","CDH3",-0.00267555326283258,0.999559162348204
"ENSG00000062194","GPBP1",0.120535312580653,0.0895022801546315
"ENSG00000064102","INTS13",0.0670547418788304,0.587138060047488
"ENSG00000064490","RFXANK",-0.00259983369318104,0.998612218527151
"ENSG00000064547","LPAR2",0.665235672508162,0.0406845199336256
"ENSG00000064652","SNX24",-0.879475097717721,1.63022669660687e-11
"ENSG00000064687","ABCA7",0.565275750162368,0.0539539208110645
"ENSG00000064787","BCAS1",0.0363252494805925,0.929312821150097
"ENSG00000065328","MCM10",-0.173744508024675,0.0690160211736894
"ENSG00000065491","TBC1D22B",0.515952014193833,0.000552763083740634
"ENSG00000065526","SPEN",0.14080000964394,0.298914736063794
"ENSG00000065613","SLK",-0.0734811966397971,0.575827120018855
"ENSG00000065970","FOXJ2",0.240325028305169,0.0295518355489003
"ENSG00000066136","NFYC",-0.177033972155816,0.13873961670424
"ENSG00000066248","NGEF",0.915868739982142,0.0105560234400678
"ENSG00000066654","THUMPD1",0.0137462383390264,0.908013437765905
"ENSG00000067113","PLPP1",0.80395090620931,5.38735306820878e-07
"ENSG00000067167","TRAM1",0.607282266281711,3.79925769932399e-16
"ENSG00000068079","IFI35",0.597704727447135,0.000404243362018769
"ENSG00000068097","HEATR6",-0.224464226997315,0.0103602286124374
"ENSG00000068784","SRBD1",-0.031478956017791,0.841066932109416
"ENSG00000068971","PPP2R5B",0.856913444726843,0.000123988252409252
"ENSG00000068985","PAGE1",0.0920194383372943,0.754899645922858
"ENSG00000069122","ADGRF5",0.389886448622312,0.0854444803790583
"ENSG00000069275","NUCKS1",-0.925106694690965,3.3818830959557e-23
"ENSG00000069849","ATP1B3",0.154975605561291,0.05734226073574
"ENSG00000070047","PHRF1",0.00426915993443613,0.992145014826152
"ENSG00000070366","SMG6",-0.363205030737714,0.000695573244357885
"ENSG00000070423","RNF126",-0.249359268863598,0.030237812238493
"ENSG00000070540","WIPI1",-0.249821151042474,0.188952166619967
"ENSG00000070770","CSNK2A2",-0.0109228335378728,0.947058199220399
"ENSG00000070814","TCOF1",-0.0720285221889166,0.560576204131285
"ENSG00000071082","RPL31",-0.100257567312168,0.478257985975302
"ENSG00000072195","SPEG",0.192861612052698,0.353453384209549
"ENSG00000072422","RHOBTB1",-0.0161747916568054,0.960907696119422
"ENSG00000072501","SMC1A",-0.168406380704722,0.102758691307248
"ENSG00000072506","HSD17B10",0.245832117117006,0.00383884897247367
"ENSG00000072840","EVC",-0.09532261832413,0.683516169219631
"ENSG00000073803","MAP3K13",0.353249813773483,1.8298829439474e-07
"ENSG00000074181","NOTCH3",-0.0620114453657088,0.860161304817354
"ENSG00000074219","TEAD2",0.00908881291458723,0.983264841692771
"ENSG00000074319","TSG101",0.365922101198156,0.000162871394587603
"ENSG00000074696","HACD3",-0.314718789912897,2.92457677712063e-05
"ENSG00000075213","SEMA3A",-0.687803214224976,0.0021729837994813
"ENSG00000075218","GTSE1",-0.529443371084276,2.26962519032545e-08
"ENSG00000075223","SEMA3C",-0.297590966745957,0.0570461164029563
"ENSG00000075239","ACAT1",-0.10075496176275,0.316041467408349
"ENSG00000075336","TIMM21",-0.0318860758279059,0.817348636185904
"ENSG00000075624","ACTB",-0.403454373000542,2.20630306326665e-06
"ENSG00000075711","DLG1",-1.00243381748784,1.23091004586765e-21
"ENSG00000075856","SART3",-0.0686060836638318,0.480247413113257
"ENSG00000076043","REXO2",-0.162935920390921,0.0619906041623423
"ENSG00000076201","PTPN23",0.242124309519111,0.00800571579712951
"ENSG00000076248","UNG",-0.539210995865815,7.99482633403582e-09
"ENSG00000076321","KLHL20",-0.079876815672448,0.532674339897219
"ENSG00000076604","TRAF4",0.842637572093456,2.83355560170209e-13
"ENSG00000076662","ICAM3",0.895457008641483,8.31386623757999e-11
"ENSG00000076706","MCAM",0.0303192673603245,0.932088791893381
"ENSG00000076944","STXBP2",0.614686469376645,0.0470299971616267
"ENSG00000077150","NFKB2",0.916869438536497,5.06688520191635e-11
"ENSG00000077254","USP33",0.343277708992233,5.96406380582934e-06
"ENSG00000077312","SNRPA",-0.208279688533682,0.0289362645196493
"ENSG00000077454","LRCH4",0.0154699146580314,0.978550808389533
"ENSG00000077514","POLD3",-0.286135598285736,0.0118272515038308
"ENSG00000077684","JADE1",-0.5384807391105,2.36791805805674e-09
"ENSG00000077942","FBLN1",-0.203377553060032,0.432510698081604
"ENSG00000078142","PIK3C3",-0.124658417853368,0.175477927187592
"ENSG00000078369","GNB1",-0.624423665009719,4.83739275194799e-30
"ENSG00000078401","EDN1",1.21140551250839,4.70720867155054e-08
"ENSG00000079102","RUNX1T1",0.148144042718938,0.634985124488395
"ENSG00000079134","THOC1",-0.216466797719153,0.100364688938597
"ENSG00000079150","FKBP7",-0.107384348487325,0.596374070738724
"ENSG00000079215","SLC1A3",0.274098082718541,0.195592411362352
"ENSG00000079263","SP140",-0.292353075534424,0.182412539095728
"ENSG00000079332","SAR1A",0.523620318891231,2.30039934298961e-11
"ENSG00000079385","CEACAM1",6.36636177576974,2.44494105109242e-20
"ENSG00000079616","KIF22",-0.418772361276488,0.000207364937658372
"ENSG00000080298","RFX3",-0.577830507369466,0.0060592796026789
"ENSG00000080345","RIF1",-0.2244436513401,0.00321009136562528
"ENSG00000080371","RAB21",-0.0317594164431041,0.814650823606297
"ENSG00000080603","SRCAP",0.731014041445004,0.000122292113197172
"ENSG00000080824","HSP90AA1",-0.0476103957737412,0.737786800626681
"ENSG00000080839","RBL1",-0.0738372449080349,0.624165956338938
"ENSG00000081154","PCNP",-0.072455647859378,0.430863779091689
"ENSG00000081791","DELE1",-0.314196572558232,0.00751662483869132
"ENSG00000083093","PALB2",-0.0450725514675054,0.78236609008332
"ENSG00000083168","KAT6A",0.0585950441480096,0.587138060047488
"ENSG00000083635","NUFIP1",-0.106081273881401,0.209077301109219
"ENSG00000083642","PDS5B",-0.324578940741186,0.000679740829593982
"ENSG00000083845","RPS5",-0.0185312158518351,0.926257636854031
"ENSG00000083937","CHMP2B",0.333578628842347,6.42531284710856e-05
"ENSG00000084463","WBP11",0.25923749050126,0.00391777668867619
"ENSG00000084623","EIF3I",-0.0744706422479496,0.455249589160784
"ENSG00000084764","MAPRE3",0.469357746389539,0.00332586017448516
"ENSG00000085063","CD59",-0.0512469080007734,0.758135774057465
"ENSG00000085662","AKR1B1",0.382876090852634,7.10511315557571e-09
"ENSG00000085840","ORC1",-0.0411748040581344,0.848432503191991
"ENSG00000085872","CHERP",0.127279848617909,0.213837706187419
"ENSG00000085982","USP40",-0.383832333289601,2.47275678160739e-06
"ENSG00000086065","CHMP5",0.133894293542891,0.376159985388341
"ENSG00000087087","SRRT",0.322057275690564,2.21547080538517e-05
"ENSG00000087128","TMPRSS11E",3.49875807074186,3.90770489078933e-07
"ENSG00000087269","NOP14",0.123352537231299,0.0543790512370923
"ENSG00000087365","SF3B2",0.165753105307376,0.0066232317317189
"ENSG00000088247","KHSRP",-0.0824596119961634,0.419114793239161
"ENSG00000088298","EDEM2",0.414486420897422,0.0134917264567139
"ENSG00000088682","COQ9",0.0675364637324331,0.732176250794122
"ENSG00000088833","NSFL1C",-0.147532491043103,0.0691124920284526
"ENSG00000088899","LZTS3",0.565656008188465,0.00287561768200351
"ENSG00000089006","SNX5",-0.49004994624084,2.08102530948827e-16
"ENSG00000089157","RPLP0",-0.0499564778626515,0.652169254608239
"ENSG00000089289","IGBP1",0.226276794076368,0.018607963873235
"ENSG00000089737","DDX24",0.44149521084458,4.33343596488056e-14
"ENSG00000090006","LTBP4",0.0836339180011329,0.698036522955813
"ENSG00000090263","MRPS33",-0.033197879139886,0.817828686322187
"ENSG00000090273","NUDC",-0.203687592139631,0.00164312083887511
"ENSG00000090612","ZNF268",0.743471869630734,3.22996180635967e-09
"ENSG00000091483","FH",-0.296356494009132,0.00419822627815822
"ENSG00000091527","CDV3",-0.28916564416076,0.00354833830377229
"ENSG00000091592","NLRP1",0.380461746337501,0.0137272444032678
"ENSG00000091947","TMEM101",-0.0356046575856537,0.851799561077051
"ENSG00000092010","PSME1",0.242063452182134,0.0937332264689809
"ENSG00000092201","SUPT16H",-0.185179456646657,0.0430475088646736
"ENSG00000092203","TOX4",0.501723020543027,1.29729472500412e-15
"ENSG00000092295","TGM1",0.583867649184583,0.0805224106095254
"ENSG00000092531","SNAP23",0.462970531763915,1.03325343605523e-05
"ENSG00000092841","MYL6",-0.0551109358666163,0.760548701214968
"ENSG00000092853","CLSPN",-0.127051181420576,0.361084749099784
"ENSG00000093000","NUP50",-0.288232963719225,0.00052450626414602
"ENSG00000094804","CDC6",-0.217129148376436,0.0498826326849343
"ENSG00000095787","WAC",-0.0579615651757241,0.318517601199108
"ENSG00000096092","TMEM14A",0.0100871830575165,0.978329623374013
"ENSG00000096384","HSP90AB1",-0.326258293363628,6.93511813945362e-11
"ENSG00000096401","CDC5L",0.158260936076054,0.0325652534034536
"ENSG00000099246","RAB18",0.0666012804132547,0.500560920727043
"ENSG00000099251",NA,0.373888671054252,0.209731766103919
"ENSG00000099284","MACROH2A2",0.499101216777574,0.0576050774511479
"ENSG00000099381","SETD1A",0.262447166965463,0.0244999321861796
"ENSG00000099399","MAGEB2",-0.0887392064722964,0.349784999518454
"ENSG00000099617","EFNA2",0.277914172681456,0.351265289363325
"ENSG00000099624","ATP5F1D",0.0356484382728557,0.81608139188313
"ENSG00000099783","HNRNPM",-0.114650123354522,0.103976687857108
"ENSG00000099795","NDUFB7",0.10861283837727,0.593421075231259
"ENSG00000099800","TIMM13",-0.418789469718469,2.2501280843445e-07
"ENSG00000099822","HCN2",0.666297321450214,0.0167715690222732
"ENSG00000099901","RANBP1",-0.322169065538123,6.08548962368417e-06
"ENSG00000099956","SMARCB1",-0.111065434819964,0.18626796741584
"ENSG00000099992","TBC1D10A",0.457112988707107,0.0505950235659895
"ENSG00000099995","SF3A1",0.0594349242624591,0.533474174204305
"ENSG00000100003","SEC14L2",1.02009355645659,5.44020756862779e-07
"ENSG00000100100","PIK3IP1",0.293956740476414,0.308467868436272
"ENSG00000100151","PICK1",0.205340589837237,0.220822079721117
"ENSG00000100162","CENPM",-0.316939968373319,0.0251107333972694
"ENSG00000100196","KDELR3",0.412018019332513,0.014740153714016
"ENSG00000100209","HSCB",0.443506941497993,0.00116900410122079
"ENSG00000100225","FBXO7",0.081400203867445,0.258495497048962
"ENSG00000100242","SUN2",-0.550713225067667,1.67389522281344e-07
"ENSG00000100342","APOL1",1.16457215466357,1.53521017602567e-12
"ENSG00000100344","PNPLA3",0.325378567615181,0.149113953377969
"ENSG00000100359","SGSM3",0.108301371587592,0.697923283369541
"ENSG00000100372","SLC25A17",0.14940786614886,0.229466772161354
"ENSG00000100387","RBX1",-0.0801730214667833,0.573484599599165
"ENSG00000100393","EP300",0.246510236709655,0.011362070548893
"ENSG00000100558","PLEK2",0.0389289287613692,0.92178492931413
"ENSG00000100578","KIAA0586",-0.397015344982363,0.00020280080518946
"ENSG00000100580","TMED8",-0.655978538693039,6.2085668513545e-12
"ENSG00000100592","DAAM1",1.35662145033573,4.62599521337213e-25
"ENSG00000100600","LGMN",0.703522396597344,1.05717834041113e-05
"ENSG00000100629","CEP128",-0.587512632679438,7.33975219526778e-05
"ENSG00000100647","SUSD6",1.31107198342405,2.24427011009893e-21
"ENSG00000100697","DICER1",-0.0585695526410668,0.662659354504442
"ENSG00000100796","PPP4R3A",0.31333097318099,0.000722632675150006
"ENSG00000100811","YY1",-0.295088931448913,1.62057253072247e-09
"ENSG00000100814","CCNB1IP1",0.0707734990377789,0.683516169219631
"ENSG00000100906","NFKBIA",0.222304434951046,0.0701428801093147
"ENSG00000100938","GMPR2",-0.615189796549749,6.01542851775429e-08
"ENSG00000100941","PNN",-0.197271391846883,0.0862433778865986
"ENSG00000100983","GSS",0.281615153473007,0.00141912916583721
"ENSG00000100991","TRPC4AP",-0.190867138686505,0.0748360093709207
"ENSG00000101057","MYBL2",-0.440691600227788,0.00379661203508676
"ENSG00000101098","RIMS4",2.84731681439281,3.65952998456752e-05
"ENSG00000101161","PRPF6",0.414184853529449,2.6225064370265e-11
"ENSG00000101189","MRGBP",-0.322207092722926,0.000545256560205307
"ENSG00000101224","CDC25B",-0.596159488101412,5.80362539557857e-08
"ENSG00000101290","CDS2",0.342454915853949,0.00116900410122079
"ENSG00000101310","SEC23B",0.0976517415276321,0.389073699589406
"ENSG00000101311","FERMT1",0.285154089287178,0.0103991767455421
"ENSG00000101407","TTI1",-0.191854830799061,0.130618710372781
"ENSG00000101412","E2F1",-0.934875747233191,1.97564518035718e-09
"ENSG00000101439","CST3",0.622490658381833,8.48577492550982e-14
"ENSG00000101444","AHCY",-0.0554717862087254,0.666512231365778
"ENSG00000101473","ACOT8",-0.00136636344893583,0.999769847841042
"ENSG00000101557","USP14",-0.316873770977286,1.18803052163329e-10
"ENSG00000101596","SMCHD1",-0.0435756430023218,0.783837924290248
"ENSG00000101608","MYL12A",-0.446537805356585,6.20964009610534e-09
"ENSG00000101670","LIPG",-0.153640531401213,0.518055454892529
"ENSG00000101811","CSTF2",0.0707777791595573,0.588719799923874
"ENSG00000101938","CHRDL1",-1.70995359022512,0.000561598522544324
"ENSG00000102030","NAA10",-0.140766594130704,0.0585723166583308
"ENSG00000102034","ELF4",0.0245072699781951,0.910551863127378
"ENSG00000102057","KCND1",-0.343979272061885,0.241963038792391
"ENSG00000102081","FMR1",0.0277510594144177,0.855095903534364
"ENSG00000102144","PGK1",-0.29946384388624,0.00711527615959026
"ENSG00000102178","UBL4A",-0.101663259488022,0.348450319375116
"ENSG00000102241","HTATSF1",0.157032506083654,0.114465178153175
"ENSG00000102316","MAGED2",0.285132887836168,0.012766576587388
"ENSG00000102401","ARMCX3",0.15639898937843,0.246990959362717
"ENSG00000102471","NDFIP2",0.0723544977983279,0.626343519185881
"ENSG00000102897","LYRM1",-0.0401797989227117,0.842789214278288
"ENSG00000102898","NUTF2",0.108584811353981,0.226103299798183
"ENSG00000102910","LONP2",-0.165316192036792,0.0797597686536304
"ENSG00000103152","MPG",0.0449783462246096,0.832819483705816
"ENSG00000103194","USP10",-0.0898385239544233,0.222806671425346
"ENSG00000103274","NUBP1",-0.150790645197146,0.234161846988452
"ENSG00000103275","UBE2I",-0.161289287053717,0.0697427859412985
"ENSG00000103326","CAPN15",-0.412234165844998,0.000254849017588098
"ENSG00000103356","EARS2",-0.18675750229458,0.166140625410587
"ENSG00000103363","ELOB",0.616262607824519,4.5194794373238e-17
"ENSG00000103495","MAZ",-0.148971600929361,0.129300802450677
"ENSG00000103522","IL21R",0.543659840924299,0.0235984567650587
"ENSG00000103540","CCP110",-0.264524920000529,0.00490578535866603
"ENSG00000103642","LACTB",0.144179635841937,0.171684753660708
"ENSG00000104147","OIP5",0.126585675399946,0.468487583183091
"ENSG00000104231","ZFAND1",-0.252037371294862,0.079827738406365
"ENSG00000104343","UBE2W",-0.0934128238660939,0.51455241123656
"ENSG00000104450","SPAG1",0.340496867030892,0.0139754947802485
"ENSG00000104490","NCALD",-1.90186069366783,2.40679667870172e-17
"ENSG00000104549","SQLE",-0.683223410232987,2.23040936430718e-08
"ENSG00000104738","MCM4",-0.311646935102983,8.60432541630387e-05
"ENSG00000104763","ASAH1",0.563732310923641,6.41125604019298e-08
"ENSG00000104765","BNIP3L",-0.193278481408929,0.169836511623998
"ENSG00000104823","ECH1",0.478853753102981,1.72500761618508e-05
"ENSG00000104863","LIN7B",1.18692194677024,6.81349604913184e-10
"ENSG00000104884","ERCC2",-0.405579068393462,0.00353017373623176
"ENSG00000104951","IL4I1",0.199234481359754,0.506812425725769
"ENSG00000104979","C19orf53",0.312358384362054,3.39514721468907e-05
"ENSG00000105011","ASF1B",-0.169026623521376,0.142048087076371
"ENSG00000105127","AKAP8",0.367193403017087,4.31605650800816e-06
"ENSG00000105197","TIMM50",0.0258186570576227,0.858773756305685
"ENSG00000105248","YJU2",0.0351736501485727,0.866171167389903
"ENSG00000105323","HNRNPUL1",-0.424844552696853,1.22112703010683e-07
"ENSG00000105376","ICAM5",0.404590628132779,0.185366582655458
"ENSG00000105393","BABAM1",-0.289079916054432,5.92532313036589e-05
"ENSG00000105419","MEIS3",0.839889575018515,0.0143232496215268
"ENSG00000105447","GRWD1",0.0971029817051181,0.363512916828116
"ENSG00000105520","PLPPR2",1.10845504425167,2.24192171573768e-09
"ENSG00000105556","MIER2",0.0205896167353481,0.937458847816837
"ENSG00000105559","PLEKHA4",2.25103307380881,4.99429095760708e-08
"ENSG00000105669","COPE",0.40190602235143,0.000353816601120104
"ENSG00000105696","TMEM59L",0.129583664472201,0.66433820742312
"ENSG00000105771","SMG9",0.402240568751551,0.000260331926457616
"ENSG00000105926","PALS2",-0.243785496528677,0.00142793338401267
"ENSG00000105929","ATP6V0A4",1.25831662643857,0.0014871463649651
"ENSG00000106034","CPED1",-1.80629993003144,2.38140033907339e-18
"ENSG00000106052","TAX1BP1",0.385221464583075,6.88479758513852e-07
"ENSG00000106244","PDAP1",-0.314501026558508,9.78101885820122e-06
"ENSG00000106258","CYP3A5",0.734527638294166,0.0431960844280986
"ENSG00000106290","TAF6",0.0899171239959019,0.339362969148248
"ENSG00000106330","MOSPD3",0.258046513496835,0.0504931493564605
"ENSG00000106344","RBM28",0.0698287482206772,0.588121558095167
"ENSG00000106400","ZNHIT1",0.0459117251424357,0.754395042414861
"ENSG00000106462","EZH2",-0.918206454792847,8.4345916889703e-23
"ENSG00000106546","AHR",0.246336925474786,0.14198837539108
"ENSG00000106701","FSD1L",-0.026002305429908,0.939584573628083
"ENSG00000106948","AKNA",0.119191536780068,0.608902749434528
"ENSG00000106993","CDC37L1",0.288484512484601,0.00769579771784087
"ENSG00000107159","CA9",-0.572453495298126,0.0762722877712355
"ENSG00000107341","UBE2R2",-0.0025334934186858,0.992805225552057
"ENSG00000107404","DVL1",-0.0534957588560832,0.747538723247194
"ENSG00000107537","PHYH",1.39137438609575,1.22041822322671e-20
"ENSG00000107560","RAB11FIP2",-0.164195767231309,0.209073809360786
"ENSG00000107566","ERLIN1",-0.714738165876865,6.17974340980637e-22
"ENSG00000107581","EIF3A",-0.254914350627721,0.0289341158218719
"ENSG00000107669","ATE1",-0.331592682874218,0.000221168487243532
"ENSG00000107672","NSMCE4A",-0.439920662834626,1.48019257369866e-05
"ENSG00000107738","VSIR",2.01089978277428,9.70052707593921e-13
"ENSG00000107815","TWNK",0.294851384884375,0.00187477239666998
"ENSG00000107816","LZTS2",0.556173980046455,6.28665841638706e-05
"ENSG00000107819","SFXN3",0.0757393280916603,0.625787615402436
"ENSG00000107929","LARP4B",-0.676131290869806,1.31093825126767e-16
"ENSG00000107937","GTPBP4",-0.0584119542916373,0.47980699267621
"ENSG00000107984","DKK1",0.388784041844295,0.190801903898394
"ENSG00000108010","GLRX3",-0.0162033572446184,0.935067683934029
"ENSG00000108055","SMC3",-0.271331836644078,0.00230069931924398
"ENSG00000108406","DHX40",0.615622247116783,6.06536843368173e-12
"ENSG00000108424","KPNB1",-0.545473724919592,4.54062210226108e-17
"ENSG00000108468","CBX1",-0.369523784689153,7.69698129167327e-05
"ENSG00000108474","PIGL",-0.108095813078949,0.655731257137316
"ENSG00000108561","C1QBP",-0.26606292828022,0.0283177192954533
"ENSG00000108587","GOSR1",-0.179163694960222,0.0161950551909425
"ENSG00000108590","MED31",0.169227581215262,0.312131201381232
"ENSG00000108599","AKAP10",-0.0645102769372391,0.711704230704079
"ENSG00000108641","B9D1",-0.438328662468175,0.00698521381755644
"ENSG00000108651","UTP6",0.107893682700081,0.277928743655354
"ENSG00000108774","RAB5C",0.146554107519275,0.144131393852852
"ENSG00000108788","MLX",-0.190353236524398,0.149075487036785
"ENSG00000108830","RND2",1.14624314468899,0.0102476030502306
"ENSG00000108947","EFNB3",0.303467884152938,0.153240493281564
"ENSG00000109079","TNFAIP1",0.552343795273055,6.4090220392638e-12
"ENSG00000109083","IFT20",0.287139028112495,0.0337227164975294
"ENSG00000109103","UNC119",0.499948057034942,3.44504747132382e-06
"ENSG00000109171","SLAIN2",-0.0773518360260387,0.505149841527015
"ENSG00000109320","NFKB1",-0.219361661272783,0.0302015992602809
"ENSG00000109321","AREG",3.13357331688109,3.04688552361347e-50
"ENSG00000109339","MAPK10",-0.0297204882125928,0.9429085699438
"ENSG00000109452","INPP4B",0.0461255341813439,0.839426332165342
"ENSG00000109475","RPL34",-0.0817800174092748,0.563048279180124
"ENSG00000109606","DHX15",-0.357505072473329,2.29745696374689e-06
"ENSG00000109685","NSD2",-0.845555635805579,3.59914492361613e-25
"ENSG00000109775","UFSP2",-0.331950785775856,0.000477809797164638
"ENSG00000109790","KLHL5",0.584784126992854,3.21671239049495e-08
"ENSG00000109805","NCAPG",-0.230819247444794,0.0364496687700276
"ENSG00000109919","MTCH2",-0.160288461163331,0.0762116436382668
"ENSG00000109920","FNBP4",-0.143083181758564,0.219723065131709
"ENSG00000109929","SC5D",-0.396803726744339,0.00168857559850903
"ENSG00000110031","LPXN",0.563078818199059,0.000529401517747372
"ENSG00000110075","PPP6R3",-0.163885177737401,0.0195465048783674
"ENSG00000110107","PRPF19",0.0669809200459306,0.498912010733567
"ENSG00000110237","ARHGEF17",-0.387333095613164,0.0069266484663437
"ENSG00000110330","BIRC2",0.25347521425123,0.0255965181944655
"ENSG00000110427","KIAA1549L",-1.8592550570634,1.13219153099599e-43
"ENSG00000110455","ACCS",0.0273205676412327,0.9415184340954
"ENSG00000110492","MDK",0.285917400144361,0.261719880116283
"ENSG00000110628","SLC67A1",0.508906247480447,0.0353850451553488
"ENSG00000110768","GTF2H1",-0.212218279868329,0.0135033127163487
"ENSG00000110876","SELPLG",3.16867888757786,9.16888457649962e-08
"ENSG00000110955","ATP5F1B",-0.160371764998872,0.0830735927039298
"ENSG00000110958","PTGES3",-0.433230532860493,1.32158027786123e-13
"ENSG00000111186","WNT5B",-2.36733091186774,2.30319422407433e-11
"ENSG00000111224","PARP11",-0.140521989235249,0.574922646395881
"ENSG00000111229","ARPC3",-0.161296494728914,0.100006491327528
"ENSG00000111247","RAD51AP1",-0.326985630579781,0.00340645258814521
"ENSG00000111271","ACAD10",-0.440376025997456,0.013499480805723
"ENSG00000111319","SCNN1A",0.400404888472475,0.155457117529258
"ENSG00000111335","OAS2",2.10750362697894,8.29442020835873e-12
"ENSG00000111445","RFC5",-0.366708196378517,0.0031975955081329
"ENSG00000111490","TBC1D30",0.125679159889762,0.611266839244644
"ENSG00000111602","TIMELESS",-0.155603418023682,0.191216276568673
"ENSG00000111653","ING4",0.40501678618142,0.0326845710397533
"ENSG00000111665","CDCA3",-0.386711606230806,0.00494315365664391
"ENSG00000111678","C12orf57",0.287400808546292,0.0283803752518882
"ENSG00000111700","SLCO1B3",-0.365373046102996,0.102620911871068
"ENSG00000111728","ST8SIA1",-0.918334104511821,0.0107987407267801
"ENSG00000111775","COX6A1",0.304896250632701,0.00495662480583396
"ENSG00000111801","BTN3A3",0.183665844716575,0.457429156717735
"ENSG00000111859","NEDD9",3.06242797073746,2.22565754143604e-18
"ENSG00000111877","MCM9",-0.208151885101706,0.388135295335925
"ENSG00000111907","TPD52L1",-0.54333221464657,0.00115675229395392
"ENSG00000112029","FBXO5",-0.490860477469761,7.43716702750657e-05
"ENSG00000112242","E2F3",-0.341645151932231,0.000408515235762971
"ENSG00000112308","C6orf62",-0.447689192762444,8.32461402636248e-07
"ENSG00000112339","HBS1L",-0.16967097244155,0.0914343179506992
"ENSG00000112343","TRIM38",0.317231102192587,0.00131441161499257
"ENSG00000112365","ZBTB24",0.148327530220138,0.276403635319465
"ENSG00000112695","COX7A2",0.0731670604803902,0.633089802238006
"ENSG00000112877","CEP72",-0.508520287523452,0.00339383905164793
"ENSG00000112972","HMGCS1",-1.37426888434149,6.3440475340381e-13
"ENSG00000113240","CLK4",0.262345773982699,0.157584518334136
"ENSG00000113312","TTC1",0.17177925721954,0.031963384474536
"ENSG00000113368","LMNB1",-1.26174211877606,3.17249986994137e-30
"ENSG00000113391","ARB2A",-1.25482439692746,2.51137463374787e-33
"ENSG00000113460","BRIX1",-0.142924835235467,0.144940489388676
"ENSG00000113575","PPP2CA",-0.450350562729542,7.01803113000952e-05
"ENSG00000113595","TRIM23",0.202894841137249,0.156876418228493
"ENSG00000113638","TTC33",0.139348040313505,0.455566781063254
"ENSG00000113649","TCERG1",-0.545037166525241,6.06359771189836e-09
"ENSG00000113657","DPYSL3",-0.203022320472932,0.0400526787976386
"ENSG00000113719","ERGIC1",-0.389282834062911,2.79875100120292e-08
"ENSG00000113742","CPEB4",0.95871345252833,1.5843793261903e-14
"ENSG00000113810","SMC4",-0.957539361400848,3.85304364091693e-19
"ENSG00000113845","TIMMDC1",-0.000165021242468206,0.999845078087951
"ENSG00000113851","CRBN",0.387529410634323,0.00153972121135171
"ENSG00000114023","FAM162A",-0.0695552967198681,0.696228754121585
"ENSG00000114054","PCCB",-0.0994295844870111,0.434236716660633
"ENSG00000114062","UBE3A",-0.201843130911532,0.00142640364847814
"ENSG00000114125","RNF7",0.294238063627452,0.0013046324061287
"ENSG00000114268","PFKFB4",0.144779954093302,0.531062979595832
"ENSG00000114391","RPL24",0.0116028986713381,0.947400600992814
"ENSG00000114554","PLXNA1",-0.288781796763077,0.00987273670216277
"ENSG00000114757","PEX5L",-0.440991917386981,0.151940588527832
"ENSG00000114867","EIF4G1",-0.0679748288552186,0.603821082666086
"ENSG00000114999","TTL",-0.511759077599678,2.50998664432289e-12
"ENSG00000115053","NCL",-0.216989181548184,0.0382578002171461
"ENSG00000115128","SF3B6",-0.0594602522845738,0.578474511694034
"ENSG00000115159","GPD2",-0.726636795945871,2.76274727065492e-18
"ENSG00000115163","CENPA",-0.392346024528057,0.0103374222114265
"ENSG00000115204","MPV17",0.0127819054843285,0.949335238709441
"ENSG00000115207","GTF3C2",-0.104930542511302,0.371824453399231
"ENSG00000115216","NRBP1",0.488184032944678,1.23875486505924e-06
"ENSG00000115255","REEP6",0.851642516865652,0.00701268227848359
"ENSG00000115289","PCGF1",-0.0801631380121914,0.727834886767998
"ENSG00000115423","DNAH6",0.220885218769575,0.449155003727429
"ENSG00000115514","TXNDC9",0.0484005730122026,0.785126033280229
"ENSG00000115520","COQ10B",0.169023299099239,0.153109836407224
"ENSG00000115539","PDCL3",0.0277199028068198,0.903665984594223
"ENSG00000115568","ZNF142",0.315581495903097,0.0250349648268971
"ENSG00000115705","TPO",0.197620712119866,0.509848075193235
"ENSG00000115944","COX7A2L",-0.175788179554976,0.104128163296777
"ENSG00000116016","EPAS1",0.0560964972302287,0.744616982791036
"ENSG00000116044","NFE2L2",-0.0769095329880498,0.534922619028881
"ENSG00000116095","PLEKHA3",0.0994355247484395,0.313014827000602
"ENSG00000116127","ALMS1",-0.575892250721298,4.0394398549272e-06
"ENSG00000116128","BCL9",-0.419132253286156,0.0110087900426225
"ENSG00000116171","SCP2",-0.0724229419923691,0.640917515516475
"ENSG00000116199","FAM20B",-0.167174325069979,0.069566843637596
"ENSG00000116209","TMEM59",0.444252302961705,4.66165841162651e-05
"ENSG00000116350","SRSF4",-0.369473861174474,5.79366223254172e-05
"ENSG00000116459","ATP5PB",-0.175699717571923,0.136611956511847
"ENSG00000116791","CRYZ",-0.0728570884813638,0.718153023101264
"ENSG00000116830","TTF2",-0.223283623007799,0.026149944910786
"ENSG00000116852","KIF21B",-1.25038540617725,1.19570131910065e-07
"ENSG00000116857","TMEM9",0.108005285065748,0.413239581271534
"ENSG00000116898","MRPS15",0.119768131579963,0.266973792413643
"ENSG00000116918","TSNAX",-0.17144725939114,0.170500663024688
"ENSG00000117118","SDHB",-0.0820438643291835,0.45763111147178
"ENSG00000117139","KDM5B",0.710694909529328,1.15235461347536e-10
"ENSG00000117174","ZNHIT6",-0.192851675579919,0.0866072682368196
"ENSG00000117242","PINK1-AS",0.500257660022873,0.0200779412102241
"ENSG00000117266","CDK18",0.405313749908012,0.158779549845992
"ENSG00000117298","ECE1",-0.165430387855783,0.128052134671881
"ENSG00000117308","GALE",-0.0679753029550897,0.594810958318432
"ENSG00000117410","ATP6V0B",0.46607621150631,4.90973954673543e-06
"ENSG00000117411","B4GALT2",-0.195427527110055,0.010457587509821
"ENSG00000117475","BLZF1",0.0203513246187985,0.912187649136226
"ENSG00000117640","MTFR1L",0.167397399217545,0.192994541093886
"ENSG00000117724","CENPF",-0.262280041862088,0.108474996493688
"ENSG00000117877","POLR1G",0.0481487642708646,0.770851414012412
"ENSG00000118193","KIF14",-0.0489144565384928,0.80753784793197
"ENSG00000118407","FILIP1",-0.165608159382085,0.494831033498403
"ENSG00000118418","HMGN3",-0.112810878939433,0.295725932275319
"ENSG00000118482","PHF3",-0.164545545140922,0.160169521584064
"ENSG00000118496","FBXO30",-0.37975417937169,0.000516251743703982
"ENSG00000118507","AKAP7",-0.7705442728716,2.81267572535331e-06
"ENSG00000118579","MED28",-0.0446814783985629,0.706201504644656
"ENSG00000118655","DCLRE1B",0.125187799409582,0.407616549905029
"ENSG00000118680","MYL12B",0.0259956492713369,0.817348636185904
"ENSG00000118900","UBN1",-0.0587767661713328,0.623198755333069
"ENSG00000118985","ELL2",0.258198087325373,0.104174042912671
"ENSG00000119013","NDUFB3",-0.132652678841929,0.339633194440184
"ENSG00000119125","GDA",-0.00818751600151508,0.991914857779079
"ENSG00000119392","GLE1",0.370531901265751,6.80316351114112e-05
"ENSG00000119397","CNTRL",-0.339374598886831,0.0220685401388
"ENSG00000119401","TRIM32",0.530303696426898,4.03789220675383e-09
"ENSG00000119402","FBXW2",-0.23270045914781,0.000914890255664509
"ENSG00000119514","GALNT12",1.15656180900486,0.00393443184215949
"ENSG00000119574","ZBTB45",0.242105734519478,0.126368567641916
"ENSG00000119596","YLPM1",-0.0611434447185815,0.649943067040047
"ENSG00000119640","ACYP1",-0.407888822451249,0.00421326395144618
"ENSG00000119650","IFT43",0.293185769494902,0.067515749840864
"ENSG00000119686","FLVCR2",2.34476155045513,3.98203531833163e-09
"ENSG00000119688","ABCD4",0.153869112871196,0.446129023064409
"ENSG00000119705","SLIRP",-0.237048481060107,0.0354339157852444
"ENSG00000119801","YPEL5",0.660985216206544,4.57757005886919e-06
"ENSG00000119878","CRIPT",0.633384409230981,1.39343494307883e-08
"ENSG00000119900","OGFRL1",-0.459928944472286,4.02430636326371e-06
"ENSG00000120254","MTHFD1L",-0.326840119327113,0.000140000652066086
"ENSG00000120306","CYSTM1",0.0932312449863483,0.615626686513085
"ENSG00000120334","CENPL",-0.0366811202960951,0.85261403390563
"ENSG00000120437","ACAT2",-0.727228531195104,3.26474751301541e-06
"ENSG00000120685","PROSER1",0.173563352230504,0.197175627445024
"ENSG00000120727","PAIP2",0.0845014567083474,0.442163483990579
"ENSG00000120798","NR2C1",0.638524453388944,1.14906300055254e-07
"ENSG00000120800","UTP20",-0.145464224665623,0.231124635732886
"ENSG00000120805","ARL1",-0.326443490602699,0.000194722088163772
"ENSG00000120860","WASHC3",-0.312684648995112,0.0140766110636378
"ENSG00000120948","TARDBP",-0.167863490012923,0.038574493051834
"ENSG00000121022","COPS5",-0.225372935639347,0.0377032368863459
"ENSG00000121058","COIL",0.0854671854260425,0.404253289013218
"ENSG00000121073","SLC35B1",-0.0674597785999499,0.5645556722996
"ENSG00000121152","NCAPH",-0.534610313211434,8.67834543630045e-07
"ENSG00000121281","ADCY7",0.092132861683095,0.52357995933437
"ENSG00000121454","LHX4",0.963515092646189,0.00508103284524749
"ENSG00000121486","TRMT1L",-0.340242529786883,0.000116950290073046
"ENSG00000121749","TBC1D15",-0.434127636504325,4.65082384155307e-07
"ENSG00000121892","PDS5A",-0.229393687823295,4.13516566104709e-05
"ENSG00000121957","GPSM2",-0.649477089961091,1.46010338943822e-08
"ENSG00000121989","ACVR2A",0.0907415531869072,0.64967965500092
"ENSG00000122008","POLK",-0.0615301788673319,0.715075125539692
"ENSG00000122203","KIAA1191",0.240285775686292,0.00204757935216928
"ENSG00000122257","RBBP6",0.0189167629601139,0.902468659427602
"ENSG00000122378","PRXL2A",1.51843628082216,0.000912094038292001
"ENSG00000122566","HNRNPA2B1",-0.602268519291616,2.88287648278994e-17
"ENSG00000122592","HOXA7",1.18749738084281,0.000644075573505832
"ENSG00000122678","POLM",0.199713959548697,0.255597503520516
"ENSG00000122691","TWIST1",-0.187249985347446,0.164520577166
"ENSG00000122705","CLTA",0.281742668168265,4.94575327368127e-06
"ENSG00000122729","ACO1",0.250349637075026,0.00526015599257518
"ENSG00000122884","P4HA1",0.108945431023787,0.481877757536488
"ENSG00000122952","ZWINT",-0.127188929980582,0.35282746132186
"ENSG00000123064","DDX54",0.318541682095555,6.50414966399779e-05
"ENSG00000123080","CDKN2C",-0.332505516106393,0.00443497240783662
"ENSG00000123091","RNF11",0.267726287834851,0.00376031059456712
"ENSG00000123131","PRDX4",0.142412507865709,0.354439928822738
"ENSG00000123136","DDX39A",-0.463383008303735,2.00514030859775e-07
"ENSG00000123179","EBPL",-0.102512044685366,0.318989205931245
"ENSG00000123200","ZC3H13",-0.0719620218987401,0.620382672934314
"ENSG00000123415","SMUG1",0.0851906909907839,0.588380584292163
"ENSG00000123473","STIL",-0.381027248896346,7.16493512416394e-05
"ENSG00000123485","HJURP",-0.681287553473042,3.64555788144985e-09
"ENSG00000123636","BAZ2B",-0.0148700011123298,0.943564804377741
"ENSG00000123684","LPGAT1",-0.171902640176397,0.0985863527602147
"ENSG00000123737","EXOSC9",-0.374868530617173,4.42421831045351e-06
"ENSG00000123810","B9D2",0.266499328324306,0.0826633829511369
"ENSG00000123933","MXD4",1.15033937677602,8.10155915229852e-11
"ENSG00000124098","FAM210B",1.10110055785915,8.96835148457745e-23
"ENSG00000124102","PI3",0.0651107017773939,0.84265242243582
"ENSG00000124107","SLPI",1.34731749837725,0.00554798487025035
"ENSG00000124116","WFDC3",0.214850356171107,0.428403561551417
"ENSG00000124126","PREX1",-1.00726116162675,2.89547336095225e-13
"ENSG00000124171","PARD6B",0.586579493683654,0.00446498906293887
"ENSG00000124172","ATP5F1E",0.105497445688685,0.256022509164424
"ENSG00000124181","PLCG1",0.0303486745275662,0.89031317218767
"ENSG00000124356","STAMBP",0.270362909490656,0.005859214558411
"ENSG00000124383","MPHOSPH10",-0.0154810839096472,0.912378924197596
"ENSG00000124508","BTN2A2",0.26202749945113,0.215354757718932
"ENSG00000124532","MRS2",-0.109034794557256,0.50211657477102
"ENSG00000124535","WRNIP1",-0.251800083918977,0.0338837861149332
"ENSG00000124608","AARS2",0.192215692258042,0.0977870679158335
"ENSG00000124614","RPS10",0.0228895826156829,0.900890689488564
"ENSG00000124795","DEK",-0.552107638892519,2.71935241586399e-11
"ENSG00000124831","LRRFIP1",-0.511422623251386,3.37530903670421e-13
"ENSG00000124920","MYRF",0.0543514305630477,0.839896880476539
"ENSG00000125124","BBS2",-0.140984143145222,0.514834953134718
"ENSG00000125266","EFNB2",-0.032070929036192,0.897221459053058
"ENSG00000125450","NUP85",-0.315445182802145,6.33586459957579e-05
"ENSG00000125484","GTF3C4",0.303273671591137,4.09557889944164e-05
"ENSG00000125534","PPDPF",0.358656769065324,3.65419164268975e-06
"ENSG00000125652","ALKBH7",0.180440436459732,0.226797582192853
"ENSG00000125686","MED1",0.0450069899071628,0.588727713077877
"ENSG00000125730","C3",0.204208124800435,0.491417121510056
"ENSG00000125743","SNRPD2",-0.00904581910844212,0.971283822445776
"ENSG00000125744","RTN2",0.244205071018259,0.316729472453871
"ENSG00000125814","NAPB",0.43721157978429,0.0344955637527866
"ENSG00000125817","CENPB",-0.555898831507922,6.87718735382954e-11
"ENSG00000125834","STK35",-0.151991824488257,0.205103473478474
"ENSG00000125843","AP5S1",-0.191076739901074,0.101912697869358
"ENSG00000125846","ZNF133",0.386070481897926,0.0290393413298002
"ENSG00000125885","MCM8",-0.399859850658098,2.12755682909216e-05
"ENSG00000125898","FAM110A",0.491247820512415,0.00164529796787211
"ENSG00000125944","HNRNPR",-0.00627096934800748,0.979375930275057
"ENSG00000125967","NECAB3",0.82012730690623,2.74377420035969e-05
"ENSG00000125991","ERGIC3",0.40080647031366,1.93857299628981e-08
"ENSG00000125995","ROMO1",0.229794741724679,0.0630814819625051
"ENSG00000126016","AMOT",0.100586190193973,0.681405515554359
"ENSG00000126088","UROD",-0.0818474320981191,0.585916613877838
"ENSG00000126106","TMEM53",-0.442928203779023,0.0337144333490682
"ENSG00000126217","MCF2L",0.602919914496964,0.0736668533895727
"ENSG00000126226","PCID2",-0.1755554381438,0.0905079578111746
"ENSG00000126267","COX6B1",0.16035190256765,0.118647549955043
"ENSG00000126432","PRDX5",0.259133034157745,0.0152082192278477
"ENSG00000126522","ASL",-0.168490112191487,0.287253913286676
"ENSG00000126602","TRAP1",-0.238744326747114,0.00581745452888583
"ENSG00000126752","SSX1",-0.0672340484652268,0.638819072009673
"ENSG00000126767","ELK1",0.0504357656917249,0.752211303951459
"ENSG00000127184","COX7C",-0.180408587974614,0.126847235782323
"ENSG00000127423","AUNIP",0.105704040103756,0.568631131642736
"ENSG00000127540","UQCR11",0.257980295007434,0.00794743271927865
"ENSG00000127564","PKMYT1",0.0553980359779698,0.767001727203289
"ENSG00000127616","SMARCA4",-0.00436819503704231,0.984726219045478
"ENSG00000127838","PNKD",0.118662755828507,0.38886331110232
"ENSG00000128245","YWHAH",-0.407893269896715,7.15056282861357e-06
"ENSG00000128394","APOBEC3F",1.25692976594095,1.35325123732257e-08
"ENSG00000128422","KRT17",2.44570905200018,1.71526343454998e-10
"ENSG00000128524","ATP6V1F",0.679408252255106,1.92601539513923e-19
"ENSG00000128590","DNAJB9",0.143202620338979,0.521631484183902
"ENSG00000128591","FLNC",0.548598997377786,0.000759100586893529
"ENSG00000128606","LRRC17",-0.300556390193594,0.255807120596748
"ENSG00000128609","NDUFA5",-0.0843000342301229,0.408094958963016
"ENSG00000128683","GAD1",1.25711179700762,1.18208306459891e-08
"ENSG00000128731","HERC2",-0.3613209896037,0.00111883401369574
"ENSG00000128908","INO80",-0.174144499530647,0.136245446729213
"ENSG00000128928","IVD",-0.0870670575222104,0.480339257729621
"ENSG00000129103","SUMF2",0.118893894961256,0.404253289013218
"ENSG00000129173","E2F8",-0.781819037227387,7.70732235090398e-05
"ENSG00000129351","ILF3",-0.487063657492222,1.27485130009007e-16
"ENSG00000129354","AP1M2",0.43968501967388,0.0217039747416257
"ENSG00000129472","RAB2B",0.281210460408965,0.013611182649867
"ENSG00000129484","PARP2",0.193047895390651,0.0751685443972009
"ENSG00000129515","SNX6",-0.191385651266072,0.0680244045317417
"ENSG00000129534","MIS18BP1",-0.529111482760788,9.21469674395773e-07
"ENSG00000129562","DAD1",0.356193428364301,3.75404438706807e-05
"ENSG00000129675","ARHGEF6",-0.259555583706254,0.268044348807148
"ENSG00000129810","SGO1",0.0691662333257089,0.604033424029859
"ENSG00000129824","RPS4Y1",-0.257737421510137,0.00492103351535891
"ENSG00000130023","ERMARD",-0.296029870845835,0.0974807206217443
"ENSG00000130204","TOMM40",-0.168634133764946,0.147456180291227
"ENSG00000130227","XPO7",-0.110164919118458,0.13342615858347
"ENSG00000130311","DDA1",0.0498055883563181,0.620079170899038
"ENSG00000130382","MLLT1",0.0614845034395518,0.634652660466811
"ENSG00000130396","AFDN",-0.782301580435943,2.87617234656926e-18
"ENSG00000130475","FCHO1",0.0705637443778196,0.842916633331014
"ENSG00000130559","CAMSAP1",0.0711244093274025,0.554891270845827
"ENSG00000130638","ATXN10",-0.619860144740373,5.53718088511957e-19
"ENSG00000130684","ZNF337",0.742882035411868,3.15024383617768e-10
"ENSG00000130706","ADRM1",0.371978417256625,4.52424988469633e-06
"ENSG00000130714","POMT1",0.467971551533745,0.00882438099896992
"ENSG00000130764","LRRC47",0.20000881316535,0.00776807890467219
"ENSG00000130779","CLIP1",-0.0113941038408523,0.947138347605415
"ENSG00000130783","CCDC62",0.183304972184534,0.547759314982116
"ENSG00000130810","PPAN",-0.106076663287153,0.449155003727429
"ENSG00000130816","DNMT1",-0.457085625258437,2.39523973875651e-08
"ENSG00000131002",NA,0.0334645249507064,0.874986909842174
"ENSG00000131043","AAR2",0.423585683807739,4.58619337975527e-06
"ENSG00000131100","ATP6V1E1",0.370057191079435,1.86620659894249e-07
"ENSG00000131143","COX4I1",-0.020739423666894,0.881258539204212
"ENSG00000131153","GINS2",-0.827595272340984,1.73212649223268e-08
"ENSG00000131263","RLIM",-0.316524268075539,2.10767338804641e-05
"ENSG00000131269","ABCB7",0.182145055116404,0.142244531495731
"ENSG00000131323","TRAF3",-0.40045064067047,2.2347452590427e-05
"ENSG00000131351","HAUS8",-0.168754496065026,0.203156170124219
"ENSG00000131373","HACL1",0.168828296089784,0.26223158015793
"ENSG00000131381","RBSN",0.104285725444261,0.387009680800348
"ENSG00000131386","GALNT15",0.0139017214831291,0.981533699652214
"ENSG00000131470","PSMC3IP",-0.292997563295093,0.0133999301587774
"ENSG00000131475","VPS25",0.187058847630114,0.0594998480359677
"ENSG00000131495","NDUFA2",0.276209262415047,0.0361990591920774
"ENSG00000131504","DIAPH1",-0.201435174955428,0.00723957636850725
"ENSG00000131584","ACAP3",0.311625208595452,0.0693539736245555
"ENSG00000131746","TNS4",1.73386175609704,2.61764335021843e-06
"ENSG00000131873","CHSY1",-0.544387502695303,2.5238663982904e-08
"ENSG00000131979","GCH1",0.721472526764845,0.000225344572096418
"ENSG00000132004","FBXW9",0.0781495223866015,0.71166854610093
"ENSG00000132109","TRIM21",0.682247130696529,2.84323563165079e-06
"ENSG00000132153","DHX30",0.17899827806759,0.0156554203070234
"ENSG00000132254","ARFIP2",0.0676970446055195,0.601868842802188
"ENSG00000132300","PTCD3",-0.0471417168305471,0.679231706895197
"ENSG00000132434","LANCL2",-0.00888770863278067,0.976109112222007
"ENSG00000132436","FIGNL1",-0.312697383582502,0.00366539571467723
"ENSG00000132485","ZRANB2",0.0287876559449356,0.86535510828026
"ENSG00000132535","DLG4",-0.444563180362358,0.011802212176596
"ENSG00000132541","RIDA",-0.0847570091596095,0.656105425167102
"ENSG00000132581","SDF2",0.319267038821499,0.000376200631157386
"ENSG00000132694","ARHGEF11",0.310995700370404,0.0555177084511931
"ENSG00000132780","NASP",-0.471797532725543,4.98390810448801e-06
"ENSG00000132792","CTNNBL1",-0.442388277865858,5.00965366575266e-09
"ENSG00000132801","ZSWIM3",0.0825353024039956,0.753519226861055
"ENSG00000133111","RFXAP",-0.675342843117704,0.00142640364847814
"ENSG00000133119","RFC3",-0.233765729566897,0.0474133893245027
"ENSG00000133226","SRRM1",-0.29853352685668,0.00010197870718538
"ENSG00000133460","SLC2A11",0.42976848644253,0.033756395131235
"ENSG00000133597","ADCK2",0.409060363482561,4.3466428952681e-05
"ENSG00000133665","DYDC2",0.0353726555252041,0.928332855856084
"ENSG00000133872","SARAF",0.179271878056972,0.057529185896557
"ENSG00000133935","ERG28",-0.186127012891941,0.25382313804338
"ENSG00000134030","CTIF",-0.368169741197483,0.0293539591903371
"ENSG00000134046","MBD2",-0.361812523807114,4.63628497878365e-10
"ENSG00000134070","IRAK2",0.332634117147518,0.132074026050549
"ENSG00000134202","GSTM3",0.775500135683617,5.09908563475489e-15
"ENSG00000134242","PTPN22",0.861184964858554,1.41239727331425e-06
"ENSG00000134248","LAMTOR5",0.099549980341723,0.434146980663943
"ENSG00000134250","NOTCH2",0.0915320114923328,0.407274151303152
"ENSG00000134294","SLC38A2",-0.115101395688338,0.214274568061953
"ENSG00000134318","ROCK2",-0.239821068414965,0.00227161010238853
"ENSG00000134333","LDHA",-0.681837002849774,1.04866491806413e-10
"ENSG00000134452","FBH1",0.259499139984101,0.000857764904838586
"ENSG00000134516","DOCK2",-0.171978264441362,0.555129535063856
"ENSG00000134531","EMP1",-0.739525553195016,1.82579612853899e-11
"ENSG00000134690","CDCA8",-0.503379407312775,1.00218191949975e-06
"ENSG00000134759","ELP2",0.100590438994268,0.34253696829576
"ENSG00000134884","ARGLU1",-0.464835991819929,1.39549650724901e-08
"ENSG00000134970","TMED7",-0.100714941436725,0.383600952862205
"ENSG00000135046","ANXA1",-0.250060823682162,0.025097008251347
"ENSG00000135070","ISCA1",0.575328291890616,2.52869673800563e-07
"ENSG00000135241","PNPLA8",0.463789107822898,1.07885194178396e-05
"ENSG00000135249","RINT1",0.275665715935984,0.014494759149109
"ENSG00000135341","MAP3K7",-0.382960989295304,1.49839123556007e-08
"ENSG00000135372","NAT10",-0.0923969622873052,0.225689876043555
"ENSG00000135387","CAPRIN1",-0.134883375755035,0.0457570493329036
"ENSG00000135439","AGAP2",0.167887382194476,0.484626721841701
"ENSG00000135441","BLOC1S1",0.0378201384777428,0.836800415789419
"ENSG00000135446","CDK4",-0.559223731537315,1.80196624923176e-12
"ENSG00000135452","TSPAN31",0.246487347977148,0.147456180291227
"ENSG00000135486","HNRNPA1",-0.330668477902997,2.72790348395271e-05
"ENSG00000135506","OS9",0.477535239981194,6.51039631463347e-07
"ENSG00000135521","LTV1",-0.181280228080503,0.0134146142000858
"ENSG00000135596","MICAL1",0.328060967732783,0.0261871107392822
"ENSG00000135597","REPS1",-0.0037082600299456,0.988013509445498
"ENSG00000135655","USP15",0.00279751682286811,0.997260507628007
"ENSG00000135763","URB2",-0.261490873178956,0.0410050614320067
"ENSG00000135829","DHX9",-0.287581901028552,8.53732673839816e-05
"ENSG00000135912","TTLL4",-0.0711242820967908,0.686801846476314
"ENSG00000135913","USP37",-0.528220260515262,3.09598158600695e-07
"ENSG00000135940","COX5B",0.116910336543243,0.323384424519496
"ENSG00000136010","ALDH1L2",-1.28368511526396,9.47404797299138e-05
"ENSG00000136021","SCYL2",-0.00153456222766315,0.999361380268385
"ENSG00000136122","BORA",-0.629102598583513,0.000238146013413522
"ENSG00000136156","ITM2B",0.610546907739546,6.90938880352433e-16
"ENSG00000136161","RCBTB2",0.312360978573014,0.169157841603242
"ENSG00000136238","RAC1",-0.251238728065925,0.000515276858329814
"ENSG00000136271","DDX56",-0.0305833599465928,0.796810353515759
"ENSG00000136378","ADAMTS7",1.90167122462365,9.33689027786072e-05
"ENSG00000136451","VEZF1",-0.165456236999016,0.0740275418696662
"ENSG00000136492","BRIP1",-0.642421463165767,3.69674701805198e-08
"ENSG00000136504","KAT7",0.3566041026652,0.000418058380474355
"ENSG00000136521","NDUFB5",-0.148222293695862,0.329194061857333
"ENSG00000136636","KCTD3",-0.555562547268786,7.56714637050414e-08
"ENSG00000136699","SMPD4",0.118028997016844,0.422682612963618
"ENSG00000136783","NIPSNAP3A",-0.19288728219013,0.266463174462976
"ENSG00000136813","ECPAS",-0.100461632115831,0.280037764215337
"ENSG00000136824","SMC2",-0.139229006364165,0.250569354862916
"ENSG00000136856","SLC2A8",0.797060353064217,4.77311607360292e-07
"ENSG00000136861","CDK5RAP2",-0.321167736859157,0.000277735672135979
"ENSG00000136878","USP20",0.557960212323092,0.00205274087328206
"ENSG00000136935","GOLGA1",-0.132639949883279,0.373858247798392
"ENSG00000136937","NCBP1",-0.235781944291914,0.00277739220786914
"ENSG00000136942","RPL35",-0.0234220327552544,0.886083267546025
"ENSG00000137038","DMAC1",-0.0354229937417793,0.821516044532513
"ENSG00000137106","GRHPR",-0.261459819405384,0.00287765498033073
"ENSG00000137154","RPS6",-0.156780362388255,0.224517579230516
"ENSG00000137274","BPHL",0.130015942485853,0.615513120874812
"ENSG00000137309","HMGA1",-0.546110785649101,9.16288665262407e-16
"ENSG00000137337","MDC1",-0.0524895535869469,0.746342834622902
"ENSG00000137364","TPMT",0.403834048679384,0.00145547036789593
"ENSG00000137404","NRM",0.00710962410106152,0.979844694126838
"ENSG00000137414","FAM8A1",0.368195446910097,0.0155887831961398
"ENSG00000137500","CCDC90B",-0.0278225960737656,0.878904007957647
"ENSG00000137501","SYTL2",0.123728575216432,0.565857538441403
"ENSG00000137509","PRCP",0.431527176948215,8.67819237296984e-07
"ENSG00000137699","TRIM29",0.463439212401701,0.138464561779607
"ENSG00000137752","CASP1",1.65052935776216,2.27267373162701e-14
"ENSG00000137760","ALKBH8",0.204456451882438,0.131085885483532
"ENSG00000137776","SLTM",0.109697502206647,0.192133926072666
"ENSG00000137807","KIF23",-0.28105608023867,0.00528724163009965
"ENSG00000137812","KNL1",-0.0590128799744009,0.727467232143003
"ENSG00000137818","RPLP1",0.182369758207542,0.0205181378439053
"ENSG00000137947","GTF2B",0.223392013019627,0.152728415725946
"ENSG00000137975","CLCA2",3.58156802723189,1.80126519671318e-07
"ENSG00000138029","HADHB",0.163541519443044,0.107579023550981
"ENSG00000138078","PREPL",0.357965578128487,2.47040992212721e-06
"ENSG00000138081","FBXO11",-0.200242952190359,0.0259413761028806
"ENSG00000138092","CENPO",-0.0217614040816657,0.900572150712338
"ENSG00000138095","LRPPRC",-0.156502820235884,0.0173652149795309
"ENSG00000138100","TRIM54",-0.0283971375349081,0.945386778351983
"ENSG00000138160","KIF11",-0.436995538834663,6.40713089497064e-05
"ENSG00000138180","CEP55",-0.281156590671017,0.0179169923792491
"ENSG00000138246","DNAJC13",-0.324873786716031,0.00778524766724747
"ENSG00000138303","ASCC1",-0.234454252018673,0.0599955426841987
"ENSG00000138326","RPS24",0.236081475158567,3.52944694312942e-06
"ENSG00000138356","AOX1",0.263339205929826,0.111603376049102
"ENSG00000138376","BARD1",-0.59931598800807,1.1406991825672e-11
"ENSG00000138430","OLA1",-0.500825529749567,2.30307797081116e-09
"ENSG00000138439","FAM117B",0.00242282314487698,0.999433637321825
"ENSG00000138448","ITGAV",0.286715654501546,0.00830783267777902
"ENSG00000138587","MNS1",-0.285693215512908,0.0609067814128314
"ENSG00000138592","USP8",0.210059963973148,0.0138960002899377
"ENSG00000138617","PARP16",-0.285661785172776,0.112555048335914
"ENSG00000138658","ZGRF1",-0.617126056139671,0.000121009872851746
"ENSG00000138660","AP1AR",-0.112071856445658,0.323864928646482
"ENSG00000138668","HNRNPD",-0.752687813136425,4.36589045671763e-25
"ENSG00000138696","BMPR1B",-0.897519740139732,4.53915301771609e-05
"ENSG00000138764","CCNG2",0.984201541941272,3.72233016847926e-10
"ENSG00000138768","USO1",0.256173728425131,0.000712672032964806
"ENSG00000138835","RGS3",-0.147705292029473,0.403837383767435
"ENSG00000139112","GABARAPL1",1.64500897305652,4.87588222097523e-23
"ENSG00000139178","C1RL",-0.0363553496649547,0.869272530845156
"ENSG00000139180","NDUFA9",-0.0914783418137872,0.441221288950759
"ENSG00000139239","RPL14P1",-0.266654249850046,0.259603068620655
"ENSG00000139350","NEDD1",-0.178194492919736,0.0286672558827852
"ENSG00000139428","MMAB",-0.527488810824844,4.64933520030995e-05
"ENSG00000139436","GIT2",0.333006979252729,0.000968137398721117
"ENSG00000139437","TCHP",-0.477599532429352,3.35771144398192e-06
"ENSG00000139438","FAM222A",0.327205497945759,0.196537632370007
"ENSG00000139613","SMARCC2",0.198555061528024,0.0620656446780829
"ENSG00000139618","BRCA2",-0.28323409169769,0.0282407264763977
"ENSG00000139636","LMBR1L",0.146296669130737,0.428465661375205
"ENSG00000139641","ESYT1",-0.171255909903406,0.0907333211058784
"ENSG00000139718","SETD1B",0.0337256126770326,0.881916078087106
"ENSG00000140043","PTGR2",0.464037419850652,0.0389097032958628
"ENSG00000140307","GTF2A2",0.104883976273555,0.328933197240729
"ENSG00000140319","SRP14",0.281929462098283,0.0018436539572213
"ENSG00000140350","ANP32A",-0.704422324009127,1.97597151299703e-23
"ENSG00000140365","COMMD4",-0.129230981710291,0.196537632370007
"ENSG00000140395","SKIC8",-0.208167963525527,0.108250403477308
"ENSG00000140451","PIF1",-1.06976340353665,1.45973716225182e-07
"ENSG00000140497","SCAMP2",0.562149511358669,2.39440635758515e-08
"ENSG00000140563","MCTP2",-0.206493782841247,0.437568321908658
"ENSG00000140650","PMM2",-0.214172160571728,0.00535973440264201
"ENSG00000140740","UQCRC2",-0.709766109930526,4.39606978658805e-14
"ENSG00000140990","NDUFB10",0.159891494849703,0.0898038386700832
"ENSG00000141012","GALNS",1.01555354158437,9.13015593461166e-09
"ENSG00000141378","PTRH2",0.0446026194275077,0.798956917619036
"ENSG00000141446","ESCO1",-0.24177035341792,0.0273351915131196
"ENSG00000141505","ASGR1",0.0308566012667688,0.942765361472367
"ENSG00000141522","ARHGDIA",-0.124499877172583,0.284153975433152
"ENSG00000141646","SMAD4",-0.161651601135941,0.0920753832141649
"ENSG00000141664","ZCCHC2",-0.085861750211823,0.561144647036938
"ENSG00000141756","FKBP10",0.0786004091233745,0.610276710397486
"ENSG00000141867","BRD4",0.137660102297332,0.207008676665
"ENSG00000141994","DUS3L",0.0296079204875233,0.917894047014063
"ENSG00000142002","DPP9",0.0449757559439861,0.76086011285597
"ENSG00000142168","SOD1",0.222006756415489,5.93144089936518e-05
"ENSG00000142188","TMEM50B",-0.00204152725199989,0.999433637321825
"ENSG00000142230","SAE1",-0.363146059706281,6.89850322289412e-05
"ENSG00000142235","LMTK3",0.944379108065167,0.0148158940038556
"ENSG00000142252","GEMIN7",0.198014709461391,0.150385975459949
"ENSG00000142528","ZNF473",0.382325805636122,0.00614118497410505
"ENSG00000142534","RPS11",0.0862884922619225,0.513434272573452
"ENSG00000142541","RPL13A",-0.0488163649910393,0.752008881593225
"ENSG00000142546","NOSIP",0.560640213253101,3.75886627004904e-09
"ENSG00000142623","PADI1",3.27568243254934,1.22565371453357e-32
"ENSG00000142661","MYOM3",0.828607582253397,0.0159907436815194
"ENSG00000142676","RPL11",-0.159654860278668,0.0922630645514805
"ENSG00000142686","C1orf216",0.35077289832776,0.000943680835003555
"ENSG00000142864","SERBP1",-0.286544488902323,7.22568097901775e-09
"ENSG00000143147","GPR161",-0.221744185322907,0.106055427711943
"ENSG00000143155","TIPRL",-0.349207828702486,0.000117169053763913
"ENSG00000143156","NME7",-0.343961004665342,0.000545033554543866
"ENSG00000143158","MPC2",-0.119310578798535,0.378904132933527
"ENSG00000143178","TBX19",1.54799898005761,7.43560682661879e-05
"ENSG00000143183","TMCO1",0.313692662684553,2.36453264083937e-05
"ENSG00000143224","PPOX",-0.0894031888979645,0.735173320228568
"ENSG00000143321","HDGF",-0.427726706191996,2.61963413851292e-08
"ENSG00000143368","SF3B4",0.31346433255798,0.00299835015687782
"ENSG00000143384","MCL1",-0.696679060727961,6.1944219731341e-14
"ENSG00000143390","RFX5",0.19339959578672,0.175314282114637
"ENSG00000143401","ANP32E",-0.503183394334457,5.50142082392568e-07
"ENSG00000143476","DTL",-0.403396506653541,0.000415573307090301
"ENSG00000143549","TPM3",-0.313083641357149,2.25413978193009e-05
"ENSG00000143590","EFNA3",0.529408501514751,0.00822474969620547
"ENSG00000143630","HCN3",0.707546481034664,0.0329987731625396
"ENSG00000143631","FLG",0.652664892427308,0.0176542094402078
"ENSG00000143643","TTC13",-0.443649230360464,0.0431399180358496
"ENSG00000143702","CEP170",-1.23374302344247,1.01074403558217e-16
"ENSG00000143740","SNAP47",0.542323239309764,6.32830662409031e-07
"ENSG00000143799","PARP1",-0.173404567970455,0.108540004857968
"ENSG00000143815","LBR",-0.838626565671776,4.00847919393224e-19
"ENSG00000143816","WNT9A",2.96302174218364,6.25337488348104e-07
"ENSG00000143850","PLEKHA6",0.387733562381054,0.191982511301317
"ENSG00000143951","WDPCP",-1.63530681485387,1.63202448224612e-11
"ENSG00000144021","CIAO1",-0.117478488622232,0.135624896142045
"ENSG00000144228","SPOPL",-0.410181092618494,4.21120098969618e-05
"ENSG00000144354","CDCA7",-1.59157926124244,1.75372220004497e-28
"ENSG00000144580","CNOT9",-0.455430325908903,5.98906600453763e-13
"ENSG00000144635","DYNC1LI1",0.0423810165383606,0.686976144388785
"ENSG00000144647","POMGNT2",0.279529151884465,0.0387269297044784
"ENSG00000144655","CSRNP1",0.781673401679335,4.03118763639754e-07
"ENSG00000144713","RPL32",0.0251249614111128,0.826817112008092
"ENSG00000144744","UBA3",-0.310488871682231,0.0224708452813699
"ENSG00000144824","PHLDB2",0.76990254693142,8.56182982556497e-17
"ENSG00000145041","DCAF1",-0.142177473689303,0.221811247153624
"ENSG00000145287","PLAC8",1.29515870597635,5.39206165341052e-06
"ENSG00000145386","CCNA2",-0.547836010565742,8.67685569799587e-06
"ENSG00000145425","RPS3A",-0.0385109985262126,0.880338786173427
"ENSG00000145730","PAM",-0.404801660403003,3.000328493041e-06
"ENSG00000145996","CDKAL1",-1.4966082562274,1.35814611034667e-30
"ENSG00000146006","LRRTM2",1.29447703697602,7.64991738136197e-07
"ENSG00000146007","ZMAT2",0.545186157161294,4.30086417551041e-16
"ENSG00000146047","H2BC1",-0.388111795429719,0.201318184010664
"ENSG00000146122","DAAM2",-0.702844033257079,0.0255701608364852
"ENSG00000146247","PHIP",0.117553919401276,0.221791426956801
"ENSG00000146263","MMS22L",-0.145306869880939,0.314438365706617
"ENSG00000146278","PNRC1",0.841024467554283,2.5928765808112e-05
"ENSG00000146282","RARS2",-0.183836673558204,0.058467085555472
"ENSG00000146386","ABRACL",-0.118833320056341,0.365991896963564
"ENSG00000146410","MTFR2",-0.108765832517245,0.531584614931292
"ENSG00000146416","AIG1",-0.856393899180028,2.93244079421538e-10
"ENSG00000146576","INTS15",0.067460589463499,0.671447751460124
"ENSG00000146670","CDCA5",0.35053073512701,0.00174877658980669
"ENSG00000146731","CCT6A",-0.16392386763759,0.000426138817919042
"ENSG00000146842","TMEM209",-0.102639823965255,0.596586897787268
"ENSG00000146909","NOM1",-0.194726371575606,0.0775714056789306
"ENSG00000147324","MFHAS1",-0.245761851100307,0.05788540876559
"ENSG00000147416","ATP6V1B2",0.203229513829925,0.0580800706938039
"ENSG00000147548","NSD3",-0.285100556464696,1.15798407983159e-05
"ENSG00000147573","TRIM55",1.83482677010155,0.000180256138716987
"ENSG00000147649","MTDH",-0.275509401151874,5.06023396271927e-08
"ENSG00000147677","EIF3H",-0.134303211968249,0.0749165727048941
"ENSG00000147684","NDUFB9",0.154688389845214,0.0472412073639316
"ENSG00000147813","NAPRT",0.0878243187564304,0.750334606655391
"ENSG00000147853","AK3",0.303684974023841,0.00158725180415956
"ENSG00000148154","UGCG",-0.68900524685726,2.61605040313369e-14
"ENSG00000148175","STOM",1.08187940320054,2.06073318984121e-06
"ENSG00000148300","REXO4",0.108440503825432,0.222597314618759
"ENSG00000148572","NRBF2",0.322100712412159,0.0013320297821916
"ENSG00000148773","MKI67",-0.462273351024735,0.00222891989729079
"ENSG00000148803","FUOM",0.0788452888692292,0.685593842994626
"ENSG00000148834","GSTO1",-0.319067394958472,0.00678498123533657
"ENSG00000148835","TAF5",-0.0123599064418709,0.956813844233344
"ENSG00000148848","ADAM12",-0.844365901751623,0.0111417311561727
"ENSG00000149084","HSD17B12",-0.38683322837404,2.4469700605622e-05
"ENSG00000149273","RPS3",-0.0628561738171667,0.625462903884122
"ENSG00000149294","NCAM1",-1.15715810969543,5.03223450962075e-17
"ENSG00000149308","NPAT",-0.150489515621519,0.0806247856958077
"ENSG00000149313","AASDHPPT",0.15473641392383,0.0394821681544915
"ENSG00000149474","KAT14",-0.252012709561967,0.0762091050186067
"ENSG00000149503","INCENP",0.0989080651773064,0.532410192930522
"ENSG00000149531",NA,0.0912476499724495,0.63188891280898
"ENSG00000149541","B3GAT3",0.994362463686519,1.28527246819329e-15
"ENSG00000149548","CCDC15",-0.422909126684505,0.000219092139455302
"ENSG00000149554","CHEK1",-0.324272907732202,0.000723077123599617
"ENSG00000149573","MPZL2",0.573971975493874,0.000992551032715795
"ENSG00000149577","SIDT2",1.27961417869198,9.64322317251185e-15
"ENSG00000149636","DSN1",0.118270755832705,0.458364442177722
"ENSG00000149743","TRPT1",0.318557564046266,0.00582357620682583
"ENSG00000149792","MRPL49",0.83286540242241,3.00519916392275e-15
"ENSG00000150347","ARID5B",0.966192768484958,1.16887025531788e-10
"ENSG00000150764","DIXDC1",-0.0485159720441709,0.824673055129542
"ENSG00000150779","TIMM8B",0.170087266615174,0.115535763938339
"ENSG00000150782","IL18",0.217851294556911,0.465905831762572
"ENSG00000150977","RILPL2",0.0838864971318041,0.59329381844184
"ENSG00000150990","DHX37",0.329202320658184,0.00583245353923188
"ENSG00000150991","UBC",0.224514732591025,0.00102590927315124
"ENSG00000151065","DCP1B",0.415888286715741,0.0056017722680807
"ENSG00000151148","UBE3B",-0.425834518556147,6.13485021540393e-07
"ENSG00000151445","VIPAS39",0.150297879630411,0.272303473194245
"ENSG00000151503","NCAPD3",-0.215491941494879,0.0195333814937916
"ENSG00000151657","KIN",0.11639567323125,0.329296504246888
"ENSG00000151689","INPP1",0.792388389612385,6.12442172838962e-13
"ENSG00000151693","ASAP2",-0.0798868928008316,0.549820107172149
"ENSG00000151729","SLC25A4",0.469422806976978,1.819653083289e-05
"ENSG00000151835","SACS",-0.309335098893186,0.0141214874971393
"ENSG00000151849","CPAP",-0.245595152046951,0.0747122946563122
"ENSG00000152102","FAM168B",0.0330050706284891,0.834296716209525
"ENSG00000152117",NA,-0.0164074508831601,0.946688005907528
"ENSG00000152193","OBI1",-0.237621740948103,0.013075825146213
"ENSG00000152217","SETBP1",-0.436227666257531,0.0057757251579729
"ENSG00000152219","ARL14EP",0.164525655883333,0.0930427149496566
"ENSG00000152234","ATP5F1A",-0.380729030283977,5.02239092235508e-07
"ENSG00000152256","PDK1",-0.291185576857258,0.0930935615597439
"ENSG00000152455","SUV39H2",-0.0212121115236983,0.917894047014063
"ENSG00000152484","USP12",-0.430515433940882,5.09520670719383e-06
"ENSG00000152952","PLOD2",-0.497926373194347,0.00144522235425124
"ENSG00000152990","ADGRA3",-0.0958191830740196,0.543666021135579
"ENSG00000153130","SCOC",-0.206128185225496,0.0733520581785523
"ENSG00000153162","BMP6",0.0504210078686068,0.875456576303095
"ENSG00000153294","ADGRF4",0.641040959608257,0.000478089194241558
"ENSG00000153363","LINC00467",0.24475597236995,0.171900176317887
"ENSG00000153406","NMRAL1",0.0102001532222291,0.967203006009788
"ENSG00000153560","UBP1",-0.407292830414061,1.09010011627772e-08
"ENSG00000153767","GTF2E1",0.169938258476679,0.201145317817128
"ENSG00000153774","CFDP1",-0.511800406334619,2.83824584829931e-06
"ENSG00000153922","CHD1",-0.220757192383939,0.0180832300345655
"ENSG00000154079","SDHAF4",0.247875203610412,0.232618970513465
"ENSG00000154429","CCSAP",0.166189400452345,0.228323560074435
"ENSG00000154473","BUB3",-0.276097055013192,1.11900305235261e-06
"ENSG00000154511","DIPK1A",0.33410856347895,0.0983607994588355
"ENSG00000154723","ATP5PF",-0.0261028130831005,0.854360864613868
"ENSG00000154727","GABPA",-0.029595280614488,0.878904007957647
"ENSG00000154839","SKA1",-0.214921802679248,0.0843648129898006
"ENSG00000154864","PIEZO2",-0.0383495501092862,0.920940637800124
"ENSG00000154874",NA,0.0769571310769242,0.824033624158263
"ENSG00000155097","ATP6V1C1",0.493689075044265,1.65483131277692e-07
"ENSG00000155287","SLC25A28",0.0624939093395764,0.743957049385625
"ENSG00000155463","OXA1L",0.138961959490756,0.130298787862566
"ENSG00000155506","LARP1",-0.423659546823673,1.1807744269611e-05
"ENSG00000155657","TTN",0.246722473008531,0.401963531185722
"ENSG00000155760","FZD7",-0.0888945531098619,0.734116594703688
"ENSG00000155827","RNF20",-0.025685726465953,0.839772621376725
"ENSG00000156017","CARNMT1",0.225929702741789,0.0223277690049573
"ENSG00000156171","DRAM2",-0.0123644376788818,0.967203006009788
"ENSG00000156253","RWDD2B",0.371849879194458,9.73699187972841e-06
"ENSG00000156273","BACH1",0.135244166914979,0.383474455273023
"ENSG00000156411","ATP5MJ",0.11942208722431,0.214521023702951
"ENSG00000156467","UQCRB",0.153295031558782,0.0942402719916448
"ENSG00000156587","UBE2L6",0.852752940919359,8.71373572229153e-08
"ENSG00000156711","MAPK13",0.724616781947536,0.0226622640255211
"ENSG00000156802","ATAD2",-0.598203614855812,2.58398375879873e-13
"ENSG00000156804","FBXO32",0.84190661487807,0.000624707468865308
"ENSG00000156858","PRR14",-0.0568003127357873,0.776430368174397
"ENSG00000156970","BUB1B",-0.391271058926701,0.00105335998926513
"ENSG00000156976","EIF4A2",0.197080619227739,0.133333366512541
"ENSG00000156983","BRPF1",0.219234881391618,0.082893553616851
"ENSG00000157191","NECAP2",-0.0911211079697023,0.561692739434112
"ENSG00000157212","PAXIP1",-0.560027084906926,5.24516817514529e-05
"ENSG00000157613","CREB3L1",0.0551046115410361,0.823315981717213
"ENSG00000157657","ZNF618",-0.125357983193962,0.38930905444375
"ENSG00000157734","SNX22",0.76540260052446,0.000211016892587376
"ENSG00000157778","PSMG3",-0.0624699666360572,0.685593842994626
"ENSG00000157978","LDLRAP1",0.164127718373502,0.261050490083025
"ENSG00000157985","AGAP1",-1.18575386809983,1.92748937861205e-21
"ENSG00000158161","EYA3",-0.403258368324507,1.93360234236363e-05
"ENSG00000158195","WASF2",0.0226910414737754,0.856577683196915
"ENSG00000158246","TENT5B",2.05079316527456,0.000132173659238071
"ENSG00000158402","CDC25C",-0.17499647503068,0.266305696164537
"ENSG00000158483","FAM86C1P",0.172746497635559,0.394905385777708
"ENSG00000158526","TSR2",0.113637325953767,0.257406154462477
"ENSG00000158545","ZC3H18",-0.0290954489157622,0.846215083825588
"ENSG00000158711","ELK4",-0.31348014601906,0.00750037673013364
"ENSG00000158828","PINK1",0.493489648084103,7.58828367091819e-08
"ENSG00000158966","CACHD1",-0.34649223075731,0.122274542616439
"ENSG00000159055","MIS18A",-0.260759356421153,0.0305194073629735
"ENSG00000159110","IFNAR2",0.181397296563031,0.193941517694005
"ENSG00000159224","GIP",0.643559198248016,0.0624642795593062
"ENSG00000159259","CHAF1B",-0.214113245755532,0.146351926430808
"ENSG00000159322","ADPGK",-0.266178611450901,0.0170017433897547
"ENSG00000159346","ADIPOR1",0.39488827462031,2.60363309029801e-05
"ENSG00000159459","UBR1",0.203749794522441,0.0468466266783957
"ENSG00000159692","CTBP1",-0.411570535798643,1.46766120504791e-08
"ENSG00000159720","ATP6V0D1",0.594282413040891,1.7227664849615e-09
"ENSG00000159788","RGS12",-0.1679764109177,0.314136624532153
"ENSG00000160050","CCDC28B",0.781156850151765,2.31569979303152e-06
"ENSG00000160218","TRAPPC10",0.384905762408398,0.00225611098149009
"ENSG00000160256","SLX9",0.314739888412128,0.00674474598960061
"ENSG00000160285","LSS",-0.820364084130411,1.1057771363227e-05
"ENSG00000160294","MCM3AP",-0.00340223194736357,0.991882820131122
"ENSG00000160299","PCNT",-0.229714231930121,0.116818400247756
"ENSG00000160410","SHKBP1",0.234850516247131,0.0291084684216809
"ENSG00000160471","COX6B2",1.44780187321776,0.00362877556929719
"ENSG00000160633","SAFB",-0.00735267617684624,0.981961230809104
"ENSG00000160917","CPSF4",-0.129265540678917,0.133559002468782
"ENSG00000161016","RPL8",-0.0738932367484629,0.453738627168721
"ENSG00000161542","PRPSAP1",0.232802831790843,0.00318597570735876
"ENSG00000161681","SHANK1",-0.0548824924147382,0.818012208591863
"ENSG00000161813","LARP4",0.207328313095742,0.00121316851137835
"ENSG00000161904","LEMD2",0.1051420969847,0.451078698058956
"ENSG00000162062","TEDC2",-0.203619308369407,0.198222069096573
"ENSG00000162063","CCNF",-0.59456360519234,1.22991219587833e-07
"ENSG00000162073","PAQR4",-0.790191608126944,3.84734871135133e-08
"ENSG00000162222","TTC9C",-0.324704406373143,0.019339987228124
"ENSG00000162368","CMPK1",-0.409589841961094,9.14929582950891e-10
"ENSG00000162385","MAGOH",-0.210957483144424,0.00859238690660957
"ENSG00000162441","LZIC",0.0675263028909953,0.529964296566049
"ENSG00000162490","DRAXIN",1.02944270380161,0.0140135477632892
"ENSG00000162511","LAPTM5",1.46683626404677,0.000146823125580714
"ENSG00000162604","TM2D1",-0.236944377964542,0.0235009752570077
"ENSG00000162613","FUBP1",-0.00496674540561115,0.981515058244673
"ENSG00000162642","C1orf52",-0.131067292082266,0.223339605573557
"ENSG00000162643","DNAI3",2.49379888147078,2.58450473492774e-07
"ENSG00000162664","ZNF326",0.205538863127309,0.039694660931957
"ENSG00000162694","EXTL2",-0.787246770272151,5.09287683335157e-11
"ENSG00000162723","SLAMF9",0.418155947668434,0.0974643919276202
"ENSG00000162729","IGSF8",0.427691869028179,0.00181173051670463
"ENSG00000162735","PEX19",0.341010001639124,0.00146310758938837
"ENSG00000162738","VANGL2",-0.322584849865178,0.245065763483387
"ENSG00000162772","ATF3",3.76741863769436,2.53773455758151e-59
"ENSG00000162836","ACP6",-0.258629329295029,0.120741608739797
"ENSG00000162923","WDR26",0.0827242644901957,0.526724537000518
"ENSG00000162946","DISC1",-0.254097987896951,0.348450319375116
"ENSG00000162961","DPY30",0.0442218086106254,0.80529323776208
"ENSG00000162971","TYW5",0.0355389597617151,0.861587545654707
"ENSG00000163002","NUP35",-0.324007721221923,0.0104812707748829
"ENSG00000163013","FBXO41",0.0985537630495124,0.66433820742312
"ENSG00000163069","SGCB",0.0914819074259562,0.500700300923624
"ENSG00000163207","IVL",0.640834953876045,0.0104017484551474
"ENSG00000163346","PBXIP1",1.06647495703953,1.06508885409198e-07
"ENSG00000163382","NAXE",0.11910372934258,0.443652505260593
"ENSG00000163393","SLC22A15",-0.173582601296785,0.527510410116361
"ENSG00000163428","LRRC58",-0.292449907825081,0.000305591952720962
"ENSG00000163453","IGFBP7",0.13147167234729,0.509192404280364
"ENSG00000163513","TGFBR2",-0.481904132896618,3.64968677068317e-06
"ENSG00000163517","HDAC11",1.27993021557583,2.51139205286392e-06
"ENSG00000163535","SGO2",-0.559291760390986,2.62300341210194e-07
"ENSG00000163541","SUCLG1",-0.147584481734456,0.220285407827778
"ENSG00000163602","RYBP",0.140852820111796,0.186349273127127
"ENSG00000163682","RPL9",-0.0687935845631304,0.688826183250748
"ENSG00000163683","SMIM14",0.203421393608407,0.346084748779401
"ENSG00000163689","CFAP20DC",0.601311104390876,0.00420640484200377
"ENSG00000163701","IL17RE",0.225921778880611,0.443712549766721
"ENSG00000163703","CRELD1",0.29348864082715,0.28724378982269
"ENSG00000163714","U2SURP",-0.158084670798468,0.0682521392554192
"ENSG00000163781","TOPBP1",-0.204428880290613,0.00579685245720085
"ENSG00000163794","UCN",0.0794682727488634,0.756756847873632
"ENSG00000163808","KIF15",-0.792344041009365,3.6641506102293e-08
"ENSG00000163918","RFC4",-0.32529444050819,0.00604292406738647
"ENSG00000163930","BAP1",0.257075379815166,0.0127682620683941
"ENSG00000163932","PRKCD",0.119834544138204,0.404837345982925
"ENSG00000163933","RFT1",-0.457003645174341,4.11067416469703e-07
"ENSG00000163935","SFMBT1",-0.45006879781557,0.000361608734018883
"ENSG00000163939","PBRM1",-0.346910160548758,7.47193658159686e-08
"ENSG00000163961","RNF168",0.229308896306998,0.00483493451532889
"ENSG00000163975","MELTF",-0.12633216879323,0.187853183912317
"ENSG00000164039","BDH2",0.589127825194961,0.00251399638746121
"ENSG00000164045","CDC25A",-0.429788628793447,0.00174200452259615
"ENSG00000164053","ATRIP",0.042734675092537,0.794034992679655
"ENSG00000164074","ABHD18",-0.170084655760101,0.362351938520626
"ENSG00000164091","WDR82",-0.115872042923431,0.128548946509697
"ENSG00000164096","ARLN",0.450675643455708,8.5832934898076e-07
"ENSG00000164151","ICE1",-0.130460329695095,0.15426963168449
"ENSG00000164182","NDUFAF2",-0.75627158586353,1.50333828690497e-12
"ENSG00000164209","SLC25A46",-0.0391614686916859,0.814800061141491
"ENSG00000164258","NDUFS4",-0.477775242308172,6.14662203648672e-06
"ENSG00000164292","RHOBTB3",0.0262283099368617,0.870854297541989
"ENSG00000164331","ANKRA2",1.04510708174568,3.11384515276065e-14
"ENSG00000164332","UBLCP1",0.102495189484568,0.370741983094548
"ENSG00000164403","SHROOM1",0.406632875420048,0.00012755855056591
"ENSG00000164442","CITED2",1.27708874777194,1.47981235985642e-24
"ENSG00000164576","SAP30L",0.138653062496969,0.299775207994154
"ENSG00000164597","COG5",-1.0351042568906,4.73573900955232e-12
"ENSG00000164603","SAMTOR",-0.385084499758263,0.0283870544765235
"ENSG00000164604","GPR85",0.141272983682326,0.593160938029166
"ENSG00000164610","RP9",-0.207355386829374,0.0313632316784267
"ENSG00000164674","SYTL3",-0.00599533604506542,0.994614131852379
"ENSG00000164687","FABP5",-0.0793108354256567,0.656604621738422
"ENSG00000164751","PEX2",-0.169815000004673,0.38405289626623
"ENSG00000164754","RAD21",-0.40195925131904,2.06261648806379e-07
"ENSG00000164818","DNAAF5",-0.289942159795026,3.67622185619144e-05
"ENSG00000164850","GPER1",1.7224399071561,2.48375919993234e-08
"ENSG00000164902","PHAX",0.0807339983234359,0.318690946553985
"ENSG00000164919","COX6C",0.203729558693878,0.0596353023316603
"ENSG00000164934","DCAF13",-0.0434014950527429,0.756423488571627
"ENSG00000164951","PDP1",-0.285913046378284,0.0468110836482784
"ENSG00000164978","NUDT2",-0.015479207001952,0.952423848523355
"ENSG00000164989","CCDC171",-0.680423454742846,0.00825321239560216
"ENSG00000165119","HNRNPK",-0.416104259602075,1.69140813084267e-14
"ENSG00000165138","ANKS6",-0.085602219021529,0.419966290869757
"ENSG00000165152","PGAP4",0.497446197711851,0.0184696520651278
"ENSG00000165185","KIAA1958",-0.250054100278086,0.187617705750925
"ENSG00000165244","ZNF367",-1.05636053149151,4.55726436490869e-15
"ENSG00000165264","NDUFB6",-0.183247748228921,0.19264146178108
"ENSG00000165288","BRWD3",0.104422463181553,0.553676816642791
"ENSG00000165304","MELK",-0.449231721174068,7.61300629683431e-05
"ENSG00000165392","WRN",-0.521902043736465,7.81695251095025e-05
"ENSG00000165449","SLC16A9",-0.0899367240321175,0.758275682589056
"ENSG00000165474","GJB2",-0.745246536853332,0.0188323805923321
"ENSG00000165475","CRYL1",-0.652039802520066,0.00137645843216224
"ENSG00000165480","SKA3",-0.00502024842258047,0.990630330126466
"ENSG00000165527","ARF6",-0.663751140513841,2.04383289691129e-19
"ENSG00000165629","ATP5F1C",-0.538488964599651,9.91808739491989e-09
"ENSG00000165650","PDZD8",-0.249298615874382,0.0157526915159207
"ENSG00000165671","NSD1",0.0478763303273908,0.77496004610145
"ENSG00000165678","GHITM",0.181623172824107,0.0258196523741204
"ENSG00000165688","PMPCA",-0.00458926752745648,0.987914862365871
"ENSG00000165724","ZMYND19",-0.0326865823957119,0.845770135288537
"ENSG00000165733","BMS1",-0.0472873453971436,0.641630097333416
"ENSG00000165813","CCDC186",0.371980329730893,0.000337450229667167
"ENSG00000165916","PSMC3",-0.0362259825131337,0.693702879597842
"ENSG00000165997","ARL5B",-0.308078852897185,0.0142987127119935
"ENSG00000166145","SPINT1",-0.0556312870457027,0.866820240686936
"ENSG00000166260","COX11",0.344305888711896,0.00219941186765553
"ENSG00000166262","FAM227B",0.14400072627825,0.546808619886915
"ENSG00000166275","BORCS7",0.314745105654365,0.00168048925115622
"ENSG00000166311","SMPD1",0.986392675345002,2.33411025070715e-20
"ENSG00000166321","NUDT13",0.00931890985371312,0.989980300823843
"ENSG00000166333","ILK",0.0414573651363862,0.786864142515863
"ENSG00000166377","ATP9B",-0.423834361907656,0.0108308652588886
"ENSG00000166396","SERPINB7",0.0103499275688723,0.984726219045478
"ENSG00000166439","RNF169",0.0179955768442152,0.922888924569902
"ENSG00000166441","RPL27A",0.114525269032898,0.317059403579875
"ENSG00000166451","CENPN",0.000457301155232635,0.999769847841042
"ENSG00000166479","TMX3",-0.850354331601811,2.90356463294867e-21
"ENSG00000166483","WEE1",-0.373369875554016,0.00363917025734845
"ENSG00000166557","TMED3",0.565098290658299,1.49599778341946e-17
"ENSG00000166575","TMEM135",-0.827609919368774,5.12891050115306e-05
"ENSG00000166619","BLCAP",0.835598089333897,3.96375833458581e-15
"ENSG00000166689","PLEKHA7",0.657194766985383,0.0429445921925046
"ENSG00000166710","B2M",0.646146580746049,7.39756259441237e-13
"ENSG00000166788","SAAL1",0.116644225816996,0.260520271081187
"ENSG00000166794","PPIB",0.209616104869627,0.0874531051095329
"ENSG00000166797","CIAO2A",0.220850998425487,0.0415294599052345
"ENSG00000166845","C18orf54",-0.284372991156997,0.0353517783319732
"ENSG00000166847","DCTN5",0.219628460648411,0.00224095070441382
"ENSG00000166851","PLK1",-0.603224252565306,3.2863577643901e-06
"ENSG00000166900","STX3",-0.162806339521231,0.219126602674656
"ENSG00000166913","YWHAB",-0.170293079576645,0.00271933128176577
"ENSG00000166946","CCNDBP1",0.472223006128146,0.000261893898932803
"ENSG00000167077","MEI1",-0.288799628802963,0.291633063307162
"ENSG00000167130","DOLPP1",-0.0318466168918714,0.862949096741913
"ENSG00000167232","ZNF91",-0.588774823411593,0.023666868878316
"ENSG00000167325","RRM1",-0.278007642882123,0.00597895452057568
"ENSG00000167355","OR51B5",-0.680688486362668,0.000360841341224218
"ENSG00000167371","PRRT2",0.429748760471098,0.0971935090475844
"ENSG00000167380","ZNF226",0.214863867003474,0.249265532889028
"ENSG00000167393","PPP2R3B",-0.324211553010811,0.0803019696768753
"ENSG00000167513","CDT1",0.166771121514758,0.143622917755991
"ENSG00000167524","RSKR",-0.294710775846293,0.166127863641673
"ENSG00000167549","CORO6",0.860954648682148,0.0248143614757983
"ENSG00000167566","NCKAP5L",0.519711652572012,0.000131469671192944
"ENSG00000167578","RAB4B",1.07855971233359,0.00868145702001189
"ENSG00000167637","ZNF283",0.320344708335377,0.053984829667939
"ENSG00000167644","C19orf33",-0.524622126619459,0.0194615808859926
"ENSG00000167646","DNAAF3",0.558098320365515,0.0239984278211842
"ENSG00000167670","CHAF1A",-0.132137495019406,0.316379680166274
"ENSG00000167676","PLIN4",2.29250588927264,0.000245218354071833
"ENSG00000167680","SEMA6B",-0.191446254322467,0.36434072852803
"ENSG00000167693","NXN",0.816900159101884,1.21730679468537e-06
"ENSG00000167770","OTUB1",0.254754365172678,0.00120506372629186
"ENSG00000167815","PRDX2",0.63364055672373,2.43547582012639e-08
"ENSG00000167863","ATP5PD",0.231604010884859,0.00797491013528461
"ENSG00000168028","RPSA",0.014141647976899,0.953588188758291
"ENSG00000168036","CTNNB1",0.0296489485428339,0.730512801838212
"ENSG00000168040","FADD",-0.577293370088821,1.1601596705896e-10
"ENSG00000168101","NUDT16L1",0.217381546564398,0.0728394662843566
"ENSG00000168140","VASN",2.16151283588619,1.98881603006782e-24
"ENSG00000168152","THAP9",0.141558974839797,0.629245568079288
"ENSG00000168175","MAPK1IP1L",-0.191001977416643,0.0263823654834307
"ENSG00000168216","LMBRD1",-0.0391110466448866,0.848432503191991
"ENSG00000168264","IRF2BP2",-0.268080568082689,0.00227161010238853
"ENSG00000168288","MMADHC",0.179840544866424,0.0173218402047953
"ENSG00000168300","PCMTD1",0.406134412382415,0.00475016962544076
"ENSG00000168374","ARF4",-0.0279324110152271,0.880414748840385
"ENSG00000168394","TAP1",1.9048400720138,2.11132789840346e-41
"ENSG00000168398","BDKRB2",0.499169690768181,0.10236955440106
"ENSG00000168411","RFWD3",-0.0633333829588359,0.61486581372128
"ENSG00000168496","FEN1",-0.160232160235489,0.196248135906718
"ENSG00000168522","FNTA",0.0832707276882319,0.458652833499795
"ENSG00000168591","TMUB2",0.340010752421562,0.000277797848485136
"ENSG00000168653","NDUFS5",0.396681176763791,1.63772462436818e-05
"ENSG00000168685","IL7R",0.483061020094592,0.0131250189523118
"ENSG00000169045","HNRNPH1",-0.566429702479749,2.61964742537694e-22
"ENSG00000169059","VCX3A",-0.0566191214412731,0.863206391825361
"ENSG00000169087","HSPBAP1",-0.219194237432968,0.146351926430808
"ENSG00000169188","APEX2",0.0326715645465781,0.849473800558337
"ENSG00000169241","SLC50A1",0.185621339409284,0.20353125540057
"ENSG00000169242","EFNA1",0.242005895083719,0.351915902374071
"ENSG00000169251","NMD3",0.155265333963938,0.0570841118169874
"ENSG00000169306","IL1RAPL1",-0.563589876538773,0.0363594506067066
"ENSG00000169375","SIN3A",-0.262220782452686,0.00487031249226182
"ENSG00000169583","CLIC3",0.553268532616162,0.0226026699477397
"ENSG00000169607","CKAP2L",-0.423604506683952,0.000165899729353273
"ENSG00000169762","TAPT1",0.104080817316427,0.471954256633522
"ENSG00000169764","UGP2",0.720517798785164,6.96799441503960e-09
"ENSG00000169902","TPST1",-0.340846233667454,0.00130207601728844
"ENSG00000169925","BRD3",-0.0463724153865187,0.695701892506675
"ENSG00000169926","KLF13",0.590193628263858,0.00198707574410556
"ENSG00000169976","SF3B5",0.314521682358996,1.44244959082694e-05
"ENSG00000170037","CNTROB",-0.0727570595943101,0.673244155206801
"ENSG00000170144","HNRNPA3",-0.552647369682306,2.47051125776261e-12
"ENSG00000170175","CHRNB1",0.555026589421117,0.00545050954198849
"ENSG00000170222","ADPRM",0.349955128351302,0.0726674561138739
"ENSG00000170234","PWWP2A",-0.46304134944039,1.21538079956931e-08
"ENSG00000170242","USP47",-0.0315543570438802,0.828939180154698
"ENSG00000170271","FAXDC2",2.15105156395332,4.73269713115829e-06
"ENSG00000170275","CRTAP",0.0279495743393082,0.828420591794928
"ENSG00000170310","STX8",-1.29958593769647,5.68158468676008e-18
"ENSG00000170445","HARS1",0.286480755877557,2.92160066766753e-05
"ENSG00000170515","PA2G4",-0.167583703689123,0.00560149148871439
"ENSG00000170545","SMAGP",-0.317990909450774,0.00019476859890319
"ENSG00000170549","IRX1",0.621788064597584,0.000949028189924183
"ENSG00000170581","STAT2",0.582925612187185,4.71832699896667e-05
"ENSG00000170759","KIF5B",-0.064706985132191,0.493210302923334
"ENSG00000170852","KBTBD2",-0.22761261779533,0.0191737257826198
"ENSG00000170906","NDUFA3",0.0753193374707101,0.602375318737138
"ENSG00000171159","BBLN",0.352065465409112,0.0214275221584115
"ENSG00000171169","NAIF1",-0.405020181672821,0.00216475935461835
"ENSG00000171236","LRG1",0.479359081320706,0.120767091704707
"ENSG00000171262","FAM98B",0.155008427349879,0.136046413879749
"ENSG00000171295","ZNF440",0.597229992416034,0.00159937695925715
"ENSG00000171469","ZNF561",1.06299047089297,6.59432092912742e-20
"ENSG00000171488","LRRC8C",-0.388562849883294,0.00346071484018022
"ENSG00000171606","ZNF274",0.221215104584393,0.14143903537498
"ENSG00000171792","RHNO1",0.159671756670966,0.189917661387113
"ENSG00000171813","PWWP2B",1.41413344787634,4.17179252003615e-09
"ENSG00000171824","EXOSC10",0.00165078708617972,0.998909565888548
"ENSG00000171827","ZNF570",-0.247888972195885,0.405896167119533
"ENSG00000171843","MLLT3",-0.236644233703561,0.0612310390481869
"ENSG00000171848","RRM2",-0.810973183960075,3.80013511145889e-11
"ENSG00000172009","THOP1",0.0254620333619296,0.864644245643076
"ENSG00000172086","KRCC1",-0.517403875110041,0.00094958408783688
"ENSG00000172113","NME6",0.297873505581758,0.0023444655479038
"ENSG00000172123","SLFN12",0.429379095987557,0.00767415295662496
"ENSG00000172197","MBOAT1",-0.519302074398511,0.0130533845377795
"ENSG00000172336","POP7",0.261370334721762,0.00360615316563169
"ENSG00000172366","MCRIP2",0.328979154281525,0.0169247722875665
"ENSG00000172428","COPS9",0.558700850049528,2.09781008263267e-14
"ENSG00000172465","TCEAL1",0.3059431924849,0.047724264556512
"ENSG00000172663","TMEM134",0.800217757163457,1.09676438771025e-08
"ENSG00000172757","CFL1",0.0405482690771903,0.647612543498754
"ENSG00000172766","NAA16",-0.195234493456153,0.117725639187879
"ENSG00000172775","PSME3IP1",-0.206399892214683,0.00173244161657795
"ENSG00000172809","RPL38",0.0097737016435155,0.951317943596403
"ENSG00000172830","SSH3",0.568456130826732,0.00558151665488076
"ENSG00000172936","MYD88",0.786922524555407,0.0354339157852444
"ENSG00000173085","COQ2",-0.650614632964009,7.79907839448398e-10
"ENSG00000173163","COMMD1",-0.920544462096564,1.08694758122963e-16
"ENSG00000173218","VANGL1",-0.209165904224172,0.0377032368863459
"ENSG00000173221","GLRX",0.194567237788059,0.262613419588737
"ENSG00000173264","GPR137",0.626456881679759,3.31537700337986e-09
"ENSG00000173276","ZBTB21",0.21264205261496,0.167646657354145
"ENSG00000173327","MAP3K11",0.404654513026407,0.000124225990008487
"ENSG00000173418","NAA20",-0.141097414015136,0.235894597659899
"ENSG00000173432","SAA1",0.097477509944115,0.768483484358112
"ENSG00000173451","THAP2",0.211351931421215,0.402424468513332
"ENSG00000173456","RNF26",-0.176182192691469,0.0526186766600502
"ENSG00000173530","TNFRSF10D",0.825688165618364,0.0307624131114265
"ENSG00000173548","SNX33",0.457708420644275,0.000180350550918262
"ENSG00000173581","CCDC106",0.561812705713692,0.00065932153134403
"ENSG00000173638","SLC19A1",-0.304140674206312,0.0136643568296447
"ENSG00000173660","UQCRH",0.070480220369745,0.494846758524089
"ENSG00000173692","PSMD1",-0.237354847251008,1.9284553136342e-06
"ENSG00000173852","DPY19L1",-0.318724537447435,0.00221717130155351
"ENSG00000173915","ATP5MK",-0.0736945895076531,0.473681618962789
"ENSG00000173992","CCS",1.04922462255962,7.98461160209502e-13
"ENSG00000174013","FBXO45",-0.283039693961053,0.000205638539054621
"ENSG00000174106","LEMD3",-0.102623787928896,0.424123795425815
"ENSG00000174243","DDX23",0.203420422690315,0.0181817772869921
"ENSG00000174373","RALGAPA1",0.0472637114617179,0.809963745811516
"ENSG00000174514","MFSD4A",0.729527760298335,0.0336051035754787
"ENSG00000174695","TMEM167A",0.0708225273287627,0.477619528355168
"ENSG00000174738","NR1D2",-0.832812249852643,1.6299279832436e-19
"ENSG00000174744","BRMS1",0.378823030666088,0.000729186386760959
"ENSG00000174780","SRP72",-0.264643168462007,5.75697017625104e-07
"ENSG00000174837","ADGRE1",0.499925845466966,0.109868817488819
"ENSG00000174839","DENND6A",-0.721954077355122,3.32839935498934e-05
"ENSG00000174851","YIF1A",0.40894050864236,1.01504452779209e-05
"ENSG00000174886","NDUFA11",0.152807966268722,0.167701982777245
"ENSG00000174939","ASPHD1",1.33355801413794,2.20526686785149e-11
"ENSG00000175048","ZDHHC14",-1.47711321133891,2.96597402954411e-28
"ENSG00000175061","SNHG29",-0.00515796308912582,0.990302299416616
"ENSG00000175063","UBE2C",-0.633916786090613,2.48950691330092e-07
"ENSG00000175130","MARCKSL1",0.694669337764874,3.51117153490942e-09
"ENSG00000175137","SH3BP5L",0.0836404296203717,0.659181340904066
"ENSG00000175155","YPEL2",0.319045521164937,0.200910872151644
"ENSG00000175182","FAM131A",0.0322696450670806,0.862736851720308
"ENSG00000175264","CHST1",0.21870169094638,0.365514430428064
"ENSG00000175467","SART1",-0.0682446196545823,0.602889737790702
"ENSG00000175573","C11orf68",0.121833983217806,0.418481663022113
"ENSG00000175643","RMI2",-0.401887477828859,0.00634366169629726
"ENSG00000175826","CTDNEP1",0.0434544650511986,0.61729094478391
"ENSG00000176058","TPRN",0.812677989284719,8.83392964003348e-14
"ENSG00000176101","SSNA1",-0.0477659543848404,0.746280590679338
"ENSG00000176208","ATAD5",-0.252220973030163,0.0491569151805818
"ENSG00000176261","ZBTB8OS",-0.233323314203971,0.0190199309329115
"ENSG00000176406","RIMS2",0.151849872485784,0.534191025787631
"ENSG00000176422","SPRYD4",0.411738608842739,5.13295167645305e-05
"ENSG00000176454","LPCAT4",-0.417823999831738,0.103034288760312
"ENSG00000176619","LMNB2",-0.627043492003239,2.45490795395934e-11
"ENSG00000176659",NA,-0.0651097273445228,0.853799873778677
"ENSG00000176731","RBIS",0.0578275510994966,0.641299224385853
"ENSG00000176903","PNMA1",0.228152548575797,0.0415833221615056
"ENSG00000176973","FAM89B",0.533575409148303,2.79778828549283e-08
"ENSG00000177000","MTHFR",0.656675872493464,0.000200090325221858
"ENSG00000177058","SLC38A9",0.446097511112048,0.0102027138950303
"ENSG00000177084","POLE",-0.324116999170652,0.0110829192505913
"ENSG00000177189","RPS6KA3",-0.584218707294275,4.46197917505293e-08
"ENSG00000177192","PUS1",-0.554258096125349,3.02113276914426e-06
"ENSG00000177302","TOP3A",-0.0899171813237902,0.461602146960186
"ENSG00000177494","ZBED2",0.471562765513818,0.131297774465643
"ENSG00000177548","RABEP2",0.0314960358216949,0.895539766895234
"ENSG00000177565","TBL1XR1",-0.351569703171364,1.18577953514376e-09
"ENSG00000177602","HASPIN",0.387506028415476,0.0363522245979948
"ENSG00000177830","CHID1",0.0907979086645728,0.579697652032401
"ENSG00000177873","ZNF619",0.121286248163705,0.522933321161464
"ENSG00000178053","MLF1",0.646485747309714,4.21421416914009e-10
"ENSG00000178127","NDUFV2",0.254749433687633,0.225503017186947
"ENSG00000178172","SPINK6",0.953781273278347,0.0148863109578088
"ENSG00000178401","DNAJC22",0.563863025367293,0.00123426764047498
"ENSG00000178449","COX14",0.181742260802827,0.15867382707201
"ENSG00000178531","CTXN1",-0.372201382727006,0.0250708972986059
"ENSG00000178537","SLC25A20",0.88118510857532,6.30697024357203e-06
"ENSG00000178691","SUZ12",-0.254223551873786,1.61700217627989e-05
"ENSG00000178802","MPI",0.0737745605588497,0.669881952558699
"ENSG00000178982","EIF3K",-0.23986232316211,0.0171705868565862
"ENSG00000179051","RCC2",-0.284811701934841,0.000914890255664509
"ENSG00000179091","CYC1",-0.31106426698206,0.00539615915706272
"ENSG00000179111","HES7",0.108372021112791,0.69189020193068
"ENSG00000179222","MAGED1",0.279966113181701,0.010742349356929
"ENSG00000179262","RAD23A",-0.299579615905776,0.00393971122794811
"ENSG00000179295","PTPN11",-0.18320845952774,0.113380374177253
"ENSG00000179409","GEMIN4",-0.00771251678666348,0.977474889873881
"ENSG00000179604","CDC42EP4",-0.00718015431438972,0.981742151645757
"ENSG00000179886","TIGD5",-0.407246206736036,0.00397261893454184
"ENSG00000179912","R3HDM2",-1.02447405393793,6.22228496583293e-12
"ENSG00000179933","C14orf119",0.201528183599885,0.0731673797885128
"ENSG00000179941","BBS10",0.612638446664148,0.0012729807943988
"ENSG00000179950","PUF60",-0.155984520683109,0.0519162195317443
"ENSG00000179981","TSHZ1",-0.315362956984219,0.0133616110629033
"ENSG00000180198","RCC1",-0.450627681579492,7.35915799274832e-06
"ENSG00000180228","PRKRA",-0.287704211377565,0.00899343058262469
"ENSG00000180332","KCTD4",-0.262856025969961,0.378122566531309
"ENSG00000180448","ARHGAP45",0.729330643684484,0.00746218672239142
"ENSG00000180573","H2AC6",-0.146135837096447,0.552175504621048
"ENSG00000180806","HOXC9",0.649526695513914,2.22873218807988e-21
"ENSG00000180964","TCEAL8",-0.0917830247857571,0.461015633705651
"ENSG00000181004","BBS12",0.212117132689394,0.375074061923653
"ENSG00000181061","HIGD1A",-0.372311445952283,0.00227053353314842
"ENSG00000181192","DHTKD1",-0.21462125645475,0.227114915991536
"ENSG00000181396","OGFOD3",-0.0903720673261419,0.361789173536227
"ENSG00000181467","RAP2B",-0.456570920216498,4.43256135617572e-07
"ENSG00000181472","ZBTB2",-0.258896423189884,0.0753870007904434
"ENSG00000181588","MEX3D",-0.458557140569528,0.000422960278988801
"ENSG00000181751","MACIR",-0.588612367684695,1.63968804578291e-05
"ENSG00000181788","SIAH2",-0.397599120830875,0.00101043400220791
"ENSG00000181826","RELL1",-0.0903109030766468,0.573762231345589
"ENSG00000181852","RNF41",0.215219524050733,0.111528961549207
"ENSG00000181904","C5orf24",-0.116259691782115,0.241552188214435
"ENSG00000181938","GINS3",0.0264544940368012,0.900608371209524
"ENSG00000182185","RAD51B",-0.730135294650621,0.0116242062934533
"ENSG00000182372","CLN8",0.570270645347862,7.36750818849395e-07
"ENSG00000182400","TRAPPC6B",0.351009768197379,0.0034178777215744
"ENSG00000182405","PGBD4",0.0445175838184449,0.844656933337993
"ENSG00000182481","KPNA2",-0.213652308151032,0.0504084942060096
"ENSG00000182544","MFSD5",0.461328900740791,6.1094804071218e-09
"ENSG00000182742","HOXB4",-0.19003450470592,0.187443299983146
"ENSG00000182899","RPL35A",-0.0447026277490995,0.771875933514707
"ENSG00000182919","C11orf54",-0.263861856369145,0.180050791909818
"ENSG00000182923","CEP63",-0.770091134276908,7.26387128476675e-10
"ENSG00000182952","HMGN4",-0.209957994102978,0.0564471031817102
"ENSG00000183077","AFMID",0.465071721965892,0.000126264416750951
"ENSG00000183251","OR51B4",-0.0299909139759826,0.934121975941929
"ENSG00000183291","SELENOF",-0.205028636827321,0.106554913118365
"ENSG00000183495","EP400",-0.214568670240086,0.0746643968474398
"ENSG00000183648","NDUFB1",0.108815230988052,0.433402711712501
"ENSG00000183955","KMT5A",-0.230957964189484,0.00663182668574386
"ENSG00000184076","UQCR10",0.288263936004153,0.000251839414716088
"ENSG00000184209","SNRNP35",0.00552304722649136,0.981961230809104
"ENSG00000184292","TACSTD2",-0.0118397056845586,0.983772392970263
"ENSG00000184465","WDR27",0.264149526821445,0.0998634371582414
"ENSG00000184517","ZFP1",-0.138054784536388,0.497005829965911
"ENSG00000184661","CDCA2",-0.187537976785919,0.0802981114458431
"ENSG00000184678","H2BC21",0.781962769826972,0.000410832485963122
"ENSG00000184863","RBM33",0.108245637921787,0.229588950008387
"ENSG00000184887","BTBD6",0.314641678237722,0.0321520663209999
"ENSG00000184967","NOC4L",-0.0883662883828612,0.571611155077834
"ENSG00000185024","BRF1",0.249231333988339,0.0918150559318195
"ENSG00000185219","ZNF445",0.30325663753613,0.0131147146665745
"ENSG00000185222","TCEAL9",-0.0882886639821291,0.405896167119533
"ENSG00000185298","CCDC137",-0.0374322433096042,0.770787159602914
"ENSG00000185347","TEDC1",0.0398741959779442,0.86124361712904
"ENSG00000185561","TLCD2",1.13915285981833,3.52695895982385e-09
"ENSG00000185624","P4HB",0.053428120551712,0.588800632296852
"ENSG00000185634","SHC4",1.37214084821275,6.8558782255139e-07
"ENSG00000185669","SNAI3",0.611356678624732,0.0709911814479725
"ENSG00000185761","ADAMTSL5",0.78627842723908,2.07975838064115e-05
"ENSG00000185860","CCDC190",0.683716489926061,0.0036707938080496
"ENSG00000185900","POMK",0.219481378158816,0.0147528732548356
"ENSG00000185904","LINC00839",0.46392720009599,8.80308294532433e-05
"ENSG00000186020","ZNF529",0.428880491268319,0.0263823654834307
"ENSG00000186026","ZNF284",0.251577481942127,0.172164279187345
"ENSG00000186081","KRT5",-0.526431106095848,0.0956089000769178
"ENSG00000186106","ANKRD46",0.178979710209281,0.348606679288805
"ENSG00000186115","CYP4F2",1.93840306024875,0.000186478997182909
"ENSG00000186130","ZBTB6",-0.0168269652332718,0.948633103951721
"ENSG00000186184","POLR1D",0.0267837864296009,0.816585319958609
"ENSG00000186185","KIF18B",-0.727024216596448,1.42910247092385e-06
"ENSG00000186193","SAPCD2",-0.749185970658455,2.34900984918982e-06
"ENSG00000186283","TOR3A",0.073387829459767,0.700718725322741
"ENSG00000186376","ZNF75D",-0.102758924078426,0.744768207508451
"ENSG00000186660","ZFP91",-0.0914193768492459,0.373506888733113
"ENSG00000186767","SPIN4",-0.196078709175196,0.0806856380199213
"ENSG00000186866","POFUT2",0.440655376766036,0.000701727689112681
"ENSG00000186871","ERCC6L",-0.228787033676334,0.0969757755764522
"ENSG00000186951","PPARA",-0.0472192972591196,0.866130632632632
"ENSG00000187068","C3orf70",-0.00814148738458939,0.993190614729084
"ENSG00000187109","NAP1L1",-0.382872260997128,1.58889605289098e-15
"ENSG00000187514","PTMA",-0.514616494652653,3.09920313481167e-10
"ENSG00000187555","USP7",-0.193429911103282,0.0170931077759955
"ENSG00000187608","ISG15",1.95258535697614,1.01626569209588e-29
"ENSG00000187621","LOC124903372",0.260499928525074,0.349411052014531
"ENSG00000187742","SECISBP2",-0.51843990841344,1.52199774622739e-07
"ENSG00000187778","MCRS1",-0.122904367881686,0.229653929409744
"ENSG00000187867","PALM3",0.00507705795077801,0.997894925189652
"ENSG00000188177","ZC3H6",0.164938749276492,0.489133905566697
"ENSG00000188229","TUBB4B",-0.178116413135169,0.115438309680264
"ENSG00000188283","ZNF383",0.348405867846468,0.102855598705783
"ENSG00000188313","PLSCR1",-0.179283335996528,0.132123388268535
"ENSG00000188321","ZNF559",0.512268311242191,0.0350750651818306
"ENSG00000188419","CHM",-0.275601585199393,0.015010641940423
"ENSG00000188511","MIR3667HG",-0.0515299717315256,0.761165270992429
"ENSG00000188624","IGFL3",0.10409760955708,0.748615056161431
"ENSG00000188681",NA,-0.0412590287784991,0.794998100240228
"ENSG00000188735","TMEM120B",-0.289044000907975,0.0358955911070597
"ENSG00000188760","TMEM198",-0.176714629654793,0.539969911461283
"ENSG00000188807","TMEM201",0.00925525540382349,0.977110906446549
"ENSG00000188825","LINC00910",2.25952145840931,1.27485130009007e-16
"ENSG00000188994","ZNF292",-0.170327466112652,0.0812797483376637
"ENSG00000188997","KCTD21",0.177058245426934,0.447252797061548
"ENSG00000189057","FAM111B",-1.40513147616536,3.09975555597683e-22
"ENSG00000189067","LITAF",0.466931023201219,4.02082855679058e-09
"ENSG00000189079","ARID2",-0.0954255121140922,0.399915878829394
"ENSG00000189223","PAX8-AS1",-1.5848684189957,2.29009623155462e-07
"ENSG00000189252","SPANXN3",1.07982224254022,0.00357512394948506
"ENSG00000189308","LIN54",-0.0724171206939284,0.699107137101639
"ENSG00000189334","S100A14",1.36442514800602,0.000941239820917389
"ENSG00000189403","HMGB1",-0.309039003413979,0.00889733372319469
"ENSG00000196110","ZNF699",1.32228760932936,5.69645794452043e-06
"ENSG00000196154","S100A4",-0.649751635275514,0.0130390253063191
"ENSG00000196220","SRGAP3",0.317329280554376,0.284711800195449
"ENSG00000196230","TUBB",-0.564465819075752,2.16898994260766e-15
"ENSG00000196363","WDR5",-0.169441386855528,0.0428569063557137
"ENSG00000196365","LONP1",-1.05080482503242,1.70583828430646e-16
"ENSG00000196422","PPP1R26",-0.327075377087014,0.0232616782540814
"ENSG00000196437","ZNF569",0.128771390713693,0.633838569309093
"ENSG00000196459","TRAPPC2",-0.210406638098739,0.221299672353902
"ENSG00000196465","MYL6B",-0.152224839630806,0.160831746656793
"ENSG00000196504","PRPF40A",-0.0304110748879246,0.732590528385272
"ENSG00000196584","XRCC2",-0.307384157863448,0.0164298407177063
"ENSG00000196591","HDAC2",-0.0547682015770586,0.467959551726433
"ENSG00000196611","MMP1",0.352841639088655,0.197479666546561
"ENSG00000196639","HRH1",0.255320654597331,0.0154075454869065
"ENSG00000196642","RABL6",-0.368177674560923,2.73288947308809e-06
"ENSG00000196652","ZKSCAN5",0.644378234837025,1.91221117388016e-11
"ENSG00000196689","TRPV1",1.20420494285616,0.000840234476905442
"ENSG00000196704","AMZ2",0.37083102992518,0.000355327886944833
"ENSG00000196734","LCE1B",6.09930079589901,1.02979872236332e-18
"ENSG00000196782","MAML3",-1.0646475295534,2.85290407387513e-15
"ENSG00000196865","NHLRC2",-0.69654729553821,3.55108648370517e-11
"ENSG00000196967","ZNF585A",0.431543543905118,0.0535063623070572
"ENSG00000197016","ZNF470",0.493868361741215,0.113181028231904
"ENSG00000197050","ZNF420",0.256051112156266,0.189364776695874
"ENSG00000197061","H4C3",-1.20922660936909,9.13748692139888e-11
"ENSG00000197084","LCE1C",7.31752018563117,3.65803531414708e-24
"ENSG00000197111","PCBP2",-0.311466823552744,5.74193383824002e-07
"ENSG00000197170","PSMD12",-0.13409413408566,0.103105916655329
"ENSG00000197299","BLM",-0.193362858352075,0.100028821440417
"ENSG00000197444","OGDHL",-0.291238330289981,0.329145322408378
"ENSG00000197506","SLC28A3",-0.596652323699776,0.0704282122310912
"ENSG00000197579","TOPORS",0.117446630254032,0.157584518334136
"ENSG00000197694","SPTAN1",0.429748280529387,0.000123214591314953
"ENSG00000197713","RPE",-0.282126994112833,0.0041512515241481
"ENSG00000197724","PHF2",-0.274297770119739,0.0222477222074956
"ENSG00000197746","PSAP",0.635342718588088,6.26707090018113e-13
"ENSG00000197774","EME2",0.85843916999536,0.00020617101325074
"ENSG00000197780","TAF13",0.120107412305118,0.449750960119363
"ENSG00000197808","ZNF461",0.425688536964597,0.0995599160759112
"ENSG00000197860","SGTB",0.0930775165210332,0.632170923233485
"ENSG00000197872","CYRIA",-0.112899593771247,0.617444514238835
"ENSG00000197894","ADH5",-0.0260191695691203,0.870545845280066
"ENSG00000198074","AKR1B10",2.67948038012959,1.49403909743022e-15
"ENSG00000198081","ZBTB14",-0.706885491795872,4.52887328178649e-05
"ENSG00000198133","TMEM229B",0.29579516812451,0.255796441731259
"ENSG00000198176","TFDP1",-0.330702025562798,0.000770832351119851
"ENSG00000198231","DDX42",-0.0125684902149389,0.930675403681504
"ENSG00000198258","UBL5",0.245564612346231,0.0124682405554652
"ENSG00000198346","ZNF813",0.756231432270064,0.00497529160961047
"ENSG00000198355","PIM3",-0.481851669664641,3.06940703101057e-05
"ENSG00000198356","GET3",0.409437779064808,0.00089495074750375
"ENSG00000198440","ZNF583",0.207454584426066,0.453279872192473
"ENSG00000198521","ZNF43",0.359478106095704,0.231317977786723
"ENSG00000198551","ZNF627",0.457549781450109,0.0321549106179455
"ENSG00000198573","SPANXC",1.86949470665805,1.01336866067814e-10
"ENSG00000198590","APRG1",-0.0194187041036601,0.968359745876077
"ENSG00000198695","MT-ND6",-3.04791423942807,1.14502548646294e-51
"ENSG00000198712","MT-CO2",0.982079992831705,6.67658218503879e-11
"ENSG00000198727","MT-CYB",0.137285788512497,0.439041504878543
"ENSG00000198732","SMOC1",1.69577381952007,1.17333464626038e-17
"ENSG00000198744","MTCO3P12",-2.19887085883348,0.00061842785389725
"ENSG00000198763","MT-ND2",0.0150461708338098,0.961116252670398
"ENSG00000198780","FAM169A",-0.184387150403061,0.284314183125664
"ENSG00000198786","MT-ND5",0.184984037301448,0.372833728573751
"ENSG00000198799","LRIG2",0.106175052165158,0.640605166216411
"ENSG00000198804","MT-CO1",0.6003486688129,0.000220771061116094
"ENSG00000198818","SFT2D1",0.483692144018895,1.04324629563454e-07
"ENSG00000198826","ARHGAP11A",-0.564594049134567,5.12997376931484e-08
"ENSG00000198830","HMGN2",-0.339228570476526,0.0173986288228068
"ENSG00000198841","KTI12",0.0285928540248982,0.899500624192897
"ENSG00000198856","OSTC",-0.0334436547695667,0.832819483705816
"ENSG00000198886","MT-ND4",0.5175461814199,0.000254700742328872
"ENSG00000198888","MT-ND1",0.0386941581795886,0.860619830713419
"ENSG00000198898","CAPZA2",-0.033549197538922,0.8539829745915
"ENSG00000198918","RPL39",0.211479188087648,0.0631902101423929
"ENSG00000198924","DCLRE1A",-0.635373043067958,7.03682912278452e-05
"ENSG00000198930","CSAG1",0.648291803474713,5.31315854308188e-11
"ENSG00000198931","APRT",0.312291357138098,1.18585117332807e-05
"ENSG00000203497",NA,0.680735422408694,0.0129998709578009
"ENSG00000203722","RAET1G",1.29719503201345,0.000558877875750224
"ENSG00000203778","FAM229B",0.33348546825944,0.108357223321703
"ENSG00000203879","GDI1",0.572271416683849,1.60499067162192e-08
"ENSG00000204052","LRRC73",1.76775447547007,5.66572263573637e-06
"ENSG00000204160","ZDHHC18",0.00826258924534045,0.984726219045478
"ENSG00000204256","BRD2",0.377647474959259,8.47758398831603e-08
"ENSG00000204264","PSMB8",0.434412718245583,0.0105782508533555
"ENSG00000204291","COL15A1",0.630127989891289,0.0567052643601941
"ENSG00000204301","NOTCH4",-0.477897018995897,0.126031248419124
"ENSG00000204348","DXO",-0.125485903761994,0.379981526108407
"ENSG00000204370","SDHD",-0.31507384295432,0.0171620412597244
"ENSG00000204397","CARD16",1.77361289684843,3.66044186920242e-11
"ENSG00000204574","ABCF1",0.0582764872802421,0.577672891668557
"ENSG00000204611","ZNF616",0.889699065955448,1.250310915585e-05
"ENSG00000204946","ZNF783",-0.279715249462858,0.258383242268884
"ENSG00000205339","IPO7",-0.261497236060608,3.01670818157423e-06
"ENSG00000205420","KRT6A",-0.295403636208215,0.292810970435884
"ENSG00000205531","NAP1L4",-0.129637584178816,0.11907249318253
"ENSG00000205544","TMEM256",0.22958790564201,0.129514983517702
"ENSG00000205629","LCMT1",0.284980680240858,0.00528359122729451
"ENSG00000205683","DPF3",-0.868286946020414,0.000321842557819174
"ENSG00000205707","ETFRF1",0.361794955918268,0.0081643383101344
"ENSG00000205758","CRYZL1",0.129775086565179,0.417501477981791
"ENSG00000205777","GAGE1",0.123882157334802,0.518415903688445
"ENSG00000205809","KLRC2",2.22804583943215,0.000470269397732926
"ENSG00000205871","RPS3AP47",0.0758457329308154,0.785928811714771
"ENSG00000206527","HACD2",0.0691223522859708,0.578474511694034
"ENSG00000209082",NA,-0.294442990523658,0.229722011357981
"ENSG00000209482","SNORD83A",2.62198410755276,7.65496351332826e-05
"ENSG00000210049",NA,0.37496681939159,0.0803019696768753
"ENSG00000210077",NA,0.0966105105057851,0.740262052471204
"ENSG00000210140",NA,-3.33042736456155,4.22946089626582e-22
"ENSG00000210144",NA,-3.07647681127464,7.34129177854546e-25
"ENSG00000210154",NA,3.58110629448986,4.43621141419992e-16
"ENSG00000210176",NA,-0.43929085809087,0.131526068209123
"ENSG00000210191",NA,-0.99388041192913,0.00297437608096936
"ENSG00000210195",NA,-0.137589227488186,0.626169780601581
"ENSG00000212802","RPL15P3",0.411238212811972,0.052343054411703
"ENSG00000212907","MT-ND4L",-0.0968931156431056,0.514825519653259
"ENSG00000213024","NUP62",-0.0768204093855645,0.417466688311325
"ENSG00000213064","SFT2D2",0.331141758376605,0.000436383578263582
"ENSG00000213185","FAM24B",1.4143563639914,6.66803999841497e-10
"ENSG00000213213","CCDC183",3.25887767877242,8.43553187412471e-06
"ENSG00000213315","RPS18P2",-0.00667549179566201,0.994624254326496
"ENSG00000213401","MAGEA12",0.15234353930824,0.30578768841077
"ENSG00000213442","RPL18AP3",0.401884587303853,0.026007539191155
"ENSG00000213463","SYNJ2BP",-0.0747683743611052,0.506278882023765
"ENSG00000213468","FIRRE",-0.19803607069097,0.217946803214757
"ENSG00000213619","NDUFS3",0.0592340221055384,0.639440254388675
"ENSG00000213625","LEPROT",0.0249983194738229,0.855444494808008
"ENSG00000213859","KCTD11",1.18343799681429,3.0997584575988e-09
"ENSG00000213889","PPM1N",0.322666200694665,0.255510592384386
"ENSG00000213904","LIPE-AS1",2.16838891139129,4.7658203093328e-09
"ENSG00000213928","IRF9",0.673053567989403,0.00223413616356445
"ENSG00000214113","LYRM4",-0.378967877609666,4.75494526462138e-05
"ENSG00000214194","SMIM30",-0.320524583464811,0.0158704518067079
"ENSG00000214944","ARHGEF28",0.181980839861849,0.260625492844826
"ENSG00000215375","MYL5",0.24104510769389,0.317712155349124
"ENSG00000215580",NA,0.250995708703035,0.382073020319332
"ENSG00000218739","CEBPZOS",0.285529354591196,0.000649290797066203
"ENSG00000221164","SNORA11F",0.689898899372858,0.0014303089311442
"ENSG00000221817","PPP3CB-AS1",0.00606592118564329,0.993190614729084
"ENSG00000221909","FAM200A",0.319688047344002,0.0446666096607228
"ENSG00000221955","SLC12A8",1.03838302205059,4.2189177993237e-06
"ENSG00000221990",NA,0.128650466123762,0.40933029912493
"ENSG00000222041","CYTOR",0.00479229606096928,0.988181955699542
"ENSG00000222489","SNORA79B",1.31385335271431,3.33385340298094e-06
"ENSG00000223784","LINC00707",-0.270443510983452,0.197175627445024
"ENSG00000224086",NA,0.207026760994353,0.402543932789187
"ENSG00000224459",NA,-0.290237958987605,0.329654225154728
"ENSG00000224817","LINC03046",-0.0549419671466257,0.864984509550177
"ENSG00000225205",NA,-0.295981715838674,0.295430344968709
"ENSG00000225383","SFTA1P",-1.75192375557961,0.00205187903024071
"ENSG00000225693",NA,1.16703710806494,0.00638902807538832
"ENSG00000225733","FGD5-AS1",-0.213570489456368,0.0139834558529676
"ENSG00000225830","ERCC6",0.864016241970908,2.15841301573728e-15
"ENSG00000226179",NA,0.037677310986734,0.920408520592437
"ENSG00000226479","TMEM185B",0.0444296090670763,0.743357641964285
"ENSG00000227082","LINC02798",-0.0518668425371765,0.873144434335342
"ENSG00000227591","HSD11B1-AS1",-0.201338164191519,0.474878656029284
"ENSG00000228065",NA,-1.13411124099931,1.81866717813604e-09
"ENSG00000228502",NA,-0.22512420120396,0.454538389895769
"ENSG00000228509",NA,0.330529114881734,0.26164573240991
"ENSG00000228528",NA,1.92161238432302,0.0010822033284675
"ENSG00000228623","ZNF883",0.154542407710568,0.442424510594015
"ENSG00000228624","HDAC2-AS2",0.952552038527127,0.000155589579963667
"ENSG00000228630","HOTAIR",0.633602841517151,0.0617159725729718
"ENSG00000228782",NA,0.00389914873933744,0.998695099239789
"ENSG00000229021",NA,0.302967631413212,0.296110253690278
"ENSG00000229117","RPL41",0.06417943687615,0.716814865618977
"ENSG00000229153","EPHA1-AS1",0.384147635995159,0.192319362548349
"ENSG00000229261","LOC101928994",0.347049419455035,0.238330022523725
"ENSG00000229344","MTCO2P12",1.33849268242079,8.27119091095506e-06
"ENSG00000229473",NA,-0.0926164928746411,0.785367514122064
"ENSG00000229563","LINC01204",-1.03864904766024,7.35374103265255e-13
"ENSG00000229604","MTATP8P2",0.108666093416271,0.728980285997713
"ENSG00000229659","RPL26P6",0.207243178560514,0.41848130863517
"ENSG00000229807","XIST",-0.00145218246777169,0.999769847841042
"ENSG00000230457",NA,0.702991849921375,0.0424984918463426
"ENSG00000230937","MIR205HG",-0.0504351787088159,0.880414748840385
"ENSG00000230989","HSBP1",0.191567452613253,0.0685664318529506
"ENSG00000231056","LINC02522",0.124484421949889,0.681872341313941
"ENSG00000231131","LOC105378305",2.59657103503799,1.80385332047922e-15
"ENSG00000231500","RPS18",-0.0522663714509403,0.815766066345836
"ENSG00000231607","DLEU2",-0.938443249113346,1.25477403500136e-10
"ENSG00000231638","LUARIS",2.90861460530253,1.2117036642335e-05
"ENSG00000231767","RPS27AP5",0.121057098069575,0.700733440071995
"ENSG00000231789","PIK3CD-AS2",0.905618976249699,0.0117181847050564
"ENSG00000232112","TMA7",4.3014292377395e-05,0.999987733893952
"ENSG00000232388","SMIM26",0.163529256866932,0.299441639201339
"ENSG00000232445",NA,0.44988518277952,0.0138615893081325
"ENSG00000232453","LINC02777",-0.650668592425257,0.0305014646552019
"ENSG00000232611",NA,0.445341698192928,0.118351569724901
"ENSG00000232807",NA,0.593468998380468,0.0681664185797801
"ENSG00000233058",NA,0.336982674007309,0.237401359444462
"ENSG00000233384","CNIH3-AS2",-0.0316446447165142,0.902878662725761
"ENSG00000233527","ZNF529-AS1",0.300760031649383,0.148938132536085
"ENSG00000233589",NA,-0.268662565158783,0.333902231947634
"ENSG00000233654","NEMP2-DT",-0.0243399274089269,0.950418522985601
"ENSG00000234147",NA,-0.143970215458799,0.482920028515519
"ENSG00000234171","RNASEH1-DT",-0.234327901436289,0.0283510528869918
"ENSG00000234498","RPL13AP20",2.03080184429397,5.3346939157901e-22
"ENSG00000234545","FAM133B",-0.173896817232505,0.0606429537528713
"ENSG00000234741","GAS5",0.16221097177611,0.298282356722946
"ENSG00000234883","MIR155HG",-0.639414523767152,0.0335764473723859
"ENSG00000235173","HGH1",-0.330852339276961,0.0191943748108323
"ENSG00000235363",NA,-0.149570538805597,0.609312172841015
"ENSG00000236021",NA,-0.863563165347121,0.0214473971369248
"ENSG00000236345","SCAT8",0.663056553706995,0.0354087104930974
"ENSG00000236552","RPL13AP5",0.0941352849761366,0.645310613291507
"ENSG00000236719","OVAAL",0.371472885252659,0.191735251091748
"ENSG00000236882","LINC01554",-0.0374480447906397,0.924556668205535
"ENSG00000237424","FOXD2-AS1",-0.0247530538368625,0.945776975987625
"ENSG00000237484","LINC01684",-0.350785118850087,0.215316876079316
"ENSG00000237550",NA,0.0581958353487357,0.833427421105401
"ENSG00000237649","KIFC1",-0.708091991335689,4.57545428996594e-07
"ENSG00000237807","LINC02984",1.54623374731663,3.69955204936446e-06
"ENSG00000238045",NA,2.12039083332949,8.21639129823048e-07
"ENSG00000238120","LINC01589",0.599902727632834,0.0749485558654337
"ENSG00000238754","SCARNA18B",-0.0663208494796714,0.848742936742861
"ENSG00000239382","ALKBH6",0.30053881570759,0.0673271005597634
"ENSG00000239713","APOBEC3G",0.928818905858437,8.60432541630387e-05
"ENSG00000240225",NA,-0.0873969052448044,0.775660088651463
"ENSG00000240350",NA,3.49217510692287,1.43198405944357e-07
"ENSG00000240386","LCE1F",3.82142573052285,2.427767499446e-13
"ENSG00000240694","PNMA2",-0.103695160445311,0.671327167670164
"ENSG00000240775","RPS26P23",0.114718036131315,0.721356638822787
"ENSG00000240828","RPL21P4",0.356550450468126,0.236603400759922
"ENSG00000240891","PLCXD2",2.06659738954132,2.28141301692409e-13
"ENSG00000241468","ATP5MF",0.234246866169126,0.0345551017622731
"ENSG00000241553","ARPC4",0.0868278605501125,0.353617855241175
"ENSG00000241837","ATP5PO",-0.1342088295556,0.235312403375354
"ENSG00000242242",NA,1.66826134804907,6.0114781221128e-07
"ENSG00000242247","ARFGAP3",0.299333796618284,0.0054737228229152
"ENSG00000242612","DECR2",0.372529273672268,0.00975486785765458
"ENSG00000243147","MRPL33",0.0867618887846754,0.530878373951513
"ENSG00000243725","TTC4",-0.0540371755006959,0.866229857429891
"ENSG00000244687","UBE2V1",0.780124021455263,0.0185479151183069
"ENSG00000245532","NEAT1",0.911914910627935,4.38582723979828e-05
"ENSG00000246067","RAB30-DT",0.483590369574782,7.03576062448962e-07
"ENSG00000247095","MIR210HG",-0.210627464690569,0.460669424169813
"ENSG00000247134",NA,-0.177058409164699,0.26854741719169
"ENSG00000248333","CDK11B",0.371272929711306,0.00103601216868476
"ENSG00000248487","ABHD14A",0.933739238373128,2.19622404788937e-09
"ENSG00000248498",NA,-0.720068957535339,0.0413537813898542
"ENSG00000248527","MTATP6P1",0.0809179654883645,0.71317443918594
"ENSG00000248698","KLF17P2",1.03040505717528,0.00120948789429819
"ENSG00000248846",NA,0.919632558014798,0.021663780931226
"ENSG00000249087","ZNF436-AS1",0.342422277893889,0.2448236480391
"ENSG00000249279","LINC02057",-0.259534519710171,0.2870264571865
"ENSG00000249417",NA,0.0477635636475389,0.898239408523238
"ENSG00000249484","LINC01470",-0.659427887313759,0.0147812030924829
"ENSG00000250280",NA,0.265358745238157,0.319885477781785
"ENSG00000250479","CHCHD10",-0.0537033942161509,0.872188073449782
"ENSG00000250548","LINC01303",2.11571354840185,7.39600428647665e-08
"ENSG00000251011",NA,0.206719302010132,0.493515269589938
"ENSG00000251141","MRPS30-DT",-0.301687439000937,0.270289208401162
"ENSG00000251322","SHANK3",0.0393576183152665,0.920944904816681
"ENSG00000251369","ZNF550",0.679348289796201,3.42859926576656e-07
"ENSG00000251381","LINC00958",2.36896584453849,4.1019421257957e-13
"ENSG00000251493","FOXD1",-0.697823677553249,2.70281845053175e-07
"ENSG00000252835","SCARNA21",1.57375256015659,0.00178829982039754
"ENSG00000253187","HOXA10-AS",0.232956526504765,0.0870720047272434
"ENSG00000253368","TRNP1",0.280274073519813,0.177898258181255
"ENSG00000253377",NA,-1.70647208882092,1.18283255992167e-07
"ENSG00000253552",NA,3.05527387909588,8.22992042384581e-06
"ENSG00000253642",NA,-0.769614995054924,9.26597765219893e-10
"ENSG00000253833","DSTNP3",-0.0593439217258562,0.819738347777976
"ENSG00000254004","ZNF260",0.467736734491599,0.000305745835458698
"ENSG00000254531","PPP3CA-DT",0.584329470682387,0.000159156348679806
"ENSG00000254901","BORCS8",0.387362279969517,0.000165791533399442
"ENSG00000254999","BRK1",0.203930590436333,0.00853829434045822
"ENSG00000255314","LOC101928894",1.1845044910592,0.000200090325221858
"ENSG00000255345",NA,0.694997535155509,0.0442974000359535
"ENSG00000255507",NA,0.032690728164491,0.934664919519434
"ENSG00000255517",NA,0.536144424324701,0.012057053489126
"ENSG00000255561","FDXACB1",-0.45307897737965,0.0376502845601249
"ENSG00000256073",NA,0.798820147104626,8.57563544788001e-05
"ENSG00000256235","SMIM3",0.26240281558595,0.167039418608081
"ENSG00000256268","LINC02454",0.716829866235316,8.46444612187718e-05
"ENSG00000256546","LINC02985",0.170559185620299,0.388628517538214
"ENSG00000256982",NA,0.679039380571035,0.0538375164615373
"ENSG00000257167","TMPO-AS1",-0.556884785630792,0.00393062225781814
"ENSG00000257954",NA,0.408475506666685,0.0881244876823469
"ENSG00000258245","RPL10P13",0.345286955896907,0.242119895793631
"ENSG00000258289","CHURC1",-0.103795431273838,0.373426035067224
"ENSG00000258733","LINC02328",0.536326261650825,0.0819107129295027
"ENSG00000258788",NA,0.94852251462705,0.0198994227283731
"ENSG00000258791","LINC00520",0.132183071683515,0.584857902185237
"ENSG00000259230","LINC02323",1.77332851936058,0.000248921736166174
"ENSG00000259583","ALDH1A3-AS1",-0.0405397972407349,0.874257440502177
"ENSG00000259953",NA,0.254250728544967,0.367393415678454
"ENSG00000260001","TGFBR3L",0.0151070891986282,0.970859216575435
"ENSG00000260062",NA,0.0233987866809198,0.959445482940364
"ENSG00000260267",NA,0.15383311308583,0.524031390257271
"ENSG00000260565",NA,0.532935742088734,0.0102133804732513
"ENSG00000260944",NA,0.0749598722291013,0.803960342720817
"ENSG00000261040",NA,1.38581567961392,1.08497364993647e-05
"ENSG00000261167",NA,-0.996586641167237,0.000163057197586643
"ENSG00000261780","LINC02582",0.124106982190023,0.691979380203511
"ENSG00000261889",NA,-0.180452240550381,0.48214726681157
"ENSG00000262454","MIR193BHG",-0.767896901211177,0.00121857370731837
"ENSG00000263731",NA,-0.625487782699608,4.06367444636248e-05
"ENSG00000263934",NA,0.762014121525944,0.0295372418358569
"ENSG00000264247","ZNF407-AS1",-0.17247464725347,0.353777660470051
"ENSG00000264301","LINC01444",0.0715971877436389,0.797423454731547
"ENSG00000264334",NA,-0.504580952381369,0.000237307962321469
"ENSG00000264456",NA,0.328992577867919,0.271337276385317
"ENSG00000266088","LOC105371773",0.407024973775484,0.0245614523912398
"ENSG00000266412","NCOA4",0.317331021209481,1.63149404470198e-05
"ENSG00000266472","MRPS21",-0.00296037922121875,0.997745316220012
"ENSG00000267040","ATP8B1-AS1",-0.560619542790948,0.00251119509438069
"ENSG00000267060","PTGES3L",0.794517753295105,0.027714670927774
"ENSG00000267123","SCAT1",0.44889371119589,0.0959624531799198
"ENSG00000267278",NA,0.959224957932934,0.0192294840439011
"ENSG00000267288","HEXIM2-AS2",1.1359999149445,0.00936171954229533
"ENSG00000267453",NA,-0.625822912209576,0.0602700421322129
"ENSG00000267680","ZNF224",0.658923870967899,7.69440414418383e-05
"ENSG00000267761","MIR4527HG",-0.568481816831967,5.98793035309566e-08
"ENSG00000267778",NA,0.342760593853862,0.234983474045107
"ENSG00000267795","SMIM22",0.285476337831363,0.298442203237885
"ENSG00000268129","LOC100289361",0.746062564064527,3.93582476867134e-05
"ENSG00000269473",NA,-0.161337337942822,0.591224412485523
"ENSG00000269834","ZNF528-AS1",-0.0264339483173844,0.947138347605415
"ENSG00000270002",NA,2.85034640841361,3.05477265941492e-12
"ENSG00000270049","ATP6V0D1-DT",0.464890233644776,0.0246295549839069
"ENSG00000270647","TAF15",-0.261953608263007,0.0138229982035436
"ENSG00000271270","TMCC1-DT",-0.48324509277699,0.0158661053686123
"ENSG00000271334","LINC02104",0.967797247026198,0.00713055904650995
"ENSG00000271605","MILR1",-0.146920485950587,0.534237252546895
"ENSG00000271869","DCTN6-DT",1.37443836549186,6.17152873096990e-09
"ENSG00000272068",NA,1.13142130450232,7.13352588725879e-06
"ENSG00000272274","ARGLU1-DT",0.204459121714631,0.489531593646494
"ENSG00000272288","ILRUN-AS1",0.767778417711843,0.00427886861106904
"ENSG00000272335",NA,-0.57675635570891,0.00678498123533657
"ENSG00000272398","CD24",0.665308582062524,0.0190032585348345
"ENSG00000272695","GAS6-DT",0.03868342072593,0.884534006810703
"ENSG00000273102","LOC124905013",0.579295756225066,0.0263992453732736
"ENSG00000273173","SNURF",0.379597965721978,0.208411214761339
"ENSG00000273344","PAXIP1-DT",0.0291251955069012,0.923389905603829
"ENSG00000274317",NA,0.102774735672632,0.753333082362067
"ENSG00000274422",NA,0.216464692749013,0.353351647351371
"ENSG00000274428","LOC124904634",-0.302171888904948,0.164520577166
"ENSG00000274605",NA,0.738136108078206,2.20965702936438e-10
"ENSG00000275216",NA,-0.724932068818891,0.0175157991369319
"ENSG00000275632",NA,-0.821362943965653,2.51438741451963e-07
"ENSG00000276851",NA,-0.460369589076751,0.0295270451141795
"ENSG00000276900",NA,1.29153254718603,1.87150133721884e-09
"ENSG00000277791","PSMB3",0.00205160096573983,0.999433637321825
"ENSG00000277972","CISD3",0.027389646588902,0.827134692200709
"ENSG00000278259","MYO19",-0.618152324809216,6.1094804071218e-09
"ENSG00000278311","GGNBP2",0.069249510191328,0.249286579823351
"ENSG00000278611","ZNF426-DT",1.10675549977839,0.00411763109236704
"ENSG00000278784",NA,-0.209555203749291,0.437065083814296
"ENSG00000278970","ZFP62",-0.00015368988686851,0.999939998058786
"ENSG00000279012","OR51B2",-0.20131188371633,0.494041610659487
"ENSG00000279069",NA,-0.148893830869473,0.598416649711876
"ENSG00000279717",NA,-0.22509101121006,0.453181606039504
"ENSG00000279903",NA,0.744094596356265,0.0413537813898542
"ENSG00000280213","UCKL1-AS1",1.50597286530144,0.000328522041779913
"ENSG00000280721","LINC01943",1.92842953042217,0.000169930999115208
"ENSG00000280739","ENTPD3-AS1",-0.0670138450155694,0.846910923252357
"ENSG00000281186","LINC00706",0.15171982542121,0.624589789299533
"ENSG00000281406","BLACAT1",-0.0599846871345994,0.867439102650766
"ENSG00000283103","LOC105372480",0.446187526861225,0.00361040680290381
"ENSG00000283646","LINC02009",-0.356929251182811,0.142080106594965
"ENSG00000284194","SCO2",0.725745580504907,5.04444995506016e-13
"ENSG00000284930",NA,0.34504238011683,0.187874553031183
"ENSG00000286288","LOC100289473",2.04979203472958,0.000603727909346313
"ENSG00000287054",NA,0.0812991218268293,0.79130492857476
"ENSG00000287394",NA,0.0151498023998536,0.965271175008375
"ENSG00000288596","C8orf44",0.183001112012899,0.456668327847892
"ENSG00000288743",NA,1.8437431536903,4.24275816624362e-05
"ENSG00000288844",NA,0.820787210611886,0.019979361607561
"ENSG00000288920","RPSA2",0.250558591235431,0.329258427895424
"ENSG00000288924",NA,-0.213866867104501,0.244769790351793
"ENSG00000288953",NA,1.04959157425483,8.26260917427472e-06
"ENSG00000288993",NA,1.64948823527405,0.00220417304195673
"ENSG00000289194",NA,-0.526677038363376,2.39018652773594e-07
"ENSG00000289226",NA,0.919374566671512,0.00348788948851232
"ENSG00000289234","ZNF496-DT",-0.27470140556243,0.103308653476511
"ENSG00000289426",NA,2.20361638484366,4.77634681495563e-06
"ENSG00000289437",NA,0.487312796358684,0.0423085363309609
"ENSG00000289578","LOC105375478",2.02184635439232,9.76983147820752e-05
"ENSG00000289850",NA,-0.747998904495832,0.0341000635145046
"ENSG00000290003",NA,0.180246222300854,0.543666021135579
"ENSG00000290033",NA,0.60355957507937,0.0341000635145046
"ENSG00000290058",NA,0.0234808219479443,0.954149591249535
"ENSG00000290105",NA,-0.29824053148135,0.1791950868115
"ENSG00000290146",NA,0.0775068465530881,0.807785168754822
