"ENSEMBL","SYMBOL_wt","log2FC_wt","padj_wt","SYMBOL_KO","log2FC_KO","padj_KO"
"ENSG00000001617","SEMA3F",-0.224815950619774,0.211888581549822,"SEMA3F",-0.560427236711099,0.00146643501176815
"ENSG00000002079","MYH16",1.00525516783898,2.04110370864466e-07,"MYH16",1.38966970157194,9.72541847586919e-13
"ENSG00000002330","BAD",-0.137132588256238,0.361295327619401,"BAD",-0.0627738664600026,0.718702043541975
"ENSG00000003249","DBNDD1",-0.00323253801820536,0.999426996738855,"DBNDD1",-0.150722625594849,0.462940683337009
"ENSG00000003509","NDUFAF7",0.276336982036869,0.0363241880209753,"NDUFAF7",-0.0295803276991202,0.889984028844936
"ENSG00000005156","LIG3",-0.113369913281297,0.284836146270737,"LIG3",0.169104205962963,0.07966265995002
"ENSG00000005469","CROT",0.401315677864662,0.00353657732642678,"CROT",-0.0495048916618873,0.808181665819497
"ENSG00000005884","ITGA3",-0.933672075793435,3.03100569502206e-15,"ITGA3",-1.14768109400409,4.60605702091212e-22
"ENSG00000006327","TNFRSF12A",-0.130166846766921,0.286541013529955,"TNFRSF12A",0.146460420800531,0.20443342834502
"ENSG00000006459","KDM7A",0.371522900740355,0.0667076515329989,"KDM7A",0.037767950958078,0.892965218540264
"ENSG00000006652","IFRD1",0.0464697147310768,0.844742578120284,"IFRD1",0.155758277092883,0.352130922208024
"ENSG00000006715","VPS41",-0.577235655229809,1.588143157104e-08,"VPS41",-1.08926908021566,3.42589421397339e-24
"ENSG00000007047","MARK4",0.328552928784061,0.0158668969670315,"MARK4",0.263573868876763,0.0513886733348178
"ENSG00000007392","LUC7L",-0.164055584774924,0.0918869223175056,"LUC7L",-0.476482846084559,4.37894600170734e-08
"ENSG00000009830","POMT2",0.149767785158995,0.192559704399314,"POMT2",0.292291062997381,0.00373610768090562
"ENSG00000010295","IFFO1",0.597943738811235,1.25296342134343e-06,"IFFO1",0.181544108933508,0.203884952649973
"ENSG00000010319","SEMA3G",2.18964379174163,2.15815952093185e-05,"SEMA3G",2.16863689483134,7.06232959233349e-05
"ENSG00000011009","LYPLA2",0.278608245079986,0.000964862414655287,"LYPLA2",0.393423578571942,1.5350048272243e-06
"ENSG00000011454","RABGAP1",-0.547463240894578,9.69532299910288e-15,"RABGAP1",-0.260733390632722,0.000200965370623455
"ENSG00000012171","SEMA3B",1.43348836884968,5.65114901256451e-08,"SEMA3B",1.41030899162206,8.08824297686165e-10
"ENSG00000013364","MVP",0.243390178162366,0.153026212701455,"MVP",-0.124109408277461,0.496110332709639
"ENSG00000013375","PGM3",0.220030137998107,0.000470269397732926,"PGM3",0.266238287942704,1.28022746711058e-05
"ENSG00000013441","CLK1",-0.169888826321873,0.356889164218846,"CLK1",-0.249838244564702,0.118114954620903
"ENSG00000013503","POLR3B",-0.463606135064844,2.70323901758187e-06,"POLR3B",-0.0911334762975825,0.469466670192699
"ENSG00000013563","DNASE1L1",0.329131563851425,0.0159276937339714,"DNASE1L1",0.0566497542805288,0.766566092364683
"ENSG00000013573","DDX11",-0.283521022090138,0.0346333737343313,"DDX11",-0.0868920355394825,0.576974916443741
"ENSG00000014641","MDH1",0.0609056288074758,0.644878914559016,"MDH1",-0.271558985277014,0.00464791677348641
"ENSG00000014914","MTMR11",0.0937685163267725,0.53270948805253,"MTMR11",0.184053359081562,0.139058494728421
"ENSG00000015475","BID",-0.236556249617804,0.0206791515111706,"BID",-0.299921262548424,0.0019912893825234
"ENSG00000015532","XYLT2",-0.00989617259637044,0.964691427230734,"XYLT2",-0.0690015168627468,0.630048896705966
"ENSG00000020633","RUNX3",-0.248229326246966,0.128238334214017,"RUNX3",-0.159130913844702,0.327337858449793
"ENSG00000021645","NRXN3",-1.3989466198526,6.0708627368282e-08,"NRXN3",-1.47055628104359,1.74890453301426e-07
"ENSG00000022267","FHL1",-0.890410260587069,2.69892136713369e-14,"FHL1",-0.671087997699361,2.02777028322126e-08
"ENSG00000023572","GLRX2",0.0366458910992577,0.815664802565515,"GLRX2",0.113408845913594,0.337031628140939
"ENSG00000023909","GCLM",-0.141749802075769,0.304440133644838,"GCLM",-0.0263050200510132,0.892320082624818
"ENSG00000026103","FAS",1.24640057787972,2.22416383605629e-20,"FAS",1.04938467655916,1.59537019312634e-14
"ENSG00000026559","KCNG1",-0.393106755623779,0.00609923089694107,"KCNG1",-0.567162765127997,0.000113158582644641
"ENSG00000032219","ARID4A",0.346333189304557,0.00124056146288783,"ARID4A",0.254804577028535,0.019141226423286
"ENSG00000032444","PNPLA6",0.0319700668339401,0.8922529387631,"PNPLA6",0.000854382912085338,0.997118228061261
"ENSG00000033627","ATP6V0A1",0.557524997556504,8.6527802184537e-06,"ATP6V0A1",0.7228278036386,8.775592572798e-08
"ENSG00000036549","ZZZ3",-0.442448317251957,1.0233903597482e-07,"ZZZ3",-0.158340155459149,0.0824356924898533
"ENSG00000037042","TUBG2",0.10001578377621,0.649530730930749,"TUBG2",-0.0721291184191298,0.738697771886988
"ENSG00000037897","METTL1",-0.0123087913269644,0.955618300106097,"METTL1",0.272777847707139,0.0133710211532402
"ENSG00000041802","LSG1",0.429083660428623,8.13224300674063e-17,"LSG1",0.255654241269536,2.39137504067062e-06
"ENSG00000041880","PARP3",0.172547272594117,0.177952843568893,"PARP3",-0.194359749745786,0.118541317128418
"ENSG00000042317","SPATA7",1.10098132492099,4.78712445180603e-06,"SPATA7",0.309757769885891,0.132783928853512
"ENSG00000042445","RETSAT",0.947078255633602,1.5443471725174e-25,"RETSAT",1.09687502984521,6.14935949703581e-34
"ENSG00000042493","CAPG",-0.270779835497782,0.0638674908887544,"CAPG",-0.465525620898397,0.000461129512416624
"ENSG00000046604","DSG2",0.394686383519827,6.6790862725032e-06,"DSG2",0.334694825488132,0.00012157359298754
"ENSG00000047346","ATOSA",1.17658770967854,1.06563332040197e-13,"ATOSA",0.995967810023858,1.10599700849871e-09
"ENSG00000047579","DTNBP1",-0.309092767478007,0.00129444068003513,"DTNBP1",-0.293150333630303,0.00195688510432111
"ENSG00000048162","NOP16",-0.244880425162568,0.0023108420912232,"NOP16",-0.144718238855738,0.102358777572222
"ENSG00000048392","RRM2B",0.531503162907352,0.000256749563191276,"RRM2B",1.12919842738875,4.90555394436824e-14
"ENSG00000048471","SNX29",-0.163973111439176,0.384410896881722,"SNX29",-0.534500265451454,0.00192239777039708
"ENSG00000048649","RSF1",0.01652498131755,0.90814903529056,"RSF1",0.0505835046644189,0.658150529240046
"ENSG00000049618","ARID1B",-0.327778892204251,0.000339879356572708,"ARID1B",-0.19509292389417,0.0411508588085551
"ENSG00000049759","NEDD4L",-0.308280800420917,0.0078413605694827,"NEDD4L",-0.0133074071769798,0.941902601863162
"ENSG00000050165","DKK3",-0.776261272124704,1.14273376411324e-09,"DKK3",-1.06438290119409,1.57203191484403e-14
"ENSG00000050393","MCUR1",0.0148941592975487,0.902908251636753,"MCUR1",0.0178305366627946,0.88260327768752
"ENSG00000050405","LIMA1",0.57959149580743,6.96433895093308e-08,"LIMA1",0.860610250363239,2.26019322201539e-15
"ENSG00000052802","MSMO1",-0.968765862649706,6.32692451479145e-09,"MSMO1",-1.10785279668637,5.83422707157349e-11
"ENSG00000054148","PHPT1",0.659235188730478,2.83296453282296e-06,"PHPT1",0.420355875475736,0.00207339552704087
"ENSG00000055163","CYFIP2",0.504852334582383,0.00317415552572488,"CYFIP2",0.451132152914341,0.00637805720007545
"ENSG00000056558","TRAF1",1.74718826410941,1.34353999788534e-14,"TRAF1",1.17817349957663,1.84712941726557e-06
"ENSG00000059728","MXD1",0.110617537826327,0.523945606897918,"MXD1",-0.125886499129201,0.435681901963422
"ENSG00000060138","YBX3",0.253552116578531,0.000935547090055155,"YBX3",0.282421512755877,0.000183219258502521
"ENSG00000060982","BCAT1",-1.63727463326279,2.03807759330142e-144,"BCAT1",-1.58686792729454,8.95520844304063e-137
"ENSG00000061337","LZTS1",-1.14835401104922,0.0069266484663437,"LZTS1",0.156366411138117,0.518702573288187
"ENSG00000062282","DGAT2",0.328159328520109,0.0415294599052345,"DGAT2",-0.293000211920272,0.096138776892159
"ENSG00000063241","ISOC2",-0.142723047862694,0.46990968307043,"ISOC2",-0.80450668140398,2.27995495252087e-05
"ENSG00000064115","TM7SF3",0.0948677377754327,0.514490155785629,"TM7SF3",0.338315221603295,0.00236106249985282
"ENSG00000064300","NGFR",0.0407629594912042,0.910860599730433,"NGFR",-1.14646067746502,0.000119076389235232
"ENSG00000064419","TNPO3",-0.133634653791841,0.142969432759393,"TNPO3",-0.081230655158943,0.426948205645163
"ENSG00000064607","SUGP2",0.274529687507534,0.00110013426459286,"SUGP2",0.195073241050138,0.0267171709342197
"ENSG00000064651","SLC12A2",0.0129027028516296,0.937782493807325,"SLC12A2",0.171707803144608,0.0610633208754143
"ENSG00000064961","HMG20B",0.0239558800885666,0.885350516532049,"HMG20B",-0.00757651179491074,0.962249512782133
"ENSG00000064999","ANKS1A",-0.334898121440169,0.0301841046659425,"ANKS1A",-0.28391678931561,0.0423902324485593
"ENSG00000065054","NHERF2",0.429249897950819,9.369043434338e-06,"NHERF2",0.150706618872783,0.174728696445625
"ENSG00000065357","DGKA",0.771641945146682,1.18947268511107e-21,"DGKA",0.982805801706796,1.10258950921488e-34
"ENSG00000065485","PDIA5",-0.61721881923493,5.97671451666623e-09,"PDIA5",-0.596480528192428,4.56231368763427e-08
"ENSG00000065534","MYLK",-0.315352521818968,0.00870087128903296,"MYLK",-0.583521131137863,5.03586615677635e-07
"ENSG00000065802","ASB1",-0.481179594807842,4.48980139575454e-06,"ASB1",-0.315322318512319,0.00248568805172499
"ENSG00000065809","FAM107B",0.216373139797737,0.187299415363097,"FAM107B",-0.166904321526642,0.297734036656697
"ENSG00000065911","MTHFD2",-0.530039084045563,9.41980969224367e-08,"MTHFD2",-0.379202996732226,0.000118988640938745
"ENSG00000065923","SLC9A7",-0.604144886362059,9.19514157838802e-10,"SLC9A7",-0.888380712248171,2.99174810199437e-18
"ENSG00000066056","TIE1",-1.63149951020503,3.91277083452791e-16,"TIE1",-1.6602823054394,1.64928672616153e-16
"ENSG00000066117","SMARCD1",-0.408194349292667,5.7583473145763e-05,"SMARCD1",-0.36375139140113,0.000291751149333333
"ENSG00000066583","ISOC1",0.17583275114395,0.153026212701455,"ISOC1",0.154508469286802,0.242978321825438
"ENSG00000067064","IDI1",-0.553151033295296,0.00146564267488598,"IDI1",-0.448096888275459,0.00715933139984989
"ENSG00000067225","PKM",0.0385452134842308,0.761614806294918,"PKM",-0.202139309307999,0.0211866147007541
"ENSG00000067334","DNTTIP2",0.114075407700573,0.360841506954645,"DNTTIP2",-0.103614658328421,0.404117459178528
"ENSG00000067715","SYT1",-0.462880220888889,0.0573693830962771,"SYT1",-0.117046936411599,0.616624291737745
"ENSG00000067829","IDH3G",0.388956068008585,7.93707198699318e-05,"IDH3G",0.113027771860131,0.352631265840267
"ENSG00000068697","LAPTM4A",0.237250376546007,0.00294128718208215,"LAPTM4A",0.152411362009218,0.0742205910269749
"ENSG00000068745","IP6K2",0.720266662366418,1.84417583051871e-16,"IP6K2",0.494210067855877,3.12559225231457e-08
"ENSG00000068912","ERLEC1",-0.0481060634680233,0.746573122713442,"ERLEC1",-0.0631834970363126,0.643201963210573
"ENSG00000069011","PITX1",0.0246777800576823,0.891298220605254,"PITX1",-0.0279816746319422,0.878614435989956
"ENSG00000069812","HES2",3.92885011627151,2.94548187099108e-19,"HES2",2.56082479236086,7.2383961440948e-07
"ENSG00000069966","GNB5",-0.182946291862177,0.0696951146073959,"GNB5",-0.0719145264804995,0.535438325815274
"ENSG00000070371","CLTCL1",-0.303203629885393,0.210912325522697,"CLTCL1",-0.0756295192686604,0.766638534715215
"ENSG00000070476","ZXDC",0.222950443207725,0.0647362559631339,"ZXDC",0.23231323063498,0.0443282561738675
"ENSG00000070501","POLB",0.573017463239528,4.8176257974539e-07,"POLB",0.654546700887173,1.44029453495142e-08
"ENSG00000071243","ING3",-0.635131773783869,8.43610047618111e-12,"ING3",-0.172965449728501,0.0782563883379669
"ENSG00000071626","DAZAP1",-0.582059074029868,1.0263093897673e-20,"DAZAP1",-0.317497059642714,7.11572990230882e-07
"ENSG00000071967","CYBRD1",0.30028320859186,0.0272069707142147,"CYBRD1",0.00327136260910768,0.986510840729457
"ENSG00000072062","PRKACA",0.292703851950683,0.0106418703835439,"PRKACA",0.0729747336552991,0.629099219940466
"ENSG00000072415","PALS1",0.145150689360998,0.117792072202213,"PALS1",0.224197093888932,0.0079983561733942
"ENSG00000072682","P4HA2",0.713460759021324,4.46136625878533e-08,"P4HA2",0.948490720879402,3.48325906892166e-12
"ENSG00000072778","ACADVL",0.0325380264258607,0.800407438262327,"ACADVL",-0.137362455818945,0.130774529058725
"ENSG00000072818","ACAP1",0.38530029370123,0.122514590649356,"ACAP1",0.296771596047653,0.169238009927637
"ENSG00000073060","SCARB1",0.0853016354807317,0.633089802238006,"SCARB1",0.152792766623447,0.33436483834597
"ENSG00000073111","MCM2",-0.337758268497602,0.00537145055102663,"MCM2",-0.236221240758531,0.0531597290535557
"ENSG00000075131","TIPIN",-0.441938102944713,0.000299431134693864,"TIPIN",-0.281697107129094,0.0209232511242644
"ENSG00000075426","FOSL2",0.174542430417436,0.123572159974125,"FOSL2",0.519918176222707,1.92034329621778e-07
"ENSG00000076003","MCM6",-1.36428582384216,2.11246250582695e-31,"MCM6",-1.20186694784014,2.93913095157865e-25
"ENSG00000076108","BAZ2A",0.62558674090852,5.1168927087597e-14,"BAZ2A",0.455569163593714,6.16511022523366e-08
"ENSG00000076641","PAG1",-0.208621252277045,0.157274153003847,"PAG1",0.11180975242631,0.438598788405963
"ENSG00000076685","NT5C2",0.122862109654751,0.262640049969114,"NT5C2",0.332294585733824,0.000359567263641791
"ENSG00000078177","N4BP2",-0.0377502630889947,0.844706242298945,"N4BP2",0.0329888686060675,0.859790956749773
"ENSG00000078304","PPP2R5C",-0.147045849924167,0.0136156172367021,"PPP2R5C",-0.066535448529344,0.348596919457562
"ENSG00000078399","HOXA9",0.0898887328992737,0.515021088446822,"HOXA9",-0.0859737707702418,0.534580226076621
"ENSG00000079387","SENP1",-0.439231989913015,3.37654178963109e-06,"SENP1",-0.159515339172585,0.119170527522101
"ENSG00000079459","FDFT1",-0.684147404849618,1.80756168339802e-06,"FDFT1",-0.483884163730945,0.000526288314543162
"ENSG00000079739","PGM1",-0.338647376115811,0.00870087128903296,"PGM1",-0.390904837881944,0.00131633799924147
"ENSG00000079931","MOXD1",-0.752014486889072,0.0019688799407287,"MOXD1",-1.70552276440524,1.09410952816814e-08
"ENSG00000079999","KEAP1",0.476445157272652,6.56054153557295e-09,"KEAP1",0.502261990493519,1.08066339784101e-09
"ENSG00000080546","SESN1",1.26369216857755,5.64590336975145e-24,"SESN1",0.989617100900736,2.46294501423612e-14
"ENSG00000081189","MEF2C",-0.622131178009358,0.00218193134879831,"MEF2C",-0.378507148379242,0.0324184732448538
"ENSG00000081760","AACS",0.00724875853849814,0.981018922673845,"AACS",0.0185446285161509,0.92563505937493
"ENSG00000081923","ATP8B1",-0.0507532487570666,0.850293772395151,"ATP8B1",0.218975492320128,0.225282845672173
"ENSG00000082126","MPP4",-0.248496755835019,0.169516283243146,"MPP4",0.145815053112958,0.418169365870906
"ENSG00000082212","ME2",0.103529971980488,0.272497058392286,"ME2",0.22003389102604,0.0065872696928793
"ENSG00000082641","NFE2L1",0.0220307198175923,0.878971536675574,"NFE2L1",-0.120301961556799,0.232944744096189
"ENSG00000082898","XPO1",-0.374982986203929,2.39330400630314e-09,"XPO1",-0.119279552018917,0.0994393557153792
"ENSG00000083544","TDRD3",-0.740529266564435,9.86056857925979e-08,"TDRD3",-0.648465435887663,3.19352808468088e-06
"ENSG00000083807","SLC27A5",-0.402957740577679,0.0191306454224455,"SLC27A5",-0.693757932001543,4.11929903257307e-05
"ENSG00000083896","YTHDC1",0.079901005034197,0.386616652189503,"YTHDC1",0.00417376533298986,0.973706702282457
"ENSG00000084693","AGBL5",0.348064120172625,0.00057788946565365,"AGBL5",0.191182833556234,0.0861702522688697
"ENSG00000084754","HADHA",-0.143243537387787,0.0317008802456799,"HADHA",-0.319367651373326,2.18326539018457e-07
"ENSG00000085117","CD82",0.806151792817833,1.93186008786842e-08,"CD82",0.192161280937049,0.198009872476178
"ENSG00000085185","BCORL1",0.749615289535456,3.04159682012482e-07,"BCORL1",0.858607272873088,3.86040104047176e-08
"ENSG00000085365","SCAMP1",-0.13341921374075,0.126741838968404,"SCAMP1",-0.185900380992214,0.0249544495927355
"ENSG00000085415","SEH1L",-0.327243181194575,0.000986662985156826,"SEH1L",-0.0940520287285631,0.437858335620977
"ENSG00000085719","CPNE3",-0.359909562823247,0.000389459183881955,"CPNE3",-0.507877442749986,3.54730191658908e-07
"ENSG00000085760","MTIF2",0.0365180198626521,0.78373246102394,"MTIF2",0.0924600162018085,0.383649599812454
"ENSG00000085832","EPS15",-0.266207969031752,0.00873768844905932,"EPS15",-0.347698869391636,0.000346203044464764
"ENSG00000085998","POMGNT1",0.149237983180782,0.178938699315304,"POMGNT1",0.259257561511174,0.00953545571970813
"ENSG00000086504","MRPL28",0.277202285360073,0.0471243272724544,"MRPL28",0.334717266723256,0.0115545212053505
"ENSG00000086589","RBM22",0.36213762258244,1.2994045392795e-09,"RBM22",0.219691106687446,0.000525546030625985
"ENSG00000087053","MTMR2",-0.30697136462476,0.00068491777313426,"MTMR2",-0.0768270702203434,0.518367051445315
"ENSG00000087074","PPP1R15A",0.262556078553471,0.113373516296945,"PPP1R15A",0.512796861668505,0.000873309020456477
"ENSG00000087077","TRIP6",0.441359238408986,1.07466520610496e-08,"TRIP6",0.367332444114358,2.14194426709222e-06
"ENSG00000087088","BAX",0.1520467443285,0.437969978871304,"BAX",0.19936433306314,0.239094082376358
"ENSG00000087095","NLK",-0.443985014348423,0.000128976569524436,"NLK",-0.203490392978792,0.09673301996795
"ENSG00000087266","SH3BP2",0.128469126234599,0.482716256330714,"SH3BP2",0.0411619561145657,0.860954112330941
"ENSG00000087448","KLHL42",-0.784050920462941,1.27909687517374e-25,"KLHL42",-0.630977909686411,3.41670602699156e-18
"ENSG00000088035","ALG6",0.260077350661651,0.0680743782149072,"ALG6",0.520240240663929,0.000335271926788163
"ENSG00000088325","TPX2",-0.362040523757059,0.000702969419637797,"TPX2",-0.174005311002372,0.132363288433118
"ENSG00000088367","EPB41L1",0.145261246777688,0.284064123793682,"EPB41L1",-0.293631060225535,0.0137337837714286
"ENSG00000088832","FKBP1A",0.081496163281668,0.383600952862205,"FKBP1A",-0.197521127985829,0.0111098675359327
"ENSG00000089127","OAS1",0.605160873741719,0.0123798428721244,"OAS1",1.08211212302512,9.67502912857562e-06
"ENSG00000089195","TRMT6",-0.140223053033533,0.190089841064073,"TRMT6",-0.011257765201904,0.942362606020151
"ENSG00000089220","PEBP1",0.194169491175424,0.0034546964098059,"PEBP1",0.0958482896649971,0.208980512948578
"ENSG00000089280","FUS",-0.156310123246029,0.0555032187861515,"FUS",-0.0475001317051125,0.655480114594522
"ENSG00000089351","GRAMD1A",0.293348184272067,0.00222006719422851,"GRAMD1A",0.221274203976114,0.0248863473108391
"ENSG00000089486","CDIP1",1.26236416985194,3.26143519478173e-31,"CDIP1",1.16331333145012,4.85107803625903e-25
"ENSG00000090097","PCBP4",0.05309343393048,0.759243569457173,"PCBP4",0.0989321614587835,0.496591995486389
"ENSG00000090238","YPEL3",2.66615958397556,1.3225360616025e-38,"YPEL3",1.21438932732521,5.71937281412053e-09
"ENSG00000090432","MUL1",0.0770829208795612,0.549777878539217,"MUL1",-0.161123908574747,0.137504392229091
"ENSG00000090447","TFAP4",-0.738999202684172,2.60334669838398e-11,"TFAP4",-0.264645999182129,0.016861527860667
"ENSG00000090512","FETUB",2.32141667057275,8.3210859649442e-11,"FETUB",2.53635624865012,1.81283818646539e-13
"ENSG00000090776","EFNB1",1.15360531862331,9.88579857017825e-27,"EFNB1",0.384237513925761,0.00055377771059353
"ENSG00000090861","AARS1",-0.434895114055267,7.57446980640263e-06,"AARS1",-0.274285184166234,0.00544894973024178
"ENSG00000090889","KIF4A",-0.337075992550115,0.00229052882394916,"KIF4A",-0.151970346568225,0.208719644878391
"ENSG00000091137","SLC26A4",-0.85600969663254,5.69054095958429e-05,"SLC26A4",-0.778542675619188,0.000130814286579806
"ENSG00000092470","WDR76",-1.14655537464876,6.10933151941382e-26,"WDR76",-0.941359946329984,5.31875602766552e-20
"ENSG00000092621","PHGDH",-0.800960707474736,0.00163427239018563,"PHGDH",-0.800234985122719,0.00178299984281921
"ENSG00000093009","CDC45",-0.875344891560888,1.38240725880534e-09,"CDC45",-0.340491493761207,0.0120207457547128
"ENSG00000095059","DHPS",-0.0906726426420778,0.607642319683037,"DHPS",-0.281179062515292,0.0356860781614787
"ENSG00000095203","EPB41L4B",0.74412342610069,1.34482634028356e-05,"EPB41L4B",0.153792376663054,0.404861648874147
"ENSG00000095319","NUP188",0.200023657807876,0.0996819405647699,"NUP188",0.418290562921576,0.000133020709918456
"ENSG00000095321","CRAT",0.398100470178654,0.00887411085756539,"CRAT",0.301357111157794,0.050358509688589
"ENSG00000095380","NANS",0.169174185172383,0.120014843077333,"NANS",-0.00173241598985666,0.991702775035748
"ENSG00000095970","TREM2",6.76878286245392,6.35360340604823e-20,"TREM2",3.51926084600389,1.45692143933861e-17
"ENSG00000096746","HNRNPH3",-0.392847453843945,1.31742525448668e-06,"HNRNPH3",0.0669570998419357,0.540174297526697
"ENSG00000099337","KCNK6",0.232946621153792,0.228592763544297,"KCNK6",-0.239493871016835,0.225765653295465
"ENSG00000099377","HSD3B7",0.162497128550551,0.492580833584677,"HSD3B7",0.12407004127025,0.561984155654647
"ENSG00000099622","CIRBP",-0.342868066393042,0.0173987971564114,"CIRBP",-0.182632099921786,0.219663128918888
"ENSG00000099785","MARCHF2",0.870260269534741,6.40370633006775e-05,"MARCHF2",0.106957307844304,0.655286699028131
"ENSG00000099940","SNAP29",0.211763539227222,0.0033035757154043,"SNAP29",0.0527049339070704,0.590079798946893
"ENSG00000099968","BCL2L13",0.23914231461755,0.00221550744493138,"BCL2L13",0.48570022184442,8.41795389399865e-11
"ENSG00000100055","CYTH4",2.00029205269596,2.58490129870414e-09,"CYTH4",1.6668157082383,1.55661824519803e-06
"ENSG00000100075","SLC25A1",0.0732490672428469,0.624657829496607,"SLC25A1",0.0689438429043919,0.647489985397419
"ENSG00000100092","SH3BP1",0.0786392459210107,0.637704202016294,"SH3BP1",0.253932130045551,0.0380437154746335
"ENSG00000100097","LGALS1",-0.251384546946252,0.0141214874971393,"LGALS1",-0.585869223355289,1.20453212117649e-09
"ENSG00000100116","GCAT",0.365598042849579,0.0451391217173882,"GCAT",0.167748236403397,0.414231358249051
"ENSG00000100234","TIMP3",-0.146092804598029,0.493515269589938,"TIMP3",-0.828761527142446,1.99160779885599e-05
"ENSG00000100297","MCM5",-0.493435687583265,6.0708627368282e-08,"MCM5",-0.542241614004624,2.48191731688399e-09
"ENSG00000100298","APOBEC3H",2.62997750534941,4.67121795990441e-09,"APOBEC3H",3.4367819636269,4.30334853075375e-09
"ENSG00000100321","SYNGR1",0.0231158227411221,0.944874660818141,"SYNGR1",0.06585059452831,0.790308111371099
"ENSG00000100335","MIEF1",0.0883621837717223,0.312131201381232,"MIEF1",-0.100633520686176,0.244608076696248
"ENSG00000100347","SAMM50",0.351325629116722,1.94104518412041e-09,"SAMM50",0.459520394793167,6.88995675649644e-15
"ENSG00000100348","TXN2",0.368415656160117,4.35344321534503e-09,"TXN2",0.162610112507792,0.0214311925489358
"ENSG00000100364","KIAA0930",0.138043702726182,0.165419391193692,"KIAA0930",0.287343522406636,0.00150718321297335
"ENSG00000100417","PMM1",0.152461830233069,0.290806001391365,"PMM1",-0.0229309211142217,0.914308950638517
"ENSG00000100418","DESI1",-0.237254316061123,0.0112257964403863,"DESI1",-0.0976526378469531,0.391391619578659
"ENSG00000100429","HDAC10",0.244857091265962,0.201145317817128,"HDAC10",0.193151457964671,0.289966964443842
"ENSG00000100441","KHNYN",0.619992380482113,1.85492175312194e-06,"KHNYN",0.301080636638176,0.0227392425532238
"ENSG00000100461","RBM23",0.207183643519062,0.0380877840886168,"RBM23",0.41606691759403,9.26486484714195e-05
"ENSG00000100473","COCH",0.107108628737976,0.7047134592528,"COCH",-0.132278991989831,0.524105145424146
"ENSG00000100504","PYGL",-0.22193281790912,0.0394239285323407,"PYGL",-0.269918218025191,0.0130017401061723
"ENSG00000100612","DHRS7",1.16554564635058,3.27751980239898e-22,"DHRS7",1.21034779458306,1.46684278871181e-23
"ENSG00000100644","HIF1A",0.243531284246016,0.0225678481131262,"HIF1A",0.465200001972143,2.86933641963041e-06
"ENSG00000100664","EIF5",-0.000406215413255425,0.999769847841042,"EIF5",-0.182665396956858,0.0389854192759365
"ENSG00000100722","ZC3H14",0.0807631218617439,0.275295988055012,"ZC3H14",0.144192268201082,0.0253443465868175
"ENSG00000100865","CINP",-0.068837219976542,0.586035509555764,"CINP",-0.226269724123694,0.020500314120583
"ENSG00000100867","DHRS2",-0.671119815419456,0.00468436823902372,"DHRS2",0.0249954148004889,0.93183124691646
"ENSG00000100883","SRP54",0.207916635145925,0.00497132854313944,"SRP54",0.108227895630938,0.204829927592529
"ENSG00000100889","PCK2",-1.1354607418171,1.03704629090076e-05,"PCK2",-0.983490863753146,0.000114751624173862
"ENSG00000100934","SEC23A",-0.122528790858395,0.288951042079639,"SEC23A",-0.249774718599465,0.0123238907283315
"ENSG00000100997","ABHD12",-0.000529087941918037,0.999769847841042,"ABHD12",0.0812241375443417,0.444084898782777
"ENSG00000101000","PROCR",1.10841254712341,7.69249890741243e-25,"PROCR",1.24246390693042,1.04573945910749e-28
"ENSG00000101019","UQCC1",-0.0384683422391363,0.821880588336669,"UQCC1",0.1862411785942,0.107782337465152
"ENSG00000101079","NDRG3",-0.126234829104615,0.352064191958983,"NDRG3",-0.0386248899685917,0.828212760651756
"ENSG00000101255","TRIB3",-1.14792776067822,3.66650437814719e-07,"TRIB3",-1.17981574808641,1.60800661923397e-07
"ENSG00000101266","CSNK2A1",-0.303172857843299,1.96046885364495e-11,"CSNK2A1",-0.292369209866372,1.65801938633002e-10
"ENSG00000101307","SIRPB1",-0.955006337103287,0.000311963777281308,"SIRPB1",-1.22824023164539,0.000230946403252551
"ENSG00000101361","NOP56",-0.213248876083702,0.0157488507002992,"NOP56",-0.322418017222603,9.90128931135095e-05
"ENSG00000101400","SNTA1",-0.0750289810490721,0.742969163497632,"SNTA1",-0.310686135995381,0.0754318292596784
"ENSG00000101544","ADNP2",-0.114411150248785,0.283963032581499,"ADNP2",0.138189603706565,0.170812443226635
"ENSG00000101844","ATG4A",0.540053933851345,9.07818600938873e-05,"ATG4A",0.443704716649974,0.00225544962775058
"ENSG00000101849","TBL1X",-0.715294969536011,2.8317034046973e-05,"TBL1X",-0.107059463385287,0.579000487365713
"ENSG00000101856","PGRMC1",0.362919303992891,2.70323901758187e-06,"PGRMC1",0.306338788114905,0.000105451095117551
"ENSG00000101868","POLA1",-1.58140687196878,8.10560268986095e-40,"POLA1",-1.40467470922727,3.17126850125904e-33
"ENSG00000101888","NXT2",-0.228859504103857,0.0196542266822305,"NXT2",-0.140609939052487,0.180583363607742
"ENSG00000101935","AMMECR1",-0.187240599150821,0.0435527413941019,"AMMECR1",0.150176422863555,0.0933652995177637
"ENSG00000101945","SUV39H1",-0.345936922709053,0.0383637650204974,"SUV39H1",-0.163388662407477,0.337598503198704
"ENSG00000102007","PLP2",-0.193352585534976,0.0210273981061078,"PLP2",-0.06391563213559,0.547716253492886
"ENSG00000102024","PLS3",0.0851207251577329,0.396019169252413,"PLS3",-0.124668535079725,0.17537105989553
"ENSG00000102038","SMARCA1",-0.415187381236155,0.00185594313642377,"SMARCA1",-0.164667924815443,0.248227283085495
"ENSG00000102048","ASB9",-0.38278589704006,0.165251307195134,"ASB9",0.0506698483414944,0.858072271015639
"ENSG00000102119","EMD",-0.208576057841493,0.00394977809161333,"EMD",-0.116032450249779,0.153327290868186
"ENSG00000102452","NALCN",-0.319243626224453,0.11634165619449,"NALCN",-0.301783350406721,0.106066780998215
"ENSG00000102572","STK24",-0.236132607343048,0.0193034697292692,"STK24",-0.0208247675558051,0.899709334656851
"ENSG00000102886","GDPD3",1.80402191954885,0.000151071071981059,"GDPD3",1.07136276138132,0.0065872696928793
"ENSG00000102893","PHKB",-0.809083238928604,1.74697408054212e-16,"PHKB",-0.997855005982342,4.64414414318991e-24
"ENSG00000102974","CTCF",0.0946404817999691,0.395911142974239,"CTCF",0.219904946161128,0.0169147094302125
"ENSG00000102996","MMP15",1.08805284468121,2.26920329636386e-05,"MMP15",1.16464548306333,1.33289597539729e-05
"ENSG00000103034","NDRG4",1.03173589496757,2.83251528501118e-05,"NDRG4",1.38990748336873,4.14665002322713e-06
"ENSG00000103091","WDR59",-0.221368864660275,0.062532781952419,"WDR59",-0.0397555875060772,0.819554202664525
"ENSG00000103145","HCFC1R1",-0.296464975189351,0.0021653841977462,"HCFC1R1",-0.325766362971387,0.000460700596384219
"ENSG00000103202","NME4",-0.206752047402203,0.0358747522839306,"NME4",-0.332785186377841,0.000260538875461355
"ENSG00000103253","HAGHL",-0.073231062090306,0.766639663685765,"HAGHL",-0.293995204945139,0.0969907946573865
"ENSG00000103257","SLC7A5",-0.732452525365656,4.39562942421697e-06,"SLC7A5",-0.975421488883632,2.97516944811941e-09
"ENSG00000103260","METRN",-0.0900422946798432,0.658888208785874,"METRN",-0.638086078797137,6.66999582590987e-05
"ENSG00000103266","STUB1",-0.278091899186427,0.0027598321890034,"STUB1",-0.262546018079324,0.00464489431158417
"ENSG00000103415","HMOX2",0.423111092086512,1.04694194414841e-07,"HMOX2",0.479258778403432,2.00973829526959e-09
"ENSG00000103485","QPRT",-0.458488555053647,0.123572159974125,"QPRT",-1.07494664279166,0.00599681501534814
"ENSG00000103550","KNOP1",0.270510754683093,4.2189177993237e-06,"KNOP1",0.0499869937819012,0.541882732894442
"ENSG00000103769","RAB11A",-0.0147427825652034,0.907964354100584,"RAB11A",0.130338506062744,0.102475565547731
"ENSG00000104055","TGM5",0.814278096993971,0.0196834920054928,"TGM5",0.459106250655226,0.105043447298629
"ENSG00000104131","EIF3J",-0.125589492403506,0.111988202202903,"EIF3J",-0.264389418133073,0.000174661837861316
"ENSG00000104320","NBN",-0.231535876214327,0.00266487491731109,"NBN",-0.0112951449310101,0.932925361695864
"ENSG00000104341","LAPTM4B",0.322755213666636,3.91542764732995e-07,"LAPTM4B",0.257868324357337,0.0001080651618856
"ENSG00000104368","PLAT",2.06150718740057,7.48320167788866e-23,"PLAT",2.21883678485412,5.03382894847632e-25
"ENSG00000104472","CHRAC1",-0.371749825930733,1.36706183973591e-07,"CHRAC1",-0.16744497185188,0.029392132379984
"ENSG00000104522","GFUS",0.179632304751628,0.132392866010224,"GFUS",-0.0109755505954363,0.949331465501864
"ENSG00000104679","R3HCC1",0.459930499861727,4.46353532236984e-07,"R3HCC1",0.449259149368323,1.67569053756466e-06
"ENSG00000104687","GSR",-0.0280009695302767,0.813636760776205,"GSR",0.182374630496988,0.0206734355607065
"ENSG00000104805","NUCB1",0.206364775143687,0.0785879313495798,"NUCB1",-0.0752653222996014,0.599971631086956
"ENSG00000104812","GYS1",0.13261836425389,0.442424510594015,"GYS1",0.0458672310625621,0.829065090074142
"ENSG00000104824","HNRNPL",-0.324477768400718,0.000223575701727588,"HNRNPL",-0.152606885066067,0.115114324079307
"ENSG00000104833","TUBB4A",0.58972348992948,0.0733280223906443,"TUBB4A",-0.319064493797412,0.200973517245987
"ENSG00000104870","FCGRT",-0.148129893322541,0.619703424951389,"FCGRT",-0.223206547808183,0.324937255389077
"ENSG00000104960","PTOV1",0.0984359755991102,0.494871371200818,"PTOV1",-0.00418988393056916,0.98224093575895
"ENSG00000104964","TLE5",0.019218230143538,0.896536888470894,"TLE5",-0.257626658514552,0.00328737145009861
"ENSG00000104980","TIMM44",-0.187249966385332,0.0308089894986284,"TIMM44",-0.249331264135007,0.00303483469072499
"ENSG00000105048","TNNT1",-0.196491994656863,0.206826148705362,"TNNT1",-0.156410502144121,0.309587750745121
"ENSG00000105146","AURKC",0.14070585717443,0.649478088271273,"AURKC",-0.0261939706469089,0.93404997936801
"ENSG00000105220","GPI",-0.184153759044223,0.0306101601879301,"GPI",-0.180032008051022,0.0351586777768052
"ENSG00000105246","EBI3",1.47482609922686,0.00048837917326979,"EBI3",1.1120669876471,0.00307166105747399
"ENSG00000105281","SLC1A5",-0.469057557771631,0.00011632512322903,"SLC1A5",-0.229176945950066,0.0679029990791218
"ENSG00000105287","PRKD2",1.23632516907394,1.92748937861205e-21,"PRKD2",1.2784687309807,1.67884721384285e-20
"ENSG00000105290","APLP1",2.99411858488766,7.95748220947622e-14,"APLP1",2.12364436868997,1.36662002534624e-05
"ENSG00000105327","BBC3",1.18804728223976,1.08218788167042e-15,"BBC3",1.64440075348771,1.36879292662062e-28
"ENSG00000105355","PLIN3",0.220768829247645,0.0321865987255383,"PLIN3",0.120484953580511,0.302215181297264
"ENSG00000105404","RABAC1",0.179720917499223,0.24753423540334,"RABAC1",-0.00680899947954392,0.974484838787931
"ENSG00000105519","CAPS",0.504050806683233,0.0974643919276202,"CAPS",0.0450154604328057,0.884344379304847
"ENSG00000105612","DNASE2",0.783071514037048,0.000121360897161877,"DNASE2",0.0883933197693152,0.736828147624319
"ENSG00000105649","RAB3A",0.373475194456648,0.124941301767412,"RAB3A",0.210479897967968,0.392544702423344
"ENSG00000105698","USF2",-0.0795925261198204,0.532120780150773,"USF2",-0.232671857161973,0.0203225797634686
"ENSG00000105705","SUGP1",0.150039127289376,0.211384678418684,"SUGP1",-0.0400978085889318,0.808990529753016
"ENSG00000105755","ETHE1",0.177634301617377,0.173525164988232,"ETHE1",0.120042980908236,0.399398463204276
"ENSG00000105767","CADM4",-0.0178983918727136,0.972927445944872,"CADM4",0.11390221597482,0.661405418427037
"ENSG00000105948","IFT56",0.0626174908665944,0.658253054394787,"IFT56",-0.08877948236389,0.503390367289146
"ENSG00000105963","ADAP1",0.347234256127337,0.152622072775901,"ADAP1",0.168165214273655,0.451167057974003
"ENSG00000105971","CAV2",0.0790122645637565,0.535634634868275,"CAV2",0.051136970469496,0.713066890974907
"ENSG00000105974","CAV1",-0.168881120983101,0.271840434645089,"CAV1",-0.0931616800782073,0.577821306089137
"ENSG00000106070","GRB10",-0.11538634658249,0.529610770318275,"GRB10",-0.190934898354868,0.22163510646839
"ENSG00000106080","FKBP14",0.299733062026081,0.000615970770425137,"FKBP14",0.1145020128416,0.287819622132441
"ENSG00000106105","GARS1",-0.938146682825155,1.69140813084267e-14,"GARS1",-1.07824880757275,1.6559026958726e-18
"ENSG00000106144","CASP2",-0.00276967394484987,0.996700252507754,"CASP2",-0.0215422836606362,0.901401731310373
"ENSG00000106261","ZKSCAN1",-0.0453831409652063,0.704814413864049,"ZKSCAN1",-0.192446654169299,0.0276236562249751
"ENSG00000106367","AP1S1",0.471338463540205,0.00319660928977636,"AP1S1",0.0528008345074105,0.811505638794695
"ENSG00000106415","GLCCI1",0.79658330884929,1.56890670456336e-07,"GLCCI1",0.730160325547983,1.3404090522401e-06
"ENSG00000106443","PHF14",-0.284614274684907,0.000645380180699086,"PHF14",-0.251034635358426,0.0025748425037623
"ENSG00000106459","NRF1",-0.444656012789204,0.00255042289026116,"NRF1",-0.182501566113317,0.233634996972371
"ENSG00000106477","CEP41",-0.486230439498386,8.63334244702986e-10,"CEP41",-0.349195760160751,2.34588351989638e-05
"ENSG00000106524","ANKMY2",0.178444609238272,0.0546391035708159,"ANKMY2",0.279705099605858,0.00139116988686157
"ENSG00000106608","URGCP",0.0965831822326558,0.547365980193572,"URGCP",0.0354592375629501,0.861448458498308
"ENSG00000106723","SPIN1",-0.319219858353452,1.30708399496329e-05,"SPIN1",-0.11782305805893,0.156397900802215
"ENSG00000106789","CORO2A",0.0469047304749058,0.781242267980703,"CORO2A",0.270027628322569,0.0136172128181646
"ENSG00000106829","TLE4",0.119872917759231,0.452037398138954,"TLE4",0.611441476016705,2.33719200095397e-06
"ENSG00000106991","ENG",-0.140199696168007,0.404253289013218,"ENG",-0.29532606371614,0.0374541961758219
"ENSG00000106992","AK1",1.29627794871044,2.06467866464135e-18,"AK1",1.12372184113474,1.1659682063014e-13
"ENSG00000107281","NPDC1",0.00526376449633924,0.989236840981108,"NPDC1",-0.196588152729185,0.0951068848409176
"ENSG00000107362","ABHD17B",0.241489500245075,0.0322493504499254,"ABHD17B",0.0567859480281947,0.710444902694675
"ENSG00000107371","EXOSC3",-0.401071912867976,0.000353195999375163,"EXOSC3",-0.186587281880481,0.117995246839528
"ENSG00000107438","PDLIM1",0.383162034400508,0.000834628692601384,"PDLIM1",0.722654568414113,2.68941817100559e-10
"ENSG00000107551","RASSF4",-0.219243679534346,0.244096043186026,"RASSF4",-0.159722994179847,0.388315760198903
"ENSG00000107614","TRDMT1",-0.843185118463559,4.49282778730358e-08,"TRDMT1",-0.477851953881354,0.000528296697156528
"ENSG00000107745","MICU1",-0.252035242108979,0.0144102688886081,"MICU1",-0.373037800589,9.02488719626072e-05
"ENSG00000107758","PPP3CB",-0.273937345235109,0.000567755959857714,"PPP3CB",0.0292414954013996,0.815089649482346
"ENSG00000107796","ACTA2",1.25482084477314,1.8285726121439e-07,"ACTA2",0.663443310029436,0.00322399120705082
"ENSG00000107798","LIPA",0.28019463077403,0.0285627004952556,"LIPA",0.00671509418097283,0.974484838787931
"ENSG00000107882","SUFU",-0.474243066110293,0.000422960278988801,"SUFU",-0.225817453259985,0.0886984700421145
"ENSG00000108312","UBTF",-0.101698205545188,0.434146980663943,"UBTF",0.154431258039496,0.176336577396544
"ENSG00000108349","CASC3",0.00823812341105811,0.955618300106097,"CASC3",0.165947343802991,0.0296974734480275
"ENSG00000108370","RGS9",0.303207691652751,0.166641039079374,"RGS9",0.66143539242045,0.000553294774866842
"ENSG00000108439","PNPO",0.20511452530848,0.0532781406247993,"PNPO",0.141607686378952,0.21044161480365
"ENSG00000108479","GALK1",0.138442548003456,0.423513400957638,"GALK1",0.0799904294733673,0.671842143271771
"ENSG00000108518","PFN1",-0.20345218153144,0.117659425328635,"PFN1",-0.230884201037384,0.0590771473698143
"ENSG00000108622","ICAM2",1.10867863720521,2.26526459087824e-10,"ICAM2",1.07107671933736,8.6360911623161e-13
"ENSG00000108639","SYNGR2",0.460839835881451,0.000229577146448778,"SYNGR2",0.353758202292839,0.0043921337431299
"ENSG00000108671","PSMD11",-0.242935528645058,0.00853829434045822,"PSMD11",-0.0316164698439578,0.826370660350308
"ENSG00000108797","CNTNAP1",-0.0141800512229938,0.973175669628412,"CNTNAP1",-0.128353951521112,0.536941454751706
"ENSG00000108798","ABI3",-2.63182025112407,5.48653298716837e-06,"ABI3",-0.604933385940979,0.042749007795743
"ENSG00000108828","VAT1",0.470328240160002,1.1508322790501e-05,"VAT1",0.201142447127785,0.080124881161544
"ENSG00000108840","HDAC5",0.70750825180274,0.000252043391602284,"HDAC5",0.609092605671295,0.00146023041959567
"ENSG00000108852","MPP2",0.0233594239994899,0.959445482940364,"MPP2",-0.0335946230945401,0.914960548346928
"ENSG00000109062","NHERF1",0.650928866550632,1.70935658454584e-11,"NHERF1",0.577809641945017,1.99975179530522e-09
"ENSG00000109099","PMP22",0.127051177712463,0.41632683016053,"PMP22",0.109408625242801,0.459407730157334
"ENSG00000109107","ALDOC",-0.0305591200796685,0.93192174659001,"ALDOC",0.293603694585991,0.156707195481509
"ENSG00000109323","MANBA",0.188125241031036,0.154216125502067,"MANBA",0.101033154923761,0.480908940699741
"ENSG00000109332","UBE2D3",-0.405056385242098,4.49372616441733e-11,"UBE2D3",-0.266820622966494,2.2979765108009e-05
"ENSG00000109501","WFS1",0.908021103609577,6.57496225361634e-14,"WFS1",0.736816116860054,6.05585272160757e-09
"ENSG00000109534","GAR1",-0.133282934264282,0.174275680180752,"GAR1",0.0255099857456287,0.861058868781341
"ENSG00000109586","GALNT7",-0.178703668568077,0.168428912593998,"GALNT7",-0.127935957506319,0.341599495479842
"ENSG00000109667","SLC2A9",1.70324598322088,0.000290531211575383,"SLC2A9",1.98032559019878,3.81071921717075e-05
"ENSG00000110011","DNAJC4",0.783675587760756,1.81941163277439e-05,"DNAJC4",0.488688192304033,0.0050737246081766
"ENSG00000110042","DTX4",0.426610581344036,0.0220486924607599,"DTX4",0.122818161120934,0.606073633833717
"ENSG00000110046","ATG2A",0.864199364219871,2.51921830080812e-10,"ATG2A",0.789470519776649,4.25471600378889e-08
"ENSG00000110108","TMEM109",-0.00793535066948424,0.965853890857126,"TMEM109",-0.00936199212171472,0.947204247041109
"ENSG00000110171","TRIM3",0.87600490766977,3.09622868549306e-05,"TRIM3",0.422004708624043,0.0264993923268034
"ENSG00000110321","EIF4G2",-0.0599628094671947,0.588800632296852,"EIF4G2",-0.00439828835443228,0.974436270772328
"ENSG00000110619","CARS1",-0.590208750670219,9.33910559535129e-07,"CARS1",-0.54718315737367,4.71855937906136e-06
"ENSG00000110717","NDUFS8",0.0564678781501716,0.53519949963668,"NDUFS8",-0.125502470921102,0.105541903630177
"ENSG00000110851","PRDM4",-0.172537978783046,0.0660835951512188,"PRDM4",0.00418145808826105,0.977271305940634
"ENSG00000110881","ASIC1",-0.0145638977214184,0.961204525185524,"ASIC1",-0.470088680824466,0.00273147878036109
"ENSG00000110987","BCL7A",-0.0721084181719102,0.71083139376867,"BCL7A",-0.152172216493712,0.313167747091419
"ENSG00000111077","TNS2",0.208374020375592,0.137429854169148,"TNS2",0.591666378794342,5.60983538033118e-06
"ENSG00000111144","LTA4H",0.238210157693195,0.0346333737343313,"LTA4H",0.458385494760646,1.13757155395549e-05
"ENSG00000111199","TRPV4",0.245671211068897,0.307529269113546,"TRPV4",-0.199082084637192,0.383467623129309
"ENSG00000111371","SLC38A1",-0.235828934256145,0.201672455852201,"SLC38A1",-0.142118156697424,0.446361818955889
"ENSG00000111540","RAB5B",0.21363406028113,0.0830075371612463,"RAB5B",0.254269176047641,0.0332079115603027
"ENSG00000111640","GAPDH",-0.137618180737823,0.110564546246962,"GAPDH",-0.380590860309776,3.38480194708744e-07
"ENSG00000111652","COPS7A",-0.28976726246788,0.000581443382722645,"COPS7A",-0.23958452342101,0.00515883528162198
"ENSG00000111674","ENO2",0.0139767069449117,0.963559913140594,"ENO2",0.374246014670309,0.00949273495713734
"ENSG00000111684","LPCAT3",0.740347943261852,1.72305616874726e-06,"LPCAT3",0.630529570219687,9.4747943373566e-05
"ENSG00000111802","TDP2",-0.357781767147719,0.00381175216311496,"TDP2",-0.333731184807455,0.00588957680548086
"ENSG00000111897","SERINC1",0.426952410802589,9.13606081448405e-05,"SERINC1",0.117265528599211,0.370784327363957
"ENSG00000111962","UST",-1.09876529367043,5.23797099491946e-08,"UST",-0.705890754013443,7.91020290432693e-05
"ENSG00000112039","FANCE",-0.342922121761616,0.00967322995679802,"FANCE",-0.180277856702951,0.190197837015038
"ENSG00000112081","SRSF3",-0.57363151316313,6.3718534356931e-14,"SRSF3",-0.480860986092573,2.93614591535421e-10
"ENSG00000112118","MCM3",-1.11103228035095,6.65911210909131e-32,"MCM3",-0.985467408896809,6.28437799867068e-26
"ENSG00000112237","CCNC",-0.141852047015609,0.167911979345051,"CCNC",-0.0401292369009096,0.770713326393381
"ENSG00000112249","ASCC3",-0.135793995578615,0.234130087114072,"ASCC3",-0.0214333894636633,0.899709334656851
"ENSG00000112367","FIG4",-0.27987439491446,0.0931700668517553,"FIG4",-0.280625363064608,0.0476864631662785
"ENSG00000112414","ADGRG6",-0.0731332566883327,0.719457938517671,"ADGRG6",-0.0457686757698574,0.834794649956205
"ENSG00000112425","EPM2A",-0.570167626758894,0.015778656485208,"EPM2A",-0.674999602150342,0.00234577844936857
"ENSG00000112658","SRF",-0.347063571858424,0.00584751000998964,"SRF",0.0236688809289337,0.90946040867105
"ENSG00000112697","TMEM30A",-0.254062980684594,0.00106922995119046,"TMEM30A",-0.244954021977057,0.00176418654582131
"ENSG00000112769","LAMA4",0.083978217456496,0.591440480015549,"LAMA4",-0.1491485592212,0.272440368419027
"ENSG00000112773","TENT5A",1.6015437363217,1.46149837794548e-38,"TENT5A",1.26408525323278,4.78618141387706e-24
"ENSG00000113013","HSPA9",-0.424937079496213,1.99812542052173e-07,"HSPA9",-0.401373357589499,7.6156710036301e-07
"ENSG00000113083","LOX",-0.248701488950927,0.0938621845729296,"LOX",-0.47621712735726,0.000354921652923578
"ENSG00000113163","CERT1",-0.244122660927495,0.0033582392273968,"CERT1",-0.200530723568726,0.017240079283002
"ENSG00000113272","THG1L",0.319306906612464,0.000155508162429406,"THG1L",0.269976018670206,0.00178539711280928
"ENSG00000113328","CCNG1",0.469493805600658,2.91189707407735e-05,"CCNG1",0.0657494166923639,0.680925049382858
"ENSG00000113407","TARS1",-0.391121546568407,1.43891583746601e-07,"TARS1",-0.347447878516966,2.62658574254752e-06
"ENSG00000113569","NUP155",-0.288372899303917,0.000756365853452152,"NUP155",-0.0230819350095099,0.874509968650516
"ENSG00000113615","SEC24A",0.0720563488981974,0.661578747004353,"SEC24A",0.102169213126679,0.495413827532091
"ENSG00000113758","DBN1",-0.174974536940464,0.0507484076200422,"DBN1",-0.0747596949768009,0.490637784903169
"ENSG00000113805","CNTN3",-0.752284234920592,0.0120776909456871,"CNTN3",-1.40980754330839,5.12289564943276e-06
"ENSG00000114126","TFDP2",0.113326179145601,0.212737704183939,"TFDP2",0.271648940515048,0.000531626968797612
"ENSG00000114383","TUSC2",0.426353069297162,1.99708258676769e-07,"TUSC2",0.106698104079299,0.3006950000218
"ENSG00000114480","GBE1",-0.469603984523965,4.38034055429717e-05,"GBE1",-0.839728129392741,1.42891464451954e-11
"ENSG00000114573","ATP6V1A",0.16193116199559,0.0460652611999503,"ATP6V1A",0.255774058807002,0.000690412037876548
"ENSG00000114698","PLSCR4",-0.146997514718453,0.549480635461074,"PLSCR4",-0.254757481283752,0.183875123835381
"ENSG00000114770","ABCC5",0.264106453252004,0.00504798433572473,"ABCC5",0.264771091889018,0.00721115091513405
"ENSG00000114784","EIF1B",0.105832445502351,0.36659555996605,"EIF1B",0.0296828098464215,0.853371680159871
"ENSG00000114923","SLC4A3",0.244129553572914,0.252547086104976,"SLC4A3",0.154743374801679,0.464153023071721
"ENSG00000115008","IL1A",0.320172259551264,0.141905653436012,"IL1A",0.189306079448721,0.338064125484619
"ENSG00000115129","TP53I3",2.70834911237509,1.5003800964125e-70,"TP53I3",2.01775620766352,1.18447503435979e-39
"ENSG00000115170","ACVR1",-0.463197304979489,0.00136877767291786,"ACVR1",-0.27699003689187,0.0486456957024753
"ENSG00000115194","SLC30A3",1.93151394238138,1.60920007656196e-26,"SLC30A3",2.48665922357739,2.39652978673e-43
"ENSG00000115234","SNX17",-0.442726130342165,2.0966736291349e-07,"SNX17",-0.491509462018723,1.18140478227645e-08
"ENSG00000115239","ASB3",-0.0322672384164239,0.845445583735029,"ASB3",-0.212792738892425,0.0530340069046665
"ENSG00000115419","GLS",-0.100077398841718,0.473999713745429,"GLS",-0.174584267166799,0.142230973552782
"ENSG00000115457","IGFBP2",-0.548551764180197,0.0634003241480429,"IGFBP2",0.355932417295859,0.183668787096537
"ENSG00000115590","IL1R2",0.392574014126788,0.167914937028401,"IL1R2",0.962122366018579,0.0135238416946576
"ENSG00000115641","FHL2",0.93385216419624,7.631684663837e-15,"FHL2",1.011747798489,7.43897529333034e-17
"ENSG00000115694","STK25",0.0778811573020237,0.463646679682443,"STK25",0.133185126756642,0.155223801174208
"ENSG00000115750","TAF1B",-0.61568176206632,4.55304412620863e-09,"TAF1B",-0.397620297645228,0.000102888321793294
"ENSG00000115758","ODC1",-0.458520405092302,1.82668869233282e-06,"ODC1",-0.157927958285539,0.142019798524731
"ENSG00000115762","PLEKHB2",0.173417806612017,0.00662030512613627,"PLEKHB2",0.240265092774056,0.00011454040064755
"ENSG00000115875","SRSF7",-0.794271898613406,1.51372485590099e-23,"SRSF7",-0.725817258814086,1.02248968593831e-19
"ENSG00000115902","SLC1A4",-1.07217201567747,1.84997911918807e-05,"SLC1A4",-0.658912276485334,0.00373610768090562
"ENSG00000116062","MSH6",-0.634020644749648,3.7843518538325e-24,"MSH6",-0.456966697033602,2.08713830709822e-13
"ENSG00000116183","PAPPA2",-1.47546962604239,1.84238572127529e-08,"PAPPA2",-1.63731741165037,7.52543291704032e-11
"ENSG00000116191","RALGPS2",-0.341875352647814,0.00701281151180096,"RALGPS2",-0.314724640635843,0.0217999951173369
"ENSG00000116212","LRRC42",0.0178135236084499,0.911487562075033,"LRRC42",0.228488856297236,0.0128570452487898
"ENSG00000116237","ICMT",-0.25788934934835,0.00200470725309253,"ICMT",-0.170431625035073,0.0527879955331561
"ENSG00000116299","ELAPOR1",1.56600528763573,4.23021843337352e-18,"ELAPOR1",1.78278442685734,1.06904941882083e-23
"ENSG00000116337","AMPD2",0.176172881957075,0.123345349521059,"AMPD2",-0.0341391027458226,0.838688279505318
"ENSG00000116478","HDAC1",0.0498263167710966,0.500560920727043,"HDAC1",0.0944019323226194,0.154092527545561
"ENSG00000116489","CAPZA1",-0.287380129814838,4.16916536752103e-05,"CAPZA1",-0.152166946516663,0.0472422367577674
"ENSG00000116514","RNF19B",1.27142553292898,1.52444051564148e-21,"RNF19B",1.11574470403886,1.60855967829639e-16
"ENSG00000116560","SFPQ",-0.433561028970298,8.38392775397959e-11,"SFPQ",-0.0802657435918191,0.349314492291635
"ENSG00000116584","ARHGEF2",-0.233308844802125,0.0125339873013106,"ARHGEF2",-0.373544013884003,2.22718710636884e-05
"ENSG00000116586","LAMTOR2",0.214786781756327,0.129505527906395,"LAMTOR2",0.0904819292832632,0.582296047353276
"ENSG00000116701","NCF2",0.673375050420152,0.000291595253373901,"NCF2",1.01026474673428,8.71746135917289e-08
"ENSG00000116761","CTH",-0.590576954213287,0.0152713504030794,"CTH",-0.566613224473715,0.011597595395842
"ENSG00000117054","ACADM",-0.215584920109513,0.038705100463672,"ACADM",-0.21551345038083,0.0332162349246118
"ENSG00000117280","RAB29",0.389939837473434,0.000228120196047571,"RAB29",0.387191415986574,0.000211218865133671
"ENSG00000117335","CD46",0.0169215783795251,0.944146862056395,"CD46",-0.100270738680241,0.517001970426458
"ENSG00000117472","TSPAN1",2.33622534567044,2.88910380831162e-15,"TSPAN1",2.40099531364804,1.22480171208408e-14
"ENSG00000117594","HSD11B1",-1.32497159202917,2.30825895981526e-08,"HSD11B1",-1.80185753418265,3.93749429788297e-13
"ENSG00000117616","RSRP1",0.372470428638017,0.019358448938499,"RSRP1",-0.472361016298172,0.00377404341055726
"ENSG00000117676","RPS6KA1",0.846352765787885,7.30728184132266e-11,"RPS6KA1",1.2625384782137,3.81165532164568e-21
"ENSG00000117713","ARID1A",0.118089893260302,0.277338433280169,"ARID1A",0.193582715460057,0.0485187865041102
"ENSG00000117758","STX12",0.127523615484933,0.221567498305393,"STX12",0.0544054633741378,0.680266878039306
"ENSG00000117899","MESD",0.240423151470196,0.000233382658054288,"MESD",0.206563504749776,0.00197648639700409
"ENSG00000118007","STAG1",-0.953005695324752,1.95618382736736e-31,"STAG1",-0.484171961086839,8.61061267685836e-10
"ENSG00000118263","KLF7",-0.454031184062944,7.58217564722705e-05,"KLF7",-0.400176757158471,0.000429643842237855
"ENSG00000118292","C1orf54",-0.213023502249789,0.474431146105323,"C1orf54",-0.058327074157927,0.841432890671485
"ENSG00000118600","RXYLT1",0.0968453413194531,0.243115338756318,"RXYLT1",0.00245547745542604,0.984575850795219
"ENSG00000118640","VAMP8",0.37571138404261,0.132227918066222,"VAMP8",0.758580656214478,0.00931469592124386
"ENSG00000118785","SPP1",0.0262860039764719,0.930438402845965,"SPP1",0.262752404134499,0.109960356131587
"ENSG00000118873","RAB3GAP2",-0.353309720487145,0.000180644186819655,"RAB3GAP2",-0.310946521025708,0.000887813222390103
"ENSG00000118894","EEF2KMT",-0.0518644161224977,0.747478773528804,"EEF2KMT",-0.0969009785518202,0.482995731014052
"ENSG00000119004","CYP20A1",0.0836823507622897,0.470992743610393,"CYP20A1",0.212036170064321,0.0244123863482984
"ENSG00000119328","ABITRAM",-0.179176767737924,0.270842346095449,"ABITRAM",-0.0508265226692213,0.814540109442471
"ENSG00000119335","SET",-0.414307103482715,2.67375203154271e-09,"SET",-0.147290818737977,0.0599703389514766
"ENSG00000119471","HSDL2",0.557700179398452,4.03440120260227e-12,"HSDL2",0.587310684104964,2.14144954707357e-13
"ENSG00000119522","DENND1A",-0.975591399234287,7.07089917539622e-14,"DENND1A",-1.3562815819447,9.22724311839156e-22
"ENSG00000119630","PGF",0.467681708063885,0.000945013680924774,"PGF",0.313771566444317,0.0263298098379214
"ENSG00000119632","IFI27L2",0.564328728885147,9.87937797893225e-06,"IFI27L2",0.117918345789574,0.437032508218981
"ENSG00000119655","NPC2",0.42832930071913,4.61314603116016e-06,"NPC2",0.275782300303862,0.00407626706622392
"ENSG00000119720","NRDE2",-0.128082109733708,0.280135843027993,"NRDE2",-0.168436607271361,0.128892677017278
"ENSG00000119899","SLC17A5",0.0773123036781694,0.685593842994626,"SLC17A5",0.452316352061598,0.000669407000752449
"ENSG00000119969","HELLS",-0.798498635980524,4.68333560751948e-17,"HELLS",-0.616506915629607,9.20432837646222e-11
"ENSG00000120075","HOXB5",0.151470268210603,0.38425399766478,"HOXB5",0.0965968440131637,0.592180383320461
"ENSG00000120162","MOB3B",-0.210993591970747,0.308120584670021,"MOB3B",0.0891744546438249,0.674999914338181
"ENSG00000120217","CD274",-0.544374779147089,0.000303068665650292,"CD274",-0.600161426061198,0.000117338190366417
"ENSG00000120509","PDZD11",0.216005410317587,0.0232614724356179,"PDZD11",-0.109242223298612,0.319157669465046
"ENSG00000120616","EPC1",0.215821276204176,0.00199192955789065,"EPC1",0.138751287844191,0.0645988075252834
"ENSG00000120699","EXOSC8",-0.601509912942243,7.47795429537088e-08,"EXOSC8",-0.432254895070652,7.76413352963701e-05
"ENSG00000120705","ETF1",-0.235165641445277,9.15787258476711e-05,"ETF1",-0.181944745182612,0.00367544610609953
"ENSG00000120708","TGFBI",0.388144320012647,0.00532894205488747,"TGFBI",1.42764615439015,2.33795182460476e-20
"ENSG00000120725","SIL1",-0.349083532387405,0.00354240863998529,"SIL1",-0.602008562743072,4.65149587677716e-06
"ENSG00000120802","TMPO",-0.418549655451762,3.53758908451882e-06,"TMPO",-0.0926305443357194,0.411092544044267
"ENSG00000120868","APAF1",0.689291840305268,3.40110558932181e-08,"APAF1",0.66900816597193,1.1098064661559e-07
"ENSG00000120889","TNFRSF10B",-0.129917708591822,0.179559601844376,"TNFRSF10B",-0.0369171518572895,0.780964732795446
"ENSG00000120942","UBIAD1",0.167219008619234,0.0900849418719518,"UBIAD1",-0.226320774520735,0.0188508367390784
"ENSG00000121057","AKAP1",0.269822930487747,0.000941967793734106,"AKAP1",0.404437028161134,2.81525725256293e-07
"ENSG00000121104","FAM117A",-0.196653341748086,0.423567980170142,"FAM117A",-0.254177592937869,0.288158392485613
"ENSG00000121289","CEP89",-0.319521821685336,0.00841237465875646,"CEP89",-0.408014382191204,0.000280928420081321
"ENSG00000121350","PYROXD1",-0.838841871446369,1.48427720493091e-08,"PYROXD1",-0.716887188652705,4.73189727918566e-07
"ENSG00000121680","PEX16",0.24802785294237,0.11851802738253,"PEX16",0.138439153713327,0.405995476414592
"ENSG00000121741","ZMYM2",0.254734822895082,0.029924751344744,"ZMYM2",0.240612393480487,0.0370320170875318
"ENSG00000121851","POLR3GL",0.841763693105903,2.95548910698088e-11,"POLR3GL",0.723731024333675,5.84121448954455e-08
"ENSG00000121864","ZNF639",-0.137847542889173,0.197620336329619,"ZNF639",-0.0196286864607474,0.904625810198841
"ENSG00000121900","TMEM54",0.386926745722967,0.000273186698843839,"TMEM54",0.0518069812061487,0.751247995135457
"ENSG00000121931","LRIF1",0.219017178888168,0.0157567320308425,"LRIF1",-0.441789621759979,9.921859593735e-08
"ENSG00000122140","MRPS2",-0.0469594232585279,0.667534638240989,"MRPS2",0.130827392784006,0.141341052370167
"ENSG00000122218","COPA",-0.232677252423873,0.00064528318730732,"COPA",-0.261177338259526,0.000111343494583848
"ENSG00000122376","SHLD2",-0.59130439662333,5.59078407682918e-10,"SHLD2",-0.351357625239232,0.000119793231374467
"ENSG00000122482","ZNF644",0.167936188163222,0.0468588708672159,"ZNF644",0.104241598418161,0.25965162975644
"ENSG00000122515","ZMIZ2",-0.00918686116161495,0.973381320965137,"ZMIZ2",-0.0730313816514875,0.636316719652831
"ENSG00000122550","KLHL7",0.641537582251005,2.93768721317397e-05,"KLHL7",1.05657975470893,8.58178157841067e-12
"ENSG00000122644","ARL4A",-0.137582661429222,0.393184730838569,"ARL4A",0.113785191937608,0.478796691980577
"ENSG00000122783","CYREN",-0.099303054691967,0.504674168047329,"CYREN",0.0562839543803335,0.727580486358017
"ENSG00000122882","ECD",0.211043550026551,0.00171300759760647,"ECD",0.226153887703517,0.000928379774980845
"ENSG00000122965","RBM19",0.206782775639518,0.0826633829511369,"RBM19",0.0462898758770915,0.78482028499473
"ENSG00000123096","SSPN",-0.122589229014049,0.705059337660186,"SSPN",-0.535173761937819,0.0770034451446065
"ENSG00000123130","ACOT9",0.0629764332117629,0.559126673505916,"ACOT9",0.432010837160935,3.07008588717106e-08
"ENSG00000123159","GIPC1",-0.269087467635678,0.0184712695293805,"GIPC1",-0.085598313767445,0.548960238119169
"ENSG00000123240","OPTN",0.45868189504043,0.000471642513694236,"OPTN",0.133814874649664,0.372182729523819
"ENSG00000123352","SPATS2",-0.0809096438921655,0.45391341856357,"SPATS2",0.0430822624739421,0.731339576762096
"ENSG00000123384","LRP1",0.982530101614507,7.03576062448962e-07,"LRP1",0.502586469801688,0.00558405541831514
"ENSG00000123600","METTL8",0.0442552670396502,0.736278698894702,"METTL8",0.186208979740702,0.04894446671644
"ENSG00000124006","OBSL1",0.076619279345685,0.579697652032401,"OBSL1",0.196469415146376,0.0717658130090093
"ENSG00000124067","SLC12A4",0.942900437766096,1.28898506536724e-09,"SLC12A4",1.11474680605035,7.64811324744022e-13
"ENSG00000124160","NCOA5",-0.149018964890678,0.372519593134875,"NCOA5",0.323885287973701,0.0181812263459288
"ENSG00000124193","SRSF6",-0.821123101923894,1.24262220935049e-25,"SRSF6",-0.654434434575766,8.97042347562963e-17
"ENSG00000124243","BCAS4",0.709170541340237,5.82443836354309e-10,"BCAS4",0.24547451141912,0.0678620728490884
"ENSG00000124380","SNRNP27",0.135360555199589,0.100616403312367,"SNRNP27",0.177900241320822,0.0242698649505681
"ENSG00000124570","SERPINB6",-0.0663379860014932,0.570109310530644,"SERPINB6",-0.173944026094367,0.0653653356690058
"ENSG00000124762","CDKN1A",1.38370584568841,9.9976490015241e-17,"CDKN1A",1.48038215746145,1.03104310628274e-18
"ENSG00000124789","NUP153",-0.190090865397814,0.0582530997490319,"NUP153",0.0587122252830112,0.641982740064938
"ENSG00000124839","RAB17",2.34471209580528,0.000112094610434682,"RAB17",1.72210580016363,5.29381111403918e-05
"ENSG00000125148","MT2A",-0.391946966481675,8.52976242501925e-06,"MT2A",-1.0389688965288,3.02381988041548e-33
"ENSG00000125170","DOK4",1.22484223999425,1.17668274524382e-06,"DOK4",1.38917821959744,2.03110115991097e-06
"ENSG00000125354","SEPTIN6",-0.612960057326593,0.000259532410474851,"SEPTIN6",-0.762027578134274,2.70866401625403e-05
"ENSG00000125458","NT5C",-0.603199593714847,2.16578522963864e-06,"NT5C",-0.299713453073645,0.0154113404029009
"ENSG00000125482","TTF1",0.13095174569483,0.0458452481935855,"TTF1",0.132806197568427,0.0461436850152649
"ENSG00000125648","SLC25A23",-0.0998395472431557,0.551667387411701,"SLC25A23",-0.561993141504884,4.13963486029654e-05
"ENSG00000125657","TNFSF9",0.779807262501659,1.20078510553464e-07,"TNFSF9",1.13004477547958,2.16040340126634e-13
"ENSG00000125726","CD70",0.432700601541002,0.0330981463900182,"CD70",0.37166950410305,0.0507891230412215
"ENSG00000125977","EIF2S2",-0.503244569696807,1.08713855950308e-14,"EIF2S2",-0.374286626798344,1.12392751593293e-08
"ENSG00000126070","AGO3",-0.170830041404954,0.173210117946003,"AGO3",-0.0880679873365586,0.519667227461165
"ENSG00000126216","TUBGCP3",-0.447172591500404,1.07515505885742e-06,"TUBGCP3",-0.187070399490339,0.0530124813227111
"ENSG00000126351","THRA",0.447158709659591,9.369043434338e-06,"THRA",0.390233562762616,8.42291738540159e-05
"ENSG00000126458","RRAS",0.328130485943346,0.00876453278398695,"RRAS",0.285669983163426,0.0208129814451018
"ENSG00000126562","WNK4",-0.635190032027708,0.000227493190787694,"WNK4",-0.841684900316315,6.95351411581199e-06
"ENSG00000126749","EMG1",-0.0568076430988049,0.670872785695742,"EMG1",0.0953624503660974,0.410721021087724
"ENSG00000126878","AIF1L",-0.605237185155661,0.0525400342198031,"AIF1L",-0.11795146623381,0.641584110009976
"ENSG00000127418","FGFRL1",-0.211204126058788,0.0544350988190361,"FGFRL1",-0.148724857447375,0.199324456497899
"ENSG00000127445","PIN1",-0.264321516043961,0.00675317779745201,"PIN1",-0.298139067413057,0.00164974242501862
"ENSG00000127528","KLF2",-0.566011266682216,0.00234606098573284,"KLF2",-0.136364885556882,0.483799635792078
"ENSG00000127663","KDM4B",0.79762878903617,4.71075264493524e-12,"KDM4B",0.92608718173107,3.13048150683203e-13
"ENSG00000127884","ECHS1",0.349705945249298,5.00862070777776e-09,"ECHS1",0.186851264114352,0.00410835243805019
"ENSG00000127947","PTPN12",-0.469232812145145,1.32106320592881e-07,"PTPN12",-0.235142869218232,0.0106333744680645
"ENSG00000127952","STYXL1",0.40096467028206,0.000277974384486708,"STYXL1",0.115469395596956,0.394479964739761
"ENSG00000127955","GNAI1",0.750196562740322,6.80945140354417e-11,"GNAI1",1.09317314933243,2.17588255829194e-21
"ENSG00000128272","ATF4",-0.723724025886843,9.07403170763207e-10,"ATF4",-0.892878564667048,8.12348681887159e-14
"ENSG00000128283","CDC42EP1",0.0117589581478839,0.965770538759279,"CDC42EP1",0.11469660729799,0.44973104214099
"ENSG00000128335","APOL2",1.2595052614323,7.65090842598059e-27,"APOL2",1.12862601807386,1.38936667992062e-18
"ENSG00000128340","RAC2",-0.00650316642119666,0.976826175256062,"RAC2",0.0249157535037768,0.867712036486042
"ENSG00000128739","SNRPN",-0.182359604485938,0.0589747767744314,"SNRPN",-0.415894998033875,8.46871261639392e-07
"ENSG00000128829","EIF2AK4",0.0120655420958113,0.910860599730433,"EIF2AK4",0.0692415117726688,0.361227266835901
"ENSG00000128951","DUT",-0.856190928395789,1.43636117593047e-19,"DUT",-0.795190235501661,5.40053577386515e-17
"ENSG00000128965","CHAC1",-1.50958017544126,0.000267188136156592,"CHAC1",-1.90093600514773,1.69089581857706e-05
"ENSG00000129003","VPS13C",0.0525854392429415,0.803340426360037,"VPS13C",-0.206335536206635,0.163254840403224
"ENSG00000129071","MBD4",0.098180072756435,0.279376028641822,"MBD4",0.0369952292952819,0.746485301524152
"ENSG00000129083","COPB1",0.00523480010540155,0.979377355475575,"COPB1",0.0835239729025486,0.369442129164518
"ENSG00000129116","PALLD",0.428464866765035,2.60916198081667e-05,"PALLD",0.865864942904324,1.1455874439365e-17
"ENSG00000129226","CD68",0.835949080269696,0.00010197870718538,"CD68",0.107952406244542,0.627246861269829
"ENSG00000129315","CCNT1",-0.296633487467978,0.0028855981657426,"CCNT1",-0.509733261927056,1.41335361565108e-07
"ENSG00000129347","KRI1",0.209049774668621,0.0325971373983389,"KRI1",0.128788390942997,0.228911858445018
"ENSG00000129353","SLC44A2",0.974059475714689,8.96087468308148e-11,"SLC44A2",1.17874359452061,9.86830925049789e-09
"ENSG00000129355","CDKN2D",-0.756457311428779,2.12521084913531e-09,"CDKN2D",-0.518347426919952,2.97143661867069e-05
"ENSG00000129559","NEDD8",0.0743723800441894,0.555438189122116,"NEDD8",-0.111891281693559,0.32216497591483
"ENSG00000129680","MAP7D3",-0.216048079414118,0.00302061276349036,"MAP7D3",0.104317615803868,0.209640370100243
"ENSG00000130005","GAMT",0.595608411011227,7.85643043311004e-07,"GAMT",0.772712118268318,2.99822274144933e-11
"ENSG00000130066","SAT1",1.70581823029645,6.27367696362853e-43,"SAT1",1.04086028442438,1.01018260620277e-15
"ENSG00000130208","APOC1",0.286918839851338,0.176334656227522,"APOC1",0.692169745121689,0.000418975437875639
"ENSG00000130304","SLC27A1",-0.148618113176662,0.549338150405854,"SLC27A1",0.0827387382061801,0.7209050226045
"ENSG00000130513","GDF15",2.16328808631659,8.33916848927181e-33,"GDF15",2.24515570396636,4.50352830609908e-35
"ENSG00000130517","PGPEP1",0.670596481352623,7.51173489926659e-05,"PGPEP1",1.01109470262542,1.12392751593293e-08
"ENSG00000130590","SAMD10",0.286500507432586,0.0346660611021079,"SAMD10",0.511624903273653,5.62972912484712e-05
"ENSG00000130703","OSBPL2",0.446770163127142,5.3678974369135e-06,"OSBPL2",0.504437469627248,2.97862841608157e-07
"ENSG00000130733","YIPF2",0.276852289853287,0.0159484217591451,"YIPF2",0.118992755043287,0.3847882033256
"ENSG00000130749","ZC3H4",-0.25413406710415,0.00897056274098808,"ZC3H4",-0.0314912198413347,0.837059626339163
"ENSG00000130770","ATP5IF1",0.0138871928504741,0.942089829642369,"ATP5IF1",0.0599561313370129,0.656993641713197
"ENSG00000130813","SHFL",0.306615208483788,0.0563019240740779,"SHFL",0.438490809236562,0.00364107656930716
"ENSG00000130826","DKC1",-0.394288279260834,4.11564918810237e-12,"DKC1",-0.210388636650037,0.000452979896933997
"ENSG00000130827","PLXNA3",0.775289200439205,7.60582342718119e-06,"PLXNA3",0.933066592799458,1.60603445703034e-07
"ENSG00000130935","NOL11",-0.0913986512467867,0.325062613268661,"NOL11",0.107841692311546,0.228321976877865
"ENSG00000130962","PRRG1",0.35453123671878,0.000752546764089715,"PRRG1",0.317594682284712,0.00397787917526759
"ENSG00000131051","RBM39",-0.556973804453906,2.05089105070676e-26,"RBM39",-0.452658717001543,5.88469296632553e-18
"ENSG00000131080","EDA2R",0.617280667765469,2.107914036669e-08,"EDA2R",0.405252942462217,0.000295256319757643
"ENSG00000131094","C1QL1",1.15687264376543,2.84097410026833e-05,"C1QL1",0.144329756797348,0.510489610949161
"ENSG00000131171","SH3BGRL",-0.00723832829925408,0.984691064226864,"SH3BGRL",-0.309320485379072,0.0158707801774323
"ENSG00000131174","COX7B",0.116279409968792,0.462554613026211,"COX7B",-0.205402064949005,0.122993974018965
"ENSG00000131187","F12",1.0190599174224,2.22465799529911e-13,"F12",1.0924656984719,4.80980460439158e-15
"ENSG00000131446","MGAT1",0.290105450726736,0.000670533570434458,"MGAT1",0.185340458068846,0.0432663124208372
"ENSG00000131508","UBE2D2",-0.286058438706004,2.35120046890961e-06,"UBE2D2",-0.0441304325346728,0.608977821413274
"ENSG00000131558","EXOC4",-1.19030522648965,9.38043941067969e-24,"EXOC4",-2.04603147661761,3.89611812303271e-55
"ENSG00000131650","KREMEN2",0.0199470119115724,0.963659468642917,"KREMEN2",0.334589170353873,0.116388190634831
"ENSG00000131669","NINJ1",1.31739325548196,1.46501111594474e-35,"NINJ1",0.731797241221922,6.2882759220227e-12
"ENSG00000131981","LGALS3",0.50717464998669,9.55744125121464e-06,"LGALS3",0.0257116478226488,0.895835064017822
"ENSG00000132185","FCRLA",1.98696845160732,2.61248479001983e-09,"FCRLA",1.22533779695359,0.000878291917748737
"ENSG00000132196","HSD17B7",-0.282826481704939,0.179612735587955,"HSD17B7",-0.11330046646107,0.600032131134287
"ENSG00000132256","TRIM5",0.427494842284355,0.000108968410097215,"TRIM5",0.798522343863313,7.4743069203143e-13
"ENSG00000132274","TRIM22",1.15582934750347,1.31163170737962e-09,"TRIM22",1.28958987113729,8.72709973031748e-12
"ENSG00000132357","CARD6",1.33037639823244,3.01594875825056e-20,"CARD6",1.30598454830018,7.19325280975812e-16
"ENSG00000132429","POPDC3",-0.716850018342597,9.10555296812844e-08,"POPDC3",-0.326517056416045,0.0113970063713195
"ENSG00000132467","UTP3",0.0365963581741682,0.740792658593277,"UTP3",-0.154706986534315,0.0585871799360722
"ENSG00000132470","ITGB4",1.70245432495299,2.15936701849991e-08,"ITGB4",0.662596746156609,0.0068198895176773
"ENSG00000132475","H3-3B",-0.749150031851872,2.27257689747957e-38,"H3-3B",-0.374003033323486,1.55062361710009e-10
"ENSG00000132561","MATN2",-0.0537265373617736,0.881259131920712,"MATN2",-0.46035198528115,0.107449371364728
"ENSG00000132563","REEP2",1.45941385789521,8.32717621596354e-06,"REEP2",2.34417013871907,6.43310268204225e-06
"ENSG00000132589","FLOT2",-0.114911061716925,0.377733167625409,"FLOT2",-0.182372491729081,0.105817232641555
"ENSG00000132603","NIP7",-0.581107562706151,1.31651598745087e-12,"NIP7",-0.471531211053582,7.893167751131e-09
"ENSG00000132613","MTSS2",0.563701019923442,1.10281970276766e-05,"MTSS2",0.441880867680291,0.000458123592967419
"ENSG00000132716","DCAF8",-0.350996582154768,0.00127529724311264,"DCAF8",-0.41789581233547,8.64088847561824e-05
"ENSG00000132768","DPH2",-0.10488553956823,0.294265549746296,"DPH2",-0.173045444749334,0.0639061501978631
"ENSG00000132773","TOE1",-0.537026555500331,8.45827348609686e-06,"TOE1",-0.458883449306652,0.000112549876400832
"ENSG00000132793","LPIN3",2.7014400648532,2.46401263262332e-05,"LPIN3",0.861969331043795,0.0224893822611454
"ENSG00000133138","TBC1D8B",0.0361806489177739,0.888066884084021,"TBC1D8B",-0.045691321510529,0.857578718499092
"ENSG00000133393","CEP20",-0.569958085193101,2.61228515159059e-10,"CEP20",-0.282593369305708,0.0018729879886967
"ENSG00000133398","MED10",0.0179325386173677,0.884677339292069,"MED10",-0.218637019686941,0.0048239572510352
"ENSG00000133454","MYO18B",-0.053283057334689,0.879499817241382,"MYO18B",0.139039704893607,0.579512586227671
"ENSG00000133703","KRAS",-0.123514842509326,0.117982063069464,"KRAS",0.0440332121334124,0.662648157955815
"ENSG00000133805","AMPD3",0.308139850775057,0.100705728975412,"AMPD3",0.307103532126363,0.0851248647377707
"ENSG00000133818","RRAS2",-0.265605747212492,0.012579931034975,"RRAS2",-0.314861142582611,0.00263949330284732
"ENSG00000133858","ZFC3H1",-0.124640108602953,0.247553110611435,"ZFC3H1",-0.244280594084217,0.00975032275162595
"ENSG00000133961","NUMB",-0.327366005498573,4.44451371011151e-05,"NUMB",-0.128724351356239,0.161542152329282
"ENSG00000134072","CAMK1",0.0877934685479726,0.619703424951389,"CAMK1",0.275226345033642,0.0359012315345959
"ENSG00000134077","THUMPD3",0.331251968170361,2.43065193217483e-05,"THUMPD3",0.111272019696324,0.235932676682858
"ENSG00000134243","SORT1",-0.520814496329769,0.00529381815664712,"SORT1",-0.630574024700536,0.000255665438925248
"ENSG00000134287","ARF3",-0.0231841388628453,0.817348636185904,"ARF3",-0.0660462490202034,0.414065079971953
"ENSG00000134363","FST",0.120266773917937,0.510316452534415,"FST",1.16859260210758,1.12685663862257e-14
"ENSG00000134440","NARS1",-0.25806524627463,0.00769490690342931,"NARS1",-0.136982037072904,0.19702284568089
"ENSG00000134453","RBM17",-0.156791108902939,0.00918303567281973,"RBM17",-0.0122671511447969,0.907546284684494
"ENSG00000134574","DDB2",0.7718677154622,4.22946089626582e-22,"DDB2",1.0524627428666,1.70487228679963e-40
"ENSG00000134684","YARS1",-0.893715195955387,2.75679402660638e-21,"YARS1",-0.813221075054316,7.509502551886e-18
"ENSG00000134686","PHC2",-0.341584044138468,0.000192509501060469,"PHC2",-0.1146554128641,0.28556837822513
"ENSG00000134779","TPGS2",-0.0656528152616492,0.586237537811717,"TPGS2",-0.241742759288335,0.00879261318687503
"ENSG00000134824","FADS2",-0.367857671439022,0.0284898741844294,"FADS2",-0.038460211386473,0.873112941030493
"ENSG00000135052","GOLM1",0.155429826369452,0.051442009204191,"GOLM1",0.137839926281039,0.130036182561642
"ENSG00000135069","PSAT1",-1.32517785938507,3.63646164629531e-17,"PSAT1",-1.01005203984851,1.6508729979293e-10
"ENSG00000135316","SYNCRIP",-0.627114172140471,1.2640124969648e-17,"SYNCRIP",-0.282153401109605,0.00019439117551803
"ENSG00000135338","LCA5",0.710221606464067,0.00143547265580464,"LCA5",0.21970137458924,0.321922064144144
"ENSG00000135414","GDF11",0.404774345983777,7.73927848261872e-05,"GDF11",0.486770871978871,2.90392972025121e-06
"ENSG00000135636","DYSF",-0.535629381509645,0.00235547481056149,"DYSF",-1.01633295099958,9.28329738521127e-05
"ENSG00000135679","MDM2",1.05999461645728,5.67927566556357e-14,"MDM2",1.17782783353039,9.19786633011308e-17
"ENSG00000135709","KIAA0513",0.931678011244037,0.00029899462693453,"KIAA0513",0.739936550593721,0.00488089216976263
"ENSG00000135778","NTPCR",0.357189375729723,0.00625061382292293,"NTPCR",0.263125311719863,0.0416816175334216
"ENSG00000135823","STX6",0.475598766188322,5.77280716148198e-06,"STX6",0.394750896579205,0.000219229902695862
"ENSG00000135974","C2orf49",0.632196733585051,2.44256044018371e-07,"C2orf49",0.186245154603577,0.163245473276504
"ENSG00000135999","EPC2",0.346119325080481,0.000401707154874261,"EPC2",0.0476576824420516,0.740775008478084
"ENSG00000136002","ARHGEF4",0.41870651822167,0.168995277981638,"ARHGEF4",0.828770788646997,0.0234707683040275
"ENSG00000136003","ISCU",1.05772973051851,4.35995840932787e-31,"ISCU",0.961656613241499,4.56423922258971e-25
"ENSG00000136048","DRAM1",0.835328753814578,6.98698242485309e-16,"DRAM1",0.688981897746588,6.45455292519893e-11
"ENSG00000136114","THSD1",0.645441061014803,8.48540478572459e-06,"THSD1",1.30110366008202,3.00443550224428e-16
"ENSG00000136153","LMO7",0.526439484847173,0.000244025518390337,"LMO7",0.518091914730598,0.000256715203370397
"ENSG00000136261","BZW2",-0.283320307174069,0.000563781409291927,"BZW2",-0.216666544942689,0.01056647124397
"ENSG00000136444","RSAD1",-0.39686999879671,0.00568878954931352,"RSAD1",-0.252125437855128,0.0804362409148104
"ENSG00000136450","SRSF1",-0.626852235167511,8.96455933754859e-15,"SRSF1",-0.344218073894761,2.58522479821437e-05
"ENSG00000136490","LIMD2",0.446428419854179,0.000332264354815856,"LIMD2",0.380499154420905,0.0021906261682229
"ENSG00000136527","TRA2B",-0.742827389149823,2.73591328714851e-25,"TRA2B",-0.621253258185173,3.29548059590555e-18
"ENSG00000136531","SCN2A",0.666908194648816,5.3036005637887e-10,"SCN2A",0.500882617674843,1.90220246638449e-06
"ENSG00000136628","EPRS1",-0.613585147228157,5.84771346865246e-09,"EPRS1",-0.500130788695831,1.75533425462912e-06
"ENSG00000136869","TLR4",0.562386622883856,1.62589459853147e-06,"TLR4",0.78338627166201,2.99696306226348e-10
"ENSG00000136928","GABBR2",-0.608530135378004,0.0516199746855442,"GABBR2",-3.28184431195924,2.15839609809128e-05
"ENSG00000136938","ANP32B",-0.54307888657778,1.42624775156945e-15,"ANP32B",-0.340190903329134,8.13382551531525e-07
"ENSG00000136982","DSCC1",-0.0747071759430096,0.640383563118453,"DSCC1",0.1036540140963,0.454265641170643
"ENSG00000137074","APTX",0.2647226268062,0.000477373763014121,"APTX",0.501599532531547,1.16058256417378e-11
"ENSG00000137193","PIM1",-0.270328934681435,0.118647549955043,"PIM1",0.21201776914203,0.205733448743742
"ENSG00000137203","TFAP2A",0.653981266244145,9.22453132728306e-08,"TFAP2A",0.170000484799194,0.21213557896203
"ENSG00000137310","TCF19",-0.490996561402264,1.53324933408329e-05,"TCF19",-0.359706198332832,0.00144963179023748
"ENSG00000137393","RNF144B",0.554016757024662,0.0016671550144535,"RNF144B",0.301956149634729,0.104233180669689
"ENSG00000137478","FCHSD2",0.0151634989078062,0.951317214351847,"FCHSD2",-0.228862749462908,0.0929394153165482
"ENSG00000137486","ARRB1",-0.1003122567611,0.692624794398843,"ARRB1",0.115475740665739,0.587153958880248
"ENSG00000137502","RAB30",0.794171079290209,1.84768954733329e-06,"RAB30",1.39336208925199,1.66077412988995e-15
"ENSG00000137642","SORL1",-1.11788423238605,0.00193801901747134,"SORL1",-0.47066041095203,0.0377379114797725
"ENSG00000137656","BUD13",-0.611352281682366,3.73559495587865e-08,"BUD13",-0.15761103499437,0.188832871050552
"ENSG00000137767","SQOR",0.437815741263371,0.000665527072808,"SQOR",0.341161332669274,0.00744254119377102
"ENSG00000137831","UACA",-0.164211942888065,0.202839131686226,"UACA",-0.204096320131765,0.0884995771837525
"ENSG00000137936","BCAR3",-0.737141995586253,2.19265083321955e-13,"BCAR3",-0.423947438810061,1.70932847498429e-05
"ENSG00000137942","FNBP1L",-0.294954672329499,0.0248195659955608,"FNBP1L",-0.288707577602816,0.0213167710090595
"ENSG00000138031","ADCY3",-0.943185686493092,5.56922323165764e-17,"ADCY3",-0.357325630798373,0.00154754602064975
"ENSG00000138069","RAB1A",0.136104008033255,0.120727753006464,"RAB1A",0.272172813964744,0.000533922587198173
"ENSG00000138074","SLC5A6",-0.224098690082498,0.0406618787213369,"SLC5A6",0.00499275481099632,0.976685125159083
"ENSG00000138138","ATAD1",0.0424473900939353,0.743957049385625,"ATAD1",0.125362730117631,0.212469304852044
"ENSG00000138166","DUSP5",-0.186844964465808,0.24843655623602,"DUSP5",-0.208004048301864,0.165847790422191
"ENSG00000138271","GPR87",2.11571742001227,1.42361800295494e-34,"GPR87",3.45172031514572,7.23867897440784e-39
"ENSG00000138413","IDH1",-0.168069375069993,0.286095225849172,"IDH1",-0.0257166495802061,0.908213660534092
"ENSG00000138496","PARP9",0.575473565051695,6.27090923620548e-08,"PARP9",0.476902783939723,5.61719334247309e-06
"ENSG00000138594","TMOD3",-0.0884607659880422,0.441660328704889,"TMOD3",-0.177177803773303,0.0685993927106165
"ENSG00000138606","SHF",0.020344606421362,0.966081200894443,"SHF",0.342361733393485,0.176676449564895
"ENSG00000138674","SEC31A",0.150569683433454,0.210640606879099,"SEC31A",0.223730352680176,0.0395156016513947
"ENSG00000138678","GPAT3",-0.850398199180022,6.64940493402895e-17,"GPAT3",-0.43208269236908,1.33289597539729e-05
"ENSG00000138758","SEPTIN11",-0.406578744287226,1.56463997849974e-10,"SEPTIN11",-0.394249523726567,4.73723931932417e-10
"ENSG00000138771","SHROOM3",0.985783354315546,2.66984446991693e-20,"SHROOM3",0.962711959005994,2.73420808883981e-18
"ENSG00000138794","CASP6",0.8705681126201,3.5182993206197e-22,"CASP6",0.888014520697305,2.79292573428461e-22
"ENSG00000138801","PAPSS1",-0.431801299692634,2.09676928711876e-06,"PAPSS1",-0.390583313037102,1.19004827568032e-05
"ENSG00000139269","INHBE",-2.23040679172656,9.6754747014587e-06,"INHBE",-2.54719886403419,1.57795333999735e-09
"ENSG00000139514","SLC7A1",-0.806523337279853,1.24372878158403e-14,"SLC7A1",-0.73204088943977,4.72808025003372e-12
"ENSG00000139624","CERS5",0.480578031211002,1.62859175781756e-06,"CERS5",0.627154074290527,3.19383781727866e-10
"ENSG00000139625","MAP3K12",0.325661596522743,0.091089451644754,"MAP3K12",0.234314450881786,0.190199156870326
"ENSG00000139726","DENR",-0.373685335582481,3.79080482638985e-08,"DENR",-0.3286264710491,1.59880712110814e-06
"ENSG00000139746","RBM26",-0.164472019236169,0.00804870050666473,"RBM26",-0.121931930033626,0.0625824470427171
"ENSG00000139793","MBNL2",0.45600493034952,6.1888752569505e-05,"MBNL2",0.22339662301929,0.0585102542010975
"ENSG00000139880","CDH24",0.571299455503361,0.0111321395925709,"CDH24",0.0357338051291818,0.901540307203732
"ENSG00000139990","DCAF5",0.224791388169232,0.0211966463611379,"DCAF5",0.187009869195104,0.06086720973243
"ENSG00000140044","JDP2",-1.09130261780855,7.8333618805742e-11,"JDP2",-1.36738895159042,2.96141364762941e-17
"ENSG00000140105","WARS1",-0.581268900678623,1.70296065707405e-07,"WARS1",-0.817580737980024,5.89887552336838e-13
"ENSG00000140157","NIPA2",-0.18224685067863,0.0269736664396964,"NIPA2",-0.203893366415863,0.0127765020100784
"ENSG00000140332","TLE3",0.501534970987893,1.6126494493765e-05,"TLE3",0.30095307337889,0.0117907622890067
"ENSG00000140406","TLNRD1",-0.439920950121019,0.000119212652963396,"TLNRD1",-0.348517856809457,0.00297449494214016
"ENSG00000140464","PML",0.637203128471744,1.25272891805271e-13,"PML",0.0422115230232119,0.757589735955339
"ENSG00000140525","FANCI",-0.290739748353734,0.00135658896157099,"FANCI",0.0311156911160431,0.824254399604676
"ENSG00000140694","PARN",-0.345376985364659,6.17920594248858e-07,"PARN",-0.17329056481883,0.0175633941479263
"ENSG00000141232","TOB1",0.946090291027755,5.13463009748373e-13,"TOB1",0.551614327785026,6.96928881029093e-05
"ENSG00000141295","SCRN2",-0.305838865556516,0.0436166071834384,"SCRN2",-0.291770055804387,0.0424083933678417
"ENSG00000141298","SSH2",0.306001651901781,0.00526015599257518,"SSH2",0.364513420316454,0.000441682515866164
"ENSG00000141384","TAF4B",-0.174255900183393,0.392209020322717,"TAF4B",-0.237532355620273,0.205026143886831
"ENSG00000141425","RPRD1A",-0.211595448757723,0.0186285655008695,"RPRD1A",-0.220728489163876,0.0123761278650927
"ENSG00000141503","MINK1",0.393316102464624,0.0139184945692056,"MINK1",0.34411700628828,0.0267427457503801
"ENSG00000141562","NARF",0.636454286367562,5.75524096784186e-11,"NARF",0.346788709790008,0.000456359430825982
"ENSG00000141582","CBX4",0.145491928804566,0.144297939639559,"CBX4",0.0359422168759506,0.797042071631107
"ENSG00000141736","ERBB2",0.507868099980816,0.000245772157777351,"ERBB2",0.454578560939868,0.00131715361983807
"ENSG00000141741","MIEN1",0.352759879601684,0.000242696329791891,"MIEN1",0.0639406305134889,0.630510419174492
"ENSG00000141858","SAMD1",-0.0801206256197792,0.438167866016408,"SAMD1",0.0362097091874223,0.772364743852944
"ENSG00000141959","PFKL",-0.0417133939067572,0.770355346782628,"PFKL",-0.0444528003672549,0.753821960616982
"ENSG00000141965","FEM1A",0.146510794192629,0.354124295860881,"FEM1A",-0.0933152132722397,0.60223095356398
"ENSG00000142039","CCDC97",0.171717262875105,0.232077629947104,"CCDC97",0.174569177710524,0.214575016355488
"ENSG00000142192","APP",-0.0826856010525917,0.373608194723201,"APP",-0.217869656974642,0.00463407716208077
"ENSG00000142197","DOP1B",-1.11381701117982,5.58449817449106e-11,"DOP1B",-1.24082771979202,2.83358231226397e-13
"ENSG00000142409","ZNF787",0.0591854775219325,0.661683923130282,"ZNF787",0.136479303889371,0.227787444678159
"ENSG00000142552","RCN3",-0.504978717488298,0.00138430716960803,"RCN3",-0.473064059039252,0.00165640108246531
"ENSG00000142731","PLK4",-0.241889576158336,0.0769268398093723,"PLK4",0.00842221353146685,0.964743399175873
"ENSG00000142798","HSPG2",-0.405277411161743,0.0263823654834307,"HSPG2",-1.03685712630694,7.09511347679065e-06
"ENSG00000142910","TINAGL1",-0.0492103908523351,0.832058904361041,"TINAGL1",1.01754118594298,8.65501917429168e-10
"ENSG00000142945","KIF2C",-0.191583372879478,0.108789929357178,"KIF2C",0.10721925707046,0.410028758979277
"ENSG00000142949","PTPRF",-0.393380819123277,8.29905637345221e-08,"PTPRF",-0.439534219825468,1.72093613046928e-09
"ENSG00000143013","LMO4",-0.338711044443829,0.00756394846564182,"LMO4",-0.34205930210153,0.00525301026346212
"ENSG00000143127","ITGA10",-0.296395407505719,0.223288165136823,"ITGA10",-1.06335627549221,0.000115709546781111
"ENSG00000143157","POGK",-0.384356648480273,0.000261565225074338,"POGK",-0.140953952381479,0.238387781775575
"ENSG00000143164","DCAF6",-0.147889751158298,0.121564586846168,"DCAF6",-0.233386497943724,0.00683465268254008
"ENSG00000143217","NECTIN4",3.23857762090134,5.85818187538662e-61,"NECTIN4",2.89855598771831,2.88324116436782e-45
"ENSG00000143319","ISG20L2",-0.0338903607306982,0.82366356510488,"ISG20L2",-0.103184503518547,0.375874130335702
"ENSG00000143344","RGL1",-0.109566118792584,0.6177028809602,"RGL1",-0.0709258865825978,0.732265428600203
"ENSG00000143436","MRPL9",0.0168230440102661,0.91151929896231,"MRPL9",0.126918262753779,0.203081813966525
"ENSG00000143442","POGZ",-0.163208345608087,0.249265532889028,"POGZ",0.0022301278383687,0.990909441796039
"ENSG00000143458","GABPB2",-0.346750032291805,0.0646320179011903,"GABPB2",-0.132660882024971,0.554453321694295
"ENSG00000143507","DUSP10",0.45980389263316,0.00136506160193996,"DUSP10",0.441922119811219,0.00127691548290046
"ENSG00000143537","ADAM15",-0.181537691126866,0.227506474005075,"ADAM15",-0.280431081060106,0.0355690398075823
"ENSG00000143622","RIT1",0.533382607649185,5.60387569460445e-06,"RIT1",0.211252809315761,0.103225664150534
"ENSG00000143774","GUK1",0.0874191828862256,0.436780244787982,"GUK1",-0.187841815507752,0.0491678328585377
"ENSG00000143811","PYCR2",-0.374651739777269,0.00193271057194505,"PYCR2",-0.122837763275343,0.37795784765349
"ENSG00000143847","PPFIA4",0.206709978676986,0.484283053072859,"PPFIA4",-0.151093955320993,0.552021377006513
"ENSG00000144034","TPRKB",0.147006241054603,0.167026578428635,"TPRKB",0.240274306337105,0.0120139487389724
"ENSG00000144048","DUSP11",0.628569026970667,5.79326282361654e-06,"DUSP11",0.898341419511909,2.37843252465995e-10
"ENSG00000144355","DLX1",0.021726553724059,0.930675403681504,"DLX1",-0.0448005137256747,0.827763104777647
"ENSG00000144426","NBEAL1",-0.316458813772762,0.0103603201207638,"NBEAL1",-0.324030391157929,0.00729093506080265
"ENSG00000144452","ABCA12",4.99610620596576,6.34884954043659e-13,"ABCA12",1.93975591352819,0.000261811898341321
"ENSG00000144468","RHBDD1",-0.400856913797092,0.00796474439272226,"RHBDD1",-0.611564387698222,8.51878638674478e-05
"ENSG00000144579","CTDSP1",-0.105219739078568,0.36898530594383,"CTDSP1",0.0411407173851828,0.777264119848457
"ENSG00000144659","SLC25A38",0.178536037934811,0.127479045230729,"SLC25A38",0.202515544397413,0.0750470614918146
"ENSG00000144730","IL17RD",-0.949736829163141,2.40615177398825e-05,"IL17RD",-0.267958023337012,0.126577968280454
"ENSG00000144746","ARL6IP5",0.0106199198959732,0.960998411165448,"ARL6IP5",0.0902212223151008,0.484294185992006
"ENSG00000144747","TMF1",0.350351303964669,0.00010681729237209,"TMF1",0.197202158204926,0.0414596240966941
"ENSG00000144821","MYH15",-0.0761182186363415,0.787280567849951,"MYH15",0.0547177147200992,0.834196112339703
"ENSG00000144827","ABHD10",0.104140676988291,0.371451946458231,"ABHD10",0.237298945558983,0.014227192372479
"ENSG00000144848","ATG3",-0.24386213161643,0.00178509806625971,"ATG3",-0.0494456521027214,0.643987798774688
"ENSG00000144908","ALDH1L1",0.0515268340757849,0.824033624158263,"ALDH1L1",0.0551124478113031,0.810935215882112
"ENSG00000144935","TRPC1",-0.256628665898307,0.150983138168517,"TRPC1",-0.133335092781936,0.469591702150263
"ENSG00000145191","EIF2B5",-0.383149995911383,7.89123262033925e-09,"EIF2B5",-0.147457989856554,0.0471324086164432
"ENSG00000145284","SCD5",-0.315813883070104,0.0049187900136182,"SCD5",-0.248755947024981,0.0224557993213758
"ENSG00000145349","CAMK2D",-0.279196295955215,0.0897400152646656,"CAMK2D",-0.0418858060110725,0.850607333481362
"ENSG00000145431","PDGFC",-0.274451392791069,0.0116028402916723,"PDGFC",0.34683051487265,0.000559816507160294
"ENSG00000145604","SKP2",-1.31376289736621,6.85596637538137e-46,"SKP2",-0.669932568275337,3.45024979813014e-13
"ENSG00000145632","PLK2",0.665957329485977,6.44371349323755e-11,"PLK2",1.20973434137782,2.00245568321253e-32
"ENSG00000145715","RASA1",-1.13443341513976,1.07668685834095e-23,"RASA1",-0.755212495373908,3.18310732990528e-11
"ENSG00000145907","G3BP1",-0.512958862180244,2.41551119300695e-16,"G3BP1",-0.133769525980611,0.0621476043796457
"ENSG00000146066","HIGD2A",0.0381147697375379,0.771589990185386,"HIGD2A",-0.143736000834486,0.14134450625322
"ENSG00000146197","SCUBE3",-0.228081384250772,0.306736649710912,"SCUBE3",-0.209446741372805,0.288940533430774
"ENSG00000146223","RPL7L1",-0.286843785039732,6.31104204086477e-07,"RPL7L1",-0.306632209389464,1.24027361006301e-07
"ENSG00000146267","FAXC",0.168283771004429,0.357977199015232,"FAXC",-0.0499912419365591,0.822808946524395
"ENSG00000146676","PURB",-0.125188516472327,0.306736649710912,"PURB",-0.139936278414082,0.230717157632759
"ENSG00000146963","LUC7L2",-0.504959607245338,2.37069301718001e-13,"LUC7L2",-0.277919279852197,7.70866894091106e-05
"ENSG00000147027","TMEM47",1.13619628674091,3.48337008857257e-06,"TMEM47",2.23006248726751,2.82032391380027e-10
"ENSG00000147123","NDUFB11",0.416134106689267,3.58205824319189e-11,"NDUFB11",0.0850022338920739,0.293438072685673
"ENSG00000147274","RBMX",-0.710386174152846,9.66055455309755e-26,"RBMX",-0.285911265840009,4.18020112929347e-05
"ENSG00000147383","NSDHL",-0.100342421325819,0.510695571668661,"NSDHL",-0.100955993659527,0.497727317408048
"ENSG00000147804","SLC39A4",0.476417186708561,3.60717527409641e-06,"SLC39A4",0.37714058155358,0.000180027729823625
"ENSG00000147852","VLDLR",-0.768802628654589,0.000145356472313374,"VLDLR",-1.03386310349664,5.16742231533748e-07
"ENSG00000148019","CEP78",-0.255471895426966,0.010103030754672,"CEP78",0.121053326794642,0.280073672825692
"ENSG00000148180","GSN",0.350525338934451,0.0118931395070327,"GSN",0.312469817146177,0.0166618947835473
"ENSG00000148219","ASTN2",1.21053441972442,2.72151724207636e-15,"ASTN2",1.51656022982215,3.8568668614363e-21
"ENSG00000148229","POLE3",-0.0985002691443982,0.245804857284684,"POLE3",-0.230681935683555,0.00153406281745728
"ENSG00000148341","SH3GLB2",-0.596832712371736,1.18877784218773e-11,"SH3GLB2",-0.358324345530146,5.67793187304304e-05
"ENSG00000148459","PDSS1",-0.322086627588116,0.00722359519115558,"PDSS1",0.0419525183982612,0.811086674660744
"ENSG00000148541","FAM13C",1.43313648530996,2.25093366791798e-06,"FAM13C",1.21055156363059,0.000142137538206285
"ENSG00000148690","FRA10AC1",0.0324028313645038,0.841364623263381,"FRA10AC1",0.171525302100973,0.116094743512655
"ENSG00000148700","ADD3",-0.052226620926339,0.800648578254981,"ADD3",0.237641111920701,0.0902611187881802
"ENSG00000148719","DNAJB12",-0.156873565891665,0.0806480336009321,"DNAJB12",-0.00877950398458244,0.94908520436321
"ENSG00000148840","PPRC1",-0.112214259471519,0.34974334271286,"PPRC1",-0.128861311545369,0.263942170885847
"ENSG00000148908","RGS10",-0.099207443004892,0.47201140478679,"RGS10",-0.0892228350122316,0.52278220010826
"ENSG00000148925","BTBD10",0.325141935480881,5.81531419977561e-05,"BTBD10",0.492082337557464,4.7413395483434e-10
"ENSG00000149136","SSRP1",-0.287303546739459,1.45628758433784e-08,"SSRP1",-0.0731802017858359,0.245385190248991
"ENSG00000149260","CAPN5",0.0945524509025297,0.668103480088875,"CAPN5",-0.205061185796276,0.250303103740696
"ENSG00000149418","ST14",1.71954284600357,0.00108133572048625,"ST14",2.90318443237053,1.81061799828592e-05
"ENSG00000149532","CPSF7",-0.101098217973279,0.339879356788677,"CPSF7",-0.0241523006581825,0.868944459241034
"ENSG00000149761","NUDT22",0.252096191597364,0.00751662483869132,"NUDT22",0.342294191070329,0.000147932700895874
"ENSG00000149929","HIRIP3",-0.0163348644956273,0.948727470107557,"HIRIP3",-0.0772132916462302,0.640697888121413
"ENSG00000149932","TMEM219",0.178770666633614,0.146351926430808,"TMEM219",-0.0144801482263651,0.937567255568002
"ENSG00000150551","LYPD1",0.288767499856866,0.0321520663209999,"LYPD1",0.742679455991362,3.02634828486744e-08
"ENSG00000150961","SEC24D",-0.112275427857129,0.456605798623325,"SEC24D",-0.0362250653530974,0.847724099241495
"ENSG00000150967","ABCB9",0.74649007931944,1.14918272789319e-06,"ABCB9",0.951935118495388,5.91444653383119e-10
"ENSG00000151012","SLC7A11",-0.216253920589687,0.42742705619342,"SLC7A11",0.116363839134087,0.635846980171735
"ENSG00000151090","THRB",-0.434040697888291,0.122501093893731,"THRB",0.108453626146458,0.644885591790412
"ENSG00000151131","NOPCHAP1",1.25514965432434,1.43220952601055e-45,"NOPCHAP1",0.637912310924831,1.94403898167713e-11
"ENSG00000151135","TMEM263",0.0893965154343284,0.481631399542946,"TMEM263",-0.0112896818781271,0.94401497179906
"ENSG00000151276","MAGI1",-1.55152069310092,7.00786951865474e-27,"MAGI1",-1.61872001486379,6.77170674783893e-33
"ENSG00000151725","CENPU",-0.132090987308098,0.27368232909602,"CENPU",-0.251861931951358,0.015687774246316
"ENSG00000151748","SAV1",0.877847496231187,1.75851991979712e-22,"SAV1",0.822999013327308,1.38374874262755e-18
"ENSG00000152061","RABGAP1L",-0.949498969499334,1.12654491477011e-07,"RABGAP1L",-1.31673776702308,2.32513112404134e-11
"ENSG00000152229","PSTPIP2",1.11769254910695,1.05771736800057e-20,"PSTPIP2",1.24263149637441,1.24440320369949e-25
"ENSG00000152253","SPC25",-0.349704791169472,0.00295260736058339,"SPC25",0.0481838917753532,0.774327259553687
"ENSG00000152402","GUCY1A2",-1.23025986446476,0.000419051672947108,"GUCY1A2",-1.61487767643136,0.000153618306704986
"ENSG00000152404","CWF19L2",-0.0672260740161472,0.422242888253647,"CWF19L2",-0.0904826473052443,0.245920254855374
"ENSG00000152413","HOMER1",-0.314191650535137,0.00122575634181588,"HOMER1",-0.253588004944492,0.0148696251795473
"ENSG00000152464","RPP38",0.435869919636462,7.36750818849395e-07,"RPP38",0.0391271148618467,0.788728286082292
"ENSG00000152465","NMT2",-0.103801668171066,0.511447212517782,"NMT2",0.103710555548161,0.497264074087263
"ENSG00000152779","SLC16A12",1.16715016257658,4.92198769600796e-05,"SLC16A12",1.54697593791817,4.88629850353531e-06
"ENSG00000152795","HNRNPDL",-0.501349913956094,2.79607672306867e-10,"HNRNPDL",0.00874807911952472,0.948829136751827
"ENSG00000153029","MR1",2.02118852613345,4.82299008069614e-14,"MR1",0.80461450244363,0.00741329315929778
"ENSG00000153187","HNRNPU",-0.44806308831946,2.08489850162955e-12,"HNRNPU",-0.317085766519938,9.46141885226107e-07
"ENSG00000153214","TMEM87B",0.228428924356388,0.051442009204191,"TMEM87B",-0.0309461180987989,0.868944459241034
"ENSG00000153237","CCDC148",1.77204791064757,4.99867392418828e-11,"CCDC148",1.81559105333195,2.04443327108185e-10
"ENSG00000153404","PLEKHG4B",0.222398440350409,0.319397631494511,"PLEKHG4B",-0.0122852275709486,0.961588346241214
"ENSG00000153558","FBXL2",0.250020722899588,0.268709796930109,"FBXL2",0.37845160922536,0.0624691039797674
"ENSG00000153815","CMIP",0.118847170979387,0.276403635319465,"CMIP",0.297013490435449,0.00117078733907081
"ENSG00000153879","CEBPG",-0.702725852326031,3.68470858435889e-08,"CEBPG",-0.976220886058572,2.59033362726321e-14
"ENSG00000153885","KCTD15",-0.0946316410359286,0.653933147576528,"KCTD15",-0.224968406882387,0.163165378725059
"ENSG00000153944","MSI2",-0.335441737696877,0.000718991922501897,"MSI2",-0.566359038854712,1.66283304856035e-08
"ENSG00000154102","C16orf74",-0.722075207495442,3.01378475959093e-08,"C16orf74",-0.535794235502281,4.03547809383347e-05
"ENSG00000154310","TNIK",0.0191613938801626,0.944613518992677,"TNIK",0.145383421315341,0.369442129164518
"ENSG00000154319","FAM167A",-0.381101217049169,0.0249993885570101,"FAM167A",-0.569005445951464,0.00098333842899389
"ENSG00000154359","LONRF1",-0.269473398660069,0.0634589623066706,"LONRF1",0.193183533618807,0.186719830935588
"ENSG00000154380","ENAH",0.224546270568844,0.0354355418418275,"ENAH",0.305936300087614,0.00245439411997268
"ENSG00000154767","XPC",0.661848173182541,6.64221410441186e-12,"XPC",0.712787833303454,1.22828856288065e-13
"ENSG00000154832","CXXC1",-0.252304099702694,0.00332790530534983,"CXXC1",-0.0906795514743571,0.383919710668208
"ENSG00000154928","EPHB1",-2.03066969382066,1.05125490017252e-07,"EPHB1",-2.45920492794853,7.36005715011468e-09
"ENSG00000155324","GRAMD2B",0.259602693060489,0.214024746860904,"GRAMD2B",0.0349891501344974,0.899343141913588
"ENSG00000155363","MOV10",0.373617243332708,0.00324394984773016,"MOV10",0.124285374074743,0.395457357099493
"ENSG00000155366","RHOC",-0.0283196556337808,0.875504621244919,"RHOC",-0.252305881210538,0.0262691050783049
"ENSG00000155621","C9orf85",0.0687082016034005,0.710285350687817,"C9orf85",-0.120797891170283,0.436146137053413
"ENSG00000156110","ADK",-1.37172712570163,6.25834954216682e-42,"ADK",-1.45826998402845,5.11712568518069e-49
"ENSG00000156299","TIAM1",0.182372022554389,0.248466231992829,"TIAM1",-0.295266021048464,0.074585617416225
"ENSG00000156313","RPGR",-0.336262220671253,0.014049451788994,"RPGR",-0.450617140509919,0.000461076769342083
"ENSG00000156515","HK1",-0.234810483854283,0.00391846295963511,"HK1",-0.149044940288042,0.0951779804874911
"ENSG00000156535","CD109",0.187801158586826,0.0973617070731893,"CD109",0.151612512581453,0.171296157210029
"ENSG00000156671","SAMD8",0.215464188283649,0.0941927019127313,"SAMD8",-0.0586728052382918,0.736267509076852
"ENSG00000156675","RAB11FIP1",0.739070720824674,1.30427048789178e-14,"RAB11FIP1",0.835541623192495,2.56184088346969e-18
"ENSG00000156853","ZNF689",0.346077500516123,0.00144576288476739,"ZNF689",0.000766016343604385,0.996464559079701
"ENSG00000157064","NMNAT2",-1.32694826241447,3.70355493579701e-12,"NMNAT2",-1.54299984247716,1.83117586872044e-14
"ENSG00000157168","NRG1",0.92148452804097,6.26371160019939e-13,"NRG1",1.27192798144364,3.50652324702126e-23
"ENSG00000157379","DHRS1",0.0491737788497048,0.780214388838518,"DHRS1",0.121097108513111,0.382919178790254
"ENSG00000157483","MYO1E",-0.217400575451102,0.0323315919255545,"MYO1E",0.157550316466916,0.141768439528107
"ENSG00000157540","DYRK1A",-0.372401974015574,0.000129519636728622,"DYRK1A",-0.0130224560586961,0.93659404942583
"ENSG00000157693","TMEM268",0.0334420429703602,0.895471324429634,"TMEM268",0.0939692201384529,0.617723009779782
"ENSG00000157873","TNFRSF14",2.00401318134317,2.29031372746334e-23,"TNFRSF14",1.4702161025402,4.01523957932001e-13
"ENSG00000158169","FANCC",-0.215589638785892,0.142829002017566,"FANCC",-0.0979301909008549,0.553980636904146
"ENSG00000158258","CLSTN2",0.210345758512013,0.483940780070816,"CLSTN2",0.728311415975428,0.0377379114797725
"ENSG00000158555","GDPD5",0.0261302111548833,0.916544094901112,"GDPD5",0.0250161792916461,0.916168443184463
"ENSG00000158604","TMED4",0.205248861228665,0.0251767618987156,"TMED4",0.243161113854145,0.00594603771182817
"ENSG00000158615","PPP1R15B",-0.289740637463996,0.00231804697621242,"PPP1R15B",-0.118238832379307,0.275817926122314
"ENSG00000158715","SLC45A3",0.50072116230624,0.00066376950175323,"SLC45A3",0.693220691571415,6.76467900962785e-06
"ENSG00000158769","F11R",0.545559608188424,6.62137849104039e-05,"F11R",1.01663390660088,4.66442105972852e-11
"ENSG00000158825","CDA",0.0573889035893436,0.765117774213363,"CDA",0.293672344937089,0.0227501237536299
"ENSG00000158856","DMTN",1.14416344665371,5.81531419977561e-05,"DMTN",1.00481431058592,9.37481302847517e-05
"ENSG00000159140","SON",0.0164687771219741,0.897461383019258,"SON",-0.0207541399841719,0.871335397287474
"ENSG00000159214","CCDC24",0.349728377036644,0.0891324443514833,"CCDC24",0.36420066696242,0.0526983297242563
"ENSG00000159231","CBR3",-0.170341614743221,0.33978250612268,"CBR3",-0.0835732954869581,0.656390579925745
"ENSG00000159388","BTG2",1.98169216076504,2.62410267724566e-25,"BTG2",1.60425956472882,6.20624866531324e-16
"ENSG00000159685","CHCHD6",-0.973265821358772,2.26599998631469e-10,"CHCHD6",-1.76269161681494,2.8785607405626e-22
"ENSG00000159753","CARMIL2",0.334705617195867,0.0432948766157935,"CARMIL2",-0.00949227556577412,0.967518244567326
"ENSG00000160013","PTGIR",-0.203714724379249,0.470385982044967,"PTGIR",0.0450376266794351,0.880835381405886
"ENSG00000160049","DFFA",0.00337022637844925,0.985935982803238,"DFFA",-0.0208233969422702,0.845406102061462
"ENSG00000160194","NDUFV3",0.405115493409404,4.99429095760708e-08,"NDUFV3",0.218851962576586,0.00601596202132891
"ENSG00000160271","RALGDS",1.21974181085111,6.94653968703503e-13,"RALGDS",0.524444791939351,0.00163968843699016
"ENSG00000160284","SPATC1L",0.0735122651239699,0.771875933514707,"SPATC1L",0.237724736480816,0.198104776307902
"ENSG00000160326","SLC2A6",0.648799543678307,0.0069102911643325,"SLC2A6",0.166610832542671,0.472218196475587
"ENSG00000160360","GPSM1",0.550421525163989,7.27433015421391e-05,"GPSM1",0.416467221507469,0.00359244629332932
"ENSG00000160469","BRSK1",0.383677685866174,0.0410050614320067,"BRSK1",0.414249666188112,0.0271108552768565
"ENSG00000160685","ZBTB7B",1.10131640670406,2.61620752714125e-08,"ZBTB7B",0.927899193172937,1.69071447998726e-06
"ENSG00000160691","SHC1",0.527086414845465,1.76952204848261e-09,"SHC1",0.39001327461432,1.21216531327548e-05
"ENSG00000160752","FDPS",-0.659293787907793,1.2242125275735e-06,"FDPS",-0.434197641544781,0.00104732299833684
"ENSG00000160767","ENTREP3",0.215544823183909,0.0658589530856905,"ENTREP3",0.175129145855941,0.15323176856604
"ENSG00000160799","CCDC12",-0.0995246134937928,0.353060993958545,"CCDC12",0.0890875188633571,0.405341631729449
"ENSG00000160818","GPATCH4",0.198673202123726,0.0165773456922885,"GPATCH4",0.0663594285859029,0.525979290154683
"ENSG00000160888","IER2",-0.322976364673578,0.00122969196532622,"IER2",-0.270052862844241,0.00701415170318868
"ENSG00000160932","LY6E",0.765831702800949,6.18189736041568e-20,"LY6E",0.497166273455066,6.9313404147973e-09
"ENSG00000160948","VPS28",0.0437713753513322,0.799630857374051,"VPS28",-0.143257976562974,0.263239245460567
"ENSG00000161249","DMKN",0.0326233258455537,0.847520721899165,"DMKN",-0.0454877430939498,0.764609275996818
"ENSG00000161509","GRIN2C",2.57072118945785,1.36953323904587e-06,"GRIN2C",2.52586911089588,5.28854705006085e-05
"ENSG00000161513","FDXR",2.08115633623749,2.268864055952e-44,"FDXR",2.30741232575485,1.66739160554283e-53
"ENSG00000161533","ACOX1",0.570052199401332,2.00542644794541e-08,"ACOX1",0.455099216381877,1.0808415929515e-05
"ENSG00000161544","CYGB",2.45141989862327,1.24285572849643e-11,"CYGB",2.21391383684041,3.5599057227545e-15
"ENSG00000161547","SRSF2",-0.74604344160644,6.33015669238274e-16,"SRSF2",-0.828387698654597,5.74579646438564e-19
"ENSG00000161682","FAM171A2",1.39233641427497,4.13465746204425e-17,"FAM171A2",1.15451897730004,1.32374347695267e-11
"ENSG00000161714","PLCD3",0.477307327508413,1.88709427215424e-05,"PLCD3",0.643576144435937,5.37260093812753e-09
"ENSG00000162139","NEU3",0.311373853122578,0.00176324631836448,"NEU3",-0.0857346110177211,0.522554658845213
"ENSG00000162236","STX5",0.239931053287058,0.0460935617395573,"STX5",0.105425013510677,0.453181389079575
"ENSG00000162337","LRP5",-0.385274719189267,0.0223407008274462,"LRP5",-0.362919136930943,0.0214595109889966
"ENSG00000162378","ZYG11B",-0.0294167343313652,0.839399737885133,"ZYG11B",0.126958897811978,0.217895420444538
"ENSG00000162408","NOL9",0.24354186962083,0.00252542589537369,"NOL9",0.373381284541422,1.7811765701226e-06
"ENSG00000162413","KLHL21",0.383056361163282,0.0131237537139027,"KLHL21",0.234417422794686,0.12580926786184
"ENSG00000162419","GMEB1",-0.19385937419753,0.101711946385422,"GMEB1",0.0049600737232169,0.977079174675777
"ENSG00000162545","CAMK2N1",-0.0343825773644305,0.86535510828026,"CAMK2N1",-0.13173000553033,0.366819656043585
"ENSG00000162607","USP1",-0.302821760837959,0.00104119850892847,"USP1",-0.287348512034955,0.00155219316991421
"ENSG00000162616","DNAJB4",1.05582695381675,3.2568077425385e-09,"DNAJB4",0.361990517177055,0.0288363171786877
"ENSG00000162627","SNX7",0.168512924466939,0.180579590422276,"SNX7",0.38516901074315,0.000402914771544415
"ENSG00000162645","GBP2",0.908468671543729,5.19558670397179e-05,"GBP2",0.559053019357107,0.0100465734321748
"ENSG00000162817","C1orf115",0.730918046084177,0.00268934527909417,"C1orf115",0.321411582103627,0.123037891290733
"ENSG00000162819","BROX",0.381816694031284,1.09115668929304e-09,"BROX",0.413432307339023,1.61489065246149e-10
"ENSG00000162981","LRATD1",1.76794611961338,7.87884550589291e-18,"LRATD1",1.43735791726328,1.62599584930062e-10
"ENSG00000163071","SPATA18",0.471382155985177,0.0773524365461114,"SPATA18",1.23129261333204,4.08897240948213e-05
"ENSG00000163162","RNF149",-0.180120247911366,0.13418662249319,"RNF149",-0.147370092330067,0.23110931414053
"ENSG00000163235","TGFA",0.400047425393119,0.00410814946494336,"TGFA",0.628316188374476,3.40485254066626e-06
"ENSG00000163319","MRPS18C",0.251556809915823,0.00106357194756917,"MRPS18C",0.276180034327641,0.000258978328333842
"ENSG00000163328","GPR155",-0.160193540009137,0.402272831511476,"GPR155",-0.274872834937544,0.137911898234481
"ENSG00000163348","PYGO2",-0.351073437055,0.000431878969557174,"PYGO2",0.0116906107777479,0.94238710417589
"ENSG00000163430","FSTL1",-0.293906005486987,0.00525757185790162,"FSTL1",-0.253768823745142,0.0148677822091077
"ENSG00000163466","ARPC2",-0.123014840651955,0.0785094006786748,"ARPC2",-0.238947528591917,0.000156607860693474
"ENSG00000163479","SSR2",0.0666992042707477,0.566325100991326,"SSR2",0.0400194988957516,0.762181043088471
"ENSG00000163516","ANKZF1",0.000313854724008176,0.999769847841042,"ANKZF1",0.0800077187918416,0.557900203353679
"ENSG00000163637","PRICKLE2",0.482586019684789,0.000799445044099573,"PRICKLE2",0.101876544190238,0.537301067173443
"ENSG00000163644","PPM1K",0.366841533358302,0.0111321395925709,"PPM1K",1.15880057458722,1.37599528820818e-10
"ENSG00000163659","TIPARP",0.252853720383708,0.0274137021472614,"TIPARP",0.237654368196494,0.0333620319095917
"ENSG00000163661","PTX3",-0.387040247644419,0.0158356345151854,"PTX3",-0.427697700537171,0.00541653986969274
"ENSG00000163702","IL17RC",-0.406823103366052,0.113897435041819,"IL17RC",-0.191493475367546,0.38845696432661
"ENSG00000163870","TPRA1",0.422515050614175,0.00032049417264314,"TPRA1",0.520547814410513,7.03540604006985e-06
"ENSG00000163900","TMEM41A",-0.087947241038415,0.404208256725476,"TMEM41A",-0.235829328744048,0.00913665469401521
"ENSG00000163947","ARHGEF3",0.20382815458521,0.278862477605528,"ARHGEF3",0.0604818187121382,0.789975382748305
"ENSG00000163964","PIGX",-0.24740281448465,0.00501989591779268,"PIGX",-0.284262890744536,0.000692882305249476
"ENSG00000164032","H2AZ1",-0.518632208933015,6.97760844175968e-05,"H2AZ1",-0.182690058861193,0.190165388417068
"ENSG00000164050","PLXNB1",0.433041122763714,0.026397726821972,"PLXNB1",0.597465465279684,0.00123367198668244
"ENSG00000164062","APEH",-0.418516622599011,1.9757861485415e-06,"APEH",-0.496246861090339,7.17015795227522e-09
"ENSG00000164104","HMGB2",-0.614836140874734,1.15656645843639e-05,"HMGB2",-0.0840064062698121,0.632771119842982
"ENSG00000164134","NAA15",-0.289910787109694,2.17873645159923e-08,"NAA15",-0.0532850621145001,0.448931179179298
"ENSG00000164144","ARFIP1",-0.201179089920657,0.073901507293358,"ARFIP1",-0.2268269071281,0.0327824576650273
"ENSG00000164164","OTUD4",-0.128957300898486,0.147610679207522,"OTUD4",0.0575894754951449,0.593297411736189
"ENSG00000164211","STARD4",-0.49233368032434,0.00444855434315573,"STARD4",-0.253122649544493,0.128892677017278
"ENSG00000164236","ANKRD33B",0.148779041692839,0.381762451935789,"ANKRD33B",0.0539707399798343,0.796683647675783
"ENSG00000164237","CMBL",1.19582943913541,1.04380664600942e-34,"CMBL",1.10470669442289,3.12816015197853e-30
"ENSG00000164291","ARSK",-0.42340521117832,8.31856659716217e-05,"ARSK",-0.719697712134191,4.45565775569657e-10
"ENSG00000164463","CREBRF",0.648030504910109,7.73372223292698e-05,"CREBRF",0.210888796305683,0.204991323855969
"ENSG00000164543","STK17A",0.340506031763016,0.000332744309726534,"STK17A",0.34268393505933,0.00022903302267462
"ENSG00000164615","CAMLG",0.411534450513597,0.000202300392816585,"CAMLG",0.0201351544171915,0.917497531960464
"ENSG00000164815","ORC5",-0.218459681975015,0.0425772689918156,"ORC5",0.0170825551710645,0.923446525831743
"ENSG00000164877","MICALL2",1.01827396834663,1.8298829439474e-07,"MICALL2",0.880971959638089,7.85174688987503e-06
"ENSG00000164885","CDK5",0.256052305168625,0.0300569261320479,"CDK5",0.166655847438073,0.179583334896115
"ENSG00000164938","TP53INP1",2.51640240510571,3.09479970716505e-51,"TP53INP1",2.26262413770385,1.72280270346288e-37
"ENSG00000165171","METTL27",0.14906715038768,0.508899759020572,"METTL27",0.299409697161075,0.102955166716965
"ENSG00000165417","GTF2A1",-0.0495581730439726,0.668732551122648,"GTF2A1",0.0425689698392825,0.716177146511976
"ENSG00000165434","PGM2L1",0.589321455590153,3.85147364741357e-05,"PGM2L1",0.569860054221786,4.35212280864608e-05
"ENSG00000165458","INPPL1",0.706959567686601,2.29938885510201e-09,"INPPL1",0.722921704926894,1.99975179530522e-09
"ENSG00000165476","REEP3",-0.484305747944015,8.59230458580623e-08,"REEP3",-0.403259503211684,6.1666768582068e-06
"ENSG00000165507","DEPP1",0.103486459709131,0.74507554880791,"DEPP1",-0.00462260660092074,0.987636607580824
"ENSG00000165644","COMTD1",0.341476324880358,0.0197975795099016,"COMTD1",0.671783500803025,4.15044544196079e-06
"ENSG00000165675","ENOX2",-1.38834164460258,3.62541621517043e-39,"ENOX2",-1.32191296202385,6.25432493916889e-37
"ENSG00000165732","DDX21",-0.174500812618539,0.00122861146150276,"DDX21",-0.0261798374713817,0.75013032056801
"ENSG00000165795","NDRG2",0.0638455820513906,0.815573798349126,"NDRG2",0.14620324937798,0.450628693765967
"ENSG00000165804","ZNF219",0.385353367756143,0.0018622970687883,"ZNF219",0.303139208538005,0.0112188815036391
"ENSG00000166049","PASD1",0.320991103805551,4.39384458813234e-07,"PASD1",0.413271175712308,4.39599146067193e-11
"ENSG00000166123","GPT2",-0.948936008638015,1.17684235333782e-10,"GPT2",-0.69429517503049,1.75795134732801e-06
"ENSG00000166128","RAB8B",-0.3037899894002,0.0123636607420414,"RAB8B",-0.0984345684060099,0.501283469708105
"ENSG00000166130","IKBIP",0.341355620702024,0.000381266359364971,"IKBIP",0.48203722201834,2.40977941370786e-07
"ENSG00000166136","NDUFB8",-0.0311679647116835,0.854456302998746,"NDUFB8",-0.21931654340517,0.047675332980162
"ENSG00000166164","BRD7",-0.0471679968579828,0.556317677371868,"BRD7",0.117880637741716,0.0749470747048457
"ENSG00000166171","DPCD",0.318622409385903,0.00979057152462614,"DPCD",-0.0425488175035104,0.825764681673975
"ENSG00000166197","NOLC1",-0.167693989999855,0.0166806684695335,"NOLC1",-0.154981609462865,0.0309282767445123
"ENSG00000166228","PCBD1",0.0973397640534961,0.555761602777874,"PCBD1",0.484325173192394,0.000265167254707857
"ENSG00000166250","CLMP",-1.02075444830042,2.33411025070715e-20,"CLMP",-0.817615243986499,5.63493903145259e-14
"ENSG00000166272","WBP1L",0.153774276588555,0.103326403220104,"WBP1L",0.113244027802371,0.263714785336842
"ENSG00000166289","PLEKHF1",0.448991806628364,0.00411971509749174,"PLEKHF1",0.255799816516342,0.091784943555562
"ENSG00000166503","HDGFL3",-0.499793084370938,7.81850926063665e-17,"HDGFL3",-0.206247309411682,0.0012478467452553
"ENSG00000166508","MCM7",-0.661185760290693,2.15674511083835e-10,"MCM7",-0.39996105138773,0.000107589514990298
"ENSG00000166801","FAM111A",-0.46641445348691,7.23858949382161e-07,"FAM111A",-0.250981955506874,0.00915008911016793
"ENSG00000166831","RBPMS2",0.20430183029867,0.412179999725811,"RBPMS2",0.0449266187969201,0.87732203769899
"ENSG00000166888","STAT6",-0.193921645866386,0.0076585683030465,"STAT6",-0.116262073700098,0.133902550119731
"ENSG00000166889","PATL1",-0.182167482003546,0.151758981175555,"PATL1",-0.185883794493589,0.127842149337599
"ENSG00000166986","MARS1",-0.717515163291624,5.92658927872321e-12,"MARS1",-0.534498231958153,2.37812143171325e-07
"ENSG00000167083","GNGT2",0.0373344634788182,0.912911779560291,"GNGT2",0.233949507194614,0.249452507128381
"ENSG00000167105","TMEM92",0.843101206737907,0.0024036066305308,"TMEM92",1.37904213390508,7.79580126078604e-07
"ENSG00000167107","ACSF2",0.261247081254589,0.266070362478396,"ACSF2",0.0843055590698346,0.738571878552001
"ENSG00000167118","URM1",-0.147182127109257,0.200910872151644,"URM1",-0.235340908219382,0.0234036231895151
"ENSG00000167123","CERCAM",0.30458234047232,0.00892186180423832,"CERCAM",0.308939334741975,0.00441497953040938
"ENSG00000167182","SP2",-0.174608838914491,0.261643424949298,"SP2",-0.0933944670655351,0.58406108195957
"ENSG00000167196","FBXO22",0.527896862959233,1.09456483069115e-09,"FBXO22",0.2599912520713,0.00379101927707835
"ENSG00000167258","CDK12",0.137271393671607,0.247067850197434,"CDK12",0.181323906339303,0.101819421649136
"ENSG00000167397","VKORC1",0.313406099393482,0.00051979029106505,"VKORC1",0.235425302924763,0.0108901497339309
"ENSG00000167468","GPX4",0.45114009927588,4.12215775123931e-06,"GPX4",0.106538577114419,0.381682368877531
"ENSG00000167522","ANKRD11",-0.205005730156368,0.156729687752299,"ANKRD11",-0.0654514164120411,0.711441197662988
"ENSG00000167535","CACNB3",0.673714724078812,2.34759292963159e-07,"CACNB3",0.498976178917051,0.000174384596220589
"ENSG00000167552","TUBA1A",-0.00286249425311404,0.999433637321825,"TUBA1A",-0.0283069305779877,0.924694927049468
"ENSG00000167656","LY6D",1.09256309623918,0.012328452216259,"LY6D",0.05807262398408,0.839085071280403
"ENSG00000167702","KIFC2",-0.067445633383528,0.779137267162084,"KIFC2",-0.111700249770669,0.562297966665876
"ENSG00000167721","TSR1",-0.1150911553678,0.0318839178332144,"TSR1",-0.077668438912342,0.189062671476474
"ENSG00000167733","HSD11B1L",0.0356117098319809,0.915912591180174,"HSD11B1L",0.0504238132258648,0.858023828005905
"ENSG00000167747",NA,-0.070116897727718,0.665362668760126,NA,-0.0743493189303133,0.630002791126641
"ENSG00000167778","SPRYD3",0.271974918063281,0.0414607509645628,"SPRYD3",0.349837368044044,0.00701415170318868
"ENSG00000167779","IGFBP6",0.459430061111981,0.00142370899282624,"IGFBP6",-0.0951777656692317,0.604352198673094
"ENSG00000167861","HID1",0.307575501845087,0.29393804820975,"HID1",1.68636617594737,0.0022280263422106
"ENSG00000167904","TMEM68",0.271159639802649,0.0660396867307245,"TMEM68",0.188917180143119,0.208980512948578
"ENSG00000167962","ZNF598",-0.173968607778463,0.10355241407729,"ZNF598",-0.206443595961189,0.0412247224480242
"ENSG00000167964","RAB26",-0.0817318534660066,0.808697393048536,"RAB26",0.027869650729229,0.929457541506807
"ENSG00000168003","SLC3A2",0.106569548978799,0.533205949664733,"SLC3A2",0.0251126571955761,0.909873235035902
"ENSG00000168066","SF1",-0.120221241400321,0.13742885268239,"SF1",0.0266322032305264,0.820910759133148
"ENSG00000168067","MAP4K2",0.0573370028978929,0.800648578254981,"MAP4K2",0.0334180497274,0.890175586708591
"ENSG00000168135","KCNJ4",-0.0627313946998593,0.861244459356311,"KCNJ4",-0.753116186015933,0.0310278198326642
"ENSG00000168283","BMI1",0.0292222799345111,0.857118466227201,"BMI1",0.0439625076461513,0.776482988091096
"ENSG00000168286","THAP11",-0.431873824411016,1.32470273449328e-05,"THAP11",-0.190572105644093,0.0685776152740731
"ENSG00000168298","H1-4",-0.572703945255667,0.0190913925806523,"H1-4",-0.678810705090095,0.0063690016338075
"ENSG00000168395","ING5",-0.154104949036755,0.175953255628706,"ING5",-0.143684984723292,0.195174126018962
"ENSG00000168453","HR",-0.32002103202175,0.281505265893995,"HR",-0.0510024995122806,0.866349567614204
"ENSG00000168497","CAVIN2",5.07227242648146,9.23263341022839e-16,"CAVIN2",4.40586248822692,4.1080719061602e-11
"ENSG00000168528","SERINC2",0.11337023951527,0.479764320365438,"SERINC2",0.119208065397059,0.433009828261431
"ENSG00000168556","ING2",-0.344492049407336,5.35692456066319e-05,"ING2",-0.0801412617409736,0.45150019236676
"ENSG00000168610","STAT3",1.04435868024361,6.25084688001177e-38,"STAT3",1.03472950155778,4.44492536110208e-36
"ENSG00000168785","TSPAN5",-0.0908969904096106,0.51932864200339,"TSPAN5",-0.0711168113731565,0.626539255071859
"ENSG00000168824","NSG1",3.05786900744582,4.94341586473594e-16,"NSG1",3.13516908578277,1.25543141992929e-07
"ENSG00000168894","RNF181",0.423771840874516,0.000107224746765459,"RNF181",0.0286038768110889,0.876505584874217
"ENSG00000168906","MAT2A",-0.174798934756331,0.159352939476182,"MAT2A",0.00836396789426783,0.961569215624222
"ENSG00000168918","INPP5D",1.09569618797452,1.12392361144476e-05,"INPP5D",1.77135406710784,4.86881374523913e-10
"ENSG00000168961","LGALS9",0.759952314736947,0.0110089560207178,"LGALS9",0.937272220412364,0.00238500152618989
"ENSG00000169118","CSNK1G1",0.331722596250902,0.000269092041762079,"CSNK1G1",0.36967515865371,3.65188727153514e-05
"ENSG00000169169","CPT1C",0.207205468485265,0.485897735361243,"CPT1C",0.0109013516976874,0.970049132830379
"ENSG00000169299","PGM2",-0.406898494162766,7.03773506231045e-05,"PGM2",-0.173119325448146,0.12774210047684
"ENSG00000169564","PCBP1",-0.285552090450579,3.19927172763612e-06,"PCBP1",-0.148693881275844,0.0258306029389372
"ENSG00000169599","NFU1",0.0477602257724705,0.752211303951459,"NFU1",0.128720055887948,0.271908410819514
"ENSG00000169733","RFNG",0.292449790833007,0.0194598885921484,"RFNG",0.305256981743382,0.0115186727710711
"ENSG00000169738","DCXR",0.380964406776147,0.000482857425992621,"DCXR",0.149201894281669,0.224884990356914
"ENSG00000169750","RAC3",-0.338477247736189,0.107365393843044,"RAC3",-0.381410370426212,0.0362189124059999
"ENSG00000169813","HNRNPF",-0.530280150865683,2.45631148589423e-14,"HNRNPF",-0.322276186177792,6.03604719735691e-06
"ENSG00000169992","NLGN2",0.271416220826383,0.082150518559518,"NLGN2",0.102548083266337,0.576311234957922
"ENSG00000170017","ALCAM",-0.912708056198958,1.52614911962352e-17,"ALCAM",-0.797725923397536,1.46848362430812e-13
"ENSG00000170043","TRAPPC1",0.517297335043437,3.77812394524345e-07,"TRAPPC1",0.12910527569643,0.286387898886592
"ENSG00000170142","UBE2E1",-0.226697844682704,0.0208889367345985,"UBE2E1",-0.117460020953156,0.287001829898918
"ENSG00000170345","FOS",0.422579494836127,0.125190690898248,"FOS",0.554369185646302,0.0436257586118276
"ENSG00000170421","KRT8",0.179472145259774,0.203154917081963,"KRT8",0.199898734370958,0.132706300816622
"ENSG00000170561","IRX2",0.42406223624591,0.00066513189557623,"IRX2",0.192622370377139,0.148014196177128
"ENSG00000170577","SIX2",-0.0471440323572846,0.854368100142169,"SIX2",-0.152411957026505,0.417667327960574
"ENSG00000170606","HSPA4",0.0567473249939722,0.378904132933527,"HSPA4",0.223427616472988,1.15756954920249e-05
"ENSG00000170734","POLH",0.483698884230739,1.33683167950863e-05,"POLH",0.706877346105274,2.76952638581905e-10
"ENSG00000170779","CDCA4",-0.702816326549083,2.63036500627931e-12,"CDCA4",-0.249354954889649,0.0156850597200226
"ENSG00000170836","PPM1D",1.41435942318512,1.77791743753106e-27,"PPM1D",1.58066279312369,1.64466052448736e-33
"ENSG00000170854","RIOX2",-0.277186954107422,0.00181819977485259,"RIOX2",-0.131688385690376,0.196592528379123
"ENSG00000170855","TRIAP1",0.908942376905752,2.88788501189206e-15,"TRIAP1",0.970977069081873,6.11262220640068e-17
"ENSG00000170889","RPS9",0.108130926851422,0.401492140059608,"RPS9",-0.20112333925596,0.0664048425233169
"ENSG00000171033","PKIA",-0.348008359568846,0.00204348173899179,"PKIA",-0.0842216404883032,0.536192541425785
"ENSG00000171174","RBKS",0.493159352240855,0.0624755953717534,"RBKS",0.123681723403671,0.62027454102075
"ENSG00000171208","NETO2",-0.197344716477673,0.00593927016312963,"NETO2",0.0679905327264312,0.453496830553093
"ENSG00000171388","APLN",-0.917593205605548,0.000365097349106287,"APLN",-0.569632013128245,0.0240004983273282
"ENSG00000171444","MCC",0.83775444192616,4.14631046502625e-11,"MCC",0.545867268176582,1.06497741267254e-05
"ENSG00000171552","BCL2L1",0.361757165918902,0.0114406537845292,"BCL2L1",0.603785140590304,2.01485188632303e-05
"ENSG00000171658",NA,0.768421353107387,0.00634895466737486,NA,0.677063182083332,0.01070596615872
"ENSG00000171791","BCL2",-0.952718481799243,2.03565743212352e-08,"BCL2",-0.726725883674617,1.79397025273152e-05
"ENSG00000171793","CTPS1",-0.151544505136468,0.0519143119777242,"CTPS1",0.0323079914439908,0.772342899369895
"ENSG00000171889","MIR31HG",0.064841950390576,0.830465353591741,"MIR31HG",0.002559003459287,0.992323346514356
"ENSG00000172037","LAMB2",0.529611052473234,0.000110098455729189,"LAMB2",0.551717275427358,3.9603169863965e-05
"ENSG00000172053","QARS1",0.0698900323989242,0.504987569452018,"QARS1",-0.0358332457435764,0.774921238179035
"ENSG00000172137","CALB2",0.0864399982599195,0.771175889105782,"CALB2",0.117260927564671,0.619656683839527
"ENSG00000172239","PAIP1",-0.00836378205871528,0.972927445944872,"PAIP1",-0.0108097365176406,0.948274794206393
"ENSG00000172270","BSG",0.435406543922581,3.36532212398096e-08,"BSG",0.119859320220283,0.206386392148155
"ENSG00000172493","AFF1",0.428520247500447,0.000847085202257386,"AFF1",0.340737866997101,0.00733993747829376
"ENSG00000172534","HCFC1",0.176427309633451,0.152424208345118,"HCFC1",0.277484781773766,0.0127387659549606
"ENSG00000172638","EFEMP2",-0.320643387117253,0.0224596341265747,"EFEMP2",-0.599124802565533,1.07630638112377e-05
"ENSG00000172667","ZMAT3",0.370397765396379,0.00270281051948911,"ZMAT3",0.304255907681989,0.0125932114418268
"ENSG00000172725","CORO1B",0.0500789237086825,0.752488439005599,"CORO1B",0.0681626427433943,0.640372542680019
"ENSG00000172731","LRRC20",-1.95099127499819,2.35722916869756e-08,"LRRC20",-0.827474375637192,0.0018151083731202
"ENSG00000172732","MUS81",-0.188735467247261,0.0683740122493691,"MUS81",0.0989699968550867,0.382845947433264
"ENSG00000172845","SP3",-0.185421686323164,0.159412827967117,"SP3",-0.0281843201880028,0.884227033191612
"ENSG00000172889","EGFL7",0.300417295532139,0.152717499262141,"EGFL7",0.148796531498837,0.496009710076767
"ENSG00000172890","NADSYN1",0.634201632840887,1.06117824326908e-07,"NADSYN1",0.387194567419554,0.00123288358341177
"ENSG00000172977","KAT5",-0.148400535791549,0.115060458380853,"KAT5",0.0764090095877945,0.475197557632314
"ENSG00000173267","SNCG",0.833240309800345,0.000172038827110463,"SNCG",0.763287752502941,0.00236675577485487
"ENSG00000173546","CSPG4",-0.185200877610315,0.327844025910979,"CSPG4",-0.366580122753876,0.027345696684368
"ENSG00000173559","NABP1",0.1047609997085,0.523945606897918,"NABP1",0.206892272686913,0.128684981399209
"ENSG00000173614","NMNAT1",0.120560623952378,0.573762231345589,"NMNAT1",-0.131938387941132,0.49821977011181
"ENSG00000173706","HEG1",-0.314858106948482,0.00320676305613843,"HEG1",-0.249078148947173,0.0203394632417705
"ENSG00000173727",NA,0.667558263688443,5.40492904828151e-06,NA,0.569416924451893,0.000174723522432957
"ENSG00000173744","AGFG1",0.141092846752508,0.0358880516386133,"AGFG1",0.316442151783655,1.91028018190034e-07
"ENSG00000173801","JUP",1.9033656233147,2.68292759020894e-19,"JUP",1.69141333034025,2.84430476199059e-16
"ENSG00000173812","EIF1",-0.167829331370914,0.0265487118559281,"EIF1",-0.157337571299823,0.0394603244830708
"ENSG00000173846","PLK3",1.05333176124011,8.89256933411502e-19,"PLK3",1.2842825573448,5.44499778631351e-26
"ENSG00000173926","MARCHF3",0.811015564567549,5.38144472963285e-06,"MARCHF3",0.924961968010776,2.16524302600163e-06
"ENSG00000173950","XXYLT1",-0.50406901342024,9.03687360417414e-05,"XXYLT1",-0.657918466005675,3.49317247552379e-07
"ENSG00000174282","ZBTB4",0.271327247911569,0.0243481240335516,"ZBTB4",0.297312157495924,0.0101876967558155
"ENSG00000174307","PHLDA3",0.876591529652641,1.00543317075368e-10,"PHLDA3",1.24962717403041,6.86799248610983e-20
"ENSG00000174371","EXO1",-0.0813652860938779,0.611412613376977,"EXO1",0.0531293147105521,0.755205117043646
"ENSG00000174574","AKIRIN1",0.240913828593422,0.00170389210196528,"AKIRIN1",0.0276388854488234,0.828633671556054
"ENSG00000174579","MSL2",-0.421910638479103,5.12997376931484e-08,"MSL2",-0.25673528985384,0.00136522261355511
"ENSG00000174606","ANGEL2",-0.291806078584141,0.00178222673825733,"ANGEL2",-0.175034603708813,0.0745181366462702
"ENSG00000174684","B4GAT1",0.73591293771103,1.90080307781942e-12,"B4GAT1",0.432528378895685,3.68824525201992e-05
"ENSG00000174720","LARP7",-0.190629894124033,0.0127205748551989,"LARP7",0.0184774570816394,0.885150831856287
"ENSG00000174799","CEP135",0.141030689151043,0.177752481819238,"CEP135",0.41213534267631,2.06177095811733e-06
"ENSG00000174871","CNIH2",-0.189277092281562,0.456060819160839,"CNIH2",0.283754710729731,0.193033869495809
"ENSG00000175040","CHST2",-0.0491577427278853,0.843552285133693,"CHST2",-0.0669460759403641,0.755549550687644
"ENSG00000175087","PDIK1L",-0.250842160905766,0.20827853865549,"PDIK1L",0.148395499424311,0.43092472420726
"ENSG00000175105","ZNF654",0.318756378564069,0.011362070548893,"ZNF654",0.517846044103327,2.75358391890458e-05
"ENSG00000175387","SMAD2",-0.308303783929838,1.96183122366853e-05,"SMAD2",-0.11003520275656,0.19958249979247
"ENSG00000175592","FOSL1",-0.533429867527454,3.20814662409707e-06,"FOSL1",-0.412639230171776,0.000241540929953485
"ENSG00000175600","SUGCT",1.5613095813011,5.07363986407919e-18,"SUGCT",2.05069002207447,4.66678234856127e-28
"ENSG00000175634","RPS6KB2",-0.0902709313841679,0.517486637848771,"RPS6KB2",-0.18981869045903,0.122349874207999
"ENSG00000175662","TOM1L2",-0.0779347665522595,0.700838251546162,"TOM1L2",-0.0109944543379877,0.960079655006957
"ENSG00000175879","HOXD8",-0.569845643464265,0.000351810775751793,"HOXD8",-0.429198334166809,0.00666379749099087
"ENSG00000175938","ORAI3",0.96443160934607,7.99043956398408e-07,"ORAI3",0.831113241255073,3.10757652714474e-05
"ENSG00000176022","B3GALT6",0.138874848572514,0.17354134272169,"B3GALT6",-0.000542471528141999,0.99740457539679
"ENSG00000176040","TMPRSS7",2.50761709668254,1.04015280542982e-09,"TMPRSS7",3.39415460420129,2.05978186101482e-12
"ENSG00000176092","CRYBG2",1.42298789673341,0.000270081090700833,"CRYBG2",4.15791838627421,1.21239978055732e-09
"ENSG00000176105","YES1",0.0953017528718196,0.387312256469929,"YES1",0.178232680357166,0.0636341574050127
"ENSG00000176171","BNIP3",-0.37573932976736,0.0158356345151854,"BNIP3",-0.097278547123818,0.597801820122503
"ENSG00000176624","MEX3C",-0.836483986732975,1.3226004127395e-10,"MEX3C",-0.483887872203945,0.000154946562707783
"ENSG00000176912",NA,1.11444374469151,3.57636458916657e-08,NA,0.519640798555948,0.00544293799815501
"ENSG00000177042","TMEM80",-0.0244674569408455,0.939584573628083,"TMEM80",-0.20435466835211,0.276748395243188
"ENSG00000177106","EPS8L2",1.1423549556106,9.12173480047082e-09,"EPS8L2",1.46229176071978,2.16040340126634e-13
"ENSG00000177283","FZD8",-0.783671096058864,3.52601951328038e-06,"FZD8",-1.07555468980692,6.16167284019224e-10
"ENSG00000177463","NR2C2",-0.527169914661836,9.19277233597856e-06,"NR2C2",-0.419928055843428,0.000303634258804929
"ENSG00000177700","POLR2L",0.285968046737246,0.000119125023295899,"POLR2L",-0.112666172010625,0.191822491629297
"ENSG00000177733","HNRNPA0",-0.509559656977453,1.44178282259912e-12,"HNRNPA0",-0.388540542129991,7.63674929844737e-08
"ENSG00000177868","SVBP",-0.128811075297519,0.381422179780207,"SVBP",0.0506351058254537,0.776706389577226
"ENSG00000178031","ADAMTSL1",-0.409219141013679,0.146392242890511,"ADAMTSL1",0.128938838607395,0.608977821413274
"ENSG00000178078","STAP2",0.794711043869638,0.00151383215544379,"STAP2",1.04218615119097,0.000388070304693328
"ENSG00000178149","DALRD3",-0.136882799600482,0.374878305717484,"DALRD3",-0.127525820294233,0.380304088498789
"ENSG00000178184","PARD6G",0.479392508434142,0.00437811591417263,"PARD6G",0.812044203739801,1.97971066161121e-06
"ENSG00000178409","BEND3",-0.422400840831159,0.00934763834043499,"BEND3",-0.829062816208592,7.11542313762131e-06
"ENSG00000178585","CTNNBIP1",-0.701180427313805,3.44078145660134e-07,"CTNNBIP1",-0.241442400332086,0.0638248286441097
"ENSG00000178719","GRINA",1.0915782993233,6.81019846466553e-30,"GRINA",0.837908188835708,3.49167636140864e-17
"ENSG00000178977","LINC00324",1.00259407262346,1.19559976593779e-07,"LINC00324",-0.596172966685776,0.00248881368179931
"ENSG00000179010","MRFAP1",-0.0200170903864344,0.865156999180287,"MRFAP1",0.0856553550548684,0.325194228092519
"ENSG00000179041","RRS1",0.0587502491492784,0.630579023779199,"RRS1",0.25677254151832,0.00449782256887659
"ENSG00000179046","TRIML2",0.731476116844417,5.76514418912875e-05,"TRIML2",0.944780935747592,0.0022427063640062
"ENSG00000179163","FUCA1",2.49650342176337,3.99349541951718e-42,"FUCA1",1.99261865855255,4.48792794663287e-33
"ENSG00000179195","ZNF664",-0.287449924812459,0.00280330370396305,"ZNF664",-0.188358678344621,0.0599013908774372
"ENSG00000179218","CALR",-0.0752184039527313,0.605206865999657,"CALR",-0.10366844639469,0.430237116636272
"ENSG00000179943","FIZ1",0.103879186483737,0.503024038411108,"FIZ1",0.190251859865966,0.135716524949986
"ENSG00000180104","EXOC3",0.32160735128796,3.9632667002638e-05,"EXOC3",0.170882053937844,0.0447341721846501
"ENSG00000180155","LYNX1",2.32027051137606,1.31146789125287e-05,"LYNX1",2.01908283017545,4.22118191968753e-06
"ENSG00000180304","OAZ2",0.26393772905446,0.00462628608548287,"OAZ2",0.1913484360301,0.0504187755967312
"ENSG00000180354","MTURN",1.20911703147185,7.4873904677741e-17,"MTURN",1.10402629378429,2.70666421433885e-08
"ENSG00000180611","MB21D2",-0.0422458248198871,0.840408373281933,"MB21D2",0.19967749553906,0.172933506218748
"ENSG00000180921","FAM83H",6.29257706834461,4.04619000486229e-20,"FAM83H",3.94822286185347,2.83506962805858e-09
"ENSG00000180957","PITPNB",-0.356515758033861,4.29102401225208e-10,"PITPNB",-0.240947893217493,4.3789374106463e-05
"ENSG00000181019","NQO1",0.06805783149167,0.747901284104186,"NQO1",-0.0207057560758637,0.930468683521387
"ENSG00000181104","F2R",-0.583827682159193,0.00115675229395392,"F2R",-0.129616336383231,0.487440072256252
"ENSG00000181513","ACBD4",0.146573864580125,0.588380584292163,"ACBD4",0.267783363991079,0.186955041764891
"ENSG00000181523","SGSH",0.761648169905046,6.01716773828981e-07,"SGSH",1.03455234705804,1.56081756928217e-07
"ENSG00000181666","ZNF875",0.487458085878647,0.00156089312477548,"ZNF875",0.264734522152665,0.0867481096645444
"ENSG00000181789","COPG1",0.170634953366705,0.195715007220239,"COPG1",0.0410877392383906,0.821326217204567
"ENSG00000182165","TP53TG1",1.22661511533306,2.2685209947422e-10,"TP53TG1",1.52439783639717,3.84967422629713e-13
"ENSG00000182179","UBA7",0.695887551925358,0.0016671550144535,"UBA7",0.105823938573441,0.635384053157487
"ENSG00000182195","LDOC1",0.315306598127665,0.000109270443474073,"LDOC1",-0.0053763150103324,0.968910536424489
"ENSG00000182199","SHMT2",-0.620047299638466,1.35795130518698e-14,"SHMT2",-0.497696007542577,5.22141833642953e-10
"ENSG00000182220","ATP6AP2",0.907700839075568,2.34433026906119e-25,"ATP6AP2",0.449500591901696,3.40454443601698e-07
"ENSG00000182272","B4GALNT4",-0.362015078805546,0.0820050413419732,"B4GALNT4",-1.38964859167356,0.00562770461464286
"ENSG00000182568","SATB1",0.00488456547828331,0.993300522177033,"SATB1",0.0251819765808576,0.911798147567284
"ENSG00000182612","TSPAN10",2.13086733366333,2.33046412183696e-22,"TSPAN10",1.92002367842527,4.34409479953317e-15
"ENSG00000182621","PLCB1",-1.89444331341406,2.47476746610497e-20,"PLCB1",-1.97594438369218,3.86501118517161e-30
"ENSG00000182670","TTC3",-0.489337979523819,3.08874459221189e-12,"TTC3",-0.581019219050422,5.87178497984322e-17
"ENSG00000182718","ANXA2",-0.381786572629026,0.00178222673825733,"ANXA2",-0.571672341649884,1.93848851727014e-06
"ENSG00000182771","GRID1",-0.843077697966116,0.005859214558411,"GRID1",0.0282927339097487,0.927848814928308
"ENSG00000182810","DDX28",-0.172994542830486,0.272060602252013,"DDX28",-0.14012348400211,0.364065162629159
"ENSG00000182827","ACBD3",0.284597019596481,3.07446674757049e-05,"ACBD3",0.260922919168744,0.000163358146292375
"ENSG00000182944","EWSR1",-0.244812791799138,0.000498884325347834,"EWSR1",0.0133871873150938,0.916329294850374
"ENSG00000183010","PYCR1",-0.965747230172771,4.58819312187362e-15,"PYCR1",-1.00336414681402,1.00751398278658e-15
"ENSG00000183048","SLC25A10",-0.00454522137620551,0.994006002662269,"SLC25A10",-0.00187449051556937,0.992711877552009
"ENSG00000183287","CCBE1",-1.91304158055967,7.24740195994165e-30,"CCBE1",-2.20031757946583,9.03574962832258e-36
"ENSG00000183508","TENT5C",0.495518386450595,0.0755906927455053,"TENT5C",0.463256501938393,0.0818060070802305
"ENSG00000183560","IZUMO1R",3.16318352332813,1.35182394381177e-05,"IZUMO1R",2.18709072554366,0.000578190449943238
"ENSG00000183615","FAM167B",-0.0465259409588802,0.90234417670637,"FAM167B",-0.901622643966601,0.0208129814451018
"ENSG00000183691","NOG",-0.155696717325773,0.382410696045249,"NOG",-0.0184712585018448,0.937248461862684
"ENSG00000183696","UPP1",0.539693348375878,0.000665527072808,"UPP1",0.331108371709828,0.0339895516886528
"ENSG00000183741","CBX6",-0.287755674508572,0.00864253213092367,"CBX6",0.232908197020215,0.033779213089385
"ENSG00000183828","NUDT14",0.664302834724294,1.82806095186607e-05,"NUDT14",0.3170763017364,0.0361741138279557
"ENSG00000183864","TOB2",0.157517094369131,0.29487964023097,"TOB2",-0.109282597068745,0.486897902484024
"ENSG00000184007","PTP4A2",-0.631427187983119,3.31409137062907e-30,"PTP4A2",-0.433177515041125,6.37098423708895e-15
"ENSG00000184117","NIPSNAP1",-0.137314503640469,0.461241147948697,"NIPSNAP1",-0.323186986585511,0.0335319900767377
"ENSG00000184162","NR2C2AP",-0.359617622523718,0.0150661141041076,"NR2C2AP",-0.111849112772559,0.504621916060299
"ENSG00000184270","H2AC21",-0.70074527980347,0.0110857138817533,"H2AC21",-0.583559081315433,0.0204733700468643
"ENSG00000184319",NA,0.653951902447629,0.000695065811244523,NA,0.917565200470925,1.00638683432166e-05
"ENSG00000184432","COPB2",0.0459483494861645,0.680596133134934,"COPB2",0.049496721870226,0.652217456932213
"ENSG00000184508","HDDC3",-0.00295788343207913,0.996374941533887,"HDDC3",0.245212870052763,0.0187013973064321
"ENSG00000184575","XPOT",-0.589613583615121,2.89800264022023e-11,"XPOT",-0.46305343338467,1.75338280798899e-07
"ENSG00000184584","STING1",0.883898697826808,4.01408076692993e-12,"STING1",0.746780197877806,1.65430815224589e-08
"ENSG00000184867","ARMCX2",0.178638238682813,0.206673913760114,"ARMCX2",0.398924006799765,0.00109984697438707
"ENSG00000184897","H1-10",-0.261344737789231,0.0580857221881498,"H1-10",-0.144780058110319,0.3227783215752
"ENSG00000184992","BRI3BP",-0.33542187064336,0.00019476859890319,"BRI3BP",0.0714793431862679,0.538047985293381
"ENSG00000185022","MAFF",-0.0776278815588504,0.625106556482216,"MAFF",-0.411017566065146,0.00046316655176486
"ENSG00000185088","RPS27L",0.480690487537918,0.000289920573578149,"RPS27L",0.515206886639781,8.18557948594334e-05
"ENSG00000185112","FAM43A",0.822059365491501,5.51246816648992e-06,"FAM43A",0.655489901750425,0.000282037805435846
"ENSG00000185115","NSMCE3",-0.0492811244867546,0.81340070293408,"NSMCE3",-0.105732117412714,0.534752232738016
"ENSG00000185187","SIGIRR",-0.0137884041919371,0.968866479151386,"SIGIRR",-0.717941078436383,0.00116214206508385
"ENSG00000185261","KIAA0825",-0.30989746373089,0.296459990298364,"KIAA0825",-1.00378426997572,0.0157753107121412
"ENSG00000185495",NA,0.673442912140325,0.0265653215610961,NA,0.327449917347557,0.162559040797703
"ENSG00000185522","LMNTD2",0.40082742188571,0.189741575264244,"LMNTD2",0.0146124082034151,0.956676934230093
"ENSG00000185527","PDE6G",2.85798499822758,1.8718720249219e-09,"PDE6G",2.51891617571869,7.88811729457582e-07
"ENSG00000185591","SP1",-0.208436662412333,0.0319700925386458,"SP1",0.029394614471066,0.842586275514526
"ENSG00000185745","IFIT1",0.689338801983333,0.00613653844358979,"IFIT1",0.5862385341201,0.0202439383705041
"ENSG00000185924","RTN4RL1",-0.865260993354522,0.00860736070317267,"RTN4RL1",-0.939392306604633,0.0138362581885078
"ENSG00000186010","NDUFA13",0.387886703383299,0.0199675996361886,"NDUFA13",0.00586939054096277,0.980706941451191
"ENSG00000186187","ZNRF1",-0.426690197674533,7.37566168639379e-06,"ZNRF1",-0.0372443672691522,0.806482336071983
"ENSG00000186226","LCE1E",3.86074374390146,8.49697175309607e-18,"LCE1E",4.03005064854157,5.2611055519646e-10
"ENSG00000186451","SPATA12",1.16910110650407,0.00220506085600772,"SPATA12",0.703395343603275,0.0222657052259355
"ENSG00000186532","SMYD4",-0.0083079494302607,0.975672492709397,"SMYD4",0.0739456640573642,0.600923246160952
"ENSG00000187024","PTRH1",0.199215942477043,0.146597786378397,"PTRH1",0.0400210610378983,0.843112674736486
"ENSG00000187098","MITF",1.32126001780252,1.03000167349034e-15,"MITF",2.30577307768475,2.2440325300197e-41
"ENSG00000187134","AKR1C1",1.21948488524112,0.00145293749145863,"AKR1C1",1.79781188460083,3.28321017171594e-05
"ENSG00000187147","RNF220",-0.173407992849741,0.00737934279500564,"RNF220",0.0690017541068633,0.378614789486261
"ENSG00000187446","CHP1",0.143855715932859,0.185963504904032,"CHP1",0.0126544830520724,0.939434830153389
"ENSG00000187479","C11orf96",1.55786738229638,7.65779532840211e-09,"C11orf96",0.86483001899616,0.00128294797199291
"ENSG00000187713","TMEM203",0.00547280778798813,0.993300522177033,"TMEM203",-0.105084908610489,0.57777989908235
"ENSG00000187736","NHEJ1",-0.355393515556721,0.0281028201497429,"NHEJ1",-0.281296170140637,0.0703157213047805
"ENSG00000187741","FANCA",-0.137737372288412,0.335639880097769,"FANCA",-0.0366667172979167,0.842421575034355
"ENSG00000187837","H1-2",-0.157650323151382,0.378260245170501,"H1-2",-0.175121286703855,0.277498239944034
"ENSG00000187994","RINL",1.17203880715935,7.78009246760657e-07,"RINL",1.16147208100855,9.19262768244036e-09
"ENSG00000188015","S100A3",-0.0948261599195016,0.749924341760607,"S100A3",0.039792921076356,0.892320082624818
"ENSG00000188153","COL4A5",0.462788505893657,0.0172291506210538,"COL4A5",-0.0872328439231536,0.73317789045609
"ENSG00000188157","AGRN",-0.132275728581864,0.57428929527987,"AGRN",-0.0269334568801133,0.921260002493644
"ENSG00000188158","NHS",-0.59285565823875,6.98314518817081e-07,"NHS",-0.00209454699154373,0.990909441796039
"ENSG00000188186","LAMTOR4",0.167847830606126,0.192344191395546,"LAMTOR4",0.206048236562312,0.0852252358396554
"ENSG00000188215","DCUN1D3",0.620601833841452,6.83168033430481e-05,"DCUN1D3",0.684376042899493,2.22725274408803e-05
"ENSG00000188486","H2AX",-0.571308054963684,1.31742525448668e-06,"H2AX",-0.0812717658207332,0.597801820122503
"ENSG00000188501","LCTL",-0.710289640434482,0.000563781409291927,"LCTL",-0.395401346892568,0.0258306029389372
"ENSG00000188529","SRSF10",-0.503912222570512,1.16293024420536e-18,"SRSF10",-0.37543206666293,3.64521486732254e-11
"ENSG00000188636","RTL6",-0.242210116516429,0.0680240587105839,"RTL6",-0.143387845821366,0.308195680190873
"ENSG00000188677","PARVB",-0.307234214040042,0.00192117910547232,"PARVB",-0.366359692852131,0.000119793231374467
"ENSG00000188690","UROS",-0.0558371453724394,0.60543837084921,"UROS",-0.107142121407167,0.267166967240659
"ENSG00000188706","ZDHHC9",0.953679291854957,9.08447216999408e-21,"ZDHHC9",1.06605408155836,4.6338139455408e-22
"ENSG00000188996","HUS1B",0.631485039069782,0.0393048999250397,"HUS1B",0.320124456848754,0.199069300668095
"ENSG00000189043","NDUFA4",0.467448310998536,5.80442243502185e-06,"NDUFA4",0.184428797120028,0.0994728581944273
"ENSG00000189060","H1-0",-1.42663838358075,6.78302160058161e-21,"H1-0",-0.670792091627525,7.00288418061377e-06
"ENSG00000189077","TMEM120A",0.589263094240192,3.4119920465491e-06,"TMEM120A",0.579651073072491,1.21004301577221e-05
"ENSG00000189171","S100A13",0.869066791311829,6.99048246751264e-19,"S100A13",0.703197474266976,9.01763841848163e-13
"ENSG00000196072","BLOC1S2",0.620761432688025,4.58819312187362e-15,"BLOC1S2",0.479795950052365,2.24391892419418e-09
"ENSG00000196155","PLEKHG4",1.68032755382533,3.19268781923238e-11,"PLEKHG4",1.50193623575415,2.08082380178213e-07
"ENSG00000196208","GREB1",2.66008002048291,2.51181728984565e-39,"GREB1",2.22609244301161,4.53470524607755e-25
"ENSG00000196420","S100A5",0.449582155141721,0.109426642968145,"S100A5",0.115114389415231,0.648705824024299
"ENSG00000196453","ZNF777",0.15897747698028,0.335171275004372,"ZNF777",0.38284081441348,0.00669890872573582
"ENSG00000196507","TCEAL3",0.288662753653735,0.0268004710621707,"TCEAL3",0.405089420112824,0.000927407302095662
"ENSG00000196517","SLC6A9",-1.06720979579969,0.000358183296557319,"SLC6A9",-0.853503621796949,0.00250612725824183
"ENSG00000196562","SULF2",2.41557675511221,3.339856731416e-08,"SULF2",2.34429754504585,4.3748505624224e-05
"ENSG00000196576","PLXNB2",0.8081594875416,1.44592519892785e-12,"PLXNB2",1.02655054785175,4.46771701205288e-19
"ENSG00000196586","MYO6",0.514231242676414,8.38015765092821e-08,"MYO6",0.29256413025901,0.00302117460091883
"ENSG00000196739","COL27A1",-0.087090457177417,0.633595770189034,"COL27A1",-0.0671347967162508,0.71410460906371
"ENSG00000196743","GM2A",0.900739496793179,1.45056900999099e-13,"GM2A",0.921797623657519,1.56696868320204e-12
"ENSG00000196754","S100A2",-0.0968049017453889,0.549480635461074,"S100A2",-0.217788573178231,0.0923265044041524
"ENSG00000196839","ADA",0.794526222446477,1.72623554711871e-09,"ADA",0.769329915308952,3.55606878841285e-07
"ENSG00000196950","SLC39A10",0.265049020532855,0.0349811608430796,"SLC39A10",0.202106824420087,0.111260225168475
"ENSG00000196975","ANXA4",0.534996541420574,0.000129429203127973,"ANXA4",0.159126329590475,0.301389784623424
"ENSG00000197043","ANXA6",-0.558755196366207,9.86422252522166e-06,"ANXA6",-0.767022288079863,3.8230900448565e-09
"ENSG00000197063","MAFG",-0.459517134372294,4.75032385193143e-05,"MAFG",-0.247631001050183,0.0317656172972774
"ENSG00000197191","CYSRT1",1.87878871385166,2.26728447688275e-11,"CYSRT1",2.35509208716242,2.39502844901185e-14
"ENSG00000197302","KRBOX5",0.0170323663661484,0.946415914573797,"KRBOX5",-0.453510232773558,0.00104184132491192
"ENSG00000197448","GSTK1",0.0786113914106205,0.493147555426648,"GSTK1",-0.137415786261103,0.184736512539053
"ENSG00000197451","HNRNPAB",-0.407137090184504,1.39512998794379e-09,"HNRNPAB",-0.279644230520316,5.01140908768866e-05
"ENSG00000197461","PDGFA",0.0967520204691205,0.666814636963829,"PDGFA",0.291979831664286,0.0854718705890837
"ENSG00000197712","FAM114A1",-0.292477129621112,0.0514941575946395,"FAM114A1",-0.532442230720656,0.000251747647588906
"ENSG00000197747","S100A10",0.300351663536006,0.0131044179181475,"S100A10",0.169721079916811,0.186003376875724
"ENSG00000197771","MCMBP",-0.591638590092583,3.00427979955668e-10,"MCMBP",-0.158254478157752,0.124153646198922
"ENSG00000197852","INKA2",2.39027755813484,2.57132779137679e-53,"INKA2",2.16727902412533,5.45162360924375e-47
"ENSG00000197892","KIF13B",-0.214661440719472,0.213358506676309,"KIF13B",-0.643834933855844,2.57295863019772e-05
"ENSG00000198121","LPAR1",-0.093794017283951,0.736278938876474,"LPAR1",0.497720510509462,0.022412422221903
"ENSG00000198142","SOWAHC",0.0939833721413844,0.471172738354945,"SOWAHC",-0.091047996056207,0.495973135276888
"ENSG00000198189","HSD17B11",0.502669407971229,0.00305611927805926,"HSD17B11",0.441241571367269,0.00726111863839609
"ENSG00000198252","STYX",0.0767976394315181,0.565392136483666,"STYX",-0.0969598014554025,0.44879592645406
"ENSG00000198324","PHETA1",0.406366620871647,0.0270339933082939,"PHETA1",0.654485849253517,0.00103775861091932
"ENSG00000198373","WWP2",-0.0647577883375204,0.687682822645638,"WWP2",0.0846271691382395,0.570698303436817
"ENSG00000198380","GFPT1",-0.0440520779840513,0.763194146456733,"GFPT1",0.2268359839897,0.0239364299742593
"ENSG00000198546","ZNF511",-0.421084726598351,8.35455853975903e-07,"ZNF511",-0.0895939799432698,0.395828857014893
"ENSG00000198625","MDM4",-0.360672199275421,0.00183923762359254,"MDM4",-0.454146374369007,4.48907564558957e-05
"ENSG00000198721","ECI2",-0.0972034579436613,0.447778109546286,"ECI2",-0.232297447571129,0.0319101612677935
"ENSG00000198793","MTOR",0.0534368545665471,0.696994774740616,"MTOR",-0.0740441053868041,0.569363550056529
"ENSG00000198832","SELENOM",1.35275506201857,7.00267990474045e-16,"SELENOM",1.17100434648291,2.59615885211866e-10
"ENSG00000198840","MT-ND3",-0.460315808090371,0.000440759160946832,"MT-ND3",-0.716955661034931,6.35524219521048e-08
"ENSG00000198874","TYW1",-0.499898649304286,3.08778424095671e-07,"TYW1",-0.371875087384218,0.000151624532046129
"ENSG00000198890","PRMT6",-0.153869150785251,0.316041467408349,"PRMT6",0.00527879728318401,0.979701116922306
"ENSG00000198892","SHISA4",1.09087184582703,8.37566246904002e-09,"SHISA4",0.888678323207545,1.21004301577221e-05
"ENSG00000198899","MT-ATP6",0.460517050488801,0.0011100229622728,"MT-ATP6",0.795394390666792,3.68586109534756e-08
"ENSG00000198912","C1orf174",-0.433774703349814,7.894940986734e-05,"C1orf174",-0.290716816623635,0.00920356051826999
"ENSG00000198938","MT-CO3",0.0148014190057244,0.959445482940364,"MT-CO3",-0.142288755923774,0.380050128794667
"ENSG00000200913","SNORD46",2.93647967000564,6.4216605068708e-09,"SNORD46",0.245107966913316,0.33230387457153
"ENSG00000202538","RNU4-2",0.758301875212307,0.030227945341405,"RNU4-2",0.102532260153451,0.697754568036476
"ENSG00000204209","DAXX",-0.189955484984093,0.00815080629881406,"DAXX",-0.35323657291116,1.48800612030687e-07
"ENSG00000204257","HLA-DMA",0.482119097984391,0.0154075454869065,"HLA-DMA",0.0387697366388922,0.890689322451468
"ENSG00000204267","TAP2",0.360851812253727,2.38142643878372e-05,"TAP2",0.370574907979793,1.17611178071694e-05
"ENSG00000204381","LAYN",-0.419457728900127,4.36002749167271e-06,"LAYN",-0.350488398154702,0.000136386913622722
"ENSG00000204386","NEU1",1.16873880642412,1.2252507619098e-31,"NEU1",1.1562279283649,3.52992383122898e-29
"ENSG00000204388","HSPA1B",0.991810833654495,5.86886749498709e-17,"HSPA1B",1.28297822137267,1.09352586012732e-26
"ENSG00000204389","HSPA1A",1.50248217003821,1.04987072924907e-37,"HSPA1A",1.81148358850194,1.36404833742074e-54
"ENSG00000204438","GPANK1",0.381801694073537,0.000416394878147187,"GPANK1",0.214452700055047,0.0571670802936127
"ENSG00000204792","LINC01291",-0.0155537321864235,0.977896549772403,"LINC01291",0.0231721031920334,0.939926518346072
"ENSG00000204922","UQCC3",0.360769220582281,0.00309573910144011,"UQCC3",0.363873808461761,0.00216761435962369
"ENSG00000205208","C4orf46",-0.533561342564741,3.84882676790378e-06,"C4orf46",-0.61207871008183,1.17335262179797e-07
"ENSG00000205212",NA,-0.633812431813177,0.00534422198906167,NA,-0.219323085766342,0.268534964863643
"ENSG00000205250","E2F4",-0.866439375801775,4.59176989287775e-26,"E2F4",-0.512523365473431,2.08825835926335e-10
"ENSG00000205352","PRR13",0.37227825452236,7.63585872110557e-07,"PRR13",0.278910398293955,0.000318009404992134
"ENSG00000205593","DENND6B",1.4205029293748,0.00174987145077061,"DENND6B",0.950337748802466,0.011482408408714
"ENSG00000205937","RNPS1",-0.0921530185376611,0.450522919757069,"RNPS1",0.0892417779860451,0.4567970224833
"ENSG00000206075","SERPINB5",1.81566612114629,1.04860173414949e-54,"SERPINB5",1.64344784644177,1.40189256999257e-46
"ENSG00000210112",NA,-2.42207366752478,4.40425948919045e-15,NA,-3.5822877001333,1.27981979382766e-30
"ENSG00000210184",NA,-2.04571836534088,6.47850672773751e-09,NA,-2.60900753226834,1.7393929202102e-12
"ENSG00000211455","STK38L",0.363552621277381,0.0102273373215506,"STK38L",0.488949173510095,0.000232061634343708
"ENSG00000211459",NA,0.367513651101956,0.146298415149661,NA,0.243315391278397,0.275546455635739
"ENSG00000213079","SCAF8",0.00891519682187428,0.970859216575435,"SCAF8",-0.0810045322767289,0.558360859216712
"ENSG00000213390","ARHGAP19",-0.492814477054685,0.00501155825723415,"ARHGAP19",-0.253673734498937,0.149726025220655
"ENSG00000213445","SIPA1",0.313098214409563,0.0603841874522295,"SIPA1",0.385104524048182,0.0103903352874319
"ENSG00000213523","SRA1",0.848080764298838,1.08694758122963e-16,"SRA1",0.464789522100631,6.14398830898762e-06
"ENSG00000213551","DNAJC9",-0.418459122918463,4.28208274767412e-06,"DNAJC9",-0.326701871253538,0.000292359438226361
"ENSG00000213699","SLC35F6",0.176088637821459,0.10108024583915,"SLC35F6",0.217982758360336,0.0351806519188024
"ENSG00000213722","DDAH2",0.0419095380481469,0.868244989758797,"DDAH2",-0.0643355964226058,0.764398192458009
"ENSG00000213853","EMP2",0.0778202706411884,0.595377092471629,"EMP2",0.401091381421262,0.000209583802743487
"ENSG00000213983","AP1G2",0.238425006705112,0.128677570209526,"AP1G2",0.308052770028394,0.021897980230073
"ENSG00000214046","SMIM7",-0.163615804787526,0.0818071129589113,"SMIM7",-0.0588120868121525,0.62027454102075
"ENSG00000214049","UCA1",-0.0332772961281571,0.935984746314876,"UCA1",-0.204877482733187,0.412269807677937
"ENSG00000214078","CPNE1",-0.460213406951183,1.14816953831119e-07,"CPNE1",-0.399108830897492,3.90862786958146e-06
"ENSG00000214160","ALG3",0.58700329892673,5.73031336117904e-08,"ALG3",0.493061969607275,4.71809700466676e-06
"ENSG00000214357","NEURL1B",-0.569014359252061,0.0620656446780829,"NEURL1B",-0.536384413842952,0.0545093325615474
"ENSG00000214517","PPME1",0.512859123782654,5.05192539166008e-10,"PPME1",0.874607366428416,9.22204956939061e-27
"ENSG00000214796",NA,2.4774644922234,2.79507733693851e-27,NA,2.04350577642516,7.16578823751439e-11
"ENSG00000214900","LINC01599",0.643986430681494,0.000146146095046964,"LINC01599",1.1039950410898,9.73729328501376e-11
"ENSG00000215193","PEX26",0.383487777833686,1.45183007287538e-08,"PEX26",0.112175966124639,0.176283308721378
"ENSG00000215252","GOLGA8B",0.507791768336694,0.00411971857581013,"GOLGA8B",0.257572318071018,0.132489062406931
"ENSG00000215301","DDX3X",-0.285911810774245,1.61512002526557e-05,"DDX3X",-0.12370019357799,0.105093611029225
"ENSG00000215915","ATAD3C",1.17404622763029,0.00982447572541617,"ATAD3C",0.547053691685682,0.0715034774176647
"ENSG00000216775",NA,0.144818106670982,0.405246047490053,NA,0.586006539810735,3.05862628000818e-05
"ENSG00000221963","APOL6",0.157711064427849,0.403837383767435,"APOL6",0.0437393135061372,0.848034892155891
"ENSG00000221968","FADS3",0.551591984949831,0.000127299322773346,"FADS3",0.926810508339108,2.71538569543143e-09
"ENSG00000223496","EXOSC6",-0.0396385839930449,0.758275682589056,"EXOSC6",0.0608322727823086,0.602385302154047
"ENSG00000223745",NA,0.820430657006648,5.32967057355769e-05,NA,0.283222121640145,0.117361831929164
"ENSG00000223802","CERS1",-0.163406421351094,0.596807895642423,"CERS1",0.625904984566482,0.0382066830960692
"ENSG00000223959",NA,-0.62317126916517,3.58908929916702e-05,NA,-0.496977178947379,0.000865830633036323
"ENSG00000223960","CHROMR",0.0600392755238444,0.784374407532639,"CHROMR",0.360314227983219,0.0121353454057016
"ENSG00000224078",NA,-0.809195693371189,4.03752975184748e-11,NA,-0.606422142116892,3.38424864964957e-07
"ENSG00000224294","PINCR",3.18090864314571,1.85482193809322e-48,"PINCR",3.45290846085511,1.68324806022926e-45
"ENSG00000224877","NDUFAF8",0.0946532759385888,0.327093490555667,"NDUFAF8",0.231917323657825,0.00396389244750637
"ENSG00000225101","OR52K3P",1.95437081981185,0.000142542078891363,"OR52K3P",1.36536226560155,0.00307034936526322
"ENSG00000225648",NA,-0.238933735112656,0.0549573566110705,NA,-0.2864808999629,0.0149201111083853
"ENSG00000225697","SLC26A6",0.0014611305523302,0.999769847841042,"SLC26A6",-0.0403502212256589,0.862827967724018
"ENSG00000225921","NOL7",-0.00434885221504244,0.979897728629427,"NOL7",-0.0508966102166635,0.564148494642525
"ENSG00000226688","ENTPD1-AS1",0.263919468546973,0.0168423335762258,"ENTPD1-AS1",0.132677416225482,0.298803120974804
"ENSG00000228253","MT-ATP8",0.120276080608422,0.663967482560871,"MT-ATP8",0.221384497781683,0.300626640088767
"ENSG00000228288","MGAT4EP",1.74306179097526,4.56507559911293e-08,"MGAT4EP",1.03828153296318,0.0044825568700686
"ENSG00000228474","OST4",0.187010606308342,0.0421352057774301,"OST4",0.0423985638685998,0.740739359405468
"ENSG00000228709",NA,0.859729882856824,0.00330187559925442,NA,0.554795374072231,0.029738583619712
"ENSG00000228716","DHFR",-0.712913617691261,7.556529154507e-12,"DHFR",-0.96461789980664,1.36799065218193e-19
"ENSG00000229373","LINC00452",-0.13162528657349,0.643222053137218,"LINC00452",0.0302102117913351,0.920181781065503
"ENSG00000231312","MAP4K3-DT",-0.186196299248355,0.144365531302728,"MAP4K3-DT",0.222344648243697,0.0658519125778507
"ENSG00000231666","LINC01704",0.832646776235013,0.00535973440264201,"LINC01704",0.673082108454379,0.0143150468166972
"ENSG00000233016","SNHG7",0.0381305513068774,0.801624983926179,"SNHG7",-0.13096966798796,0.248262366897283
"ENSG00000233098","LOC339260",-1.26783694636979,4.35449736251305e-44,"LOC339260",-0.942705601709023,3.72331407801613e-26
"ENSG00000233117",NA,0.141575999120206,0.48677754710397,NA,-0.0338552236002996,0.896670852629191
"ENSG00000233276","GPX1",0.681107463171194,7.99794027168041e-09,"GPX1",0.246173444481753,0.0423868295332852
"ENSG00000233559","LINC00513",0.157050354343974,0.608761900831385,"LINC00513",-0.00971706298546112,0.973858395603315
"ENSG00000233922","LINC01694",0.237989565985724,0.148813266544536,"LINC01694",0.263626436324738,0.0612001940856384
"ENSG00000234616","JRK",-0.361230215202931,0.00496662852909479,"JRK",-0.300819004426057,0.0229559688969845
"ENSG00000234851","RPL23AP42",0.0649236805566995,0.637096551180061,"RPL23AP42",-0.0181052937044164,0.918044573310182
"ENSG00000236427","CCDST",2.44268573008681,1.42592621293389e-09,"CCDST",2.53717471987082,1.01490618577929e-11
"ENSG00000237352",NA,-0.172081769062881,0.529834679312201,NA,-0.782751348241763,0.0065676415893915
"ENSG00000237975",NA,0.481153058222581,0.0659596969125187,NA,0.365474458312273,0.115281605660348
"ENSG00000238178",NA,-0.175733238006713,0.426872140339961,NA,0.0312526223756376,0.909859616583026
"ENSG00000238227","TMEM250",-0.0381346913959581,0.810877856262669,"TMEM250",0.429768027415876,1.49377172705303e-05
"ENSG00000239039","SNORD13",1.86955941453058,2.51657187698648e-13,"SNORD13",0.633687384611541,0.00529729842528182
"ENSG00000239306","RBM14",-0.949084708469674,9.29101757110501e-13,"RBM14",-0.755250214515418,4.11287271890928e-08
"ENSG00000239672","NME1",0.166739446418124,0.138756991896237,"NME1",0.0708310774691222,0.599070089794066
"ENSG00000240476","LINC00973",0.284880543001763,0.0826633829511369,"LINC00973",0.423129352758545,0.00444837487473086
"ENSG00000240687","LOC105373418",1.61261250304564,0.000102710544081916,"LOC105373418",0.913423345824728,0.0157187595023067
"ENSG00000240695",NA,0.36388426914204,0.124125005084904,NA,0.247158406610996,0.251218151108172
"ENSG00000242125","SNHG3",-0.334444127730473,0.0112266780000091,"SNHG3",-0.183246232103382,0.183449682387452
"ENSG00000242485","MRPL20",-0.250044706586661,0.00428476045122436,"MRPL20",-0.0965199866937093,0.352382022639738
"ENSG00000243927","MRPS6",0.0858739260484881,0.497772133947438,"MRPS6",0.193007211103961,0.0665040053233421
"ENSG00000244187","TMEM141",-0.0460896965004037,0.800765843472999,"TMEM141",0.00441383468774821,0.981984136503797
"ENSG00000244405","ETV5",-0.5605195602645,3.85638854661813e-06,"ETV5",-0.424968514463937,0.000336641924560364
"ENSG00000244462","RBM12",-0.200953026120963,0.026811539289263,"RBM12",-0.153051240186248,0.113164799654594
"ENSG00000244509","APOBEC3C",1.56520978067696,3.43083148921484e-58,"APOBEC3C",1.33402172378428,4.6085150718465e-42
"ENSG00000244694","PTCHD4",-0.238637537981402,0.165316138302824,"PTCHD4",0.280107491522649,0.0627292943336243
"ENSG00000245694","CRNDE",-0.92136711628171,5.04055302716911e-10,"CRNDE",-0.942527566544974,1.48833120901587e-10
"ENSG00000246263",NA,1.46172174373985,0.000287148154784978,NA,0.810548685559293,0.0138054837209579
"ENSG00000247556","OIP5-AS1",-0.646248611338543,2.95925472852091e-19,"OIP5-AS1",-0.462805328744028,1.03371020395205e-11
"ENSG00000247596","TWF2",-0.0992759015375686,0.505885478734936,"TWF2",-0.0749094349068936,0.62832735796114
"ENSG00000247796","MOCS2-DT",0.322791697496279,0.0295518355489003,"MOCS2-DT",0.677661433565439,5.83658705186753e-06
"ENSG00000248583",NA,0.729058413288451,0.00321421065119282,NA,1.20986584340136,7.05222742037958e-06
"ENSG00000248712","DRC12",-0.0207189762305969,0.965607339754943,"DRC12",0.627969986928391,0.0528123180119367
"ENSG00000249196","TMEM132D-AS1",-0.269543055611212,0.259910391918397,"TMEM132D-AS1",-0.0128970539093614,0.961569215624222
"ENSG00000249751","ECSCR",-0.842318045621413,4.54908241709858e-07,"ECSCR",-0.744350048165774,7.93938003079249e-06
"ENSG00000249867","LINC02742",-1.21434426586856,1.57411051253447e-07,"LINC02742",-0.25122736408648,0.139375227420548
"ENSG00000250041","LOC124902629",2.03033969140535,3.64968677068317e-06,"LOC124902629",1.7826005832137,3.05872055011626e-06
"ENSG00000250222",NA,0.569295227104251,0.000542022687329529,NA,0.20687818372071,0.211600973729072
"ENSG00000250337","PURPL",1.65021573997822,4.04140500184494e-20,"PURPL",1.46955327327508,6.3595710185725e-16
"ENSG00000251257",NA,1.29851455441532,0.00186984806499501,NA,0.339900410538157,0.191133099547805
"ENSG00000253414",NA,0.0387481469656372,0.916140334184068,NA,0.266838386525944,0.288695665533445
"ENSG00000254415","SIGLEC14",1.51976733912166,4.30121158441219e-05,"SIGLEC14",1.13897421620596,7.32272290977451e-05
"ENSG00000254470","AP5B1",0.342282914590031,0.00568617552485477,"AP5B1",0.584403194052178,1.55716545504608e-06
"ENSG00000254682","DHCR7-DT",-0.133805562479235,0.521393845365698,"DHCR7-DT",-0.147159892924748,0.440955232950588
"ENSG00000257219","LNCOG",-0.146737148603031,0.63408950391043,"LNCOG",0.290287630847664,0.253840114962081
"ENSG00000259956","RBM15B",-0.118060773861921,0.156511002909449,"RBM15B",-0.0191852460312116,0.881599469109122
"ENSG00000260231","KDM7A-DT",2.11617916057612,2.804670319851e-08,"KDM7A-DT",1.06724183257754,0.00206083750723174
"ENSG00000261801","LOXL1-AS1",-0.921824867939252,3.67455320691498e-11,"LOXL1-AS1",-0.817809502633872,2.84473046977221e-09
"ENSG00000262049",NA,0.350972264232071,0.0910756398723008,NA,0.114314478783837,0.599772976165417
"ENSG00000262246","CORO7",-0.622605604547847,0.00232742387134109,"CORO7",-0.440910913368368,0.0309798496861358
"ENSG00000263563",NA,-1.82365925588058,2.01767118454325e-44,NA,-1.2285224700374,6.08855468615761e-24
"ENSG00000264107","MIR4733HG",0.606263040992491,0.033549546553297,"MIR4733HG",0.46075526109282,0.0715034774176647
"ENSG00000264920",NA,0.396407873467813,0.0328851333015408,NA,0.383858546449812,0.0275221235145718
"ENSG00000265241","RBM8A",-0.285595511631008,6.64514716823886e-05,"RBM8A",-0.169903977891691,0.0264436475250654
"ENSG00000265688","MILIP",0.335384423962949,0.0361990591920774,"MILIP",0.223189089157804,0.157428301967894
"ENSG00000265808","SEC22B",-0.143507175454854,0.161059960156272,"SEC22B",-0.192701235986818,0.0485187865041102
"ENSG00000267106","ZNF561-AS1",0.537166266587256,0.000378326117646949,"ZNF561-AS1",0.324635888503549,0.0297323861284927
"ENSG00000268362",NA,0.237487916708849,0.121733244472172,NA,0.215155355320012,0.128526912714502
"ENSG00000269044",NA,-0.567612516571844,0.0243107156248289,NA,-0.205752066011871,0.346780135853629
"ENSG00000269729","LOC105372424",3.14606224328521,1.41314151943122e-26,"LOC105372424",2.82638123269849,1.34782804632292e-27
"ENSG00000270210",NA,0.40019672004844,0.177961874812147,NA,0.0598784648206877,0.838502290664608
"ENSG00000272711","HK2-DT",-0.367885688504255,0.0103014743653651,"HK2-DT",-0.287783730695511,0.030204982571917
"ENSG00000272870","SAP30-DT",-0.0150231716753192,0.973556652239128,"SAP30-DT",-0.04201625952234,0.880310866756867
"ENSG00000272888",NA,-0.830569274444208,7.04736244504312e-22,NA,-0.486135070254488,6.38446402759895e-09
"ENSG00000273132","LOC124901427",0.300686011464858,0.00999859104026958,"LOC124901427",0.0301165066909732,0.873900350041149
"ENSG00000273143","LOC105378482",-0.381028602734392,0.0078412693489981,"LOC105378482",-0.316802131388736,0.0232997503558195
"ENSG00000273749","CYFIP1",-0.177030097120278,0.0659199130059497,"CYFIP1",-0.388647947134471,1.26618224614482e-05
"ENSG00000273899","NOL12",0.11681870236737,0.542024799002738,"NOL12",0.353386727767491,0.0181738874005387
"ENSG00000274180","NATD1",2.197929283522,1.64126022763794e-11,"NATD1",1.92451973013721,3.99396860674272e-08
"ENSG00000275700","AATF",-0.0431900570305238,0.739703305353629,"AATF",0.140334688178387,0.153037557250571
"ENSG00000276023","DUSP14",1.13319407040445,1.31163487359897e-18,"DUSP14",0.95798222064371,3.0128092292632e-13
"ENSG00000276043","UHRF1",-0.884580724282864,1.13382310260066e-08,"UHRF1",-0.651542995506731,0.000101723974180791
"ENSG00000276234","TADA2A",-0.668142172711787,2.88799574775572e-16,"TADA2A",-0.25880022678876,0.00111070710431335
"ENSG00000276384",NA,-0.0798490042534458,0.818516106225289,NA,0.061146816864048,0.834794649956205
"ENSG00000277075","H2AC8",-0.579362714962778,0.0251389770150703,"H2AC8",0.0851136213165892,0.731882594604259
"ENSG00000277161","PIGW",-0.348991034671948,0.00824449809302969,"PIGW",-0.116183356701612,0.438208945245744
"ENSG00000277639","CHD9NB",1.48183940538559,4.58281224664064e-10,"CHD9NB",1.10937800102225,2.87361122677241e-06
"ENSG00000277734","TRAC",0.474629039611252,0.0236007745835172,"TRAC",0.893492610869754,5.63797965700266e-05
"ENSG00000278535","DHRS11",0.0934920720567084,0.604575131469053,"DHRS11",0.0699791104799097,0.711441831683724
"ENSG00000279118",NA,0.134449097707727,0.669237840282197,NA,-0.30588009878579,0.235917545553231
"ENSG00000279208",NA,1.09452959445124,1.58130672079284e-06,NA,0.851142678215463,0.000111742143164341
"ENSG00000279864",NA,-1.20750587864922,1.61346942835348e-14,NA,-1.18333138740305,2.61551015241199e-15
"ENSG00000280789","PAGR1",-0.689360132974042,5.35364347358577e-07,"PAGR1",-0.465006581082216,0.000563756107904061
"ENSG00000281468",NA,0.360433142271253,0.0306633581774892,NA,0.630310928861956,0.000267752201948278
"ENSG00000283498","MIR1244-2",-0.519548997318446,0.00063394492378528,"MIR1244-2",-0.123638691015298,0.468510522191398
"ENSG00000283930",NA,0.146014171590717,0.641682984193959,NA,-0.0664377214294438,0.820078372038309
"ENSG00000285822",NA,-0.549884876743486,0.00145547036789593,NA,-0.3703405165978,0.0190807554287026
"ENSG00000286156",NA,0.14508280722115,0.480394500976622,NA,-0.0914238184760163,0.655137362473691
"ENSG00000286406",NA,0.684461361423351,0.00456975519046545,NA,1.45479194592985,4.78663298341012e-08
"ENSG00000286835",NA,0.379316724851321,0.127975545654102,NA,0.378039103053363,0.105616851506084
"ENSG00000287861","LOC107984132",-0.729371723105967,2.35083232363002e-05,"LOC107984132",0.0910780949399165,0.637334920932461
"ENSG00000288899",NA,-0.296679001454304,0.0286267032921913,NA,-0.306736287909255,0.0191785112753476
"ENSG00000289847","LOC105377940",-0.457535046127961,0.0666234169083862,"LOC105377940",-0.0571306150053462,0.840660672415555
"ERCC-00062",NA,-0.149329300969689,0.629979914568081,NA,0.778707682522131,0.0241244824952106
"ERCC-00112",NA,0.0783204961347637,0.820582584398669,NA,0.605342956020407,0.046711818389133
