"ENSEMBL","SYMBOL","log2FoldChange","padj"
"ENSG00000001084","GCLC",0.484274003779186,0.000483647145588991
"ENSG00000001167","NFYA",-0.151023891991607,0.2663840525301
"ENSG00000001629","ANKIB1",-0.150561760239766,0.145646553457882
"ENSG00000002586","CD99",-0.258573830721684,0.00249899336899357
"ENSG00000002587","HS3ST1",-0.108751485359684,0.668265998123839
"ENSG00000003400","CASP10",0.196720080174232,0.374664149356661
"ENSG00000004700","RECQL",-0.445658288506359,2.18109785747956e-06
"ENSG00000004848","ARX",3.06065608332598,2.68074099477717e-05
"ENSG00000005020","SKAP2",-0.699904057362748,6.00986405238165e-10
"ENSG00000005059","MCUB",-0.693568644324637,1.17679177241551e-09
"ENSG00000005075","POLR2J",0.0768137144209191,0.4859875663034
"ENSG00000005302","MSL3",0.008657981422119,0.951698856581089
"ENSG00000005448","WDR54",0.169446889430867,0.173223630656561
"ENSG00000005486","RHBDD2",1.19800521688553,2.23644494967882e-19
"ENSG00000005882","PDK2",1.13172578584907,0.00025691436769479
"ENSG00000005893","LAMP2",-0.0556298808375734,0.647964959833082
"ENSG00000006015","REX1BD",0.140762856798071,0.31018687948386
"ENSG00000006125","AP2B1",-0.556257159628534,6.14633792808755e-14
"ENSG00000006453","BAIAP2L1",0.753843453508042,1.67765294783088e-14
"ENSG00000006576","PHTF2",-0.112849663005947,0.320589909365763
"ENSG00000006606","CCL26",3.31383102875425,6.08816913853573e-08
"ENSG00000006695","COX10",0.0268266766961746,0.871168253690927
"ENSG00000006831","ADIPOR2",0.0881410044107157,0.279907509282027
"ENSG00000007202","BLTP2",0.026335183682841,0.867328628619142
"ENSG00000008083","JARID2",0.0278839894035819,0.89321530089423
"ENSG00000008294","SPAG9",-0.280972822007206,0.016111941918279
"ENSG00000008394","MGST1",0.249332751955309,0.00762286017158804
"ENSG00000008441","NFIX",-0.0598855946611605,0.704059424459866
"ENSG00000008838","MED24",0.402248969691515,0.00132282781848765
"ENSG00000008952","SEC62",-0.0203063002556424,0.860883940935723
"ENSG00000009694","TENM1",-2.17669833258544,1.07392890312922e-19
"ENSG00000010017","RANBP9",0.170584485772329,0.121905659279228
"ENSG00000010292","NCAPD2",-0.0442317371774809,0.789084144505441
"ENSG00000011295","TTC19",-0.315369343410119,0.001473129482817
"ENSG00000011347","SYT7",-0.42174162910738,0.101422461658372
"ENSG00000011638","LDAF1",-0.368476698013332,0.020494087438108
"ENSG00000011677","GABRA3",-1.68119198061965,2.99490623302485e-21
"ENSG00000012660","ELOVL5",-0.266604930832218,0.00681031473629261
"ENSG00000013306","SLC25A39",0.00670185261809378,0.960760410499644
"ENSG00000013561","RNF14",0.139385826907326,0.195520243125815
"ENSG00000014216","CAPN1",-0.0909499606544662,0.536192541425785
"ENSG00000017797","RALBP1",0.175906138726353,0.00572713253605331
"ENSG00000018408","WWTR1",-0.0921951657061043,0.392580945684461
"ENSG00000018510","AGPS",0.205486105710251,0.0117321899113573
"ENSG00000018699","TTC27",-0.234501853943514,0.0467820179301868
"ENSG00000019549","SNAI2",-0.0890714553268376,0.676836932792563
"ENSG00000024422","EHD2",-0.0361165182912984,0.854371821715724
"ENSG00000025772","TOMM34",-0.0166131918822706,0.899522970197549
"ENSG00000025800","KPNA6",0.0569947498396553,0.480908940699741
"ENSG00000026508","CD44",0.196520675199736,0.00331885737292641
"ENSG00000028528","SNX1",0.130375031624885,0.119993321123064
"ENSG00000030582","GRN",0.512896938626081,8.88894760910373e-06
"ENSG00000031698","SARS1",-0.118224394581336,0.3847882033256
"ENSG00000032389","EIPR1",-0.495767461730879,7.90304769075578e-07
"ENSG00000033011","ALG1",0.430624058323783,4.50662801027547e-05
"ENSG00000033050","ABCF2",0.095880293186063,0.306714452780246
"ENSG00000033327","GAB2",0.178832290042896,0.396694555259995
"ENSG00000033867","SLC4A7",0.0910728789450704,0.499803525345268
"ENSG00000035403","VCL",-0.190967758253828,0.0422466150625535
"ENSG00000036672","USP2",0.76037215834577,0.0336995772531201
"ENSG00000040531","CTNS",0.304760977866465,0.0411022766060209
"ENSG00000040608","RTN4R",0.594514946519885,0.0172915318763206
"ENSG00000041353","RAB27B",0.149691934174997,0.397443493159297
"ENSG00000041982","TNC",-1.65531186602455,3.61839283097292e-09
"ENSG00000042753","AP2S1",-0.229422584791233,0.0336706691048731
"ENSG00000046647","GEMIN8",-0.399933290360042,0.0222270345920338
"ENSG00000047849","MAP4",-0.650201877374941,5.35687158157041e-20
"ENSG00000048140","TSPAN17",0.124904909561523,0.332068485348091
"ENSG00000048342","CC2D2A",0.0800660013453844,0.600417872114968
"ENSG00000050130","JKAMP",0.243363655217257,0.0130870880058856
"ENSG00000050344","NFE2L3",0.0394987347036879,0.843362327624804
"ENSG00000050748","MAPK9",-0.565927955315392,1.42036394571622e-10
"ENSG00000051108","HERPUD1",-0.840287920697607,5.23595931860473e-08
"ENSG00000051596","THOC3",0.590884697910653,4.64142998006519e-07
"ENSG00000053501","USE1",0.0121049512122992,0.947513257024652
"ENSG00000054267","ARID4B",0.0446687350927624,0.723070144674958
"ENSG00000054277","OPN3",-0.366051307248758,0.0219838974881591
"ENSG00000054356","PTPRN",-0.217740407224657,0.345191593408345
"ENSG00000054523","KIF1B",0.1602456905819,0.0942639621192959
"ENSG00000054793","ATP9A",-0.439825036056759,0.0221140869543773
"ENSG00000054965","FAM168A",0.0972113376978949,0.574483072472888
"ENSG00000055044","NOP58",-0.363008103563775,1.87808367733572e-07
"ENSG00000055483","USP36",-0.0189762965305504,0.925050843061113
"ENSG00000056972","TRAF3IP2",0.669252716192151,2.24367426375926e-08
"ENSG00000057019","DCBLD2",-0.68586424420938,4.97847901679547e-15
"ENSG00000057657","PRDM1",-0.288950701014578,0.151513864444503
"ENSG00000058091","CDK14",-1.07564160541195,3.76729554550168e-17
"ENSG00000058668","ATP2B4",-0.813080202485911,0.000120423101686121
"ENSG00000059758","CDK17",-0.499340816281161,9.94769647849084e-06
"ENSG00000060491","OGFR",0.247743702161064,0.00138363022857768
"ENSG00000063245","EPN1",0.0366733762725355,0.820576193367324
"ENSG00000063660","GPC1",0.932594638097744,3.02423045110166e-13
"ENSG00000063854","HAGH",0.301027395311971,0.0193039988235817
"ENSG00000064763","FAR2",-1.86351785477691,1.87487218817323e-10
"ENSG00000064886","CHI3L2",0.197042231573929,0.376093145299
"ENSG00000064995","TAF11",0.0379282449548554,0.786673439781238
"ENSG00000065243","PKN2",0.116599161649455,0.288028549044506
"ENSG00000065618","COL17A1",0.0499427445348473,0.834719025113985
"ENSG00000066135","KDM4A",0.00267101035190377,0.987636607580824
"ENSG00000066557","LRRC40",0.180195854823523,0.14800912411592
"ENSG00000066777","ARFGEF1",-0.128849735462151,0.20792517717978
"ENSG00000067606","PRKCZ",3.86837981283292,6.42166528861426e-09
"ENSG00000067836","ROGDI",1.55305013989212,2.00367932535538e-12
"ENSG00000067992","PDK3",0.340272597874351,0.0169820070476563
"ENSG00000068024","HDAC4",-0.14790305395038,0.44341075282215
"ENSG00000068305","MEF2A",0.0343414295968083,0.832320401996957
"ENSG00000068438","FTSJ1",0.0856417707833193,0.480908940699741
"ENSG00000068489","PRR11",-0.616847416287232,3.46621118473396e-08
"ENSG00000068878","PSME4",0.385542161601735,8.97786613318905e-09
"ENSG00000069020","MAST4",-0.039256868612403,0.834869264621291
"ENSG00000069702","TGFBR3",-0.474752706942877,0.000268721825125396
"ENSG00000069974","RAB27A",-0.560779397914824,8.71544868776586e-07
"ENSG00000070081","NUCB2",-0.389301086854159,0.000356269298594693
"ENSG00000070214","SLC44A1",-0.447696443265122,7.56221432697893e-09
"ENSG00000070669","ASNS",-0.639894794460401,0.0516928446469202
"ENSG00000070882","OSBPL3",0.179258988564797,0.105602285641106
"ENSG00000071054","MAP4K4",-0.803836229719586,3.89088158524644e-13
"ENSG00000071205","ARHGAP10",-0.0121478281482023,0.934879028425529
"ENSG00000071794","HLTF",-0.0707812211087104,0.626781802580477
"ENSG00000072041","SLC6A15",0.0245253627051623,0.892399048352248
"ENSG00000072134","EPN2",0.120962787323073,0.360993693973548
"ENSG00000072163","LIMS2",-0.0178466645502375,0.951480039765083
"ENSG00000072210","ALDH3A2",0.0684699730664995,0.658038773062424
"ENSG00000072571","HMMR",-0.565199702484704,0.00229044353529434
"ENSG00000072786","STK10",0.246240915938748,0.0549991798842169
"ENSG00000072864","NDE1",-0.257692082913132,0.029649170688384
"ENSG00000073008","PVR",0.249558182219148,0.0532746563488016
"ENSG00000073050","XRCC1",-0.0806191951519144,0.586208018897199
"ENSG00000073150","PANX2",0.17845976279712,0.396707767173307
"ENSG00000073169","SELENOO",0.310946861272191,0.0370765708916528
"ENSG00000073756","PTGS2",1.14583832237048,0.000430738370389544
"ENSG00000073969","NSF",0.0303827217624213,0.85778990597716
"ENSG00000074657","ZNF532",-0.390358760493989,0.00099620530932505
"ENSG00000074935","TUBE1",0.0142506855424109,0.95016849462023
"ENSG00000075340","ADD2",0.0188562752148988,0.937248461862684
"ENSG00000075413","MARK3",-0.429692278844887,6.44800852954788e-14
"ENSG00000075618","FSCN1",0.327905839291065,1.04247918717492e-05
"ENSG00000075643","MOCOS",-0.172626124455948,0.243793219115049
"ENSG00000076351","SLC46A1",2.29262165736492,3.57707480276381e-08
"ENSG00000077152","UBE2T",0.212438374311785,0.168979501310192
"ENSG00000077235","GTF3C1",0.361359549488032,0.000473555463225719
"ENSG00000078237","TIGAR",0.139807928339842,0.419630061218943
"ENSG00000078246","TULP3",0.318117298780413,0.000902314599914462
"ENSG00000079277","MKNK1",0.88075386963283,7.35556106653223e-13
"ENSG00000079337","RAPGEF3",0.592357870179734,0.0193897868769228
"ENSG00000079462","PAFAH1B3",-0.0693843750169284,0.608713896653934
"ENSG00000079805","DNM2",0.023406539089482,0.886533217446906
"ENSG00000079819","EPB41L2",-0.640707147872916,4.41570112525745e-15
"ENSG00000079841","RIMS1",-0.12949412611775,0.611700437494332
"ENSG00000080189","SLC35C2",0.126801731536586,0.176935299785555
"ENSG00000080845","DLGAP4",0.282565652428863,0.0119719681262071
"ENSG00000081377","CDC14B",-0.0564677423361986,0.790238051149257
"ENSG00000081386","ZNF510",0.064651746156721,0.790238051149257
"ENSG00000081721","DUSP12",-0.00058046401978548,0.997993292062286
"ENSG00000081913","PHLPP1",0.00409268636287679,0.984108071332307
"ENSG00000082438","COBLL1",0.279322528770196,0.0128392740970819
"ENSG00000082515","MRPL22",0.296354803954002,0.00215311109274536
"ENSG00000082781","ITGB5",0.0911816263744707,0.513507208176337
"ENSG00000082805","ERC1",-0.567178153428212,3.58690633409094e-07
"ENSG00000083099","LYRM2",-0.0567274683378266,0.624149624723619
"ENSG00000084234","APLP2",-0.0741928465716559,0.482995731014052
"ENSG00000084733","RAB10",-0.004921782191471,0.970049132830379
"ENSG00000085274","MYNN",-0.0918314693750174,0.534590247754532
"ENSG00000085433","WDR47",0.389990788829452,0.0216703378886057
"ENSG00000085644","ZNF213",0.0374288461541095,0.875548740614254
"ENSG00000085871","MGST2",0.860824841618622,0.0189286524564915
"ENSG00000086062","B4GALT1",-0.039620896641398,0.826228767794406
"ENSG00000086475","SEPHS1",-0.107289250333284,0.259399035023053
"ENSG00000086712","TXLNG",-0.0813246444325391,0.464018709977935
"ENSG00000086848","ALG9",-0.275990452734614,0.104654954036173
"ENSG00000086991","NOX4",-0.0308453399522244,0.914886604246039
"ENSG00000087008","ACOX3",-0.380461583299038,0.0078011336782208
"ENSG00000087253","LPCAT2",0.18982969079057,0.275685215450204
"ENSG00000087274","ADD1",-0.0210514167129213,0.867018401681089
"ENSG00000087586","AURKA",-0.236596216442428,0.0210117150333737
"ENSG00000087842","PIR",-0.636410826147101,2.28358717505422e-05
"ENSG00000088205","DDX18",-0.110646257283094,0.045756855003765
"ENSG00000088305","DNMT3B",0.348272820737997,0.0319555671605767
"ENSG00000088727","KIF9",0.0366234943147757,0.867712036486042
"ENSG00000089053","ANAPC5",-0.114012449772799,0.0992468832771301
"ENSG00000089063","TMEM230",-0.20812430222504,0.0785563878772468
"ENSG00000089639","GMIP",1.52304087609393,1.55413735931441e-11
"ENSG00000089693","MLF2",0.540325552154531,1.00397118880944e-12
"ENSG00000090020","SLC9A1",0.368100852706505,0.00894726758878734
"ENSG00000090061","CCNK",0.539571622091149,1.73170067171467e-08
"ENSG00000090686","USP48",-0.0892567661695587,0.300814089026376
"ENSG00000090863","GLG1",-0.307427730900986,0.000216063956357921
"ENSG00000091073","DTX2",0.332649419792972,0.0107057569252325
"ENSG00000091317","CMTM6",-0.0129021440291364,0.93236273071122
"ENSG00000091409","ITGA6",-1.35142310277809,5.47411530631011e-26
"ENSG00000091436","MAP3K20",-0.259646500565265,6.72869930777967e-05
"ENSG00000091542","ALKBH5",0.148336810045404,0.137371919299106
"ENSG00000091844","RGS17",-0.572168459450402,0.00012703064342521
"ENSG00000092020","PPP2R3C",-0.0435014886534629,0.768738205723672
"ENSG00000092094","OSGEP",-0.153488566203243,0.257756055079175
"ENSG00000092871","RFFL",-0.331513755516617,0.00872718505517214
"ENSG00000092929","UNC13D",1.19563132418828,2.18637107673355e-07
"ENSG00000093144","ECHDC1",-0.160323368714064,0.0344235681996387
"ENSG00000093217","XYLB",-0.355843720243339,0.0072915454999594
"ENSG00000095539","SEMA4G",0.687655264784623,0.02559138342744
"ENSG00000095794","CREM",0.153986971622077,0.24738431151365
"ENSG00000096063","SRPK1",-0.17985116900386,0.000152663416675348
"ENSG00000096070","BRPF3",0.187109229637217,0.240759016355024
"ENSG00000097046","CDC7",0.11136079506272,0.469316749336145
"ENSG00000099326","MZF1",-0.217490458142248,0.278669106672308
"ENSG00000099364","FBXL19",0.231182532428258,0.162450333062113
"ENSG00000099814","CEP170B",0.733928961535507,1.78428256507216e-08
"ENSG00000099817","POLR2E",-0.00651143737472721,0.96820369128742
"ENSG00000099860","GADD45B",0.00388752785565653,0.986863382151681
"ENSG00000099875","MKNK2",0.424940989080912,1.31968613807347e-06
"ENSG00000099889","ARVCF",2.01232126408179,8.44000871902813e-10
"ENSG00000099991","CABIN1",0.0778118889667479,0.549625418822662
"ENSG00000100030","MAPK1",-0.0298416747904202,0.725180134506058
"ENSG00000100033","PRODH",3.54584376502288,1.47674004679453e-07
"ENSG00000100034","PPM1F",-0.080832405975911,0.592646641448968
"ENSG00000100099","HPS4",0.319159418411203,0.000980195947710852
"ENSG00000100139","MICALL1",0.285963998355368,0.00596098940307072
"ENSG00000100201","DDX17",0.268687497918255,0.000157185723260137
"ENSG00000100219","XBP1",-1.31888601162083,2.2329058132567e-23
"ENSG00000100221","JOSD1",-0.163251608891251,0.104149708862819
"ENSG00000100243","CYB5R3",0.00791970857213751,0.948625739884222
"ENSG00000100266","PACSIN2",0.104392105316266,0.372462382870966
"ENSG00000100280","AP1B1",-0.0857671658714227,0.459078890382469
"ENSG00000100290","BIK",2.29702237163691,0.000249527997199727
"ENSG00000100296","THOC5",0.167298855993163,0.0185756618220123
"ENSG00000100300","TSPO",-0.269105641055103,0.000772643163420701
"ENSG00000100304","TTLL12",0.167538601613775,0.0519155274627314
"ENSG00000100380","ST13",0.0576846306592384,0.540326677568786
"ENSG00000100401","RANGAP1",0.266663207034136,0.00530316604511155
"ENSG00000100410","PHF5A",-0.419727458213152,1.78538636445312e-05
"ENSG00000100413","POLR3H",0.227701474009153,0.0704071103940364
"ENSG00000100596","SPTLC2",-0.274953648356692,0.0238433590133107
"ENSG00000100823","APEX1",-0.146066542935839,0.206096135731747
"ENSG00000100888","CHD8",0.384030780546657,2.95285458794611e-06
"ENSG00000101084","RAB5IF",0.197071277564872,0.0862531219720351
"ENSG00000101152","DNAJC5",-0.11416543741323,0.380050128794667
"ENSG00000101158","NELFCD",0.0877622281910438,0.459620528380349
"ENSG00000101160","CTSZ",0.103111619212892,0.605220075308798
"ENSG00000101193","GID8",0.2051246394482,0.0204762145361275
"ENSG00000101199","ARFGAP1",0.0963308405355968,0.506962430538016
"ENSG00000101216","GMEB2",-0.0470839980121395,0.784514319231759
"ENSG00000101220","ADISSP",-0.0751787748206777,0.640281767533758
"ENSG00000101236","RNF24",-0.517568425712388,2.06076610327094e-07
"ENSG00000101343","CRNKL1",-0.0307707639857146,0.819813742726071
"ENSG00000101346","POFUT1",-0.133098113577868,0.0840740533538711
"ENSG00000101347","SAMHD1",0.285751053375716,0.0316944862986387
"ENSG00000101417","PXMP4",-0.0546893020109371,0.800399453939205
"ENSG00000101442","ACTR5",0.215216522991507,0.195520243125815
"ENSG00000101574","METTL4",-0.124693088744876,0.486106142130873
"ENSG00000101624","CEP76",0.740638791238986,1.51960133153144e-07
"ENSG00000101639","CEP192",-0.091500231735703,0.567914390199289
"ENSG00000101654","RNMT",0.10158780899398,0.289136080865608
"ENSG00000101665","SMAD7",0.253260290007175,0.177797968800691
"ENSG00000101773","RBBP8",-0.210468694648169,0.0295694201513271
"ENSG00000101882","NKAP",0.207469703577643,0.0292466778609956
"ENSG00000101974","ATP11C",-0.432128349956076,4.52145318494402e-06
"ENSG00000102174","PHEX",-1.01901206232342,1.23161653660966e-06
"ENSG00000102225","CDK16",-0.104392521444913,0.378830811668318
"ENSG00000102265","TIMP1",0.701206772796412,2.71465305900623e-06
"ENSG00000102271","KLHL4",-1.99385671455571,5.9851393673063e-11
"ENSG00000102312","PORCN",0.813319932389232,0.000513626419777589
"ENSG00000102359","SRPX2",-0.107918319412406,0.600713385395912
"ENSG00000102384","CENPI",0.104573618763175,0.419496055965327
"ENSG00000102390","PBDC1",0.037885601446813,0.77780335901002
"ENSG00000102393","GLA",0.677014767138411,5.2611055519646e-10
"ENSG00000102554","KLF5",1.08807784281176,8.46687626478566e-18
"ENSG00000102575","ACP5",-0.294283957816627,0.253268319916877
"ENSG00000102780","DGKH",-0.0442188731993662,0.787901982181026
"ENSG00000102858","MGRN1",0.440014568136312,0.00203592075940722
"ENSG00000102882","MAPK3",-0.0724957294870542,0.655137362473691
"ENSG00000102921","N4BP1",0.068597073525609,0.573695426905408
"ENSG00000102981","PARD6A",0.758917322584037,0.00593361086970945
"ENSG00000103035","PSMD7",-0.312796560626129,4.97172552582959e-06
"ENSG00000103066","PLA2G15",0.278849743432075,0.0485249489921229
"ENSG00000103111","MON1B",-0.458734770014517,8.94462606264467e-08
"ENSG00000103121","CMC2",0.0522791419112462,0.675005624681773
"ENSG00000103168","TAF1C",0.142114711290269,0.297558961923089
"ENSG00000103187","COTL1",0.113553323281693,0.369961223767002
"ENSG00000103319","EEF2K",-0.329247600273661,0.00261389336337095
"ENSG00000103342","GSPT1",-0.0648049336217438,0.437286845500067
"ENSG00000103351","CLUAP1",0.158264881553362,0.141658898455644
"ENSG00000103423","DNAJA3",-0.0602317394068816,0.644198028204828
"ENSG00000103510","KAT8",-0.214655817795036,0.135727448945072
"ENSG00000103740","ACSBG1",0.0458475558398854,0.881658198971109
"ENSG00000103855","CD276",0.558114607909568,8.52836116715264e-08
"ENSG00000103942","HOMER2",-0.136614388037237,0.286964323570242
"ENSG00000103978","TMEM87A",0.221493232524789,0.00588957680548086
"ENSG00000104064","GABPB1",-0.161351329259386,0.204886469070485
"ENSG00000104299","INTS9",-0.581454028274469,9.63510009000298e-05
"ENSG00000104419","NDRG1",0.0318498384815555,0.908970173816647
"ENSG00000104524","PYCR3",0.185959358184846,0.211562326099566
"ENSG00000104529","EEF1D",-0.156529733103851,0.0429886123178132
"ENSG00000104613","INTS10",0.511592538850955,1.17150279580573e-07
"ENSG00000104783","KCNN4",0.0789826944348304,0.508517313725858
"ENSG00000105185","PDCD5",0.0206839210471237,0.911066207019413
"ENSG00000105255","FSD1",0.231321974801655,0.231062278245571
"ENSG00000105325","FZR1",0.178533126782131,0.197742276024506
"ENSG00000105329","TGFB1",0.238033939895524,0.156270961762586
"ENSG00000105373","NOP53",0.0937126187552435,0.366580935602348
"ENSG00000105464","GRIN2D",0.0657784743985772,0.811505638794695
"ENSG00000105472","CLEC11A",-0.295435724046277,0.00654803796017402
"ENSG00000105613","MAST1",0.090433153015782,0.738207348876507
"ENSG00000105851","PIK3CG",0.346254748509025,0.113821416064166
"ENSG00000105855","ITGB8",0.859360889018091,0.000878085327512787
"ENSG00000105866","SP4",-0.290342546608221,0.0636915097072333
"ENSG00000105887","MTPN",-0.0677367740280071,0.302215181297264
"ENSG00000105976","MET",0.169658506624041,0.0623255177119437
"ENSG00000106049","HIBADH",-0.907589479830844,3.36390753862977e-08
"ENSG00000106077","ABHD11",-0.154232879137464,0.247532316888208
"ENSG00000106089","STX1A",-0.422280444329093,0.00113538641091348
"ENSG00000106123","EPHB6",2.74902826978328,6.29366759784781e-24
"ENSG00000106554","CHCHD3",-0.552512799601574,3.38428561062116e-08
"ENSG00000106591","MRPL32",-0.114067135535678,0.403752511654262
"ENSG00000106605","BLVRA",0.28284745344077,0.0435805608141839
"ENSG00000106617","PRKAG2",-0.0757804803333095,0.697130619041025
"ENSG00000106635","BCL7B",-0.0779911689531651,0.523996396768027
"ENSG00000106689","LHX2",-0.0170471421551793,0.949978684016346
"ENSG00000106771","TMEM245",-0.289681608846454,6.3552249819444e-06
"ENSG00000106803","SEC61B",-0.108770289463357,0.285867051609149
"ENSG00000106823","ECM2",-0.334269644124902,0.165209446089009
"ENSG00000106976","DNM1",-0.155301108226686,0.383213338286658
"ENSG00000107020","PLGRKT",-0.404183729164765,0.00918488450795682
"ENSG00000107105","ELAVL2",-0.118144501945029,0.62027454102075
"ENSG00000107130","NCS1",0.408647680711058,6.5156086209866e-05
"ENSG00000107282","APBA1",-0.668297643563116,0.0319499076552544
"ENSG00000107372","ZFAND5",-0.0918998175703761,0.352435685781054
"ENSG00000107651","SEC23IP",0.0890896685846786,0.342145654920166
"ENSG00000107731","UNC5B",-0.729527264193575,0.00251459141148879
"ENSG00000107854","TNKS2",0.285853486560555,0.016584482262891
"ENSG00000107862","GBF1",0.218514018092526,0.0923443753924233
"ENSG00000107863","ARHGAP21",0.0221778119324152,0.909517929778227
"ENSG00000107951","MTPAP",-0.0328572469673092,0.841930193664122
"ENSG00000107957","SH3PXD2A",-0.941602365194381,4.06860147762098e-05
"ENSG00000108094","CUL2",-0.139362072144798,0.273900462247781
"ENSG00000108262","GIT1",0.0501422398336463,0.780964732795446
"ENSG00000108298","RPL19",-0.207818439131096,0.0011463238631611
"ENSG00000108448",NA,0.0541606752644859,0.768358074601112
"ENSG00000108654","DDX5",-0.231900075654544,0.000348351810517273
"ENSG00000108666","C17orf75",-0.0211159642669335,0.922908014936246
"ENSG00000108759","KRT32",0.880794498295645,0.0189544242484391
"ENSG00000108846","ABCC3",0.0107287278798803,0.967518244567326
"ENSG00000108848","LUC7L3",-0.361912226664008,2.08120244260126e-08
"ENSG00000108946","PRKAR1A",0.016747101255861,0.87607922084666
"ENSG00000108960","MMD",-0.402420992536657,0.0115801106861403
"ENSG00000109084","TMEM97",-0.194983550818062,0.0649500167855478
"ENSG00000109180","OCIAD1",-0.106781407058914,0.33491402002571
"ENSG00000109445","ZNF330",0.245765596544187,0.00401745806274776
"ENSG00000109519","GRPEL1",-0.0299124211896951,0.810410167625784
"ENSG00000109670","FBXW7",0.139047178193768,0.125521131499663
"ENSG00000109680","TBC1D19",0.316845691614474,0.15181265272642
"ENSG00000109689","STIM2",0.280630947700622,0.000387504214029668
"ENSG00000109971","HSPA8",0.139427356168052,0.197704626481362
"ENSG00000110047","EHD1",0.0457766853329292,0.821350558685009
"ENSG00000110066","KMT5B",0.545851129916843,4.34409479953317e-15
"ENSG00000110092","CCND1",-0.503071769765786,0.000118788003291899
"ENSG00000110274","CEP164",0.518940294722826,2.04970097474344e-07
"ENSG00000110400","NECTIN1",0.73660339769711,1.91389979452975e-09
"ENSG00000110497","AMBRA1",0.565890840479336,0.000686791946577235
"ENSG00000110811","P3H3",-0.0469947317866126,0.797180611862661
"ENSG00000110841","PPFIBP1",-0.128382853502065,0.275309791549246
"ENSG00000110917","MLEC",-0.0395066731084103,0.728785883155581
"ENSG00000110921","MVK",-0.417433092705614,0.0124929698019365
"ENSG00000110931","CAMKK2",-0.514756327686671,3.96743131614788e-06
"ENSG00000110944","IL23A",-0.115425847760206,0.656747740990687
"ENSG00000111057","KRT18",-0.115312983274671,0.353293866640823
"ENSG00000111328","CDK2AP1",0.296134459322636,0.000327728134298966
"ENSG00000111348","ARHGDIB",-1.09996764905909,4.43943814562544e-13
"ENSG00000111424","VDR",0.0390946910803921,0.877453953304453
"ENSG00000111450","STX2",-0.480196212113041,7.58204052045469e-06
"ENSG00000111605","CPSF6",-0.514601132300857,9.38389507034438e-11
"ENSG00000111667","USP5",-0.349773667629677,1.32586120198199e-05
"ENSG00000111696","NT5DC3",-0.126007677694003,0.396694555259995
"ENSG00000111799","COL12A1",0.962458906579862,1.76905263664928e-05
"ENSG00000111846","GCNT2",0.171250716044777,0.269802667275926
"ENSG00000111860","CEP85L",0.115331282200175,0.362677668133853
"ENSG00000111885","MAN1A1",-0.399372025717682,0.00413337267097684
"ENSG00000111906","HDDC2",-0.288357141391042,0.0033955196021218
"ENSG00000112053","SLC26A8",0.657320242218495,0.0389371950860834
"ENSG00000112167","SAYSD1",0.0357585199107693,0.860281229858285
"ENSG00000112234","FBXL4",-0.335168276160355,0.00881687379985832
"ENSG00000112304","ACOT13",-0.261122114973154,0.0807575930948112
"ENSG00000112640","PPP2R5D",0.619543692993307,5.56250312027685e-16
"ENSG00000112659","CUL9",-0.475635073824659,0.00698186003036868
"ENSG00000112667","DNPH1",-0.103283791298012,0.474060476482075
"ENSG00000112699","GMDS",-1.82911786827806,1.00773314179727e-32
"ENSG00000112715","VEGFA",-0.286742126566435,0.112429871880172
"ENSG00000112984","KIF20A",-0.00848627117410486,0.969118663606796
"ENSG00000113070","HBEGF",0.0572586393042865,0.808901250655478
"ENSG00000113273","ARSB",-0.321075225372315,0.0474627914761947
"ENSG00000113580","NR3C1",0.173519408828402,0.0479073668815125
"ENSG00000113643","RARS1",0.0952915041673535,0.457853513933119
"ENSG00000113645","WWC1",0.0751908652004763,0.67235177961773
"ENSG00000113648","MACROH2A1",-0.00847394871433802,0.933922936052484
"ENSG00000113658","SMAD5",0.115051520225086,0.120506361394614
"ENSG00000113712","CSNK1A1",-0.278441574242777,1.44966038791229e-05
"ENSG00000113716","HMGXB3",0.214938598486901,0.0323270237007462
"ENSG00000113739","STC2",0.302936330961009,0.141722510247227
"ENSG00000113749","HRH2",-0.965119761236099,4.08897240948213e-05
"ENSG00000114019","AMOTL2",0.300498653790716,0.052424899316985
"ENSG00000114030","KPNA1",-0.0428147839425755,0.678724340749843
"ENSG00000114120","SLC25A36",-0.307009168644989,5.59664863123933e-05
"ENSG00000114251","WNT5A",0.0198763756359605,0.944455190919824
"ENSG00000114302","PRKAR2A",-0.037939867186159,0.704351015473925
"ENSG00000114315","HES1",0.0737021588903186,0.768358074601112
"ENSG00000114353","GNAI2",-0.294203769025624,8.38444931270094e-05
"ENSG00000114416","FXR1",0.272800056235946,0.00667292973094482
"ENSG00000114541","FRMD4B",-1.01698803787874,6.01251460110712e-20
"ENSG00000114544","SLC41A3",-0.220784388396283,0.0786415395482977
"ENSG00000114744","COMMD2",-0.121478728596125,0.287689143695087
"ENSG00000114779","ABHD14B",-0.165927464756215,0.252996178455065
"ENSG00000115183","TANC1",-0.023076087228638,0.895515118862243
"ENSG00000115232","ITGA4",-0.637064016228325,7.06887720007226e-05
"ENSG00000115241","PPM1G",0.0332680955996118,0.746199274834879
"ENSG00000115286","NDUFS7",-0.31046120120755,0.00411624851299814
"ENSG00000115306","SPTBN1",-0.169442910914161,0.126074245258554
"ENSG00000115355","CCDC88A",0.0999795750503915,0.406983433871522
"ENSG00000115365","LANCL1",-0.241488449255108,0.0166397033885855
"ENSG00000115421","PAPOLG",0.000357054664856579,0.998489831781308
"ENSG00000115425","PECR",-0.144367686130932,0.46874820800604
"ENSG00000115446","UNC50",-0.233367113554004,0.0686712010996759
"ENSG00000115526","CHST10",-0.0637225703070843,0.786496026704018
"ENSG00000115540","MOB4",0.217989724576531,0.0240157343255606
"ENSG00000115541","HSPE1",0.0615051625526434,0.646636374459882
"ENSG00000115652","UXS1",-0.211533815972961,0.00605070715083299
"ENSG00000115677","HDLBP",-0.157730626957321,0.0778059547265056
"ENSG00000115738","ID2",0.330641038655984,0.0337482428215709
"ENSG00000115884","SDC1",0.19434358487536,0.0525223039505651
"ENSG00000115946","PNO1",-0.365101414618214,0.000513692245597678
"ENSG00000116005","PCYOX1",0.465574961245754,3.75472596643244e-06
"ENSG00000116017","ARID3A",0.817884067022982,1.16202451477237e-06
"ENSG00000116151","MORN1",-0.0425319748948421,0.878933188151636
"ENSG00000116213","WRAP73",-0.102296971073544,0.474046402914194
"ENSG00000116266","STXBP3",0.431372732956712,0.000670341993382265
"ENSG00000116285","ERRFI1",-0.55061323291461,0.00030575222597888
"ENSG00000116353","MECR",-0.216563022187981,0.0608120220851596
"ENSG00000116604","MEF2D",0.294718056069411,0.0171070087461299
"ENSG00000116678","LEPR",-1.47344969930227,2.1767674250072e-05
"ENSG00000116717","GADD45A",0.60794769855209,3.97054058042179e-07
"ENSG00000116750","UCHL5",-0.170779780646873,0.104173578873606
"ENSG00000116752","BCAS2",0.147510005009431,0.153613669240116
"ENSG00000116786","PLEKHM2",0.271577664209414,0.0138296789463355
"ENSG00000116962","NID1",-0.540632543194374,5.10115001484376e-05
"ENSG00000116991","SIPA1L2",1.21087965685932,3.82596529742509e-10
"ENSG00000117133","RPF1",0.0305124790292958,0.807647070926181
"ENSG00000117148","ACTL8",-0.495472478023833,0.0495960484298257
"ENSG00000117151","CTBS",-0.023291041956652,0.935808696940338
"ENSG00000117152","RGS4",-1.14047765592507,2.44694294345894e-10
"ENSG00000117228","GBP1",0.595345810372798,7.40272743129701e-08
"ENSG00000117394","SLC2A1",0.581786217288674,8.1130822690299e-07
"ENSG00000117395","EBNA1BP2",-0.312047687574037,9.48280311322979e-06
"ENSG00000117500","TMED5",-0.271954511107449,0.00762286017158804
"ENSG00000117525","F3",1.05835344861062,6.09428391716584e-09
"ENSG00000117602","RCAN3",0.0683395561556467,0.682146760576752
"ENSG00000117650","NEK2",-0.0993606926332778,0.59011338808526
"ENSG00000117859","OSBPL9",0.0300887350424254,0.862827967724018
"ENSG00000117868","ESYT2",0.0562412344658328,0.58301220861785
"ENSG00000118046","STK11",0.0382216457625433,0.841432890671485
"ENSG00000118197","DDX59",0.0938472650711405,0.568177908822166
"ENSG00000118257","NRP2",-0.823664388984398,1.5568576161054e-07
"ENSG00000118363","SPCS2",-0.012675094694341,0.942770996256083
"ENSG00000118971","CCND2",-0.545481838217523,0.0455340605960737
"ENSG00000119139","TJP2",0.396554681033349,0.0959840832292526
"ENSG00000119314","PTBP3",0.67665774799513,4.91777286169905e-24
"ENSG00000119326","CTNNAL1",-0.722071164518336,8.39359555293761e-12
"ENSG00000119383","PTPA",0.0957752621257818,0.432469812871022
"ENSG00000119396","RAB14",0.243981553701974,8.53702369112179e-06
"ENSG00000119541","VPS4B",0.457123072654511,2.78255041751335e-19
"ENSG00000119599","DCAF4",-0.409941544845549,0.00373610768090562
"ENSG00000119616","FCF1",-0.253610039658371,4.19702626308942e-06
"ENSG00000119714","GPR68",-0.069461545808897,0.79649693897331
"ENSG00000119772","DNMT3A",-0.124131520207848,0.444215903541986
"ENSG00000119787","ATL2",-0.0647023775757667,0.655851297083015
"ENSG00000119812","FAM98A",0.209640482586552,0.0676567614885202
"ENSG00000119965","C10orf88",0.0911700901497868,0.622416702757659
"ENSG00000119986","AVPI1",0.395026994011086,0.0020931783973642
"ENSG00000120539","MASTL",0.0637089258211155,0.680509002330847
"ENSG00000120658","ENOX1",-1.93288456242771,3.78677008402494e-11
"ENSG00000120675","DNAJC15",-0.625874225862977,5.6684570939096e-12
"ENSG00000120693","SMAD9",-0.681672957932677,0.00200273908972663
"ENSG00000120697","ALG5",0.147366898906624,0.229770442396348
"ENSG00000120756","PLS1",0.114178456690379,0.485561240664232
"ENSG00000120896","SORBS3",-0.0767006518400328,0.63942427267785
"ENSG00000120899","PTK2B",-0.589463368552266,0.0488405324815889
"ENSG00000121210","TMEM131L",0.0762873360676968,0.567719889372159
"ENSG00000121690","DEPDC7",1.35516543193206,2.13864234567655e-08
"ENSG00000121691","CAT",0.0450144464285693,0.813730657554189
"ENSG00000121774","KHDRBS1",-0.0996250702881896,0.148355079457911
"ENSG00000121879","PIK3CA",-0.0693044341735914,0.581088976847516
"ENSG00000121964","GTDC1",-1.83857577039811,5.51236468438307e-13
"ENSG00000122033","MTIF3",-0.113577227282778,0.362028239919616
"ENSG00000122299","ZC3H7A",0.0307350003068321,0.824587087509755
"ENSG00000122359","ANXA11",-0.19945512403343,0.0109432670988571
"ENSG00000122417","ODF2L",-0.0219175137655396,0.906170520921583
"ENSG00000122547","EEPD1",0.291456628238994,0.206291318223357
"ENSG00000122591","HYCC1",-0.0185446254516358,0.900235560760644
"ENSG00000122641","INHBA",1.14252289943917,4.2415376519013e-05
"ENSG00000122707","RECK",0.0321930623745036,0.898480510156678
"ENSG00000122966","CIT",-0.645205784362328,1.08500346769739e-05
"ENSG00000122971","ACADS",-0.056217392389921,0.814759077509514
"ENSG00000123094","RASSF8",0.066793997027996,0.713108738355718
"ENSG00000123143","PKN1",-0.174361883678497,0.33491402002571
"ENSG00000123146","ADGRE5",0.964440676837088,3.42437200702228e-25
"ENSG00000123374","CDK2",-0.125689478581678,0.293970510127369
"ENSG00000123411","IKZF4",-0.220006684923289,0.190409470950899
"ENSG00000123496","IL13RA2",1.52301933583029,0.000452940477649132
"ENSG00000123500","COL10A1",0.12964230424902,0.527983831454196
"ENSG00000123505","AMD1",-0.315206908607989,6.4336752892943e-08
"ENSG00000123545","NDUFAF4",-0.0494238532695754,0.734262479910454
"ENSG00000123643","SLC36A1",0.282534835744374,0.061063259307546
"ENSG00000123983","ACSL3",-0.0193268275491054,0.902989296111468
"ENSG00000123992","DNPEP",0.066365951381,0.616193793446317
"ENSG00000124201","ZNFX1",0.180162039066282,0.154795638111362
"ENSG00000124214","STAU1",-0.199149090600713,0.00517823698721875
"ENSG00000124216","SNAI1",0.0313276737573943,0.91324565863378
"ENSG00000124225","PMEPA1",0.511495282610805,0.0170768401244754
"ENSG00000124459","ZNF45",0.00652183285526764,0.976685125159083
"ENSG00000124496","TRERF1",-0.0693178476020034,0.695121040076718
"ENSG00000124596","OARD1",-0.224126068579545,0.102202245418451
"ENSG00000124731","TREM1",0.326542376357127,0.21019334977962
"ENSG00000124733","MEA1",0.308112354152206,0.000423666450557363
"ENSG00000124767","GLO1",-0.283688271007062,0.000781641780981564
"ENSG00000124783","SSR1",0.295074147252037,9.82988071412796e-07
"ENSG00000124813","RUNX2",0.743642166262228,3.41895733292231e-08
"ENSG00000125166","GOT2",0.0514063815276516,0.632656226296189
"ENSG00000125375","DMAC2L",-0.117590460938241,0.374760058365875
"ENSG00000125505","MBOAT7",0.406562277020149,7.63929593017141e-05
"ENSG00000125520","SLC2A4RG",-0.336653745252849,4.15110779231702e-05
"ENSG00000125538","IL1B",-0.119558779072058,0.640947523249097
"ENSG00000125746","EML2",0.0880901616725825,0.625808159156696
"ENSG00000125753","VASP",0.0558396703616852,0.676768245153095
"ENSG00000125772","GPCPD1",0.146271316311081,0.305618517168109
"ENSG00000125798","FOXA2",0.216627518821954,0.261004010938155
"ENSG00000125826","RBCK1",0.0392953508706573,0.810935215882112
"ENSG00000125844","RRBP1",-0.252002822633325,0.0486172007650502
"ENSG00000125845","BMP2",1.15625585783706,0.000118988640938745
"ENSG00000125863","MKKS",-0.0903563635708517,0.635928544027945
"ENSG00000125870","SNRPB2",-0.0618588777062249,0.62027454102075
"ENSG00000125970","RALY",-0.00617592054259236,0.96145396318216
"ENSG00000126001","CEP250",0.263945547599913,0.0333461240593057
"ENSG00000126254","RBM42",0.405328044393328,4.97728755051996e-06
"ENSG00000126561","STAT5A",0.243867373548889,0.288844267506856
"ENSG00000126773","PCNX4",-0.118998467680183,0.26647892335154
"ENSG00000126790","L3HYPDH",-0.206598097017732,0.212290204748598
"ENSG00000126814","TRMT5",-0.201227372453781,0.0702327843714358
"ENSG00000126934","MAP2K2",0.00638260802089381,0.975744757748343
"ENSG00000126970","ZC4H2",-0.279744097941662,0.104557531718173
"ENSG00000127325","BEST3",0.456539964123471,0.0406476717682997
"ENSG00000127483","HP1BP3",-0.467239431135953,1.45786955446582e-07
"ENSG00000127511","SIN3B",0.54871563438455,1.12636733506448e-08
"ENSG00000127526","SLC35E1",0.11998416353443,0.224800631986666
"ENSG00000127585","FBXL16",-0.0241281112848285,0.935822130830783
"ENSG00000127863","TNFRSF19",-0.11640557104182,0.651246623914671
"ENSG00000127914","AKAP9",0.271090911274439,0.00512805759226206
"ENSG00000127920","GNG11",0.430974945671531,0.0337811562400514
"ENSG00000127946","HIP1",0.20831301503105,0.0966849330522267
"ENSG00000128039","SRD5A3",0.25104994621844,0.216265216792701
"ENSG00000128059","PPAT",-0.309409799687249,0.000262012411865174
"ENSG00000128165","ADM2",-0.60528630751619,0.0196248598318192
"ENSG00000128228","SDF2L1",0.207146899417374,0.124090023097715
"ENSG00000128309","MPST",0.145047221420544,0.383629964765628
"ENSG00000128564","VGF",-0.740302639048285,0.000127017248524666
"ENSG00000128567","PODXL",-1.01549116507829,3.22066239516354e-07
"ENSG00000128607","KLHDC10",-0.0287694229556521,0.866920427964901
"ENSG00000128641","MYO1B",0.110043036913835,0.256113201547514
"ENSG00000128654","MTX2",0.0620318478872174,0.6594081019594
"ENSG00000128699","ORMDL1",-0.33729949358036,0.000157199533095221
"ENSG00000128805","ARHGAP22",-1.18333296067514,2.27594812898159e-17
"ENSG00000128849","CGNL1",-0.55651921028847,0.0158538719672035
"ENSG00000128881","TTBK2",-0.237359415007332,0.0692229495999172
"ENSG00000129128","SPCS3",-0.0143272092741013,0.923860114211961
"ENSG00000129235","TXNDC17",0.200378818554725,0.0186448014041581
"ENSG00000129250","KIF1C",0.090132546368092,0.502795025427996
"ENSG00000129422","MTUS1",0.937053344725798,2.73545056391399e-08
"ENSG00000129460","NGDN",0.000739190548124137,0.996464559079701
"ENSG00000129480","DTD2",-0.0972431653315577,0.518622956722967
"ENSG00000129518","EAPP",0.183754675611162,0.0941494704264464
"ENSG00000129566","TEP1",0.558044608373013,0.00477668811754593
"ENSG00000129691","ASH2L",-0.152785953426495,0.349045268354762
"ENSG00000129925","PGAP6",0.485682124364338,1.28104797834967e-05
"ENSG00000130052","STARD8",-0.548257141571599,0.0348202306105775
"ENSG00000130054","NALF2",-0.152802926959824,0.451819352114808
"ENSG00000130147","SH3BP4",0.910316738015199,1.8070493989389e-19
"ENSG00000130164","LDLR",-0.362761359674258,0.00312550019201271
"ENSG00000130202","NECTIN2",-0.175872730051942,0.140878147174643
"ENSG00000130312","MRPL34",-0.119351754542561,0.35726187534982
"ENSG00000130349","MTRES1",-0.39476957978419,0.000267005370253923
"ENSG00000130429","ARPC1B",-0.349944850629397,0.00973363865499458
"ENSG00000130522","JUND",0.82498802953536,3.00390165770918e-13
"ENSG00000130529","TRPM4",-0.199034829053038,0.30581725558346
"ENSG00000130544","ZNF557",-0.0239420206696519,0.909113961334113
"ENSG00000130560","UBAC1",-0.246415680828232,0.0046708046206463
"ENSG00000130592","LSP1",-0.685237695678629,0.0425014411144118
"ENSG00000130600","H19",0.243540716974054,0.3316094894866
"ENSG00000130635","COL5A1",-0.110402170849092,0.638052216931738
"ENSG00000130707","ASS1",-0.0218790691819062,0.938743737635516
"ENSG00000130741","EIF2S3",-0.570484665689377,9.7832700917837e-20
"ENSG00000130748","TMEM160",0.216993020081996,0.272425795006559
"ENSG00000130787","HIP1R",0.862333729865363,2.14194426709222e-06
"ENSG00000130844","ZNF331",0.230599280517226,0.15323176856604
"ENSG00000131019","ULBP3",0.0957722357211794,0.558298052825868
"ENSG00000131115","ZNF227",0.0637199614826037,0.71349328639738
"ENSG00000131378","RFTN1",-0.418612569528358,1.49464121865896e-05
"ENSG00000131389","SLC6A6",0.0741257024287322,0.658946018443358
"ENSG00000131634","TMEM204",-0.0906546482782949,0.511696118105136
"ENSG00000131652","THOC6",-0.0105713409919766,0.965890476244093
"ENSG00000131732","ZCCHC9",-0.272652942506869,0.00616076731078006
"ENSG00000131747","TOP2A",-0.11348892639048,0.410387228297272
"ENSG00000131779","PEX11B",-0.454653447316611,0.000914359244628823
"ENSG00000131788","PIAS3",0.410109851271569,0.00119504188950056
"ENSG00000131828","PDHA1",-0.0716876656484871,0.46352804797197
"ENSG00000132155","RAF1",0.0552626937241458,0.673358852689757
"ENSG00000132286","TIMM10B",-0.384549944603453,4.0122158016241e-05
"ENSG00000132323","ILKAP",0.293749617652701,0.00216428398068268
"ENSG00000132341","RAN",-0.365512130597244,0.000387504214029668
"ENSG00000132432","SEC61G",0.0365980016162325,0.866336102321563
"ENSG00000132570","PCBD2",-0.360031017209888,0.00376862181745152
"ENSG00000132604","TERF2",-0.189567037818617,0.0177392148167431
"ENSG00000132640","BTBD3",-0.362458977013006,0.00681031473629261
"ENSG00000132646","PCNA",0.452992092280688,2.09666674755298e-06
"ENSG00000132670","PTPRA",-0.379803717882631,0.00210390322764663
"ENSG00000132749","TESMIN",-0.477229255649069,0.0453667172056441
"ENSG00000132823","OSER1",-0.124073261113997,0.377874617668957
"ENSG00000132842","AP3B1",-0.545383771846187,1.78989335160022e-08
"ENSG00000132846","ZBED3",-0.00057604794503158,0.998177110848941
"ENSG00000132879","FBXO44",1.29089527859414,0.00410274763842343
"ENSG00000132952","USPL1",-0.318143797742324,0.0620638988053331
"ENSG00000132965","ALOX5AP",-0.362929358273656,0.167334799984386
"ENSG00000133027","PEMT",-1.05342389736515,1.25481346874709e-11
"ENSG00000133103","COG6",-0.154739325191362,0.39641031698019
"ENSG00000133106","EPSTI1",0.207127314346715,0.319944308290934
"ENSG00000133121","STARD13",1.12278163039651,1.76862125381924e-11
"ENSG00000133131","MORC4",0.902689197306687,9.33210627469499e-25
"ENSG00000133134","BEX2",0.894919381929934,0.00475998931153011
"ENSG00000133169","BEX1",0.237134992434855,0.142611466442246
"ENSG00000133243","BTBD2",-0.161786087120077,0.255792766776588
"ENSG00000133313","CNDP2",-0.51059909905579,2.91419461334594e-08
"ENSG00000133612","AGAP3",0.106831583812154,0.422993888889141
"ENSG00000133739","LRRCC1",0.0524298611730175,0.779908130455342
"ENSG00000133789","SWAP70",0.165074705023024,0.084845767222818
"ENSG00000133835","HSD17B4",-0.431655874041462,7.28532663784979e-05
"ENSG00000134061","CD180",-1.99949223696193,0.00138964567667375
"ENSG00000134146","DPH6",-1.85748664089689,5.13566597072182e-22
"ENSG00000134278","SPIRE1",-0.244434300433647,0.0112756317635073
"ENSG00000134283","PPHLN1",0.0552329858134051,0.608977821413274
"ENSG00000134326","CMPK2",-0.33764926706303,0.168692739396825
"ENSG00000134339","SAA2",-0.0641184140180452,0.81740485317854
"ENSG00000134352","IL6ST",-0.426198949745855,6.77844748794339e-05
"ENSG00000134419","RPS15A",-0.174898569960597,0.0879426628768834
"ENSG00000134480","CCNH",-0.0246217091962475,0.906437289597
"ENSG00000134569","LRP4",0.646060439894187,0.0018385049142985
"ENSG00000134575","ACP2",0.334247968544602,0.0152446895645092
"ENSG00000134588","USP26",0.133390840868545,0.340382578367639
"ENSG00000134717","BTF3L4",0.00933437003490721,0.955376443604413
"ENSG00000134802","SLC43A3",-0.379637004024369,0.00330835653208446
"ENSG00000134852","CLOCK",-0.153650253720297,0.0711801634053248
"ENSG00000134996","OSTF1",-0.328912950426672,0.0382106504043504
"ENSG00000135090","TAOK3",-0.68007545124442,1.7729402603411e-21
"ENSG00000135108","FBXO21",-0.187824071313718,0.0552730097538616
"ENSG00000135253","KCP",0.981063392319512,0.00624247368636198
"ENSG00000135269","TES",0.349801480250778,0.000631312024933784
"ENSG00000135365","PHF21A",0.132453003183711,0.445411690432771
"ENSG00000135378","PRRG4",0.737836235856853,0.000339506706535117
"ENSG00000135392","DNAJC14",0.0475183843300289,0.824157369291492
"ENSG00000135457","TFCP2",0.0201979051063808,0.891937497809129
"ENSG00000135473","PAN2",-0.262165402257943,0.215002825261801
"ENSG00000135480","KRT7",0.690971910953494,0.000753713720962878
"ENSG00000135535","CD164",0.0748088047281069,0.464252048675375
"ENSG00000135622","SEMA4F",0.821394193781286,3.43791787228248e-06
"ENSG00000135698","MPHOSPH6",-0.348054959850132,9.62576073504817e-08
"ENSG00000135862","LAMC1",-0.421151721584611,4.15818410934594e-05
"ENSG00000135899","SP110",0.502350860874966,5.30900187183107e-12
"ENSG00000135931","ARMC9",0.169733339082787,0.300091573171466
"ENSG00000135966","TGFBRAP1",0.40427529162962,2.15839609809128e-05
"ENSG00000136141","LRCH1",0.0441821597255277,0.811086674660744
"ENSG00000136205","TNS3",0.261270396393209,0.076824635479886
"ENSG00000136213","CHST12",0.11084627230089,0.376018602284681
"ENSG00000136274","NACAD",0.365438408600559,0.174377221410008
"ENSG00000136280","CCM2",-0.0211712898771502,0.922631454529007
"ENSG00000136379","ABHD17C",0.107484256693444,0.524988203442197
"ENSG00000136485","DCAF7",-0.093572980782528,0.314744433611818
"ENSG00000136522","MRPL47",0.0544777983172097,0.517787626980624
"ENSG00000136603","SKIL",0.359801253472395,0.0123259717488678
"ENSG00000136689","IL1RN",-0.123625938877074,0.630855436295322
"ENSG00000136710","VMA22",0.387837069061892,0.0101578874603153
"ENSG00000136770","DNAJC1",-0.131338804679449,0.323322091050274
"ENSG00000136807","CDK9",-0.146707065315058,0.37174609046234
"ENSG00000136810","TXN",-0.296749859971542,0.00238500152618989
"ENSG00000136819","C9orf78",0.051905825730895,0.592824912689387
"ENSG00000136826","KLF4",0.157744815832246,0.499804012725837
"ENSG00000136840","ST6GALNAC4",-0.216410396571433,0.118383543050014
"ENSG00000136932","TRMO",-0.168600310830974,0.255697445231115
"ENSG00000136936","XPA",-0.148769242423882,0.15559196194583
"ENSG00000136986","DERL1",0.142642494003312,0.167435497748989
"ENSG00000136997","MYC",-1.01952891686265,2.06908956130799e-06
"ENSG00000137145","DENND4C",0.293406406015982,0.00529147886604096
"ENSG00000137161","CNPY3",0.0569173489571521,0.714315286537672
"ENSG00000137168","PPIL1",-0.252966841413752,0.0225656592682374
"ENSG00000137266","SLC22A23",-0.0399718578315782,0.893788569605471
"ENSG00000137273","FOXF2",-0.235689450749266,0.165482535126344
"ENSG00000137331","IER3",0.363259339927692,0.000866899197952112
"ENSG00000137409","MTCH1",-0.0342981153754001,0.819941536987864
"ENSG00000137547","MRPL15",-0.0399611500132967,0.786673439781238
"ENSG00000137575","SDCBP",0.318771249203831,0.00246556271514915
"ENSG00000137693","YAP1",0.169992923369941,0.0681898532045486
"ENSG00000137700","SLC37A4",-0.264852030758558,0.0751705107249281
"ENSG00000137801","THBS1",0.609011293113395,0.0080752618838995
"ENSG00000137802","MAPKBP1",0.920106016076891,1.2384104122935e-09
"ENSG00000137819","PAQR5",-0.702060641868752,3.15199742647849e-07
"ENSG00000137821","LRRC49",-0.263507526305265,0.119993321123064
"ENSG00000137843","PAK6",0.033498228906975,0.909873235035902
"ENSG00000137845","ADAM10",-0.291056580226963,4.33449118129472e-05
"ENSG00000137857","DUOX1",2.91434570377802,3.84985749252502e-05
"ENSG00000137876","RSL24D1",-0.434797426984538,0.00111392429009467
"ENSG00000137877","SPTBN5",-0.0258433258416123,0.935099860793083
"ENSG00000137955","RABGGTB",-0.556266228506949,0.00103775861091932
"ENSG00000137962","ARHGAP29",-0.050671432000203,0.837464605831663
"ENSG00000137968","SLC44A5",0.108828162710188,0.678724340749843
"ENSG00000138107","ACTR1A",0.201824413837921,0.0221527151587955
"ENSG00000138119","MYOF",-0.17984621322749,0.132818419779665
"ENSG00000138182","KIF20B",0.138646910212073,0.245684945422874
"ENSG00000138193","PLCE1",-1.23560924738255,1.3570736988758e-12
"ENSG00000138363","ATIC",0.00452635974227285,0.961361555022684
"ENSG00000138495","COX17",0.106317738096394,0.454217502748058
"ENSG00000138593","SECISBP2L",0.610605986294729,8.41674080546531e-09
"ENSG00000138600","SPPL2A",0.0434460144047588,0.776485130231482
"ENSG00000138604","GLCE",-0.39110557964058,0.0140169350122931
"ENSG00000138613","APH1B",0.663443143920367,0.000334596278654629
"ENSG00000138614","INTS14",-0.00456998417246826,0.983831959397693
"ENSG00000138629","UBL7",0.447943987069906,3.97133695100678e-06
"ENSG00000138640","FAM13A",-0.190090367752033,0.108830969030298
"ENSG00000138688","BLTP1",-0.245962908822945,0.054917415614764
"ENSG00000138698","RAP1GDS1",-0.497747323878808,1.48463156156027e-06
"ENSG00000138814","PPP3CA",-0.385018939369108,1.13654837307211e-08
"ENSG00000138829","FBN2",-1.48458622616965,4.14606244039863e-05
"ENSG00000139083","ETV6",0.12563751115018,0.373495675508785
"ENSG00000139182","CLSTN3",0.76119280415009,0.00509623902433251
"ENSG00000139211","AMIGO2",0.311091234472111,0.127207537234312
"ENSG00000139372","TDG",0.315803280756875,0.00417437068677456
"ENSG00000139546","TARBP2",0.0946716891100726,0.490190227533444
"ENSG00000139572","GPR84",-0.119050896100538,0.644587996828723
"ENSG00000139687","RB1",0.0740777822058192,0.41548889456946
"ENSG00000139697","SBNO1",0.232696637808548,0.000123358952151746
"ENSG00000139722","VPS37B",0.50578624106599,9.41855351454276e-09
"ENSG00000139734","DIAPH3",-0.820460514031738,9.72469215419495e-16
"ENSG00000139832","RAB20",0.115218807742068,0.607324402490576
"ENSG00000139970","RTN1",-0.245575656641282,0.285011886765346
"ENSG00000139977","NAA30",-0.130410219880132,0.267166967240659
"ENSG00000140022","STON2",1.07857788112863,8.66133272696418e-07
"ENSG00000140092","FBLN5",-0.125331706006041,0.626990594270696
"ENSG00000140299","BNIP2",-0.316766210625658,3.82730290756175e-07
"ENSG00000140379","BCL2A1",-1.72441308225145,1.95689472716645e-08
"ENSG00000140479","PCSK6",-0.950798674540819,0.00287850848607778
"ENSG00000140545","MFGE8",0.727215314138651,0.000129274864079526
"ENSG00000140575","IQGAP1",-0.193706673160883,0.00718778233284473
"ENSG00000140678","ITGAX",0.0633310523245108,0.828336316854185
"ENSG00000140691","ARMC5",-0.031818552355144,0.880826548765823
"ENSG00000140859","KIFC3",0.216108914602593,0.0404650281582543
"ENSG00000140941","MAP1LC3B",-0.298696763808887,0.00549470862402276
"ENSG00000141034","GID4",-0.025380217005359,0.908900482581904
"ENSG00000141258","SGSM2",-0.173185612548715,0.206965166198638
"ENSG00000141279","NPEPPS",0.207764886519437,0.00308154963734016
"ENSG00000141448","GATA6",0.172910805534865,0.395819991745362
"ENSG00000141458","NPC1",-0.414322448351133,3.8287120024688e-05
"ENSG00000141504","SAT2",0.583147531170845,4.92157201834874e-07
"ENSG00000141543","EIF4A3",0.103425063758598,0.332087451386336
"ENSG00000141837","CACNA1A",-0.0555412710613167,0.824168166866893
"ENSG00000141971","MVB12A",-0.198622880330716,0.0985712216389889
"ENSG00000142156","COL6A1",-0.805946234572165,1.12034625375311e-10
"ENSG00000142173","COL6A2",-0.756620411903286,1.77195829243614e-05
"ENSG00000142207","URB1",0.0386581407229102,0.751213059711834
"ENSG00000142621","FHAD1",-0.048336731617687,0.873213166901099
"ENSG00000142634","EFHD2",-0.520537795000491,1.3404090522401e-06
"ENSG00000142687","KIAA0319L",-0.845493020431476,2.67983251641478e-18
"ENSG00000142794","NBPF3",-0.10836231434951,0.640362549299951
"ENSG00000142867","BCL10",0.145847861031018,0.262205012537747
"ENSG00000143033","MTF2",0.274303980490616,0.000130614546731889
"ENSG00000143106","PSMA5",-0.0385809075041888,0.821915492604163
"ENSG00000143252","SDHC",-0.123313392892469,0.413604430214397
"ENSG00000143256","PFDN2",-0.312060382022285,0.00150248785490385
"ENSG00000143294","PRCC",0.128466774871082,0.405991787504646
"ENSG00000143315","PIGM",-0.179320838507075,0.0424083933678417
"ENSG00000143320","CRABP2",0.919241412569197,0.0014986775491705
"ENSG00000143418","CERS2",0.224288221633801,0.0445209378312314
"ENSG00000143498","TAF1A",-0.821905334840649,3.48359279950386e-07
"ENSG00000143515","ATP8B2",-0.0532549101176605,0.751247995135457
"ENSG00000143553","SNAPIN",-0.0746385868437019,0.610806024581249
"ENSG00000143575","HAX1",-0.114727959131823,0.327607020816917
"ENSG00000143669","LYST",-0.118426478011915,0.482867156895906
"ENSG00000143742","SRP9",-0.493456612591424,2.14294801927428e-06
"ENSG00000143772","ITPKB",0.116994457716861,0.512542309707439
"ENSG00000143786","CNIH3",-0.824833868550169,1.13334217454526e-07
"ENSG00000143878","RHOB",0.855526285188803,1.00424817709698e-05
"ENSG00000143952","VPS54",-0.1675013015847,0.267586582163874
"ENSG00000144057","ST6GAL2",0.207245094123736,0.397043408735141
"ENSG00000144161","ZC3H8",-0.0843298926146246,0.499534430624719
"ENSG00000144233","AMMECR1L",-0.0835401455227257,0.460485158282344
"ENSG00000144566","RAB5A",-0.0806373568028936,0.277113424217897
"ENSG00000144589","STK11IP",0.00602081456458165,0.977790048267547
"ENSG00000144591","GMPPA",0.356072694872563,0.00310573585506973
"ENSG00000144674","GOLGA4",-0.11115968931203,0.305272021673711
"ENSG00000144711","IQSEC1",0.0430591997068059,0.891687092751328
"ENSG00000144724","PTPRG",-1.97508841363313,1.38999948695752e-61
"ENSG00000144867","SRPRB",0.446064093420967,3.05872055011626e-06
"ENSG00000144959","NCEH1",-0.344002944091646,0.00188446826486247
"ENSG00000145022","TCTA",0.0972667633983302,0.482995731014052
"ENSG00000145331","TRMT10A",-0.133933576058726,0.37174609046234
"ENSG00000145476","CYP4V2",-0.265635443902625,0.278215178148814
"ENSG00000145725","PPIP5K2",-0.377535111556726,3.24831900544117e-05
"ENSG00000145736","GTF2H2",-0.0409964916989995,0.840347249543796
"ENSG00000145740","SLC30A5",-0.0550645787990688,0.695488509168216
"ENSG00000145919","BOD1",-0.659768256803887,6.32966206856421e-11
"ENSG00000145979","TBC1D7",0.198496551886927,0.128892677017278
"ENSG00000146063","TRIM41",0.179594546416242,0.182927760067192
"ENSG00000146072","TNFRSF21",0.234017280721696,0.0401532546611476
"ENSG00000146205","ANO7",0.120455339795177,0.587197347240833
"ENSG00000146242","TPBG",0.140629435070775,0.459988829743619
"ENSG00000146374","RSPO3",1.43521934791541,0.000383140537891285
"ENSG00000146409","SLC18B1",0.54359042589574,0.0078156209100345
"ENSG00000146411","SLC2A12",0.460996012626245,0.0768246025342395
"ENSG00000146463","ZMYM4",-0.213530922475781,0.0262691050783049
"ENSG00000146540","CHLSN",0.128168680575434,0.0703157213047805
"ENSG00000147065","MSN",-0.718697640061893,1.5140408258481e-15
"ENSG00000147364","FBXO25",-0.262304375538314,0.0275329926026374
"ENSG00000147400","CETN2",-0.255759206135954,0.00381947786910582
"ENSG00000147454","SLC25A37",-0.242364615154929,0.00359865932515685
"ENSG00000147457","CHMP7",0.516997571890966,1.51986345408028e-06
"ENSG00000147533","GOLGA7",0.0469780030981595,0.744515693652837
"ENSG00000147592","LACTB2",0.0987673642991687,0.522129725152004
"ENSG00000147601","TERF1",0.245373538880189,0.00450799902084275
"ENSG00000147654","EBAG9",0.0849699026610467,0.526551737865917
"ENSG00000147789","ZNF7",0.106117636936723,0.512509032315645
"ENSG00000147854","UHRF2",-0.39605578986702,0.000142446185074409
"ENSG00000147862","NFIB",-1.27934960808466,4.51723285771024e-33
"ENSG00000148200","NR6A1",-0.459672181863108,0.0527615373666739
"ENSG00000148225","WDR31",-0.104080172681559,0.693827246836888
"ENSG00000148400","NOTCH1",0.389276761988057,0.0248285943015919
"ENSG00000148411","NACC2",0.424180366921448,0.00142024518810706
"ENSG00000149177","PTPRJ",-0.0945410688523887,0.589936937947385
"ENSG00000149196","HIKESHI",-0.368537541371434,0.000556380134258875
"ENSG00000149218","ENDOD1",-0.657167926193837,3.61669580891588e-10
"ENSG00000149256","TENM4",-2.44061820672283,9.61876145481717e-33
"ENSG00000149257","SERPINH1",0.18750030335548,0.178609074309983
"ENSG00000149269","PAK1",0.0253002304713335,0.82508318015337
"ENSG00000149357","LAMTOR1",0.243519312885919,0.00116927945203685
"ENSG00000149483","TMEM138",-0.0504531856105921,0.655137362473691
"ENSG00000149485","FADS1",0.415077318582527,3.64957608816275e-07
"ENSG00000149547","EI24",0.812333775272778,2.39601232993726e-25
"ENSG00000149639","MTCL2",0.0211576802657588,0.923825460031557
"ENSG00000149657","LSM14B",-0.00218412365637925,0.989536046737337
"ENSG00000149782","PLCB3",0.204909819276778,0.116103422249382
"ENSG00000149930","TAOK2",0.230292413336647,0.0785563878772468
"ENSG00000150316","CWC15",0.0446919888864087,0.681880620674345
"ENSG00000150433","TMEM218",-0.332910839613922,0.0165758893929877
"ENSG00000150556","LYPD6B",0.822671281454471,0.000235711289855043
"ENSG00000150630","VEGFC",0.246602570176106,0.106992016896612
"ENSG00000150776","NKAPD1",-0.38583736104325,4.12821682505447e-06
"ENSG00000150787","PTS",0.246274500689767,0.0435985947616857
"ENSG00000150907","FOXO1",1.17033737557881,2.41136694885524e-06
"ENSG00000151025","GPR158",-0.0656699586882919,0.723254979783779
"ENSG00000151233","GXYLT1",-0.0606723796710622,0.556777490079735
"ENSG00000151327","FAM177A1",0.15948178095825,0.0660696856578262
"ENSG00000151474","FRMD4A",-0.188602658532466,0.109427608524907
"ENSG00000151553","FHIP2A",0.287030182027161,0.0495960484298257
"ENSG00000151612","ZNF827",0.0558846519056496,0.734186806330184
"ENSG00000151665","PIGF",-0.262270533116089,0.0690970158806031
"ENSG00000151806","GUF1",0.0960005691423819,0.415310008363982
"ENSG00000151834","GABRA2",0.406553038296299,0.111709496068216
"ENSG00000151881","TMEM267",0.0362929397790493,0.879254008988786
"ENSG00000151893","CACUL1",0.180930075705407,0.00421179001435953
"ENSG00000151914","DST",-0.117813309413002,0.429401486821338
"ENSG00000151917","BEND6",-1.63018408589739,2.42240277524656e-16
"ENSG00000151929","BAG3",-0.18971280140631,0.0495960484298257
"ENSG00000151967","SCHIP1",0.455992396309502,0.0433889106485754
"ENSG00000152056","AP1S3",0.222669562973495,0.111709496068216
"ENSG00000152078","TLCD4",0.498905771896313,0.00953545571970813
"ENSG00000152409","JMY",-0.00763866093682278,0.97070267269315
"ENSG00000152463","OLAH",-0.239290439788981,0.335798110972073
"ENSG00000152492","CCDC50",-0.225359786158417,0.00126797530890722
"ENSG00000152642","GPD1L",-0.0118695756548502,0.95189709216282
"ENSG00000152784","PRDM8",-0.636138833615001,5.51817523850904e-05
"ENSG00000152818","UTRN",-0.927802017193711,3.74396830681248e-11
"ENSG00000152894","PTPRK",0.358340247457286,0.0108978859967043
"ENSG00000153113",NA,-0.34827990103832,1.13734293739251e-08
"ENSG00000153310","CYRIB",0.248990710309304,0.0126427995051343
"ENSG00000153317","ASAP1",-0.225938033790693,0.00931469592124386
"ENSG00000153391","INO80C",-0.0624818637595193,0.777779719083105
"ENSG00000153485","LYSET",0.115170468850827,0.467783248663061
"ENSG00000153551","CMTM7",-0.205373172947603,0.0808156167406411
"ENSG00000153714","LURAP1L",0.0758447375598095,0.721897527662552
"ENSG00000153823","PID1",0.0510616752089356,0.842692681406213
"ENSG00000153827","TRIP12",0.156071005780856,0.0603383441699547
"ENSG00000153933","DGKE",0.02590268143686,0.89321530089423
"ENSG00000153976","HS3ST3A1",-0.913768289512821,1.06098097341432e-22
"ENSG00000154122","ANKH",-0.745889384244141,1.08066339784101e-09
"ENSG00000154144","TBRG1",0.0560344302125641,0.594672995675201
"ENSG00000154146","NRGN",0.215500576815343,0.15746516053657
"ENSG00000154217","PITPNC1",-0.962992033456753,4.20132567304066e-08
"ENSG00000154553","PDLIM3",0.652548279860395,0.000300746252925203
"ENSG00000154556","SORBS2",1.02145523235165,3.39722443899772e-11
"ENSG00000154640","BTG3",-0.12484634863385,0.309913601389106
"ENSG00000154719","MRPL39",0.352146803037207,0.00540792108497376
"ENSG00000155034","FBXL18",0.301485605590929,0.0113423592832181
"ENSG00000155090","KLF10",-0.157069620883686,0.272636446901284
"ENSG00000155096","AZIN1",-0.0632042533227627,0.550737530638943
"ENSG00000155111","CDK19",-0.376278908546864,0.00529054787940842
"ENSG00000155229","MMS19",0.0309777318634792,0.830286887786786
"ENSG00000155329","ZCCHC10",-0.00368231319343871,0.9808821888354
"ENSG00000155438","NIFK",-0.272964721713326,2.89370886138316e-06
"ENSG00000155660","PDIA4",-0.204804703519134,0.0395688249340126
"ENSG00000155666","KDM8",0.0134800155210319,0.958812050652679
"ENSG00000155850","SLC26A2",0.00770043798472924,0.969997817435269
"ENSG00000155858","LSM11",-0.0850023106500995,0.622915103523175
"ENSG00000155961","RAB39B",-0.285069321129884,0.230532640816135
"ENSG00000156170","NDUFAF6",0.0135385225861353,0.936193611897826
"ENSG00000156256","USP16",0.112549040883939,0.181844176012917
"ENSG00000156265","MAP3K7CL",0.323030769595061,0.145375278417582
"ENSG00000156453","PCDH1",0.621133209259868,0.00605070715083299
"ENSG00000156463","SH3RF2",0.157777709336541,0.36370928276674
"ENSG00000156469","MTERF3",-0.145924945033716,0.372291341140851
"ENSG00000156504","PABIR2",-0.0543591638574796,0.772506225234464
"ENSG00000156531","PHF6",0.082535766101101,0.505065408858423
"ENSG00000156603","MED19",0.0691104532219777,0.47594353136293
"ENSG00000156735","BAG4",-0.0059646018566321,0.968371717291788
"ENSG00000156958","GALK2",-0.320529308364507,0.0171053854513
"ENSG00000156973","PDE6D",-0.369565019289479,0.00379101927707835
"ENSG00000157020","SEC13",-0.0227145562395173,0.87905844519339
"ENSG00000157045","NTAN1",0.0190819152523544,0.917145995023207
"ENSG00000157216","SSBP3",-0.000288829440218092,0.998489831781308
"ENSG00000157353","FCSK",0.167841982878123,0.436514566280259
"ENSG00000157450","RNF111",0.0338188551326807,0.860883940935723
"ENSG00000157551","KCNJ15",0.134878441043922,0.514071526856609
"ENSG00000157916","RER1",0.134170879385453,0.195106433905926
"ENSG00000158006","PAFAH2",-0.293655229562385,0.025563539746025
"ENSG00000158023","CFAP251",1.02092036560681,2.05664626561832e-05
"ENSG00000158055","GRHL3",2.50763891012299,0.000143229500358169
"ENSG00000158290","CUL4B",0.104895849185812,0.324485665829143
"ENSG00000158292","GPR153",1.39043074445098,8.65124301429123e-09
"ENSG00000158406","H4C8",-0.0379742798848789,0.896292205052537
"ENSG00000158458","NRG2",-1.60985633843442,2.53721837110464e-06
"ENSG00000158470","B4GALT5",-0.291060649490336,0.000640911982055537
"ENSG00000158525","CPA5",0.61128511231495,0.0584230236696595
"ENSG00000158552","ZFAND2B",0.20927451667739,0.115340608144957
"ENSG00000158747","NBL1",0.919420520184405,3.05860323511725e-13
"ENSG00000158813","EDA",-1.38626900349084,0.000230977645028084
"ENSG00000159082","SYNJ1",0.348362318041253,0.0111939920039559
"ENSG00000159267","HLCS",-0.997510150707584,4.43943814562544e-13
"ENSG00000159658","EFCAB14",0.142782635610204,0.104781250987653
"ENSG00000159840","ZYX",0.226029504890922,0.0640250745429086
"ENSG00000159899","NPR2",0.944126528995078,2.4122597030986e-16
"ENSG00000160014","CALM3",-0.360152149322346,0.00114123702995032
"ENSG00000160199","PKNOX1",-0.0584131143934079,0.686389026506102
"ENSG00000160211","G6PD",0.188757068925908,0.175683474147197
"ENSG00000160226","CFAP410",-0.176947383486237,0.478504385330385
"ENSG00000160305","DIP2A",-0.143197246009636,0.316373600062069
"ENSG00000160310","PRMT2",-0.0440815403898044,0.711207794708885
"ENSG00000160345","PIERCE1",0.146114855801491,0.492162525690364
"ENSG00000160352","ZNF714",0.0696311375888606,0.680985227197405
"ENSG00000160539","PLPP7",0.355285392339474,0.141905184122468
"ENSG00000160551","TAOK1",0.121691612577934,0.271395941131061
"ENSG00000160563","MED27",-0.539816191258877,8.9882378243229e-10
"ENSG00000160570","DEDD2",0.0829807711445608,0.624333214136601
"ENSG00000160712","IL6R",-0.39947244602951,0.0511264526306178
"ENSG00000160741","CRTC2",0.0405114744219589,0.867712036486042
"ENSG00000160789","LMNA",-0.0640213257531807,0.656460380240591
"ENSG00000160796","NBEAL2",-0.00639399039195804,0.9808821888354
"ENSG00000160886","LY6K",0.645953477159721,4.90955518073944e-07
"ENSG00000160953","PWWP3A",0.338022624949323,0.000144896636979079
"ENSG00000161217","PCYT1A",-0.0863664789518087,0.350555455777641
"ENSG00000161638","ITGA5",-0.143515136806299,0.183668787096537
"ENSG00000161642","ZNF385A",1.46537995708049,3.0462341305523e-17
"ENSG00000161888","SPC24",0.105406690713897,0.510809221731686
"ENSG00000161920","MED11",-0.0894996048585629,0.60407980337096
"ENSG00000161921","CXCL16",3.56519975624297,1.00990256082195e-16
"ENSG00000162066","AMDHD2",-0.0466766970159486,0.825051552723814
"ENSG00000162076","FLYWCH2",0.477717320429423,0.0143306791584692
"ENSG00000162384","CZIB",0.0210432581207217,0.902989296111468
"ENSG00000162407","PLPP3",-0.0156579046822359,0.951801500739354
"ENSG00000162433","AK4",-0.827648352452052,1.86211988436425e-06
"ENSG00000162496","DHRS3",-0.0324963130503067,0.918187041049699
"ENSG00000162599","NFIA",-0.899721858952723,9.80411461342817e-22
"ENSG00000162618","ADGRL4",-1.17845004243351,2.70609641648439e-52
"ENSG00000162650","ATXN7L2",0.202258145479079,0.270089608011563
"ENSG00000162734","PEA15",-0.0841925540407258,0.617007993946832
"ENSG00000162769","FLVCR1",0.128765548176982,0.442776357526979
"ENSG00000162783","IER5",0.904544515201886,1.47826977635434e-14
"ENSG00000162825","NBPF20",0.118736864818485,0.590191023088801
"ENSG00000162849","KIF26B",-0.800193098370949,0.0074073898788899
"ENSG00000162851","TFB2M",-0.124523834019487,0.448656665970171
"ENSG00000162892","IL24",0.991020189388766,0.00184055268058409
"ENSG00000163006","CCDC138",0.187532891448294,0.139100452132975
"ENSG00000163104","SMARCAD1",-0.253407324128984,0.00131323524675685
"ENSG00000163131","CTSS",0.111951575108303,0.668652902520962
"ENSG00000163138","PACRGL",0.141501769398388,0.44872941622449
"ENSG00000163170","BOLA3",-0.14199308246657,0.211089181102807
"ENSG00000163249","CCNYL1",0.227249305456747,0.0338800740951148
"ENSG00000163297","ANTXR2",-0.80185534230281,8.89606318606555e-09
"ENSG00000163320","CGGBP1",-0.130656678002528,0.102409137343945
"ENSG00000163380","LMOD3",0.560122215002922,0.0693221763637822
"ENSG00000163399","ATP1A1",-0.0834646848623088,0.489865906555706
"ENSG00000163491","NEK10",0.636823615445072,0.00718450677698226
"ENSG00000163512","AZI2",-0.403650420569271,5.28854705006085e-05
"ENSG00000163590","PPM1L",-1.06786673000324,0.00464279324569043
"ENSG00000163624","CDS1",0.689037281465231,0.000347775914844103
"ENSG00000163660","CCNL1",-0.269729018746799,0.0394928547171023
"ENSG00000163734","CXCL3",-1.15613687479487,6.97172224075976e-05
"ENSG00000163738","MTHFD2L",-0.163401384661651,0.22301554461971
"ENSG00000163814","CDCP1",1.30357479687717,1.73443568281354e-08
"ENSG00000163993","S100P",0.426890010693537,0.0983695743824383
"ENSG00000164022","AIMP1",-0.0776636484079466,0.425584631900448
"ENSG00000164031","DNAJB14",-0.499829423050333,1.44015047334047e-08
"ENSG00000164054","SHISA5",0.495723496010124,8.65744182909356e-14
"ENSG00000164070","HSPA4L",1.14365308415347,3.80281740557148e-20
"ENSG00000164105","SAP30",0.58701873556659,2.61487103845457e-07
"ENSG00000164114","MAP9",0.244305406754871,0.00344059727056314
"ENSG00000164161","HHIP",-0.156810075070678,0.306714452780246
"ENSG00000164171","ITGA2",-0.101841993648554,0.594327157033008
"ENSG00000164220","F2RL2",0.668276712471023,0.00218683690771858
"ENSG00000164251","F2RL1",0.203647663839718,0.297525241805125
"ENSG00000164284","GRPEL2",-0.410554603595751,0.000103555500843817
"ENSG00000164294","GPX8",-0.341538294749278,0.000513267742430283
"ENSG00000164346","NSA2",0.0481656689228267,0.653329708817784
"ENSG00000164402","SEPTIN8",0.00860505549823366,0.952386722367914
"ENSG00000164509","IL31RA",0.0333855539250024,0.899348033635583
"ENSG00000164548","TRA2A",-0.290643650223184,0.00053609268070539
"ENSG00000164611","PTTG1",0.0572746490087165,0.762216548943791
"ENSG00000164638","SLC29A4",1.43960807240968,0.000333070483357365
"ENSG00000164647","STEAP1",-0.256233687282545,0.0768246025342395
"ENSG00000164663","USP49",0.172883986524359,0.477127905344914
"ENSG00000164684","ZNF704",-0.0860300902043817,0.736728205197079
"ENSG00000164796","CSMD3",0.869574559374903,0.00670564000430229
"ENSG00000164898","FMC1",0.116094251447041,0.529202922901765
"ENSG00000164949","GEM",0.138567703816471,0.529628006628371
"ENSG00000164975","SNAPC3",-0.249348893657115,0.0480241932646895
"ENSG00000164976","MYORG",1.15077624094986,6.52440811677843e-11
"ENSG00000164983","TMEM65",-0.119787056303558,0.313081143345327
"ENSG00000165060","FXN",0.105339384943624,0.353685528077348
"ENSG00000165156","ZHX1",0.23544824573297,0.0075362955037172
"ENSG00000165169","DYNLT3",0.302657858657885,0.010671828275775
"ENSG00000165219","GAPVD1",0.212613787592147,0.00716956575978287
"ENSG00000165259","HDX",0.443805481476941,0.033836262621226
"ENSG00000165275","TRMT10B",-0.0946751735906421,0.443259168381291
"ENSG00000165355","FBXO33",0.0349920864114742,0.852996513610555
"ENSG00000165424","ZCCHC24",-0.0701411096668585,0.699947130459948
"ENSG00000165494","PCF11",-0.307272066262294,0.00534507014917366
"ENSG00000165689","ENTR1",0.101877794495409,0.382513954591936
"ENSG00000165714","BORCS5",-0.372162731902553,0.0517774266727527
"ENSG00000165716","DIPK1B",0.525781156576527,0.0796403024652175
"ENSG00000165775","FUNDC2",-0.00124418605352811,0.996002644623799
"ENSG00000165802","NSMF",0.212522925563904,0.162926235498894
"ENSG00000165861","ZFYVE1",0.88755759762486,1.07081467033252e-13
"ENSG00000165895","ARHGAP42",-0.0988536386440132,0.611682278491806
"ENSG00000165912","PACSIN3",0.60861239709223,3.84148862714551e-10
"ENSG00000165914","TTC7B",-0.787489970590397,1.30786956978832e-06
"ENSG00000165996","HACD1",0.28994398478395,0.0137985581576126
"ENSG00000166033","HTRA1",-0.0280180132507476,0.923558278814302
"ENSG00000166165","CKB",0.363963176937846,0.101455500459257
"ENSG00000166224","SGPL1",0.0466115319958117,0.787901982181026
"ENSG00000166341","DCHS1",-0.472863387044556,0.105282569359208
"ENSG00000166401","SERPINB8",0.315602174218475,0.0072915454999594
"ENSG00000166444","DENND2B",0.985748031407969,6.2510145056245e-13
"ENSG00000166454","ATMIN",0.15380728198151,0.0379833468132818
"ENSG00000166484","MAPK7",-0.0870315315883383,0.683236036183204
"ENSG00000166548","TK2",-0.0779000052470149,0.703226008836582
"ENSG00000166562","SEC11C",0.319106807594621,0.0023241852779296
"ENSG00000166598","HSP90B1",-0.667017305653507,5.63493903145259e-14
"ENSG00000166741","NNMT",-0.17013849072763,0.373273104613395
"ENSG00000166833","NAV2",-2.1839885343607,1.56786525462268e-18
"ENSG00000166848","TERF2IP",0.168500709925327,0.0470188261409112
"ENSG00000166860","ZBTB39",-0.321014003280461,0.0319355450933328
"ENSG00000166908","PIP4K2C",0.404693672659207,0.00182387507516811
"ENSG00000166922","SCG5",0.999767300040165,1.23006300420937e-05
"ENSG00000166938","DIS3L",0.073749340046864,0.580003153270103
"ENSG00000166949","SMAD3",0.258787134133974,0.0168246353143037
"ENSG00000166965","RCCD1",-0.204437628037395,0.382919178790254
"ENSG00000167034","NKX3-1",0.161547064398871,0.219059518402181
"ENSG00000167106","EEIG1",0.629236161800408,3.4603358029014e-05
"ENSG00000167186","COQ7",-0.0536780835673911,0.789972203541417
"ENSG00000167191","GPRC5B",1.05105375165828,8.89627188456072e-07
"ENSG00000167306","MYO5B",-0.181576545756417,0.336323848157767
"ENSG00000167384","ZNF180",0.10865288678616,0.481353939761931
"ENSG00000167508","MVD",-0.161858166604722,0.380050128794667
"ENSG00000167536","DHRS13",0.992258323720671,1.86084822112102e-10
"ENSG00000167595","PROSER3",0.0806443429791964,0.639303938684463
"ENSG00000167600","CYP2S1",0.807582830071625,0.00226970471430103
"ENSG00000167601","AXL",-0.685020910177421,1.26165927439049e-06
"ENSG00000167635","ZNF146",-0.00118314266337178,0.993874689744667
"ENSG00000167645","YIF1B",0.131866081233775,0.32688678462027
"ENSG00000167653","PSCA",0.528659552360756,0.0718877218238042
"ENSG00000167674","HDGFL2",0.257802301959011,0.0682194116984881
"ENSG00000167695","TLCD3A",-0.174990753212847,0.163148922253241
"ENSG00000167705","RILP",1.04958532171781,1.61125153535855e-07
"ENSG00000167740","CYB5D2",-0.121748618900567,0.489684377167077
"ENSG00000167862","MRPL58",-0.31411448435639,0.00119380357445278
"ENSG00000167920","KRT10-AS1",0.350820810750723,0.00258561220772589
"ENSG00000167978","SRRM2",0.140069968726393,0.204008125075165
"ENSG00000167986","DDB1",0.00670034610207008,0.962870181014489
"ENSG00000167987","VPS37C",-0.16126029824011,0.197784257554231
"ENSG00000167996","FTH1",-0.283910902662486,0.0665040053233421
"ENSG00000168005","SPINDOC",0.11355502721652,0.420540525681879
"ENSG00000168010","ATG16L2",-0.0466903737734053,0.849309016778621
"ENSG00000168014","C2CD3",0.845291080060395,2.55919698745189e-09
"ENSG00000168061","SAC3D1",0.351730160002533,0.00432356373533932
"ENSG00000168077","SCARA3",-0.192992593885941,0.16332538108458
"ENSG00000168078","PBK",-0.301357497534952,0.0428879632789572
"ENSG00000168209","DDIT4",-1.43133084254583,1.58067252491732e-06
"ENSG00000168243","GNG4",-0.458844740481669,0.0396285679102205
"ENSG00000168256","NKIRAS2",0.107672932515846,0.378459884728494
"ENSG00000168275","COA6",0.115871784264271,0.403601642911256
"ENSG00000168280","KIF5C",0.00771837103669706,0.97138325871162
"ENSG00000168297","PXK",-0.528674651895608,0.000154472785354365
"ENSG00000168310","IRF2",0.464292138449771,0.000181046652512741
"ENSG00000168476","REEP4",0.0788067287623512,0.597801820122503
"ENSG00000168488","ATXN2L",-0.0801883315027837,0.568175660545851
"ENSG00000168490","PHYHIP",0.516599442415645,0.0834611109794703
"ENSG00000168566","SNRNP48",-0.192250339515249,0.023089608125939
"ENSG00000168575","SLC20A2",0.0593329833489422,0.73102279139446
"ENSG00000168621","GDNF",0.35608643898406,0.0103348097883186
"ENSG00000168661","ZNF30",-0.0096526803319365,0.971243555763007
"ENSG00000168758","SEMA4C",-0.360806243218302,0.050247618403925
"ENSG00000168807","SNTB2",-0.32480875909275,0.00020033323107653
"ENSG00000168874","ATOH8",-0.253161739535704,0.27947882913284
"ENSG00000168876","ANKRD49",0.026686805552687,0.891924519355433
"ENSG00000168887","C2orf68",-0.0118380084976708,0.944158754890925
"ENSG00000168994","PXDC1",-0.17481563835636,0.31224618535671
"ENSG00000169018","FEM1B",-0.199753018324155,0.0399172611227479
"ENSG00000169174","PCSK9",-0.505897491010746,0.090617761104319
"ENSG00000169180","XPO6",-0.0401691183472307,0.781999671295355
"ENSG00000169213","RAB3B",-0.41423482680613,0.00813829741162216
"ENSG00000169223","LMAN2",0.00860912132085017,0.94401497179906
"ENSG00000169288","MRPL1",-0.123688242928516,0.258771912212467
"ENSG00000169372","CRADD",-0.437206303405969,0.0176964812422813
"ENSG00000169429","CXCL8",-0.224713298812734,0.333049910752133
"ENSG00000169548","ZNF280A",0.552434118976462,0.0401211163777282
"ENSG00000169592","INO80E",0.142044104385571,0.171952474548647
"ENSG00000169641","LUZP1",0.0572381123580362,0.609013583615644
"ENSG00000169684","CHRNA5",0.127388211819609,0.357617077721116
"ENSG00000169710","FASN",-0.268439052767769,0.0509278321495025
"ENSG00000169727","GPS1",0.0964168236914275,0.33764108019436
"ENSG00000169760","NLGN1",-0.583999770916327,0.0224711242157094
"ENSG00000169851","PCDH7",2.0755666084262,7.28570482638782e-15
"ENSG00000169884","WNT10B",2.90087006283822,1.66931027223918e-06
"ENSG00000169908","TM4SF1",-0.0065140271118056,0.976255824430818
"ENSG00000169955","ZNF747",0.0478719904283958,0.858659257539428
"ENSG00000169967","MAP3K2",0.311162219845778,0.00200080997123557
"ENSG00000170006","TMEM154",-0.606632014656791,1.59985372253688e-07
"ENSG00000170074","FAM153A",-0.553965263888143,0.0512243966616078
"ENSG00000170231","FABP6",-0.0630523543993956,0.814295071511404
"ENSG00000170270","GON7",-0.1979260603643,0.199793325583105
"ENSG00000170340","B3GNT2",-0.354068490945732,0.00258955084593837
"ENSG00000170439","TMT1B",0.0581246520415466,0.845144327597957
"ENSG00000170442","KRT86",-0.0648718735866062,0.802577287587674
"ENSG00000170464","DNAJC18",0.514010646554616,3.12400945745108e-05
"ENSG00000170485","NPAS2",-1.08462550432801,1.140334318288e-17
"ENSG00000170502","NUDT9",0.0808478802931738,0.593609516848819
"ENSG00000170537","TMC7",-0.857464183616541,1.27986484322092e-07
"ENSG00000170540","ARL6IP1",-0.359106561414929,0.000880876136136063
"ENSG00000170604","IRF2BP1",0.349530916170232,0.0372437172770633
"ENSG00000170631","ZNF16",-0.194547956222314,0.271500561513229
"ENSG00000170776","AKAP13",0.215907258188441,0.0513877555304381
"ENSG00000170835","CEL",2.8816059740883,3.8877200492989e-05
"ENSG00000170860","LSM3",0.225476695923061,0.00112994059575499
"ENSG00000170876","TMEM43",-0.128479550562452,0.136205702810781
"ENSG00000170881","RNF139",-0.153762802632013,0.241887372028302
"ENSG00000170892","TSEN34",0.376216245617554,3.90739376485406e-05
"ENSG00000170961","HAS2",-0.591905488360996,0.0134641118390198
"ENSG00000171017","LRRC8E",0.341561952950655,0.00789248527276532
"ENSG00000171051","FPR1",-0.131828895916912,0.604297372173234
"ENSG00000171084",NA,0.0391335033256392,0.882265805774539
"ENSG00000171105","INSR",-1.30763183063538,0.00691834186153823
"ENSG00000171130","ATP6V0E2",0.0302284459223959,0.892320082624818
"ENSG00000171135","JAGN1",0.143166827977274,0.1484606219025
"ENSG00000171150","SOCS5",-0.129216603693487,0.335999216286663
"ENSG00000171155","C1GALT1C1",-0.153434553100964,0.317667031487834
"ENSG00000171224","FAM241B",0.300168584830551,0.0500337527248698
"ENSG00000171241","SHCBP1",0.120326910466803,0.32813205447098
"ENSG00000171346","KRT15",0.355324316732883,0.0975157127403968
"ENSG00000171492","LRRC8D",-0.0804019287419449,0.576304119822671
"ENSG00000171517","LPAR3",-0.614395398687986,6.85520784373274e-07
"ENSG00000171566","PLRG1",0.0286864170923021,0.81088194692986
"ENSG00000171603","CLSTN1",-0.0966134535401006,0.431547722971495
"ENSG00000171806","METTL18",-0.163794554678588,0.354696455490423
"ENSG00000171867","PRNP",-1.02883800309353,2.30179235433076e-09
"ENSG00000171877","FRMD5",-0.142646371149694,0.394622198680673
"ENSG00000171914","TLN2",-1.18491597171416,2.03505148390705e-21
"ENSG00000171943","SRGAP2C",-0.414621565548898,0.000190797544827236
"ENSG00000172159","FRMD3",-0.487159071254433,0.0101702386025961
"ENSG00000172164","SNTB1",-1.1322387467377,1.8525434272244e-07
"ENSG00000172183","ISG20",-0.159179606368249,0.447297968633363
"ENSG00000172201","ID4",-0.241797450771397,0.334247281679787
"ENSG00000172216","CEBPB",-0.339197924078013,0.00529766404996001
"ENSG00000172260","NEGR1",-1.2831315041224,7.79580126078604e-07
"ENSG00000172262","ZNF131",-0.111336163729309,0.25842219995642
"ENSG00000172292","CERS6",-0.014518335117417,0.924823195517407
"ENSG00000172340","SUCLG2",-1.32354942586178,3.19986820197434e-34
"ENSG00000172380","GNG12",-0.30348517345373,4.82231390156286e-05
"ENSG00000172432","GTPBP2",-0.197602030817799,0.238583771362434
"ENSG00000172466","ZNF24",0.0297678238293008,0.738917751038323
"ENSG00000172738","TMEM217",0.0663350108513829,0.819554202664525
"ENSG00000172785","ZNG1A",-0.0545595632237302,0.797042071631107
"ENSG00000172840","PDP2",-0.232173176924127,0.0423868295332852
"ENSG00000172878","METAP1D",-0.247371064032907,0.168059945482733
"ENSG00000172986","GXYLT2",-0.127183572846402,0.448237377139898
"ENSG00000173083","HPSE",0.487009092404354,0.0211105053729246
"ENSG00000173141","MRPL57",-0.0654494092439288,0.515964830498585
"ENSG00000173230","GOLGB1",0.0886404831697009,0.572036809650926
"ENSG00000173442","EHBP1L1",-0.0487793738513874,0.825051552723814
"ENSG00000173482","PTPRM",-0.7634562109272,1.05061771505937e-05
"ENSG00000173511","VEGFB",-0.331201182513049,0.00074685236339297
"ENSG00000173517","PEAK1",-0.133505441541659,0.267725980436562
"ENSG00000173588","CEP83",-0.481158083071951,0.000131675012243127
"ENSG00000173674","EIF1AX",-0.172611289046018,0.0291031381255582
"ENSG00000173825","TIGD3",0.815286078728587,0.0120597022232822
"ENSG00000173890","GPR160",-0.0972351932854241,0.710444902694675
"ENSG00000173898","SPTBN2",-0.525436440130092,0.000218330132286551
"ENSG00000173905","GOLIM4",-0.007075256769836,0.964943466520723
"ENSG00000173917","HOXB2",-0.144442836284749,0.395784982516542
"ENSG00000174109","UQCC4",-0.188157112784952,0.149062230272786
"ENSG00000174206","KICS2",-0.451286033732164,0.00874212697673103
"ENSG00000174444","RPL4",-0.112314145563332,0.213713095060607
"ENSG00000174628","IQCK",-1.33549966011905,7.21711132813431e-05
"ENSG00000174791","RIN1",0.566477023653802,4.34741237337773e-12
"ENSG00000174842","GLMN",0.0290513471483085,0.879237869201972
"ENSG00000175066","GK5",0.465148204420443,5.27846308593507e-06
"ENSG00000175104","TRAF6",-0.0404293201607551,0.841372805019284
"ENSG00000175110","MRPS22",-0.0816456876324497,0.401648041572852
"ENSG00000175115","PACS1",-0.123149444435871,0.450816849305697
"ENSG00000175166","PSMD2",-0.178886982240822,0.0233277399326279
"ENSG00000175197","DDIT3",-0.178727838669572,0.363388110425122
"ENSG00000175203","DCTN2",-0.0903713734305796,0.254410571329378
"ENSG00000175216","CKAP5",0.12713132955023,0.300496300424407
"ENSG00000175274","TP53I11",3.79410629771489,3.65295301971561e-08
"ENSG00000175279","CENPS",-0.316572822783524,0.00418722596303505
"ENSG00000175305","CCNE2",-0.527220782087614,0.000200900062255183
"ENSG00000175352","NRIP3",0.254724621088106,0.0620377294747624
"ENSG00000175354","PTPN2",-0.153373148040175,0.0809967266547523
"ENSG00000175416","CLTB",0.182806387249522,0.120437371977359
"ENSG00000175470","PPP2R2D",0.249700566659046,0.00415013948132166
"ENSG00000175505","CLCF1",-0.0618648799357404,0.800718405758653
"ENSG00000175582","RAB6A",0.043160184496206,0.726126834307719
"ENSG00000175611","ERCC6L2-AS1",0.298985705238262,0.063676507949041
"ENSG00000175764","TTLL11",-1.16574963553164,6.26353254359205e-11
"ENSG00000175782","SLC35E3",0.239380744445733,0.00559352284770524
"ENSG00000175793","SFN",3.11989787046507,6.33389996775438e-43
"ENSG00000175832","ETV4",0.0329188106669295,0.874007252291892
"ENSG00000176014","TUBB6",-0.724168539990325,1.54741973250409e-09
"ENSG00000176087","SLC35A4",-0.0150420656882641,0.937248461862684
"ENSG00000176108","CHMP6",-0.0346139264343596,0.879063953244023
"ENSG00000176148","TCP11L1",0.437690962195924,0.00732036118727486
"ENSG00000176209","SMIM19",0.121958217991324,0.541743855980778
"ENSG00000176597","B3GNT5",-0.525477609359035,7.02570044455674e-07
"ENSG00000176697","BDNF",-0.114104004171482,0.547919328542032
"ENSG00000176788","BASP1",0.447570033212714,2.02340734955112e-12
"ENSG00000176953","NFATC2IP",-0.237725963335945,0.00124824860306492
"ENSG00000176978","DPP7",-0.0469583484834579,0.838571941655613
"ENSG00000177034","MTX3",-0.0514810429278903,0.782777940013685
"ENSG00000177082","WDR73",-0.248274062844423,0.0377798888457479
"ENSG00000177200","CHD9",-0.184811799233282,0.0310724648001068
"ENSG00000177239","MAN1B1",0.0471826900647385,0.796142261527894
"ENSG00000177383","MAGEF1",-0.190492802508915,0.107029668357976
"ENSG00000177410","ZFAS1",-0.453827485190665,0.000395240927059069
"ENSG00000177425","PAWR",0.281815111323723,0.00150920212990053
"ENSG00000177427","MIEF2",0.598842566860665,0.000568725459155667
"ENSG00000177556","ATOX1",0.325088000250631,0.000165226090614132
"ENSG00000177595","PIDD1",0.353299916284008,0.0544211009858691
"ENSG00000177613","CSTF2T",-0.149993975903404,0.163038930159287
"ENSG00000177614","PGBD5",-0.189640539079181,0.44419033276014
"ENSG00000177679","SRRM3",0.381440451240245,0.138829891530328
"ENSG00000177707","NECTIN3",0.219667462526096,0.0430926801435853
"ENSG00000177879","AP3S1",0.0145900564561185,0.923558278814302
"ENSG00000177885","GRB2",0.138775542041682,0.0933652995177637
"ENSG00000178104","PDE4DIP",0.294344813315681,0.0159812825201467
"ENSG00000178567","EPM2AIP1",-0.13420119839405,0.224543036093768
"ENSG00000178700","DHFR2",-0.0941312908836495,0.628278371282498
"ENSG00000178776","C5orf46",2.34607202371098,4.14948709671568e-21
"ENSG00000178814","OPLAH",0.127073633748734,0.592918657392283
"ENSG00000178860","MSC",0.173154468177467,0.400267793649704
"ENSG00000178896","EXOSC4",0.257060948768953,0.00163772205159563
"ENSG00000178950","GAK",0.349462605920137,0.000150588817536856
"ENSG00000178996","SNX18",-0.10124948593561,0.525061213830433
"ENSG00000179148","ALOXE3",1.49694561931462,0.000359567263641791
"ENSG00000179348","GATA2",0.609175513856738,0.011366932483176
"ENSG00000179456","ZBTB18",-0.149981756890628,0.341877520409942
"ENSG00000179715","PCED1B",-0.183299370945767,0.440817385493622
"ENSG00000179841","AKAP5",0.377022398948961,0.0613377132888511
"ENSG00000180044","C3orf80",-0.101678008375115,0.691747567583209
"ENSG00000180098","TRNAU1AP",-0.196334086787222,0.187279862776814
"ENSG00000180182","MED14",-0.0188644351914101,0.917145995023207
"ENSG00000180263","FGD6",0.325928102678456,0.0096077352119609
"ENSG00000180346","TIGD2",0.143759407114683,0.295573432909089
"ENSG00000180353","HCLS1",-0.102949954859898,0.463349240236299
"ENSG00000180537","RNF182",0.160806804185865,0.354763096169574
"ENSG00000180730","SHISA2",0.918672530199518,0.00255995011041817
"ENSG00000180758","GPR157",-0.170916624303754,0.290907087559308
"ENSG00000180773","SLC36A4",-0.252198513664745,0.0194737079105001
"ENSG00000180801","ARSJ",-0.284124757597852,0.0140100851729575
"ENSG00000180900","SCRIB",0.47924882037883,4.64968156785629e-07
"ENSG00000180998","GPR137C",-1.14635946556377,0.0052426064035669
"ENSG00000181026","AEN",0.569050227515429,5.54859634158974e-07
"ENSG00000181038","METTL23",0.280875553155025,0.00999034618470741
"ENSG00000181163","NPM1",-0.613503699922198,1.75846028155879e-15
"ENSG00000181218","H2AC25",-0.00392940750535224,0.987538929620484
"ENSG00000181638","ZFP41",0.236623500457145,0.177822047553275
"ENSG00000181885","CLDN7",-0.0384166552283667,0.894127884271616
"ENSG00000181915","ADO",-0.269685609059886,0.0141104894217067
"ENSG00000181924","COA4",0.0652009114450973,0.584598932999631
"ENSG00000182054","IDH2",0.11533358534837,0.579135294956622
"ENSG00000182057",NA,1.04829513122845,5.41741462768032e-05
"ENSG00000182117","NOP10",0.0974881638709871,0.454217502748058
"ENSG00000182158","CREB3L2",-0.0136737104320715,0.94180485155029
"ENSG00000182240","BACE2",-0.854379845257272,1.6230435858728e-18
"ENSG00000182253","SYNM",-0.0871708767279449,0.706677363954098
"ENSG00000182389","CACNB4",-0.497120786158274,0.076405826294011
"ENSG00000182580","EPHB3",1.72773381966502,1.44966038791229e-05
"ENSG00000182752","PAPPA",-0.760441865222737,0.00166652036069601
"ENSG00000182809","CRIP2",0.123593928714387,0.405647063808885
"ENSG00000182871","COL18A1",-1.0554033759398,0.00179992253945423
"ENSG00000182901","RGS7",-0.00557194632946896,0.984885672168563
"ENSG00000183020","AP2A2",-0.14129669770376,0.253337082213677
"ENSG00000183049","CAMK1D",-1.54043386639546,7.78218769221217e-11
"ENSG00000183137","CEP57L1",-0.438274382807979,2.88490643469026e-06
"ENSG00000183576","SETD3",0.0589859163987539,0.579253263173574
"ENSG00000183578","TNFAIP8L3",-0.104868067957982,0.652601004082641
"ENSG00000183628","DGCR6",1.26367241813451,0.0030112751806148
"ENSG00000183780","SLC35F3",-0.776959901058695,0.000156844067587789
"ENSG00000183793","NPIPA5",0.0373679326195957,0.905918438460283
"ENSG00000183856","IQGAP3",-0.275209497746132,0.0557954045877823
"ENSG00000183935",NA,0.297892262028349,0.103548653808414
"ENSG00000183943","PRKX",0.17387003483476,0.124074806102922
"ENSG00000184014","DENND5A",0.474911050290759,3.46772165455439e-06
"ENSG00000184194","GPR173",-0.137828747693984,0.506851095795472
"ENSG00000184205","TSPYL2",1.74288065089636,4.56258621559904e-18
"ENSG00000184226","PCDH9",0.829476325254055,0.00040688823513778
"ENSG00000184260","H2AC20",-0.986664619662024,5.45919240317243e-05
"ENSG00000184307","ZDHHC23",0.0279501330285151,0.921564207194868
"ENSG00000184371","CSF1",-0.326414240201734,0.0384397988257997
"ENSG00000184451","CCR10",0.575005473950577,0.0495960484298257
"ENSG00000184574","LPAR5",1.41869610041342,0.0001268083759002
"ENSG00000184602","SNN",0.10436713873823,0.614315111379537
"ENSG00000184752","NDUFA12",0.070383821870115,0.55240735513698
"ENSG00000184787","UBE2G2",-0.287414182326912,4.17191084217787e-05
"ENSG00000184840","TMED9",0.207770965482582,0.0023749986725496
"ENSG00000184986","TMEM121",-0.00262319112713732,0.992650709444824
"ENSG00000185033","SEMA4B",-0.587917160582638,4.4980461953937e-05
"ENSG00000185043","CIB1",0.128913027204039,0.217075846257926
"ENSG00000185085","INTS5",0.825375816258422,2.32902052597786e-12
"ENSG00000185215","TNFAIP2",0.389538718121604,0.023391064633613
"ENSG00000185238","PRMT3",-0.548759348270009,0.000122226389693371
"ENSG00000185344","ATP6V0A2",0.0412447113201535,0.819010261142708
"ENSG00000185352","HS6ST3",-0.0425426941146089,0.884001241634766
"ENSG00000185386","MAPK11",-0.148897750500457,0.364012929435116
"ENSG00000185432","TMT1A",1.00422389184589,0.00859740281923008
"ENSG00000185482","STAC3",0.0969494784058491,0.717413216793378
"ENSG00000185515","BRCC3",-0.20172574718181,0.0131465275846122
"ENSG00000185614","INKA1",0.0259543808156696,0.932300384165897
"ENSG00000185684",NA,0.346072662653254,0.00988943116034442
"ENSG00000185697","MYBL1",0.320479067556702,0.00779440696237429
"ENSG00000185753","CXorf38",-0.0457620141683055,0.811357178039215
"ENSG00000185808","PIGP",0.341752642508069,0.00818323692456821
"ENSG00000185813","PCYT2",-0.297464238442605,0.0401889249636719
"ENSG00000185869","ZNF829",0.144220158001994,0.310295301297255
"ENSG00000185950","IRS2",0.602399804504711,0.000495819006144914
"ENSG00000186222","BLOC1S4",-0.230069231250121,0.0434690217981456
"ENSG00000186230","ZNF749",-0.060519028970047,0.821350558685009
"ENSG00000186298","PPP1CC",-0.100295128189378,0.199069300668095
"ENSG00000186364","NUDT17",0.263832292970443,0.150705220287902
"ENSG00000186395","KRT10",-0.0452573423260361,0.781148090480506
"ENSG00000186469","GNG2",0.164850152462617,0.464794457232153
"ENSG00000186493",NA,0.167868712737805,0.289632422600503
"ENSG00000186591","UBE2H",0.0968185908554765,0.493985538044223
"ENSG00000186642","PDE2A",0.25617913332167,0.230020786524145
"ENSG00000186665","C17orf58",-0.129114249841291,0.345817858960619
"ENSG00000186666","BCDIN3D",0.000256903081980675,0.998976286455315
"ENSG00000186854","TRABD2A",0.23051342533561,0.0375700356936166
"ENSG00000187049","TMEM216",-0.36873961934383,0.0281374937875204
"ENSG00000187051","RPS19BP1",0.0359454294397112,0.809242620076651
"ENSG00000187097","ENTPD5",-0.0207026427519444,0.935992162562651
"ENSG00000187193","MT1X",-0.308753241010949,0.0401119998782327
"ENSG00000187239","FNBP1",0.113040759628492,0.350916036145747
"ENSG00000187498","COL4A1",-0.0573848505407084,0.795849439962897
"ENSG00000187676","B3GLCT",-0.536192509022262,5.50251240360051e-06
"ENSG00000187764","SEMA4D",-0.661863953629641,2.15839609809128e-05
"ENSG00000187801","ZFP69B",-0.54899066884979,0.015648659847072
"ENSG00000187840","EIF4EBP1",-0.779575372044081,2.14144954707357e-13
"ENSG00000187860","CCDC157",-0.089346480408599,0.723826195062091
"ENSG00000187957","DNER",-0.473985986913575,2.13036645485519e-05
"ENSG00000188342","GTF2F2",0.350938708077944,2.34377430042104e-09
"ENSG00000188352","FOCAD",-0.339902935888193,0.000242086632225415
"ENSG00000188599","NPIPP1",-0.291054794229149,0.149368048197596
"ENSG00000188643","S100A16",-0.442448969655226,1.50264558016963e-07
"ENSG00000188725","SMIM15",-0.12794951417065,0.0894014608054059
"ENSG00000188938","FAM120AOS",-0.0498727153754193,0.649471457819849
"ENSG00000188976","NOC2L",0.112252898602373,0.195188778669154
"ENSG00000189046","ALKBH2",-0.0689290708709962,0.61768936992331
"ENSG00000189159","JPT1",0.0731312289044466,0.590076097756341
"ENSG00000189180","ZNF33A",-0.27736664075897,0.00702954854727116
"ENSG00000189190","ZNF600",1.84798909013799,2.54441579127078e-05
"ENSG00000189275","LINC01164",3.57363606779603,3.96454158883596e-12
"ENSG00000189283","FHIT",-0.0281192815173414,0.924207407340146
"ENSG00000189337","KAZN",-0.0905438851983737,0.641073730838005
"ENSG00000189339","SLC35E2B",0.176096756914996,0.163520345299925
"ENSG00000189369","GSPT2",-0.527835724987921,7.08779050558579e-05
"ENSG00000196081","ZNF724",0.167105757855545,0.381957403367785
"ENSG00000196141","SPATS2L",-0.0433320504546054,0.704247383019636
"ENSG00000196152","ZNF79",0.730633331310984,0.011068847944788
"ENSG00000196159","FAT4",0.301682755506237,0.172082638436054
"ENSG00000196214","ZNF766",0.0915161427447499,0.521771784067277
"ENSG00000196227","FAM217B",-0.143593526429851,0.167895242452617
"ENSG00000196235","SUPT5H",0.38129122554339,6.86125900695946e-07
"ENSG00000196290","NIF3L1",0.0220131297963696,0.920949417351549
"ENSG00000196305","IARS1",-0.685878875540557,1.90556620184098e-18
"ENSG00000196352","CD55",0.441069615884959,0.000819030870853116
"ENSG00000196391","ZNF774",1.37001810634652,2.06076610327094e-07
"ENSG00000196406","SPANXD",1.34585838758662,0.000864879868374551
"ENSG00000196419","XRCC6",-0.159471709800364,0.0363687152086508
"ENSG00000196535","MYO18A",0.233957704866281,0.0778666535102266
"ENSG00000196544","BORCS6",0.131795516012704,0.406987584903546
"ENSG00000196581","AJAP1",-0.0785261683485403,0.706531055551469
"ENSG00000196593",NA,-0.0541074065255343,0.819010261142708
"ENSG00000196659","IFT70B",-0.194211396982384,0.32595618744965
"ENSG00000196693","ZNF33B",0.0711706447440796,0.639650787361051
"ENSG00000196705","ZNF431",-0.0177138493917207,0.939094305881502
"ENSG00000196756","SNHG17",-0.611247126477225,3.31878219760671e-08
"ENSG00000196792","STRN3",0.0519559142382448,0.652301550374637
"ENSG00000196793","ZNF239",0.334234155134315,0.132463428637523
"ENSG00000196821","ILRUN",0.046243156661817,0.728857607085854
"ENSG00000196922",NA,0.440858028865517,7.99043962534091e-05
"ENSG00000196937","FAM3C",0.25657239924856,0.00157580578957942
"ENSG00000196954","CASP4",0.648813217239138,1.02402681012479e-10
"ENSG00000196961","AP2A1",-0.26850280080343,0.0279335615091873
"ENSG00000196998","WDR45",0.144714366030971,0.342058220824424
"ENSG00000197006","METTL9",-0.25587414696748,0.00541902407575868
"ENSG00000197093","GAL3ST4",3.95815243377191,1.26860422459832e-07
"ENSG00000197121","PGAP1",0.478623272375819,0.00452718133227457
"ENSG00000197157","SND1",-1.06138550802122,1.31210518624858e-52
"ENSG00000197208","SLC22A4",-0.050382969170809,0.868491482694893
"ENSG00000197249","SERPINA1",0.239621095507964,0.31553496124458
"ENSG00000197296","FITM2",-0.277208047597121,0.0520806154451837
"ENSG00000197321","SVIL",0.347376159139197,0.00167716383797746
"ENSG00000197324","LRP10",0.251421739488934,0.0246092333535266
"ENSG00000197405","C5AR1",-0.268149965213762,0.280682457104835
"ENSG00000197457","STMN3",-0.922302502813686,4.82453859351332e-07
"ENSG00000197471","SPN",-0.865960238275922,0.00131728271960106
"ENSG00000197498","RPF2",-0.211835461369026,0.00147764777801044
"ENSG00000197535","MYO5A",-0.557818292791807,1.8023816937736e-07
"ENSG00000197622","CDC42SE1",0.232615621682871,0.00296887988837395
"ENSG00000197632","SERPINB2",2.48455487296366,7.57095329218945e-11
"ENSG00000197646","PDCD1LG2",0.0192489888909569,0.943691526596428
"ENSG00000197818","SLC9A8",0.031519398130026,0.89906400131643
"ENSG00000197879","MYO1C",0.21344352534233,0.0266387299744289
"ENSG00000197912","SPG7",0.28671232074452,0.0114497754776723
"ENSG00000197958","RPL12",-0.179417305377448,0.00792236769759405
"ENSG00000197977","ELOVL2",-1.38327005497306,2.06670164017902e-12
"ENSG00000198003","ODAD3",0.21320168149645,0.394449207773053
"ENSG00000198026","ZNF335",0.0491425157232303,0.781579684716511
"ENSG00000198042","MAK16",-0.137318187466301,0.165847790422191
"ENSG00000198056","PRIM1",-0.289480551914743,0.0665454458034252
"ENSG00000198171","DDRGK1",1.343677094179,1.84213215974757e-62
"ENSG00000198242","RPL23A",0.0441281865939672,0.654119140826188
"ENSG00000198246","SLC29A3",0.436404178956945,0.0727924413175107
"ENSG00000198265","HELZ",0.462156234697239,6.89889958570417e-06
"ENSG00000198399","ITSN2",0.165359055333285,0.100610340592031
"ENSG00000198431","TXNRD1",0.0350511401367768,0.886754701418391
"ENSG00000198466","ZNF587",-0.0685406201631582,0.70719151230236
"ENSG00000198492","YTHDF2",-0.0405880687029667,0.69657210505947
"ENSG00000198542","ITGBL1",-1.28028076398573,1.0998628179214e-17
"ENSG00000198554","WDHD1",0.0831275407761481,0.543832891721003
"ENSG00000198604","BAZ1A",0.390259553043745,1.09400476377451e-10
"ENSG00000198648","STK39",-1.32265722273485,1.79250519539676e-33
"ENSG00000198682","PAPSS2",-0.302148921154836,0.0361891790121183
"ENSG00000198722","UNC13B",-0.493392269355899,0.00956891298696155
"ENSG00000198729","PPP1R14C",0.0476147625416673,0.876890430804555
"ENSG00000198730","CTR9",0.112630366847975,0.257326033472206
"ENSG00000198743","SLC5A3",-0.062719348901428,0.683890489641205
"ENSG00000198752","CDC42BPB",-0.186053793064906,0.150180757993211
"ENSG00000198795","ZNF521",-1.39655440184364,6.43739738867664e-13
"ENSG00000198796","ALPK2",0.050996438710615,0.853919225110862
"ENSG00000198816","ZNF358",0.105727107822423,0.489518448283465
"ENSG00000198825","INPP5F",-0.0680499271233049,0.660683977229686
"ENSG00000198860","TSEN15",-0.769989265508018,2.1407319595507e-16
"ENSG00000198862","LTN1",-0.480858274953743,1.69635911952717e-09
"ENSG00000198873","GRK5",-0.324713614462652,0.055593607412047
"ENSG00000198900","TOP1",-0.062376802376935,0.53168856699417
"ENSG00000198909","MAP3K3",0.077555796510491,0.600156141620876
"ENSG00000198919","DZIP3",-0.321612079523704,0.0130353498355228
"ENSG00000198929","NOS1AP",-0.15225817539813,0.473501178264359
"ENSG00000198947","DMD",1.12652094973715,2.90374239034776e-07
"ENSG00000198954","KIFBP",0.204755273536523,0.0372634943431106
"ENSG00000198959","TGM2",-0.345473056419009,0.0674922191434733
"ENSG00000198961","PJA2",-0.0299817175280064,0.835961637582792
"ENSG00000200792","SNORA80A",0.149137353222079,0.549415405229134
"ENSG00000201998","SNORA23",0.330998285981312,0.204623142434759
"ENSG00000203573",NA,-0.246556870158522,0.328798027761543
"ENSG00000203739","PRDX6-AS1",-0.395967918855308,0.0549706868210854
"ENSG00000203783","PRR9",1.23301077492084,0.000113341167856752
"ENSG00000204054","LOC124900275",0.0872433813103415,0.596519683892779
"ENSG00000204131","NHSL2",-0.113096199333362,0.660986919469622
"ENSG00000204147","ASAH2B",0.304069749691775,0.0484818355007469
"ENSG00000204217","BMPR2",-0.263574987060494,0.0456476624239989
"ENSG00000204315","FKBPL",-0.0427816288576995,0.851446339538785
"ENSG00000204442","NALF1",-2.54059738173389,4.49813134333346e-52
"ENSG00000204560","DHX16",0.0526715318550884,0.673797258485867
"ENSG00000204977","TRIM13",-0.21396786868829,0.027979572775073
"ENSG00000205426","KRT81",0.348015187857774,0.019386216627585
"ENSG00000205542","TMSB4X",-0.177956292918472,0.360732765470121
"ENSG00000205861","PCOTH",-0.0977359623997343,0.713960821300965
"ENSG00000205981","DNAJC19",0.0981492173977856,0.44082273895746
"ENSG00000206053","JPT2",0.100198513525272,0.25414548309186
"ENSG00000206192",NA,-0.917888361454378,5.01114935356427e-08
"ENSG00000206503","HLA-A",0.578783690542316,1.2638924573832e-05
"ENSG00000206560","ANKRD28",-0.367470999296434,1.10028705459956e-05
"ENSG00000206573","THUMPD3-AS1",0.142447291911781,0.399046113475038
"ENSG00000212722","KRTAP4-9",2.34094386730172,2.62472249907572e-05
"ENSG00000213160","KLHL23",-0.00803679084004951,0.951918509993085
"ENSG00000213380","COG8",-0.152476280698288,0.27235439168605
"ENSG00000213397","HAUS7",0.121994232645082,0.559616884565255
"ENSG00000213533","STIMATE",0.410549470631986,0.056906509063565
"ENSG00000213639","PPP1CB",-0.124150978640723,0.122519617701645
"ENSG00000213654","GPSM3",-0.622781053893697,0.000106051789131439
"ENSG00000213694","S1PR3",1.62518539337156,0.0014111205730628
"ENSG00000213888",NA,-0.25615771104915,0.254504154805056
"ENSG00000214063","TSPAN4",-0.18582212322058,0.192340291103066
"ENSG00000214413","BBIP1",0.00402780345013766,0.983846168575003
"ENSG00000215114","UBXN2B",-0.191043987608215,0.218339986087505
"ENSG00000215237",NA,-0.0343996734777628,0.914284211999347
"ENSG00000215421","ZNF407",0.0455259801998382,0.832049158672489
"ENSG00000215559",NA,3.17106627691003,2.33998477948444e-10
"ENSG00000215717","TMEM167B",0.20626376935958,0.119655274811507
"ENSG00000218052","ADAMTS7P4",0.338418020340745,0.192761389479916
"ENSG00000219392",NA,0.101989973888176,0.700653234295264
"ENSG00000219626","FAM228B",-0.515086841205748,0.0869458809628628
"ENSG00000221838","AP4M1",-0.546715518011087,0.000277658062159812
"ENSG00000221916","C19orf73",0.0111401467259708,0.969379581297984
"ENSG00000221926","TRIM16",0.190235956060823,0.15014955691469
"ENSG00000222022",NA,-0.840814775211895,0.00682273437492267
"ENSG00000222032",NA,-0.596833544977965,0.0299388362368543
"ENSG00000223756",NA,-0.479360391319883,0.0622703145978155
"ENSG00000223969",NA,0.827957828163968,0.0100762154567485
"ENSG00000224032",NA,-0.0206992344475757,0.924694927049468
"ENSG00000224051","CPTP",0.18156971993627,0.176336577396544
"ENSG00000224531","SMIM13",0.0737231175397287,0.547716253492886
"ENSG00000224596","ZMIZ1-AS1",0.211611298007788,0.230653242632127
"ENSG00000225067",NA,-0.149162185381967,0.344908780553201
"ENSG00000225439","BOLA3-DT",0.132072142880468,0.423388728847073
"ENSG00000225663","MCRIP1",-0.047546903578872,0.734186806330184
"ENSG00000225969",NA,0.139815943577949,0.58591339165537
"ENSG00000226053","LINC01776",0.0649002760172836,0.805415281101821
"ENSG00000226124","FTCDNL1",-0.846304564410182,0.0114378473656944
"ENSG00000226950","DANCR",0.0129981852549422,0.936498503933124
"ENSG00000227036","LINC00511",0.376128072017923,0.0128222340768085
"ENSG00000227051","C14orf132",0.123692787029843,0.409189258661592
"ENSG00000228063","LYPLAL1-DT",1.4730868833127,0.00015911218543466
"ENSG00000228084",NA,0.237573405781119,0.332011593415617
"ENSG00000228451",NA,0.524693179505741,0.0017869076351351
"ENSG00000228594","FNDC10",0.0567993247125801,0.846620819440845
"ENSG00000229056","HECW2-AS1",0.667293464236307,0.0023394663076274
"ENSG00000229320","KRT8P12",-0.0509549391076622,0.863793607228271
"ENSG00000229647",NA,0.0861091393461884,0.68900974430466
"ENSG00000230074",NA,0.224349928284837,0.302871504865288
"ENSG00000230679","ENO1-AS1",0.116087790488116,0.646152793917469
"ENSG00000231074","HCG18",0.059388604483326,0.727883081736201
"ENSG00000231663","COA6-AS1",0.348998942540522,0.065050948845796
"ENSG00000232119","MCTS1",-0.279845862864823,0.000354844931477897
"ENSG00000233695",NA,1.54720474122146,3.22461399101603e-09
"ENSG00000233828","MIR4280HG",-0.276255087036125,0.194160031358115
"ENSG00000234965","SHISA8",0.346692378253909,0.131071749163041
"ENSG00000235098","ANKRD65",1.56467079280476,0.00296887988837395
"ENSG00000235162","C12orf75",-0.102989250540965,0.465765466844067
"ENSG00000235180","LINC00601",0.506843550202973,0.0252784056279603
"ENSG00000235448","LURAP1L-AS1",-0.155137854052274,0.417317804043176
"ENSG00000235978","LOC124906209",0.802641031650406,0.0152794783339595
"ENSG00000236287","ZBED5",0.0114811952076529,0.94186622791049
"ENSG00000236404","VLDLR-AS1",-1.30115302835248,0.0015389312266027
"ENSG00000236432","MFF-DT",-0.212955620161797,0.390949090481818
"ENSG00000236449",NA,-1.10554585852064,1.11222302071624e-05
"ENSG00000236618","PITPNA-AS1",0.139563813233618,0.337296923303964
"ENSG00000236751",NA,1.08461259023834,6.9456125872053e-06
"ENSG00000236824","BCYRN1",0.289171661134253,0.116648942988391
"ENSG00000236830","CBR3-AS1",-0.341965116199981,0.187887863061565
"ENSG00000237406","NDUFA9P1",-0.214379411795651,0.391006111778927
"ENSG00000237638","LINC02245",2.8269743786577,2.92917810404489e-05
"ENSG00000237773","LOC101927609",-0.0419229572965783,0.893600584679519
"ENSG00000237943","PRKCQ-AS1",-0.512476663520967,0.000716392212996284
"ENSG00000237978",NA,0.0893054441153038,0.742967468041234
"ENSG00000239213","NCK1-DT",0.660649180320485,0.000464501747171341
"ENSG00000239280",NA,-0.107756227742029,0.670227592560393
"ENSG00000239523","MYLK-AS1",0.385082210246526,0.0319355450933328
"ENSG00000239569","LHFPL3-AS2",0.257645102927664,0.181864603282192
"ENSG00000239697","TNFSF12",-0.201832283415687,0.379085486687745
"ENSG00000240342","RPS2P5",-0.375379359230009,0.0384070286887391
"ENSG00000240445","FOXO3B",-0.0961406408547458,0.681671772945374
"ENSG00000240654","C1QTNF9",-0.493945707067806,0.0515625788412695
"ENSG00000241127","YAE1",0.154924492942652,0.275266193561656
"ENSG00000241839","PLEKHO2",-0.0890846065976538,0.650117840110847
"ENSG00000242265","PEG10",0.226968066275566,0.0675031063223536
"ENSG00000242802","AP5Z1",0.0106279792267195,0.960079655006957
"ENSG00000243176",NA,0.115442582869461,0.610325083738937
"ENSG00000243364","EFNA4",-0.0286675186935807,0.923348492320605
"ENSG00000243477","NAA80",0.265322383329294,0.105493472345275
"ENSG00000243667","DNAAF10",-0.0938349524540107,0.497040203168875
"ENSG00000243742",NA,0.112455213636726,0.641073730838005
"ENSG00000244026","FAM86DP",-0.132349713740788,0.370784327363957
"ENSG00000244398","RPL36AP37",0.0330157898883118,0.875492561622295
"ENSG00000245105","A2M-AS1",-0.13342469868063,0.602789258270338
"ENSG00000245522","LINC02709",1.02189978538419,2.17621754892279e-08
"ENSG00000246985","SOCS2-AS1",-1.58711345951211,0.00188139835172545
"ENSG00000247516","MIR4458HG",0.443705153143725,0.00166650172362455
"ENSG00000248323","LUCAT1",0.734070227376855,0.00140108638825689
"ENSG00000248483","POU5F2",-0.65315737107309,0.0458511289109517
"ENSG00000248690","HAS2-AS1",0.733259227601576,0.00354998188222408
"ENSG00000249550","LINC01234",-0.215439668189065,0.0154919580845249
"ENSG00000250303","LINC02762",1.01679683111335,2.35650614005261e-05
"ENSG00000250510","GPR162",1.1360010621761,0.000581619783374848
"ENSG00000251003",NA,-0.98803010337686,4.31222794394429e-07
"ENSG00000253276","CCDC71L",0.0216696092541945,0.926580119779676
"ENSG00000253352","TUG1",0.118876259253258,0.275685215450204
"ENSG00000253719","ATXN7L3B",-0.0618992652061298,0.581290943852056
"ENSG00000253738","OTUD6B-AS1",0.114738092998267,0.248268866516295
"ENSG00000254607",NA,-0.0914510949240738,0.71441011100393
"ENSG00000255031",NA,0.246096980250831,0.207145276672744
"ENSG00000255112","CHMP1B",-0.173431310551183,0.233969097018056
"ENSG00000255198",NA,0.647044316868497,2.20973575187159e-07
"ENSG00000255248","MIR100HG",-1.31963309566191,2.44806998551355e-14
"ENSG00000255760","LINC02422",0.0564474654207402,0.841930193664122
"ENSG00000255857","PXN-AS1",-0.257055769410189,0.189066787555576
"ENSG00000256628","ZBTB11-AS1",0.105002958410652,0.602763265722552
"ENSG00000256802","LCIIAR",0.311870627681837,0.117290319341529
"ENSG00000257103","LSM14A",-0.0506606822644503,0.682033237904746
"ENSG00000257621","PSMA3-AS1",-0.0704849354293572,0.611682278491806
"ENSG00000257642","C12orf75-AS1",0.122948460818506,0.633756220206445
"ENSG00000257732","TXNRD1-AS1",0.686896705217437,0.0395673459014426
"ENSG00000257815","PRANCR",-0.163676087774166,0.464794457232153
"ENSG00000258708","SLC25A21-AS1",0.155379854639092,0.464820434124169
"ENSG00000259153","MAP3K9-DT",0.832583662107446,6.00378131832878e-06
"ENSG00000259460",NA,0.241200688596113,0.314744433611818
"ENSG00000259891",NA,-0.409277145976992,0.0362426249598564
"ENSG00000260027","HOXB7",0.153626155941121,0.168766391428212
"ENSG00000260260","SNHG19",0.787360145392084,3.54269747726095e-09
"ENSG00000260274",NA,0.285501061842716,0.174904561421353
"ENSG00000260454","LINC02957",0.326160406450917,0.212739378574067
"ENSG00000260862","LOC101928446",0.161439934967967,0.487440072256252
"ENSG00000260912",NA,1.17735939490213,2.51245782513315e-05
"ENSG00000260916","CCPG1",0.865958461036534,5.9384941022722e-08
"ENSG00000260920",NA,-1.28771207993565,0.00573593387464038
"ENSG00000261357",NA,-0.282910498314803,0.21156579595414
"ENSG00000261371","PECAM1",-0.161234566889112,0.515848069998974
"ENSG00000261770",NA,-1.04348968332814,0.0118703013497673
"ENSG00000261824","LINC00662",-0.519736864215641,0.000843856809522768
"ENSG00000263465","SRSF8",-0.209004947963047,0.0395688249340126
"ENSG00000263711","LINC02864",-0.651134093014807,0.000733810655551663
"ENSG00000263753","LINC00667",-0.0657090477616141,0.688058120978033
"ENSG00000265641","MIR3929",-0.86922898865588,0.0148172821519018
"ENSG00000265778","ZNF516-AS1",-0.0590838307889186,0.840031664430191
"ENSG00000265972","TXNIP",0.897898909556881,0.000798109426242658
"ENSG00000266402","SNHG25",1.05917413926489,5.11589194086365e-15
"ENSG00000266903","CEACAM16-AS1",0.185424968118451,0.428464108033327
"ENSG00000267397",NA,-0.631717054093725,0.0439433288238728
"ENSG00000267519",NA,0.357778124613566,0.053665757914122
"ENSG00000267655",NA,-0.170549397988496,0.475441128546623
"ENSG00000267750",NA,0.740987599551946,0.0258332643658217
"ENSG00000269293","ZSCAN16-AS1",0.472114494418389,0.000430738370389544
"ENSG00000269927",NA,0.989074668965306,8.81660337802444e-06
"ENSG00000270170","NCBP2AS2",-0.319815500357151,0.000419002835417917
"ENSG00000270629","NBPF14",0.194179483192443,0.365340615906407
"ENSG00000271147",NA,-0.0745523365525392,0.782920226167116
"ENSG00000272049",NA,0.226192919737317,0.361489676681307
"ENSG00000272316",NA,-0.650843195235725,0.0487429132149934
"ENSG00000273199",NA,2.20842298728857,2.81811215950995e-11
"ENSG00000273311","DGCR11",0.294429223116808,0.196317301831017
"ENSG00000273559","CWC25",-0.332203650353355,0.000165597184237924
"ENSG00000273812",NA,-0.474357463040121,0.00708380791633864
"ENSG00000273980",NA,0.0499223137282789,0.868480563977134
"ENSG00000275052","PPP4R3B",-0.133342001611092,0.0875585931745942
"ENSG00000275055",NA,0.111240939398056,0.66373958451032
"ENSG00000275066","SYNRG",0.0746726156377582,0.463266733524093
"ENSG00000275835","TUBGCP5",-0.159671905708828,0.230270065075799
"ENSG00000276791",NA,0.0298556645959938,0.924694927049468
"ENSG00000277462","ZNF670",0.198922055969784,0.27500077561328
"ENSG00000277566",NA,0.0999061493180292,0.708056907288543
"ENSG00000277586","NEFL",2.17005224893053,7.00872317637788e-09
"ENSG00000278023","RDM1",0.983987866763641,1.62008208484684e-06
"ENSG00000278133",NA,-0.0615381373266803,0.7829845415404
"ENSG00000278540","ACACA",-0.63464059456515,1.1926961812155e-09
"ENSG00000278730",NA,0.144881625003749,0.482207196309577
"ENSG00000279088","LOC124902453",0.538336998019166,0.000246618424348175
"ENSG00000279347",NA,-0.33776369974654,0.189378631492096
"ENSG00000279453",NA,-0.14066087236684,0.52193067551133
"ENSG00000279789",NA,-0.142031094611675,0.536440398027925
"ENSG00000280128",NA,-0.225796766902519,0.191744456128511
"ENSG00000280208",NA,0.440329997555007,0.0750470614918146
"ENSG00000280798","LINC00294",0.228183600196677,0.155464647287001
"ENSG00000283632","EXOC3L2",0.0422689659068497,0.892133489843765
"ENSG00000283959","LOC101927245",0.226121388299499,0.355371336983398
"ENSG00000284602",NA,0.201461626606896,0.421128944607839
"ENSG00000284753","EEF1AKMT4",0.704233855231746,1.66601536606192e-07
"ENSG00000285825","CCDC15-DT",0.0746726621327059,0.769304148133031
"ENSG00000286048",NA,2.79701437330167,2.45699528080404e-07
"ENSG00000287158","LOC105377188",2.59162990290884,1.78473096622108e-10
"ENSG00000287530","LOC105370115",-0.425818027683365,0.000896667251064026
"ENSG00000287937","LOC124907871",-0.0153955033415167,0.953964609964745
"ENSG00000288061",NA,-0.147532747011657,0.558431272994115
"ENSG00000288973",NA,0.00382426320471622,0.98954116753916
"ENSG00000289023",NA,-0.115989866520514,0.629099219940466
"ENSG00000289294",NA,0.117982124234183,0.451819352114808
"ENSG00000289339",NA,0.487836529814538,0.0767126491051548
"ENSG00000289586","LOC105377294",0.407009157184192,0.0557131705743034
"ENSG00000289612",NA,-0.830890880383046,0.000120608505791461
"ENSG00000289688","LOC124903135",0.61331192944402,0.0452247656183055
"ENSG00000289938",NA,0.357546823735414,0.162596448076396
"ENSG00000289971",NA,-0.0439930515892086,0.874915119934501
"ENSG00000290012",NA,0.0342583728834455,0.912679151245647
"ENSG00000290032",NA,0.339167930746323,0.0194370594109911
"ERCC-00002",NA,0.366817415325436,0.165356613373766
"ERCC-00003",NA,0.58709525725032,0.0637520988218983
"ERCC-00004",NA,0.402367495212213,0.140962433357823
"ERCC-00009",NA,0.57473783020921,0.0664048425233169
"ERCC-00019",NA,0.309026011264776,0.235116468809508
"ERCC-00022",NA,0.833564796311589,0.0192834024494882
"ERCC-00025",NA,0.457578846384509,0.106392231674649
"ERCC-00035",NA,0.479760607188583,0.0945805381964879
"ERCC-00042",NA,0.759176710013705,0.0307987212494567
"ERCC-00043",NA,0.64613529819679,0.0498737911006731
"ERCC-00044",NA,0.210506778054913,0.400063263557267
"ERCC-00046",NA,0.405800119954577,0.139117659258443
"ERCC-00051",NA,0.75191081040383,0.0295896702189225
"ERCC-00060",NA,0.620578403414321,0.0521752024400013
"ERCC-00071",NA,0.791144174036004,0.0284062917892475
"ERCC-00074",NA,0.387477715437467,0.151077173665976
"ERCC-00076",NA,0.567411711805502,0.0626648100767827
"ERCC-00079",NA,0.348164318276978,0.190693959564358
"ERCC-00092",NA,0.887528006899321,0.0165095064209226
"ERCC-00095",NA,0.753726470707899,0.0263298098379214
"ERCC-00096",NA,0.369854136745941,0.162796587899585
"ERCC-00108",NA,0.474446732372627,0.104440022372875
"ERCC-00111",NA,1.03564797861789,0.0116189614558054
"ERCC-00113",NA,0.526691099312138,0.0826930049403007
"ERCC-00116",NA,0.236707209539053,0.348321405967089
"ERCC-00130",NA,0.351256383774129,0.177394354715272
"ERCC-00131",NA,0.284512216364927,0.267351475247667
"ERCC-00136",NA,0.502324741869302,0.0922464537546347
"ERCC-00144",NA,0.24492959996521,0.32948766509879
"ERCC-00145",NA,0.730356589118586,0.0344778965880539
"ERCC-00162",NA,0.391426745122042,0.153338246101264
"ERCC-00165",NA,0.279017237289705,0.276694247992391
"ERCC-00171",NA,0.420233468820565,0.131071749163041
"SIRV1",NA,0.391681230269889,0.148632283860603
"SIRV2",NA,0.419969603218165,0.13118800750815
"SIRV3",NA,0.403009725307728,0.139279305002294
"SIRV4",NA,0.386757210274669,0.151532885983576
"SIRV5",NA,0.362803659846618,0.168299816929015
"SIRV6",NA,0.359507111527828,0.169220266689755
"SIRV7",NA,0.403626877250413,0.141722510247227
