"ENSEMBL","SYMBOL_wt","log2FC_wt","padj_wt","SYMBOL_KO","log2FC_KO","padj_KO"
"ENSG00000001617","SEMA3F",0.546254618485371,0.000365412603287562,"SEMA3F",0.71492730150304,1.2970257725578e-05
"ENSG00000002079","MYH16",0.955200555495541,1.24531726220371e-06,"MYH16",1.3118316575641,4.61849160889190e-11
"ENSG00000002330","BAD",0.277080323304631,0.0273040518367712,"BAD",0.378495655576456,0.0016365502348111
"ENSG00000003249","DBNDD1",0.643053902691828,0.00142667004393739,"DBNDD1",1.27047759355941,3.64139803179642e-09
"ENSG00000003509","NDUFAF7",0.316043417908682,0.0141564546021731,"NDUFAF7",0.300015719681641,0.0141461634533199
"ENSG00000005469","CROT",0.457789136284029,0.000737478907428209,"CROT",0.547713837399888,3.20883041990226e-05
"ENSG00000005884","ITGA3",0.356228744919978,0.00232399024811283,"ITGA3",0.236826088376375,0.0418071632091391
"ENSG00000006715","VPS41",0.216209329690199,0.0453032133999669,"VPS41",0.208920095522975,0.0403499328938687
"ENSG00000007047","MARK4",0.682028608387871,3.11608030183158e-07,"MARK4",0.746602048417737,5.08226315469536e-08
"ENSG00000010295","IFFO1",0.442374496558239,0.000468824212311531,"IFFO1",0.318417941562799,0.0119998251833444
"ENSG00000010319","SEMA3G",0.554489488473465,0.0185581749626787,"SEMA3G",0.968641266037534,0.00506591200058996
"ENSG00000011009","LYPLA2",0.231678661156248,0.00977703066287114,"LYPLA2",0.182396950843502,0.0425511668761968
"ENSG00000011454","RABGAP1",0.362487470410371,2.97285003370228e-07,"RABGAP1",0.33414581834358,7.25625956781452e-07
"ENSG00000012171","SEMA3B",1.96425705790222,1.38844722258713e-12,"SEMA3B",1.08665479275781,4.05974936485442e-06
"ENSG00000013364","MVP",0.38673487111392,0.00956240336039645,"MVP",0.465992483544139,0.00227211418224956
"ENSG00000013375","PGM3",0.189200162570661,0.00754730252312166,"PGM3",0.408904393941945,6.0953689030705e-12
"ENSG00000013441","CLK1",0.390942318416638,0.00802947260512204,"CLK1",0.331253606491311,0.0208492566779047
"ENSG00000013563","DNASE1L1",0.292792388516938,0.0302135092890929,"DNASE1L1",0.356082873203973,0.00527472554569135
"ENSG00000014641","MDH1",0.644039333965749,5.04766606896457e-12,"MDH1",0.325000268503081,0.000506151032706628
"ENSG00000015475","BID",0.46841435859017,6.98870252355323e-07,"BID",0.217801514255645,0.0254143149750327
"ENSG00000015532","XYLT2",0.243497317246265,0.0266936504262649,"XYLT2",0.274376628335807,0.00799465316457111
"ENSG00000021645","NRXN3",0.434461898027084,0.0111717651542552,"NRXN3",0.768983088651416,0.00018135652392902
"ENSG00000022267","FHL1",0.301108769047734,0.00734650676250537,"FHL1",0.336752474606985,0.00212419206337256
"ENSG00000026103","FAS",0.708182273890555,4.47847452904331e-07,"FAS",1.01073387129414,4.42682887742696e-13
"ENSG00000032219","ARID4A",0.580616357583692,4.51421279903285e-08,"ARID4A",0.723991793030839,6.12793142824583e-12
"ENSG00000032444","PNPLA6",0.510731973291395,0.000278450329961754,"PNPLA6",0.654712606855513,1.55524008404254e-05
"ENSG00000033627","ATP6V0A1",0.37889834354221,0.00302554880456018,"ATP6V0A1",0.490010653819343,0.00023066595248506
"ENSG00000037042","TUBG2",0.408438426456569,0.0093503259164612,"TUBG2",0.3327228267654,0.0273075866341412
"ENSG00000041880","PARP3",0.259046542221268,0.0302670947789845,"PARP3",0.466849618661616,2.16475461820581e-05
"ENSG00000042317","SPATA7",0.482745666864313,0.0120355939945638,"SPATA7",0.375310655947476,0.0413853285843694
"ENSG00000042445","RETSAT",0.630407889356791,4.20955571726739e-11,"RETSAT",0.661328806269402,2.28544626699997e-12
"ENSG00000042493","CAPG",0.903951537968329,1.92029451445684e-10,"CAPG",0.96481562934443,3.4338630583756e-12
"ENSG00000046604","DSG2",0.32660270030814,0.000372931252259468,"DSG2",0.416730068329015,1.70365126809703e-06
"ENSG00000047346","ATOSA",0.765275433100198,2.78211664874041e-06,"ATOSA",0.624303272016983,0.000110477191841779
"ENSG00000048392","RRM2B",0.514683937579551,0.000258159463005686,"RRM2B",0.780142310798519,3.16829744423442e-07
"ENSG00000048471","SNX29",0.42544548186655,0.00387783145047657,"SNX29",0.430075835418868,0.00317158140944526
"ENSG00000048649","RSF1",0.217578908738485,0.0121998864314048,"RSF1",0.305436035712369,0.000153249020206617
"ENSG00000049759","NEDD4L",0.378779464331341,0.000724034476457709,"NEDD4L",0.274320085624666,0.0137547362015721
"ENSG00000050165","DKK3",0.488311069196205,2.53585502528314e-05,"DKK3",0.307350458877612,0.00836740427395518
"ENSG00000050405","LIMA1",0.63770382035981,4.76236036497056e-09,"LIMA1",0.630370633366123,8.4433809658157e-09
"ENSG00000052802","MSMO1",0.63587110365609,5.31907774217564e-05,"MSMO1",0.322380871953798,0.0261979485027293
"ENSG00000054148","PHPT1",0.30467096066972,0.0282060726806573,"PHPT1",0.4348458423162,0.00128924009123465
"ENSG00000055163","CYFIP2",0.74725846095953,1.54774591979216e-05,"CYFIP2",1.2918026460402,1.61605438269837e-12
"ENSG00000056558","TRAF1",0.721301958969448,0.000813720850586599,"TRAF1",1.20222168572172,1.93772993344065e-06
"ENSG00000060138","YBX3",0.21930711770482,0.00679572029461489,"YBX3",0.453764559215804,9.59199824939734e-10
"ENSG00000061337","LZTS1",0.899815749102842,0.00287648546478186,"LZTS1",0.90709746131599,0.00306047309604601
"ENSG00000062282","DGAT2",0.410528812463613,0.00612611501310507,"DGAT2",1.04140006166487,1.79517758135649e-09
"ENSG00000063241","ISOC2",0.580010595309167,0.000199356120771088,"ISOC2",0.691615547814317,2.92328731759098e-05
"ENSG00000064115","TM7SF3",0.503059018888625,6.36940264079628e-06,"TM7SF3",0.636437157719094,1.86267276911886e-08
"ENSG00000064300","NGFR",1.08513746289915,0.00032383277441016,"NGFR",1.01576884321176,0.000293872026998981
"ENSG00000064607","SUGP2",0.195153126513304,0.0361610521334422,"SUGP2",0.348946111145753,2.35730870844525e-05
"ENSG00000064961","HMG20B",0.235835030613287,0.0265831959905109,"HMG20B",0.379750422310552,7.26098218553935e-05
"ENSG00000064999","ANKS1A",0.431368820746209,0.00145777634051168,"ANKS1A",0.25932453229272,0.0398452043144902
"ENSG00000065054","NHERF2",0.388150228309725,0.00010073596336988,"NHERF2",0.444823475824826,4.46400563844009e-06
"ENSG00000065357","DGKA",1.02773468443939,1.00471160041392e-35,"DGKA",1.46161347736931,2.13232255846771e-77
"ENSG00000065485","PDIA5",0.308804457213906,0.00288531526859137,"PDIA5",0.542934273346389,4.47758595183059e-08
"ENSG00000065534","MYLK",0.274415651785684,0.0213765472123194,"MYLK",0.559505926790533,1.57604389788997e-06
"ENSG00000065923","SLC9A7",0.289233037256676,0.00318294932927363,"SLC9A7",0.365166252095387,5.94695420085674e-05
"ENSG00000066056","TIE1",0.630433528492469,0.000335712852323485,"TIE1",0.758442401627313,6.80359311111969e-05
"ENSG00000067064","IDI1",0.684019765376601,5.7298003005654e-05,"IDI1",0.317877088599141,0.0358606685193769
"ENSG00000067225","PKM",0.189598358818996,0.0392558740466401,"PKM",0.231955552021359,0.00699339752067537
"ENSG00000067715","SYT1",0.460482565607735,0.016622446120737,"SYT1",0.388755332753103,0.0379330778982774
"ENSG00000067829","IDH3G",0.265927377599413,0.0119651088934099,"IDH3G",0.241966681867406,0.0181063378675083
"ENSG00000068697","LAPTM4A",0.202707827669519,0.0168983208456301,"LAPTM4A",0.199507868971081,0.0147458116930969
"ENSG00000068745","IP6K2",0.61091093764812,2.58338987459518e-11,"IP6K2",0.432770984985091,2.04576545740214e-06
"ENSG00000068912","ERLEC1",0.215806935204073,0.0449567566615031,"ERLEC1",0.214471709667287,0.0350972268701535
"ENSG00000069812","HES2",1.54791088508956,0.000296770826313584,"HES2",2.23417418151887,4.54850421899407e-06
"ENSG00000069966","GNB5",0.271133663425131,0.0045343656366839,"GNB5",0.388066716557457,5.30229209556975e-06
"ENSG00000070501","POLB",0.536845815846517,3.84214716937549e-06,"POLB",0.387837640335184,0.00073724425956159
"ENSG00000071967","CYBRD1",0.494975124686812,0.00013769452632572,"CYBRD1",0.441934177431784,0.000135467072952946
"ENSG00000072062","PRKACA",0.346666572794884,0.00209812628142379,"PRKACA",0.509653052749369,4.44518088627127e-06
"ENSG00000072415","PALS1",0.258942229439401,0.00306648264471965,"PALS1",0.255628609688675,0.00222771839767258
"ENSG00000072682","P4HA2",0.394357660118644,0.00237812336907259,"P4HA2",0.618222353471564,6.06339252425392e-06
"ENSG00000072778","ACADVL",0.301198347328147,0.000362084272912037,"ACADVL",0.252871489455573,0.00180387662189699
"ENSG00000072818","ACAP1",1.07079858205686,0.00016611673333973,"ACAP1",0.767166220159983,0.00208364145656561
"ENSG00000073060","SCARB1",0.349493408983684,0.00773672144390406,"SCARB1",0.3935775520819,0.00357895831084281
"ENSG00000075426","FOSL2",0.264790716774701,0.0125538890555658,"FOSL2",0.318498218080664,0.00172089456316363
"ENSG00000076108","BAZ2A",0.231923793965774,0.0121669357450529,"BAZ2A",0.426424865273615,6.35413081540172e-07
"ENSG00000076641","PAG1",0.384229224465226,0.00266564087453739,"PAG1",0.44645747473899,0.000141083782063257
"ENSG00000076685","NT5C2",0.342687220779112,0.000308139964314726,"NT5C2",0.354160681492561,0.000156208010456027
"ENSG00000078304","PPP2R5C",0.200148680569901,0.000898101056860898,"PPP2R5C",0.263104144173973,2.26354958405356e-06
"ENSG00000079459","FDFT1",0.457395483639719,0.00078331315561822,"FDFT1",0.314163038850438,0.0181205316004823
"ENSG00000079739","PGM1",0.499299839050539,2.44298429843485e-05,"PGM1",0.347074049994581,0.00224110114726826
"ENSG00000079931","MOXD1",0.37280940274843,0.0338618235690684,"MOXD1",0.923169379218646,2.60793149991399e-05
"ENSG00000080546","SESN1",1.06301461663358,5.78432536239302e-16,"SESN1",1.25409474409805,3.30973858511541e-22
"ENSG00000081189","MEF2C",0.434454207608449,0.00859514006279449,"MEF2C",0.953763874806153,2.8736867800952e-07
"ENSG00000081760","AACS",0.36829460413503,0.00107263957367209,"AACS",0.231071831793764,0.0431253382452803
"ENSG00000081923","ATP8B1",1.02945511884645,2.34576437328003e-07,"ATP8B1",0.519057029772872,0.00325471006674837
"ENSG00000082126","MPP4",0.572313663688756,0.00031340973978848,"MPP4",0.293723782438309,0.0482013027327666
"ENSG00000082212","ME2",0.44591010154491,1.30086377732266e-08,"ME2",0.377230450317765,9.66760301633874e-07
"ENSG00000083807","SLC27A5",0.494042512193585,0.0011869828167467,"SLC27A5",0.4686101104314,0.00129602318346245
"ENSG00000084693","AGBL5",0.365489035576607,0.000478071522168794,"AGBL5",0.681318553714875,1.05360255830158e-11
"ENSG00000084754","HADHA",0.146066016701743,0.0383670847844195,"HADHA",0.208996873170826,0.0011073563009882
"ENSG00000085117","CD82",0.441964343600877,0.00132098979790135,"CD82",0.925773594744751,3.96025259236552e-10
"ENSG00000085185","BCORL1",0.404524127070804,0.00440224031151144,"BCORL1",0.957200294432178,1.57596510305079e-09
"ENSG00000085365","SCAMP1",0.360434276164826,2.72652785222918e-06,"SCAMP1",0.167326810082821,0.0422063714374036
"ENSG00000085719","CPNE3",0.3993781038323,6.35451588564009e-05,"CPNE3",0.273772161938507,0.00636059042117079
"ENSG00000085832","EPS15",0.218090705807663,0.0362116388428508,"EPS15",0.271070698634497,0.00449962500564052
"ENSG00000085998","POMGNT1",0.227163586442907,0.03234509200311,"POMGNT1",0.227920043613401,0.0238452416218027
"ENSG00000086504","MRPL28",0.316287934734152,0.0164361755682486,"MRPL28",0.256103297102968,0.0471753678616325
"ENSG00000087077","TRIP6",0.233776302528021,0.00629389842912722,"TRIP6",0.203707367439663,0.0149211567806195
"ENSG00000087088","BAX",0.424077016434867,0.00608296380235428,"BAX",0.568540804476418,0.00056127166392025
"ENSG00000087095","NLK",0.288413906381028,0.0118182177091923,"NLK",0.35847330597672,0.00107160575646415
"ENSG00000087266","SH3BP2",0.329506851897505,0.0219479632886881,"SH3BP2",0.357774542818181,0.0135768016690166
"ENSG00000088367","EPB41L1",0.307368964646161,0.00878051367197807,"EPB41L1",0.286496589401648,0.0121553461993443
"ENSG00000088832","FKBP1A",0.207630054796674,0.00963858903163045,"FKBP1A",0.176476987984355,0.0264316849678049
"ENSG00000089127","OAS1",0.948475876348057,0.000206136807000089,"OAS1",0.494917571454095,0.0124732611522326
"ENSG00000089220","PEBP1",0.172304616977995,0.015628688168033,"PEBP1",0.188440441479,0.00587918799593802
"ENSG00000089351","GRAMD1A",0.402229404796782,2.68206207134704e-05,"GRAMD1A",0.571493438447747,6.55958475747513e-10
"ENSG00000089486","CDIP1",0.334245012367785,0.00447614804543199,"CDIP1",0.450932752721502,9.77024771415519e-05
"ENSG00000090097","PCBP4",0.668977940613973,1.1576197820412e-08,"PCBP4",0.624697887230115,1.33027729624209e-07
"ENSG00000090238","YPEL3",0.919508100754341,3.76479934350081e-05,"YPEL3",0.408073886980159,0.0195640562533274
"ENSG00000090512","FETUB",2.1750638008666,7.81585810743453e-09,"FETUB",1.70955766800394,7.73228209040632e-07
"ENSG00000090776","EFNB1",0.409764804912847,0.000540458521167039,"EFNB1",0.82692554558563,1.33732119835986e-13
"ENSG00000091137","SLC26A4",1.07512557736177,1.34327991567211e-07,"SLC26A4",0.826170225949501,2.0080927260483e-05
"ENSG00000095059","DHPS",0.462081807544603,0.000358313803776706,"DHPS",0.278150001259,0.0266133882936417
"ENSG00000095203","EPB41L4B",0.440980710510578,0.00580250140734778,"EPB41L4B",0.33595976404777,0.0291565445060926
"ENSG00000095321","CRAT",0.301063503167056,0.0403514874283697,"CRAT",0.371963830525401,0.0110245719800815
"ENSG00000095380","NANS",0.258041172223395,0.0120621198145711,"NANS",0.203047822912851,0.0492467535635336
"ENSG00000095970","TREM2",5.00498805841975,5.52194614736507e-11,"TREM2",1.80545016225234,7.7459750646859e-06
"ENSG00000099337","KCNK6",0.454172928290222,0.00596443769571891,"KCNK6",1.26173178228924,4.37145084926377e-09
"ENSG00000099377","HSD3B7",0.538967821497786,0.00426668507451769,"HSD3B7",1.26429442582369,1.29226695896912e-08
"ENSG00000099785","MARCHF2",0.766769785764348,0.000296770826313584,"MARCHF2",0.941184792529581,0.000241576107882629
"ENSG00000099940","SNAP29",0.282288904448506,0.000145832970132902,"SNAP29",0.267002431003707,0.000145561407850854
"ENSG00000099968","BCL2L13",0.250288950621255,0.00237812336907259,"BCL2L13",0.18702467845403,0.026190640216202
"ENSG00000100055","CYTH4",0.684188329086206,0.00634102476096382,"CYTH4",1.00946792431061,0.00135757199936848
"ENSG00000100075","SLC25A1",0.505570721805271,3.08585123387897e-06,"SLC25A1",0.606224812589778,4.81302954006309e-08
"ENSG00000100092","SH3BP1",0.641472539047136,1.24734925107565e-07,"SH3BP1",0.755549585745793,3.01285772601315e-10
"ENSG00000100097","LGALS1",0.305872421585728,0.00231375492103699,"LGALS1",0.275653531747795,0.00512583227399951
"ENSG00000100116","GCAT",0.60115232220834,0.00053853278931872,"GCAT",0.391595147538652,0.0268017126164223
"ENSG00000100234","TIMP3",0.541889835672263,0.00143493590993075,"TIMP3",0.887399138802723,4.68733829695861e-06
"ENSG00000100298","APOBEC3H",0.535180848152171,0.0204600090221384,"APOBEC3H",0.960158958949681,0.00522094020620781
"ENSG00000100321","SYNGR1",0.575347676493383,0.00127608204050859,"SYNGR1",1.02348402576827,2.48910639585176e-06
"ENSG00000100347","SAMM50",0.235595657386082,0.000383996375986707,"SAMM50",0.207471664703527,0.00170804434526747
"ENSG00000100348","TXN2",0.256480739079888,0.000191607520105664,"TXN2",0.169213506058702,0.0180023132843883
"ENSG00000100364","KIAA0930",0.229500691641879,0.0150493375732245,"KIAA0930",0.369174395576083,3.63009650263134e-05
"ENSG00000100417","PMM1",0.322355995544326,0.00973859716056375,"PMM1",0.250938360657454,0.0387760176620947
"ENSG00000100418","DESI1",0.331912308586964,0.000229249484468008,"DESI1",0.310724972470291,0.000597706657560259
"ENSG00000100429","HDAC10",0.488274044788743,0.00338626415339291,"HDAC10",0.705867976383824,0.000135006413838047
"ENSG00000100473","COCH",0.76871235904383,0.00078331315561822,"COCH",0.480852189727354,0.00702874503690313
"ENSG00000100504","PYGL",0.335591686062433,0.000972332548362219,"PYGL",0.434913083357094,2.33245186741376e-05
"ENSG00000100612","DHRS7",0.349518880334703,0.00433693103053125,"DHRS7",0.274696336189896,0.022183550846829
"ENSG00000100644","HIF1A",0.345040143759552,0.000777112577381936,"HIF1A",0.222847869194084,0.0315049443781318
"ENSG00000100865","CINP",0.352996744278466,0.000172531806987127,"CINP",0.248076990428964,0.00814360154835399
"ENSG00000100883","SRP54",0.204410150214245,0.0105537825116115,"SRP54",0.18745379265088,0.0152360276839564
"ENSG00000100934","SEC23A",0.397259740699012,3.31651386169088e-05,"SEC23A",0.214906825542548,0.0267608440938545
"ENSG00000100997","ABHD12",0.352118404029781,1.54774591979216e-05,"ABHD12",0.358713355147007,1.07943883227224e-05
"ENSG00000101000","PROCR",0.64819350041738,5.89338741884368e-09,"PROCR",0.287685051971241,0.0119998251833444
"ENSG00000101019","UQCC1",0.237583568413221,0.0384908715348787,"UQCC1",0.231387299014036,0.0327630682853858
"ENSG00000101079","NDRG3",0.254551423135085,0.0280733558451498,"NDRG3",0.317197144650153,0.00402825107521339
"ENSG00000101307","SIRPB1",0.439182247944601,0.0169470285589178,"SIRPB1",1.14157719834054,1.45390644087503e-05
"ENSG00000101400","SNTA1",0.346914977854058,0.0226270707267814,"SNTA1",0.872217176355763,9.33141972936543e-07
"ENSG00000101844","ATG4A",0.287448253722355,0.0430537123712221,"ATG4A",0.672174634334617,7.75557761018995e-06
"ENSG00000101888","NXT2",0.238035216279867,0.015476774076001,"NXT2",0.252918585389347,0.00676408949561623
"ENSG00000102024","PLS3",0.354407491319587,1.07232507141784e-05,"PLS3",0.330730160596782,2.73132354112266e-05
"ENSG00000102038","SMARCA1",0.446191423767313,0.000478071522168794,"SMARCA1",0.668353433046555,4.33326573277255e-07
"ENSG00000102048","ASB9",1.05180418533209,0.000303542329583845,"ASB9",0.568199034662873,0.00906185179237732
"ENSG00000102119","EMD",0.180406053849455,0.0192505757539598,"EMD",0.288466431057388,3.35481791724487e-05
"ENSG00000102452","NALCN",0.417092054027813,0.0126014677734364,"NALCN",0.396806215574309,0.0164712004033995
"ENSG00000102886","GDPD3",1.98999809822751,6.23523104578091e-05,"GDPD3",1.23066331545732,0.00161282776555249
"ENSG00000102893","PHKB",0.287044143458387,0.00241781813334335,"PHKB",0.346245119313711,6.26639644055344e-05
"ENSG00000102996","MMP15",0.380808066661639,0.043305055930673,"MMP15",0.404167548842084,0.0377886762967036
"ENSG00000103034","NDRG4",1.57428235808037,3.15505357841912e-09,"NDRG4",0.936965732230446,0.000948417993321098
"ENSG00000103091","WDR59",0.278487486295929,0.0121965276825292,"WDR59",0.277390767767216,0.00984160319477126
"ENSG00000103145","HCFC1R1",0.298356366824469,0.00209310910110419,"HCFC1R1",0.489018491427227,9.96644201633205e-08
"ENSG00000103202","NME4",0.460506853846926,3.57225668761232e-07,"NME4",0.472569718049998,1.11069557738848e-07
"ENSG00000103253","HAGHL",0.572099123448993,0.000618370187761638,"HAGHL",0.456719375742843,0.00496001600550294
"ENSG00000103260","METRN",0.376274398418107,0.00943294412642567,"METRN",0.462569461531751,0.00150008694820464
"ENSG00000103266","STUB1",0.347623331843182,0.000139106577988835,"STUB1",0.377593077425252,2.35730870844525e-05
"ENSG00000103415","HMOX2",0.339961570844275,5.16978621573305e-05,"HMOX2",0.349406646674219,2.32487523626723e-05
"ENSG00000103485","QPRT",0.709142314547338,0.00740741681361766,"QPRT",1.42875685358299,0.000241731985309841
"ENSG00000103769","RAB11A",0.405166092362409,1.1576197820412e-08,"RAB11A",0.254021948920708,0.000433170518889128
"ENSG00000104055","TGM5",0.584230546871698,0.0159679039888382,"TGM5",1.49705858107465,0.000439345537962923
"ENSG00000104341","LAPTM4B",0.253533834724811,0.000261773336473199,"LAPTM4B",0.176077388919057,0.0144214294347383
"ENSG00000104368","PLAT",1.11618948902972,1.7289397241551e-07,"PLAT",1.44995495763589,3.52911229005432e-11
"ENSG00000104522","GFUS",0.300377589632145,0.00626658590238489,"GFUS",0.233942037738684,0.0305457869196047
"ENSG00000104805","NUCB1",0.276798580981502,0.0130900920025424,"NUCB1",0.289598510808062,0.00665496327187705
"ENSG00000104812","GYS1",0.45025831499178,0.00101655874218477,"GYS1",0.487547653492979,0.000516995362956031
"ENSG00000104833","TUBB4A",2.08893978563544,7.01242110785275e-05,"TUBB4A",2.18518740334266,6.26639644055344e-05
"ENSG00000104870","FCGRT",1.76813942796057,4.92016407729505e-07,"FCGRT",0.435412690248178,0.0330209363748316
"ENSG00000104960","PTOV1",0.327050479297414,0.00418967208147934,"PTOV1",0.242236074773161,0.0289166030952038
"ENSG00000104964","TLE5",0.39657035790073,3.37804479802922e-06,"TLE5",0.438148097980539,1.56613712481066e-07
"ENSG00000105048","TNNT1",0.429728859551585,0.00135889212911585,"TNNT1",0.715107148287102,4.70812645309568e-07
"ENSG00000105146","AURKC",0.497765148957546,0.0235510896600778,"AURKC",0.762265597477759,0.00752692425129529
"ENSG00000105220","GPI",0.178912052845151,0.0431360976559808,"GPI",0.277497079264213,0.000550585016930511
"ENSG00000105246","EBI3",1.64692045509532,0.000178364705710034,"EBI3",1.04911286818998,0.0024955173359186
"ENSG00000105287","PRKD2",0.324150413231724,0.0167532314318807,"PRKD2",0.393937949343848,0.00387613736548424
"ENSG00000105290","APLP1",2.48252693355023,5.92145036301505e-09,"APLP1",1.34724490966917,0.000963019448347475
"ENSG00000105327","BBC3",0.400404217426147,0.00410789548651638,"BBC3",0.930092188764856,1.2969819957923e-09
"ENSG00000105355","PLIN3",0.207804025687933,0.0486013159768252,"PLIN3",0.474610247468298,1.15548837096823e-06
"ENSG00000105404","RABAC1",0.49213906374062,0.000224418442902694,"RABAC1",0.440509996209809,0.000963019448347475
"ENSG00000105519","CAPS",0.582839556820188,0.0156661521366233,"CAPS",0.835876826044389,0.00799465316457111
"ENSG00000105612","DNASE2",0.484693642857718,0.007589220349506,"DNASE2",1.02914237783164,0.000594221966011632
"ENSG00000105649","RAB3A",0.464734680014621,0.0198757275977638,"RAB3A",1.5930785241668,5.4010709699671e-05
"ENSG00000105705","SUGP1",0.262124756341961,0.0175776036263698,"SUGP1",0.218383174103331,0.0402029649388469
"ENSG00000105755","ETHE1",0.358243984731575,0.0021616317255567,"ETHE1",0.255914392879981,0.0296451917065167
"ENSG00000105767","CADM4",1.12071322646366,0.00207320894569334,"CADM4",1.29629481337398,0.00143018215581733
"ENSG00000105963","ADAP1",0.440146757759168,0.0248378120168109,"ADAP1",0.47207677356131,0.0210080576198399
"ENSG00000105971","CAV2",0.397524565626632,4.27822723141259e-05,"CAV2",0.395139477978538,3.11852316017403e-05
"ENSG00000105974","CAV1",0.314299891526063,0.0168983208456301,"CAV1",0.451963780284784,0.000537387206099483
"ENSG00000106080","FKBP14",0.23243495242063,0.0144368012216342,"FKBP14",0.341659387203481,0.000133010645461652
"ENSG00000106261","ZKSCAN1",0.209689199807648,0.0180439635991693,"ZKSCAN1",0.199837584300675,0.0200844583805622
"ENSG00000106367","AP1S1",0.660503081248065,3.07420793854706e-05,"AP1S1",0.336997711586443,0.0204743540930272
"ENSG00000106415","GLCCI1",0.420023086990861,0.00487456247712258,"GLCCI1",0.284177603261641,0.0424481922336087
"ENSG00000106524","ANKMY2",0.242653004957971,0.00955886566997495,"ANKMY2",0.329772526412007,0.000149575680739567
"ENSG00000106789","CORO2A",0.328998216300254,0.00353412870637814,"CORO2A",0.515679274325962,1.24356038385632e-06
"ENSG00000106829","TLE4",0.267548101614036,0.0392260858359809,"TLE4",0.302326852931053,0.0152914152473929
"ENSG00000106991","ENG",0.318779496613658,0.0186229708312355,"ENG",0.531173781618536,0.000132916340755096
"ENSG00000106992","AK1",0.78351970044162,5.11847854389394e-07,"AK1",0.686903192603703,8.92251341411265e-06
"ENSG00000107281","NPDC1",0.328391594601336,0.00430926431672912,"NPDC1",0.35533546948374,0.000588875425261727
"ENSG00000107362","ABHD17B",0.252666853875114,0.0275171439490188,"ABHD17B",0.478084011975149,4.54820818785585e-06
"ENSG00000107438","PDLIM1",0.328178417764009,0.0043909686011762,"PDLIM1",0.379232927946869,0.000747737418606179
"ENSG00000107551","RASSF4",0.456266970559744,0.00364838317186436,"RASSF4",0.553160444482378,0.000967399729105974
"ENSG00000107745","MICU1",0.215725666857631,0.0398003990009341,"MICU1",0.268823818435293,0.00390753004912282
"ENSG00000107796","ACTA2",0.9923125420127,3.29243767747097e-05,"ACTA2",1.39007906696995,3.10906034612991e-08
"ENSG00000107798","LIPA",0.561801185620245,4.02248667404813e-06,"LIPA",0.282383897829043,0.0266691678913137
"ENSG00000107882","SUFU",0.268755107166237,0.0387171237711367,"SUFU",0.500753023503696,3.87729575540161e-05
"ENSG00000108370","RGS9",0.565657856223513,0.0038241759110858,"RGS9",0.670777001299936,0.000423592763613847
"ENSG00000108439","PNPO",0.384775984770409,0.000107521244096046,"PNPO",0.471506024543639,1.39765459205269e-06
"ENSG00000108479","GALK1",0.361769534150326,0.00899676663769112,"GALK1",0.397762530251882,0.00443721141376597
"ENSG00000108622","ICAM2",0.469223417444129,0.00453485849586605,"ICAM2",0.48031916163144,0.00096658265214961
"ENSG00000108639","SYNGR2",0.454492597804261,0.000219330392936692,"SYNGR2",0.616054433366815,1.30224922761655e-06
"ENSG00000108797","CNTNAP1",0.809752792310303,4.84649245340982e-05,"CNTNAP1",1.04418550719642,4.30806799644671e-07
"ENSG00000108798","ABI3",0.478092170591491,0.0264310859418401,"ABI3",1.32134485356328,0.000354256889105264
"ENSG00000108828","VAT1",0.397961133311721,0.000260861743088872,"VAT1",0.387732103876919,0.000270965317903609
"ENSG00000108840","HDAC5",0.327867037584407,0.0496304505486226,"HDAC5",0.537692277562245,0.00303716838140589
"ENSG00000108852","MPP2",0.84180186839938,0.00447614804543199,"MPP2",0.494291742105973,0.0266133882936417
"ENSG00000109062","NHERF1",0.341091047603132,0.00122216474934691,"NHERF1",0.63537305953422,8.70037247650099e-11
"ENSG00000109107","ALDOC",1.37067881746868,3.52205668396424e-07,"ALDOC",0.755220053756064,0.00150579854451178
"ENSG00000109323","MANBA",0.26728708197677,0.0309301016184222,"MANBA",0.318990710315001,0.0047567311729656
"ENSG00000109501","WFS1",0.296516100485901,0.020992415789188,"WFS1",0.307830259376424,0.0130344428287234
"ENSG00000109586","GALNT7",0.383874543468618,0.000762328356468927,"GALNT7",0.944776592055952,1.97761574279312e-16
"ENSG00000109667","SLC2A9",0.481747286885063,0.0268720281507646,"SLC2A9",0.556525589141225,0.0255694841582757
"ENSG00000110011","DNAJC4",0.714209648722021,8.79393733017374e-05,"DNAJC4",0.739816893517662,5.94695420085674e-05
"ENSG00000110046","ATG2A",0.298396113973722,0.030623711009106,"ATG2A",0.333148109436675,0.0136980144295296
"ENSG00000110171","TRIM3",0.447133107344719,0.0124476844000144,"TRIM3",0.44250271619563,0.013445294624025
"ENSG00000110717","NDUFS8",0.258360760959789,0.00031340973978848,"NDUFS8",0.180798724561081,0.0124659096259067
"ENSG00000110881","ASIC1",0.38969668680086,0.0058499873800083,"ASIC1",0.324876573117224,0.0198587110136618
"ENSG00000111077","TNS2",0.267903665087632,0.040460166704209,"TNS2",0.38830847660469,0.00229289707620138
"ENSG00000111144","LTA4H",0.364311231019025,0.000728417684755472,"LTA4H",0.226036270483169,0.0380259991753859
"ENSG00000111199","TRPV4",0.381339474308164,0.0397784784398563,"TRPV4",0.743202018444649,0.00296401196899451
"ENSG00000111540","RAB5B",0.317348941444126,0.00615886012660507,"RAB5B",0.402370396550532,0.000430655045721385
"ENSG00000111640","GAPDH",0.181875313872185,0.0321667641871193,"GAPDH",0.30232247394618,8.51664993676354e-05
"ENSG00000111674","ENO2",0.494321719234469,0.000558481194291008,"ENO2",0.710396174307897,3.30025939021768e-06
"ENSG00000111684","LPCAT3",0.354400973296942,0.0173933278470003,"LPCAT3",0.346248419074843,0.0193029375337347
"ENSG00000111897","SERINC1",0.240915753123926,0.0377178722128504,"SERINC1",0.233795534343802,0.0341368077339249
"ENSG00000111962","UST",0.314906042786608,0.0373232042090853,"UST",0.456542135571019,0.0018000825908157
"ENSG00000112237","CCNC",0.262211404789079,0.00525205937030748,"CCNC",0.223034193421139,0.0149247111400765
"ENSG00000112249","ASCC3",0.401636026261684,3.7871568228788e-05,"ASCC3",0.812481847133601,6.94723680998324e-17
"ENSG00000112367","FIG4",0.707401328791345,1.19319624481993e-06,"FIG4",0.25165532695084,0.0485254003490702
"ENSG00000112414","ADGRG6",0.431629318398746,0.00188449839674495,"ADGRG6",0.679491778460853,5.34240714924618e-06
"ENSG00000112697","TMEM30A",0.18520365962434,0.0273373310406281,"TMEM30A",0.201519771157443,0.0117874337250163
"ENSG00000112769","LAMA4",0.302286538910593,0.0110143854357887,"LAMA4",0.416105488197389,0.000356912002912757
"ENSG00000112773","TENT5A",0.674416745925172,1.62892801742251e-07,"TENT5A",0.931187921821562,6.57199242473376e-13
"ENSG00000113083","LOX",0.845676129406477,1.24074759317409e-09,"LOX",0.607601042163942,4.43165436912611e-06
"ENSG00000113163","CERT1",0.176264794026193,0.0498372971524378,"CERT1",0.371734330910623,1.06735057680036e-06
"ENSG00000113328","CCNG1",0.892748057785431,7.28408518948761e-15,"CCNG1",0.944046027673242,3.58264728487376e-16
"ENSG00000113615","SEC24A",0.319618133109641,0.00788958424802984,"SEC24A",0.30289306541679,0.00998386133456159
"ENSG00000113758","DBN1",0.315259161962993,0.000173897610174107,"DBN1",0.304021651011791,0.000230788900618598
"ENSG00000113805","CNTN3",0.85150815594216,0.000782216475410258,"CNTN3",0.421038266216106,0.0263626363324791
"ENSG00000114126","TFDP2",0.283740778616516,0.000448495313828262,"TFDP2",0.213597378708576,0.0091094899450059
"ENSG00000114383","TUSC2",0.35078949446107,5.82953833718584e-05,"TUSC2",0.327445296679,0.000114331047369827
"ENSG00000114480","GBE1",0.468832812289856,2.03743033458727e-05,"GBE1",0.70158336509102,4.47737794251964e-10
"ENSG00000114573","ATP6V1A",0.390356409590891,1.95057282050734e-07,"ATP6V1A",0.186265995970277,0.0195891106223742
"ENSG00000114698","PLSCR4",0.403157783296801,0.0223950471305962,"PLSCR4",0.321733574054239,0.0499668245923181
"ENSG00000114770","ABCC5",0.209301598841333,0.0437569287594503,"ABCC5",0.228860664890978,0.0222466921558487
"ENSG00000114923","SLC4A3",0.396826235212771,0.0230482320555184,"SLC4A3",0.716669896275064,0.000933244461038945
"ENSG00000115129","TP53I3",0.661389781037359,1.58986266396555e-05,"TP53I3",0.60834707583773,7.06686708585707e-05
"ENSG00000115194","SLC30A3",0.476966743653537,0.00335007313817393,"SLC30A3",0.757546826708091,3.20797498376001e-05
"ENSG00000115234","SNX17",0.336386238105603,9.43402727476741e-05,"SNX17",0.262607362476228,0.0023181477016206
"ENSG00000115239","ASB3",0.33062691330375,0.00143622329159487,"ASB3",0.453072968215426,3.64959237373186e-06
"ENSG00000115419","GLS",0.2759382008459,0.0143170410879527,"GLS",0.476389231556264,8.40856317254474e-06
"ENSG00000115457","IGFBP2",1.06348519888512,0.00067142091776146,"IGFBP2",1.42287672068899,0.00110419858044761
"ENSG00000115590","IL1R2",0.432686767496642,0.0362466495022728,"IL1R2",1.21429160858475,0.0020705660860819
"ENSG00000115641","FHL2",0.70931129560317,5.55562108425721e-09,"FHL2",0.850019485287747,6.16478247057513e-12
"ENSG00000115694","STK25",0.181722078517831,0.0495403884518026,"STK25",0.200049830206784,0.0209419349344763
"ENSG00000115762","PLEKHB2",0.299181525780824,1.94097382446682e-06,"PLEKHB2",0.372158576948582,8.73961367785707e-10
"ENSG00000116191","RALGPS2",0.338475106535464,0.00468857723341847,"RALGPS2",0.675764216339747,1.77210351702727e-07
"ENSG00000116212","LRRC42",0.25929016423244,0.00674041109946658,"LRRC42",0.217385102954207,0.0185871157508207
"ENSG00000116299","ELAPOR1",1.20399695465622,5.3843235416438e-10,"ELAPOR1",1.39837809726764,2.6170605021411e-14
"ENSG00000116337","AMPD2",0.332264897787406,0.0015576030293883,"AMPD2",0.300264016937128,0.00349621378062334
"ENSG00000116478","HDAC1",0.297835304560552,1.75336789034009e-07,"HDAC1",0.357989430936104,6.60570707565845e-11
"ENSG00000116489","CAPZA1",0.255729996645702,0.000473040444354434,"CAPZA1",0.255238034949338,0.000337086862571844
"ENSG00000116514","RNF19B",0.432920398682928,0.00176336276591187,"RNF19B",0.539366945933007,8.75148307381563e-05
"ENSG00000116586","LAMTOR2",0.49148218435535,0.000110473272157817,"LAMTOR2",0.311085346371234,0.0124732611522326
"ENSG00000116701","NCF2",0.381234930290731,0.0209359226946588,"NCF2",0.377018902577042,0.0189036520748482
"ENSG00000117054","ACADM",0.304376179816422,0.00218170848442811,"ACADM",0.266671584672235,0.00554135611311612
"ENSG00000117280","RAB29",0.305747212025456,0.00502203281834212,"RAB29",0.279278374297103,0.00869868047823174
"ENSG00000117335","CD46",0.52785245554663,2.09650517968805e-05,"CD46",0.522250191805944,2.56269179529752e-05
"ENSG00000117472","TSPAN1",0.664648401609901,0.00531484276366752,"TSPAN1",0.467272412105646,0.029957512562522
"ENSG00000117594","HSD11B1",1.03283545618459,9.05641641362013e-07,"HSD11B1",0.472346336520824,0.00750995161850703
"ENSG00000117616","RSRP1",0.334163000057039,0.02492075367752,"RSRP1",0.430779403011278,0.0039585976458458
"ENSG00000117676","RPS6KA1",0.298866930938063,0.0283502365763991,"RPS6KA1",0.586602701513365,2.56862016132744e-05
"ENSG00000117758","STX12",0.388791398275662,1.81628903481962e-05,"STX12",0.313572334703237,0.000579441593487277
"ENSG00000118292","C1orf54",0.618865221783413,0.0117319234071182,"C1orf54",0.638332777087046,0.0136096552131258
"ENSG00000118640","VAMP8",1.23835714028861,3.64295976763919e-05,"VAMP8",1.07249453485301,0.000663161136261342
"ENSG00000118873","RAB3GAP2",0.348851588221203,0.000182527758106154,"RAB3GAP2",0.315158649014261,0.000518990981544975
"ENSG00000119471","HSDL2",0.475616388653542,1.94322729824134e-08,"HSDL2",0.567309528841692,3.15412972151945e-12
"ENSG00000119522","DENND1A",0.270493203111241,0.0253206181479553,"DENND1A",0.409598942284469,0.000366096731405465
"ENSG00000119630","PGF",0.6799473308464,1.71975115957291e-06,"PGF",0.661841197394526,5.61643218939854e-06
"ENSG00000119632","IFI27L2",0.362034579129155,0.00436256144333005,"IFI27L2",0.279524184620064,0.0241713152821954
"ENSG00000119655","NPC2",0.310795615141135,0.00157731069749541,"NPC2",0.238187536605158,0.0143456401149552
"ENSG00000119899","SLC17A5",0.387887283075169,0.00391662600414926,"SLC17A5",0.469696226811298,0.000409906683580375
"ENSG00000120075","HOXB5",0.429314525524237,0.0023357864709269,"HOXB5",0.303033915192382,0.026190640216202
"ENSG00000120162","MOB3B",0.459191982389232,0.00528863265496844,"MOB3B",0.642885642287355,0.000281217166388707
"ENSG00000120217","CD274",0.353810733992669,0.0106735414119486,"CD274",0.480742709532376,0.000667376762891423
"ENSG00000120509","PDZD11",0.322261656716348,0.00051644910150722,"PDZD11",0.247963774180313,0.00698621539949419
"ENSG00000120725","SIL1",0.332724890237524,0.00355172778536716,"SIL1",0.514035152735729,9.33323626170312e-06
"ENSG00000120868","APAF1",0.365990718842617,0.00437642018282267,"APAF1",0.485625531089772,0.000107098195345507
"ENSG00000120889","TNFRSF10B",0.238244841482341,0.00746303216244475,"TNFRSF10B",0.320266189719453,0.000144453231091573
"ENSG00000121104","FAM117A",0.824861299409546,0.000202340718909014,"FAM117A",1.31078104802403,1.96599775577103e-05
"ENSG00000121680","PEX16",0.579183026706926,7.08587050542308e-05,"PEX16",0.306542341358018,0.0260062409856593
"ENSG00000121741","ZMYM2",0.515059845403329,3.60806312350568e-06,"ZMYM2",0.383163257893359,0.000456307188994008
"ENSG00000121851","POLR3GL",0.328923465119716,0.0114480928820173,"POLR3GL",0.420447802102083,0.00118319633681936
"ENSG00000121900","TMEM54",0.443163728178165,3.90833766161674e-05,"TMEM54",0.760864100139068,3.0510928984717e-12
"ENSG00000121931","LRIF1",0.290900966800207,0.00149110332873046,"LRIF1",0.210365902922663,0.013445294624025
"ENSG00000122218","COPA",0.387363494171697,5.06334978912386e-09,"COPA",0.244625344583682,0.000303602819995981
"ENSG00000122515","ZMIZ2",0.261989930013698,0.0275171439490188,"ZMIZ2",0.338129543571025,0.002523199527918
"ENSG00000122550","KLHL7",0.867531872450842,7.13183553616678e-08,"KLHL7",0.281526029669834,0.0492467535635336
"ENSG00000122882","ECD",0.161944243180117,0.0351963494919962,"ECD",0.290442519805279,1.65765450565783e-05
"ENSG00000123096","SSPN",0.434613657003878,0.0357228641648065,"SSPN",0.663991514038417,0.0159564356268425
"ENSG00000123130","ACOT9",0.271300819022997,0.00130370686425506,"ACOT9",0.199445188702847,0.0201480104265955
"ENSG00000123159","GIPC1",0.310190236349864,0.00490247854385229,"GIPC1",0.473969022261526,1.19301293307499e-05
"ENSG00000123240","OPTN",0.453161162175179,0.000409540888170761,"OPTN",0.335233478101932,0.00764756100532504
"ENSG00000123352","SPATS2",0.292399761351004,0.000723953295065114,"SPATS2",0.225563985971725,0.00947952014084183
"ENSG00000123384","LRP1",0.786665814863335,5.00510490702046e-05,"LRP1",0.896832046450688,6.70760467249013e-06
"ENSG00000123600","METTL8",0.255552022984101,0.00646401177747474,"METTL8",0.187095162147931,0.046633239184748
"ENSG00000124006","OBSL1",0.231967679488508,0.0352573512146767,"OBSL1",0.360308107420503,0.000365910567195155
"ENSG00000124067","SLC12A4",0.342152620742755,0.0223514687570932,"SLC12A4",0.289288111699172,0.0425288251943602
"ENSG00000124243","BCAS4",0.745634446626633,6.86602708951838e-10,"BCAS4",1.08778948410837,5.45799054302135e-18
"ENSG00000124380","SNRNP27",0.16542539098354,0.048457487420548,"SNRNP27",0.222693661509583,0.00387613736548424
"ENSG00000124570","SERPINB6",0.217856971882014,0.0200196462076651,"SERPINB6",0.249212266441803,0.00421058602295539
"ENSG00000124762","CDKN1A",1.08819203527841,2.87526715112588e-10,"CDKN1A",1.28570359250303,6.18075641809768e-14
"ENSG00000124839","RAB17",2.74347718359625,1.2859854116241e-05,"RAB17",1.43365361564319,0.000345525168296381
"ENSG00000125170","DOK4",1.06671715070898,3.90709656596399e-05,"DOK4",0.953549163324867,0.000662459391439207
"ENSG00000125354","SEPTIN6",0.804116314527557,1.19319624481993e-06,"SEPTIN6",1.11409233224309,1.66241259058475e-10
"ENSG00000125648","SLC25A23",0.582822848325067,4.59512531424787e-06,"SLC25A23",0.34160864368868,0.0067381250192253
"ENSG00000125657","TNFSF9",0.892084237988923,5.53133502169573e-09,"TNFSF9",1.5135123902902,7.09710931843334e-23
"ENSG00000125726","CD70",1.63788302917213,1.5928729474036e-12,"CD70",2.18088840160799,3.05895876604578e-22
"ENSG00000126070","AGO3",0.307498379402012,0.0058499873800083,"AGO3",0.27432007341373,0.0091094899450059
"ENSG00000126351","THRA",0.264358034996732,0.0169407150222323,"THRA",0.288583305293533,0.00471933975339572
"ENSG00000126458","RRAS",0.326243181169679,0.00767445562658502,"RRAS",0.357803613329665,0.00278236505683722
"ENSG00000126562","WNK4",0.367427806581004,0.0166324366472641,"WNK4",0.661020330591678,0.00013211854503302
"ENSG00000126878","AIF1L",0.674536059791903,0.00670097164969097,"AIF1L",0.717000299670518,0.00795962382782687
"ENSG00000127445","PIN1",0.225066606506343,0.0248378120168109,"PIN1",0.28951029775464,0.00179881829681995
"ENSG00000127663","KDM4B",0.430226684680938,0.000243847416601463,"KDM4B",0.69100230367707,1.00411598370526e-07
"ENSG00000127884","ECHS1",0.308090136213601,1.38604725714107e-06,"ECHS1",0.165831797490161,0.014675565132126
"ENSG00000127952","STYXL1",0.341310893051192,0.00253168621066708,"STYXL1",0.372460935946336,0.000737162639072469
"ENSG00000127955","GNAI1",0.3132981379971,0.0100515704276931,"GNAI1",0.246094339028967,0.038097521900792
"ENSG00000128335","APOL2",0.564487344062072,4.19136002705199e-06,"APOL2",0.322100569621692,0.0116777872614884
"ENSG00000128340","RAC2",0.213693280181954,0.0232733721353086,"RAC2",0.3307711868824,0.000145219933413001
"ENSG00000128739","SNRPN",0.467536542790095,6.77937409283995e-08,"SNRPN",0.42452950833449,2.58139024886199e-07
"ENSG00000128829","EIF2AK4",0.207818856127331,0.00138823300409252,"EIF2AK4",0.176587839099475,0.00571923900272858
"ENSG00000129003","VPS13C",0.300464246879465,0.0296182145418138,"VPS13C",0.333974588527732,0.0122540047828188
"ENSG00000129083","COPB1",0.464006902130873,3.28188499529102e-10,"COPB1",0.415557385111117,1.05268535787184e-08
"ENSG00000129116","PALLD",0.298902169368499,0.00461772488397487,"PALLD",0.491711557188931,1.25317718962493e-06
"ENSG00000129226","CD68",0.374961525442561,0.0320626788836352,"CD68",0.708429865088831,0.000812857744378883
"ENSG00000129315","CCNT1",0.294722116722997,0.00301163448345622,"CCNT1",0.446265625183848,2.43313677892654e-06
"ENSG00000129353","SLC44A2",0.396773100216205,0.00618384724817546,"SLC44A2",1.09320852688428,2.43559910091379e-07
"ENSG00000129559","NEDD8",0.245809874769208,0.0138680240284469,"NEDD8",0.195046661517275,0.0485001396247403
"ENSG00000129680","MAP7D3",0.195027678067286,0.0110219979585793,"MAP7D3",0.191844856761747,0.0104310395014623
"ENSG00000130005","GAMT",0.624177880448624,4.50753297985119e-07,"GAMT",0.769578138976246,7.29332100198409e-11
"ENSG00000130066","SAT1",0.531730278345263,3.26492918751446e-05,"SAT1",0.32440896435164,0.009975539578277
"ENSG00000130208","APOC1",0.665079186383083,0.000815476952418098,"APOC1",0.471915369116366,0.0072875212577131
"ENSG00000130304","SLC27A1",0.373595015298103,0.0344218783687933,"SLC27A1",0.607729167261702,0.00191765181163394
"ENSG00000130513","GDF15",1.05523892422707,1.39751524824757e-08,"GDF15",1.46388164771244,2.35185769997819e-15
"ENSG00000130517","PGPEP1",0.754404237776016,9.5142223206489e-06,"PGPEP1",0.63382037527715,0.0001983234109074
"ENSG00000130590","SAMD10",0.303739430755012,0.0204514936082421,"SAMD10",0.421215866006907,0.000818329630070953
"ENSG00000130703","OSBPL2",0.279749980886314,0.0101578663595763,"OSBPL2",0.579659287499301,7.17913619189225e-09
"ENSG00000130733","YIPF2",0.265527260519552,0.0233025568945557,"YIPF2",0.354318555387915,0.00154706109440078
"ENSG00000130770","ATP5IF1",0.381775166438568,9.96573572743344e-05,"ATP5IF1",0.283584831079358,0.00370378220781789
"ENSG00000130813","SHFL",0.547123050302039,0.000275121908924253,"SHFL",0.353999441585032,0.0140038782167012
"ENSG00000130827","PLXNA3",0.460293938484119,0.00414913242033542,"PLXNA3",0.445116399673223,0.00556115935927918
"ENSG00000130962","PRRG1",0.599382819828214,1.30086377732266e-08,"PRRG1",0.343821467414351,0.00165076582720536
"ENSG00000131080","EDA2R",0.705716503006457,7.21745357410738e-10,"EDA2R",0.78981664908821,3.76542700291357e-12
"ENSG00000131094","C1QL1",0.644948205937207,0.00460784362206042,"C1QL1",0.502540154309472,0.0119998251833444
"ENSG00000131171","SH3BGRL",0.427329111015485,0.00072369517599626,"SH3BGRL",0.282773064309774,0.0195640562533274
"ENSG00000131187","F12",0.335519309044912,0.0204370252141687,"F12",0.530611882203352,0.000193215389604743
"ENSG00000131558","EXOC4",0.366646161467765,0.000567832706154523,"EXOC4",0.270763725295124,0.0091094899450059
"ENSG00000131650","KREMEN2",0.729544078837109,0.00212237979245531,"KREMEN2",0.790470112333258,0.00115651072372343
"ENSG00000131669","NINJ1",0.349842736075757,0.00247808664839511,"NINJ1",0.388458315903913,0.000287928244189375
"ENSG00000131981","LGALS3",0.451878993051924,0.000109656779115549,"LGALS3",0.498951623158953,1.08967434315412e-05
"ENSG00000132185","FCRLA",0.777678827781169,0.00321414565608414,"FCRLA",1.39621903266723,0.00020940513112636
"ENSG00000132196","HSD17B7",0.704141772391797,0.000336381203046983,"HSD17B7",0.469525287362565,0.00923413579411147
"ENSG00000132256","TRIM5",0.510099357836422,4.23619343509773e-06,"TRIM5",1.16652218869918,2.90075207373555e-26
"ENSG00000132274","TRIM22",0.980654795149784,5.7173099025092e-07,"TRIM22",0.888900356468564,3.84755720352242e-06
"ENSG00000132357","CARD6",0.353340266874929,0.0150493375732245,"CARD6",0.408802359169684,0.00773442640332264
"ENSG00000132470","ITGB4",0.709846263795892,0.00445146396237909,"ITGB4",0.484614111054098,0.0190932625316891
"ENSG00000132561","MATN2",0.446811517478061,0.032565298025084,"MATN2",1.52364993528634,0.000134521816910411
"ENSG00000132563","REEP2",0.938845952614279,0.0012956071801526,"REEP2",2.52462980722659,5.11443681125448e-07
"ENSG00000132589","FLOT2",0.475288818431658,4.30809494001598e-06,"FLOT2",0.624183008784371,7.32117739035485e-10
"ENSG00000132613","MTSS2",0.355762518990076,0.00610916069457936,"MTSS2",0.303412722023977,0.0149211567806195
"ENSG00000132716","DCAF8",0.272471084681233,0.012504487262329,"DCAF8",0.214073044707063,0.0452230409733727
"ENSG00000132793","LPIN3",1.19424005952599,0.00198371183163577,"LPIN3",2.1922795117806,5.57569992420184e-05
"ENSG00000133138","TBC1D8B",0.458692393340975,0.00267765744535895,"TBC1D8B",0.327421800474841,0.0357729845279418
"ENSG00000133454","MYO18B",0.467083567204477,0.0253120001999304,"MYO18B",0.847944202435791,0.00472758927355562
"ENSG00000133805","AMPD3",0.769037615149774,3.29390580025228e-05,"AMPD3",0.76154350942421,9.26435666586978e-05
"ENSG00000133818","RRAS2",0.363816946936067,0.000348568803834156,"RRAS2",0.281013968501151,0.00613683977179755
"ENSG00000133858","ZFC3H1",0.258662551038335,0.00681856777165989,"ZFC3H1",0.358094031247824,6.66902612228116e-05
"ENSG00000133961","NUMB",0.292140323464532,0.000290977817199276,"NUMB",0.489425787676919,5.2630077807204e-11
"ENSG00000134072","CAMK1",0.472999148316512,0.000270239079727731,"CAMK1",0.578226339780122,9.53342191904222e-06
"ENSG00000134243","SORT1",0.616289284299963,0.000245381482394718,"SORT1",0.599104475016282,0.000204546096784179
"ENSG00000134287","ARF3",0.205029793667934,0.00228467698185546,"ARF3",0.220947816551932,0.000592411817185412
"ENSG00000134363","FST",0.796120710051461,1.56197662859479e-07,"FST",0.885173176530111,1.05268535787184e-08
"ENSG00000134574","DDB2",0.805566394812867,1.50990550970803e-22,"DDB2",1.19732258403988,1.54796093465705e-52
"ENSG00000134779","TPGS2",0.239198881789589,0.0110942216341642,"TPGS2",0.353800057129996,4.97540872958008e-05
"ENSG00000134824","FADS2",0.623752219707917,9.93090510970671e-05,"FADS2",0.518571769529014,0.00102806444525181
"ENSG00000135338","LCA5",0.399044197668309,0.0286578032389548,"LCA5",0.756654073834341,0.00262517861895655
"ENSG00000135414","GDF11",0.497345811792302,1.38604725714107e-06,"GDF11",0.332973030627299,0.00165517046299005
"ENSG00000135636","DYSF",0.638989093811475,9.39412738844196e-05,"DYSF",1.16630600534933,2.66324749761265e-08
"ENSG00000135679","MDM2",0.957470522794365,4.1645162328694e-11,"MDM2",1.20169828172155,7.19906461602688e-17
"ENSG00000135709","KIAA0513",1.13353839089517,3.10366564017056e-05,"KIAA0513",0.694403681063237,0.00456029478797651
"ENSG00000135778","NTPCR",0.512862384272225,5.08215969350217e-05,"NTPCR",0.429868669917807,0.000553767338245287
"ENSG00000135823","STX6",0.276755534792684,0.0143559801584136,"STX6",0.375227199788402,0.000487397385571181
"ENSG00000135974","C2orf49",0.537915432252719,1.29862152368666e-05,"C2orf49",0.370557673068232,0.00212501617400123
"ENSG00000136002","ARHGEF4",0.577726883951434,0.0167112854109529,"ARHGEF4",1.47662212823799,0.000798118534900625
"ENSG00000136003","ISCU",0.348481215925786,0.000344618055552934,"ISCU",0.341038597532463,0.000368714419783283
"ENSG00000136048","DRAM1",0.797843757903682,1.53135003144831e-13,"DRAM1",0.846573916476763,2.00803561622703e-15
"ENSG00000136114","THSD1",0.875170289551024,8.92940570661117e-09,"THSD1",1.36516254505469,3.75261687458633e-17
"ENSG00000136153","LMO7",0.676544140927979,2.42961536488756e-06,"LMO7",0.765191855469991,2.87031107882248e-07
"ENSG00000136261","BZW2",0.184003510727676,0.0400671779390752,"BZW2",0.21973833150264,0.0088669611898299
"ENSG00000136490","LIMD2",0.3583834752365,0.00464931457238952,"LIMD2",0.807557050896771,2.16943905173059e-10
"ENSG00000136531","SCN2A",0.903884467629152,3.9108960160808e-16,"SCN2A",0.694089822312919,1.03814744039581e-10
"ENSG00000136869","TLR4",0.451851317429661,0.00014154166500738,"TLR4",0.384603009140719,0.00159890441893296
"ENSG00000136928","GABBR2",0.423826457383673,0.0388260338064608,"GABBR2",1.48489394176269,0.000270612451990425
"ENSG00000137074","APTX",0.188275302929145,0.0282795447544653,"APTX",0.272565971741285,0.000582058887975704
"ENSG00000137393","RNF144B",0.698552143517214,8.69720030582727e-05,"RNF144B",0.826968728925899,4.73653050574125e-05
"ENSG00000137478","FCHSD2",0.301663222982407,0.018712193134334,"FCHSD2",0.428968045927338,0.000375780019778568
"ENSG00000137486","ARRB1",0.542492888212376,0.00251252460029662,"ARRB1",0.658870532170133,0.000641127788855159
"ENSG00000137502","RAB30",0.677176940634589,4.61321029295947e-05,"RAB30",0.628101314112615,0.000328682012898922
"ENSG00000137642","SORL1",0.663218503318967,0.00467759948778258,"SORL1",0.786120728272959,0.00114175654099677
"ENSG00000137767","SQOR",0.36824284359568,0.00451073695919007,"SQOR",0.299282651030658,0.0167326242159958
"ENSG00000137831","UACA",0.325622848142387,0.00422178683695124,"UACA",0.640403957425264,2.01274373821904e-08
"ENSG00000137942","FNBP1L",0.589901713674782,1.80616171173061e-06,"FNBP1L",0.70223277963872,2.40803510649344e-08
"ENSG00000138069","RAB1A",0.230347478422325,0.00597873927503127,"RAB1A",0.324563233003374,3.36896654107721e-05
"ENSG00000138138","ATAD1",0.264279426480441,0.00372328142203921,"ATAD1",0.244815329946829,0.00593365500185784
"ENSG00000138166","DUSP5",0.410733246565094,0.00279086375974449,"DUSP5",0.799492500643129,9.56320490209933e-08
"ENSG00000138271","GPR87",1.34363041833641,3.02387899245627e-12,"GPR87",1.79849698504248,5.72043626572858e-10
"ENSG00000138496","PARP9",0.293245100301074,0.0115755159650707,"PARP9",0.284197630287325,0.00871599187786353
"ENSG00000138594","TMOD3",0.234070480614425,0.0144815079018789,"TMOD3",0.280625680859367,0.00182444946089685
"ENSG00000138606","SHF",0.795691658943238,0.00494408765654558,"SHF",0.736387602657905,0.00968835300696571
"ENSG00000138674","SEC31A",0.319042437838179,0.00269406296754433,"SEC31A",0.731307927498639,2.87353857069418e-12
"ENSG00000138758","SEPTIN11",0.344038007668221,1.63728902346855e-07,"SEPTIN11",0.687958639802765,4.73764229706618e-28
"ENSG00000138771","SHROOM3",0.385888593989736,0.00069283833204094,"SHROOM3",0.576272241706926,3.74959038887445e-07
"ENSG00000138794","CASP6",0.216936637825753,0.0485518944158304,"CASP6",0.3060382401936,0.00181976807064515
"ENSG00000138801","PAPSS1",0.222312919014795,0.0215110542171543,"PAPSS1",0.220619012776624,0.0149141056484832
"ENSG00000139624","CERS5",0.544177631143092,1.57454466332775e-07,"CERS5",0.564699824792695,2.84982642914192e-08
"ENSG00000139625","MAP3K12",1.06462193483244,1.38143456480412e-07,"MAP3K12",0.678619080675423,0.000247151486802687
"ENSG00000139793","MBNL2",0.626262505716273,5.7793379430593e-08,"MBNL2",0.462138586881119,3.18334600759291e-05
"ENSG00000139880","CDH24",0.538336102123161,0.00629612830359598,"CDH24",0.552283494604404,0.00768515957629624
"ENSG00000139990","DCAF5",0.414576634554932,1.04682351121506e-05,"DCAF5",0.196359266445044,0.0448638903603013
"ENSG00000140464","PML",0.355646665091011,0.000130305194663827,"PML",0.357618625690049,5.34498994996114e-05
"ENSG00000141232","TOB1",1.03840810465705,6.02840816798489e-14,"TOB1",0.898126171014161,3.01285772601315e-10
"ENSG00000141295","SCRN2",0.32002485638681,0.0205308134109564,"SCRN2",0.376317536649386,0.0047431922697946
"ENSG00000141298","SSH2",0.345816016441959,0.00179119649789358,"SSH2",0.378619626055501,0.000281184372001634
"ENSG00000141425","RPRD1A",0.260926357989014,0.0032003918928057,"RPRD1A",0.205690085686567,0.0178819945882698
"ENSG00000141503","MINK1",0.384711323135753,0.0102063169223844,"MINK1",0.381182966558589,0.0104097016562162
"ENSG00000141562","NARF",0.536040731527158,1.7289397241551e-07,"NARF",0.271221921910489,0.00765239694902127
"ENSG00000141736","ERBB2",0.455152687529553,0.000843705528229226,"ERBB2",0.501755122801763,0.000400566071508458
"ENSG00000141741","MIEN1",0.287920616346913,0.00438164013384885,"MIEN1",0.250386133879476,0.0105250311621371
"ENSG00000141959","PFKL",0.224236742571111,0.0274267970054574,"PFKL",0.228609464765696,0.0161694878683619
"ENSG00000142192","APP",0.391934608276693,1.10732440621813e-07,"APP",0.211737122312984,0.00617405897263037
"ENSG00000142197","DOP1B",0.301496164816652,0.0329923534997233,"DOP1B",0.872810787760535,1.78246642957679e-09
"ENSG00000142552","RCN3",0.366550579625087,0.0100357520538759,"RCN3",0.312903873574817,0.0214855501696866
"ENSG00000142798","HSPG2",1.044949880666,2.72877734158172e-09,"HSPG2",0.97399906989384,9.96644201633205e-08
"ENSG00000142910","TINAGL1",0.380956140295403,0.00856195527509925,"TINAGL1",0.695075430713013,2.47887220053266e-05
"ENSG00000142949","PTPRF",0.20206058249451,0.0123783272879023,"PTPRF",0.253202915313496,0.000834402119254339
"ENSG00000143127","ITGA10",0.870306064570812,0.000417280716188453,"ITGA10",1.14514252636233,1.58306226862844e-05
"ENSG00000143164","DCAF6",0.322974318789088,0.000173897610174107,"DCAF6",0.30435522420007,0.000201159995564167
"ENSG00000143217","NECTIN4",2.00586642661079,6.96593095778172e-22,"NECTIN4",1.90512758577341,2.43744004676642e-19
"ENSG00000143344","RGL1",0.423589392761192,0.00693181414481056,"RGL1",0.37070549371939,0.0110773862024551
"ENSG00000143507","DUSP10",0.464737904868647,0.000871370836905609,"DUSP10",0.383489519994441,0.00427951793336701
"ENSG00000143537","ADAM15",0.50949348046043,8.69720030582727e-05,"ADAM15",0.493167333266151,0.00015640272271703
"ENSG00000143622","RIT1",0.473707439690375,0.00010073596336988,"RIT1",0.295178023898604,0.0136096552131258
"ENSG00000143774","GUK1",0.411706039063193,2.81268772808447e-06,"GUK1",0.22830310953993,0.0122267350806937
"ENSG00000143847","PPFIA4",0.721867572138075,0.00733907797967712,"PPFIA4",0.668940975491982,0.0137383178486914
"ENSG00000144048","DUSP11",0.305134398554071,0.0294892715258879,"DUSP11",0.280273395039321,0.0363822486247034
"ENSG00000144426","NBEAL1",0.253686905101321,0.0361199836188521,"NBEAL1",0.280473779318304,0.0137708295096677
"ENSG00000144452","ABCA12",2.15623068359891,0.000157642447227178,"ABCA12",0.512517977255243,0.0293190008982951
"ENSG00000144730","IL17RD",0.505402610418538,0.00286492308588483,"IL17RD",0.398113187964588,0.0120150341481783
"ENSG00000144746","ARL6IP5",0.290520218607464,0.00581072769989256,"ARL6IP5",0.254093137912319,0.0135756753869133
"ENSG00000144747","TMF1",0.270629075826535,0.00467759948778258,"TMF1",0.316733244978762,0.00049338111573039
"ENSG00000144821","MYH15",0.606711080916358,0.00210860241030934,"MYH15",1.19188101726933,5.11443681125448e-07
"ENSG00000144827","ABHD10",0.390275863918011,3.73892213786435e-05,"ABHD10",0.284073802662851,0.00262050509412736
"ENSG00000144908","ALDH1L1",0.366407868195619,0.0120621198145711,"ALDH1L1",0.412890445578929,0.00726974985206925
"ENSG00000144935","TRPC1",0.453617793916287,0.00268901288307005,"TRPC1",0.534789563471837,0.000587012648136717
"ENSG00000145284","SCD5",0.331855427156384,0.00209310910110419,"SCD5",0.602643163917825,2.03911079090423e-09
"ENSG00000145349","CAMK2D",0.398385905532579,0.00571928352217177,"CAMK2D",0.603474379518926,4.25845213394846e-05
"ENSG00000145431","PDGFC",0.476376890656964,2.98294084166729e-06,"PDGFC",1.00422091874147,9.61585212022248e-24
"ENSG00000145632","PLK2",0.602571616064306,5.53133502169573e-09,"PLK2",0.756299033496621,5.78106004440569e-13
"ENSG00000145715","RASA1",0.254558253887308,0.0273040518367712,"RASA1",0.953161300755916,1.39117077436503e-17
"ENSG00000146066","HIGD2A",0.213077759070802,0.0220952157522372,"HIGD2A",0.250443990129842,0.00439533151062641
"ENSG00000146197","SCUBE3",0.372508596152326,0.0310397175798036,"SCUBE3",0.811745989788224,9.16459060266575e-05
"ENSG00000147027","TMEM47",0.387667793900632,0.0335733778388468,"TMEM47",0.837944262168131,0.0040601657403177
"ENSG00000147123","NDUFB11",0.207369126321993,0.00410789548651638,"NDUFB11",0.162685064790933,0.023239155975346
"ENSG00000147383","NSDHL",0.437520736778976,0.000176501213990179,"NSDHL",0.521399465104713,1.00839354230523e-05
"ENSG00000147804","SLC39A4",0.424978888918252,7.04417809088415e-05,"SLC39A4",0.267264965204039,0.0100710780180674
"ENSG00000148180","GSN",0.845387073825171,1.79746559444853e-09,"GSN",0.776252622547718,8.3903499948665e-09
"ENSG00000148219","ASTN2",0.883185170255715,4.96417084659254e-08,"ASTN2",1.6748829099676,3.60407638080676e-25
"ENSG00000148341","SH3GLB2",0.20486440350704,0.0313921688498524,"SH3GLB2",0.445298087046589,1.763005000754e-07
"ENSG00000148541","FAM13C",0.829707656885157,0.00149382847526579,"FAM13C",1.32878157161194,4.62036877352076e-05
"ENSG00000148700","ADD3",0.335371265998296,0.0124278005883085,"ADD3",0.406556664763592,0.00213549944497471
"ENSG00000148908","RGS10",0.502293131674035,2.07143322934197e-06,"RGS10",0.387932263714508,0.000263869264762863
"ENSG00000148925","BTBD10",0.22646271894737,0.0114480928820173,"BTBD10",0.295230374546096,0.000393626201221055
"ENSG00000149260","CAPN5",0.402401900122976,0.00977703066287114,"CAPN5",0.377706491785374,0.0159715545465922
"ENSG00000149418","ST14",0.884542195929271,0.00498802679929486,"ST14",1.12335885459272,0.00271526212515048
"ENSG00000149761","NUDT22",0.253900985706103,0.00945414140715943,"NUDT22",0.312620091052199,0.00065569494830097
"ENSG00000149932","TMEM219",0.38704734051148,0.000453078391404506,"TMEM219",0.251217407134512,0.0213487851042366
"ENSG00000150961","SEC24D",0.345304375502599,0.00346774737797255,"SEC24D",0.493379683133159,1.36917116867262e-05
"ENSG00000150967","ABCB9",0.638866676898319,2.81507487704139e-05,"ABCB9",1.24700086959776,5.88900467887632e-16
"ENSG00000151090","THRB",0.609543266553876,0.00695406671878095,"THRB",0.673380486077061,0.00305430182544716
"ENSG00000151131","NOPCHAP1",0.273767996123226,0.00695690798191748,"NOPCHAP1",0.367615388367909,0.000159679380917885
"ENSG00000151135","TMEM263",0.425994150212881,1.52049103641876e-05,"TMEM263",0.376776934327118,8.09871613467491e-05
"ENSG00000151276","MAGI1",0.328219516483051,0.00808612054000083,"MAGI1",0.268799975443801,0.0219724128446529
"ENSG00000151748","SAV1",0.218043932696048,0.0355613776422872,"SAV1",0.26698804002459,0.00665496327187705
"ENSG00000152061","RABGAP1L",0.321130983582524,0.0263021169941986,"RABGAP1L",0.46655688315813,0.00114410684163177
"ENSG00000152229","PSTPIP2",0.920510074253225,5.41499342878025e-13,"PSTPIP2",1.13453140900568,9.92289203000636e-21
"ENSG00000152465","NMT2",0.337911594697981,0.00607840191320399,"NMT2",0.387297151211464,0.00147507281146622
"ENSG00000152779","SLC16A12",1.62774404103552,1.75336789034009e-07,"SLC16A12",0.797374503149101,0.0045225014170047
"ENSG00000153029","MR1",1.22910680124838,1.75235042140268e-05,"MR1",0.483209611502508,0.0297760865812554
"ENSG00000153214","TMEM87B",0.410012849828605,0.000198212309129261,"TMEM87B",0.378905483898797,0.000536771572743162
"ENSG00000153237","CCDC148",2.19450119576018,4.6667776650547e-15,"CCDC148",2.15340219029893,3.0808468673665e-14
"ENSG00000153558","FBXL2",0.4279143031965,0.0195910313143854,"FBXL2",0.543470487961315,0.00724588930101824
"ENSG00000153815","CMIP",0.517610177739339,1.1576197820412e-08,"CMIP",0.274164535795722,0.00304423406869708
"ENSG00000153944","MSI2",0.54277078620586,8.09927747647426e-09,"MSI2",0.862287879899702,1.5068637426847e-20
"ENSG00000154102","C16orf74",0.353507488577835,0.00368273597872782,"C16orf74",0.342982395692938,0.00425664798604212
"ENSG00000154310","TNIK",0.419951954775979,0.00293850644745005,"TNIK",0.377664246949649,0.00627019578267989
"ENSG00000154380","ENAH",0.264390839446948,0.0115799433445028,"ENAH",0.42837532690926,1.80414918264557e-05
"ENSG00000154767","XPC",0.331763001982667,0.00112808830967196,"XPC",0.708222345078739,3.82090769936428e-13
"ENSG00000155324","GRAMD2B",0.938550830077775,1.03639850507073e-05,"GRAMD2B",1.33500718664917,1.07118378525615e-09
"ENSG00000155363","MOV10",0.426030808750432,0.000642370198094217,"MOV10",0.323292996157399,0.00727986541228058
"ENSG00000155366","RHOC",0.419462660970187,0.000124622487136127,"RHOC",0.5898514834702,9.56320490209933e-08
"ENSG00000155621","C9orf85",0.404175900973883,0.00163961837904667,"C9orf85",0.455883880486645,0.000316480034569628
"ENSG00000156110","ADK",0.370867291587919,0.000119509126623183,"ADK",0.34593904101258,0.000210469970556154
"ENSG00000156299","TIAM1",0.329178551080268,0.0161842240372129,"TIAM1",0.554081280539775,0.000372535059459512
"ENSG00000156515","HK1",0.178636340741155,0.0412605214009893,"HK1",0.499269976846475,1.1436691923289e-10
"ENSG00000156535","CD109",0.313121519074454,0.00309709301791463,"CD109",0.51382262924299,1.35536061093669e-07
"ENSG00000156671","SAMD8",0.266273202430574,0.0318916009707997,"SAMD8",0.325463111014271,0.00578017031467079
"ENSG00000156675","RAB11FIP1",0.358802049404907,0.000493027567783619,"RAB11FIP1",0.32028973095408,0.00122345566508372
"ENSG00000157064","NMNAT2",0.735037944457589,2.71832369049353e-06,"NMNAT2",0.502297010056355,0.000891234655514301
"ENSG00000157168","NRG1",0.412640851724302,0.00109243735955027,"NRG1",0.467156326234631,0.000225136626106157
"ENSG00000157379","DHRS1",0.528778857181576,3.90876811399393e-06,"DHRS1",0.606680161296796,1.54824503231553e-07
"ENSG00000157483","MYO1E",0.313707518210108,0.00121728175515773,"MYO1E",0.738274777531605,5.75149483921632e-15
"ENSG00000157873","TNFRSF14",0.557743232773652,0.00244920180107153,"TNFRSF14",0.771277790616071,0.000147463815642906
"ENSG00000158258","CLSTN2",0.367479986466189,0.0485991477408105,"CLSTN2",0.717063741962638,0.00916901248727384
"ENSG00000158555","GDPD5",0.420028865580128,0.00272445366769698,"GDPD5",0.289175480153577,0.0339664432155442
"ENSG00000158604","TMED4",0.212721207180102,0.0263597543183621,"TMED4",0.235072041212135,0.00836008732626146
"ENSG00000158715","SLC45A3",0.303835766118508,0.03655720900029,"SLC45A3",0.483525291448771,0.00107160575646415
"ENSG00000158769","F11R",0.514271782545054,0.000169893293737713,"F11R",0.649095788217115,3.19526509394598e-05
"ENSG00000158825","CDA",0.608201576364507,2.72364535947811e-06,"CDA",0.464276164234857,0.000247906419430521
"ENSG00000158856","DMTN",0.837913458249161,0.00128897131268447,"DMTN",1.3174545938154,6.05632484229191e-07
"ENSG00000159214","CCDC24",0.488699455163232,0.0071552414683487,"CCDC24",0.385343951779729,0.0257593095638133
"ENSG00000159231","CBR3",0.317299073660533,0.0294892715258879,"CBR3",0.623756300656444,3.21746293742455e-05
"ENSG00000159388","BTG2",1.26094505228109,7.94197928461878e-10,"BTG2",1.81062712816651,1.3098688299711e-19
"ENSG00000159685","CHCHD6",0.332193051103938,0.0119471079494033,"CHCHD6",0.399114858390187,0.00222771839767258
"ENSG00000159753","CARMIL2",0.489703308856555,0.00151735390961216,"CARMIL2",0.529539469913368,0.000627439603615236
"ENSG00000160013","PTGIR",0.384564433405149,0.0474941878009786,"PTGIR",0.784928246136327,0.00358818758909509
"ENSG00000160049","DFFA",0.368092451255563,1.45934791571128e-09,"DFFA",0.319588797937241,2.17003762017478e-07
"ENSG00000160194","NDUFV3",0.220125734071719,0.00809611144658605,"NDUFV3",0.178210044782361,0.0311926797648929
"ENSG00000160271","RALGDS",0.482922271055137,0.0022297591738385,"RALGDS",0.585117897572117,0.000475506779002297
"ENSG00000160284","SPATC1L",0.352354666536528,0.0324491522945469,"SPATC1L",0.861902524630898,2.67634408505954e-05
"ENSG00000160326","SLC2A6",0.396120709849759,0.0344218783687933,"SLC2A6",0.655748820431243,0.00755462164139717
"ENSG00000160360","GPSM1",0.396235234465909,0.00398819768981935,"GPSM1",0.583544068566614,6.58389371839882e-05
"ENSG00000160469","BRSK1",0.832761258401586,1.52049103641876e-05,"BRSK1",0.774344989356679,0.000150209154773989
"ENSG00000160685","ZBTB7B",0.438470617605073,0.0112851780489867,"ZBTB7B",0.418759206247105,0.0124732611522326
"ENSG00000160691","SHC1",0.245312102819029,0.0106525559228177,"SHC1",0.282614337821828,0.00213808557594107
"ENSG00000160752","FDPS",0.308896047890345,0.0194995112795041,"FDPS",0.401450126317119,0.00195763172493697
"ENSG00000160767","ENTREP3",0.273180869830918,0.0154935262855832,"ENTREP3",0.464071494710255,2.66729554702077e-05
"ENSG00000160932","LY6E",0.380813635018106,2.97194490969102e-05,"LY6E",0.222884948126251,0.0163993961650089
"ENSG00000160948","VPS28",0.241735415850314,0.0394905126183403,"VPS28",0.253106170866518,0.0225332184371674
"ENSG00000161249","DMKN",0.548710213407198,1.04650764670105e-07,"DMKN",0.601802711688352,8.41643553725257e-10
"ENSG00000161509","GRIN2C",2.20856834394176,3.14712655746037e-05,"GRIN2C",2.21107625289679,8.36283889302514e-05
"ENSG00000161513","FDXR",1.36112425621514,2.84910509415634e-18,"FDXR",1.89990420755603,1.8401189864691e-36
"ENSG00000161533","ACOX1",0.329495674948063,0.00259093457896706,"ACOX1",0.325544563605066,0.00207070555377231
"ENSG00000161544","CYGB",0.844273542170907,0.00340572260328354,"CYGB",0.712055069373268,0.00425863006691198
"ENSG00000161682","FAM171A2",0.415218775647957,0.00956032292896598,"FAM171A2",0.470411450496139,0.00355676851787972
"ENSG00000161714","PLCD3",0.445752791345876,7.98852028048062e-05,"PLCD3",0.82686613234854,1.66422655071927e-13
"ENSG00000162139","NEU3",0.473924932125209,1.57941573602389e-06,"NEU3",0.441655250046679,8.31790076137937e-06
"ENSG00000162236","STX5",0.358459549642683,0.00185727619503655,"STX5",0.377996587704758,0.000683528609485181
"ENSG00000162337","LRP5",0.361469636015241,0.015120491216998,"LRP5",0.502115121736385,0.000800930107129109
"ENSG00000162378","ZYG11B",0.195538552124056,0.0492423358767934,"ZYG11B",0.215748328621183,0.0194015338975384
"ENSG00000162616","DNAJB4",0.349479223821381,0.0278404264962392,"DNAJB4",0.566191853671412,0.000834402119254339
"ENSG00000162627","SNX7",0.433329351539186,9.26268555063215e-05,"SNX7",0.669878921304573,1.38327071811348e-09
"ENSG00000162645","GBP2",0.572422080093619,0.00318294932927363,"GBP2",0.696001316556704,0.00165517046299005
"ENSG00000162817","C1orf115",0.725199909719134,0.00149263210662889,"C1orf115",0.538938450059273,0.00972968363442953
"ENSG00000162981","LRATD1",0.513442889490906,0.00409919492086575,"LRATD1",1.65616328749273,3.90619983282267e-13
"ENSG00000163071","SPATA18",0.637515514154566,0.00716286468517905,"SPATA18",1.10239258430349,0.000212336701222927
"ENSG00000163162","RNF149",0.251182902159461,0.02492075367752,"RNF149",0.327211712492733,0.00187329414434647
"ENSG00000163235","TGFA",1.08888031770393,3.5670832426016e-14,"TGFA",1.00759522768958,4.27333929834541e-13
"ENSG00000163328","GPR155",1.12851240919527,1.47080518323532e-12,"GPR155",1.25178858831087,3.61534729822215e-12
"ENSG00000163430","FSTL1",0.518230545849447,2.55920591632519e-07,"FSTL1",0.377204015284402,0.000158914535238216
"ENSG00000163466","ARPC2",0.154359085406748,0.029126220343342,"ARPC2",0.320947942224313,2.43559910091379e-07
"ENSG00000163479","SSR2",0.399256656133925,3.71393933402525e-06,"SSR2",0.202996475650318,0.0248716865521594
"ENSG00000163516","ANKZF1",0.246822423841531,0.0232218411527698,"ANKZF1",0.244118971758903,0.0193084257876143
"ENSG00000163637","PRICKLE2",0.419514605464794,0.00314385979733976,"PRICKLE2",0.492612116468365,0.000154284782311044
"ENSG00000163644","PPM1K",0.305060934253426,0.03281909636768,"PPM1K",0.347380835419549,0.0298267950449822
"ENSG00000163659","TIPARP",0.309331055685372,0.00575595904180248,"TIPARP",0.317234100194222,0.00299031978672362
"ENSG00000163661","PTX3",0.341879723153709,0.020634527893901,"PTX3",0.31756579897972,0.0266691678913137
"ENSG00000163702","IL17RC",0.676410249677362,0.00223271628507438,"IL17RC",0.48315930010103,0.0162769895356904
"ENSG00000163947","ARHGEF3",0.43898406439108,0.00546217678707164,"ARHGEF3",0.87469629054185,1.5060089585787e-06
"ENSG00000164050","PLXNB1",0.357113973809909,0.0369211728534283,"PLXNB1",0.37800387436348,0.0214213325967956
"ENSG00000164062","APEH",0.282195173162167,0.00179654875493405,"APEH",0.306668475375995,0.000277038514139221
"ENSG00000164144","ARFIP1",0.219867175006559,0.0458415982965991,"ARFIP1",0.214356702515223,0.0353128214974184
"ENSG00000164211","STARD4",0.658281175048918,7.3013488833195e-05,"STARD4",0.430677701924119,0.00600376734308469
"ENSG00000164236","ANKRD33B",0.291795765082398,0.0373056486182757,"ANKRD33B",0.432556008881084,0.00221317502451695
"ENSG00000164237","CMBL",0.88381239255982,3.34679400413402e-18,"CMBL",0.97298636326427,4.76324332388153e-23
"ENSG00000164291","ARSK",0.328614918528779,0.00174245221070442,"ARSK",0.426075224476127,2.63802692886669e-05
"ENSG00000164463","CREBRF",0.352314797812102,0.0206163720706813,"CREBRF",0.363668903768,0.015625697372711
"ENSG00000164543","STK17A",0.351107388364948,0.00026595015242135,"STK17A",0.341191280109035,0.000276178373110889
"ENSG00000164615","CAMLG",0.440456472278009,6.80957829508976e-05,"CAMLG",0.360599000442969,0.00103711999792397
"ENSG00000164877","MICALL2",0.876836139390456,1.10875083072902e-05,"MICALL2",0.419044399837349,0.0133271362087493
"ENSG00000164885","CDK5",0.350275157873253,0.00213483993970276,"CDK5",0.349051083845095,0.00153049967840977
"ENSG00000164938","TP53INP1",1.36362404472786,4.68358604373448e-13,"TP53INP1",1.17505178735332,9.69364965688711e-10
"ENSG00000165171","METTL27",0.331952556649463,0.0492196148820001,"METTL27",0.397082670455441,0.0202572452341367
"ENSG00000165434","PGM2L1",0.561347611609693,7.71586354595424e-05,"PGM2L1",0.370718025562772,0.00570448287732941
"ENSG00000165458","INPPL1",0.280920830835746,0.021812267420037,"INPPL1",0.308657252498148,0.00869690586378435
"ENSG00000165476","REEP3",0.267423481720996,0.00439077013626431,"REEP3",0.374496748204428,1.69804555419116e-05
"ENSG00000165507","DEPP1",0.667968071074899,0.00692692104427013,"DEPP1",1.1668233154994,0.000627439603615236
"ENSG00000165644","COMTD1",0.452512062745607,0.00124790430141433,"COMTD1",0.423254285106806,0.00248445780541292
"ENSG00000165795","NDRG2",0.693486452247601,0.000270239079727731,"NDRG2",0.835705935493468,1.69248892147217e-05
"ENSG00000165804","ZNF219",0.536033018046288,1.47247808252799e-05,"ZNF219",0.948641758639147,3.67766105372887e-16
"ENSG00000166049","PASD1",0.3322693425793,7.00699625914571e-07,"PASD1",0.33223840021432,3.51148994099614e-07
"ENSG00000166128","RAB8B",0.314936344329457,0.00677479200850953,"RAB8B",0.316335743286474,0.00533522247874602
"ENSG00000166130","IKBIP",0.329225955783186,0.000762594752610431,"IKBIP",0.414124018289469,1.23030046668852e-05
"ENSG00000166136","NDUFB8",0.337765331645905,0.00145486024746544,"NDUFB8",0.212953137111688,0.0471200319268952
"ENSG00000166171","DPCD",0.395047862905697,0.00112322557380185,"DPCD",0.269816139573906,0.025153228944205
"ENSG00000166228","PCBD1",0.287811486478225,0.0263708472028083,"PCBD1",0.446161534589159,0.000724009196037987
"ENSG00000166272","WBP1L",0.473529534893911,2.0374153254896e-08,"WBP1L",0.253836356279208,0.00337931947622082
"ENSG00000166289","PLEKHF1",0.429422120607174,0.00417968154329907,"PLEKHF1",0.503394418470543,0.000607255528760554
"ENSG00000166831","RBPMS2",0.464897413095089,0.0164429104488662,"RBPMS2",1.12228007383361,3.3230208007439e-05
"ENSG00000166888","STAT6",0.164177075995263,0.035722965241793,"STAT6",0.187085852026833,0.00816394272439567
"ENSG00000167083","GNGT2",1.04535312774946,5.51071052062493e-05,"GNGT2",0.636858987586962,0.0032743711288526
"ENSG00000167105","TMEM92",1.09989735292474,0.000173994816788713,"TMEM92",1.29667009829815,5.59221998177367e-06
"ENSG00000167107","ACSF2",1.36649482231943,1.4647993565641e-07,"ACSF2",0.79380936248595,0.0012733845528283
"ENSG00000167123","CERCAM",0.469152027686135,3.50605580422282e-05,"CERCAM",0.366187451253026,0.000617785736933755
"ENSG00000167196","FBXO22",0.538672698890343,1.53931840978837e-09,"FBXO22",0.552656826426303,1.8345325413868e-10
"ENSG00000167397","VKORC1",0.203856253902086,0.0388914716346355,"VKORC1",0.319088322719234,0.000370130857457908
"ENSG00000167468","GPX4",0.240213134396462,0.0237939312764627,"GPX4",0.278886988743694,0.00549166031405789
"ENSG00000167535","CACNB3",0.407025002879354,0.00201108289035507,"CACNB3",0.27760459925615,0.0327036741671263
"ENSG00000167552","TUBA1A",0.710115880053076,0.00213489580691242,"TUBA1A",0.437557817999633,0.0283498910582614
"ENSG00000167656","LY6D",0.524606911377375,0.0151370284630158,"LY6D",2.27212595127701,5.84158161956606e-05
"ENSG00000167702","KIFC2",0.311314344580053,0.0460604852855258,"KIFC2",0.636430917625098,8.27448719962928e-05
"ENSG00000167733","HSD11B1L",0.682387295645175,0.00137044363304731,"HSD11B1L",0.364858535801503,0.0483641367126379
"ENSG00000167779","IGFBP6",0.28162133450209,0.0455937474010258,"IGFBP6",0.660551546682697,1.31270324974056e-05
"ENSG00000167861","HID1",1.49864881682489,0.000932779892831428,"HID1",1.08613347021056,0.0030148885560437
"ENSG00000167904","TMEM68",0.413734272021856,0.00243860075086063,"TMEM68",0.303713421442666,0.0229887999021641
"ENSG00000167964","RAB26",0.737978465457356,0.00502203281834212,"RAB26",0.769141812218803,0.00601269364882887
"ENSG00000168067","MAP4K2",0.474808116736543,0.00123134121643563,"MAP4K2",0.767421167341633,8.64997951199518e-07
"ENSG00000168135","KCNJ4",1.10473203810412,0.00176223277213281,"KCNJ4",2.07002037075657,3.6952110607926e-06
"ENSG00000168453","HR",0.396073273685304,0.0476087508162902,"HR",0.973616006771872,0.00198867670375415
"ENSG00000168497","CAVIN2",2.88802765743838,2.27835539057571e-06,"CAVIN2",0.525360734264414,0.0224279313960663
"ENSG00000168528","SERINC2",1.00604215315665,1.59258831378345e-14,"SERINC2",0.363774280327368,0.00346962398854228
"ENSG00000168610","STAT3",0.374836864602246,1.61942078200399e-05,"STAT3",0.656232982126688,1.14815981929418e-14
"ENSG00000168785","TSPAN5",0.320641108429298,0.00355475063437187,"TSPAN5",0.578494889121358,9.35837600307818e-08
"ENSG00000168824","NSG1",0.69574646032034,0.00830150271768091,"NSG1",1.55963479563088,0.000633113110493317
"ENSG00000168894","RNF181",0.579053683971969,1.19434015571754e-07,"RNF181",0.284524138868284,0.00898441334466856
"ENSG00000168918","INPP5D",0.592266431783688,0.00468857723341847,"INPP5D",1.3260570379825,5.97968602705055e-06
"ENSG00000168961","LGALS9",1.52106818807131,2.14394180615895e-05,"LGALS9",1.44346573270735,1.90636960339659e-05
"ENSG00000169118","CSNK1G1",0.294206806507908,0.00201108289035507,"CSNK1G1",0.528907280502898,3.87836581615496e-09
"ENSG00000169169","CPT1C",1.2545421179798,0.00177493726090518,"CPT1C",0.615143879746153,0.0194352024048664
"ENSG00000169299","PGM2",0.238770515324246,0.0255623888557903,"PGM2",0.362546282263506,0.000309637810025371
"ENSG00000169599","NFU1",0.283743803904574,0.00679572029461489,"NFU1",0.222946637500608,0.0297839849996407
"ENSG00000169733","RFNG",0.430281131271759,0.000327180107321769,"RFNG",0.38968025157552,0.000966740824247158
"ENSG00000169738","DCXR",0.341684756827523,0.00208386844667303,"DCXR",0.243099430901576,0.0261794260426669
"ENSG00000169750","RAC3",1.00129839064676,1.5107937031463e-06,"RAC3",0.401121935617008,0.0140654670060246
"ENSG00000169992","NLGN2",0.458275297866802,0.00130934629174636,"NLGN2",0.773076017301204,8.4606169321521e-07
"ENSG00000170017","ALCAM",0.281026568782683,0.0108178434401796,"ALCAM",0.502111748925448,2.38674030983339e-06
"ENSG00000170043","TRAPPC1",0.383801070682346,0.00021925320703935,"TRAPPC1",0.327077493904984,0.00150112852749306
"ENSG00000170142","UBE2E1",0.250540253214671,0.0101578663595763,"UBE2E1",0.197133280083722,0.0420916726536366
"ENSG00000170421","KRT8",0.424371013171878,0.000543623100676348,"KRT8",0.292461231951341,0.0162909904284357
"ENSG00000170606","HSPA4",0.146315821162408,0.010283158721964,"HSPA4",0.157148237526854,0.00439660808410192
"ENSG00000170734","POLH",0.527737937401588,2.07143322934197e-06,"POLH",0.912342327614905,8.43496744569431e-16
"ENSG00000170836","PPM1D",0.506086388194414,0.000171790194346768,"PPM1D",0.937590776006151,1.6575177073612e-11
"ENSG00000170855","TRIAP1",0.443701627062146,0.000108266362209022,"TRIAP1",0.546205508501013,2.43313677892654e-06
"ENSG00000170889","RPS9",0.348865989502935,0.000810988213028207,"RPS9",0.32812144719013,0.00134867344751357
"ENSG00000171033","PKIA",0.377801960227064,0.000392009329945064,"PKIA",0.865687097743481,2.56026841000663e-18
"ENSG00000171174","RBKS",0.812064138874101,0.00210735526495735,"RBKS",0.643969292194769,0.0112247820629195
"ENSG00000171388","APLN",0.395328766066717,0.0291919204723581,"APLN",0.633345535453709,0.0049542580714406
"ENSG00000171444","MCC",0.629355391662359,1.80616171173061e-06,"MCC",0.625193187489992,7.62405314294639e-07
"ENSG00000171552","BCL2L1",0.554814217095006,5.63661100858258e-05,"BCL2L1",0.786340723097682,8.54276474392478e-08
"ENSG00000171889","MIR31HG",0.596939384810727,0.00309599426277712,"MIR31HG",0.755606932069044,0.000246071920987314
"ENSG00000172037","LAMB2",0.586594223296322,1.9325304799627e-05,"LAMB2",0.375555613309954,0.00405132767009856
"ENSG00000172053","QARS1",0.365892288781378,5.3795754572824e-06,"QARS1",0.36705041177889,2.88721799119801e-06
"ENSG00000172270","BSG",0.285073568944218,0.000821790148579436,"BSG",0.248809371566369,0.00285584728021773
"ENSG00000172493","AFF1",0.411969346554163,0.00124789288895098,"AFF1",0.292749704168642,0.0188808004536014
"ENSG00000172638","EFEMP2",0.457152281515189,0.000353545436837509,"EFEMP2",0.385570120781843,0.00173270167572106
"ENSG00000172667","ZMAT3",0.45735134601476,0.000135860679130264,"ZMAT3",0.544512956805612,8.2171025385446e-06
"ENSG00000172725","CORO1B",0.34390874244629,0.00142645200883311,"CORO1B",0.225115581434879,0.0387246442195215
"ENSG00000172731","LRRC20",0.685810181265696,0.00252458549921903,"LRRC20",0.552812775998891,0.00996512797075439
"ENSG00000172889","EGFL7",0.368934026336156,0.0352475280343354,"EGFL7",0.587250098088062,0.0050508299840364
"ENSG00000172890","NADSYN1",0.693749723849998,2.01467511659062e-08,"NADSYN1",0.552591894198459,5.19808617187213e-06
"ENSG00000173267","SNCG",0.670032910815758,0.00114043193974894,"SNCG",1.27686303562825,2.25385928966177e-06
"ENSG00000173546","CSPG4",1.38170275326754,1.23271077043301e-16,"CSPG4",1.96324192361996,1.82377669624712e-35
"ENSG00000173559","NABP1",0.701199144119174,6.28024909233157e-08,"NABP1",0.370899797274672,0.00303081460877194
"ENSG00000173614","NMNAT1",0.504656027037009,0.0018244886228842,"NMNAT1",0.440979733237798,0.00539200956886999
"ENSG00000173706","HEG1",0.267388128647055,0.0132606432510971,"HEG1",0.295377435242323,0.00434591420446751
"ENSG00000173727",NA,1.25849195849033,1.93975400439437e-16,NA,0.819628813192595,2.35859276880186e-07
"ENSG00000173801","JUP",0.712967309011414,0.000762692769437963,"JUP",0.514850611454728,0.00698462443244334
"ENSG00000173846","PLK3",0.382572659609203,0.00212318075650374,"PLK3",0.678341804418228,1.27265583350725e-07
"ENSG00000173926","MARCHF3",0.695392767394427,7.20424848375757e-05,"MARCHF3",0.950861636986664,1.63712075263297e-06
"ENSG00000174282","ZBTB4",0.267281321631171,0.0253206181479553,"ZBTB4",0.497279228682547,1.34058068804371e-05
"ENSG00000174307","PHLDA3",0.27746060852269,0.0394028776396245,"PHLDA3",0.611917679412469,8.40856317254474e-06
"ENSG00000174574","AKIRIN1",0.37890819586071,6.24550111173308e-07,"AKIRIN1",0.187048666287732,0.0220442191029047
"ENSG00000174684","B4GAT1",0.473302891614771,1.40917613786346e-05,"B4GAT1",0.889820242865715,4.41338281574765e-17
"ENSG00000174871","CNIH2",0.651618512806088,0.00248119938949754,"CNIH2",1.45890924152592,5.11443681125448e-07
"ENSG00000175105","ZNF654",0.467060450346817,0.000131208437725297,"ZNF654",0.467366093240089,0.000160586994554096
"ENSG00000175600","SUGCT",1.9154086910842,6.13530171770201e-25,"SUGCT",1.76333801052447,1.41338077649527e-20
"ENSG00000175634","RPS6KB2",0.249079229141537,0.0268720281507646,"RPS6KB2",0.306160334387584,0.00456640616575035
"ENSG00000175662","TOM1L2",0.395873767375904,0.00461772488397487,"TOM1L2",0.664094259112329,9.05890996051237e-06
"ENSG00000175938","ORAI3",0.506908285604523,0.00341175628767218,"ORAI3",0.578089462079536,0.00170804434526747
"ENSG00000176040","TMPRSS7",1.43408354090547,0.000271404538979349,"TMPRSS7",1.64343691928485,0.000192040624204134
"ENSG00000176092","CRYBG2",1.45829895278995,0.000244569797868425,"CRYBG2",0.97348817959578,0.00436691196466903
"ENSG00000176105","YES1",0.236911284821265,0.0121552597566377,"YES1",0.473166858444881,5.61364902028787e-08
"ENSG00000176171","BNIP3",0.572205122996235,0.000109665537951362,"BNIP3",0.366356558460915,0.00983469375614338
"ENSG00000176912",NA,0.464139262742228,0.00762444090549179,NA,0.384174129939551,0.0218160848341465
"ENSG00000177106","EPS8L2",1.29711980056678,5.51214100775521e-10,"EPS8L2",1.64076830028759,5.03555746549531e-16
"ENSG00000177700","POLR2L",0.287322065795394,0.000179485478338848,"POLR2L",0.340315772889096,3.60252528807948e-06
"ENSG00000178031","ADAMTSL1",1.26068492718132,0.000116130316727611,"ADAMTSL1",0.986296015840008,0.00203297936878228
"ENSG00000178078","STAP2",0.397285311189383,0.0368115342803307,"STAP2",1.17130971389071,9.49865381307247e-05
"ENSG00000178149","DALRD3",0.356692034368077,0.00424478464046606,"DALRD3",0.418766035530623,0.000454730036607972
"ENSG00000178184","PARD6G",0.498481688670342,0.00187363450923381,"PARD6G",0.80037544912561,3.63965183221439e-06
"ENSG00000178585","CTNNBIP1",0.476558848744972,0.000166231984242247,"CTNNBIP1",0.281819107953627,0.0198458954618041
"ENSG00000178719","GRINA",0.26414820201958,0.0117147864869554,"GRINA",0.356523807672604,0.000394940047256914
"ENSG00000179046","TRIML2",0.433319276082318,0.007589220349506,"TRIML2",1.62576458400401,1.06735057680036e-06
"ENSG00000179163","FUCA1",1.25547957475089,1.51718721907978e-09,"FUCA1",0.504993719856214,0.00181477933473497
"ENSG00000179218","CALR",0.266151585757401,0.0167755924889898,"CALR",0.421001500222029,7.35011105617135e-05
"ENSG00000180104","EXOC3",0.298581381726283,0.000294480335986422,"EXOC3",0.234405256670862,0.00402038775287493
"ENSG00000180155","LYNX1",1.07354707059984,0.00280554498590849,"LYNX1",2.16050247850925,4.56773851835558e-07
"ENSG00000180304","OAZ2",0.274410613387335,0.00390637686111569,"OAZ2",0.343831439233674,0.000158675743545081
"ENSG00000180354","MTURN",0.527434421539709,0.000412224329292645,"MTURN",0.432253467083687,0.0133292654508111
"ENSG00000180921","FAM83H",3.51389724514328,2.22620511005236e-07,"FAM83H",0.594637082783616,0.0172322400289877
"ENSG00000181104","F2R",0.51793421603994,0.00131320538353322,"F2R",0.40900617265622,0.00832147125268818
"ENSG00000181513","ACBD4",0.624277695904711,0.00417968154329907,"ACBD4",0.352645922453703,0.0494659298042293
"ENSG00000181523","SGSH",0.370741175344625,0.0115755159650707,"SGSH",0.483031105567567,0.00627019578267989
"ENSG00000181666","ZNF875",0.332214153604267,0.0253989789208919,"ZNF875",0.293661326906493,0.0397881049497591
"ENSG00000181789","COPG1",0.386545159978077,0.00085117245122283,"COPG1",0.305885219193255,0.00762353303476477
"ENSG00000182165","TP53TG1",0.445851243070992,0.00929163095012226,"TP53TG1",0.884317691394234,4.49286294409441e-05
"ENSG00000182179","UBA7",0.429622477838269,0.0197144775281995,"UBA7",0.510863520200555,0.00708935334916746
"ENSG00000182195","LDOC1",0.249823404742645,0.00440777798931886,"LDOC1",0.23329992332574,0.00580993644559296
"ENSG00000182220","ATP6AP2",0.397148291948492,1.60917819671127e-05,"ATP6AP2",0.334947980133275,0.000216393934197235
"ENSG00000182272","B4GALNT4",0.328563847010713,0.0483935097329129,"B4GALNT4",1.22196164364323,0.00058624027686576
"ENSG00000182568","SATB1",0.34285409919418,0.0106602458216689,"SATB1",0.348585797699651,0.00763680553746672
"ENSG00000182612","TSPAN10",0.806134763186235,0.000185618467964045,"TSPAN10",1.30455312564803,3.3194610660007e-07
"ENSG00000182621","PLCB1",0.303945420245027,0.0349506020276221,"PLCB1",0.304660626386739,0.0185794340078762
"ENSG00000182670","TTC3",0.371406661202655,2.33864567281382e-07,"TTC3",0.297232897734157,3.06447552696076e-05
"ENSG00000182718","ANXA2",0.459302379739384,0.000110098696805351,"ANXA2",0.310933987361201,0.00823245279686406
"ENSG00000182771","GRID1",0.38186203504358,0.0446772008377141,"GRID1",1.44884985564947,7.75557761018995e-06
"ENSG00000182827","ACBD3",0.297352020615381,3.1891150451102e-05,"ACBD3",0.240784259638514,0.000706756336572603
"ENSG00000183048","SLC25A10",0.306144867753404,0.0208715080276513,"SLC25A10",0.358548727219579,0.00460054414184074
"ENSG00000183287","CCBE1",0.609673237441234,5.90181031447548e-05,"CCBE1",0.944661011735304,9.69459958740395e-09
"ENSG00000183508","TENT5C",0.537647158735105,0.01630855665243,"TENT5C",0.624371396162478,0.0155129080424584
"ENSG00000183560","IZUMO1R",0.799590646501118,0.00508276738645363,"IZUMO1R",0.451356915873901,0.0281925933210248
"ENSG00000183615","FAM167B",1.77581193356469,0.000156188264958213,"FAM167B",2.44488267118356,2.34655961170939e-06
"ENSG00000183691","NOG",0.417122981287987,0.00343765300144857,"NOG",0.400353085417868,0.00496986320395266
"ENSG00000183828","NUDT14",0.537844754376273,0.000390843470406461,"NUDT14",0.650675471314389,3.15617125333128e-05
"ENSG00000183864","TOB2",0.451543736497097,0.000356936383200934,"TOB2",0.463863210902545,0.000256254625708085
"ENSG00000184117","NIPSNAP1",0.699709157289842,5.49110470085742e-06,"NIPSNAP1",0.510246907265617,0.000663161136261342
"ENSG00000184319",NA,0.45936392892285,0.00780670141969771,NA,0.697160407846204,0.000473523748541649
"ENSG00000184432","COPB2",0.226412688709697,0.00619249632116618,"COPB2",0.279245801120018,0.000345317813050059
"ENSG00000184584","STING1",0.450742326673873,0.000376982787009267,"STING1",1.27361467284431,2.71534633012785e-22
"ENSG00000184867","ARMCX2",0.621696193696459,5.48987060705332e-07,"ARMCX2",0.340850129064912,0.00502755326086825
"ENSG00000185088","RPS27L",0.651520130334481,8.21660737164762e-07,"RPS27L",0.603982049340759,6.14490242887133e-06
"ENSG00000185187","SIGIRR",0.320751398549855,0.0388914716346355,"SIGIRR",1.2255175296413,6.54489425375803e-11
"ENSG00000185495",NA,0.40253011349131,0.0449896050779582,NA,0.717668803974982,0.00604759297255491
"ENSG00000185522","LMNTD2",0.398641271761503,0.0403680367978709,"LMNTD2",0.662616837778362,0.0112550474157376
"ENSG00000185527","PDE6G",0.782542923441986,0.00679572029461489,"PDE6G",1.55395534770934,0.000385826602360985
"ENSG00000185745","IFIT1",1.24051381258069,1.18059517790317e-05,"IFIT1",1.03249218727161,0.000328682012898922
"ENSG00000186010","NDUFA13",0.324610810531769,0.0338677921063071,"NDUFA13",0.326765506905603,0.0272481915357617
"ENSG00000186187","ZNRF1",0.245601512367889,0.0125044159301544,"ZNRF1",0.446028041484127,1.13893750887174e-06
"ENSG00000186226","LCE1E",2.32373142642085,5.92889168840037e-07,"LCE1E",0.512310593468592,0.0264895107611866
"ENSG00000186451","SPATA12",1.24253653029235,0.000896778374446952,"SPATA12",0.579602888025701,0.0203954542422881
"ENSG00000187024","PTRH1",0.280101068931734,0.029765402287634,"PTRH1",0.361492650120758,0.00351489754253863
"ENSG00000187098","MITF",0.548496394447328,0.000422129989940439,"MITF",0.377453413160535,0.014993939585936
"ENSG00000187446","CHP1",0.357189619594258,0.000222069873392606,"CHP1",0.233186989918356,0.0174271606321647
"ENSG00000187479","C11orf96",1.01824124677629,0.000114258865757786,"C11orf96",1.50896849323814,1.77210351702727e-07
"ENSG00000187994","RINL",1.63121658834184,7.80584920433573e-11,"RINL",1.45542368590786,1.02872824250412e-12
"ENSG00000188015","S100A3",0.570286849887768,0.0059953727258549,"S100A3",0.542628407624716,0.0105690013337451
"ENSG00000188153","COL4A5",0.434034766374248,0.0124358029303676,"COL4A5",0.397130901740311,0.0393937663318636
"ENSG00000188157","AGRN",0.439243926516527,0.00957046997709367,"AGRN",0.321536028764218,0.0413840945272626
"ENSG00000188158","NHS",0.278386432309219,0.0185223134830842,"NHS",0.446467850534094,4.49286294409441e-05
"ENSG00000188186","LAMTOR4",0.340809198772477,0.00287092604159632,"LAMTOR4",0.225280898154554,0.0480395074034054
"ENSG00000188215","DCUN1D3",0.744104047072163,3.08859100816841e-06,"DCUN1D3",0.381008379755441,0.0103667282158332
"ENSG00000188501","LCTL",0.449369057988211,0.00583623293602616,"LCTL",0.357685456808943,0.0204675352106014
"ENSG00000188677","PARVB",0.303539953752902,0.00189683951690011,"PARVB",0.369147995937987,5.09765528236979e-05
"ENSG00000188690","UROS",0.394549391940123,3.82488629766389e-07,"UROS",0.348256382936686,6.82848474906622e-06
"ENSG00000188706","ZDHHC9",0.488014237523005,5.19904179428744e-06,"ZDHHC9",0.687446738020279,2.39136813876458e-09
"ENSG00000189077","TMEM120A",0.554741802363267,1.76656110229793e-05,"TMEM120A",0.564992239844127,2.35730870844525e-05
"ENSG00000189171","S100A13",0.438201017660035,1.2887658332566e-05,"S100A13",0.232820804351118,0.0223056743898082
"ENSG00000196072","BLOC1S2",0.335054681905296,7.97577524941644e-05,"BLOC1S2",0.305844686981873,0.00025320228698018
"ENSG00000196155","PLEKHG4",0.748078929844394,0.00102663986243877,"PLEKHG4",1.53153605680961,2.35557860073785e-07
"ENSG00000196208","GREB1",0.649486590711267,0.00109853783180219,"GREB1",0.644479474798363,0.00195564360298664
"ENSG00000196420","S100A5",0.504336191873792,0.0215006262949472,"S100A5",1.16845404237932,0.000480253730143122
"ENSG00000196507","TCEAL3",0.301037475175794,0.0166796977438443,"TCEAL3",0.45668242530578,0.000198226081569706
"ENSG00000196562","SULF2",0.767153765099633,0.00677479200850953,"SULF2",0.676887629244241,0.014391575690908
"ENSG00000196576","PLXNB2",0.570093967289724,6.83968687923985e-07,"PLXNB2",0.823134088141256,2.72115698792125e-12
"ENSG00000196586","MYO6",0.358064046149409,0.00031340973978848,"MYO6",0.791197774684746,5.34315117508667e-16
"ENSG00000196739","COL27A1",0.276259185156139,0.0421920306292619,"COL27A1",0.366752126818487,0.0049542580714406
"ENSG00000196743","GM2A",0.343263908995032,0.00638235635067411,"GM2A",0.89862488416508,1.36638692282867e-11
"ENSG00000196754","S100A2",0.468479413244686,0.000131008668536615,"S100A2",0.507127977648373,3.72738106732151e-05
"ENSG00000196839","ADA",0.289880475247659,0.0361685935047244,"ADA",0.289739478553881,0.03936525132248
"ENSG00000196950","SLC39A10",0.25413254889257,0.0397784784398563,"SLC39A10",0.371206849465485,0.00151233935542486
"ENSG00000196975","ANXA4",0.8551577099896,4.24513570441966e-09,"ANXA4",0.678964066565814,1.39765459205269e-06
"ENSG00000197043","ANXA6",0.521593647346219,2.55011008819596e-05,"ANXA6",0.839306132696128,9.61886707284073e-11
"ENSG00000197191","CYSRT1",1.12034755872241,0.000107320418456099,"CYSRT1",1.48854424235719,3.40849123470072e-06
"ENSG00000197302","KRBOX5",0.349812481939333,0.00703310657112496,"KRBOX5",0.290295410440948,0.018249461506179
"ENSG00000197448","GSTK1",0.482314664831934,2.98929872944595e-08,"GSTK1",0.295217470228148,0.000843185923298155
"ENSG00000197712","FAM114A1",0.337795515671943,0.0142921149735016,"FAM114A1",0.683019170044998,3.41715944682247e-06
"ENSG00000197747","S100A10",0.400818495392944,0.000544859724769926,"S100A10",0.637816324569055,7.79555308173528e-08
"ENSG00000197852","INKA2",1.47071002539401,7.09291300303234e-18,"INKA2",1.34099771261655,3.04573677513308e-17
"ENSG00000197892","KIF13B",0.309514104119458,0.0343378500144203,"KIF13B",0.448460496334138,0.000936239403349724
"ENSG00000198121","LPAR1",0.514346242576568,0.00758279885858014,"LPAR1",0.687091273722389,0.00238573370883011
"ENSG00000198189","HSD17B11",0.347853827449745,0.0265831959905109,"HSD17B11",0.761053735207084,1.62611991782688e-05
"ENSG00000198252","STYX",0.420474525725079,2.6886912546502e-05,"STYX",0.302942217522056,0.00224276285044791
"ENSG00000198324","PHETA1",0.335490383223416,0.0409152867979833,"PHETA1",0.427270920664486,0.0146228496340733
"ENSG00000198380","GFPT1",0.234848717898359,0.0230482320555184,"GFPT1",0.302967505063404,0.00170804434526747
"ENSG00000198721","ECI2",0.303229703037472,0.00317719424916356,"ECI2",0.610561696802782,1.29601973214279e-09
"ENSG00000198832","SELENOM",0.597904781678278,0.000244278273138404,"SELENOM",0.313414515689219,0.046463995402699
"ENSG00000198840","MT-ND3",0.616144746416681,2.03546311459648e-06,"MT-ND3",0.273830653587897,0.028635847403765
"ENSG00000198892","SHISA4",0.422103640403894,0.0111702475544886,"SHISA4",0.467416225530318,0.00810142725599671
"ENSG00000198899","MT-ATP6",0.789936734162457,4.33827213153003e-08,"MT-ATP6",0.291930905409853,0.0270731833136949
"ENSG00000198938","MT-CO3",0.776686546408064,2.01206891548139e-07,"MT-CO3",0.285089042094728,0.0359215250269309
"ENSG00000200913","SNORD46",0.662236838889595,0.0112809823265116,"SNORD46",1.29839873552658,0.00153874501060771
"ENSG00000202538","RNU4-2",0.434496658100353,0.0355613776422872,"RNU4-2",1.05818758495699,0.00364905579658052
"ENSG00000204257","HLA-DMA",0.5814705320175,0.00189903819601314,"HLA-DMA",0.711648857523067,0.000598329153267416
"ENSG00000204381","LAYN",0.637890561070168,5.75001921876944e-13,"LAYN",0.418472656163714,2.61759808401935e-06
"ENSG00000204386","NEU1",0.308788155089723,0.00522363834662843,"NEU1",0.396576024248235,0.000217079133918386
"ENSG00000204792","LINC01291",0.659433820856669,0.0115755159650707,"LINC01291",0.613580305863737,0.0197092263075107
"ENSG00000205352","PRR13",0.327794483919422,3.46115486420825e-05,"PRR13",0.454522858238434,1.9964313997421e-09
"ENSG00000205593","DENND6B",0.597085386985492,0.0151695682087678,"DENND6B",1.2109456723527,0.0017970296961985
"ENSG00000206075","SERPINB5",0.584844630950078,2.36170477181059e-06,"SERPINB5",0.716394407663625,3.69952915167363e-09
"ENSG00000210112",NA,0.745222969864234,0.0019045746825325,NA,0.445558291357307,0.0281971541873305
"ENSG00000210184",NA,0.529852953285174,0.0144388404690582,NA,0.710091977157196,0.00657047927626336
"ENSG00000211455","STK38L",0.546770796995256,6.94661375687882e-05,"STK38L",0.348216652203898,0.0073551032255206
"ENSG00000211459",NA,0.43163631491142,0.029539159786189,NA,0.418140461743803,0.0396353151738864
"ENSG00000213445","SIPA1",0.394395625185375,0.00980207056234231,"SIPA1",0.530037070494339,0.000456438182327401
"ENSG00000213523","SRA1",0.347435728732705,0.00131237450915121,"SRA1",0.269398984137433,0.010897717037125
"ENSG00000213722","DDAH2",0.58714755840271,0.000247386132433651,"DDAH2",1.10346741114996,5.38453595364503e-11
"ENSG00000213983","AP1G2",0.45219951793924,0.00140054886623589,"AP1G2",0.395333080124631,0.00240007891241926
"ENSG00000214049","UCA1",1.1597591302327,0.00126350724219614,"UCA1",1.63119651968126,0.000199409897726369
"ENSG00000214078","CPNE1",0.351332545821307,7.29388483725064e-05,"CPNE1",0.417170125669501,1.18584070432047e-06
"ENSG00000214357","NEURL1B",0.774489823065853,0.00359558412460423,"NEURL1B",2.19122878926149,1.01725703769229e-10
"ENSG00000214517","PPME1",0.850677047381551,2.59234333359758e-24,"PPME1",0.892671437145727,1.82959820391208e-27
"ENSG00000214796",NA,0.409813096536741,0.0281385688358216,NA,0.413246087983001,0.0450477094060408
"ENSG00000214900","LINC01599",1.00079351435572,2.65319366839436e-08,"LINC01599",1.01941262182764,6.10464997793851e-09
"ENSG00000215193","PEX26",0.317744280223669,1.38190267168418e-05,"PEX26",0.158662226067598,0.0421716698788957
"ENSG00000215252","GOLGA8B",0.523484032372202,0.00157344669619466,"GOLGA8B",0.314500460784263,0.0421889598348201
"ENSG00000215915","ATAD3C",0.342101286442892,0.0378757471971578,"ATAD3C",0.748683929605645,0.00703144253376559
"ENSG00000216775",NA,0.974102723415168,7.80584920433573e-11,NA,1.01736820438108,2.16476606915218e-12
"ENSG00000221968","FADS3",0.819200999048138,3.76232021074381e-08,"FADS3",1.23393961627202,2.31022246936325e-15
"ENSG00000223802","CERS1",0.514254844916194,0.022121345388137,"CERS1",1.14339156465779,0.00144082204917393
"ENSG00000224078",NA,0.549662652220267,1.95022544172179e-06,NA,0.702101815475321,1.53408202578689e-09
"ENSG00000224294","PINCR",2.63872526659145,6.78687813292262e-31,"PINCR",2.63684088836378,2.91333905588243e-26
"ENSG00000224877","NDUFAF8",0.301368301036983,0.000196624489532936,"NDUFAF8",0.216301225291931,0.00824177940744993
"ENSG00000225101","OR52K3P",0.563115124657907,0.0175776036263698,"OR52K3P",0.996690674188433,0.00457561284680366
"ENSG00000225697","SLC26A6",0.360987430759343,0.0148942633745262,"SLC26A6",0.282576487222093,0.0456577431456965
"ENSG00000228253","MT-ATP8",0.80286256844171,0.000897456115752456,"MT-ATP8",0.39208231756025,0.0407102331162445
"ENSG00000228288","MGAT4EP",1.01415606203159,0.0006351036703032,"MGAT4EP",1.1999323695429,0.001130518066986
"ENSG00000228474","OST4",0.449958291491557,1.19581487120759e-07,"OST4",0.209091922574104,0.0191701920319815
"ENSG00000228709",NA,0.385677860443233,0.0477725054703949,NA,0.91263293050678,0.00140854608666779
"ENSG00000229373","LINC00452",0.546591838261747,0.00893015774683558,"LINC00452",0.392474781374688,0.0394577648644929
"ENSG00000231312","MAP4K3-DT",0.548714272717305,4.39242577115974e-07,"MAP4K3-DT",0.578597180353927,3.407153555274e-07
"ENSG00000231666","LINC01704",1.9090065065666,5.84088946494365e-08,"LINC01704",1.5326846735356,2.63637296835073e-06
"ENSG00000233117",NA,0.564973168762288,0.00053853278931872,NA,0.611798222669391,0.000506151032706628
"ENSG00000233276","GPX1",0.497623650951827,2.31666834580793e-05,"GPX1",0.279825736678714,0.0159564356268425
"ENSG00000233559","LINC00513",0.929618360896192,0.00318294932927363,"LINC00513",0.674427542661795,0.0147931749132389
"ENSG00000233922","LINC01694",0.405505132662368,0.00553484153274948,"LINC01694",0.281898605314692,0.0332099126639508
"ENSG00000236427","CCDST",2.18813320907301,2.74802052236411e-07,"CCDST",1.55162405111926,2.94712914817015e-05
"ENSG00000237352",NA,0.844473932883469,0.000754094205708227,NA,0.568686337973187,0.00891485896346166
"ENSG00000237975",NA,1.4166170512175,1.41279468955861e-05,NA,1.16601162142014,0.000150023590145487
"ENSG00000238178",NA,0.559912634317886,0.00189719951244068,NA,0.575077384154113,0.00219471569742383
"ENSG00000239039","SNORD13",1.49191826017217,1.87802519288437e-08,"SNORD13",1.60658353379231,6.1013239632006e-10
"ENSG00000239672","NME1",0.520324868833525,1.59483694992222e-07,"NME1",0.384259682312818,0.000104251289021839
"ENSG00000240476","LINC00973",0.585452260619117,0.000132596885357548,"LINC00973",0.511153908928147,0.00060410361529385
"ENSG00000240687","LOC105373418",0.421174044571097,0.03975815524728,"LOC105373418",0.451973045857652,0.0414730593204101
"ENSG00000243927","MRPS6",0.214560719550604,0.043394546836912,"MRPS6",0.264396359542874,0.00775468612791292
"ENSG00000244187","TMEM141",0.380739046410756,0.00127494022957913,"TMEM141",0.233001703799129,0.0456577431456965
"ENSG00000244509","APOBEC3C",0.882645811009013,2.84910509415634e-18,"APOBEC3C",1.1743505650759,2.75274294014832e-32
"ENSG00000244694","PTCHD4",0.808315654683053,5.18540590909559e-07,"PTCHD4",1.05852944593644,3.94012335718644e-11
"ENSG00000246263",NA,0.587903052866204,0.0151695682087678,NA,0.735018473500967,0.00998109245826268
"ENSG00000247556","OIP5-AS1",0.261273479768859,0.000323358348437218,"OIP5-AS1",0.154197702460748,0.0332099126639508
"ENSG00000247596","TWF2",0.29526811690214,0.0121737981444694,"TWF2",0.331765389761987,0.00365101116878852
"ENSG00000247796","MOCS2-DT",0.284506074983134,0.0483973206193354,"MOCS2-DT",0.343760071486705,0.0142001403748442
"ENSG00000248583",NA,0.472194705109992,0.0157525729825911,NA,0.860006104512973,0.0006804178959719
"ENSG00000248712","DRC12",0.696182071075422,0.0096812526547855,"DRC12",1.39592972122108,0.00114471024591377
"ENSG00000249196","TMEM132D-AS1",0.56804962209961,0.00583623293602616,"TMEM132D-AS1",0.386253942157681,0.0379400690258755
"ENSG00000249751","ECSCR",0.310173232655749,0.0336315986900473,"ECSCR",0.625752486797821,4.18689977956038e-05
"ENSG00000250041","LOC124902629",0.570465863366721,0.016935286718556,"LOC124902629",0.657027676061334,0.0131742835587877
"ENSG00000250222",NA,0.916984921484347,1.23581283922747e-07,NA,0.329648276253951,0.0253265509186812
"ENSG00000250337","PURPL",1.57482447532131,5.15714530049941e-17,"PURPL",1.12844151822552,1.97653632366544e-09
"ENSG00000251257",NA,0.794287155024578,0.00659251337296836,NA,0.686703502919753,0.0140050368847892
"ENSG00000253414",NA,0.38177579046315,0.0482553886150205,NA,0.73503660556891,0.0112247820629195
"ENSG00000254415","SIGLEC14",0.98891452653507,0.00179654875493405,"SIGLEC14",1.59185415441345,9.56320490209933e-08
"ENSG00000254682","DHCR7-DT",0.311494963389053,0.0478059339633903,"DHCR7-DT",0.442447195756243,0.00665496327187705
"ENSG00000257219","LNCOG",0.502136666880247,0.0227028598715848,"LNCOG",0.757513219897438,0.0103865599743818
"ENSG00000261801","LOXL1-AS1",0.346413873508425,0.00653731015608512,"LOXL1-AS1",0.383927104136561,0.00182152633679018
"ENSG00000262246","CORO7",0.451367053842846,0.00662097691262759,"CORO7",0.430920927362857,0.0134062620503597
"ENSG00000264107","MIR4733HG",0.725924356244301,0.00495010362728079,"MIR4733HG",0.891635439140632,0.0026419902046289
"ENSG00000264920",NA,0.520604033715854,0.00254641769417997,NA,0.348278716270872,0.0296172296272343
"ENSG00000265808","SEC22B",0.468499231560818,7.83117122438618e-08,"SEC22B",0.42914627785273,6.46628474724774e-07
"ENSG00000267106","ZNF561-AS1",0.551146974450727,0.000214418018569198,"ZNF561-AS1",0.348094052700254,0.0144390953117071
"ENSG00000268362",NA,0.294435093381226,0.0382203679604847,NA,0.282147021176911,0.0289197478959433
"ENSG00000269729","LOC105372424",2.20896456918133,2.18658489593389e-12,"LOC105372424",1.64425526987323,5.88836425664561e-10
"ENSG00000270210",NA,0.470260412547133,0.0294582893364836,NA,0.537810563859649,0.0260154749526315
"ENSG00000272870","SAP30-DT",0.737125078541637,0.000658038611243503,"SAP30-DT",0.999756138500306,2.92602983328348e-05
"ENSG00000273132","LOC124901427",0.522175403890306,3.60806312350568e-06,"LOC124901427",0.27232411214935,0.0152139627861379
"ENSG00000273143","LOC105378482",0.470196201598263,0.000349486406002228,"LOC105378482",0.264251620437195,0.0409356864417746
"ENSG00000273749","CYFIP1",0.234778466551478,0.0118163778224458,"CYFIP1",0.323455778249255,0.000176974274861455
"ENSG00000274180","NATD1",0.439425382622533,0.0322382708273833,"NATD1",0.608354634482434,0.0149284119196025
"ENSG00000276023","DUSP14",0.448422343828476,0.000389774686682326,"DUSP14",0.541856857839035,2.87374949108289e-05
"ENSG00000277639","CHD9NB",0.68782556744552,0.00140054886623589,"CHD9NB",0.354654972253448,0.0466915418122586
"ENSG00000277734","TRAC",0.494102406926619,0.00761999593343025,"TRAC",0.421090273058832,0.0193382867711567
"ENSG00000278535","DHRS11",0.281003663145981,0.0416445234690655,"DHRS11",0.316742839073214,0.0172817778504729
"ENSG00000279118",NA,1.5534445760064,8.54197501388672e-05,NA,2.10867434746209,1.25317718962493e-06
"ENSG00000279208",NA,1.07941498695821,4.65926142650629e-06,NA,1.13153712796841,7.29427121503649e-07
"ENSG00000281468",NA,0.304896881746798,0.0496812484273761,NA,0.342951632242127,0.0263398470268952
"ENSG00000283930",NA,1.34616371420637,0.00074208109721528,NA,0.960647661658256,0.00456749496910047
"ENSG00000286156",NA,0.476777585957068,0.00309636725676898,NA,0.39856829327051,0.0105250311621371
"ENSG00000286406",NA,0.670737795604181,0.00218170848442811,NA,1.55849267273625,1.14347919758661e-08
"ENSG00000289847","LOC105377940",0.463825567467724,0.0165136842125147,"LOC105377940",0.634302672362773,0.00765239694902127
