"ENSEMBL","SYMBOL","log2FoldChange","padj"
"ENSG00000000460","FIRRM",0.307187117679772,0.0198202935592611
"ENSG00000002330","BAD",0.292628100045073,0.0153108934527835
"ENSG00000003249","DBNDD1",0.477450396883069,0.0106914676458952
"ENSG00000003987","MTMR7",0.899396932380494,0.00634296077904638
"ENSG00000003989","SLC7A2",0.650713547315525,0.000312410067965302
"ENSG00000004478","FKBP4",0.192719532202112,0.00914602725493221
"ENSG00000004961","HCCS",0.227290172116714,0.0247801403762362
"ENSG00000005020","SKAP2",0.24389908486622,0.0363492824929793
"ENSG00000005075","POLR2J",0.223034017497197,0.0122695617814317
"ENSG00000005469","CROT",0.34560173377611,0.00960039397005452
"ENSG00000005486","RHBDD2",0.799735856547457,3.23234813286879e-09
"ENSG00000006007","GDE1",0.332209554212396,3.33255948108489e-05
"ENSG00000006712","PAF1",0.213382847861685,0.0102848242111736
"ENSG00000007047","MARK4",0.58464028360407,4.60911566876751e-06
"ENSG00000007080","CCDC124",0.310759038579964,0.0102942782035249
"ENSG00000007545","CRAMP1",0.406564924423156,0.00108250050314955
"ENSG00000008256","CYTH3",0.601504133190529,0.000120114597005989
"ENSG00000008282","SYPL1",0.198243038095878,0.0197117060738833
"ENSG00000008513","ST3GAL1",0.343905917929627,0.0148536097388399
"ENSG00000008838","MED24",0.281144557691607,0.0300096158211906
"ENSG00000009830","POMT2",0.414514189826342,3.39464557946033e-05
"ENSG00000009844","VTA1",0.191843999533882,0.0102172325726855
"ENSG00000009950","MLXIPL",1.21534053336661,0.0101771357836234
"ENSG00000011132","APBA3",0.42786022367861,0.0045539902453924
"ENSG00000011243","AKAP8L",0.726432063111519,5.90226535766612e-06
"ENSG00000011451","WIZ",0.348269158140363,0.00415436789391237
"ENSG00000011638","LDAF1",0.397117387475759,0.00866340314235024
"ENSG00000012124","CD22",0.759773130528895,0.00444005864791213
"ENSG00000012822","CALCOCO1",0.744805005224453,0.0024551081173117
"ENSG00000013523","ANGEL1",0.50431752644244,0.00917800024840052
"ENSG00000013561","RNF14",0.200235513272512,0.0389723799773706
"ENSG00000014257","ACP3",0.889406027194069,0.0271392874121588
"ENSG00000019995","ZRANB1",0.232278020892063,0.00919305006078205
"ENSG00000022277","RTF2",0.143559834171804,0.00789378561771732
"ENSG00000022840","RNF10",0.391256807292045,9.18762686222984e-07
"ENSG00000023171","GRAMD1B",1.58563284973421,9.05923239432819e-06
"ENSG00000023287","RB1CC1",0.186771696303142,0.0420385980184778
"ENSG00000023318","ERP44",0.269250167133291,0.000453554457854021
"ENSG00000023330","ALAS1",0.313660965997366,0.0216559557311244
"ENSG00000023839","ABCC2",0.507593496397616,0.00429596097644874
"ENSG00000025039","RRAGD",0.857998034270089,0.00230885407616421
"ENSG00000026297","RNASET2",0.275582195233402,0.0332856295808842
"ENSG00000027075","PRKCH",0.611337357962852,0.00377132057271416
"ENSG00000028203","VEZT",0.403165752823368,1.8681019160437e-08
"ENSG00000031003","FAM13B",0.349611913863399,0.0331450209441451
"ENSG00000033327","GAB2",0.554084232953222,0.035387079307654
"ENSG00000034152","MAP2K3",0.359105410688943,0.0024145693793099
"ENSG00000036672","USP2",1.09978188028847,0.00732286853799132
"ENSG00000038427","VCAN",2.34178161543142,9.17821372043063e-05
"ENSG00000040608","RTN4R",1.07673022928139,6.95185258010033e-06
"ENSG00000043093","DCUN1D1",0.209951144650182,0.0309157735822468
"ENSG00000044090","CUL7",0.408992408721494,0.0276383440901229
"ENSG00000047315","POLR2B",0.148693855443246,0.0202563104533589
"ENSG00000047346","ATOSA",0.815284378633851,1.61680381745144e-06
"ENSG00000049089","COL9A2",2.62081654520322,2.49941062676765e-06
"ENSG00000049283","EPN3",1.08309569381044,1.06290629617534e-09
"ENSG00000049759","NEDD4L",0.747423438743768,3.91204056566118e-11
"ENSG00000050165","DKK3",1.33239110303381,0.00303286187007571
"ENSG00000051009","FHIP1B",0.373756040787639,0.0127488226059913
"ENSG00000051596","THOC3",0.274500610636365,0.0167563906508706
"ENSG00000054179","ENTPD2",0.914406298467496,0.00142185204030606
"ENSG00000054277","OPN3",0.411388249347382,0.0018355246965628
"ENSG00000054793","ATP9A",0.320171374759267,0.034993455418953
"ENSG00000055118","KCNH2",1.49949277174067,0.00401582368122617
"ENSG00000055208","TAB2",0.17716022928393,0.0429713167342235
"ENSG00000055950","MRPL43",0.220620232117983,0.043775539686671
"ENSG00000056586","RC3H2",0.288090178716158,0.000904006951552059
"ENSG00000057657","PRDM1",0.939641503293802,9.72323192902536e-05
"ENSG00000059378","PARP12",0.664790889940686,6.07112764895159e-07
"ENSG00000060491","OGFR",0.371521356938279,5.44295094230662e-08
"ENSG00000061936","SFSWAP",0.247760829323788,0.00685508474871842
"ENSG00000062598","ELMO2",0.303282446816468,0.0371982142539177
"ENSG00000063169","BICRA",0.369855439784167,0.0484457098876214
"ENSG00000063177","RPL18",0.229564309076223,0.0117978642340786
"ENSG00000063245","EPN1",0.396297438959215,0.000107033834898681
"ENSG00000063322","MED29",0.242854416867693,0.0215699304148148
"ENSG00000063438","AHRR",1.30654010670161,0.00527619506101746
"ENSG00000063587","ZNF275",0.329504969998113,0.0178435629000892
"ENSG00000063854","HAGH",0.347275417944788,0.00600507980708214
"ENSG00000064547","LPAR2",0.47503258498508,0.00193379387100058
"ENSG00000064886","CHI3L2",0.96644767836617,4.42894538311253e-05
"ENSG00000064932","SBNO2",0.323008308245557,0.00312417043831164
"ENSG00000064961","HMG20B",0.203227613451462,0.0350544222668337
"ENSG00000065989","PDE4A",0.631119762397119,0.0245984569810672
"ENSG00000066322","ELOVL1",0.377871545957019,0.00105856386008124
"ENSG00000067191","CACNB1",0.754709316387905,0.00614629486589227
"ENSG00000068137","PLEKHH3",0.385432897179608,0.0269530316464342
"ENSG00000068308","OTUD5",0.317347809301221,0.00101480383479418
"ENSG00000068354","TBC1D25",0.323608185508419,0.0106474781748871
"ENSG00000069399","BCL3",0.757006201424793,3.08330529922129e-06
"ENSG00000069667","RORA",1.35180614708011,0.000760871671611535
"ENSG00000070182","SPTB",0.750005575818963,0.0368436608626059
"ENSG00000070526","ST6GALNAC1",1.14398565684668,0.0120320714480899
"ENSG00000070831","CDC42",0.454732097368693,0.0458897381163639
"ENSG00000071205","ARHGAP10",0.338355641804222,1.48231237263968e-05
"ENSG00000072062","PRKACA",0.238804680462476,0.0471862252667204
"ENSG00000072121","ZFYVE26",0.46077487560436,0.00293383222138433
"ENSG00000072364","AFF4",0.336102174480766,0.00250044605404424
"ENSG00000072518","MARK2",0.33151330743315,0.00230425558685612
"ENSG00000072682","P4HA2",0.438685770278738,0.000364100856588597
"ENSG00000074054","CLASP1",0.376625229182596,0.000246111793612045
"ENSG00000074590","NUAK1",0.32708100632317,0.0363622581526605
"ENSG00000075426","FOSL2",0.51495508085875,2.23099070829082e-07
"ENSG00000075702","WDR62",0.473363478388607,0.0136036330434393
"ENSG00000075785","RAB7A",0.151027662786396,0.0158103100087908
"ENSG00000076258","FMO4",0.83804735307925,0.0198044605421436
"ENSG00000076351","SLC46A1",0.607757431169994,6.9363685216049e-06
"ENSG00000076382","SPAG5",0.491924032027947,0.000176097875658413
"ENSG00000076826","CAMSAP3",0.958233202234938,1.30442827952954e-06
"ENSG00000076924","XAB2",0.340971659778361,0.0476466149791601
"ENSG00000077063","CTTNBP2",0.78359663101328,0.0389740891756972
"ENSG00000077254","USP33",0.224103862869396,0.00711355866835342
"ENSG00000077348","EXOSC5",0.330021987046577,8.41130901470537e-05
"ENSG00000077463","SIRT6",0.327928262212742,0.0189496071250093
"ENSG00000078061","ARAF",0.350362523044935,0.00137766993084171
"ENSG00000078237","TIGAR",0.399731593298435,0.0121731129121578
"ENSG00000078269","SYNJ2",0.539492347099421,4.25539956259655e-07
"ENSG00000078902","TOLLIP",0.432181100817926,2.22215294941812e-05
"ENSG00000079313","REXO1",0.371064880580735,0.0322654453415456
"ENSG00000079805","DNM2",0.325042683249557,0.000691981007384997
"ENSG00000080031","PTPRH",1.15910059695765,0.0120481004555419
"ENSG00000080189","SLC35C2",0.223628142480834,0.0160241379278102
"ENSG00000080546","SESN1",0.626841697858292,6.55444225261336e-07
"ENSG00000080603","SRCAP",0.600054386567736,0.00252771012201069
"ENSG00000080815","PSEN1",0.38370251062499,0.000260547947265232
"ENSG00000080822","CLDND1",0.290789165453791,0.0288682720012355
"ENSG00000080824","HSP90AA1",0.319871646428962,0.000905324668502394
"ENSG00000080854","IGSF9B",0.43368293185393,0.0387545060516691
"ENSG00000081181","ARG2",0.499531267689037,0.0114541927759768
"ENSG00000081923","ATP8B1",0.864731425069934,1.88092154322792e-05
"ENSG00000083223","TUT7",0.280774543147661,0.0190322687165431
"ENSG00000083307","GRHL2",0.780097238365164,5.58169705277621e-13
"ENSG00000083312","TNPO1",0.145948957950488,0.0429483079296887
"ENSG00000083799","CYLD",0.369604390325727,0.00101493203000342
"ENSG00000083844","ZNF264",0.275255229371417,0.0182745714118015
"ENSG00000083896","YTHDC1",0.181452265808486,0.0171078828983075
"ENSG00000084207","GSTP1",0.177492420484568,0.0309632965265559
"ENSG00000084693","AGBL5",0.316701418520766,0.00227281813065736
"ENSG00000085231","AK6",0.221736177151115,0.0364754489766453
"ENSG00000085465","OVGP1",0.920006832075704,0.0149649566208109
"ENSG00000085733","CTTN",0.20834136118176,0.0423607384343953
"ENSG00000085978","ATG16L1",0.416111606440281,3.68722619217453e-05
"ENSG00000086544","ITPKC",0.68993808919567,8.65358194837733e-06
"ENSG00000087085","ACHE",0.994860653045362,0.0193067488508725
"ENSG00000087157","PGS1",0.398022930226171,0.00520609596968425
"ENSG00000087365","SF3B2",0.167010134438236,0.00669742834828451
"ENSG00000087510","TFAP2C",1.46457344020802,1.42631229933458e-09
"ENSG00000088280","ASAP3",0.477561552284045,0.0339288951277394
"ENSG00000088356","PDRG1",0.315630144846898,0.00209274361852386
"ENSG00000088367","EPB41L1",0.418953076699955,0.00684860702327717
"ENSG00000088448","ANKRD10",0.252611123124668,0.0308221508447448
"ENSG00000088833","NSFL1C",0.164148749970543,0.0249241020458389
"ENSG00000088888","MAVS",0.423949282487275,2.11620026675291e-05
"ENSG00000088899","LZTS3",0.692871850977623,0.00162661710248432
"ENSG00000089060","SLC8B1",0.406147451705155,0.00348073162278883
"ENSG00000089195","TRMT6",0.217347808974021,0.0210147814215203
"ENSG00000089289","IGBP1",0.292626675559653,0.00177579593214633
"ENSG00000089723","OTUB2",0.708993981963829,0.000547246785614984
"ENSG00000089916","GPATCH2L",0.265257157789193,0.00947881983048203
"ENSG00000090020","SLC9A1",0.324400395396588,0.0269530316464342
"ENSG00000090339","ICAM1",2.06346436141701,0.000891962258668603
"ENSG00000090530","P3H2",1.699123271643,3.15344731706734e-10
"ENSG00000090674","MCOLN1",0.388532191786642,0.04936832112658
"ENSG00000090924","PLEKHG2",0.351343190365014,0.0318533281432138
"ENSG00000091009","RBM27",0.29701563376389,2.27633908854195e-06
"ENSG00000091164","TXNL1",0.212010040393293,0.0201300854681226
"ENSG00000091317","CMTM6",0.282969365103604,0.0014523399493633
"ENSG00000092929","UNC13D",0.752777568768524,2.76996436322638e-05
"ENSG00000095015","MAP3K1",0.256558723237168,0.0415081581610179
"ENSG00000095066","HOOK2",0.429258695136795,0.00709526656295109
"ENSG00000095203","EPB41L4B",0.597944459463423,3.33255948108489e-05
"ENSG00000095303","PTGS1",0.693272879202718,0.00637425161449341
"ENSG00000095637","SORBS1",1.24098183205726,0.00685949420101508
"ENSG00000096080","MRPS18A",0.258767774932064,0.00462696529739432
"ENSG00000097096","SYDE2",0.417435733598973,0.0170425699768609
"ENSG00000099308","MAST3",0.436099953599329,0.0122695617814317
"ENSG00000099331","MYO9B",0.27230496885549,0.0232696076232102
"ENSG00000099385","BCL7C",0.325835812157747,0.00114912461587258
"ENSG00000099785","MARCHF2",0.42980895832154,0.0219421228743229
"ENSG00000099814","CEP170B",0.432489382497411,0.000490162380741467
"ENSG00000099875","MKNK2",0.362114659928509,2.40554410537118e-05
"ENSG00000099940","SNAP29",0.222579018355031,0.000955259721337796
"ENSG00000099956","SMARCB1",0.184269891023563,0.0157955288643324
"ENSG00000100033","PRODH",2.5427251228889,3.24868456853558e-06
"ENSG00000100036","SLC35E4",0.398243751056779,0.0237707062622836
"ENSG00000100083","GGA1",0.259188972476029,0.0257412505683068
"ENSG00000100104","SRRD",0.288775225399187,0.00184780690281252
"ENSG00000100109","TFIP11",0.606114347717862,2.45297027526948e-07
"ENSG00000100142","POLR2F",0.236698871536544,0.00487781603286777
"ENSG00000100147","CCDC134",0.442628349261501,0.000280038753940116
"ENSG00000100220","RTCB",0.180022229908135,0.0309206074282726
"ENSG00000100225","FBXO7",0.21689476323934,0.000309857601972564
"ENSG00000100258","LMF2",0.264510095915086,0.0357182122745806
"ENSG00000100266","PACSIN2",0.279831279236596,0.00403309488339719
"ENSG00000100307","CBX7",1.17280120274183,1.65881790295018e-05
"ENSG00000100325","ASCC2",0.276512550384013,0.00128469337007479
"ENSG00000100353","EIF3D",0.252422480538352,0.000138580089172361
"ENSG00000100360","IFT27",0.504699085419948,2.01188685125193e-05
"ENSG00000100403","ZC3H7B",0.254902613859122,0.0281385151252546
"ENSG00000100417","PMM1",0.312498034758875,0.0138803988455435
"ENSG00000100429","HDAC10",0.628758473442856,0.000842092704964392
"ENSG00000100462","PRMT5",0.287339651846023,0.000121450558070879
"ENSG00000100519","PSMC6",0.19461177789255,0.0195102076977391
"ENSG00000100591","AHSA1",0.467884592064965,1.57197287547789e-07
"ENSG00000100596","SPTLC2",0.246385296947656,0.0481341708056199
"ENSG00000100601","ALKBH1",0.437773811023322,0.0259658900335079
"ENSG00000100796","PPP4R3A",0.218705654311225,0.022947512219756
"ENSG00000101109","STK4",0.176275028663214,0.0247172849313359
"ENSG00000101150","TPD52L2",0.244576720474624,0.00177066692754111
"ENSG00000101191","DIDO1",0.220076781405314,0.0440989404908515
"ENSG00000101193","GID8",0.171843041265963,0.0413711657359432
"ENSG00000101199","ARFGAP1",0.374637632527617,0.000756045284938383
"ENSG00000101210","EEF1A2",0.978445641942081,0.0010082122805192
"ENSG00000101213","PTK6",0.451902823979128,0.0289569569729247
"ENSG00000101276","SLC52A3",0.81154747969993,0.0353988738588215
"ENSG00000101310","SEC23B",0.27056202292435,0.00200542879411873
"ENSG00000101421","CHMP4B",0.343171842847975,0.000253151150816684
"ENSG00000101457","DNTTIP1",0.398971127116987,0.000372851232845311
"ENSG00000101473","ACOT8",0.340274432055618,0.00516416255237392
"ENSG00000101782","RIOK3",0.432730144855185,5.70529374308519e-06
"ENSG00000101871","MID1",0.287296063316386,0.00860441103809618
"ENSG00000101935","AMMECR1",0.385567872251692,4.28347146881887e-07
"ENSG00000101972","STAG2",0.190696369225505,0.0144016861725579
"ENSG00000102034","ELF4",0.294038346290881,0.0253662758829564
"ENSG00000102048","ASB9",0.53894434422011,0.0430800417496763
"ENSG00000102218","RP2",0.40103017093181,0.0410638033117664
"ENSG00000102349","KLF8",1.21018436965783,0.000784722860931169
"ENSG00000102786","INTS6",0.362817455175281,0.000214917120106823
"ENSG00000102854","MSLN",0.465364658487652,0.0098546711730292
"ENSG00000102858","MGRN1",0.494835899196115,0.000824834007096746
"ENSG00000103042","SLC38A7",0.352236384353194,0.0232028484282524
"ENSG00000103044","HAS3",0.770351842361377,0.00166560558602503
"ENSG00000103061","SLC7A6OS",0.224806600160829,0.0265809367203378
"ENSG00000103066","PLA2G15",0.555009447514477,0.000891962258668603
"ENSG00000103089","FA2H",2.07371698707307,3.06348747987407e-05
"ENSG00000103404","USP31",0.479128470220682,2.38928561669275e-05
"ENSG00000103490","PYCARD",0.593845064214562,0.0269530316464342
"ENSG00000103549","RNF40",0.397072396996283,7.89742876855453e-05
"ENSG00000103569","AQP9",0.742345640950293,0.0120947449676223
"ENSG00000103932","RPAP1",0.251132837079048,0.0128160744107015
"ENSG00000104081","BMF",1.16617873580263,0.00709462862028056
"ENSG00000104140","RHOV",1.484610985799,4.29349259115822e-08
"ENSG00000104142","VPS18",0.311339544239458,0.0257412505683068
"ENSG00000104147","OIP5",0.419278564798104,0.00288380905794511
"ENSG00000104177","MYEF2",1.21408629608951,0.00223665589312657
"ENSG00000104219","ZDHHC2",1.16766752855992,0.000547009883700639
"ENSG00000104221","BRF2",0.413606664907213,0.00714156321748763
"ENSG00000104228","TRIM35",0.367780807214734,0.00921257224842816
"ENSG00000104267","CA2",0.542783935728062,0.0244804051101215
"ENSG00000104611","SH2D4A",0.277437629931658,0.0210906547700428
"ENSG00000104763","ASAH1",0.232687447641247,0.0223419595479401
"ENSG00000104805","NUCB1",0.282433614233135,0.0127778021196997
"ENSG00000104852","SNRNP70",0.501524973189917,2.0364537482282e-10
"ENSG00000104853","CLPTM1",0.423906916207452,0.000950039085595068
"ENSG00000104863","LIN7B",0.827063263870322,3.81389651446941e-06
"ENSG00000104885","DOT1L",0.276541209326697,0.0490933476401379
"ENSG00000104897","SF3A2",0.303489980944185,0.015925971589337
"ENSG00000104979","C19orf53",0.163909091819562,0.048217210962061
"ENSG00000105136","ZNF419",0.54430192109419,0.000858120298902631
"ENSG00000105171","POP4",0.522202857867164,3.61848853122517e-08
"ENSG00000105219","CCNP",0.959193823729922,0.0010442775169592
"ENSG00000105229","PIAS4",0.402142687250928,0.00086146465637134
"ENSG00000105246","EBI3",1.01713120893722,0.0149423180745942
"ENSG00000105321","CCDC9",0.793527001387392,3.87767762166616e-06
"ENSG00000105325","FZR1",0.419030690056446,0.00111513995994094
"ENSG00000105341","DMAC2",0.400135291356577,3.75417090450814e-05
"ENSG00000105357","MYH14",1.62408216034536,4.27785547166529e-05
"ENSG00000105401","CDC37",0.334125660635071,6.54288070199307e-06
"ENSG00000105438","KDELR1",0.449289091335539,3.72522937914718e-07
"ENSG00000105443","CYTH2",0.798506256060214,2.97815419027058e-12
"ENSG00000105499","PLA2G4C",1.12292694935059,0.0123161829271981
"ENSG00000105520","PLPPR2",0.399670328979851,0.00736185700534819
"ENSG00000105556","MIER2",0.276953311461788,0.0429127498141882
"ENSG00000105568","PPP2R1A",0.204757587478272,0.0176059773439464
"ENSG00000105617","LENG1",0.518978919051239,0.000151623874765322
"ENSG00000105619","TFPT",0.356844604444856,0.00424374723366098
"ENSG00000105655","ISYNA1",1.03077812390973,0.0158383006821328
"ENSG00000105662","CRTC1",0.489272715215477,0.0436049950928113
"ENSG00000105695","MAG",1.72445882560813,1.92065697772953e-05
"ENSG00000105717","PBX4",0.779336805312194,0.0150115850283257
"ENSG00000105723","GSK3A",0.263303831891983,0.017102646377733
"ENSG00000105771","SMG9",0.704943134922367,4.35030543419642e-10
"ENSG00000105854","PON2",0.48466124880723,1.828591392785e-09
"ENSG00000105856","HBP1",0.813120009606917,1.50918498215668e-05
"ENSG00000105865","DUS4L",0.342861807837875,0.0013402275856121
"ENSG00000105963","ADAP1",0.503536801898229,0.00869900161686609
"ENSG00000105983","LMBR1",0.266820107541674,0.0028035944494514
"ENSG00000105991","HOXA1",0.497245498631102,0.0244769199945848
"ENSG00000106078","COBL",1.37532626552009,7.12209641814647e-05
"ENSG00000106123","EPHB6",1.67213252857945,6.3561743678715e-05
"ENSG00000106211","HSPB1",0.674388227370583,0.000127668797674888
"ENSG00000106290","TAF6",0.258502439630436,0.00103461555907613
"ENSG00000106404","CLDN15",1.13260728831833,0.000151522873824958
"ENSG00000106537","TSPAN13",0.549579433465434,0.00364318028957886
"ENSG00000106565","TMEM176B",1.72589007016927,2.12655153515143e-05
"ENSG00000106591","MRPL32",0.240977076057386,0.0365286989779921
"ENSG00000106608","URGCP",0.284936517884206,0.0178766804788863
"ENSG00000106868","SUSD1",1.47729399771712,0.000323463416272814
"ENSG00000107104","KANK1",0.517871534524682,1.68013024797274e-05
"ENSG00000107140","TESK1",0.36711136261507,0.0406230448723158
"ENSG00000107263","RAPGEF1",0.514633037403638,5.22808796214927e-06
"ENSG00000107341","UBE2R2",0.179959782511272,0.00719839057210616
"ENSG00000107485","GATA3",0.971299129981125,2.79870520475257e-20
"ENSG00000107771","CCSER2",0.228810018912927,0.0461100221913525
"ENSG00000107816","LZTS2",0.461303061314488,0.00689062745238562
"ENSG00000107968","MAP3K8",0.951563776753575,0.000395807053119709
"ENSG00000107984","DKK1",1.39299268396183,4.44922474194582e-05
"ENSG00000108091","CCDC6",0.279576557679637,0.000718226544924346
"ENSG00000108107","RPL28",0.19293228443433,0.0155480856443415
"ENSG00000108239","TBC1D12",0.410272304412927,0.00288947037165135
"ENSG00000108262","GIT1",0.399964101737479,0.00162054274973122
"ENSG00000108344","PSMD3",0.308543910213594,0.00249098559321239
"ENSG00000108433","GOSR2",0.349823145739363,0.000193560696457626
"ENSG00000108469","RECQL5",0.446248160071315,0.0121612648415316
"ENSG00000108479","GALK1",0.315110795747797,0.0397727444259308
"ENSG00000108510","MED13",0.204763044779649,0.0411837165728399
"ENSG00000108523","RNF167",0.269801911013586,0.0301754343072947
"ENSG00000108599","AKAP10",0.265123068916126,0.0403610993788518
"ENSG00000108602","ALDH3A1",0.729294186539197,0.0186181834091949
"ENSG00000108639","SYNGR2",0.737873669422647,3.68841506878839e-09
"ENSG00000108679","LGALS3BP",0.52027381727044,0.00209342468316152
"ENSG00000108773","KAT2A",0.336054551129898,0.00339950943402112
"ENSG00000108774","RAB5C",0.262081232803795,0.00437899379332451
"ENSG00000108861","DUSP3",0.37509344327735,0.000469803654451732
"ENSG00000108963","DPH1",0.671316976933383,0.00298203614378832
"ENSG00000109089","CDR2L",0.585597608823152,0.000236911344315143
"ENSG00000109103","UNC119",0.395192127182367,0.000780173994274919
"ENSG00000109323","MANBA",0.313284249559842,0.020064527962009
"ENSG00000109390","NDUFC1",0.165092288811285,0.0229867648080498
"ENSG00000109536","FRG1",0.229273520069475,0.0165160959587834
"ENSG00000109743","BST1",0.975197646964715,0.0196726988223713
"ENSG00000109787","KLF3",0.21714007697274,0.0463246712069112
"ENSG00000109846","CRYAB",2.00994796829252,2.62750446967805e-10
"ENSG00000109854","HTATIP2",0.386794414874621,0.00191948498695276
"ENSG00000109906","ZBTB16",0.596997495749686,0.0140869613320637
"ENSG00000109917","ZPR1",0.363868515700197,4.25976069287157e-06
"ENSG00000110002","VWA5A",0.84918610679841,0.0256497965516069
"ENSG00000110011","DNAJC4",0.764036003309914,0.000862192051784058
"ENSG00000110042","DTX4",0.555888168372594,1.42387364576225e-08
"ENSG00000110046","ATG2A",0.78296257493516,4.42973963805294e-08
"ENSG00000110066","KMT5B",0.286227501165366,3.89430637508703e-05
"ENSG00000110104","CCDC86",0.271839827774361,0.0395748712114875
"ENSG00000110172","CHORDC1",0.197735838856045,0.0483637700307168
"ENSG00000110195","FOLR1",0.795610940718965,0.037262143123082
"ENSG00000110367","DDX6",0.279040613946591,9.24517274454004e-05
"ENSG00000110375","UPK2",0.900480372708593,0.0261174663755416
"ENSG00000110492","MDK",1.43420814762524,0.00518776267585806
"ENSG00000110514","MADD",0.379519807753359,0.0087920605388216
"ENSG00000110651","CD81",0.250770083595047,0.000303624578304017
"ENSG00000110713","NUP98",0.221993666698502,0.0126735722991263
"ENSG00000110723","EXPH5",0.886964980477768,6.46740346456509e-05
"ENSG00000110852","CLEC2B",1.08842323089969,0.0106231048282782
"ENSG00000110906","KCTD10",0.353461053031179,0.0025120325231291
"ENSG00000110925","CSRNP2",0.389005786041887,0.00791378806937872
"ENSG00000110944","IL23A",0.682913883466323,0.0366766460912988
"ENSG00000111245","MYL2",1.40352967962926,0.00136074422115747
"ENSG00000111305","GSG1",1.07241134242394,0.00274710375858628
"ENSG00000111331","OAS3",0.483073015176217,4.09736751565738e-05
"ENSG00000111412","SPRING1",0.513539451655614,3.28455442988531e-07
"ENSG00000111670","GNPTAB",0.354828095423655,0.00259175851135883
"ENSG00000111725","PRKAB1",0.741209733066974,8.51686094027065e-06
"ENSG00000111775","COX6A1",0.287366306553248,0.00814176214423571
"ENSG00000111790","FGFR1OP2",0.246825798940346,0.0236727567710262
"ENSG00000111816","FRK",0.559166771749216,0.00675723226721559
"ENSG00000112053","SLC26A8",1.17084426772546,0.0112490534674778
"ENSG00000112079","STK38",0.286366787968489,0.00849528166796505
"ENSG00000112282","MED23",0.269307304733859,0.043603847504725
"ENSG00000112299","VNN1",1.84678352477998,0.000150573804507881
"ENSG00000112305","SMAP1",0.287146565325871,0.000365067710477609
"ENSG00000112343","TRIM38",0.331948250917513,0.00174455274543304
"ENSG00000112578","BYSL",0.184600133446106,0.0348439459509461
"ENSG00000112640","PPP2R5D",0.427299553076044,7.58101452339449e-09
"ENSG00000112773","TENT5A",0.878294389983078,2.51992011960052e-10
"ENSG00000112812","PRSS16",0.794935688402975,6.93501990124865e-06
"ENSG00000112851","ERBIN",0.279781918703636,0.0120504124115493
"ENSG00000113328","CCNG1",0.321235509512307,0.00419336537926012
"ENSG00000113555","PCDH12",1.30955115924544,0.0077773942667648
"ENSG00000113580","NR3C1",0.221137481182087,0.00922902408693343
"ENSG00000113657","DPYSL3",0.901900320476887,0.00829981914125847
"ENSG00000113732","ATP6V0E1",0.533402107997137,3.73956750097288e-07
"ENSG00000113851","CRBN",0.418110060163103,0.000650861357543522
"ENSG00000113916","BCL6",1.61156309116919,1.78349864506019e-12
"ENSG00000114019","AMOTL2",0.501892459369148,0.00166910034387494
"ENSG00000114423","CBLB",0.499251881120554,0.00401582368122617
"ENSG00000114573","ATP6V1A",0.183476454808279,0.0300531802771979
"ENSG00000114626","ABTB1",1.35747771470497,2.76505255291541e-06
"ENSG00000114646","CSPG5",0.507036098666545,0.0110195901907331
"ENSG00000114742","WDR48",0.417962298418279,7.63449819276245e-06
"ENSG00000114745","GORASP1",0.346102644108764,0.0167662096457346
"ENSG00000114796","KLHL24",0.622048032173648,0.00174592170242112
"ENSG00000114923","SLC4A3",0.435960494569619,0.0383182956847507
"ENSG00000115020","PIKFYVE",0.240346167004036,0.0419836079863167
"ENSG00000115183","TANC1",0.259976740152116,0.0153453005001305
"ENSG00000115194","SLC30A3",0.619369365954718,0.0365300374288986
"ENSG00000115211","EIF2B4",0.339597738903946,4.25599569761386e-05
"ENSG00000115414","FN1",0.370860182447925,0.0303223165119902
"ENSG00000115486","GGCX",0.254897492950119,0.00697054095144132
"ENSG00000115556","PLCD4",1.71190111452123,0.00212871901906588
"ENSG00000115590","IL1R2",1.75934560164773,1.99836234702237e-09
"ENSG00000115602","IL1RL1",1.83338978610631,1.00438534815218e-13
"ENSG00000115649","CNPPD1",0.309135775089846,0.00309862658800709
"ENSG00000115828","QPCT",0.702472350296621,0.0124561480862672
"ENSG00000115977","AAK1",0.398958480321285,0.000379592418934297
"ENSG00000116106","EPHA4",0.741140851375039,0.00195720717661559
"ENSG00000116198","CEP104",0.189815488910637,0.0432518730610413
"ENSG00000116209","TMEM59",0.323424667842117,0.00506312481085598
"ENSG00000116221","MRPL37",0.164567863297734,0.0244432420736252
"ENSG00000116478","HDAC1",0.270838425883652,3.9301113223664e-06
"ENSG00000116521","SCAMP3",0.350593413029015,4.90285106783015e-05
"ENSG00000116604","MEF2D",0.560340381323859,3.00417401862706e-06
"ENSG00000116663","FBXO6",1.54941635116209,0.00207188685826468
"ENSG00000116691","MIIP",0.320798165021861,0.0271232250537103
"ENSG00000116786","PLEKHM2",0.288766708604123,0.0114942470433076
"ENSG00000116809","ZBTB17",0.469504103219422,0.00023753268649416
"ENSG00000116863","ADPRS",0.265948527714672,0.0083805440231476
"ENSG00000116954","RRAGC",0.539423620835592,0.000113907537573268
"ENSG00000116977","LGALS8",0.222948738791384,0.0173330175731837
"ENSG00000116991","SIPA1L2",0.560764754002192,0.000578201675702507
"ENSG00000117016","RIMS3",0.614907886341974,0.00781581591861206
"ENSG00000117069","ST6GALNAC5",2.80800366497523,4.95862393665385e-05
"ENSG00000117152","RGS4",1.04345860233628,0.00930658104107181
"ENSG00000117245","KIF17",1.95149843762634,0.0011601830399375
"ENSG00000117410","ATP6V0B",0.25222892626475,0.0188576757845337
"ENSG00000117450","PRDX1",0.274735543562379,5.80179802499428e-05
"ENSG00000117461","PIK3R3",0.573109083534082,0.000977280107894538
"ENSG00000117477","CCDC181",1.95343229121405,0.000736153216684272
"ENSG00000117595","IRF6",0.896923070281062,5.7659938422768e-08
"ENSG00000117625","RCOR3",0.320320710311439,7.37774218758581e-05
"ENSG00000117640","MTFR1L",0.314244632636985,0.0263169496482665
"ENSG00000117676","RPS6KA1",0.256009104084036,0.0269530316464342
"ENSG00000117682","DHDDS",0.320121542143424,0.00571678591382647
"ENSG00000117758","STX12",0.359899818711914,0.000107035541956783
"ENSG00000118096","IFT46",0.608993560167747,3.22336808928714e-06
"ENSG00000118402","ELOVL4",0.286850547305142,0.0452005919885214
"ENSG00000118515","SGK1",1.11497553542856,7.29649180586392e-14
"ENSG00000118640","VAMP8",0.558140101917721,0.013143430680219
"ENSG00000118689","FOXO3",0.521277245423308,2.56246185406872e-07
"ENSG00000118777","ABCG2",0.513004748376965,0.0062278097560208
"ENSG00000118898","PPL",2.60254734183577,1.6256195952933e-08
"ENSG00000118900","UBN1",0.203188517640985,0.0270269034458471
"ENSG00000118960","HS1BP3",0.416520222027582,0.00547609249530535
"ENSG00000119125","GDA",0.58558985533437,0.00260182844062332
"ENSG00000119318","RAD23B",0.163922664885266,0.0111245319322913
"ENSG00000119396","RAB14",0.16579809379272,0.00588365058273551
"ENSG00000119411","BSPRY",2.5459318638851,6.46408270446679e-10
"ENSG00000119421","NDUFA8",0.335512657091847,0.00116494152523911
"ENSG00000119446","RBM18",0.289903399825665,0.00581402480959214
"ENSG00000119541","VPS4B",0.352157620553924,1.2436811771204e-11
"ENSG00000119640","ACYP1",0.308895638455328,0.0356477780268597
"ENSG00000119655","NPC2",0.352281431032419,0.000162427861904817
"ENSG00000119686","FLVCR2",1.11832146766013,7.26921169434531e-06
"ENSG00000119801","YPEL5",0.53459847998009,0.000241199093703918
"ENSG00000119878","CRIPT",0.333735046858534,0.00550131229115887
"ENSG00000119986","AVPI1",0.329664914574579,0.00660090881723396
"ENSG00000120129","DUSP1",1.11250556882659,2.02306146678525e-06
"ENSG00000120278","PLEKHG1",0.635412162015651,0.044443418554437
"ENSG00000120306","CYSTM1",0.35587864077639,0.00621894111240682
"ENSG00000120685","PROSER1",0.32483141891669,0.00630752790041747
"ENSG00000120694","HSPH1",0.319627449831155,0.00126253781544318
"ENSG00000120709","FAM53C",0.201529919978169,0.0476466149791601
"ENSG00000120729","MYOT",0.941914443778121,0.011243847743748
"ENSG00000120798","NR2C1",0.40782178027996,0.000522405490782756
"ENSG00000120889","TNFRSF10B",0.285711916216297,0.00151748149010693
"ENSG00000120913","PDLIM2",1.92094039319827,2.80901980382159e-15
"ENSG00000121039","RDH10",0.430659556341445,0.00131528390146997
"ENSG00000121068","TBX2",0.733953640575718,0.00626092161452148
"ENSG00000121101","TEX14",0.821681276649188,0.0293951178199548
"ENSG00000121210","TMEM131L",0.231569185114181,0.0083805440231476
"ENSG00000121274","TENT4B",0.325499364707826,0.000803303757708054
"ENSG00000121454","LHX4",1.09028098775712,0.0116743740794422
"ENSG00000121671","CRY2",1.02391177104508,1.688339856258e-05
"ENSG00000122335","SERAC1",0.483998461739867,0.00429596097644874
"ENSG00000122386","ZNF205",0.430896765270004,0.0239964206324356
"ENSG00000122390","NAA60",0.292528589091431,0.00269885725505896
"ENSG00000122482","ZNF644",0.220396803961602,0.00657707879204838
"ENSG00000122515","ZMIZ2",0.428590859684406,0.000549255618273939
"ENSG00000122547","EEPD1",0.857811282087183,0.000727180820009591
"ENSG00000122696","SLC25A51",0.549259355063752,0.00101838158096528
"ENSG00000122787","AKR1D1",0.845838991057472,0.0308898554798018
"ENSG00000122862","SRGN",0.840436188844942,0.00152458670846156
"ENSG00000123066","MED13L",0.332807006327815,0.00543240337253458
"ENSG00000123091","RNF11",0.31081653232659,0.00118079522037918
"ENSG00000123144","TRIR",0.318021949565997,3.85422698269599e-05
"ENSG00000123146","ADGRE5",0.329643945949323,0.000697060132371836
"ENSG00000123159","GIPC1",0.237022944046,0.0351066540387085
"ENSG00000123364","HOXC13",0.741700865536884,2.12247448588158e-05
"ENSG00000123395","ATG101",0.326765854749608,0.0148865982482993
"ENSG00000123405","NFE2",0.781125781445768,0.0383738341408228
"ENSG00000123562","MORF4L2",0.315229275158576,0.000241872510463725
"ENSG00000123836","PFKFB2",0.307882136157071,0.0162036754993862
"ENSG00000123933","MXD4",0.799013086992431,8.79002498828048e-06
"ENSG00000124102","PI3",0.925581828865555,9.0285028728517e-05
"ENSG00000124104","SNX21",0.38990709253509,0.0193470514674715
"ENSG00000124120","TTPAL",0.244298971294783,0.024713579836956
"ENSG00000124171","PARD6B",0.769078121878415,9.16087385512037e-05
"ENSG00000124228","DDX27",0.234152867705773,0.00136074422115747
"ENSG00000124243","BCAS4",0.430579256308466,1.54133036941479e-05
"ENSG00000124429","POF1B",1.16662045658814,9.18162664294838e-05
"ENSG00000124459","ZNF45",0.431310963841539,0.0179773214300335
"ENSG00000124486","USP9X",0.258231987322032,0.00562303571237234
"ENSG00000124508","BTN2A2",0.683707770595574,0.0034365196995288
"ENSG00000124635","H2BC11",1.56381532908502,0.000295770032964264
"ENSG00000124787","RPP40",0.249247567019093,0.0356526753974951
"ENSG00000125347","IRF1",0.811288219580017,4.33220318110665e-07
"ENSG00000125378","BMP4",1.42082543786922,0.0001688077694785
"ENSG00000125449","ARMC7",0.365225954886114,0.0298962438541859
"ENSG00000125505","MBOAT7",0.453017876951646,2.80484107052259e-05
"ENSG00000125571","IL37",1.71494642805502,0.00260689899775185
"ENSG00000125648","SLC25A23",0.35183476504351,0.0125321427063478
"ENSG00000125652","ALKBH7",0.29907085159563,0.0140952658734024
"ENSG00000125686","MED1",0.203862204882156,0.00137013238467999
"ENSG00000125734","GPR108",0.245383601218515,0.0463246712069112
"ENSG00000125779","PANK2",0.207382013210157,0.0121739322388487
"ENSG00000125850","OVOL2",0.736352076272207,2.12247448588158e-05
"ENSG00000125898","FAM110A",0.335524154932715,0.0158572487525894
"ENSG00000125910","S1PR4",0.796424918376062,0.0367593094681982
"ENSG00000125967","NECAB3",0.649968617757273,0.000921969408471771
"ENSG00000125971","DYNLRB1",0.550867471426774,0.0435557727589222
"ENSG00000126012","KDM5C",0.47935379493974,1.44141974238051e-10
"ENSG00000126067","PSMB2",0.292068333572586,0.000136189370401701
"ENSG00000126107","HECTD3",0.334674105625897,0.00258726206229111
"ENSG00000126214","KLC1",0.383913381877795,2.19257908680858e-05
"ENSG00000126216","TUBGCP3",0.206486336382527,0.0258031167400765
"ENSG00000126254","RBM42",0.540918960668775,2.14871909965006e-10
"ENSG00000126267","COX6B1",0.203280527331366,0.0345422696742279
"ENSG00000126391","FRMD8",0.389973765579702,0.00320108134179092
"ENSG00000126453","BCL2L12",0.356352876104404,0.00040818475332215
"ENSG00000126456","IRF3",0.55733165284175,2.9515894164766e-09
"ENSG00000126460","PRRG2",0.734089419880645,0.00385956727103163
"ENSG00000126705","AHDC1",0.428686265015379,0.000632552080581644
"ENSG00000126746","ZNF384",0.472954601301186,0.0070453652085544
"ENSG00000126822","PLEKHG3",0.353531600602719,0.00057350088922225
"ENSG00000126878","AIF1L",0.914362478544826,0.0019132342351169
"ENSG00000127220","ABHD8",1.14039097380387,0.00915459141451162
"ENSG00000127325","BEST3",0.974112296589404,0.00793009211123989
"ENSG00000127527","EPS15L1",0.240276135920668,0.0273072886532459
"ENSG00000127528","KLF2",0.754560575970795,0.00147449782952535
"ENSG00000127554","GFER",0.236149232082904,0.03384201603451
"ENSG00000127663","KDM4B",0.534851591639853,5.66074778015963e-06
"ENSG00000127837","AAMP",0.235957571878274,0.00745217368175528
"ENSG00000127884","ECHS1",0.155424291637966,0.0172272802394934
"ENSG00000127914","AKAP9",0.264547280702172,0.0068728404491584
"ENSG00000127954","STEAP4",1.32216265565182,0.00745217368175528
"ENSG00000128284","APOL3",1.8806555780624,0.0011601830399375
"ENSG00000128298","BAIAP2L2",0.325209253196032,0.0141885293386884
"ENSG00000128422","KRT17",1.32596231057164,4.12679866179994e-06
"ENSG00000128585","MKLN1",0.327911689196287,9.56903912937153e-06
"ENSG00000128591","FLNC",1.80799287659446,0.00165033201625026
"ENSG00000129055","ANAPC13",0.252384286270047,0.00116638167419404
"ENSG00000129219","PLD2",1.0305670175631,3.81456890441708e-07
"ENSG00000129226","CD68",0.723708154674262,0.00176025900953082
"ENSG00000129245","FXR2",0.228341560365094,0.0297633751233176
"ENSG00000129354","AP1M2",0.522023611633521,0.00302110884672684
"ENSG00000129451","KLK10",1.3224085049252,0.00281591153829139
"ENSG00000129472","RAB2B",0.526972302549974,9.3090232373762e-06
"ENSG00000129484","PARP2",0.210615331469203,0.0495075645897335
"ENSG00000129514","FOXA1",0.543638607387687,0.00930505433449521
"ENSG00000129595","EPB41L4A",1.10494653140096,0.00166808163825231
"ENSG00000129625","REEP5",0.156931770870005,0.0360719660780696
"ENSG00000129757","CDKN1C",1.61204831874847,6.01148224841528e-06
"ENSG00000129925","PGAP6",0.513692635684217,0.000288480631409371
"ENSG00000130054","NALF2",0.584920684298488,0.00143930175662776
"ENSG00000130147","SH3BP4",0.566947252684705,3.91346934239451e-08
"ENSG00000130305","NSUN5",0.451021627958377,1.22484079351808e-06
"ENSG00000130529","TRPM4",0.652035927506628,0.00123887775803609
"ENSG00000130559","CAMSAP1",0.412616641554335,5.10503666841565e-06
"ENSG00000130703","OSBPL2",0.307567339849081,0.000492373040309603
"ENSG00000130706","ADRM1",0.495799654600229,5.37531908201995e-10
"ENSG00000130714","POMT1",0.479057441706276,0.0019444240424897
"ENSG00000130734","ATG4D",0.412932667136624,0.00446009861750239
"ENSG00000130762","ARHGEF16",0.924495025162195,6.61229863828845e-06
"ENSG00000130803","ZNF317",0.299968838226118,0.0454272889667139
"ENSG00000130818","ZNF426",0.445654146771859,0.0123882868630684
"ENSG00000130821","SLC6A8",0.287757303680184,0.0432518730610413
"ENSG00000130956","HABP4",0.368402692679776,0.0457508738186715
"ENSG00000131069","ACSS2",0.545369476684634,0.00764162360257586
"ENSG00000131149","GSE1",0.530142469551631,1.94444982865036e-05
"ENSG00000131373","HACL1",0.293234858425931,0.0294459063521811
"ENSG00000131375","CAPN7",0.359052817363483,0.000921969408471771
"ENSG00000131408","NR1H2",0.852494398233513,5.81724895076936e-11
"ENSG00000131462","TUBG1",0.382938968450895,1.0672299069928e-06
"ENSG00000131471","AOC3",0.881706983599436,0.0248933625288094
"ENSG00000131504","DIAPH1",0.259062003635085,0.000236982740605157
"ENSG00000131746","TNS4",0.361077053851396,0.000214715904333503
"ENSG00000131791","PRKAB2",0.626443654930613,1.33927370229786e-08
"ENSG00000131944","FAAP24",0.475819975658284,0.00417193496498868
"ENSG00000131979","GCH1",0.695369413029189,0.000327539168756669
"ENSG00000132128","LRRC41",0.219865041487549,0.00597348561269535
"ENSG00000132182","NUP210",0.68925931557275,0.00849324134467043
"ENSG00000132185","FCRLA",1.00770190606852,0.00343637230815503
"ENSG00000132256","TRIM5",0.351040569662967,0.0090602317958577
"ENSG00000132357","CARD6",1.1024338036778,3.47214195081094e-10
"ENSG00000132383","RPA1",0.250785937240757,0.0271805593463018
"ENSG00000132510","KDM6B",0.390556273273922,0.0181557203983414
"ENSG00000132591","ERAL1",0.232559700779192,0.020203911446359
"ENSG00000132680","KHDC4",0.365642410782896,0.00328692624946665
"ENSG00000132698","RAB25",0.321488715466866,0.0183933287564017
"ENSG00000132793","LPIN3",0.572035386400212,2.79001871352814e-05
"ENSG00000132801","ZSWIM3",1.11944796345106,1.91829342369307e-05
"ENSG00000132819","RBM38",0.681543616872441,4.98563067599492e-06
"ENSG00000132824","SERINC3",0.241718679691285,0.0157466673218755
"ENSG00000132879","FBXO44",0.675406557742352,4.15086646035193e-06
"ENSG00000132881","CPLANE2",0.568083731249912,0.0351707722220368
"ENSG00000133059","DSTYK",0.30331460190733,0.000345161744213591
"ENSG00000133065","SLC41A1",0.264689184323859,0.0342843505406909
"ENSG00000133121","STARD13",0.9237060997434,1.03266848987419e-07
"ENSG00000133250","ZNF414",0.334643387943903,0.0281026118236907
"ENSG00000133318","RTN3",0.169322926850523,0.0289010048531558
"ENSG00000133328","PLAAT2",1.50194202722182,0.000408186688542077
"ENSG00000133401","PDZD2",0.329716282876257,0.0235916571357265
"ENSG00000133477","FAM83F",0.395893498946024,0.0320510012100678
"ENSG00000133519",NA,2.04721058070272,2.99615896842083e-09
"ENSG00000133597","ADCK2",0.276236571496999,0.00533601629465371
"ENSG00000133606","MKRN1",0.310396470295786,0.000382403631136827
"ENSG00000133703","KRAS",0.223450010408907,0.00152921409114396
"ENSG00000133789","SWAP70",0.222597743063111,0.0225686371211543
"ENSG00000133805","AMPD3",0.412412436876951,0.0272986810010308
"ENSG00000133884","DPF2",0.393216224804392,7.48496635446687e-05
"ENSG00000133935","ERG28",0.382419288708835,0.00854687405686146
"ENSG00000133961","NUMB",0.182151443810158,0.0401018520664571
"ENSG00000134014","ELP3",0.407676418762563,1.50596772235278e-05
"ENSG00000134058","CDK7",0.408891351574871,3.64422242912698e-05
"ENSG00000134070","IRAK2",1.08973475994129,0.000727180820009591
"ENSG00000134247","PTGFRN",0.315847060861249,0.0050199539986825
"ENSG00000134250","NOTCH2",0.39998303139877,1.35190860853578e-05
"ENSG00000134287","ARF3",0.152625993168024,0.0290854039268841
"ENSG00000134324","LPIN1",0.715576682769757,8.83996410801126e-05
"ENSG00000134717","BTF3L4",0.23975761554917,0.0297051080153128
"ENSG00000134815","DHX34",0.521247532769739,3.20789256817471e-05
"ENSG00000134996","OSTF1",0.450201394784466,0.00330500209254759
"ENSG00000135018","UBQLN1",0.200908503595242,0.00137480152259293
"ENSG00000135116","HRK",2.58155815068602,6.74345603503448e-18
"ENSG00000135148","TRAFD1",0.334531260810245,0.0121357142859422
"ENSG00000135249","RINT1",0.493198595980976,2.08659645518638e-05
"ENSG00000135378","PRRG4",0.701164283305261,1.37883677810479e-08
"ENSG00000135469","COQ10A",0.43717670410261,0.0271027245746914
"ENSG00000135506","OS9",0.246639823831887,0.0140952658734024
"ENSG00000135525","MAP7",0.452441193091882,7.24577693108515e-06
"ENSG00000135604","STX11",0.881873759464021,0.0277562504840283
"ENSG00000135622","SEMA4F",0.480178637693527,0.00139774394758239
"ENSG00000135631","RAB11FIP5",0.549324003992082,3.24751064975952e-06
"ENSG00000135709","KIAA0513",1.2716024170403,1.56951329649601e-05
"ENSG00000135720","DYNC1LI2",0.137816892719554,0.0356140674014032
"ENSG00000135736","CCDC102A",1.31003620180526,1.05737658278929e-05
"ENSG00000135778","NTPCR",0.341160157692646,0.00738847548674328
"ENSG00000135821","GLUL",1.04082864806567,3.34633714818746e-11
"ENSG00000135870","RC3H1",0.26475034312978,0.0221358650500473
"ENSG00000135905","DOCK10",0.803649624129111,0.0275188952393182
"ENSG00000135951","TSGA10",0.379666966630616,0.0422422702923678
"ENSG00000135966","TGFBRAP1",0.357970764879781,0.000313720987496657
"ENSG00000135999","EPC2",0.387408139877903,0.000257081636259079
"ENSG00000136158","SPRY2",0.368191106760917,0.0370188325571185
"ENSG00000136280","CCM2",0.455480799053111,0.000149000901425586
"ENSG00000136383","ALPK3",1.58093866748926,0.00373393832680243
"ENSG00000136436","CALCOCO2",0.280722672384662,0.00377626264794501
"ENSG00000136448","NMT1",0.170049544240833,0.0198965796553849
"ENSG00000136504","KAT7",0.232049147917012,0.0347790017752123
"ENSG00000136695","IL36RN",1.46179073958401,0.00301554934928829
"ENSG00000136738","STAM",0.216551511216035,0.0409087320757548
"ENSG00000136827","TOR1A",0.26842377509399,0.0024207420426539
"ENSG00000136854","STXBP1",0.261713358451842,0.037262143123082
"ENSG00000136888","ATP6V1G1",0.185169219674947,0.0227892420902271
"ENSG00000136891","TEX10",0.168740247948252,0.0423215190108231
"ENSG00000137040","RANBP6",0.275505913960139,0.00866447177530434
"ENSG00000137073","UBAP2",0.267853072528232,0.0108595490155664
"ENSG00000137166","FOXP4",0.35046362829068,0.0350799921306986
"ENSG00000137198","GMPR",2.66711738600033,1.60594122982838e-10
"ENSG00000137216","TMEM63B",0.449216761746232,0.0109734584503478
"ENSG00000137221","TJAP1",0.436355520500118,0.000608217278904676
"ENSG00000137269","LRRC1",0.34114850589287,0.00559348838007344
"ENSG00000137343","ATAT1",0.518337782281479,0.00691567101070086
"ENSG00000137409","MTCH1",0.349505441156419,0.000225542439423577
"ENSG00000137473","TTC29",0.739939383882669,0.0449614453909551
"ENSG00000137502","RAB30",0.608858744053582,0.00211212632677343
"ENSG00000137522","RNF121",0.317905427701984,0.0100051894028308
"ENSG00000137693","YAP1",0.206263223150339,0.0219574970078336
"ENSG00000137699","TRIM29",0.754349664031038,1.94230059793311e-15
"ENSG00000137747","TMPRSS13",1.74431902889795,9.89331793530068e-10
"ENSG00000137806","NDUFAF1",0.25376990931599,0.0289103851101024
"ENSG00000137817","PARP6",0.293914585909985,0.0462528131765222
"ENSG00000137825","ITPKA",0.647881588373293,0.00595657525604997
"ENSG00000137841","PLCB2",0.670929964706061,0.00289197475123705
"ENSG00000137947","GTF2B",0.360565466792096,0.016346335614011
"ENSG00000138069","RAB1A",0.236448920965999,0.0028463299621909
"ENSG00000138078","PREPL",0.349456697150217,4.06587241283644e-06
"ENSG00000138107","ACTR1A",0.283559540514987,0.000888466110786695
"ENSG00000138162","TACC2",0.655837166188404,4.75388141094495e-07
"ENSG00000138347","MYPN",1.13905064674155,0.000184496792518527
"ENSG00000138463","SLC49A4",0.550231770407821,3.47554414285474e-05
"ENSG00000138495","COX17",0.252250328714253,0.0392436977263661
"ENSG00000138496","PARP9",0.48789632256141,0.000118870585524274
"ENSG00000138629","UBL7",0.249816931975914,0.022365985951916
"ENSG00000138764","CCNG2",0.700001279602236,1.16135603983425e-06
"ENSG00000138802","SEC24B",0.413294090046741,0.000147808095731536
"ENSG00000139112","GABARAPL1",1.07764266904585,2.1631457333643e-10
"ENSG00000139116","KIF21A",0.206091217157331,0.0167027829748789
"ENSG00000139132","FGD4",0.853468996501299,1.00355508444685e-07
"ENSG00000139133","ALG10",0.370644993307925,0.0473719350589263
"ENSG00000139163","ETNK1",0.471514982292217,9.09605732279243e-06
"ENSG00000139209","SLC38A4",1.86017853682147,6.54939195789439e-08
"ENSG00000139291","TMEM19",0.34063620108499,0.0032149176923492
"ENSG00000139410","SDSL",0.699194111535316,0.00855647421841547
"ENSG00000139515","PDX1",0.722514297452105,0.0375754255604182
"ENSG00000139620","KANSL2",0.270857764814582,0.0167528811789681
"ENSG00000139697","SBNO1",0.302628789849676,2.82779431022788e-07
"ENSG00000139719","VPS33A",0.207588050566761,0.0427922413311202
"ENSG00000139973","SYT16",0.83643151071569,0.00976459524816713
"ENSG00000139998","RAB15",0.70774457097513,0.00162904551995833
"ENSG00000140323","DISP2",0.654519637344388,0.0168769990845426
"ENSG00000140443","IGF1R",0.392819389729429,0.00200542879411873
"ENSG00000140459","CYP11A1",0.760047326466531,0.0416574650940309
"ENSG00000140465","CYP1A1",1.30697752311981,0.00117619347567155
"ENSG00000140474","ULK3",0.338188532965222,0.0100302695872867
"ENSG00000140481","CCDC33",2.493169511804,3.47554414285474e-05
"ENSG00000140511","HAPLN3",0.810354847390995,0.0160453402535849
"ENSG00000140519","RHCG",0.82161118474737,0.0305393078958228
"ENSG00000140545","MFGE8",0.67062350994688,0.00013477072636597
"ENSG00000140577","CRTC3",0.291186980976774,0.0133420867389299
"ENSG00000140691","ARMC5",0.380384873683195,0.0137452487287531
"ENSG00000140750","ARHGAP17",0.349802016137466,0.00932576732850455
"ENSG00000140829","DHX38",0.475987772584659,3.13620830782446e-07
"ENSG00000140832","MARVELD3",0.90882066849274,1.01950713511629e-12
"ENSG00000140836","ZFHX3",0.669971168142286,1.47532138545621e-05
"ENSG00000140873","ADAMTS18",0.767010571348617,0.0412146269339113
"ENSG00000140939","NOL3",0.425037704772986,0.00362454319085239
"ENSG00000140961","OSGIN1",0.60888542835314,0.0270630227417469
"ENSG00000140992","PDPK1",0.273315068410184,0.0313545449815655
"ENSG00000141012","GALNS",0.373897505339996,0.0273299155238597
"ENSG00000141068","KSR1",1.04171024940159,0.00103803776796639
"ENSG00000141098","GFOD2",0.340134375189119,0.00297335992440462
"ENSG00000141127","PRPSAP2",0.266655580314836,0.028183327917942
"ENSG00000141232","TOB1",0.810905319870602,1.03576866602727e-12
"ENSG00000141367","CLTC",0.346012680590501,5.75756531111414e-06
"ENSG00000141380","SS18",0.231118417448549,0.0198202935592611
"ENSG00000141447","OSBPL1A",0.280988709456576,0.0100706456476323
"ENSG00000141504","SAT2",0.247470890196487,0.0348587064159745
"ENSG00000141527","CARD14",1.68300746734662,0.00114474782102913
"ENSG00000141562","NARF",0.319540307795411,0.00296358098369345
"ENSG00000141577","CEP131",0.350303917808875,0.048469578151222
"ENSG00000141644","MBD1",0.424059836534336,2.19938772401529e-05
"ENSG00000141655","TNFRSF11A",0.538410491515546,0.0051575598203814
"ENSG00000141736","ERBB2",0.321969959087359,0.0225686371211543
"ENSG00000141867","BRD4",0.239523902889248,0.0147610945992804
"ENSG00000142330","CAPN10",0.38856312641704,0.0331450209441451
"ENSG00000142528","ZNF473",0.282982475307063,0.0380397235937243
"ENSG00000142544","CTU1",0.699840490474972,1.60528529415821e-06
"ENSG00000142583","SLC2A5",1.91175245663634,1.83586448248326e-07
"ENSG00000142621","FHAD1",1.03630122527054,0.00778515881305971
"ENSG00000142675","CNKSR1",0.693882659945084,2.83397375178077e-06
"ENSG00000142694","EVA1B",1.44519726421239,7.10680274413359e-06
"ENSG00000142961","MOB3C",1.0363983371763,4.50396895612939e-05
"ENSG00000143036","SLC44A3",1.15728189895248,0.00320777688651743
"ENSG00000143093","STRIP1",0.247751269618935,0.00700430121330652
"ENSG00000143153","ATP1B1",0.266433113005985,0.00647797469193644
"ENSG00000143178","TBX19",0.492845529109264,0.0238243811826323
"ENSG00000143222","UFC1",0.304239189688705,0.0028866382387275
"ENSG00000143368","SF3B4",0.349322105398648,0.00078011884418706
"ENSG00000143375","CGN",1.0971812984346,1.47249958272427e-06
"ENSG00000143393","PI4KB",0.272773605744172,0.006636648831582
"ENSG00000143398","PIP5K1A",0.238497936522821,0.0199068683721301
"ENSG00000143409","MINDY1",0.469630443148092,0.0250358333639076
"ENSG00000143412","ANXA9",1.49751494856587,5.53728617309824e-05
"ENSG00000143553","SNAPIN",0.23563247298947,0.0396808504286395
"ENSG00000143575","HAX1",0.214600847356238,0.0328642628423874
"ENSG00000143641","GALNT2",0.200459606091331,0.0068728404491584
"ENSG00000143669","LYST",0.640876890098602,1.02217801872321e-06
"ENSG00000143774","GUK1",0.22796218424524,0.0107114671013289
"ENSG00000143845","ETNK2",1.29534914299319,0.000712190456684136
"ENSG00000143847","PPFIA4",0.799522564466305,0.0352175282288798
"ENSG00000143878","RHOB",0.716517345020938,0.000116048586558156
"ENSG00000143889","HNRNPLL",0.220665856834215,0.0358118762522507
"ENSG00000144028","SNRNP200",0.197636908730701,0.00625529990435816
"ENSG00000144040","SFXN5",0.380116045041544,0.0268889675771855
"ENSG00000144045","DQX1",2.39948900746505,0.000245349611401278
"ENSG00000144130","NT5DC4",1.05110873569578,0.0137330114804066
"ENSG00000144362","PHOSPHO2",0.492781796940489,0.0138170000899483
"ENSG00000144452","ABCA12",1.32278533846559,1.88672238240182e-14
"ENSG00000144560","VGLL4",0.359874306988891,0.000800533903650654
"ENSG00000144597","EAF1",0.266368223621423,0.0309300439087655
"ENSG00000144635","DYNC1LI1",0.293944376954447,8.14199590883082e-05
"ENSG00000144647","POMGNT2",0.291350911513104,0.0353589479384171
"ENSG00000144713","RPL32",0.165160917952178,0.027804725169742
"ENSG00000144908","ALDH1L1",1.44721744078487,0.00121843187177973
"ENSG00000145016","RUBCN",0.303813961574259,0.0277799512934592
"ENSG00000145022","TCTA",0.904957563011396,1.3491478055383e-08
"ENSG00000145390","USP53",0.372741455687454,6.90891580712632e-05
"ENSG00000145779","TNFAIP8",0.426370854632765,4.04274265680359e-05
"ENSG00000145911","N4BP3",0.717015656750188,0.0166562634077553
"ENSG00000145916","RMND5B",0.367550230804101,0.000393938746432811
"ENSG00000145945","FAM50B",1.42454364143376,0.000193204759360827
"ENSG00000146083","RNF44",0.21269969113154,0.0345037732625169
"ENSG00000146247","PHIP",0.20285189560996,0.0171953024412723
"ENSG00000146278","PNRC1",0.446728980759206,0.0157313089830758
"ENSG00000147003","CLTRN",1.07838178565031,0.0153715522628872
"ENSG00000147050","KDM6A",0.446670082723073,0.00238431532859846
"ENSG00000147364","FBXO25",0.276594472637426,0.0198202935592611
"ENSG00000147394","ZNF185",0.4065940883625,0.0148350900548812
"ENSG00000147416","ATP6V1B2",0.575783919583974,8.00204231732872e-09
"ENSG00000147536","GINS4",0.311991160717451,0.0124208198582328
"ENSG00000147601","TERF1",0.283734896728529,0.000637307408179067
"ENSG00000147614","ATP6V0D2",1.45762903441612,0.00472427753335882
"ENSG00000147896","IFNK",0.929208944265003,0.0219574970078336
"ENSG00000147996","ZNG1E",0.446841281501086,0.0179845782524211
"ENSG00000148120","AOPEP",0.527717455436751,0.00192959210061295
"ENSG00000148158","SNX30",0.442961391120291,0.0128451446927436
"ENSG00000148175","STOM",0.659784172627096,1.40110838149818e-05
"ENSG00000148291","SURF2",0.258985418394286,0.00957441860848836
"ENSG00000148308","GTF3C5",0.323686450297447,0.00178741870440877
"ENSG00000148335","NTMT1",0.20565907119345,0.031620694046861
"ENSG00000148337","CIZ1",0.27883447037593,0.000999134474155734
"ENSG00000148396","SEC16A",0.257132400483815,0.0198080965267172
"ENSG00000148660","CAMK2G",0.384684324606501,0.000300929204249895
"ENSG00000148671","ADIRF",0.361635401606456,0.0270551694596314
"ENSG00000148688","RPP30",0.435837034828008,1.75645810475656e-06
"ENSG00000148719","DNAJB12",0.185768010404798,0.0101771357836234
"ENSG00000149289","ZC3H12C",0.410254533586498,0.000350455967538206
"ENSG00000149541","B3GAT3",0.36556129039267,0.0156719804248573
"ENSG00000149573","MPZL2",0.382232660063745,0.0111827112675438
"ENSG00000149577","SIDT2",0.534590312185019,0.000770512815894366
"ENSG00000149591","TAGLN",1.09875644441972,9.59300553836688e-06
"ENSG00000149658","YTHDF1",0.220866700493838,0.0202141955579755
"ENSG00000149761","NUDT22",0.348532970076783,0.000198732781903145
"ENSG00000150316","CWC15",0.179651849403472,0.0233832078648212
"ENSG00000150347","ARID5B",1.09290827633023,4.98760672169746e-12
"ENSG00000150457","LATS2",0.717970241416923,9.33243761930164e-08
"ENSG00000150459","SAP18",0.470275033796775,7.95320719609791e-10
"ENSG00000150551","LYPD1",2.03214177796333,0.000669988474244978
"ENSG00000150990","DHX37",0.316809640306994,0.00827852334481236
"ENSG00000151208","DLG5",0.309626083578203,0.00216218226778556
"ENSG00000151240","DIP2C",0.506023459042716,0.00842990646400365
"ENSG00000151366","NDUFC2",0.235327133386128,0.00185106692732925
"ENSG00000151414","NEK7",0.445392147517744,4.66975091416796e-05
"ENSG00000151445","VIPAS39",0.294655301218951,0.0174173122095268
"ENSG00000151552","QDPR",0.20533020465722,0.0399784921696394
"ENSG00000151657","KIN",0.276738199177431,0.0113512983098196
"ENSG00000151748","SAV1",0.654826295119661,1.05575264278903e-12
"ENSG00000151929","BAG3",0.208692432077416,0.0261068719935319
"ENSG00000152056","AP1S3",0.348040319805651,0.00748780930010338
"ENSG00000152332","UHMK1",0.283443405601136,0.00104493116466412
"ENSG00000152443","ZNF776",0.436811359826274,0.0289052076434309
"ENSG00000152465","NMT2",0.318436039461634,0.0156108131956001
"ENSG00000152684","PELO",0.248512774614145,0.0430950812675693
"ENSG00000152779","SLC16A12",0.6381592537221,0.012092285603185
"ENSG00000152939","MARVELD2",0.253326666302927,0.018339710028479
"ENSG00000152944","MED21",0.258381792722143,0.032311913379896
"ENSG00000153066","TXNDC11",0.426076942991908,0.000471014724729316
"ENSG00000153107","ANAPC1",0.284074180750686,0.0216016637364139
"ENSG00000153294","ADGRF4",0.407784196031378,0.0148307494488633
"ENSG00000154153","RETREG1",0.728979273715758,8.10927028081151e-05
"ENSG00000154265","ABCA5",0.656748163409114,0.000473151134031962
"ENSG00000154310","TNIK",0.564285819170743,0.00303489787482962
"ENSG00000154370","TRIM11",0.414745326188555,0.00029258260614751
"ENSG00000154639","CXADR",1.43381132422662,0.000260663117777425
"ENSG00000154719","MRPL39",0.30202510400957,0.0194978831733558
"ENSG00000154832","CXXC1",0.243363735925018,0.0100072053132483
"ENSG00000154889","MPPE1",0.371106346810801,0.0162038502534114
"ENSG00000154917","RAB6B",1.07393647903863,8.00060296331764e-05
"ENSG00000155265","GOLGA7B",0.879194255630085,0.0283973247489982
"ENSG00000155269","GPR78",1.79764096263434,0.00147449782952535
"ENSG00000155275","TRMT44",0.373397621159445,0.0463478782090313
"ENSG00000155858","LSM11",0.289369716742917,0.0165832455410444
"ENSG00000155893","PXYLP1",0.525457957617592,0.0245740072141503
"ENSG00000155918","RAET1L",1.75097273412757,0.00116655132261173
"ENSG00000156232","WHAMM",0.405547518440339,0.00122266186107502
"ENSG00000156299","TIAM1",0.88666129316631,1.01164858776179e-10
"ENSG00000156599","ZDHHC5",0.235062992966816,0.0059419170823393
"ENSG00000156603","MED19",0.254697811564937,0.00118846581769018
"ENSG00000156642","NPTN",0.255582936637688,0.00172002819236007
"ENSG00000156675","RAB11FIP1",0.499753871600984,2.80788194345608e-08
"ENSG00000156860","FBRS",0.346298101285975,0.00111033417777955
"ENSG00000156976","EIF4A2",0.364200349028014,0.00323702619493232
"ENSG00000156990","RPUSD3",0.282356979055464,0.000459369247409662
"ENSG00000157106","SMG1",0.263239234484904,0.0228564483300343
"ENSG00000157107","FCHO2",0.721802058313365,1.39408191882534e-07
"ENSG00000157111","TMEM171",0.977616944386343,5.95092374605449e-11
"ENSG00000157399","ARSL",0.632298166569007,0.0145918155124847
"ENSG00000157514","TSC22D3",0.768847475079621,0.000125233529527924
"ENSG00000157625","TAB3",0.297790315611768,0.0138803988455435
"ENSG00000157873","TNFRSF14",2.52121774163874,7.82960541688394e-05
"ENSG00000157954","WIPI2",0.318058110583068,7.24778939609171e-06
"ENSG00000157978","LDLRAP1",0.319132649569276,0.0106814038173661
"ENSG00000158109","TPRG1L",0.35839793359159,0.000161524013536283
"ENSG00000158156","XKR8",0.419147659819981,0.00382792470654884
"ENSG00000158195","WASF2",0.347263608265881,3.26829316124448e-06
"ENSG00000158201","ABHD3",0.619409605400745,0.000990379422499259
"ENSG00000158246","TENT5B",0.303281275921599,0.0318665306061957
"ENSG00000158286","RNF207",0.855014495538751,0.00514799626212741
"ENSG00000158423","RIBC1",0.77910344311114,0.034509766870975
"ENSG00000158525","CPA5",2.75083159723614,5.82691970795243e-05
"ENSG00000158747","NBL1",0.403751299644572,0.000393296361302314
"ENSG00000158769","F11R",0.500544261137666,5.88346803688608e-06
"ENSG00000159069","FBXW5",0.40456170751012,0.00131357972736139
"ENSG00000159079","CFAP298",0.282818775386134,0.00168382898244921
"ENSG00000159256","MORC3",0.290942982871371,0.008466252217774
"ENSG00000159314","ARHGAP27",1.30959832574032,4.94312435563325e-08
"ENSG00000159423","ALDH4A1",0.468829086815465,0.00573680924761718
"ENSG00000159461","AMFR",0.274909257865368,0.0034429578118013
"ENSG00000159479","MED8",0.346637927163575,0.00190237941927708
"ENSG00000159516","SPRR2G",1.63591686119357,0.000159423584468834
"ENSG00000159596","TMEM69",0.339914530728812,0.00329997228270057
"ENSG00000159658","EFCAB14",0.171184150142585,0.0295844961593994
"ENSG00000159899","NPR2",0.417227336929517,0.0425869518982542
"ENSG00000160014","CALM3",0.260888268076352,0.0244109294460036
"ENSG00000160191","PDE9A",2.19555770000285,0.00033025040577956
"ENSG00000160213","CSTB",0.201377340060698,0.0415839009098637
"ENSG00000160218","TRAPPC10",0.688765559691287,1.12181121945447e-07
"ENSG00000160271","RALGDS",0.563024339177742,0.000531888191926518
"ENSG00000160325","CACFD1",0.75383718059816,0.0127778021196997
"ENSG00000160336","ZNF761",0.447647084247283,0.0160371219486247
"ENSG00000160360","GPSM1",0.395605574259336,0.00659575700852826
"ENSG00000160570","DEDD2",0.281835739195359,0.0286046442982364
"ENSG00000160584","SIK3",0.628730857754025,1.60889544742766e-06
"ENSG00000160685","ZBTB7B",0.389802539901213,0.012699831563175
"ENSG00000160710","ADAR",0.301601816170365,0.00103134923230584
"ENSG00000160712","IL6R",0.493447497700707,0.0080766208613913
"ENSG00000161036","LRWD1",0.355420081556868,0.0456287739598611
"ENSG00000161057","PSMC2",0.255181531249317,0.0078212722002152
"ENSG00000161203","AP2M1",0.175708461951839,0.0185201567140242
"ENSG00000161277","THAP8",0.981116312983335,6.52903071430725e-05
"ENSG00000161509","GRIN2C",0.805432753682762,0.0361678818453603
"ENSG00000161533","ACOX1",0.331548280498872,0.00219357722353884
"ENSG00000161671","EMC10",0.230306030678933,0.0313020994575048
"ENSG00000162078","ZG16B",1.66012449863407,0.00116296897844008
"ENSG00000162298","SYVN1",0.473090700278624,0.000229180432765312
"ENSG00000162407","PLPP3",0.564846679903489,0.00696839374088054
"ENSG00000162413","KLHL21",0.369419697395505,0.0163100599587235
"ENSG00000162434","JAK1",0.567184446180232,2.40425834037431e-08
"ENSG00000162522","NHSL3",0.634374170527538,3.44247108681696e-07
"ENSG00000162572","SCNN1D",1.5646555672743,0.00334313851267935
"ENSG00000162604","TM2D1",0.498937611222184,3.99112782175343e-07
"ENSG00000162641","AKNAD1",1.06656414767986,9.82910753954351e-07
"ENSG00000162664","ZNF326",0.39821358756815,2.53070592841518e-05
"ENSG00000162704","ARPC5",0.227414420623557,0.00896731209544652
"ENSG00000162735","PEX19",0.38770347504686,8.83996410801126e-05
"ENSG00000162813","BPNT1",0.292957966177871,0.0191020617802194
"ENSG00000162825","NBPF20",0.388567493468946,0.0212647378908964
"ENSG00000162889","MAPKAPK2",0.399127240828728,3.14775349700054e-05
"ENSG00000163071","SPATA18",0.754946273925717,0.000670337174699077
"ENSG00000163082","SGPP2",0.829588187121825,0.000878601788428668
"ENSG00000163162","RNF149",0.252921919736034,0.0198202935592611
"ENSG00000163257","DCAF16",0.383200937324714,0.00103625211426029
"ENSG00000163319","MRPS18C",0.403752568268709,3.68738772473384e-08
"ENSG00000163374","YY1AP1",0.464076438208509,2.54043530352871e-06
"ENSG00000163435","ELF3",2.09845077061645,3.33255948108489e-05
"ENSG00000163508","EOMES",1.63167020720676,0.00160745577002732
"ENSG00000163516","ANKZF1",0.332720310002871,0.000637676490476181
"ENSG00000163602","RYBP",0.290717823065546,0.00126253781544318
"ENSG00000163659","TIPARP",0.235037641210858,0.0294459063521811
"ENSG00000163701","IL17RE",0.78458691463097,0.00745818771916032
"ENSG00000163728","TTC14",0.393867107047146,0.000594211832760102
"ENSG00000163795","ZNF513",0.782355465578909,0.00293848640283935
"ENSG00000163798","SLC4A1AP",0.270230840707195,0.000762770471341835
"ENSG00000163872","YEATS2",0.462194660218883,1.13596367214704e-05
"ENSG00000163875","MEAF6",0.225058908420367,0.00446489772053361
"ENSG00000163930","BAP1",0.234874303422035,0.0232282450299726
"ENSG00000163932","PRKCD",0.518827524249109,1.25525262193264e-05
"ENSG00000163975","MELTF",0.274923955557774,0.00391743528136448
"ENSG00000163993","S100P",1.23894299103392,1.92632295763488e-05
"ENSG00000163995","ABLIM2",0.672665711115129,0.0413699634944081
"ENSG00000164002","EXO5",0.426285798664119,0.0432411613473014
"ENSG00000164068","RNF123",0.352595417709405,0.00868352915416931
"ENSG00000164136","IL15",0.521108210711363,0.0273149971545721
"ENSG00000164318","EGFLAM",1.12996772237035,6.42929201394055e-07
"ENSG00000164379","FOXQ1",0.381983552135155,0.0188325290658029
"ENSG00000164463","CREBRF",0.997968874716113,1.63971924152614e-07
"ENSG00000164535","DAGLB",0.689760258497081,1.72061303579517e-08
"ENSG00000164576","SAP30L",0.329965107382135,0.00239165386597206
"ENSG00000164609","SLU7",0.270424358645386,0.000143634644430862
"ENSG00000164695","CHMP4C",0.703134051302226,6.43567415106613e-09
"ENSG00000164744","SUN3",0.816767426338485,0.0305709843905613
"ENSG00000164825","DEFB1",0.97138513385081,0.0211999557156057
"ENSG00000164916","FOXK1",0.286418097043228,0.00786940611108443
"ENSG00000164934","DCAF13",0.340212358310716,0.000437820692738902
"ENSG00000164975","SNAPC3",0.272077767022736,0.0230457358257061
"ENSG00000164976","MYORG",0.637606862839097,1.22454284536018e-05
"ENSG00000165006","UBAP1",0.511967672256831,1.31557166569995e-08
"ENSG00000165138","ANKS6",0.315102595438643,9.42265328789445e-05
"ENSG00000165169","DYNLT3",0.283142689465275,0.0195859880928377
"ENSG00000165275","TRMT10B",0.352217142316239,0.00779022545450971
"ENSG00000165416","SUGT1",0.223574788504272,0.00486687271983522
"ENSG00000165490","DDIAS",0.416814838921893,0.00193158673146859
"ENSG00000165548","TMEM63C",0.729893024593111,0.00336869909211035
"ENSG00000165802","NSMF",0.31560437226603,0.0309248623363513
"ENSG00000165813","CCDC186",0.242832332090023,0.020064527962009
"ENSG00000165887","ANKRD2",1.06643112840332,6.48741462266172e-06
"ENSG00000165915","SLC39A13",0.319183523680946,0.00227609210146437
"ENSG00000166024","R3HCC1L",0.374480578013101,0.0110410156007572
"ENSG00000166025","AMOTL1",0.409256145541868,1.39729932984845e-05
"ENSG00000166135","HIF1AN",0.467085714600842,5.59177120232321e-07
"ENSG00000166140","ZFYVE19",0.417949075366606,0.0104944260102613
"ENSG00000166164","BRD7",0.128533889122141,0.0451282406198949
"ENSG00000166165","CKB",0.973624210076642,0.000423222238540419
"ENSG00000166228","PCBD1",0.486472414680105,6.58816418040034e-06
"ENSG00000166275","BORCS7",0.246032270464529,0.0393238235585106
"ENSG00000166321","NUDT13",0.517078368439846,0.020550137452335
"ENSG00000166340","TPP1",0.472809807043734,0.000317044870454839
"ENSG00000166347","CYB5A",0.427786161892933,0.00642154195428129
"ENSG00000166405","RIC3",0.71553520066954,0.0455923668987554
"ENSG00000166446","CDYL2",0.677935345230336,0.0052578394382891
"ENSG00000166454","ATMIN",0.218628874028387,0.00154842351248141
"ENSG00000166473","PKD1L2",2.19081526189694,0.000748664329097579
"ENSG00000166535","A2ML1",2.30811676771964,1.61833503053353e-15
"ENSG00000166592","RRAD",1.61371101053059,0.000697458306641597
"ENSG00000166689","PLEKHA7",1.35238238693973,2.23568273015447e-05
"ENSG00000166747","AP1G1",0.234661906121807,0.00257246517595419
"ENSG00000166828","SCNN1G",1.13197335667137,4.46850979684276e-05
"ENSG00000166881","NEMP1",0.502050546796436,0.00282373102445385
"ENSG00000166886","NAB2",0.650296778988922,2.05054488178193e-05
"ENSG00000166888","STAT6",0.323472255620889,5.55048643534118e-06
"ENSG00000166925","TSC22D4",0.650996575555785,3.77227971690521e-07
"ENSG00000166946","CCNDBP1",0.333912848934241,0.0126500852807054
"ENSG00000166987","MBD6",0.279819953706984,0.0235219079077178
"ENSG00000167065","DUSP18",0.34840243867896,0.0182985500660838
"ENSG00000167106","EEIG1",0.393497969591434,0.0181654462585567
"ENSG00000167136","ENDOG",0.359566845142637,5.83637669438621e-05
"ENSG00000167173","C15orf39",0.734169414453053,1.04806531546587e-06
"ENSG00000167272","POP5",0.301159443985876,0.00856777884583346
"ENSG00000167283","ATP5MG",0.223089046419882,0.0278524110907435
"ENSG00000167397","VKORC1",0.241022824082589,0.00944496259566676
"ENSG00000167487","KLHL26",0.370274892943533,0.0368467364184469
"ENSG00000167566","NCKAP5L",0.377850668036713,0.0178606940955762
"ENSG00000167578","RAB4B",1.23428219255499,0.00785678146420714
"ENSG00000167604","NFKBID",0.411448579886771,0.0277799512934592
"ENSG00000167617","CDC42EP5",1.08965797669696,0.00288015928817772
"ENSG00000167653","PSCA",2.64664594423843,2.67080064747057e-14
"ENSG00000167656","LY6D",0.897640547356113,0.00528871393859049
"ENSG00000167657","DAPK3",1.41692636160767,6.61893980509067e-12
"ENSG00000167754","KLK5",1.06445767193652,0.007673005963315
"ENSG00000167797","CDK2AP2",0.224779327559143,0.0393029156953823
"ENSG00000167861","HID1",0.745513724014223,0.0382931204558617
"ENSG00000167912","TOX-DT",1.05463602899447,0.0155943433790536
"ENSG00000167920","KRT10-AS1",0.566324278367246,4.23344886706443e-06
"ENSG00000167930","FAM234A",0.284885322164876,0.0364754489766453
"ENSG00000167985","SDHAF2",0.498169470595275,8.36197941819756e-08
"ENSG00000167994","RAB3IL1",0.478905221525165,0.0277544894971382
"ENSG00000167996","FTH1",0.706608062181797,8.71363877901838e-06
"ENSG00000168056","LTBP3",0.379815017781576,0.039108434998023
"ENSG00000168067","MAP4K2",0.565984283793594,0.000535989403687882
"ENSG00000168140","VASN",0.895132205297077,3.27787075193251e-05
"ENSG00000168214","RBPJ",0.179240110638193,0.00126559692360462
"ENSG00000168439","STIP1",0.194595441844373,0.0146214077484409
"ENSG00000168487","BMP1",0.423011680418061,0.00172448184341702
"ENSG00000168497","CAVIN2",0.475672572567232,6.82294263407922e-05
"ENSG00000168522","FNTA",0.348555764517245,1.3555292140715e-05
"ENSG00000168591","TMUB2",0.343231124678902,0.00202089168880243
"ENSG00000168631","MUCL3",2.56953417860656,3.00687616641864e-05
"ENSG00000168769","TET2",0.247070762115626,0.0370943512885301
"ENSG00000168884","TNIP2",0.265892254456596,0.00928957364524208
"ENSG00000168899","VAMP5",0.805160931468164,0.035756244582386
"ENSG00000168918","INPP5D",0.613348466073454,0.000595044946412588
"ENSG00000168938","PPIC",0.277858136149647,0.00662385101317451
"ENSG00000169118","CSNK1G1",0.205365210539231,0.0334191083668638
"ENSG00000169155","ZBTB43",0.649388347722201,8.81215525836355e-10
"ENSG00000169220","RGS14",0.36690986926136,0.0422396489893922
"ENSG00000169242","EFNA1",0.751627343693057,0.000116353595013898
"ENSG00000169271","HSPB3",2.82341777350992,9.82412177282574e-05
"ENSG00000169583","CLIC3",0.882286281450278,0.00191725972056102
"ENSG00000169635","HIC2",0.443034004295956,0.000517450278824021
"ENSG00000169896","ITGAM",2.69973797369261,1.48231237263968e-05
"ENSG00000170017","ALCAM",0.297993629706032,0.00657804339845021
"ENSG00000170113","NIPA1",0.461390109372471,0.000109384134244313
"ENSG00000170175","CHRNB1",0.692988111259423,0.00208155459382153
"ENSG00000170260","ZNF212",0.284865430721492,0.0403812958909399
"ENSG00000170271","FAXDC2",2.50858405985968,1.78422047189948e-09
"ENSG00000170291","ELP5",0.239762745426095,0.0189161212459246
"ENSG00000170322","NFRKB",0.195052224491042,0.0236674466546842
"ENSG00000170379","TCAF2",1.79787721561181,2.71905718910715e-07
"ENSG00000170412","GPRC5C",1.31243610281792,5.76976359278735e-05
"ENSG00000170423","KRT78",2.22090172769958,0.000108283765795889
"ENSG00000170581","STAT2",0.792653714545554,1.67313374760878e-07
"ENSG00000170684","ZNF296",0.51099750548435,9.87304421396641e-05
"ENSG00000170745","KCNS3",0.845637039179483,0.000196576263822005
"ENSG00000170775","GPR37",0.854118315500066,0.000241490482233389
"ENSG00000170786","SDR16C5",2.02235393167734,0.000271728784614964
"ENSG00000170791","CHCHD7",0.231737803880801,0.0287205615565878
"ENSG00000170835","CEL",2.75908673685062,7.66706875309215e-06
"ENSG00000170892","TSEN34",0.279144483491912,0.00243834416753541
"ENSG00000171100","MTM1",0.70010442321837,0.00154390768870536
"ENSG00000171130","ATP6V0E2",0.321028648202538,0.0201228891161292
"ENSG00000171219","CDC42BPG",0.512742310677621,0.00258255352693684
"ENSG00000171222","SCAND1",0.545464470293,0.000150718747362218
"ENSG00000171298","GAA",0.553109122637402,0.0143613857227677
"ENSG00000171346","KRT15",1.14829877818136,1.29608407216642e-05
"ENSG00000171368","TPPP",1.17015983961439,0.0113894889303356
"ENSG00000171403","KRT9",1.7370067688924,0.000120897672006355
"ENSG00000171456","ASXL1",0.196863686519765,0.0190008188002013
"ENSG00000171462","DLK2",0.463088755624097,0.0018795176642804
"ENSG00000171467","ZNF318",0.246313537714665,0.0311199503898307
"ENSG00000171621","SPSB1",0.955775333062711,9.39945695147592e-06
"ENSG00000171729","TMEM51",0.268688354913122,0.0109488455274915
"ENSG00000171813","PWWP2B",0.503871708939491,0.000511157288046278
"ENSG00000172037","LAMB2",0.398065798032461,0.0117802547152742
"ENSG00000172046","USP19",0.365867169011438,0.000620207537096587
"ENSG00000172113","NME6",0.223227659186726,0.0220960502364505
"ENSG00000172349","IL16",1.76976653579822,0.00225094160494509
"ENSG00000172465","TCEAL1",0.665957571502247,1.3182472309638e-05
"ENSG00000172534","HCFC1",0.286245659224311,0.0115086380060321
"ENSG00000172667","ZMAT3",0.508750955310126,3.34060780426585e-05
"ENSG00000172818","OVOL1",1.68411940514191,1.4306174458809e-09
"ENSG00000172824","CES4A",0.993062666808959,0.0189629144120782
"ENSG00000172840","PDP2",0.248214741086323,0.0220427099094795
"ENSG00000172889","EGFL7",0.625346907602761,0.0111079748077746
"ENSG00000172901","LVRN",1.27265581776631,0.00800131775150255
"ENSG00000172922","RNASEH2C",0.29329678651015,0.0157198414350368
"ENSG00000172936","MYD88",0.510476323341003,0.00255035313806632
"ENSG00000172977","KAT5",0.205725644461703,0.0241952470322819
"ENSG00000173011","TADA2B",0.368923366520668,0.0060190890710542
"ENSG00000173039","RELA",0.403564635946028,7.65217315138368e-06
"ENSG00000173065","FAM222B",0.465589182085955,2.35341986123031e-05
"ENSG00000173212","MAB21L3",1.28582859232606,2.10305413623053e-05
"ENSG00000173261","PLAC8L1",0.980570260108805,0.0179679746799792
"ENSG00000173327","MAP3K11",0.373808156424004,0.00135076192517521
"ENSG00000173334","TRIB1",0.514123582262625,8.77735125249957e-05
"ENSG00000173391","OLR1",1.46640678762138,0.000770669928712123
"ENSG00000173530","TNFRSF10D",0.471804337695312,6.95185258010033e-06
"ENSG00000173545","ZNF622",0.281829232424095,0.00307600544116508
"ENSG00000173546","CSPG4",1.79272260136442,0.000881455688452796
"ENSG00000173598","NUDT4",0.212928339326702,0.0182378676901201
"ENSG00000173786","CNP",0.473433612723501,1.0603088428093e-07
"ENSG00000173818","ENDOV",0.66614484112564,3.4054473179324e-05
"ENSG00000173875","ZNF791",0.289785469587888,0.00036555921674597
"ENSG00000173918","C1QTNF1",0.910999854582907,0.01445417473659
"ENSG00000173926","MARCHF3",0.538630222409232,0.0068728404491584
"ENSG00000173947","CIMAP3",2.31561474137652,0.000185912428787483
"ENSG00000174227","PIGG",0.481767928744978,2.89571953388565e-06
"ENSG00000174231","PRPF8",0.313702242887778,4.98903563660169e-05
"ENSG00000174233","ADCY6",1.37554048090302,2.30935081031762e-08
"ENSG00000174292","TNK1",0.577519293543718,0.0183942143888369
"ENSG00000174446","SNAPC5",0.426573417032283,0.00402390382386089
"ENSG00000174514","MFSD4A",0.623519255151772,0.0395119328073984
"ENSG00000174574","AKIRIN1",0.187615923139354,0.0202835660686981
"ENSG00000174738","NR1D2",0.601406295073086,9.29517667529987e-08
"ENSG00000175137","SH3BP5L",0.323274347036753,0.0259336954433526
"ENSG00000175221","MED16",0.344323354862531,0.0165832455410444
"ENSG00000175318","GRAMD2A",0.520468580298885,0.0178606940955762
"ENSG00000175348","TMEM9B",0.27255051927294,0.00255909404732707
"ENSG00000175376","EIF1AD",0.297342252699817,0.0208394223057176
"ENSG00000175470","PPP2R2D",0.271590762362412,0.000859756812771712
"ENSG00000175582","RAB6A",0.201173032169696,0.0149626997606244
"ENSG00000175591","P2RY2",0.435684880423181,0.0377213738913838
"ENSG00000175707","KDF1",0.583793646306273,1.95433269757096e-07
"ENSG00000175727","MLXIP",0.285077257270989,0.0144573087709152
"ENSG00000175820","CCDC168",0.708430716395384,0.0249623860283877
"ENSG00000175854","SWI5",0.435715470204483,0.000545346914718918
"ENSG00000175893","ZDHHC21",0.353182230768333,0.00484556488878068
"ENSG00000175895","PLEKHF2",0.591522308671254,0.000245035894633387
"ENSG00000175938","ORAI3",0.634226523037318,0.00401847689870636
"ENSG00000176076","KCNE5",0.808355247473602,0.0183900543202825
"ENSG00000176340","COX8A",0.167849470029645,0.0202376632394254
"ENSG00000176393","RNPEP",0.265701213274181,0.0104378931987383
"ENSG00000176473","WDR25",0.481473008274615,0.0120493959076948
"ENSG00000176531","PHLDB3",0.947307310569136,0.000303275792331685
"ENSG00000176532","PRR15",2.57649415601883,1.77664987109678e-06
"ENSG00000176788","BASP1",0.377466389473274,1.36871862824572e-08
"ENSG00000176834","VSIG10",0.640225725802692,6.70572299105946e-06
"ENSG00000176842","IRX5",0.443803630014825,0.00272280296728095
"ENSG00000176973","FAM89B",0.47536976729314,1.54072811854038e-06
"ENSG00000177000","MTHFR",0.375589365504392,0.0331488852826058
"ENSG00000177051","FBXO46",0.499824303634247,1.29383958611891e-05
"ENSG00000177076","ACER2",1.70568157214486,0.000115656886305162
"ENSG00000177169","ULK1",0.852686312575046,3.07795038500043e-11
"ENSG00000177469","CAVIN1",0.499464073402365,0.000329581054259393
"ENSG00000177548","RABEP2",0.606770013962417,0.000137741418603732
"ENSG00000177551","NHLH2",1.73159647971314,0.000302620537616787
"ENSG00000177666","PNPLA2",0.307939738907796,0.00261128578158321
"ENSG00000177675","CD163L1",1.12515582353601,0.0106104963020545
"ENSG00000177685","CRACR2B",1.51545543041968,0.00435790659582287
"ENSG00000177700","POLR2L",0.29226559284499,7.60931357804079e-05
"ENSG00000177885","GRB2",0.200528399232501,0.0101299348760177
"ENSG00000178078","STAP2",0.753601179160735,1.45299443404001e-05
"ENSG00000178150","ZNF114",0.889663599928011,0.0209011187853553
"ENSG00000178172","SPINK6",1.82078310637968,9.7345669526297e-05
"ENSG00000178188","SH2B1",0.384887746580692,0.00225533708704421
"ENSG00000178568","ERBB4",0.724320353245833,0.0479312261727148
"ENSG00000178685","PARP10",1.06997438938677,0.00242903203710757
"ENSG00000178719","GRINA",0.689675465559885,4.91920679087245e-13
"ENSG00000178750","STX19",1.24764628438246,0.00801684055660831
"ENSG00000178821","TMEM52",0.767166650723486,0.0141593673919641
"ENSG00000178935","ZNF552",0.618434809932043,0.000210685161586717
"ENSG00000178950","GAK",0.321317214411534,0.000792165657737654
"ENSG00000179133","C10orf67",0.893709592327045,0.0269530316464342
"ENSG00000179151","EDC3",0.273576072526287,0.0262286938174926
"ENSG00000179348","GATA2",1.84624274783064,4.26419032051402e-08
"ENSG00000179630","LACC1",0.781740668145595,7.16536161372962e-06
"ENSG00000179674","ARL14",2.00244599686839,4.58073030001037e-08
"ENSG00000179833","SERTAD2",0.479511682745463,2.17135291690042e-05
"ENSG00000179889","PDXDC1",0.225038627926021,0.0291732686122797
"ENSG00000180035","ZNF48",0.586608450011229,0.000295952405494727
"ENSG00000180104","EXOC3",0.218128709581038,0.0271004136419566
"ENSG00000180209","MYL11",1.41643002252852,0.00155765113336045
"ENSG00000180304","OAZ2",0.305478156059839,0.00172051414611395
"ENSG00000180537","RNF182",1.34527287685242,0.00213685794373717
"ENSG00000180871","CXCR2",1.05789728614911,0.014685333275803
"ENSG00000180901","KCTD2",0.260415570740439,0.0244629453010379
"ENSG00000181027","FKRP",0.349065022145226,0.0218386196399193
"ENSG00000181097",NA,0.338240597826433,0.00487098932132739
"ENSG00000181135","ZNF707",0.554940473680539,0.00891045481919795
"ENSG00000181222","POLR2A",0.634269685746574,4.72935599690664e-10
"ENSG00000181381","DDX60L",0.423208315427576,0.0108425424933121
"ENSG00000181392","SYNE4",1.10811449970218,0.00493402403642954
"ENSG00000181638","ZFP41",0.621583457613078,0.000977882856742779
"ENSG00000181649","PHLDA2",0.432607240378805,0.00040171504828858
"ENSG00000181885","CLDN7",1.63918209468622,1.3695498743321e-07
"ENSG00000182134","TDRKH",0.386713034193123,0.0297356292983857
"ENSG00000182165","TP53TG1",0.704995816272946,3.06657699547935e-05
"ENSG00000182175","RGMA",0.943673641595313,0.0202376632394254
"ENSG00000182208","MOB2",0.410695182366779,0.00247043298231981
"ENSG00000182261","NLRP10",1.4520142764014,0.000818682421064832
"ENSG00000182372","CLN8",0.262803101443398,0.0318816893173373
"ENSG00000182379","NXPH4",0.533830830224085,0.00428809463039253
"ENSG00000182544","MFSD5",0.334638165321884,6.32528964129798e-05
"ENSG00000182551","ADI1",0.382369411854651,7.53998072781926e-06
"ENSG00000182578","CSF1R",0.666835479103041,0.000423222238540419
"ENSG00000182585","EPGN",0.874374222810976,1.13581552451023e-07
"ENSG00000182782","HCAR2",1.02801601645292,0.0154385226122866
"ENSG00000182898","TCHHL1",1.26320275429253,0.00689062745238562
"ENSG00000182950","CIMAP1C",1.51451576364766,0.00444493861692798
"ENSG00000183196","CHST6",0.872477673956428,0.0222318127353167
"ENSG00000183250","LINC01547",0.511114856209988,0.036359908122276
"ENSG00000183283","DAZAP2",0.298149924212685,1.16872015969999e-05
"ENSG00000183309","ZNF623",0.475486222695391,0.00111548456568264
"ENSG00000183421","RIPK4",0.297253780201663,0.0381128241523691
"ENSG00000183560","IZUMO1R",1.68586146152633,0.00263310709300409
"ENSG00000183779","ZNF703",0.879092343667719,1.57382123698811e-06
"ENSG00000183864","TOB2",0.265296325025551,0.0489375617462027
"ENSG00000184185","KCNJ12",0.739923775588552,0.0428486150473381
"ENSG00000184203","PPP1R2",0.216335366515717,0.0229285775538817
"ENSG00000184205","TSPYL2",0.587349814803895,0.00292301320189025
"ENSG00000184277","TM2D3",0.373895269138413,0.000393499243423659
"ENSG00000184319",NA,0.466631727557819,0.00774887476357615
"ENSG00000184441",NA,0.596837086299115,0.0155480856443415
"ENSG00000184497","TMEM255B",1.07082912562978,0.000126240303122862
"ENSG00000184545","DUSP8",0.641077628794916,0.00791378806937872
"ENSG00000184634","MED12",0.342029346739504,0.0335703739821697
"ENSG00000184678","H2BC21",0.877891876099404,0.00380536296412712
"ENSG00000184840","TMED9",0.143657826414034,0.0432877485362218
"ENSG00000184924","PTRHD1",0.268268381975244,0.0200546253262524
"ENSG00000184988","TMEM106A",0.787966042220702,0.0377773834568174
"ENSG00000185049","NELFA",0.346853034079089,0.00325267396327868
"ENSG00000185101","ANO9",0.674438958195155,0.00650083396723795
"ENSG00000185122","HSF1",0.341718307945261,0.000390708765607172
"ENSG00000185133","INPP5J",0.989708117651979,0.020064527962009
"ENSG00000185236","RAB11B",0.371533418675063,1.82825264747149e-05
"ENSG00000185404","SP140L",0.566401592453278,1.01753666541628e-07
"ENSG00000185418","TARS3",0.579642449803409,0.000881065269075577
"ENSG00000185475","TMEM179B",0.313150840112569,0.00367879373927018
"ENSG00000185499","MUC1",2.19424657682942,3.73000173241644e-12
"ENSG00000185519","FAM131C",0.833265774230078,0.00504114962024432
"ENSG00000185522","LMNTD2",1.43654359682042,0.00134306530087376
"ENSG00000185527","PDE6G",1.75258006049057,0.00203395324815779
"ENSG00000185567","AHNAK2",0.73388282955856,0.00105439566251733
"ENSG00000185658","BRWD1",0.253383433255733,0.000167421805898461
"ENSG00000185728","YTHDF3",0.279099395204906,0.000930909776660309
"ENSG00000185800","DMWD",0.331735718140324,0.00349527398159449
"ENSG00000185847","VHRT",1.5663675567881,0.00324116295973675
"ENSG00000185966","LCE3E",0.991985889095921,0.0126385014716777
"ENSG00000186063","AIDA",0.265326370856224,0.0289569569729247
"ENSG00000186141","POLR3C",0.287223188710475,0.00622721263127652
"ENSG00000186174","BCL9L",0.808289995531905,5.10953664792637e-07
"ENSG00000186312",NA,0.528296593997167,0.000346211619199598
"ENSG00000186481",NA,1.10914526473017,0.000694195300697587
"ENSG00000186517","ARHGAP30",1.05159250239787,0.000124968198625766
"ENSG00000186591","UBE2H",0.625285234958742,2.59072511963105e-08
"ENSG00000186716","BCR",0.244648147266513,0.0340381128349089
"ENSG00000186792","HYAL3",0.673445926901741,0.0384544979658094
"ENSG00000186832","KRT16",0.998032232955899,4.34684899615728e-09
"ENSG00000186866","POFUT2",0.541447332996076,0.000483883959985576
"ENSG00000186994","KANK3",1.53515025518541,0.00195196008642643
"ENSG00000187147","RNF220",0.187233865453057,0.0045174056358519
"ENSG00000187229",NA,2.06655168742152,0.000808775948316098
"ENSG00000187486","KCNJ11",1.04930469674113,0.0167027829748789
"ENSG00000187531","SIRT7",0.52335569624225,2.98047477256213e-05
"ENSG00000187601","MAGEH1",0.60658347095262,0.0350806931077838
"ENSG00000187626","ZKSCAN4",0.380806472386717,0.0306461994859207
"ENSG00000188015","S100A3",0.539570399068582,0.00752431185264152
"ENSG00000188064","WNT7B",0.9225304652286,4.8246921044338e-07
"ENSG00000188185",NA,1.57287675594872,0.00174405606094214
"ENSG00000188277","C15orf62",2.40632104483499,0.000303624578304017
"ENSG00000188293","IGFL1",2.09854467843243,0.000551094181375623
"ENSG00000188313","PLSCR1",0.231862463884442,0.0470470708252716
"ENSG00000188315","C3orf62",0.585497133511933,0.000475979570897589
"ENSG00000188368","PRR19",0.696064718083768,0.0241755828075048
"ENSG00000188505","NCCRP1",1.67651791084967,3.61966223484381e-07
"ENSG00000188596","CFAP54",0.718803327769926,0.0488940516592538
"ENSG00000188706","ZDHHC9",0.274748150141759,0.00671672234574774
"ENSG00000188786","MTF1",0.468578764074582,1.41984368833462e-05
"ENSG00000188818","ZDHHC11",2.22598054953608,0.000145564528554336
"ENSG00000188986","NELFB",0.291086569623572,0.0044977598285393
"ENSG00000188996","HUS1B",1.42238700631853,0.00225028415548694
"ENSG00000188997","KCTD21",0.596182120978758,0.00278989025026511
"ENSG00000189042","ZNF567",0.472808722590385,0.0116762741595854
"ENSG00000189058","APOD",1.620984782939,0.00335993375670054
"ENSG00000189114","BLOC1S3",0.513956512281976,8.50196793196281e-05
"ENSG00000189120","SP6",0.454241041008736,0.0401575803529952
"ENSG00000189339","SLC35E2B",0.39470484074659,0.000405019001147986
"ENSG00000189433","GJB4",1.38080462695661,0.00635117131165571
"ENSG00000196141","SPATS2L",0.266256973997475,0.000872847334357474
"ENSG00000196154","S100A4",0.786644715709907,0.00193379387100058
"ENSG00000196208","GREB1",1.90653244656397,7.80782885362677e-15
"ENSG00000196209","SIRPB2",1.49008931614202,7.09096747997466e-06
"ENSG00000196220","SRGAP3",0.903279903344014,9.62908848505472e-05
"ENSG00000196233","LCOR",0.249381713344178,0.0132994175847185
"ENSG00000196352","CD55",0.541284509695719,2.2091946088743e-05
"ENSG00000196391","ZNF774",0.638023878967318,0.00345598702564828
"ENSG00000196417","ZNF765",0.592725547429166,0.000814113848082248
"ENSG00000196418","ZNF124",0.372223955200638,0.0143969444216709
"ENSG00000196422","PPP1R26",0.40327667592059,0.00315692879639172
"ENSG00000196428","TSC22D2",0.404329328330752,0.00143877449056638
"ENSG00000196498","NCOR2",0.295594172112782,0.0125524873476884
"ENSG00000196505","GDAP2",0.566245306203515,1.63825684792943e-05
"ENSG00000196547","MAN2A2",0.684109269119092,9.29883085615941e-05
"ENSG00000196569","LAMA2",1.71102320819083,2.64418558923421e-05
"ENSG00000196652","ZKSCAN5",0.556886139279956,8.48117533870087e-07
"ENSG00000196684","HSH2D",1.46955927216737,0.00502577447968599
"ENSG00000196689","TRPV1",0.516925180918589,0.0451096373613659
"ENSG00000196700","ZNF512B",0.58432277229038,1.03266848987419e-07
"ENSG00000196705","ZNF431",0.470093118056354,0.00245747223199059
"ENSG00000196730","DAPK1",1.61810149245519,3.41174518425462e-07
"ENSG00000196781","TLE1",0.445939688368897,0.000365067710477609
"ENSG00000196812","ZSCAN16",0.653895518655034,0.0260329039742817
"ENSG00000196814","MVB12B",0.464910402517692,0.0282713275663126
"ENSG00000196821","ILRUN",0.484326337302481,2.63186741773889e-08
"ENSG00000196839","ADA",0.260752405152017,0.0219771980354518
"ENSG00000196922",NA,0.60973115537631,5.40857204307242e-08
"ENSG00000196967","ZNF585A",0.593185083816831,0.0338493937903487
"ENSG00000196975","ANXA4",0.364029753659091,0.00533598696247129
"ENSG00000196981","WDR5B",0.558319789948334,0.00324859898714355
"ENSG00000197050","ZNF420",0.684317514172446,0.000323432909226375
"ENSG00000197062","ZSCAN26",0.409947392052073,0.0294204569874928
"ENSG00000197128","ZNF772",0.577012908426949,0.00627823961761283
"ENSG00000197181","PIWIL2",1.29610537964869,0.000581164872640554
"ENSG00000197182","PRR34-AS1",0.371912369125644,0.0309703800519869
"ENSG00000197256","KANK2",0.337264525127028,0.00213685794373717
"ENSG00000197279","ZNF165",0.435880340079434,0.0110415416312144
"ENSG00000197321","SVIL",0.428731076472212,6.91909268692782e-06
"ENSG00000197323","TRIM33",0.254499450036365,0.000790058385575998
"ENSG00000197362","ZNF786",0.479347064691239,0.0278524110907435
"ENSG00000197530","MIB2",1.07497934186256,3.16152632504879e-08
"ENSG00000197568","ANKRD13C-DT",0.515192053919789,0.0213769684076464
"ENSG00000197588",NA,0.789502981601485,0.0376705253451859
"ENSG00000197603","CPLANE1",0.273913039023518,0.0108648304699577
"ENSG00000197608","ZNF841",0.86789772999921,0.00316827612830155
"ENSG00000197614","MFAP5",1.39963609468125,0.000107375334045715
"ENSG00000197622","CDC42SE1",0.244974041152869,0.00138454686296628
"ENSG00000197757","HOXC6",0.691023581818845,3.92935243501765e-07
"ENSG00000197782","ZNF780A",0.429142836620659,0.0234259256034304
"ENSG00000197808","ZNF461",0.654836325376822,0.00702676785668111
"ENSG00000197822","OCLN",1.33766431329625,0.00659488659451708
"ENSG00000197872","CYRIA",0.527348180732864,0.012480243858302
"ENSG00000197903","H2BC12",0.514587539871004,0.0359170804699982
"ENSG00000197905","TEAD4",0.248104278355855,0.0454862288242812
"ENSG00000197912","SPG7",0.577151112236964,8.77046273826501e-08
"ENSG00000198060","MARCHF5",0.231792165410627,0.0386886098358539
"ENSG00000198246","SLC29A3",1.0529850682323,4.69091077072647e-08
"ENSG00000198301","SDAD1",0.160593494696371,0.00307954502061441
"ENSG00000198355","PIM3",0.275413512203592,0.0197117060738833
"ENSG00000198393","ZNF26",0.3605179311048,0.0324445428109632
"ENSG00000198464","ZNF480",0.395252472516886,0.000663477938451822
"ENSG00000198482","ZNF808",0.878742833946957,0.00839130209546993
"ENSG00000198517","MAFK",0.551539044306461,1.37714137880063e-06
"ENSG00000198715","GLMP",0.52295965748945,0.000340306975727537
"ENSG00000198720","ANKRD13B",0.370119183297343,0.0164971873672973
"ENSG00000198728","LDB1",0.408459311124924,0.00250675343435307
"ENSG00000198736","MSRB1",0.763988405746458,1.4673209747324e-05
"ENSG00000198742","SMURF1",0.59801102085593,0.000123513591928516
"ENSG00000198743","SLC5A3",0.379659671144212,0.000392429917228116
"ENSG00000198746","GPATCH3",0.364116515664769,0.00527279921649703
"ENSG00000198792","TMEM184B",0.30834167156248,0.00424983054181928
"ENSG00000198799","LRIG2",0.558006494093732,0.00115447515878297
"ENSG00000198805","PNP",0.286314234670073,0.00562459675190937
"ENSG00000198815","FOXJ3",0.242942038371235,0.0154622143419611
"ENSG00000198863","RUNDC1",0.753028426774444,4.79584254245877e-14
"ENSG00000198910","L1CAM",0.848229912005922,0.0032154295314964
"ENSG00000198918","RPL39",0.294431721383313,0.0062772038545032
"ENSG00000198933","TBKBP1",0.741973525853555,0.00828479462564438
"ENSG00000198952","SMG5",0.353152998333661,0.00696849626416888
"ENSG00000198954","KIFBP",0.31281952671365,0.000840619221062996
"ENSG00000199357",NA,0.722388280245338,0.0407609767484976
"ENSG00000199366",NA,0.769714553243011,0.0239122507372478
"ENSG00000200506",NA,1.39686726351789,0.00427873174147228
"ENSG00000200834",NA,1.24194351024957,0.000286330957614939
"ENSG00000201221","RNU4-40P",0.758789167097956,0.0299116525540068
"ENSG00000201662","RNU6-60P",0.753233767241933,0.0395030446549281
"ENSG00000202172","RNU6-1327P",0.698208892856746,0.00448167828718371
"ENSG00000202400","SNORD82",1.48884695527219,0.00378327857262573
"ENSG00000203326","ZNF525",0.517452209237699,0.0157802823413675
"ENSG00000203485","INF2",0.28043879803936,0.0394143531070615
"ENSG00000203499","IQANK1",0.798981919948562,1.24237669038694e-05
"ENSG00000203546",NA,0.754947721430249,0.0154593367371683
"ENSG00000203667","COX20",0.318953721198729,0.00505791926787047
"ENSG00000203999","LINC01270",0.889059724106201,0.0148666812543579
"ENSG00000204086","RPA4",0.803836581042955,0.0212152271610075
"ENSG00000204103","MAFB",1.90607613158456,2.00713907710808e-11
"ENSG00000204178","MACO1",0.316043509769492,0.00172448184341702
"ENSG00000204219","TCEA3",1.47005539836831,0.000225542439423577
"ENSG00000204231","RXRB",0.289703922048121,0.028119182001257
"ENSG00000204261","PSMB8-AS1",0.649644069837264,0.0434039682957538
"ENSG00000204267","TAP2",0.288859872949328,0.000906334482266396
"ENSG00000204279","PAGE3",0.886629294226143,0.0262186889380686
"ENSG00000204291","COL15A1",2.28415998448371,0.000285408792530775
"ENSG00000204386","NEU1",0.54786482421872,3.76479775836771e-06
"ENSG00000204396","VWA7",1.08962172453973,0.0148329510101655
"ENSG00000204469","PRRC2A",0.54841371387486,0.000278432907664306
"ENSG00000204569","PPP1R10",0.42570012284885,1.2229162980847e-05
"ENSG00000204580","DDR1",0.221828285422133,0.0393688924366391
"ENSG00000204592","HLA-E",0.438909417684925,0.00417193496498868
"ENSG00000204604","ZNF468",1.46764588226924,1.78049110778341e-08
"ENSG00000204611","ZNF616",0.411048228576014,0.0348587064159745
"ENSG00000204618","RNF39",0.798581328020799,0.00263103710432397
"ENSG00000204619","PPP1R11",0.35316728534618,3.07138141198218e-05
"ENSG00000204644","ZFP57",0.805040878101346,0.0344575591475787
"ENSG00000204920","ZNF155",0.714864703598236,0.00850230829801981
"ENSG00000204922","UQCC3",0.290766356288552,0.0175951038113198
"ENSG00000204991","SPIRE2",0.774829752323437,3.87721799546503e-05
"ENSG00000205078","SYCE1L",0.731884864635696,0.0397930821119785
"ENSG00000205155","PSENEN",0.343248551590791,0.00184454744274449
"ENSG00000205189","ZBTB10",0.300006835742439,0.0463478782090313
"ENSG00000205213","LGR4",0.550081197628889,2.19489936327747e-05
"ENSG00000205352","PRR13",0.39961181992572,2.54584660774334e-07
"ENSG00000205420","KRT6A",0.639349730415489,0.000391609818503934
"ENSG00000205559","CHKB-DT",0.473381939242439,0.0120172073842247
"ENSG00000205593","DENND6B",0.660043428992381,0.0486314222592164
"ENSG00000206527","HACD2",0.435278260381494,1.04357697801556e-06
"ENSG00000206573","THUMPD3-AS1",0.313442573241831,0.0415368236930175
"ENSG00000213020","ZNF611",0.836619345653092,1.26007810252549e-07
"ENSG00000213062",NA,0.583880531424442,0.0148953472679208
"ENSG00000213185","FAM24B",0.915033384644165,0.000100984910384607
"ENSG00000213199","ASIC3",2.89486971734341,4.11988925515382e-06
"ENSG00000213213","CCDC183",1.94092114598365,0.00122469940647606
"ENSG00000213694","S1PR3",0.938472630529951,6.21678241433322e-07
"ENSG00000213793","ZNF888",0.443027919760293,0.0354695461853291
"ENSG00000213859","KCTD11",0.634903709325051,0.000708452793700216
"ENSG00000213904","LIPE-AS1",1.50387088907815,3.85378421394575e-06
"ENSG00000214146","LINC02026",1.67751726821569,0.00100331624277732
"ENSG00000214274","ANG",0.661162848911068,0.00965166106228717
"ENSG00000214860","EVPLL",0.793803844920391,0.0352241947507984
"ENSG00000215039","CD27-AS1",2.35462854991762,1.91829342369307e-05
"ENSG00000215559",NA,2.23208289622119,1.68301418527367e-07
"ENSG00000217128","FNIP1",0.430651343574308,0.000112446687033639
"ENSG00000217801",NA,1.26710045806603,0.000544263464543206
"ENSG00000219487",NA,0.693380358662522,0.0479721200393112
"ENSG00000220804",NA,0.508508649032584,0.000906378418841197
"ENSG00000221817","PPP3CB-AS1",1.32816924953362,2.41082015369238e-06
"ENSG00000221890","NPTXR",1.0617066056719,0.000297479857332878
"ENSG00000221926","TRIM16",0.542778394541936,4.94776778368651e-06
"ENSG00000221963","APOL6",0.727204236745547,2.34739874140807e-05
"ENSG00000221986","MYBPHL",0.757166543320732,0.0170443633338712
"ENSG00000223653",NA,0.796903461537435,0.0350544222668337
"ENSG00000223768","LINC00205",0.90917591093183,2.45323660214765e-08
"ENSG00000223799",NA,2.04024389001381,0.000997057105790907
"ENSG00000223820",NA,0.979980956513789,0.0163830351282318
"ENSG00000223969",NA,0.625913668513123,0.0389911491191682
"ENSG00000224064","RPL32P6",1.25722181718763,0.00909229474955311
"ENSG00000224081",NA,0.781136617641443,0.0391727989666816
"ENSG00000224424","PRKAR2A-AS1",1.56393309803675,0.00359323885637856
"ENSG00000224470","ATXN1L",0.35884060614264,0.0345469829643129
"ENSG00000224536","CSRP1-AS1",1.05045324385628,0.00586684151753872
"ENSG00000224687","RASAL2-AS1",1.51970884093252,5.51967600832433e-07
"ENSG00000224822",NA,0.762712094444602,0.0392127951089465
"ENSG00000225101","OR52K3P",2.83774291210247,3.8439076174546e-05
"ENSG00000225173",NA,0.876584803899746,0.0257927861892886
"ENSG00000225190","PLEKHM1",0.838892832769458,2.68021800625502e-06
"ENSG00000225205",NA,0.755513011203098,0.0385422564006066
"ENSG00000225361","PPP1R26-AS1",0.652018958260213,0.00898426150975513
"ENSG00000225439","BOLA3-DT",0.332347936252771,0.0375754255604182
"ENSG00000225511",NA,0.841206018941196,0.0231484239626767
"ENSG00000225526","MKRN2OS",0.906082069131143,0.0192804139933222
"ENSG00000225830","ERCC6",0.275011094516188,0.0126585853852334
"ENSG00000225938",NA,1.35621475686206,0.00409438713015299
"ENSG00000225975",NA,0.789439443507896,0.00345598702564828
"ENSG00000226137","BAIAP2-DT",0.939410068486898,0.000125233529527924
"ENSG00000226287",NA,1.19289894379791,4.45828428242206e-05
"ENSG00000226312","CFLAR-AS1",1.39989418085047,0.00163632959606588
"ENSG00000226332",NA,1.62524993718846,1.52144002051954e-11
"ENSG00000226465",NA,0.74601972249583,0.0196704461291169
"ENSG00000226752",NA,0.30269110660362,0.0463929685986042
"ENSG00000226835","ARHGAP29-AS1",1.05414833967398,0.0165095359878086
"ENSG00000226965",NA,1.12371950036269,0.00140498594634727
"ENSG00000227036","LINC00511",0.518806559826027,0.000445243941819993
"ENSG00000227051","C14orf132",0.81948336785308,0.0345269237495353
"ENSG00000227268","KLLN",1.28287480836965,0.00328692624946665
"ENSG00000227372",NA,0.413262567240069,0.0281435283248907
"ENSG00000227836",NA,1.44059061420048,0.00433604635546324
"ENSG00000228150",NA,0.686197890665567,0.0194146843970889
"ENSG00000228782",NA,0.650558337181803,0.00203772186698017
"ENSG00000228917",NA,1.07322209632434,0.0155480856443415
"ENSG00000229619","MBNL1-AS1",1.50152680037978,0.000132189352465994
"ENSG00000230002","ALMS1-IT1",0.479773101330292,0.0397339312058756
"ENSG00000230337",NA,1.18649934559833,0.00436388100654122
"ENSG00000230424","EMC1-AS1",0.737018991993258,0.0179353706774009
"ENSG00000231131","LOC105378305",1.20165460088197,6.67268705714998e-06
"ENSG00000231648",NA,0.680926529763657,0.0187545950484172
"ENSG00000231652","CD109-AS1",1.98625015584019,2.18803577941255e-08
"ENSG00000231705",NA,1.19433313723628,0.0108817902473881
"ENSG00000231711",NA,1.40812150751714,0.00151748149010693
"ENSG00000231721","LINC-PINT",0.415584544047428,0.0375770423330578
"ENSG00000231856",NA,0.657212532824109,0.0261647762536641
"ENSG00000232388","SMIM26",0.29051421336647,0.0329290743246515
"ENSG00000232485","RPL37A-DT",1.28947667539379,0.000375775351951746
"ENSG00000232671","ZNF687-AS1",1.04775613771529,0.00402422265782711
"ENSG00000233006","MIR3936HG",0.723160367737546,0.000604265255455097
"ENSG00000233264",NA,0.670542996911247,0.0218027494641835
"ENSG00000233382",NA,0.585134076956029,0.0207776476361026
"ENSG00000233527","ZNF529-AS1",0.441508872321438,0.0491465556329903
"ENSG00000233559","LINC00513",1.17339181188932,0.00711904462745086
"ENSG00000233834","GIRGL",1.50459840116328,0.00397649183716742
"ENSG00000234127","TRIM26",0.391478204122804,0.000394721216996658
"ENSG00000234155","LINC02535",1.05714938011444,0.00038655716565505
"ENSG00000234460",NA,0.794258649596877,0.0375541163509855
"ENSG00000234678",NA,2.9623415602091,1.46238397038058e-11
"ENSG00000234956","LINC02539",0.868033818764469,0.0242942583466284
"ENSG00000235078","LOC124907725",0.975982583761209,0.0205723349555973
"ENSG00000235109","ZSCAN31",0.495493415458553,0.0439386858970765
"ENSG00000235863","B3GALT4",1.42386917895579,0.000595565833795342
"ENSG00000236810","ELOA-AS1",0.919690001477611,6.07837414289826e-05
"ENSG00000236830","CBR3-AS1",0.906148756331974,0.0204612564354861
"ENSG00000237166",NA,3.46497599172673,5.43571604060621e-06
"ENSG00000237330","RNF223",2.5478650398274,7.46868194722665e-12
"ENSG00000237499",NA,1.42935893307667,2.61462101867444e-07
"ENSG00000237595","LINC01275",1.25047988875376,0.00904651180209737
"ENSG00000237638","LINC02245",0.534130760145875,0.0382871128235586
"ENSG00000237807","LINC02984",4.10830678577886,1.23113900649922e-09
"ENSG00000237870","LOC102724434",0.667513568001925,0.0149635501109865
"ENSG00000237945","LINC00649",0.758779701430449,0.0390072769512195
"ENSG00000237976","RFX5-AS1",0.631125905465615,0.0355062481963711
"ENSG00000238045",NA,1.0000274198253,0.0125328104919251
"ENSG00000238120","LINC01589",1.0117184942777,0.0129757743389028
"ENSG00000238287",NA,0.846636875275803,0.0211992721598976
"ENSG00000238829","RNU7-45P",0.756594554267865,0.0240169879168719
"ENSG00000239282","CASTOR1",0.853166392449399,0.0227971595773711
"ENSG00000239305","RNF103",0.592251477637574,2.17919231827428e-05
"ENSG00000239382","ALKBH6",0.554723791898436,0.00020505549440429
"ENSG00000239521",NA,0.986058253276408,0.000289348571057837
"ENSG00000239617","RPL32P27",2.44721466797098,0.000157897085374104
"ENSG00000239887","C1orf226",1.19812879567061,1.10658400985243e-07
"ENSG00000240006",NA,0.777088586656601,0.0394981951785134
"ENSG00000240065","PSMB9",0.750021737033504,0.00260013136758021
"ENSG00000240463",NA,0.495921199797821,0.00338234954305399
"ENSG00000240476","LINC00973",3.37889004383256,5.07197182235095e-09
"ENSG00000240583","AQP1",0.782107410110577,0.0371916542615299
"ENSG00000240602",NA,2.86785849250851,1.92223527950695e-05
"ENSG00000241015",NA,0.638976498194064,5.34695495904758e-05
"ENSG00000241352","RPS6P1",2.17563217687467,0.000108460092634503
"ENSG00000241553","ARPC4",0.311331748344408,4.38413525638092e-05
"ENSG00000241635","UGT1A1",0.780254740519834,0.0333107124010021
"ENSG00000241743",NA,0.743875240646493,0.0289569569729247
"ENSG00000241749",NA,0.836402683537851,0.00539643315042515
"ENSG00000241794","SPRR2A",1.99214744115365,9.85536762605809e-06
"ENSG00000241839","PLEKHO2",0.429871520381562,0.0327610097213889
"ENSG00000241852","C8orf58",0.48268040413743,0.00151012536273621
"ENSG00000242086","SDHAP2",0.763429167834031,8.8514046148702e-07
"ENSG00000242372","EIF6",0.19167641754669,0.0300531802771979
"ENSG00000242550","SERPINB10",4.00731677613762,9.68122299777723e-08
"ENSG00000242802","AP5Z1",0.385702719013519,0.0074592556517768
"ENSG00000242861",NA,1.18059166321331,0.00240841630100414
"ENSG00000243156","MICAL3",0.474232443472568,0.00136175925126407
"ENSG00000243175","RPSAP36",0.736620941279771,0.0238759605248589
"ENSG00000243978","RTL9",1.54533227233114,0.00328164047907933
"ENSG00000244041","LINC01011",1.50358060579495,0.00109116794311425
"ENSG00000244459",NA,0.651048488616519,0.0448027552588406
"ENSG00000244541","LINC01213",1.13138792103503,0.0126069433905366
"ENSG00000245532","NEAT1",0.663265645510902,0.00159017000179955
"ENSG00000246090","LOC100507053",1.43011172439779,0.000640871968409242
"ENSG00000246263",NA,0.992189074508392,0.00416245755523802
"ENSG00000246731","MGC16275",1.12070368165401,0.0132373004549816
"ENSG00000247400","DNAJC3-DT",0.732631152281024,0.000338438378518749
"ENSG00000247516","MIR4458HG",0.44423574972979,0.00261443554871325
"ENSG00000247572","CKMT2-AS1",0.534282275842637,0.00669524031247321
"ENSG00000247596","TWF2",0.259692859063049,0.0365494570540353
"ENSG00000247796","MOCS2-DT",0.382395835599133,0.0192405720409974
"ENSG00000248405","PRR5-ARHGAP8",1.98194365605826,0.000859756812771712
"ENSG00000248846",NA,1.08401201515586,0.01476194224571
"ENSG00000249069",NA,1.1537640622508,0.0121611047316823
"ENSG00000249199",NA,0.831427220302705,0.0301238480786504
"ENSG00000249484","LINC01470",1.09571345326315,0.014521119103339
"ENSG00000249915","PDCD6",0.615899309414344,0.00265995196569187
"ENSG00000250067","YJEFN3",0.635075761952311,0.0329276248146491
"ENSG00000250222",NA,0.398565296353242,0.0204568857638816
"ENSG00000250280",NA,1.65862865003318,0.000307465540242698
"ENSG00000250486","FAM218A",0.570177544635443,0.0399811212771514
"ENSG00000250519",NA,0.252986376319703,0.0371982142539177
"ENSG00000250532",NA,1.65000109133808,0.00291775406941015
"ENSG00000250548","LINC01303",1.20584722779493,0.000986621580205663
"ENSG00000251369","ZNF550",0.594624168472603,6.21588386590361e-05
"ENSG00000251580","LINC02482",0.622219181478588,0.0257412505683068
"ENSG00000251768","RNA5SP217",0.733912178703901,0.0455817155634158
"ENSG00000253130","LOC105379224",0.76473541793165,0.040124447151538
"ENSG00000253210","DENND3-AS1",1.00323133419299,8.73492515270623e-05
"ENSG00000253227",NA,1.55937108370672,0.00373304253266641
"ENSG00000253368","TRNP1",0.437661606547495,0.0210139179508514
"ENSG00000253704","VIRMA-DT",0.976917379954624,0.0207379384998371
"ENSG00000253958","CLDN23",1.28413835907092,0.00316136645277875
"ENSG00000254415","SIGLEC14",1.55860780024256,0.00345263009529109
"ENSG00000254901","BORCS8",0.442915913591812,9.8592427195134e-05
"ENSG00000254986","DPP3",0.492291757940978,1.18472634180112e-07
"ENSG00000255045",NA,0.730794342116099,0.0431634019384649
"ENSG00000255121",NA,0.912832852255023,0.0170430048159102
"ENSG00000255145",NA,0.990262113109916,0.0164290916846403
"ENSG00000255375","LOC107984322",0.862411232509454,0.0295844961593994
"ENSG00000255587","RAB44",0.701536168468255,8.97392520665835e-07
"ENSG00000255624",NA,0.568697199638819,0.0049714428483978
"ENSG00000255874","PRECSIT",2.12000258041267,1.98513869566135e-06
"ENSG00000256087","ZNF432",0.349897688563338,0.0287672292790015
"ENSG00000256235","SMIM3",0.714422827231498,2.64336807165454e-05
"ENSG00000256443",NA,1.41121037095856,0.00569613994120259
"ENSG00000256537","SMIM10L1",0.38260066586562,0.000128047498547392
"ENSG00000256571",NA,0.538730415370123,0.0449466159117434
"ENSG00000256683","ZNF350",0.536119597613095,0.00450832509533306
"ENSG00000256802","LCIIAR",0.980359502306732,0.0197931718775603
"ENSG00000257122",NA,0.414798770950443,0.013530610560966
"ENSG00000257261","SLC38A4-AS1",0.597866324160569,0.0168618253527605
"ENSG00000257267",NA,0.231831272371808,0.00780390740727389
"ENSG00000257433",NA,0.888232706644589,0.0132383247842446
"ENSG00000257557","PPP1R12A-AS1",0.574952138515349,0.034012651151555
"ENSG00000258056","CD63-AS1",0.693704141752753,0.00543574776471199
"ENSG00000258137",NA,1.76897129880536,0.00214588797799286
"ENSG00000258457",NA,0.70437903221753,0.0162559436393988
"ENSG00000258537","FRMD6-AS1",0.905112083865201,0.000137623366771036
"ENSG00000258791","LINC00520",1.81341591640928,0.000348297714294151
"ENSG00000258819","LINC02289",0.904170158873894,0.0122695617814317
"ENSG00000259426","KIF23-AS1",0.641206823335557,0.0211992721598976
"ENSG00000259494","MRPL46",1.22688142539454,0.000188232163137526
"ENSG00000259630",NA,0.825265178016793,0.0105732312519564
"ENSG00000259735",NA,0.826557478442656,0.00754393516977506
"ENSG00000259828",NA,1.0491603490363,0.00839964606251341
"ENSG00000259867",NA,1.35991089991644,0.00382792470654884
"ENSG00000259953",NA,1.59649701128567,0.000891808404072582
"ENSG00000260081",NA,0.69149338278375,0.0222331012023223
"ENSG00000260193","LINC02846",1.87355936797667,0.000939877033894842
"ENSG00000260428","SCX",1.1918061436736,0.00228514170203965
"ENSG00000260459",NA,1.47467616670569,0.000730474158895547
"ENSG00000260563",NA,0.658215471669616,0.00750891987143905
"ENSG00000260778",NA,0.851625144146713,0.0212366713759387
"ENSG00000260823",NA,0.941600681671821,0.0218386196399193
"ENSG00000261008","LINC01572",0.958769581132846,7.79153563897555e-05
"ENSG00000261040",NA,1.14854109882051,6.81356758894862e-06
"ENSG00000261104",NA,1.87158950207483,0.00159286084352745
"ENSG00000261183","SPINT1-AS1",1.05242858119237,8.40864928773165e-13
"ENSG00000261211",NA,1.32182258900971,0.00549422252649771
"ENSG00000261253","LOC100287036",0.795599763028856,0.0323266336580714
"ENSG00000261268",NA,1.12892690127256,0.0106884851038916
"ENSG00000261342",NA,0.830941979922289,0.0120481004555419
"ENSG00000261777","DDX19A-DT",0.793197175025115,0.0299133154631689
"ENSG00000261780","LINC02582",3.37943248118132,6.83352901363499e-06
"ENSG00000261804",NA,1.31216630345506,1.5806014717132e-06
"ENSG00000262152","GREP1",3.92159969747934,1.10902775894733e-08
"ENSG00000262165","C17orf114",0.65051009699873,0.0383679867750687
"ENSG00000262580",NA,0.783172420805396,0.0267249890746219
"ENSG00000262712",NA,0.545392394519367,0.037262143123082
"ENSG00000262714",NA,0.732234798444162,2.61334222507405e-06
"ENSG00000263528","IKBKE",0.941546016093642,1.60836348308504e-07
"ENSG00000264107","MIR4733HG",1.18846457597521,0.00652780322046131
"ENSG00000264920",NA,0.456599732256425,0.0175390869222302
"ENSG00000265491","RNF115",0.481530573196346,2.08516166717603e-09
"ENSG00000266126",NA,0.766744095057518,0.0314615291006151
"ENSG00000266258","LINC01909",0.747525348963822,0.0440903737216741
"ENSG00000266371",NA,0.749799365143987,0.0335703739821697
"ENSG00000266402","SNHG25",0.292082084669041,0.0322976483473369
"ENSG00000266412","NCOA4",0.176115213054503,0.0320939087655862
"ENSG00000266680",NA,0.672697010488303,0.0161824880711883
"ENSG00000266801",NA,0.620352728093852,0.0494410598076114
"ENSG00000266970","SOCS3-DT",2.52965356004401,0.000214256959696859
"ENSG00000267107","PCAT19",0.719932446459578,0.0484703837907986
"ENSG00000267123","SCAT1",1.40976089262051,0.00297264912796454
"ENSG00000267248","LOC100996660",0.955163173326081,0.0194830772793009
"ENSG00000267249",NA,0.473145721250692,0.00954756085264504
"ENSG00000267279",NA,0.699513668123922,0.00420595849338078
"ENSG00000267301","RPL23AP77",1.38207080503487,0.00641180412694903
"ENSG00000267419",NA,0.913435959413394,0.00523239552138149
"ENSG00000267453",NA,2.20712698144118,0.000521249683834991
"ENSG00000267534","S1PR2",0.422074772107448,0.0372445143910307
"ENSG00000267736",NA,0.987573560721298,0.0195883349175102
"ENSG00000267750",NA,1.04579093912799,0.0168957546522956
"ENSG00000267778",NA,1.63573103697297,0.00242614422317293
"ENSG00000267852",NA,0.918945775088669,0.0226045105003976
"ENSG00000267858","CENPBD2P",0.783200139681689,0.00405946727716349
"ENSG00000267892",NA,1.55656668497217,0.00176274923659892
"ENSG00000268516","ZNF8-DT",0.443383642935968,0.0158572487525894
"ENSG00000268812","LIF-AS2",1.59930692118979,0.00355662744149063
"ENSG00000269246",NA,1.41578825093597,5.03024385255888e-09
"ENSG00000269343","ZNF587B",0.378145593553977,0.0124931464610995
"ENSG00000269837",NA,0.9419148315939,0.00460232959908674
"ENSG00000269918",NA,0.7253603522849,0.0011081283918628
"ENSG00000269924",NA,0.699100099520316,0.0472601890225614
"ENSG00000269925",NA,1.11804503070019,0.00332513058879058
"ENSG00000269976",NA,0.71956375706908,0.0329895244522538
"ENSG00000270049","ATP6V0D1-DT",0.620808690362989,0.0129521548179237
"ENSG00000270069",NA,0.716642780710977,0.00947267041302352
"ENSG00000270127",NA,1.06871809392143,0.00724472527573202
"ENSG00000270177",NA,0.756942015425958,0.0425442359848225
"ENSG00000270574",NA,0.733029772662133,0.0249623860283877
"ENSG00000270607",NA,1.03383038252752,0.00643974705968608
"ENSG00000270629","NBPF14",0.483138846501343,0.0163522484617976
"ENSG00000271122","HERPUD2-AS1",0.857027546811402,1.25312008942988e-08
"ENSG00000271643","PDCD6IP-DT",0.535411422992334,0.00490428203164737
"ENSG00000271781",NA,1.15667387388242,0.000428990092531759
"ENSG00000271936",NA,0.76235322601935,0.00099564894785963
"ENSG00000272068",NA,1.3804620965679,0.00454502876956932
"ENSG00000272079",NA,1.78802990167445,2.58492464398803e-06
"ENSG00000272330",NA,0.980245511960474,0.000320313821327069
"ENSG00000272333","KMT2B",0.282298691975854,0.0180399334862541
"ENSG00000272405",NA,1.31366894625395,0.00188766763808333
"ENSG00000272468",NA,0.920255439182125,0.0223218948775453
"ENSG00000272574",NA,0.653420941008794,0.0417141390387618
"ENSG00000272582",NA,0.735046256672717,0.0262815725864875
"ENSG00000272627",NA,1.65571639018868,0.00303926015379105
"ENSG00000272688",NA,0.794293950707138,0.00104068284646335
"ENSG00000272707",NA,0.451321167713325,0.0287885602605088
"ENSG00000272758","WDR5B-DT",0.864289279999221,0.00506992975814872
"ENSG00000272779",NA,0.538506010769751,0.0166758644805313
"ENSG00000272824",NA,0.815079833474112,0.0339893575988002
"ENSG00000273136","NBPF26",0.825689661852667,0.0020842268652807
"ENSG00000273174",NA,1.29191913682322,0.00810040157014243
"ENSG00000273199",NA,2.5428229096083,8.63800415590758e-12
"ENSG00000273382",NA,0.495740803043054,0.0331692918995864
"ENSG00000273416",NA,0.972586851371616,0.0148396212942939
"ENSG00000273568",NA,1.2160808210797,1.04296029681978e-08
"ENSG00000273669",NA,2.66345123508125,2.43120784692977e-05
"ENSG00000273899","NOL12",0.591890065633324,0.000221420442129772
"ENSG00000274015","LOC105370532",0.475969602634969,0.0182006989080841
"ENSG00000274173",NA,1.75469217175051,5.96030213162093e-15
"ENSG00000274211","SOCS7",0.223180457152897,0.0305171101725281
"ENSG00000274238",NA,1.1470290088977,0.0117569870939289
"ENSG00000274443","C8orf89",2.17105781955376,0.000431105633280615
"ENSG00000274528",NA,0.643588205419202,0.0102710053376927
"ENSG00000275066","SYNRG",0.391983889503163,2.63094066628303e-06
"ENSG00000275234",NA,0.896359280101163,0.0115914410661735
"ENSG00000275479",NA,0.803829299090977,0.0312158369893763
"ENSG00000275484",NA,0.847197313496042,0.0313578259429784
"ENSG00000275832","ARHGAP23",0.50469072847068,1.35427893116463e-05
"ENSG00000276542",NA,0.781028535142306,0.0391065321108104
"ENSG00000276564",NA,0.755482372496563,0.0116429853375875
"ENSG00000277287",NA,0.976610653781812,0.0206029324854761
"ENSG00000277453",NA,1.31368115919236,0.00774076357199609
"ENSG00000277597",NA,1.19776628386145,0.00990397684231693
"ENSG00000277938",NA,1.60795124715842,0.000145531927689831
"ENSG00000278238","CKAP2-DT",0.652749257045016,0.0227182006336872
"ENSG00000278493",NA,0.839847731105379,0.0322654453415456
"ENSG00000278611","ZNF426-DT",0.743592129493573,0.0444431355423169
"ENSG00000278700",NA,0.697429492161663,0.0429483079296887
"ENSG00000278818",NA,0.648841374389407,0.0463929685986042
"ENSG00000278869",NA,1.63951376754688,0.00244637512402657
"ENSG00000279088","LOC124902453",0.365385637897176,0.03109506130943
"ENSG00000279141","LINC01451",2.15370476003249,0.000327539168756669
"ENSG00000279407",NA,0.999082448123125,4.213974546185e-05
"ENSG00000279481",NA,1.16014948057557,0.0118364434804949
"ENSG00000279502",NA,0.800728757211653,0.00328255783170591
"ENSG00000279598",NA,0.67973543544357,0.0411455853499554
"ENSG00000279673",NA,1.32515288342776,0.00244071382414045
"ENSG00000279766",NA,0.740140871967296,0.0357970613920724
"ENSG00000279901",NA,1.03341681796533,0.00251868976589314
"ENSG00000279946",NA,1.46804424724089,0.000335624596888313
"ENSG00000280027",NA,0.853352266565755,0.000943624163145165
"ENSG00000280208",NA,0.561727503913375,0.0287891277925169
"ENSG00000280213","UCKL1-AS1",2.55289899804225,3.75230604630218e-06
"ENSG00000280269",NA,2.23418123315914,0.000556669070086829
"ENSG00000280287",NA,1.06969049514993,0.00868679017756707
"ENSG00000281501",NA,0.603465102463834,0.00208155459382153
"ENSG00000282988",NA,0.776491040962387,0.0328590671369584
"ENSG00000283023",NA,0.594129690662715,0.0309417153439847
"ENSG00000283045",NA,0.656102379389002,0.0492620868272479
"ENSG00000283294",NA,1.26915497683101,0.00121820839432555
"ENSG00000283376",NA,1.72622939284719,0.00252771012201069
"ENSG00000283511",NA,1.566485296904,0.00204932949744161
"ENSG00000283646","LINC02009",1.12169150754884,0.00319704245812293
"ENSG00000283930",NA,0.797225904234393,0.0366503381754665
"ENSG00000284194","SCO2",0.23291487139875,0.024713579836956
"ENSG00000285596",NA,0.665263015657326,0.0413711657359432
"ENSG00000285756","LOC389906",0.662044873919389,2.28841984304295e-09
"ENSG00000285820",NA,0.674340181114189,0.0462124067016087
"ENSG00000285872","LOC101929691",1.39719994107024,0.0041801167163604
"ENSG00000286010","LOC105375754",0.953483774543557,1.68617513538362e-06
"ENSG00000286042","LCAL1",1.16968646026558,0.00437815203121256
"ENSG00000286048",NA,0.766063439106523,0.0261270568766373
"ENSG00000286133",NA,1.11360971395327,0.0112669087779092
"ENSG00000286162","LOC124902114",0.683414462817903,0.00310948993991398
"ENSG00000286324",NA,1.25939530883277,0.00904480605791466
"ENSG00000286707",NA,1.07281632025823,0.0106042132940913
"ENSG00000287093",NA,0.876753785517439,0.0286164007576124
"ENSG00000287175",NA,0.777161863609749,0.0397848471696481
"ENSG00000287260","LOC101928868",1.27039483262656,0.00387650110184142
"ENSG00000287331",NA,1.65234494150508,0.00103625211426029
"ENSG00000287692",NA,1.08636728591219,0.00460232959908674
"ENSG00000287750","LINC03026",0.562824114700944,0.0147957538383121
"ENSG00000287902",NA,1.7235560907868,0.00015241974712861
"ENSG00000287906",NA,0.802918321166272,0.00492430421673237
"ENSG00000287910",NA,1.23338272095128,0.0093376914917727
"ENSG00000287917","LOC105369344",1.21271339989223,0.0100025762571084
"ENSG00000287963",NA,0.895838643682933,0.0262815725864875
"ENSG00000288012",NA,0.64070777495863,0.0292829533142655
"ENSG00000288093",NA,0.814185175713891,0.0269530316464342
"ENSG00000288398",NA,0.546127579642167,0.0113570241422204
"ENSG00000288736",NA,0.805097674490533,0.022608406185229
"ENSG00000288915","LOC107984202",1.43978490446958,0.00317040931160292
"ENSG00000288953",NA,0.810717689846515,0.000191549160078366
"ENSG00000289048",NA,0.704632565149721,0.0289619998358516
"ENSG00000289062",NA,1.0732994134183,9.72593517527988e-05
"ENSG00000289085",NA,1.23951516015849,0.000153018220595619
"ENSG00000289086",NA,2.01037470726471,0.000953263639683355
"ENSG00000289138",NA,0.814266670552374,0.00932576732850455
"ENSG00000289164",NA,0.95011272545239,0.000122257228814882
"ENSG00000289168","LOC124904294",0.747613922109436,0.0420434349647816
"ENSG00000289298",NA,2.37920928563097,0.000287360866102658
"ENSG00000289401",NA,0.712260297525866,0.0282341183805263
"ENSG00000289423",NA,0.976351439178395,0.0181568578141389
"ENSG00000289437",NA,0.451778991432242,0.0476083451632163
"ENSG00000289579",NA,0.607070722663761,0.0250386021624232
"ENSG00000289641",NA,0.828796614963283,0.0202281807442957
"ENSG00000289833",NA,2.38556716498157,6.44667411280636e-05
"ENSG00000290105",NA,0.885556422313989,0.0250885469994016
