"ENSEMBL","SYMBOL","log2FoldChange","padj"
"ENSG00000000460","FIRRM",0.112337902341268,0.489684377167077
"ENSG00000000971","CFH",0.404724474933376,0.143652994665836
"ENSG00000001084","GCLC",0.484274003779186,0.000483647145588991
"ENSG00000001617","SEMA3F",-0.560427236711099,0.00146643501176815
"ENSG00000002330","BAD",-0.0627738664600026,0.718702043541975
"ENSG00000003249","DBNDD1",-0.150722625594849,0.462940683337009
"ENSG00000003436","TFPI",0.0844274151859261,0.740800641714092
"ENSG00000003987","MTMR7",0.371791244262266,0.170344201137947
"ENSG00000003989","SLC7A2",0.283528541123467,0.102996452335721
"ENSG00000004478","FKBP4",0.54495259425385,2.6673379391407e-13
"ENSG00000004700","RECQL",-0.445658288506359,2.18109785747956e-06
"ENSG00000004961","HCCS",0.271341414016518,0.0052050252091583
"ENSG00000005020","SKAP2",-0.699904057362748,6.00986405238165e-10
"ENSG00000005059","MCUB",-0.693568644324637,1.17679177241551e-09
"ENSG00000005075","POLR2J",0.0768137144209191,0.4859875663034
"ENSG00000005100","DHX33",0.0602271247754325,0.593932119732616
"ENSG00000005469","CROT",-0.0495048916618873,0.808181665819497
"ENSG00000005486","RHBDD2",1.19800521688553,2.23644494967882e-19
"ENSG00000005700","IBTK",-0.254438363244685,0.00539255452664116
"ENSG00000005884","ITGA3",-1.14768109400409,4.60605702091212e-22
"ENSG00000005893","LAMP2",-0.0556298808375734,0.647964959833082
"ENSG00000006007","GDE1",0.168527718863564,0.0623255177119437
"ENSG00000006015","REX1BD",0.140762856798071,0.31018687948386
"ENSG00000006125","AP2B1",-0.556257159628534,6.14633792808755e-14
"ENSG00000006468","ETV1",0.0270858282823734,0.92079452274485
"ENSG00000006534","ALDH3B1",0.0415209879031036,0.859248867002242
"ENSG00000006576","PHTF2",-0.112849663005947,0.320589909365763
"ENSG00000006625","GGCT",-0.142618087754613,0.239533148821914
"ENSG00000006704","GTF2IRD1",0.033511416465499,0.868480563977134
"ENSG00000006712","PAF1",0.212342698293297,0.0119795537909678
"ENSG00000006757","PNPLA4",-0.382522666483615,0.0108192109761393
"ENSG00000007047","MARK4",0.263573868876763,0.0513886733348178
"ENSG00000007080","CCDC124",0.0616977743711015,0.719594078955746
"ENSG00000007376","RPUSD1",-0.0204219052586102,0.923863213020046
"ENSG00000007541","PIGQ",0.198791669704049,0.201673660592813
"ENSG00000007545","CRAMP1",0.0890906569538045,0.601269860117924
"ENSG00000008130","NADK",0.232335576591316,0.0966389764019349
"ENSG00000008256","CYTH3",0.130037668821653,0.462235687180191
"ENSG00000008282","SYPL1",0.0582695425196889,0.617723009779782
"ENSG00000008311","AASS",0.0764133383934893,0.59686952646918
"ENSG00000008324","SS18L2",-0.296306219046748,0.00822681186191611
"ENSG00000008513","ST3GAL1",-0.460084052354788,0.0023385166671807
"ENSG00000008838","MED24",0.402248969691515,0.00132282781848765
"ENSG00000008853","RHOBTB2",0.233219907524549,0.113411633526987
"ENSG00000009780","FAM76A",-0.00137077072778755,0.994320097224252
"ENSG00000009830","POMT2",0.292291062997381,0.00373610768090562
"ENSG00000009844","VTA1",-0.0875180374174895,0.310782807444779
"ENSG00000009950","MLXIPL",0.313154867188443,0.223452960869038
"ENSG00000010704","HFE",0.400901111329052,0.0678963948368314
"ENSG00000011007","ELOA",0.0895466979429793,0.433009828261431
"ENSG00000011132","APBA3",0.688147178064003,1.96662137341892e-05
"ENSG00000011243","AKAP8L",0.660629479054761,4.23385274805399e-05
"ENSG00000011260","UTP18",0.0214351050217419,0.891937497809129
"ENSG00000011295","TTC19",-0.315369343410119,0.001473129482817
"ENSG00000011451","WIZ",0.457040905720477,0.000102888321793294
"ENSG00000011638","LDAF1",-0.368476698013332,0.020494087438108
"ENSG00000012124","CD22",-0.927739989815036,0.000345261778502093
"ENSG00000012822","CALCOCO1",0.2129899345759,0.320054970225745
"ENSG00000012983","MAP4K5",-0.0789774293712127,0.421513568832971
"ENSG00000013523","ANGEL1",0.443393442516214,0.045388191139586
"ENSG00000013561","RNF14",0.139385826907326,0.195520243125815
"ENSG00000014123","UFL1",-0.142969818522863,0.257437895322316
"ENSG00000014257","ACP3",0.180261312372871,0.442952226328474
"ENSG00000014824","SLC30A9",-0.540763692767164,1.17076051335122e-12
"ENSG00000015133","CCDC88C",-0.47746300239575,0.000901544867072856
"ENSG00000015532","XYLT2",-0.0690015168627468,0.630048896705966
"ENSG00000016864","GLT8D1",-0.194383119504418,0.11068609898262
"ENSG00000018510","AGPS",0.205486105710251,0.0117321899113573
"ENSG00000019995","ZRANB1",0.0620168292510967,0.591259006457264
"ENSG00000020426","MNAT1",-0.4826026312633,4.61871485476399e-06
"ENSG00000021776","AQR",-0.438720245069604,2.47157923044089e-09
"ENSG00000022277","RTF2",-0.0801052801210469,0.212659552613342
"ENSG00000022840","RNF10",0.368771905951028,7.40345403025772e-06
"ENSG00000023171","GRAMD1B",0.097361057173504,0.610806024581249
"ENSG00000023287","RB1CC1",0.201906412112793,0.0230104221677143
"ENSG00000023318","ERP44",0.0240417334426573,0.860263982597631
"ENSG00000023330","ALAS1",0.399553222358777,0.00170401644361046
"ENSG00000023839","ABCC2",-0.132847277910034,0.57129012115882
"ENSG00000023902","PLEKHO1",0.149003708458839,0.275739322736782
"ENSG00000025039","RRAGD",0.0714135706194185,0.804502647094037
"ENSG00000025796","SEC63",-0.23725718626775,0.0155091432540397
"ENSG00000026297","RNASET2",0.433553570394954,0.00215888656918958
"ENSG00000026559","KCNG1",-0.567162765127997,0.000113158582644641
"ENSG00000026652","AGPAT4",-0.457622801610967,0.000797958530437857
"ENSG00000027075","PRKCH",1.03546520630948,0.00177024749760746
"ENSG00000028116","VRK2",-0.0616842375275411,0.703118774116545
"ENSG00000028203","VEZT",0.143682918323238,0.0824654627235411
"ENSG00000029639","TFB1M",-0.628946330311159,8.66277786414713e-06
"ENSG00000029725","RABEP1",-0.0859059332268816,0.450816849305697
"ENSG00000031003","FAM13B",0.3761949859668,0.0132973999230338
"ENSG00000031081","ARHGAP31",-0.0918735488086715,0.63942427267785
"ENSG00000032389","EIPR1",-0.495767461730879,7.90304769075578e-07
"ENSG00000033327","GAB2",0.178832290042896,0.396694555259995
"ENSG00000033867","SLC4A7",0.0910728789450704,0.499803525345268
"ENSG00000034152","MAP2K3",0.470387104894901,4.2092709547665e-05
"ENSG00000034239","CLXN",-0.0192209891109448,0.943804618869915
"ENSG00000035499","DEPDC1B",-0.34662430418047,0.0256959529567757
"ENSG00000035687","ADSS2",-0.150035160981528,0.209615423208356
"ENSG00000036672","USP2",0.76037215834577,0.0336995772531201
"ENSG00000038427","VCAN",-0.0469222299198657,0.855898255080075
"ENSG00000039560","RAI14",-0.422135196348557,1.01898336742597e-05
"ENSG00000040608","RTN4R",0.594514946519885,0.0172915318763206
"ENSG00000041982","TNC",-1.65531186602455,3.61839283097292e-09
"ENSG00000042088","TDP1",-0.278025357869757,0.0128292365223041
"ENSG00000043093","DCUN1D1",0.107154526295246,0.29866560120104
"ENSG00000044090","CUL7",-0.0349714292680188,0.88410797169007
"ENSG00000044459","CNTLN",-0.402807798480825,2.17225711014227e-05
"ENSG00000047315","POLR2B",0.312859827132276,3.39906158570344e-08
"ENSG00000047346","ATOSA",0.995967810023858,1.10599700849871e-09
"ENSG00000047410","TPR",0.0259442210468694,0.892133489843765
"ENSG00000047644","WWC3",-0.370397806428197,0.00535504586758182
"ENSG00000047849","MAP4",-0.650201877374941,5.35687158157041e-20
"ENSG00000048342","CC2D2A",0.0800660013453844,0.600417872114968
"ENSG00000048471","SNX29",-0.534500265451454,0.00192239777039708
"ENSG00000048544","MRPS10",-0.327125161979295,1.64492065367723e-05
"ENSG00000049089","COL9A2",-0.0802919079777881,0.751385364276019
"ENSG00000049246","PER3",-1.44638418901439,2.56468224519477e-13
"ENSG00000049283","EPN3",3.12120542136413,5.53534695447997e-06
"ENSG00000049449","RCN1",-0.271872235198593,0.0148244660829135
"ENSG00000049759","NEDD4L",-0.0133074071769798,0.941902601863162
"ENSG00000050165","DKK3",-1.06438290119409,1.57203191484403e-14
"ENSG00000050730","TNIP3",-0.0939034309967579,0.726989439185746
"ENSG00000051009","FHIP1B",0.180156628484714,0.262849947635061
"ENSG00000051596","THOC3",0.590884697910653,4.64142998006519e-07
"ENSG00000052795","FNIP2",0.281617489334643,0.00885666787094626
"ENSG00000053900","ANAPC4",-0.167941547339849,0.0850688948129044
"ENSG00000054179","ENTPD2",-0.0281386948955043,0.924296237050381
"ENSG00000054277","OPN3",-0.366051307248758,0.0219838974881591
"ENSG00000054598","FOXC1",0.485685237280582,6.17162770855802e-07
"ENSG00000054793","ATP9A",-0.439825036056759,0.0221140869543773
"ENSG00000055118","KCNH2",-0.0607251403694377,0.809517568846249
"ENSG00000055208","TAB2",0.0614599105817746,0.573347223886037
"ENSG00000055950","MRPL43",-0.0222624283504163,0.898700153895159
"ENSG00000056050","HPF1",-0.318627492754247,0.00155566332165604
"ENSG00000056277","ZNF280C",0.020924754060104,0.931095121493305
"ENSG00000056487","PHF21B",-0.0350336560462562,0.906652059548733
"ENSG00000056586","RC3H2",-0.0432096624256093,0.73317789045609
"ENSG00000057149","SERPINB3",0.721973930187585,0.0376305745774287
"ENSG00000057657","PRDM1",-0.288950701014578,0.151513864444503
"ENSG00000059378","PARP12",0.620232142571014,0.000153513318042822
"ENSG00000059588","TARBP1",-0.0231923761438653,0.927810985891967
"ENSG00000059691","GATB",-0.538937093913804,2.16305905943308e-05
"ENSG00000060339","CCAR1",0.0379678594228976,0.719814574923701
"ENSG00000060491","OGFR",0.247743702161064,0.00138363022857768
"ENSG00000060749","QSER1",-0.208042031823412,0.0602865047496571
"ENSG00000061936","SFSWAP",0.196348242834741,0.0371530925196231
"ENSG00000062582","MRPS24",-0.0220029804097092,0.94186622791049
"ENSG00000062598","ELMO2",0.325639290811187,0.0187050811727955
"ENSG00000063046","EIF4B",-0.0258393164325418,0.8843285815049
"ENSG00000063169","BICRA",0.361078062023805,0.0622224343300734
"ENSG00000063177","RPL18",-0.00560501657643785,0.969156662085141
"ENSG00000063245","EPN1",0.0366733762725355,0.820576193367324
"ENSG00000063322","MED29",0.198214816602488,0.0637520988218983
"ENSG00000063438","AHRR",0.020345996273768,0.944849181157887
"ENSG00000063587","ZNF275",0.0421694751210327,0.834719025113985
"ENSG00000063854","HAGH",0.301027395311971,0.0193039988235817
"ENSG00000064042","LIMCH1",-0.282854223849254,0.0581892360911629
"ENSG00000064309","CDON",-0.555295140469917,0.071940604761723
"ENSG00000064547","LPAR2",0.0294940871888201,0.924823195517407
"ENSG00000064886","CHI3L2",0.197042231573929,0.376093145299
"ENSG00000064932","SBNO2",0.459794546328634,6.95368282395304e-05
"ENSG00000064961","HMG20B",-0.00757651179491074,0.962249512782133
"ENSG00000065029","ZNF76",-0.371387114996467,0.0209087729955385
"ENSG00000065485","PDIA5",-0.596480528192428,4.56231368763427e-08
"ENSG00000065518","NDUFB4",0.0473256960606634,0.661721328918389
"ENSG00000065613","SLK",-0.056350665958248,0.681454396120647
"ENSG00000065615","CYB5R4",-0.459425025513709,0.000203249073089349
"ENSG00000065675","PRKCQ",-0.0250056033555147,0.935808696940338
"ENSG00000065882","TBC1D1",-0.0934371451691472,0.351415032586069
"ENSG00000065989","PDE4A",0.253432104054931,0.0952587175109029
"ENSG00000066044","ELAVL1",0.0450951441282828,0.742176688865204
"ENSG00000066117","SMARCD1",-0.36375139140113,0.000291751149333333
"ENSG00000066279","ASPM",-0.381617864624445,0.0105207313438965
"ENSG00000066322","ELOVL1",0.0949573120261928,0.505065408858423
"ENSG00000066422","ZBTB11",-0.14185949258771,0.176676449564895
"ENSG00000066651","TRMT11",-0.468949673427917,0.00134953453305647
"ENSG00000066926","FECH",0.146895537286147,0.291461848145027
"ENSG00000067191","CACNB1",-0.212599142058961,0.333962131987188
"ENSG00000067221","STOML1",-0.0400390212254167,0.864345616293152
"ENSG00000067704","IARS2",0.145160118097247,0.183968486928063
"ENSG00000067955","CBFB",0.00887839651025322,0.943186125021224
"ENSG00000068137","PLEKHH3",-0.0941356406350284,0.652648248642098
"ENSG00000068308","OTUD5",0.0597290438054703,0.639650787361051
"ENSG00000068354","TBC1D25",0.101684946639362,0.473038586523185
"ENSG00000068784","SRBD1",0.324898312731442,0.000534504787641877
"ENSG00000068796","KIF2A",-0.251758309516927,0.000987914441954613
"ENSG00000068885","IFT80",-0.614635988899461,0.00427794895440944
"ENSG00000069399","BCL3",0.245864853884639,0.145075998602098
"ENSG00000069493","CLEC2D",-0.401371500515975,0.106501444928618
"ENSG00000069667","RORA",0.114555260552912,0.63375761420889
"ENSG00000069849","ATP1B3",0.123670336420909,0.147650734674505
"ENSG00000069974","RAB27A",-0.560779397914824,8.71544868776586e-07
"ENSG00000070081","NUCB2",-0.389301086854159,0.000356269298594693
"ENSG00000070182","SPTB",0.287625768446319,0.231671647528816
"ENSG00000070413","DGCR2",0.155899779486811,0.1590109796879
"ENSG00000070526","ST6GALNAC1",0.265288304443487,0.271874837724767
"ENSG00000070831","CDC42",-0.0267991899943435,0.928472881898701
"ENSG00000070961","ATP2B1",-0.202648176406055,0.0297880941462788
"ENSG00000071205","ARHGAP10",-0.0121478281482023,0.934879028425529
"ENSG00000071243","ING3",-0.172965449728501,0.0782563883379669
"ENSG00000071246","VASH1",0.131222766355666,0.603410587317598
"ENSG00000071575","TRIB2",-0.567735271217856,0.00481948766284149
"ENSG00000071794","HLTF",-0.0707812211087104,0.626781802580477
"ENSG00000072042","RDH11",-0.249171129386007,0.0151505147473849
"ENSG00000072062","PRKACA",0.0729747336552991,0.629099219940466
"ENSG00000072121","ZFYVE26",0.284132841472108,0.0736952699382739
"ENSG00000072135","PTPN18",0.0593682786115564,0.690070414268332
"ENSG00000072364","AFF4",0.449415706737933,3.45147462845762e-05
"ENSG00000072501","SMC1A",-0.023467194124949,0.883058002934414
"ENSG00000072506","HSD17B10",0.0860460800193403,0.409621445377682
"ENSG00000072518","MARK2",0.290899952478991,0.00818798969361034
"ENSG00000072571","HMMR",-0.565199702484704,0.00229044353529434
"ENSG00000072682","P4HA2",0.948490720879402,3.48325906892166e-12
"ENSG00000073331","ALPK1",-0.941171858972889,0.000131988354072405
"ENSG00000073417","PDE8A",-0.276544202904038,0.0326000845020323
"ENSG00000073849","ST6GAL1",-1.54554653607868,3.70793365368848e-14
"ENSG00000074054","CLASP1",0.397791535637526,0.000137314772242265
"ENSG00000074590","NUAK1",0.592617864063337,3.87277532447088e-05
"ENSG00000075223","SEMA3C",-0.00517163540729597,0.981632972760769
"ENSG00000075239","ACAT1",-0.0782761742526155,0.462666048093852
"ENSG00000075303","SLC25A40",-0.450979266711542,0.00212656232346018
"ENSG00000075426","FOSL2",0.519918176222707,1.92034329621778e-07
"ENSG00000075643","MOCOS",-0.172626124455948,0.243793219115049
"ENSG00000075702","WDR62",0.182250825709325,0.332121287951694
"ENSG00000075785","RAB7A",-0.181921465321622,0.00186689597375057
"ENSG00000076053","RBM7",-0.179096543624185,0.204907661808383
"ENSG00000076242","MLH1",-0.0290326693877774,0.855198617706845
"ENSG00000076258","FMO4",-0.24914275979314,0.296234963714108
"ENSG00000076351","SLC46A1",2.29262165736492,3.57707480276381e-08
"ENSG00000076382","SPAG5",0.053308642111195,0.780163807303326
"ENSG00000076826","CAMSAP3",-0.029464577312384,0.921047248081336
"ENSG00000076924","XAB2",0.305195284834369,0.059598028344421
"ENSG00000077063","CTTNBP2",-0.0577639367969548,0.831521113593907
"ENSG00000077254","USP33",0.30531406228525,4.16118986939687e-05
"ENSG00000077264","PAK3",0.0180378479948664,0.947509601180742
"ENSG00000077348","EXOSC5",0.102553190718822,0.310315642409758
"ENSG00000077463","SIRT6",0.400632893455041,0.0049288289577553
"ENSG00000077514","POLD3",-0.238399709056627,0.0332475890422219
"ENSG00000078061","ARAF",0.283079923932656,0.00999327345805936
"ENSG00000078140","UBE2K",0.0458743815920294,0.641210491377628
"ENSG00000078177","N4BP2",0.0329888686060675,0.859790956749773
"ENSG00000078237","TIGAR",0.139807928339842,0.419630061218943
"ENSG00000078269","SYNJ2",-0.0544742132820827,0.696488883257334
"ENSG00000078369","GNB1",-0.346386865565177,4.93333043411089e-10
"ENSG00000078902","TOLLIP",0.5326051520619,2.01298011179848e-07
"ENSG00000079150","FKBP7",-0.0377830495708866,0.869363490047004
"ENSG00000079246","XRCC5",-0.117803585811974,0.0596039805412754
"ENSG00000079263","SP140",0.248342205740512,0.20087190068218
"ENSG00000079308","TNS1",-0.713884792985099,1.27505828618783e-05
"ENSG00000079313","REXO1",0.232037275267379,0.176336577396544
"ENSG00000079785","DDX1",-0.0270527592269657,0.791854791874159
"ENSG00000079805","DNM2",0.023406539089482,0.886533217446906
"ENSG00000080031","PTPRH",0.276708353978133,0.279207910491053
"ENSG00000080189","SLC35C2",0.126801731536586,0.176935299785555
"ENSG00000080546","SESN1",0.989617100900736,2.46294501423612e-14
"ENSG00000080603","SRCAP",0.541809669904611,0.00358442295091511
"ENSG00000080815","PSEN1",0.327271309955598,0.00184469259696779
"ENSG00000080822","CLDND1",0.0530963952651828,0.781999671295355
"ENSG00000080823","MOK",-0.399619619390768,0.00046315345643862
"ENSG00000080824","HSP90AA1",0.0066622447569084,0.965890476244093
"ENSG00000080854","IGSF9B",-0.314838752191735,0.209917783768643
"ENSG00000081041","CXCL2",-0.0191731471752571,0.944084242462285
"ENSG00000081059","TCF7",0.0532918927434915,0.847168527812005
"ENSG00000081181","ARG2",0.452868862042964,0.0130745239009223
"ENSG00000081307","UBA5",0.260941314290569,7.28974157085913e-05
"ENSG00000081760","AACS",0.0185446285161509,0.92563505937493
"ENSG00000081923","ATP8B1",0.218975492320128,0.225282845672173
"ENSG00000082014","SMARCD3",0.505151056445515,0.01031333238528
"ENSG00000082146","STRADB",0.172867139550269,0.232944744096189
"ENSG00000082212","ME2",0.22003389102604,0.0065872696928793
"ENSG00000082258","CCNT2",-0.426935759572817,0.00128444627753503
"ENSG00000082458","DLG3",0.119218856210698,0.508507487751927
"ENSG00000082482","KCNK2",-1.0646035755649,2.9418195735267e-06
"ENSG00000082898","XPO1",-0.119279552018917,0.0994393557153792
"ENSG00000083223","TUT7",-0.0930685568826289,0.523996396768027
"ENSG00000083307","GRHL2",-0.0279152487316347,0.924831928335451
"ENSG00000083312","TNPO1",0.183961816401618,0.00894190352127898
"ENSG00000083535","PIBF1",-0.351560296553435,0.00568677801319914
"ENSG00000083642","PDS5B",-0.109039633019519,0.334764559582718
"ENSG00000083799","CYLD",0.376566203107911,0.00055559190376078
"ENSG00000083807","SLC27A5",-0.693757932001543,4.11929903257307e-05
"ENSG00000083844","ZNF264",-0.121132938480634,0.36048953112833
"ENSG00000083896","YTHDC1",0.00417376533298986,0.973706702282457
"ENSG00000084093","REST",-0.165526733811904,0.116174500948744
"ENSG00000084207","GSTP1",0.268768542622211,0.000634690841650849
"ENSG00000084234","APLP2",-0.0741928465716559,0.482995731014052
"ENSG00000084628","NKAIN1",-0.191707778485362,0.382361302816768
"ENSG00000084693","AGBL5",0.191182833556234,0.0861702522688697
"ENSG00000085231","AK6",-0.0708525164067457,0.609106794472688
"ENSG00000085465","OVGP1",0.219037860677441,0.382457556575369
"ENSG00000085733","CTTN",-0.0547370112134036,0.693257676614613
"ENSG00000085760","MTIF2",0.0924600162018085,0.383649599812454
"ENSG00000085788","DDHD2",-0.176423445254044,0.176997622529764
"ENSG00000085978","ATG16L1",0.000187306406593634,0.99892926337607
"ENSG00000086289","EPDR1",0.147023663834176,0.160529064240683
"ENSG00000086475","SEPHS1",-0.107289250333284,0.259399035023053
"ENSG00000086544","ITPKC",0.185253682681171,0.338520874557975
"ENSG00000086712","TXLNG",-0.0813246444325391,0.464018709977935
"ENSG00000087085","ACHE",0.158121885826602,0.507925653872854
"ENSG00000087111","PIGS",0.180296085547814,0.103332724977096
"ENSG00000087157","PGS1",0.0187524853464427,0.933013906525093
"ENSG00000087245","MMP2",0.154033128781163,0.522871377391874
"ENSG00000087299","L2HGDH",-0.117573148728227,0.469420607359984
"ENSG00000087365","SF3B2",0.235154570135411,5.62972912484712e-05
"ENSG00000087448","KLHL42",-0.630977909686411,3.41670602699156e-18
"ENSG00000087460","GNAS",-0.161429987508313,0.0618509952858813
"ENSG00000087470","DNM1L",-0.106349987405967,0.139100452132975
"ENSG00000087510","TFAP2C",0.0856509838868194,0.713066890974907
"ENSG00000088280","ASAP3",-0.136226514658968,0.594611638613879
"ENSG00000088298","EDEM2",0.0928670385699982,0.645502063094388
"ENSG00000088305","DNMT3B",0.348272820737997,0.0319555671605767
"ENSG00000088356","PDRG1",0.178781171996418,0.132107621936102
"ENSG00000088367","EPB41L1",-0.293631060225535,0.0137337837714286
"ENSG00000088448","ANKRD10",0.0373757900381659,0.822808946524395
"ENSG00000088812","ATRN",-0.415668009062944,0.00119914327043604
"ENSG00000088833","NSFL1C",-0.0534471547690709,0.607663466693709
"ENSG00000088888","MAVS",0.252131270061011,0.0175777593356081
"ENSG00000088899","LZTS3",0.654910862781902,0.00140593542556937
"ENSG00000088970","KIZ",0.16193911756504,0.370896559461588
"ENSG00000089009","RPL6",-0.0942536379609527,0.401740603231991
"ENSG00000089050","RBBP9",0.096383572826617,0.556648963574397
"ENSG00000089057","SLC23A2",-0.0149502403455364,0.93873617083022
"ENSG00000089060","SLC8B1",0.131526588319627,0.434387033786716
"ENSG00000089123","TASP1",-0.0797144266973221,0.680890649382316
"ENSG00000089177","KIF16B",-0.0294298327172354,0.923609471298961
"ENSG00000089195","TRMT6",-0.011257765201904,0.942362606020151
"ENSG00000089248","ERP29",-0.163208556503316,0.0853574746791796
"ENSG00000089289","IGBP1",0.00015704382239095,0.998976286455315
"ENSG00000089597","GANAB",-0.154557029135415,0.0872948612429174
"ENSG00000089723","OTUB2",0.776939501375899,2.06626243452485e-05
"ENSG00000089916","GPATCH2L",0.119846126077071,0.292809901315134
"ENSG00000090020","SLC9A1",0.368100852706505,0.00894726758878734
"ENSG00000090339","ICAM1",0.11514496720002,0.655030602584201
"ENSG00000090530","P3H2",2.25546150058531,0.000312665508731464
"ENSG00000090674","MCOLN1",0.586689673234019,0.0077818258883501
"ENSG00000090861","AARS1",-0.274285184166234,0.00544894973024178
"ENSG00000090863","GLG1",-0.307427730900986,0.000216063956357921
"ENSG00000090924","PLEKHG2",0.136496764072414,0.419291830383692
"ENSG00000090971","NAT14",-0.15742272728295,0.293254075886419
"ENSG00000091009","RBM27",0.252976234561868,0.00033175400186998
"ENSG00000091039","OSBPL8",-0.190068697713139,0.0284058268093798
"ENSG00000091129","NRCAM",-0.812939150533132,0.000219720827230819
"ENSG00000091137","SLC26A4",-0.778542675619188,0.000130814286579806
"ENSG00000091164","TXNL1",-0.0303452911037273,0.82219083178664
"ENSG00000091317","CMTM6",-0.0129021440291364,0.93236273071122
"ENSG00000091409","ITGA6",-1.35142310277809,5.47411530631011e-26
"ENSG00000091483","FH",-0.0617361217228527,0.656580625591765
"ENSG00000091651","ORC6",-0.414036614963167,0.000114699610406071
"ENSG00000091844","RGS17",-0.572168459450402,0.00012703064342521
"ENSG00000091947","TMEM101",-0.219693230250189,0.0811479555935918
"ENSG00000092421","SEMA6A",0.047904561355411,0.873900350041149
"ENSG00000092470","WDR76",-0.941359946329984,5.31875602766552e-20
"ENSG00000092621","PHGDH",-0.800234985122719,0.00178299984281921
"ENSG00000092929","UNC13D",1.19563132418828,2.18637107673355e-07
"ENSG00000093144","ECHDC1",-0.160323368714064,0.0344235681996387
"ENSG00000093183","SEC22C",-0.0422848670099729,0.717134800789622
"ENSG00000095015","MAP3K1",-0.185806719006915,0.237577298855928
"ENSG00000095066","HOOK2",0.268178177544808,0.116715300411182
"ENSG00000095203","EPB41L4B",0.153792376663054,0.404861648874147
"ENSG00000095303","PTGS1",-0.0240665821749183,0.93659404942583
"ENSG00000095637","SORBS1",0.10221105602466,0.699947130459948
"ENSG00000095794","CREM",0.153986971622077,0.24738431151365
"ENSG00000095906","NUBP2",0.0225938777709736,0.891644360627072
"ENSG00000096080","MRPS18A",0.266688945974947,0.00286463379921158
"ENSG00000097007","ABL1",-0.224751726146784,0.0372437172770633
"ENSG00000097096","SYDE2",0.541669259514454,0.0026180269962487
"ENSG00000099260","PALMD",-0.0445172440107743,0.8843285815049
"ENSG00000099284","MACROH2A2",-0.0638329978823993,0.812211162330045
"ENSG00000099308","MAST3",0.581310165104025,0.00641541810742617
"ENSG00000099331","MYO9B",0.330479645377132,0.00363503804974035
"ENSG00000099385","BCL7C",-0.0513161927987077,0.733041337841336
"ENSG00000099624","ATP5F1D",-0.133414173341369,0.239455697092738
"ENSG00000099785","MARCHF2",0.106957307844304,0.655286699028131
"ENSG00000099814","CEP170B",0.733928961535507,1.78428256507216e-08
"ENSG00000099875","MKNK2",0.424940989080912,1.31968613807347e-06
"ENSG00000099940","SNAP29",0.0527049339070704,0.590079798946893
"ENSG00000099956","SMARCB1",0.276740278721981,0.000134353189826408
"ENSG00000100033","PRODH",3.54584376502288,1.47674004679453e-07
"ENSG00000100036","SLC35E4",-0.0825974672875208,0.599099768673511
"ENSG00000100083","GGA1",0.00344923877856675,0.984947235625179
"ENSG00000100097","LGALS1",-0.585869223355289,1.20453212117649e-09
"ENSG00000100104","SRRD",0.61201951332007,3.01187069246566e-11
"ENSG00000100106","TRIOBP",-0.081171843334308,0.611346732457306
"ENSG00000100109","TFIP11",0.274566834357119,0.0176964812422813
"ENSG00000100116","GCAT",0.167748236403397,0.414231358249051
"ENSG00000100142","POLR2F",0.292673399981094,0.000392985912909175
"ENSG00000100147","CCDC134",0.519356922965799,9.81567947866401e-05
"ENSG00000100219","XBP1",-1.31888601162083,2.2329058132567e-23
"ENSG00000100220","RTCB",0.257932886348812,0.00200836444842705
"ENSG00000100225","FBXO7",0.263489079644504,1.02065985686551e-05
"ENSG00000100258","LMF2",0.463076228661107,8.06364010441823e-05
"ENSG00000100266","PACSIN2",0.104392105316266,0.372462382870966
"ENSG00000100307","CBX7",-0.191137023651461,0.400976219845193
"ENSG00000100316","RPL3",-0.236606399522436,0.0183066650500301
"ENSG00000100325","ASCC2",0.235065220498052,0.00552562788252498
"ENSG00000100353","EIF3D",0.0869861014099107,0.276077147804651
"ENSG00000100360","IFT27",0.702021084374274,0.0415314301103418
"ENSG00000100395","L3MBTL2",0.343804152011439,0.00347087228687786
"ENSG00000100403","ZC3H7B",0.40550640397033,0.000112707091397458
"ENSG00000100410","PHF5A",-0.419727458213152,1.78538636445312e-05
"ENSG00000100417","PMM1",-0.0229309211142217,0.914308950638517
"ENSG00000100425","BRD1",-0.116231587903217,0.490350845175527
"ENSG00000100429","HDAC10",0.193151457964671,0.289966964443842
"ENSG00000100442","FKBP3",-0.264740237058619,0.00052832266931211
"ENSG00000100462","PRMT5",0.172502056227565,0.0435374865242222
"ENSG00000100490","CDKL1",-0.137866968243223,0.471957481293724
"ENSG00000100505","TRIM9",-0.0252230430138732,0.931338857934589
"ENSG00000100519","PSMC6",0.0209216602805713,0.879534660541635
"ENSG00000100558","PLEK2",0.172312457014426,0.480192238311956
"ENSG00000100591","AHSA1",0.352775351622083,7.30200969034777e-05
"ENSG00000100596","SPTLC2",-0.274953648356692,0.0238433590133107
"ENSG00000100601","ALKBH1",0.279299313444025,0.128385595154416
"ENSG00000100731","PCNX1",-0.27293159094678,0.00746079696971774
"ENSG00000100739","BDKRB1",-0.458910420383119,0.103124921760831
"ENSG00000100796","PPP4R3A",0.272659170034534,0.00352827334112381
"ENSG00000100823","APEX1",-0.146066542935839,0.206096135731747
"ENSG00000100889","PCK2",-0.983490863753146,0.000114751624173862
"ENSG00000100908","EMC9",-0.288875274967665,0.0443430592135383
"ENSG00000100938","GMPR2",-0.772587448277257,1.10916980933464e-11
"ENSG00000101109","STK4",0.158732413684293,0.0564404767979896
"ENSG00000101150","TPD52L2",-0.00740280118445373,0.955217494887367
"ENSG00000101191","DIDO1",0.207227662887369,0.0625383901517468
"ENSG00000101193","GID8",0.2051246394482,0.0204762145361275
"ENSG00000101199","ARFGAP1",0.0963308405355968,0.506962430538016
"ENSG00000101210","EEF1A2",-0.000726582853195329,0.998209661833833
"ENSG00000101213","PTK6",0.127818782515215,0.592956209482975
"ENSG00000101255","TRIB3",-1.17981574808641,1.60800661923397e-07
"ENSG00000101276","SLC52A3",0.0987851939069472,0.686218861631569
"ENSG00000101310","SEC23B",0.341957366013469,8.28365498864152e-05
"ENSG00000101337","TM9SF4",-0.0535119646987719,0.736558678102474
"ENSG00000101346","POFUT1",-0.133098113577868,0.0840740533538711
"ENSG00000101421","CHMP4B",0.331492605512835,0.000486616061186033
"ENSG00000101444","AHCY",-0.179171586051607,0.0695822999984612
"ENSG00000101457","DNTTIP1",-0.388232352539456,0.000387035416184615
"ENSG00000101473","ACOT8",-0.00565516529675725,0.976685125159083
"ENSG00000101546","RBFA",0.0756845411529706,0.622407277999266
"ENSG00000101574","METTL4",-0.124693088744876,0.486106142130873
"ENSG00000101752","MIB1",-0.0543426306961975,0.688957826714002
"ENSG00000101773","RBBP8",-0.210468694648169,0.0295694201513271
"ENSG00000101782","RIOK3",0.0705231111871014,0.589797219124605
"ENSG00000101849","TBL1X",-0.107059463385287,0.579000487365713
"ENSG00000101871","MID1",0.32394213928646,0.000776300706309845
"ENSG00000101911","PRPS2",-0.226124227647903,0.0473683404396117
"ENSG00000101935","AMMECR1",0.150176422863555,0.0933652995177637
"ENSG00000101940","WDR13",-0.169740562258141,0.125742619233636
"ENSG00000101972","STAG2",0.124932547680089,0.127810896419121
"ENSG00000101974","ATP11C",-0.432128349956076,4.52145318494402e-06
"ENSG00000102030","NAA10",-0.289734236012558,2.12183148951447e-05
"ENSG00000102034","ELF4",0.162699274390993,0.255186522276274
"ENSG00000102048","ASB9",0.0506698483414944,0.858072271015639
"ENSG00000102144","PGK1",-0.266971254087236,0.0149086812630549
"ENSG00000102172","SMS",-0.527028951849051,5.51525962638599e-09
"ENSG00000102178","UBL4A",-0.216533072741656,0.0202317616482379
"ENSG00000102218","RP2",-0.0998726150758711,0.641584110009976
"ENSG00000102349","KLF8",-0.028755563322836,0.922940009007077
"ENSG00000102547","CAB39L",-1.86633681730987,1.56393411035301e-07
"ENSG00000102595","UGGT2",-0.71344073658471,4.42886567849144e-08
"ENSG00000102786","INTS6",0.0173997991263191,0.926412453373057
"ENSG00000102854","MSLN",1.32834287519659,0.00599027158535665
"ENSG00000102858","MGRN1",0.440014568136312,0.00203592075940722
"ENSG00000102870","ZNF629",0.0529809356920672,0.780318357302419
"ENSG00000102931","ARL2BP",0.287338540681089,0.00637826933833779
"ENSG00000103018","CYB5B",-0.109119206972666,0.374324152112402
"ENSG00000103021","CFAP263",-0.167296981948023,0.501736173404856
"ENSG00000103024","NME3",0.0120301211221802,0.966529938826653
"ENSG00000103042","SLC38A7",0.22442794466562,0.167487042601682
"ENSG00000103043","VAC14",-0.302563011840398,0.0302231518053663
"ENSG00000103044","HAS3",0.841527757189192,0.00339341369527684
"ENSG00000103047","TANGO6",-0.409465297387598,0.00521183625088495
"ENSG00000103061","SLC7A6OS",0.17004746254363,0.122157545971284
"ENSG00000103066","PLA2G15",0.278849743432075,0.0485249489921229
"ENSG00000103089","FA2H",-0.0684799131532033,0.79191687715146
"ENSG00000103111","MON1B",-0.458734770014517,8.94462606264467e-08
"ENSG00000103121","CMC2",0.0522791419112462,0.675005624681773
"ENSG00000103148","NPRL3",-0.157618070042736,0.216836515885482
"ENSG00000103227","LMF1",-0.0317606586157962,0.913739732589962
"ENSG00000103253","HAGHL",-0.293995204945139,0.0969907946573865
"ENSG00000103257","SLC7A5",-0.975421488883632,2.97516944811941e-09
"ENSG00000103404","USP31",0.391718931041054,0.0052964683443525
"ENSG00000103490","PYCARD",-0.0206967878671207,0.941483724464474
"ENSG00000103549","RNF40",0.509856349558072,9.6458916713171e-08
"ENSG00000103569","AQP9",-0.0424929751443545,0.883516499618717
"ENSG00000103599","IQCH",-0.287720782713805,0.242592326519898
"ENSG00000103647","CORO2B",-1.63008379045832,5.19326876394805e-12
"ENSG00000103657","HERC1",-0.136141393804581,0.302144026225416
"ENSG00000103707","MTFMT",0.108306971979394,0.466162336535622
"ENSG00000103876","FAH",-0.163589814335892,0.164537675052266
"ENSG00000103932","RPAP1",0.364539110678715,0.000129577729833732
"ENSG00000103942","HOMER2",-0.136614388037237,0.286964323570242
"ENSG00000104081","BMF",1.18011052049567,0.00434495922222248
"ENSG00000104133","SPG11",-0.333389280609841,0.0130883748672742
"ENSG00000104140","RHOV",0.0935775692852379,0.718413401622723
"ENSG00000104142","VPS18",0.233307095542977,0.093363326059334
"ENSG00000104147","OIP5",0.484953142110359,0.000480240826235194
"ENSG00000104164","BLOC1S6",-0.283437725585169,8.74902224414786e-05
"ENSG00000104177","MYEF2",-0.392469662619901,0.00269044319528233
"ENSG00000104219","ZDHHC2",-0.0942647658833579,0.680985227197405
"ENSG00000104221","BRF2",0.286895850433146,0.0804526204633816
"ENSG00000104228","TRIM35",0.0415616234074424,0.851429303588321
"ENSG00000104231","ZFAND1",-0.146724360886522,0.32948766509879
"ENSG00000104267","CA2",-0.0275575578387497,0.92563505937493
"ENSG00000104320","NBN",-0.0112951449310101,0.932925361695864
"ENSG00000104325","DECR1",-0.0800012688973459,0.6125908768398
"ENSG00000104369","JPH1",-0.572181430223727,0.000165050429970299
"ENSG00000104408","EIF3E",-0.200359959209001,0.0171346086910958
"ENSG00000104442","ARMC1",-0.261232784247296,0.000985428561559661
"ENSG00000104529","EEF1D",-0.156529733103851,0.0429886123178132
"ENSG00000104611","SH2D4A",0.11206627083203,0.506606819928687
"ENSG00000104763","ASAH1",0.310597465153393,0.00327114951530422
"ENSG00000104805","NUCB1",-0.0752653222996014,0.599971631086956
"ENSG00000104852","SNRNP70",0.262548303965581,0.00166629042623186
"ENSG00000104853","CLPTM1",0.416191323165683,0.000989888481539025
"ENSG00000104863","LIN7B",0.843792285924943,2.03324144077695e-05
"ENSG00000104872","PIH1D1",-0.386219737880505,3.04690647958383e-05
"ENSG00000104885","DOT1L",0.178957430087642,0.222505129988465
"ENSG00000104886","PLEKHJ1",-0.269777379548441,0.01183713983682
"ENSG00000104897","SF3A2",0.581961908836283,1.78985151661672e-06
"ENSG00000104979","C19orf53",0.0732298326835307,0.45635970411537
"ENSG00000104983","CCDC61",-0.161422733502788,0.487740941534885
"ENSG00000105136","ZNF419",-0.219621220800234,0.182534702987271
"ENSG00000105171","POP4",0.139298180625877,0.212644124695103
"ENSG00000105176","URI1",-0.186380398023707,0.0677729373599327
"ENSG00000105219","CCNP",-0.00541998814406347,0.984596614528741
"ENSG00000105229","PIAS4",0.136257436317291,0.365798714471634
"ENSG00000105246","EBI3",1.1120669876471,0.00307166105747399
"ENSG00000105255","FSD1",0.231321974801655,0.231062278245571
"ENSG00000105281","SLC1A5",-0.229176945950066,0.0679029990791218
"ENSG00000105321","CCDC9",1.06198445999901,8.89627188456072e-07
"ENSG00000105325","FZR1",0.178533126782131,0.197742276024506
"ENSG00000105341","DMAC2",0.284335788777526,0.00487384174153293
"ENSG00000105357","MYH14",-0.0321447506023709,0.913571210431639
"ENSG00000105401","CDC37",0.0817192085553334,0.37968584654935
"ENSG00000105429","MEGF8",-1.00848000392901,5.81071649788551e-07
"ENSG00000105438","KDELR1",0.139382453912952,0.174736871076157
"ENSG00000105443","CYTH2",0.217404129163069,0.0689429691932972
"ENSG00000105464","GRIN2D",0.0657784743985772,0.811505638794695
"ENSG00000105486","LIG1",-0.221893022994688,0.130778175409858
"ENSG00000105499","PLA2G4C",0.617749840529299,0.0481095508581356
"ENSG00000105520","PLPPR2",0.216321752657432,0.25209577325046
"ENSG00000105556","MIER2",0.0519970451462728,0.790485290320318
"ENSG00000105568","PPP2R1A",0.110246540534805,0.27500077561328
"ENSG00000105607","GCDH",0.248604148918992,0.0751589724532834
"ENSG00000105617","LENG1",0.450212544361102,0.000911846811933472
"ENSG00000105619","TFPT",0.435965067431866,0.000501031207427246
"ENSG00000105647","PIK3R2",-0.658813568446171,0.0429069963603154
"ENSG00000105655","ISYNA1",0.96572346505941,0.0107035673594524
"ENSG00000105662","CRTC1",0.377297444943379,0.083425680424328
"ENSG00000105695","MAG",-0.0305674922982924,0.918044573310182
"ENSG00000105717","PBX4",-0.0236267154704423,0.935329734234164
"ENSG00000105723","GSK3A",0.263103562222245,0.0224098127078356
"ENSG00000105771","SMG9",0.273098860778582,0.0145406260439873
"ENSG00000105793","GTPBP10",-0.0951489451324214,0.479117007588744
"ENSG00000105819","PMPCB",0.0498215425229727,0.744652022047073
"ENSG00000105821","DNAJC2",-0.162332335203134,0.0287588957904295
"ENSG00000105835","NAMPT",0.0741294835458454,0.726989439185746
"ENSG00000105854","PON2",0.354772803247351,2.89232252138501e-05
"ENSG00000105856","HBP1",0.0402733546129132,0.873285461855149
"ENSG00000105865","DUS4L",-0.113335152228666,0.388872866836497
"ENSG00000105866","SP4",-0.290342546608221,0.0636915097072333
"ENSG00000105879","CBLL1",-0.255331993438671,0.0252093341123719
"ENSG00000105894","PTN",-0.0985338217350422,0.712544187650967
"ENSG00000105963","ADAP1",0.168165214273655,0.451167057974003
"ENSG00000105983","LMBR1",-0.0600519904243503,0.626539523429046
"ENSG00000105991","HOXA1",0.347334716561048,0.137575244798501
"ENSG00000105997","HOXA3",-0.370423643218163,0.166834368172538
"ENSG00000106078","COBL",-0.0727997584459332,0.779278775444886
"ENSG00000106105","GARS1",-1.07824880757275,1.6559026958726e-18
"ENSG00000106123","EPHB6",2.74902826978328,6.29366759784781e-24
"ENSG00000106211","HSPB1",0.608820158071774,0.0585787779784286
"ENSG00000106290","TAF6",0.0817715363946916,0.392168978799079
"ENSG00000106344","RBM28",0.101155637897671,0.39079420308445
"ENSG00000106404","CLDN15",0.124922801161437,0.558037985465813
"ENSG00000106477","CEP41",-0.349195760160751,2.34588351989638e-05
"ENSG00000106524","ANKMY2",0.279705099605858,0.00139116988686157
"ENSG00000106537","TSPAN13",1.80470141920049,1.38557645822186e-05
"ENSG00000106554","CHCHD3",-0.552512799601574,3.38428561062116e-08
"ENSG00000106565","TMEM176B",-0.0345388162895994,0.905783201330208
"ENSG00000106591","MRPL32",-0.114067135535678,0.403752511654262
"ENSG00000106608","URGCP",0.0354592375629501,0.861448458498308
"ENSG00000106733","NMRK1",0.0159198246023384,0.954995782287712
"ENSG00000106780","MEGF9",-0.187481957793053,0.22138855636077
"ENSG00000106789","CORO2A",0.270027628322569,0.0136172128181646
"ENSG00000106868","SUSD1",1.25047820776725,0.000356269298594693
"ENSG00000106976","DNM1",-0.155301108226686,0.383213338286658
"ENSG00000106991","ENG",-0.29532606371614,0.0374541961758219
"ENSG00000107104","KANK1",0.0459148694748139,0.830802722508581
"ENSG00000107140","TESK1",0.847714050485288,5.26183754929742e-05
"ENSG00000107186","MPDZ",-0.644184463994661,3.64233699514887e-08
"ENSG00000107263","RAPGEF1",0.206983091855529,0.0931794251474523
"ENSG00000107341","UBE2R2",0.25400942824094,5.94611419159088e-05
"ENSG00000107371","EXOSC3",-0.186587281880481,0.117995246839528
"ENSG00000107485","GATA3",-0.142422947219019,0.37436805530835
"ENSG00000107581","EIF3A",-0.11547939123991,0.38151055591055
"ENSG00000107614","TRDMT1",-0.477851953881354,0.000528296697156528
"ENSG00000107771","CCSER2",-0.235841120591236,0.0313169346678269
"ENSG00000107816","LZTS2",0.561835609530833,4.17191084217787e-05
"ENSG00000107829","FBXW4",-0.572009888630788,0.00267103105660027
"ENSG00000107833","NPM3",-0.0575445895513968,0.779714308821954
"ENSG00000107864","CPEB3",-0.212847631690431,0.331451448190329
"ENSG00000107874","CUEDC2",0.0517682039103166,0.78245343770514
"ENSG00000107882","SUFU",-0.225817453259985,0.0886984700421145
"ENSG00000107929","LARP4B",-0.157125782093182,0.0863773467030303
"ENSG00000107968","MAP3K8",0.644275248869811,0.0349736619962227
"ENSG00000107984","DKK1",0.375867582723881,0.157925531023443
"ENSG00000108055","SMC3",-0.0307281730262434,0.827839327082405
"ENSG00000108091","CCDC6",-0.0664124091138897,0.553415256757478
"ENSG00000108094","CUL2",-0.139362072144798,0.273900462247781
"ENSG00000108107","RPL28",-0.0792870413649615,0.410237165417147
"ENSG00000108175","ZMIZ1",0.16487409067814,0.274403053842905
"ENSG00000108187","PBLD",-0.488668859930829,0.0410263579298696
"ENSG00000108239","TBC1D12",1.01453004489025,1.30699577096434e-13
"ENSG00000108262","GIT1",0.0501422398336463,0.780964732795446
"ENSG00000108306","FBXL20",-1.21649484953899,3.90483322369789e-13
"ENSG00000108342","CSF3",-0.0503752522564418,0.857306421840203
"ENSG00000108344","PSMD3",0.216402824098118,0.0413036229008321
"ENSG00000108395","TRIM37",-0.195074270746847,0.0545093325615474
"ENSG00000108433","GOSR2",-0.0763781674252791,0.514654665934225
"ENSG00000108469","RECQL5",0.0882076204568607,0.672046427200601
"ENSG00000108479","GALK1",0.0799904294733673,0.671842143271771
"ENSG00000108510","MED13",0.114888888482501,0.305339681514188
"ENSG00000108518","PFN1",-0.230884201037384,0.0590771473698143
"ENSG00000108523","RNF167",0.121527653182345,0.367433166957389
"ENSG00000108559","NUP88",-0.122594139771496,0.163148922253241
"ENSG00000108561","C1QBP",-0.301069264927306,0.0090917183094155
"ENSG00000108599","AKAP10",0.0767892176025399,0.623219671032023
"ENSG00000108602","ALDH3A1",2.28374436534553,0.000192996590356893
"ENSG00000108639","SYNGR2",0.353758202292839,0.0043921337431299
"ENSG00000108641","B9D1",-0.27827082110873,0.0729112456270797
"ENSG00000108654","DDX5",-0.231900075654544,0.000348351810517273
"ENSG00000108666","C17orf75",-0.0211159642669335,0.922908014936246
"ENSG00000108679","LGALS3BP",0.00811329638467757,0.969997817435269
"ENSG00000108773","KAT2A",0.812996022284592,1.39853872875594e-11
"ENSG00000108774","RAB5C",-0.0237370562887816,0.876853922233008
"ENSG00000108784","NAGLU",-0.371231125703496,0.0167248799714353
"ENSG00000108786","HSD17B1",0.115520970336018,0.648202993209425
"ENSG00000108821","COL1A1",0.456037398567908,0.0501855516655746
"ENSG00000108829","LRRC59",-0.0266435661472236,0.844687850951902
"ENSG00000108846","ABCC3",0.0107287278798803,0.967518244567326
"ENSG00000108861","DUSP3",0.44740409693104,1.48846077984073e-05
"ENSG00000108953","YWHAE",-0.475214513941772,1.91694283833917e-07
"ENSG00000108961","RANGRF",0.215460272606546,0.0636509619060263
"ENSG00000108963","DPH1",0.511929131014878,0.00764470249967044
"ENSG00000109089","CDR2L",1.05736921264567,5.96513441541426e-08
"ENSG00000109099","PMP22",0.109408625242801,0.459407730157334
"ENSG00000109103","UNC119",0.550642062104903,1.15799775935221e-06
"ENSG00000109180","OCIAD1",-0.106781407058914,0.33491402002571
"ENSG00000109184","DCUN1D4",-0.205604441574827,0.0765958016961933
"ENSG00000109323","MANBA",0.101033154923761,0.480908940699741
"ENSG00000109339","MAPK10",-0.0527280692133588,0.85968088492396
"ENSG00000109390","NDUFC1",0.181344302768829,0.0155474371069579
"ENSG00000109536","FRG1",0.0315661033558213,0.83003016760721
"ENSG00000109654","TRIM2",-0.11916209143646,0.538315751605633
"ENSG00000109667","SLC2A9",1.98032559019878,3.81071921717075e-05
"ENSG00000109685","NSD2",-0.411368169553087,4.10478868910291e-07
"ENSG00000109686","SH3D19",-0.326185845504418,0.00605222769953719
"ENSG00000109689","STIM2",0.280630947700622,0.000387504214029668
"ENSG00000109743","BST1",0.129767240839048,0.615923073736657
"ENSG00000109787","KLF3",-0.273686703271328,0.0149040723240804
"ENSG00000109819","PPARGC1A",0.083437243243688,0.764053108652684
"ENSG00000109846","CRYAB",0.727014044562475,0.0380063612561054
"ENSG00000109854","HTATIP2",0.042181576380338,0.883754998390129
"ENSG00000109906","ZBTB16",-0.0314222151678851,0.914960548346928
"ENSG00000109917","ZPR1",0.166426793693843,0.0541666129171088
"ENSG00000110002","VWA5A",0.535586581411952,0.0776265857910804
"ENSG00000110011","DNAJC4",0.488688192304033,0.0050737246081766
"ENSG00000110013","SIAE",0.189471932349914,0.312731526995849
"ENSG00000110042","DTX4",0.122818161120934,0.606073633833717
"ENSG00000110046","ATG2A",0.789470519776649,4.25471600378889e-08
"ENSG00000110066","KMT5B",0.545851129916843,4.34409479953317e-15
"ENSG00000110074","FOXRED1",-0.0171412136385336,0.934879028425529
"ENSG00000110104","CCDC86",0.0997290820463137,0.527246639414276
"ENSG00000110172","CHORDC1",0.448624494250339,8.07699265575381e-07
"ENSG00000110195","FOLR1",0.282762287407191,0.263714785336842
"ENSG00000110367","DDX6",0.00631697280932159,0.959207438940967
"ENSG00000110375","UPK2",-0.0544675703273224,0.835796971517464
"ENSG00000110400","NECTIN1",0.73660339769711,1.91389979452975e-09
"ENSG00000110427","KIAA1549L",-1.554418601341,7.63793989058924e-33
"ENSG00000110492","MDK",-0.326267330534085,0.212117744895184
"ENSG00000110514","MADD",0.385870721262968,0.00228182407757326
"ENSG00000110619","CARS1",-0.54718315737367,4.71855937906136e-06
"ENSG00000110651","CD81",0.179366636914906,0.0159083675683054
"ENSG00000110696","C11orf58",-0.172555030341182,0.172530392113745
"ENSG00000110713","NUP98",0.284999523695108,0.00079516385996877
"ENSG00000110717","NDUFS8",-0.125502470921102,0.105541903630177
"ENSG00000110723","EXPH5",-0.182297606522589,0.386872243878178
"ENSG00000110852","CLEC2B",2.12491136915938,7.83660888997986e-07
"ENSG00000110906","KCTD10",0.000897694359754777,0.996024508870872
"ENSG00000110911","SLC11A2",-0.354271170177967,0.00041191531373798
"ENSG00000110925","CSRNP2",0.37264708999745,0.00436550753816527
"ENSG00000110944","IL23A",-0.115425847760206,0.656747740990687
"ENSG00000110955","ATP5F1B",-0.434863090730692,9.51167539628208e-08
"ENSG00000110987","BCL7A",-0.152172216493712,0.313167747091419
"ENSG00000111012","CYP27B1",-0.02836365630756,0.929517349857314
"ENSG00000111224","PARP11",-0.306836434044086,0.124771901435079
"ENSG00000111245","MYL2",-0.0941702385759654,0.698390008890493
"ENSG00000111276","CDKN1B",0.0407457068811319,0.840660672415555
"ENSG00000111305","GSG1",0.381351161270999,0.156288028022011
"ENSG00000111331","OAS3",0.355631205179257,0.00198593916457669
"ENSG00000111358","GTF2H3",-0.24673948700579,0.0129696937371705
"ENSG00000111371","SLC38A1",-0.142118156697424,0.446361818955889
"ENSG00000111412","SPRING1",0.120680546115408,0.327763641430185
"ENSG00000111530","CAND1",-0.0964556233462548,0.200383093421726
"ENSG00000111615","KRR1",-0.0664095609629952,0.508507487751927
"ENSG00000111640","GAPDH",-0.380590860309776,3.38480194708744e-07
"ENSG00000111669","TPI1",-0.0205740948895916,0.870223825058881
"ENSG00000111670","GNPTAB",0.192151480948895,0.122993974018965
"ENSG00000111684","LPCAT3",0.630529570219687,9.4747943373566e-05
"ENSG00000111725","PRKAB1",0.167086214278867,0.283814943028921
"ENSG00000111752","PHC1",0.319248550245591,0.0879375059872419
"ENSG00000111775","COX6A1",-0.0995608554670379,0.445572104260024
"ENSG00000111790","FGFR1OP2",0.136238782112889,0.233133885365012
"ENSG00000111801","BTN3A3",0.249188116479694,0.220168865494786
"ENSG00000111816","FRK",-0.0393849411655475,0.892320082624818
"ENSG00000111832","RWDD1",-0.492161906316881,2.63389273044132e-09
"ENSG00000111845","PAK1IP1",-0.291897854538935,0.000753713720962878
"ENSG00000111863","ADTRP",-1.05051470174752,1.48687166816449e-05
"ENSG00000111880","RNGTT",-0.0375091993625675,0.807022751057869
"ENSG00000111885","MAN1A1",-0.399372025717682,0.00413337267097684
"ENSG00000111912","NCOA7",0.247487337362042,0.10431949376986
"ENSG00000111962","UST",-0.705890754013443,7.91020290432693e-05
"ENSG00000112029","FBXO5",-0.314007205419451,0.0105564242249663
"ENSG00000112053","SLC26A8",0.657320242218495,0.0389371950860834
"ENSG00000112079","STK38",0.343584020963046,0.0013828508503329
"ENSG00000112159","MDN1",-0.252860872231694,0.0247522697199786
"ENSG00000112208","BAG2",-0.180019702341014,0.0819218836182064
"ENSG00000112234","FBXL4",-0.335168276160355,0.00881687379985832
"ENSG00000112282","MED23",0.0913185119972423,0.588725819316875
"ENSG00000112290","WASF1",-0.31801331751623,0.014212636996778
"ENSG00000112299","VNN1",-0.0379629432870272,0.894882297594385
"ENSG00000112304","ACOT13",-0.261122114973154,0.0807575930948112
"ENSG00000112305","SMAP1",-0.181108734479844,0.0298040024397803
"ENSG00000112339","HBS1L",-0.258801650106767,0.00616434242559208
"ENSG00000112343","TRIM38",0.0583568917691689,0.671248103073835
"ENSG00000112419","PHACTR2",-0.349600734645087,0.00165713085217311
"ENSG00000112425","EPM2A",-0.674999602150342,0.00234577844936857
"ENSG00000112473","SLC39A7",0.260688255104235,0.0141913140543239
"ENSG00000112578","BYSL",0.297782379514973,0.000388723556678317
"ENSG00000112584","FAM120B",-0.180648962304822,0.107527106282189
"ENSG00000112640","PPP2R5D",0.619543692993307,5.56250312027685e-16
"ENSG00000112659","CUL9",-0.475635073824659,0.00698186003036868
"ENSG00000112667","DNPH1",-0.103283791298012,0.474060476482075
"ENSG00000112679","DUSP22",-0.288196128382209,0.0291546722191076
"ENSG00000112715","VEGFA",-0.286742126566435,0.112429871880172
"ENSG00000112759","SLC29A1",0.0281498106234317,0.884344379304847
"ENSG00000112773","TENT5A",1.26408525323278,4.78618141387706e-24
"ENSG00000112812","PRSS16",0.124346834927319,0.604041613925669
"ENSG00000112851","ERBIN",0.227129022979761,0.0410263579298696
"ENSG00000112874","NUDT12",-0.221943330810865,0.0682289418280579
"ENSG00000112977","DAP",-0.120484446606883,0.259834322639346
"ENSG00000113282","CLINT1",-0.0875655163201177,0.329027530217851
"ENSG00000113328","CCNG1",0.0657494166923639,0.680925049382858
"ENSG00000113356","POLR3G",-0.236717038680844,0.0431980809412814
"ENSG00000113360","DROSHA",-0.255663047381311,0.00249305404476906
"ENSG00000113369","ARRDC3",0.175514530423155,0.392544702423344
"ENSG00000113407","TARS1",-0.347447878516966,2.62658574254752e-06
"ENSG00000113448","PDE4D",-0.208038169770109,0.352066727786657
"ENSG00000113522","RAD50",-0.0879457381126181,0.717222296621962
"ENSG00000113555","PCDH12",1.07413432797555,0.0129089105558443
"ENSG00000113575","PPP2CA",-0.0855031677583985,0.55441566840174
"ENSG00000113580","NR3C1",0.173519408828402,0.0479073668815125
"ENSG00000113638","TTC33",0.345205682084886,0.0260934650939533
"ENSG00000113648","MACROH2A1",-0.00847394871433802,0.933922936052484
"ENSG00000113657","DPYSL3",0.196700575732941,0.0434840182462705
"ENSG00000113732","ATP6V0E1",0.331604287091475,0.00195187557279074
"ENSG00000113739","STC2",0.302936330961009,0.141722510247227
"ENSG00000113763","UNC5A",-0.0159461189661209,0.951349948630575
"ENSG00000113851","CRBN",0.0886102424173614,0.565158296369769
"ENSG00000113916","BCL6",0.139610712618329,0.485423649686582
"ENSG00000114019","AMOTL2",0.300498653790716,0.052424899316985
"ENSG00000114021","NIT2",-0.133130952034449,0.248578340464916
"ENSG00000114251","WNT5A",0.0198763756359605,0.944455190919824
"ENSG00000114315","HES1",0.0737021588903186,0.768358074601112
"ENSG00000114423","CBLB",0.979075353976405,8.05927825507222e-08
"ENSG00000114446","IFT57",-0.332851961814194,0.00676915443861873
"ENSG00000114450","GNB4",0.0320010154048058,0.796142261527894
"ENSG00000114480","GBE1",-0.839728129392741,1.42891464451954e-11
"ENSG00000114544","SLC41A3",-0.220784388396283,0.0786415395482977
"ENSG00000114573","ATP6V1A",0.255774058807002,0.000690412037876548
"ENSG00000114626","ABTB1",-0.269461133720099,0.0575656641986023
"ENSG00000114631","PODXL2",-0.139551520477982,0.533604094828904
"ENSG00000114646","CSPG5",0.317497956536732,0.224696196909409
"ENSG00000114686","MRPL3",-0.250128625888802,0.00150173906503257
"ENSG00000114742","WDR48",0.362160689829057,3.87921418740606e-05
"ENSG00000114745","GORASP1",0.169944394413591,0.27947882913284
"ENSG00000114796","KLHL24",0.575336725750566,0.00411054269091468
"ENSG00000114902","SPCS1",-0.0359521754890404,0.807980604288146
"ENSG00000114904","NEK4",0.123770357139413,0.411691657481881
"ENSG00000114923","SLC4A3",0.154743374801679,0.464153023071721
"ENSG00000114942","EEF1B2",-0.360521233779119,8.54448114282898e-05
"ENSG00000115020","PIKFYVE",0.178054188069109,0.137003735745098
"ENSG00000115073","ACTR1B",-0.128968835567426,0.221674509440022
"ENSG00000115183","TANC1",-0.023076087228638,0.895515118862243
"ENSG00000115194","SLC30A3",2.48665922357739,2.39652978673e-43
"ENSG00000115211","EIF2B4",0.440298404586847,2.37495696469456e-07
"ENSG00000115232","ITGA4",-0.637064016228325,7.06887720007226e-05
"ENSG00000115233","PSMD14",0.0223137511955573,0.894882297594385
"ENSG00000115310","RTN4",-0.503068754864036,5.56574740367795e-11
"ENSG00000115325","DOK1",0.013203302959513,0.944801585406864
"ENSG00000115355","CCDC88A",0.0999795750503915,0.406983433871522
"ENSG00000115364","MRPL19",0.0804337740387053,0.454217502748058
"ENSG00000115365","LANCL1",-0.241488449255108,0.0166397033885855
"ENSG00000115414","FN1",0.0830467840263648,0.688368548909523
"ENSG00000115425","PECR",-0.144367686130932,0.46874820800604
"ENSG00000115457","IGFBP2",0.355932417295859,0.183668787096537
"ENSG00000115486","GGCX",0.155917002762101,0.136205702810781
"ENSG00000115556","PLCD4",0.107226641310733,0.682691430237977
"ENSG00000115590","IL1R2",0.962122366018579,0.0135238416946576
"ENSG00000115602","IL1RL1",2.10108107966225,0.000587244346783303
"ENSG00000115649","CNPPD1",0.322204099961954,0.00257566220058634
"ENSG00000115661","STK16",-0.329272304365139,0.00987348384492701
"ENSG00000115750","TAF1B",-0.397620297645228,0.000102888321793294
"ENSG00000115816","CEBPZ",-0.124479917388572,0.15190382318092
"ENSG00000115828","QPCT",0.0818652936625999,0.745905403194778
"ENSG00000115841","RMDN2",-0.499712018020733,0.0270971171501278
"ENSG00000115866","DARS1",-0.444904732810477,2.81954847935801e-10
"ENSG00000115884","SDC1",0.19434358487536,0.0525223039505651
"ENSG00000115902","SLC1A4",-0.658912276485334,0.00373610768090562
"ENSG00000115942","ORC2",0.0764865324881725,0.479117007588744
"ENSG00000115977","AAK1",-0.0239764543454331,0.89721478841808
"ENSG00000116005","PCYOX1",0.465574961245754,3.75472596643244e-06
"ENSG00000116106","EPHA4",0.88015595302011,0.000233674254359887
"ENSG00000116120","FARSB",-0.36651245899353,3.18061040903402e-05
"ENSG00000116171","SCP2",-0.0358756533563766,0.848056758130313
"ENSG00000116198","CEP104",0.307572409987212,0.000695263592759882
"ENSG00000116199","FAM20B",-0.126259222568367,0.203795597803576
"ENSG00000116205","TCEANC2",-0.627794197648217,1.44015047334047e-08
"ENSG00000116209","TMEM59",0.280991164959567,0.0109984607374253
"ENSG00000116221","MRPL37",0.32963089256103,4.16318133012311e-06
"ENSG00000116237","ICMT",-0.170431625035073,0.0527879955331561
"ENSG00000116251","RPL22",-0.409776832737031,5.03586615677635e-07
"ENSG00000116288","PARK7",-0.0953799031977013,0.371185664947525
"ENSG00000116478","HDAC1",0.0944019323226194,0.154092527545561
"ENSG00000116521","SCAMP3",0.552365015641726,5.62453251415013e-11
"ENSG00000116604","MEF2D",0.294718056069411,0.0171070087461299
"ENSG00000116663","FBXO6",0.978779659090533,0.000683715460976244
"ENSG00000116668","SWT1",-0.049565686551608,0.854329908296949
"ENSG00000116679","IVNS1ABP",-0.298259595989363,0.00914993697907222
"ENSG00000116691","MIIP",0.350973350439657,0.0182897722976711
"ENSG00000116729","WLS",-0.202574831182036,0.0753667181538115
"ENSG00000116754","SRSF11",-0.388060657739337,8.49826210424949e-11
"ENSG00000116771","AGMAT",-0.15168950569348,0.518622956722967
"ENSG00000116786","PLEKHM2",0.271577664209414,0.0138296789463355
"ENSG00000116809","ZBTB17",0.643497593009135,9.921859593735e-08
"ENSG00000116852","KIF21B",-0.749949730906374,0.00113179301301642
"ENSG00000116863","ADPRS",0.0423160948160201,0.752924835119665
"ENSG00000116874","WARS2",-0.248906293729905,0.0685993927106165
"ENSG00000116885","OSCP1",-0.277997975636914,0.262126193486634
"ENSG00000116906","GNPAT",-0.398984732433618,8.34073478154583e-05
"ENSG00000116918","TSNAX",-0.312730438868673,0.00473573161339874
"ENSG00000116954","RRAGC",0.0214092500920438,0.924293629380691
"ENSG00000116977","LGALS8",-0.00666508202753064,0.967518244567326
"ENSG00000116991","SIPA1L2",1.21087965685932,3.82596529742509e-10
"ENSG00000117016","RIMS3",-0.0268017607411245,0.932458738119919
"ENSG00000117020","AKT3",-0.855605055300479,2.97673976371156e-13
"ENSG00000117069","ST6GALNAC5",0.157794757289452,0.496111319323769
"ENSG00000117114","ADGRL2",0.0213542192026141,0.924831928335451
"ENSG00000117152","RGS4",-1.14047765592507,2.44694294345894e-10
"ENSG00000117155","SSX2IP",-0.114235365843957,0.300095151285506
"ENSG00000117174","ZNHIT6",-0.207082500502326,0.0621307376331605
"ENSG00000117245","KIF17",0.118493421095541,0.633524605295483
"ENSG00000117395","EBNA1BP2",-0.312047687574037,9.48280311322979e-06
"ENSG00000117410","ATP6V0B",0.405707248388195,5.93296872137759e-05
"ENSG00000117419","ERI3",-0.24116144210866,0.0506696493926002
"ENSG00000117448","AKR1A1",-0.213242277986505,0.043123413910863
"ENSG00000117450","PRDX1",0.18919788638084,0.00833160496493363
"ENSG00000117461","PIK3R3",0.539653743611864,0.00708034712637079
"ENSG00000117477","CCDC181",-0.140645540472407,0.483086807327943
"ENSG00000117500","TMED5",-0.271954511107449,0.00762286017158804
"ENSG00000117595","IRF6",0.044242028544205,0.87762968651436
"ENSG00000117602","RCAN3",0.0683395561556467,0.682146760576752
"ENSG00000117625","RCOR3",-0.0779657108614784,0.509006438274096
"ENSG00000117632","STMN1",-0.618842823789816,1.4192995177657e-08
"ENSG00000117640","MTFR1L",0.0256214783490686,0.895600648835171
"ENSG00000117676","RPS6KA1",1.2625384782137,3.81165532164568e-21
"ENSG00000117682","DHDDS",-0.0999411601258834,0.498389383158934
"ENSG00000117758","STX12",0.0544054633741378,0.680266878039306
"ENSG00000117791","MTARC2",-0.025627425722612,0.931097272106019
"ENSG00000117906","RCN2",-0.152587886870657,0.191609549244203
"ENSG00000118096","IFT46",0.465188420815637,6.05336681949529e-05
"ENSG00000118193","KIF14",0.166116808382125,0.248691447553389
"ENSG00000118246","FASTKD2",0.0733499637675918,0.568358767688672
"ENSG00000118260","CREB1",-0.514219913510753,1.71775967333785e-09
"ENSG00000118402","ELOVL4",0.414822883673088,0.11615395175391
"ENSG00000118412","CASP8AP2",-0.262950997712849,0.00335158229598342
"ENSG00000118482","PHF3",-0.175000322913012,0.121341848278053
"ENSG00000118515","SGK1",0.211769827401702,0.145375278417582
"ENSG00000118640","VAMP8",0.758580656214478,0.00931469592124386
"ENSG00000118689","FOXO3",0.28800090163984,0.00807458474975376
"ENSG00000118705","RPN2",-0.209570141688618,0.000558200675319082
"ENSG00000118762","PKD2",-0.809909108404677,2.99582144022822e-12
"ENSG00000118777","ABCG2",0.0373451100388988,0.880835381405886
"ENSG00000118816","CCNI",-0.254303574314869,3.60620517988031e-05
"ENSG00000118873","RAB3GAP2",-0.310946521025708,0.000887813222390103
"ENSG00000118898","PPL",0.288595593767197,0.262865886848907
"ENSG00000118960","HS1BP3",0.783879370984977,8.47072359779341e-07
"ENSG00000118965","WDR35",-0.164537944823926,0.377668163267107
"ENSG00000119125","GDA",-0.029072890856127,0.922198695948788
"ENSG00000119242","CCDC92",-0.0018155101181751,0.994503061115932
"ENSG00000119318","RAD23B",-0.0878007327670641,0.245004249650564
"ENSG00000119326","CTNNAL1",-0.722071164518336,8.39359555293761e-12
"ENSG00000119396","RAB14",0.243981553701974,8.53702369112179e-06
"ENSG00000119397","CNTRL",-0.0677430340176136,0.721721797164932
"ENSG00000119408","NEK6",-0.182457491730519,0.109960356131587
"ENSG00000119411","BSPRY",-0.0300064594984712,0.919012585186044
"ENSG00000119421","NDUFA8",0.322077052133079,0.00219699632096925
"ENSG00000119446","RBM18",0.176421576521447,0.133892303030069
"ENSG00000119487","MAPKAP1",-0.712004679712629,9.61876145481717e-33
"ENSG00000119509","INVS",-0.829608603778928,4.79616123085419e-08
"ENSG00000119541","VPS4B",0.457123072654511,2.78255041751335e-19
"ENSG00000119616","FCF1",-0.253610039658371,4.19702626308942e-06
"ENSG00000119636","BBOF1",-0.337630257586143,0.19611943246846
"ENSG00000119640","ACYP1",0.272464749666456,0.0433254064642696
"ENSG00000119655","NPC2",0.275782300303862,0.00407626706622392
"ENSG00000119681","LTBP2",-0.239119591922732,0.130945268620519
"ENSG00000119685","TTLL5",-0.860931436255335,5.18298196741251e-16
"ENSG00000119686","FLVCR2",1.46299264561734,0.000379360598217682
"ENSG00000119705","SLIRP",-0.19538642425891,0.0841478958984199
"ENSG00000119707","RBM25",-0.0385302346043171,0.772049509525181
"ENSG00000119720","NRDE2",-0.168436607271361,0.128892677017278
"ENSG00000119772","DNMT3A",-0.124131520207848,0.444215903541986
"ENSG00000119778","ATAD2B",0.00968840060444937,0.963263638598425
"ENSG00000119801","YPEL5",0.398543412495513,0.00601599683777532
"ENSG00000119878","CRIPT",0.241258146562277,0.0377680566933677
"ENSG00000119888","EPCAM",-0.109267375272929,0.651312334940081
"ENSG00000119900","OGFRL1",0.0834857503691017,0.515069715463617
"ENSG00000119912","IDE",0.0961221575121518,0.484439945406391
"ENSG00000119927","GPAM",-0.145296615725174,0.379786364545368
"ENSG00000119953","SMNDC1",-0.136217688567465,0.121045870058051
"ENSG00000119986","AVPI1",0.395026994011086,0.0020931783973642
"ENSG00000120055","C10orf95",0.362685180548368,0.166142023131365
"ENSG00000120129","DUSP1",1.08712953695954,2.41634146967236e-05
"ENSG00000120137","PANK3",-0.172920310864046,0.0512219630922049
"ENSG00000120159","CAAP1",-0.407315092500535,0.000602075548821475
"ENSG00000120278","PLEKHG1",0.328060126917021,0.206318452530029
"ENSG00000120306","CYSTM1",-0.17389168001367,0.234806754743682
"ENSG00000120685","PROSER1",0.0223296426898344,0.914414925102155
"ENSG00000120694","HSPH1",0.486469571366075,4.06195002486926e-07
"ENSG00000120705","ETF1",-0.181944745182612,0.00367544610609953
"ENSG00000120709","FAM53C",0.453829587311209,2.41136694885524e-06
"ENSG00000120729","MYOT",0.0315505658511019,0.914284211999347
"ENSG00000120798","NR2C1",0.51434891048316,1.3683325562141e-05
"ENSG00000120820","GLT8D2",-0.11030664255386,0.671673251069865
"ENSG00000120833","SOCS2",-0.813266942634606,0.00021417201018128
"ENSG00000120889","TNFRSF10B",-0.0369171518572895,0.780964732795446
"ENSG00000120913","PDLIM2",0.0168210625489499,0.948829136751827
"ENSG00000120992","LYPLA1",-0.150775656419069,0.182534702987271
"ENSG00000121039","RDH10",1.04581716911224,7.92118525709418e-14
"ENSG00000121068","TBX2",0.369060463420797,0.132107621936102
"ENSG00000121101","TEX14",-0.0782556310068917,0.730189638642976
"ENSG00000121210","TMEM131L",0.0762873360676968,0.567719889372159
"ENSG00000121274","TENT4B",0.42246320609838,6.69229323409274e-06
"ENSG00000121454","LHX4",0.79537067123458,0.00374843153329597
"ENSG00000121579","NAA50",0.120605371526374,0.123195406471204
"ENSG00000121671","CRY2",-0.29814032985568,0.158247010083034
"ENSG00000121892","PDS5A",0.0206567953162229,0.825051552723814
"ENSG00000121897","LIAS",-0.103343792614804,0.560587495779976
"ENSG00000121931","LRIF1",-0.441789621759979,9.921859593735e-08
"ENSG00000122335","SERAC1",0.115591244563843,0.535554434164735
"ENSG00000122376","SHLD2",-0.351357625239232,0.000119793231374467
"ENSG00000122378","PRXL2A",2.26650245925294,0.000129923441169615
"ENSG00000122386","ZNF205",0.279801416124686,0.133892359337799
"ENSG00000122390","NAA60",0.189901635322375,0.0585572855675454
"ENSG00000122406","RPL5",-0.265556572900509,0.00140635682747556
"ENSG00000122482","ZNF644",0.104241598418161,0.25965162975644
"ENSG00000122483","CCDC18",-0.701294304960941,4.97255101724152e-09
"ENSG00000122515","ZMIZ2",-0.0730313816514875,0.636316719652831
"ENSG00000122547","EEPD1",0.291456628238994,0.206291318223357
"ENSG00000122565","CBX3",-0.232452362672104,0.00155257769654795
"ENSG00000122642","FKBP9",-0.0237284708527724,0.912755009785958
"ENSG00000122696","SLC25A51",0.557983108157713,0.00199501173229043
"ENSG00000122787","AKR1D1",1.33898013946445,0.00637385890180372
"ENSG00000122862","SRGN",0.276606918568921,0.13050819731248
"ENSG00000122966","CIT",-0.645205784362328,1.08500346769739e-05
"ENSG00000123066","MED13L",0.0878394758016719,0.55434687658847
"ENSG00000123091","RNF11",0.291953585132949,0.00126904899334605
"ENSG00000123095","BHLHE41",-0.186085513559383,0.403897087556045
"ENSG00000123096","SSPN",-0.535173761937819,0.0770034451446065
"ENSG00000123144","TRIR",0.137351211400398,0.114886618572185
"ENSG00000123146","ADGRE5",0.964440676837088,3.42437200702228e-25
"ENSG00000123159","GIPC1",-0.085598313767445,0.548960238119169
"ENSG00000123200","ZC3H13",-0.230785824082815,0.0366960333130941
"ENSG00000123268","ATF1",-0.252977333660182,0.0201529036540214
"ENSG00000123352","SPATS2",0.0430822624739421,0.731339576762096
"ENSG00000123364","HOXC13",1.18297155142509,2.22966706258523e-08
"ENSG00000123395","ATG101",0.171649843698209,0.221674509440022
"ENSG00000123405","NFE2",0.0624457528966182,0.80847490023267
"ENSG00000123416","TUBA1B",-0.399121728588015,0.000750382746679828
"ENSG00000123444","KBTBD4",-0.224873175840635,0.184952471626529
"ENSG00000123552","USP45",-0.172451360223785,0.229310577815393
"ENSG00000123562","MORF4L2",-0.0409343413148459,0.751295859381079
"ENSG00000123607","TTC21B",0.07137409622436,0.690363114785843
"ENSG00000123684","LPGAT1",-0.000346831649572463,0.998389822306488
"ENSG00000123737","EXOSC9",-0.161146407220839,0.0722994472093722
"ENSG00000123739","PLA2G12A",0.215765427343157,0.10098631428894
"ENSG00000123836","PFKFB2",0.125396462597247,0.601028670345824
"ENSG00000123892","RAB38",-0.0191847467064782,0.944114748126742
"ENSG00000123933","MXD4",0.955984743086996,2.44937014667861e-07
"ENSG00000124102","PI3",0.344531613406804,0.192925099501359
"ENSG00000124104","SNX21",0.289174966990726,0.0417873128349254
"ENSG00000124120","TTPAL",0.10737606892091,0.431003901906609
"ENSG00000124171","PARD6B",0.310953736768783,0.109960356131587
"ENSG00000124191","TOX2",-0.676980622828539,0.000298392194960932
"ENSG00000124214","STAU1",-0.199149090600713,0.00517823698721875
"ENSG00000124222","STX16",-0.378093812562247,3.31956422625715e-05
"ENSG00000124228","DDX27",0.259682971171832,0.000397265995564235
"ENSG00000124243","BCAS4",0.24547451141912,0.0678620728490884
"ENSG00000124370","MCEE",-0.0162655897003457,0.953340845385781
"ENSG00000124429","POF1B",0.112273965544601,0.640362549299951
"ENSG00000124459","ZNF45",0.00652183285526764,0.976685125159083
"ENSG00000124486","USP9X",0.12247974365933,0.254399727736979
"ENSG00000124508","BTN2A2",-0.0407785783834312,0.879221768413077
"ENSG00000124570","SERPINB6",-0.173944026094367,0.0653653356690058
"ENSG00000124571","XPO5",-0.0513855702357066,0.682825116520278
"ENSG00000124635","H2BC11",1.76434945652942,4.74560638388786e-12
"ENSG00000124731","TREM1",0.326542376357127,0.21019334977962
"ENSG00000124787","RPP40",0.193570661700365,0.111630978218405
"ENSG00000124788","ATXN1",-0.0966411214765694,0.54684459204674
"ENSG00000124795","DEK",-0.198721920859726,0.0264143838896812
"ENSG00000124802","EEF1E1",-0.281058023879417,0.0157188587521136
"ENSG00000125148","MT2A",-1.0389688965288,3.02381988041548e-33
"ENSG00000125249","RAP2A",-0.230142080109526,0.0661359400977083
"ENSG00000125347","IRF1",0.269688293965448,0.0793339700882371
"ENSG00000125378","BMP4",1.07042469105452,0.000415959808422562
"ENSG00000125449","ARMC7",0.116252563522337,0.503407995368413
"ENSG00000125458","NT5C",-0.299713453073645,0.0154113404029009
"ENSG00000125459","MSTO1",-0.280643427445401,0.0779591151862103
"ENSG00000125505","MBOAT7",0.406562277020149,7.63929593017141e-05
"ENSG00000125538","IL1B",-0.119558779072058,0.640947523249097
"ENSG00000125571","IL37",0.284745162687473,0.263342029597582
"ENSG00000125648","SLC25A23",-0.561993141504884,4.13963486029654e-05
"ENSG00000125652","ALKBH7",-0.0032967089477351,0.987889471957144
"ENSG00000125686","MED1",0.155639002423259,0.0162533056998435
"ENSG00000125691","RPL23",-0.202472173681543,0.00120659587728452
"ENSG00000125734","GPR108",0.398236770673224,0.00147764777801044
"ENSG00000125779","PANK2",0.220396394444532,0.00673597765882983
"ENSG00000125843","AP5S1",0.00542643173801131,0.974666116028451
"ENSG00000125850","OVOL2",-0.0319344096816533,0.914284211999347
"ENSG00000125863","MKKS",-0.0903563635708517,0.635928544027945
"ENSG00000125898","FAM110A",0.140832557092298,0.427763083464515
"ENSG00000125910","S1PR4",0.0770079152342829,0.779089061037713
"ENSG00000125967","NECAB3",0.461287118633196,0.00901408229758692
"ENSG00000125968","ID1",0.115912664299047,0.37752831248509
"ENSG00000125971","DYNLRB1",0.687522860202927,0.0152677150787503
"ENSG00000125977","EIF2S2",-0.374286626798344,1.12392751593293e-08
"ENSG00000126012","KDM5C",0.529190560273591,1.42636180221448e-12
"ENSG00000126067","PSMB2",-0.00373994103975864,0.977079174675777
"ENSG00000126070","AGO3",-0.0880679873365586,0.519667227461165
"ENSG00000126091","ST3GAL3",-0.378100006951144,0.0417403842584926
"ENSG00000126107","HECTD3",0.335102395713581,0.00682273437492267
"ENSG00000126214","KLC1",-0.00642655372961249,0.963336235897628
"ENSG00000126216","TUBGCP3",-0.187070399490339,0.0530124813227111
"ENSG00000126254","RBM42",0.405328044393328,4.97728755051996e-06
"ENSG00000126267","COX6B1",-0.0338593568306671,0.819010261142708
"ENSG00000126391","FRMD8",0.512582607197651,0.000106794401112728
"ENSG00000126453","BCL2L12",0.260953531349003,0.0156420226039714
"ENSG00000126456","IRF3",0.827978032519696,2.61551015241199e-15
"ENSG00000126460","PRRG2",0.0571046846949932,0.848056758130313
"ENSG00000126653","NSRP1",-0.0664827477448375,0.594479245552769
"ENSG00000126705","AHDC1",0.4069055180558,0.000741739422456581
"ENSG00000126746","ZNF384",0.0938619523925223,0.627554457630711
"ENSG00000126756","UXT",-0.190516798820154,0.0583904296069775
"ENSG00000126777","KTN1",-0.335155515830486,2.15468525536561e-06
"ENSG00000126787","DLGAP5",-0.43895575943116,0.00154767386004561
"ENSG00000126804","ZBTB1",-0.248330194314339,0.0858049059453801
"ENSG00000126821","SGPP1",-0.393958449786545,0.00449177630797837
"ENSG00000126822","PLEKHG3",0.297678348015249,0.0102700493390532
"ENSG00000126878","AIF1L",-0.11795146623381,0.641584110009976
"ENSG00000127220","ABHD8",0.184756098796735,0.438598788405963
"ENSG00000127325","BEST3",0.456539964123471,0.0406476717682997
"ENSG00000127337","YEATS4",-0.101171348255021,0.466340818513389
"ENSG00000127483","HP1BP3",-0.467239431135953,1.45786955446582e-07
"ENSG00000127527","EPS15L1",0.134482817045543,0.267725980436562
"ENSG00000127528","KLF2",-0.136364885556882,0.483799635792078
"ENSG00000127554","GFER",0.414972882856454,5.93657432748189e-05
"ENSG00000127663","KDM4B",0.92608718173107,3.13048150683203e-13
"ENSG00000127837","AAMP",0.234747621410003,0.00817670680901965
"ENSG00000127884","ECHS1",0.186851264114352,0.00410835243805019
"ENSG00000127914","AKAP9",0.271090911274439,0.00512805759226206
"ENSG00000127954","STEAP4",-0.0208031440289903,0.939094305881502
"ENSG00000127989","MTERF1",-0.151479053167799,0.334250937955128
"ENSG00000127990","SGCE",-0.0551178995753937,0.79421148088537
"ENSG00000128272","ATF4",-0.892878564667048,8.12348681887159e-14
"ENSG00000128284","APOL3",0.751303825867649,0.0091125930813262
"ENSG00000128298","BAIAP2L2",0.0440892352822878,0.878451076189505
"ENSG00000128422","KRT17",1.79702172586961,2.38747690586781e-08
"ENSG00000128487","SPECC1",0.00894041089084704,0.955376443604413
"ENSG00000128512","DOCK4",-0.886518686062648,3.26634275254569e-14
"ENSG00000128585","MKLN1",0.258525470967838,0.000506317000421905
"ENSG00000128591","FLNC",0.292649640070146,0.0630397695901786
"ENSG00000128595","CALU",-0.585208644070767,1.8603540713766e-12
"ENSG00000128609","NDUFA5",-0.212123451348084,0.011506659150758
"ENSG00000128641","MYO1B",0.110043036913835,0.256113201547514
"ENSG00000128694","OSGEPL1",-0.391358846129176,0.016703322559086
"ENSG00000128805","ARHGAP22",-1.18333296067514,2.27594812898159e-17
"ENSG00000128928","IVD",-0.208553164595337,0.0424595390773859
"ENSG00000128989","ARPP19",-0.167847030868627,0.0439914780422048
"ENSG00000129003","VPS13C",-0.206335536206635,0.163254840403224
"ENSG00000129038","LOXL1",-0.785968016860021,2.40060367610761e-05
"ENSG00000129055","ANAPC13",0.244585726232083,0.000484423807650684
"ENSG00000129103","SUMF2",-0.0097486903350975,0.957096640041434
"ENSG00000129219","PLD2",-0.0829174391132142,0.734626210285258
"ENSG00000129226","CD68",0.107952406244542,0.627246861269829
"ENSG00000129245","FXR2",0.200092181053028,0.0549975181694001
"ENSG00000129292","PHF20L1",0.145913072218371,0.0500061198611542
"ENSG00000129295","DNAAF11",-0.287726317926899,0.252979054661567
"ENSG00000129317","PUS7L",-0.213105065030119,0.0241953901502068
"ENSG00000129354","AP1M2",0.985427946538712,2.42129179274663e-05
"ENSG00000129451","KLK10",0.0391047465726494,0.891924519355433
"ENSG00000129472","RAB2B",0.167732816637973,0.16360110172701
"ENSG00000129480","DTD2",-0.0972431653315577,0.518622956722967
"ENSG00000129484","PARP2",0.370756809795471,0.000135591320412377
"ENSG00000129514","FOXA1",0.337249680145538,0.116488178313173
"ENSG00000129595","EPB41L4A",0.251227464680638,0.302871504865288
"ENSG00000129625","REEP5",0.437672960433085,3.858623379371e-10
"ENSG00000129636","ITFG1",-0.346120053037679,0.000348351810517273
"ENSG00000129691","ASH2L",-0.152785953426495,0.349045268354762
"ENSG00000129757","CDKN1C",-0.826719571298145,0.0143938959526362
"ENSG00000129925","PGAP6",0.485682124364338,1.28104797834967e-05
"ENSG00000130054","NALF2",-0.152802926959824,0.451819352114808
"ENSG00000130147","SH3BP4",0.910316738015199,1.8070493989389e-19
"ENSG00000130270","ATP8B3",0.330732938976655,0.0208282320092994
"ENSG00000130305","NSUN5",0.715784997147897,2.52071850808036e-13
"ENSG00000130313","PGLS",-0.155882224024726,0.288212633403748
"ENSG00000130511","SSBP4",-0.180705176696845,0.0858856017833251
"ENSG00000130529","TRPM4",-0.199034829053038,0.30581725558346
"ENSG00000130559","CAMSAP1",0.0137269955586611,0.93331241985935
"ENSG00000130598","TNNI2",-0.061425806704411,0.819813742726071
"ENSG00000130600","H19",0.243540716974054,0.3316094894866
"ENSG00000130703","OSBPL2",0.504437469627248,2.97862841608157e-07
"ENSG00000130706","ADRM1",0.324522036620678,6.60155096497355e-05
"ENSG00000130707","ASS1",-0.0218790691819062,0.938743737635516
"ENSG00000130713","EXOSC2",-0.0484430339163025,0.695126991936042
"ENSG00000130714","POMT1",-0.167584563401812,0.436514566280259
"ENSG00000130720","FIBCD1",-0.244092901532656,0.264024787970843
"ENSG00000130734","ATG4D",0.346450732835379,0.0138229638462385
"ENSG00000130762","ARHGEF16",0.0451942022488192,0.874583166531297
"ENSG00000130803","ZNF317",0.189281794511458,0.191969428254151
"ENSG00000130816","DNMT1",-0.223861436629622,0.00948831045854666
"ENSG00000130818","ZNF426",0.323565557361573,0.0195032733901401
"ENSG00000130821","SLC6A8",1.20131760101229,4.10091857900226e-16
"ENSG00000130830","MPP1",-0.15427189016939,0.302018370225918
"ENSG00000130956","HABP4",-0.262728426779976,0.132920904246871
"ENSG00000131019","ULBP3",0.0957722357211794,0.558298052825868
"ENSG00000131069","ACSS2",-0.733032773841934,0.000806460765318063
"ENSG00000131089","ARHGEF9",-1.09555017028347,1.20453212117649e-09
"ENSG00000131149","GSE1",0.652470929404249,4.58424477506956e-07
"ENSG00000131171","SH3BGRL",-0.309320485379072,0.0158707801774323
"ENSG00000131263","RLIM",-0.238452542649778,0.00235905066580463
"ENSG00000131373","HACL1",0.325349601835964,0.0104228734900616
"ENSG00000131375","CAPN7",0.745139015191184,8.01125082195324e-12
"ENSG00000131408","NR1H2",0.13760220415975,0.347657865978721
"ENSG00000131462","TUBG1",0.360533887357687,5.60983538033118e-06
"ENSG00000131470","PSMC3IP",-0.111419958342781,0.412354051670871
"ENSG00000131471","AOC3",0.0695757442317529,0.783690023227138
"ENSG00000131504","DIAPH1",1.29281094955737e-05,0.999893255486089
"ENSG00000131650","KREMEN2",0.334589170353873,0.116388190634831
"ENSG00000131746","TNS4",1.29697666566847,0.000942938670879434
"ENSG00000131747","TOP2A",-0.11348892639048,0.410387228297272
"ENSG00000131791","PRKAB2",0.627464594489466,4.7501068098058e-07
"ENSG00000131944","FAAP24",0.370288119163712,0.0237979546847497
"ENSG00000131979","GCH1",1.23484324684314,7.52806432689568e-09
"ENSG00000132128","LRRC41",0.183302319470685,0.0194887228906485
"ENSG00000132182","NUP210",0.108319489565173,0.653650560951596
"ENSG00000132185","FCRLA",1.22533779695359,0.000878291917748737
"ENSG00000132256","TRIM5",0.798522343863313,7.4743069203143e-13
"ENSG00000132330","SCLY",-0.166600727533236,0.318383428259412
"ENSG00000132357","CARD6",1.30598454830018,7.19325280975812e-16
"ENSG00000132383","RPA1",0.245499853683366,0.0272476285385911
"ENSG00000132429","POPDC3",-0.326517056416045,0.0113970063713195
"ENSG00000132432","SEC61G",0.0365980016162325,0.866336102321563
"ENSG00000132470","ITGB4",0.662596746156609,0.0068198895176773
"ENSG00000132510","KDM6B",0.404178387253955,0.0337255649681358
"ENSG00000132535","DLG4",-0.157766476625021,0.384429484442841
"ENSG00000132570","PCBD2",-0.360031017209888,0.00376862181745152
"ENSG00000132591","ERAL1",0.230323663133606,0.0259609154652824
"ENSG00000132623","ANKEF1",0.523620164719732,0.0156390254225082
"ENSG00000132661","NXT1",-0.418181157288602,0.00051563467465864
"ENSG00000132669","RIN2",-0.458208527231136,9.22285809403205e-09
"ENSG00000132680","KHDC4",-0.0611241626256717,0.724116504072411
"ENSG00000132698","RAB25",-0.108627445946089,0.653540475153523
"ENSG00000132716","DCAF8",-0.41789581233547,8.64088847561824e-05
"ENSG00000132793","LPIN3",0.861969331043795,0.0224893822611454
"ENSG00000132801","ZSWIM3",0.233610439736947,0.209647962258853
"ENSG00000132819","RBM38",0.90383830442833,4.60137797335264e-08
"ENSG00000132824","SERINC3",0.06377194899734,0.630517755482217
"ENSG00000132842","AP3B1",-0.545383771846187,1.78989335160022e-08
"ENSG00000132879","FBXO44",1.29089527859414,0.00410274763842343
"ENSG00000132881","CPLANE2",0.618663537394261,0.0185367796988006
"ENSG00000132952","USPL1",-0.318143797742324,0.0620638988053331
"ENSG00000132965","ALOX5AP",-0.362929358273656,0.167334799984386
"ENSG00000132967",NA,-0.249581028079331,0.213235592801793
"ENSG00000132970","WASF3",-0.474752019967995,1.61081968717696e-05
"ENSG00000133059","DSTYK",0.234148608654065,0.0180881369572833
"ENSG00000133065","SLC41A1",0.361318846094825,0.00285783790882271
"ENSG00000133114","GPALPP1",-0.472428230454579,3.01313786108397e-05
"ENSG00000133121","STARD13",1.12278163039651,1.76862125381924e-11
"ENSG00000133216","EPHB2",-0.528392034717649,0.000278259964035372
"ENSG00000133243","BTBD2",-0.161786087120077,0.255792766776588
"ENSG00000133250","ZNF414",0.241078221775174,0.11346948002411
"ENSG00000133315","MACROD1",-1.12196338335813,0.000393295206142811
"ENSG00000133318","RTN3",-0.227998853326843,0.00218522117686252
"ENSG00000133328","PLAAT2",0.239684502545789,0.337672486220573
"ENSG00000133401","PDZD2",-0.406074290640571,0.101261640497328
"ENSG00000133477","FAM83F",0.122119316858098,0.610838514938437
"ENSG00000133519",NA,-0.0363253398373752,0.900152624927582
"ENSG00000133597","ADCK2",0.407126890801054,7.64108440075765e-05
"ENSG00000133606","MKRN1",0.28989636687392,0.00079415236307324
"ENSG00000133703","KRAS",0.0440332121334124,0.662648157955815
"ENSG00000133706","LARS1",-0.588575606325692,1.07918849612628e-12
"ENSG00000133739","LRRCC1",0.0524298611730175,0.779908130455342
"ENSG00000133740","E2F5",-0.0885063149337986,0.714986812873674
"ENSG00000133789","SWAP70",0.165074705023024,0.084845767222818
"ENSG00000133794","BMAL1",1.09844956164763,1.8094072845693e-19
"ENSG00000133805","AMPD3",0.307103532126363,0.0851248647377707
"ENSG00000133816","MICAL2",-1.02293904449183,7.68512833726253e-16
"ENSG00000133884","DPF2",0.353571518635408,2.24270846783149e-05
"ENSG00000133935","ERG28",0.0379680604036272,0.86412200588441
"ENSG00000133961","NUMB",-0.128724351356239,0.161542152329282
"ENSG00000133983","COX16",-0.638944633646515,0.00056222982933237
"ENSG00000134013","LOXL2",-0.764140805338762,1.17076929092446e-07
"ENSG00000134014","ELP3",0.193090178537053,0.0612438501469008
"ENSG00000134030","CTIF",-0.494439361370572,0.0035295612379951
"ENSG00000134058","CDK7",0.624005154641262,4.59130102324155e-09
"ENSG00000134070","IRAK2",0.176524562507258,0.40139869482138
"ENSG00000134109","EDEM1",-0.0462231950006275,0.790862750455367
"ENSG00000134146","DPH6",-1.85748664089689,5.13566597072182e-22
"ENSG00000134152","KATNBL1",0.0804034334131092,0.450043597724683
"ENSG00000134247","PTGFRN",-0.358526755741711,0.00119504188950056
"ENSG00000134250","NOTCH2",-0.0362476880231213,0.797180611862661
"ENSG00000134278","SPIRE1",-0.244434300433647,0.0112756317635073
"ENSG00000134287","ARF3",-0.0660462490202034,0.414065079971953
"ENSG00000134308","YWHAQ",-0.396887429822092,1.15297069586802e-06
"ENSG00000134324","LPIN1",-0.879149366254919,4.21027050441156e-06
"ENSG00000134333","LDHA",-0.630930069175982,2.59912432418268e-09
"ENSG00000134369","NAV1",-0.507405962365737,5.30990769495782e-05
"ENSG00000134440","NARS1",-0.136982037072904,0.19702284568089
"ENSG00000134463","ECHDC3",-0.109027294962173,0.650818637239972
"ENSG00000134548","SPX",-0.248687593375052,0.326154233062978
"ENSG00000134575","ACP2",0.334247968544602,0.0152446895645092
"ENSG00000134684","YARS1",-0.813221075054316,7.509502551886e-18
"ENSG00000134697","GNL2",-0.140578733185831,0.0625383901517468
"ENSG00000134717","BTF3L4",0.00933437003490721,0.955376443604413
"ENSG00000134758","RNF138",-0.130618027576491,0.323542010435737
"ENSG00000134809","TIMM10",-0.102139620998758,0.480434504751136
"ENSG00000134815","DHX34",0.750198351444371,1.23188404218755e-07
"ENSG00000134864","GGACT",-0.517727459554117,0.0859841737321547
"ENSG00000134871","COL4A2",-0.186135468227071,0.206498721387143
"ENSG00000134897","BIVM",-0.191853662454693,0.045548700815185
"ENSG00000134910","STT3A",-0.0839890781523769,0.396325458166007
"ENSG00000134996","OSTF1",-0.328912950426672,0.0382106504043504
"ENSG00000135018","UBQLN1",0.0568756503415578,0.498592339177978
"ENSG00000135049","AGTPBP1",-0.108730805847588,0.490982680114032
"ENSG00000135069","PSAT1",-1.01005203984851,1.6508729979293e-10
"ENSG00000135116","HRK",-0.147930981266695,0.547716253492886
"ENSG00000135127","BICDL1",0.00547562261727894,0.984575850795219
"ENSG00000135148","TRAFD1",0.784402455547628,4.20835646765216e-09
"ENSG00000135249","RINT1",0.271068800061192,0.0159974882987033
"ENSG00000135315","CEP162",-0.215332180049284,0.0710627671006915
"ENSG00000135316","SYNCRIP",-0.282153401109605,0.00019439117551803
"ENSG00000135341","MAP3K7",-0.256437130030059,0.000254752482571783
"ENSG00000135365","PHF21A",0.132453003183711,0.445411690432771
"ENSG00000135378","PRRG4",0.737836235856853,0.000339506706535117
"ENSG00000135387","CAPRIN1",0.0658613848222222,0.410387228297272
"ENSG00000135414","GDF11",0.486770871978871,2.90392972025121e-06
"ENSG00000135469","COQ10A",0.274012255867739,0.0769566214639677
"ENSG00000135506","OS9",0.0353863188461485,0.821652559920962
"ENSG00000135525","MAP7",-0.301976695320677,0.235426261757526
"ENSG00000135541","AHI1",-0.295485329573096,0.0056004460242726
"ENSG00000135604","STX11",0.117553095348616,0.635229078733928
"ENSG00000135622","SEMA4F",0.821394193781286,3.43791787228248e-06
"ENSG00000135631","RAB11FIP5",0.290812456267546,0.0150414875882143
"ENSG00000135709","KIAA0513",0.739936550593721,0.00488089216976263
"ENSG00000135720","DYNC1LI2",-0.0707607932803596,0.374803160217522
"ENSG00000135736","CCDC102A",0.287553462874728,0.153982701802889
"ENSG00000135775","COG2",-0.617516806687423,8.87226230166244e-06
"ENSG00000135778","NTPCR",0.263125311719863,0.0416816175334216
"ENSG00000135821","GLUL",-0.0910312507510372,0.733566729228629
"ENSG00000135838","NPL",-0.344981388276069,0.188754311349154
"ENSG00000135870","RC3H1",0.244975465454221,0.0380152445523996
"ENSG00000135905","DOCK10",-0.0701262336068584,0.660422778677144
"ENSG00000135951","TSGA10",0.414623715891536,0.021785040921854
"ENSG00000135966","TGFBRAP1",0.40427529162962,2.15839609809128e-05
"ENSG00000135999","EPC2",0.0476576824420516,0.740775008478084
"ENSG00000136002","ARHGEF4",0.828770788646997,0.0234707683040275
"ENSG00000136044","APPL2",-0.146906644306165,0.232229269547251
"ENSG00000136104","RNASEH2B",-0.26310479828186,0.0144448859574732
"ENSG00000136108","CKAP2",-0.303281360745779,0.019368204766958
"ENSG00000136158","SPRY2",-0.244123343814187,0.0900225392500099
"ENSG00000136280","CCM2",-0.0211712898771502,0.922631454529007
"ENSG00000136383","ALPK3",-0.0937652385406919,0.687987442728164
"ENSG00000136436","CALCOCO2",0.0177629168167552,0.913170735363016
"ENSG00000136444","RSAD1",-0.252125437855128,0.0804362409148104
"ENSG00000136448","NMT1",-0.0165601445020531,0.89461643734971
"ENSG00000136504","KAT7",0.306326217963769,0.00249899336899357
"ENSG00000136560","TANK",-0.22383473311115,0.113411633526987
"ENSG00000136628","EPRS1",-0.500130788695831,1.75533425462912e-06
"ENSG00000136643","RPS6KC1",-0.136177147949673,0.28556837822513
"ENSG00000136695","IL36RN",0.0338038381527663,0.906984608006711
"ENSG00000136720","HS6ST1",0.0304293663510894,0.896371805309677
"ENSG00000136738","STAM",0.298935096593348,0.00337430061207428
"ENSG00000136807","CDK9",-0.146707065315058,0.37174609046234
"ENSG00000136811","ODF2",-0.0421024019176676,0.795630693813147
"ENSG00000136813","ECPAS",-0.0474459855768572,0.669503608950732
"ENSG00000136827","TOR1A",0.191728074951692,0.0221566860465691
"ENSG00000136840","ST6GALNAC4",-0.216410396571433,0.118383543050014
"ENSG00000136854","STXBP1",0.270914594278443,0.0213205805641354
"ENSG00000136861","CDK5RAP2",0.0313231819842797,0.823167427967159
"ENSG00000136866","ZFP37",-0.00873463164700639,0.975331593823984
"ENSG00000136874","STX17",0.0936248620245472,0.493069747768249
"ENSG00000136888","ATP6V1G1",0.14349818713129,0.103596083744999
"ENSG00000136891","TEX10",0.101870830687913,0.247157585286125
"ENSG00000136908","DPM2",0.0378521775226788,0.792995105079714
"ENSG00000136933","RABEPK",0.21805058366352,0.053665757914122
"ENSG00000136936","XPA",-0.148769242423882,0.15559196194583
"ENSG00000136937","NCBP1",-0.293638628771481,0.000140979122556402
"ENSG00000137040","RANBP6",0.0192173969381921,0.905778107480788
"ENSG00000137073","UBAP2",0.245873917041669,0.0207957888964389
"ENSG00000137154","RPS6",-0.404201428024832,0.000238324637512676
"ENSG00000137166","FOXP4",0.210825740260595,0.183729461813
"ENSG00000137168","PPIL1",-0.252966841413752,0.0225656592682374
"ENSG00000137198","GMPR",0.604767112064042,0.046405601758864
"ENSG00000137216","TMEM63B",1.08376758305086,1.09721367352848e-08
"ENSG00000137221","TJAP1",0.177990031406173,0.202234371514267
"ENSG00000137269","LRRC1",0.0518479944279365,0.813560319248925
"ENSG00000137274","BPHL",-0.10672384239878,0.647648630069556
"ENSG00000137288","UQCC2",-0.615847230174185,7.21711132813431e-05
"ENSG00000137343","ATAT1",0.306385032905722,0.0867481096645444
"ENSG00000137409","MTCH1",-0.0342981153754001,0.819941536987864
"ENSG00000137473","TTC29",0.434791888567146,0.117687692163506
"ENSG00000137492","THAP12",-0.315406347120484,0.0048962016265145
"ENSG00000137502","RAB30",1.39336208925199,1.66077412988995e-15
"ENSG00000137509","PRCP",0.520775245011917,1.66120506082866e-09
"ENSG00000137522","RNF121",0.452764332971758,8.68227294567112e-05
"ENSG00000137601","NEK1",-0.10643361719557,0.386640254247781
"ENSG00000137656","BUD13",-0.15761103499437,0.188832871050552
"ENSG00000137692","DCUN1D5",0.0265466930046923,0.858659257539428
"ENSG00000137693","YAP1",0.169992923369941,0.0681898532045486
"ENSG00000137699","TRIM29",-0.0390349338482445,0.893376527251327
"ENSG00000137700","SLC37A4",-0.264852030758558,0.0751705107249281
"ENSG00000137710","RDX",-0.371077589160215,1.46327272558086e-07
"ENSG00000137747","TMPRSS13",-0.0351446759785035,0.904625810198841
"ENSG00000137770","CTDSPL2",-0.270010686788394,0.0022280263422106
"ENSG00000137806","NDUFAF1",0.403590718354374,0.000230264995613142
"ENSG00000137814","HAUS2",-0.47307362335844,1.23161653660966e-06
"ENSG00000137817","PARP6",-0.0721460431269075,0.712195366778971
"ENSG00000137825","ITPKA",1.28667210685452,5.96748221443482e-12
"ENSG00000137841","PLCB2",-0.979609395185988,0.0169339281531744
"ENSG00000137876","RSL24D1",-0.434797426984538,0.00111392429009467
"ENSG00000137944","KYAT3",-0.41496275010697,0.00540792108497376
"ENSG00000137947","GTF2B",0.167939105309221,0.281675289354996
"ENSG00000138036","DYNC2LI1",-0.398916766898037,0.0438226503886642
"ENSG00000138069","RAB1A",0.272172813964744,0.000533922587198173
"ENSG00000138078","PREPL",0.313926918435556,3.91559284266702e-05
"ENSG00000138085","ATRAID",-0.0734462310476156,0.592850687009092
"ENSG00000138107","ACTR1A",0.201824413837921,0.0221527151587955
"ENSG00000138162","TACC2",-0.0414481514199794,0.842254998609933
"ENSG00000138190","EXOC6",-0.358050529640244,0.0119432930016851
"ENSG00000138347","MYPN",0.723713239135299,0.00128642694605863
"ENSG00000138378","STAT4",0.121713400552904,0.608977821413274
"ENSG00000138380","CARF",-0.808998791170152,0.00326811634215574
"ENSG00000138385","SSB",-0.00836228754413095,0.944158754890925
"ENSG00000138398","PPIG",-0.097486163030637,0.274393725795821
"ENSG00000138430","OLA1",-0.396098206917034,2.00055839122609e-06
"ENSG00000138443","ABI2",-0.143171833428452,0.122997956226731
"ENSG00000138448","ITGAV",-0.000289767377117982,0.998489831781308
"ENSG00000138463","SLC49A4",0.0986582899583143,0.52565671861449
"ENSG00000138468","SENP7",-0.337458866084893,0.0206999307776209
"ENSG00000138495","COX17",0.106317738096394,0.454217502748058
"ENSG00000138496","PARP9",0.476902783939723,5.61719334247309e-06
"ENSG00000138629","UBL7",0.447943987069906,3.97133695100678e-06
"ENSG00000138639","ARHGAP24",-1.10636203656818,1.07262466777887e-05
"ENSG00000138658","ZGRF1",-0.208906079274613,0.187121056070255
"ENSG00000138698","RAP1GDS1",-0.497747323878808,1.48463156156027e-06
"ENSG00000138744","NAAA",0.243811899208754,0.258339680823082
"ENSG00000138750","NUP54",-0.0216496748769411,0.903267439473819
"ENSG00000138758","SEPTIN11",-0.394249523726567,4.73723931932417e-10
"ENSG00000138764","CCNG2",1.03798373074153,6.94660199678311e-11
"ENSG00000138780","GSTCD",-0.167837314969945,0.230013398597146
"ENSG00000138801","PAPSS1",-0.390583313037102,1.19004827568032e-05
"ENSG00000138802","SEC24B",0.172675608827009,0.164083108086089
"ENSG00000138814","PPP3CA",-0.385018939369108,1.13654837307211e-08
"ENSG00000138829","FBN2",-1.48458622616965,4.14606244039863e-05
"ENSG00000138944","SHISAL1",-0.259124073234297,0.263067789908761
"ENSG00000139112","GABARAPL1",1.34530709578541,1.72645740173121e-12
"ENSG00000139116","KIF21A",0.623124498700942,3.10675746153181e-13
"ENSG00000139132","FGD4",0.917403243080807,3.79286639539057e-06
"ENSG00000139133","ALG10",0.243920401287817,0.170721535310491
"ENSG00000139144","PIK3C2G",0.19243580011283,0.400224927127214
"ENSG00000139146","SINHCAF",0.0920722211494962,0.587459127097949
"ENSG00000139160","ETFBKMT",-0.294717537242214,0.228052152429212
"ENSG00000139163","ETNK1",0.231339983168281,0.0212462325871565
"ENSG00000139168","ZCRB1",-0.235379065149862,3.04111387439303e-05
"ENSG00000139178","C1RL",-0.250446787278339,0.0827358547766671
"ENSG00000139197","PEX5",-0.108146352424887,0.587320814355958
"ENSG00000139209","SLC38A4",0.117832577633314,0.623258725942684
"ENSG00000139263","LRIG3",0.179620403992922,0.399567943029734
"ENSG00000139291","TMEM19",-0.267218593060913,0.0159630118336726
"ENSG00000139323","POC1B",-0.808582674822109,3.97467351600624e-08
"ENSG00000139343","SNRPF",0.0552798123861487,0.656747740990687
"ENSG00000139372","TDG",0.315803280756875,0.00417437068677456
"ENSG00000139410","SDSL",0.496990304791905,0.0132136967476993
"ENSG00000139428","MMAB",-0.449904638705854,0.000429402326441942
"ENSG00000139515","PDX1",-0.026826341009915,0.926484200644979
"ENSG00000139620","KANSL2",0.157166287025214,0.191178898103032
"ENSG00000139684","ESD",-0.569471073839173,3.54227478215085e-11
"ENSG00000139697","SBNO1",0.232696637808548,0.000123358952151746
"ENSG00000139719","VPS33A",0.204734671823313,0.0482719579168174
"ENSG00000139726","DENR",-0.3286264710491,1.59880712110814e-06
"ENSG00000139734","DIAPH3",-0.820460514031738,9.72469215419495e-16
"ENSG00000139826","ABHD13",-0.299230929100137,0.0227074938286013
"ENSG00000139832","RAB20",0.115218807742068,0.607324402490576
"ENSG00000139971","ARMH4",-0.0811500076603987,0.769921698092694
"ENSG00000139973","SYT16",-0.037267963650854,0.898974865252085
"ENSG00000139998","RAB15",0.339401974843642,0.0418589871442203
"ENSG00000140323","DISP2",-0.113250994103521,0.652091328336153
"ENSG00000140379","BCL2A1",-1.72441308225145,1.95689472716645e-08
"ENSG00000140395","SKIC8",-0.504191334014391,1.70156140144229e-05
"ENSG00000140406","TLNRD1",-0.348517856809457,0.00297449494214016
"ENSG00000140443","IGF1R",1.29553783823237,2.19856452479396e-23
"ENSG00000140459","CYP11A1",0.516599479274408,0.0831517187255233
"ENSG00000140465","CYP1A1",2.07635199898042,3.49317247552379e-07
"ENSG00000140474","ULK3",0.273642275885909,0.0205892168905689
"ENSG00000140479","PCSK6",-0.950798674540819,0.00287850848607778
"ENSG00000140481","CCDC33",0.153201318510864,0.514033338501457
"ENSG00000140511","HAPLN3",0.95414000771791,0.000148480350561011
"ENSG00000140519","RHCG",-0.0237211668632409,0.934730254227096
"ENSG00000140525","FANCI",0.0311156911160431,0.824254399604676
"ENSG00000140545","MFGE8",0.727215314138651,0.000129274864079526
"ENSG00000140577","CRTC3",0.0131430155101287,0.942611965269673
"ENSG00000140600","SH3GL3",-0.399450773398781,0.139829617289301
"ENSG00000140612","SEC11A",-0.0869833278629079,0.536060610707752
"ENSG00000140688","RUSF1",-0.181069763073129,0.133432199901361
"ENSG00000140691","ARMC5",-0.031818552355144,0.880826548765823
"ENSG00000140750","ARHGAP17",0.617910445529493,8.75297284205917e-08
"ENSG00000140829","DHX38",0.326541231117946,0.000418108093839365
"ENSG00000140832","MARVELD3",1.19434530620163,0.00829534354212592
"ENSG00000140836","ZFHX3",0.0828886234628681,0.667755596048012
"ENSG00000140873","ADAMTS18",0.68251331788654,0.0170289353830172
"ENSG00000140876","NUDT7",0.0288850820678292,0.928296801259529
"ENSG00000140905","GCSH",0.00709520572812266,0.9808821888354
"ENSG00000140939","NOL3",0.451645180067806,0.0019746930761333
"ENSG00000140943","MBTPS1",-0.0848522814539408,0.364774348336988
"ENSG00000140961","OSGIN1",0.334557106758303,0.157182149580628
"ENSG00000140990","NDUFB10",-0.0245871020791222,0.866695391877722
"ENSG00000140992","PDPK1",0.300230505310295,0.0131164539901905
"ENSG00000141002","TCF25",-0.289966658788795,0.000184582872569912
"ENSG00000141012","GALNS",0.889989630253483,5.30164688821463e-06
"ENSG00000141068","KSR1",0.519677972817866,0.0296584122466807
"ENSG00000141098","GFOD2",0.403527745970503,0.000458904076068129
"ENSG00000141127","PRPSAP2",0.703982645544868,4.0969160993939e-08
"ENSG00000141232","TOB1",0.551614327785026,6.96928881029093e-05
"ENSG00000141252","VPS53",-0.301751446659552,0.00484793970837983
"ENSG00000141367","CLTC",0.042428930404559,0.716199232731214
"ENSG00000141380","SS18",0.0146387287605642,0.933279560091361
"ENSG00000141447","OSBPL1A",0.246957371814477,0.0476939192410528
"ENSG00000141504","SAT2",0.583147531170845,4.92157201834874e-07
"ENSG00000141526","SLC16A3",-0.457289054850103,1.25894852705764e-08
"ENSG00000141527","CARD14",0.396070873561145,0.146051450520237
"ENSG00000141562","NARF",0.346788709790008,0.000456359430825982
"ENSG00000141577","CEP131",0.00718948635485307,0.976833682066721
"ENSG00000141622","ARK2C",-0.0368836807921124,0.899265155492104
"ENSG00000141642","ELAC1",-0.104105421133949,0.553863071772634
"ENSG00000141644","MBD1",0.205351723479059,0.0389699031987268
"ENSG00000141655","TNFRSF11A",-0.353420496489976,0.0106948562245397
"ENSG00000141665","FBXO15",-0.14818431262353,0.554449926562126
"ENSG00000141736","ERBB2",0.454578560939868,0.00131715361983807
"ENSG00000141759","TXNL4A",0.0438126946731638,0.660986919469622
"ENSG00000141867","BRD4",0.0692080228933233,0.586510639156633
"ENSG00000142208","AKT1",-0.0119590128078825,0.939926518346072
"ENSG00000142327","RNPEPL1",-0.133231279040821,0.418169365870906
"ENSG00000142330","CAPN10",-0.035915690894653,0.891850155547458
"ENSG00000142453","CARM1",-0.15853633442584,0.0673119522145786
"ENSG00000142528","ZNF473",0.151823564595124,0.330545259377943
"ENSG00000142544","CTU1",0.410625291297799,0.00304655984025541
"ENSG00000142583","SLC2A5",0.104118765290462,0.66696450827519
"ENSG00000142621","FHAD1",-0.048336731617687,0.873213166901099
"ENSG00000142675","CNKSR1",0.759959229660079,0.0334275952037396
"ENSG00000142686","C1orf216",0.259068682278263,0.0137985581576126
"ENSG00000142694","EVA1B",1.30352600128913,4.62711770894903e-08
"ENSG00000142798","HSPG2",-1.03685712630694,7.09511347679065e-06
"ENSG00000142892","PIGK",-0.682564418573373,1.1887340226272e-08
"ENSG00000142937","RPS8",-0.394976491794067,3.38424864964957e-07
"ENSG00000142961","MOB3C",0.193886165996244,0.345475266067649
"ENSG00000143036","SLC44A3",0.12843367117505,0.615955757591446
"ENSG00000143093","STRIP1",0.101773344644912,0.383629964765628
"ENSG00000143153","ATP1B1",-0.13588214299091,0.218221939103347
"ENSG00000143156","NME7",-0.547402533549345,1.41035995492321e-07
"ENSG00000143178","TBX19",0.493012828681168,0.0507803707002149
"ENSG00000143222","UFC1",0.122469074067543,0.309441389661555
"ENSG00000143256","PFDN2",-0.312060382022285,0.00150248785490385
"ENSG00000143314","MRPL24",-0.467555367751499,6.92241821796354e-06
"ENSG00000143344","RGL1",-0.0709258865825978,0.732265428600203
"ENSG00000143368","SF3B4",0.297403350189073,0.00415498761247105
"ENSG00000143375","CGN",0.304951041155079,0.154631916777653
"ENSG00000143384","MCL1",-0.649783897118348,3.73737425585808e-12
"ENSG00000143393","PI4KB",0.402883843719394,9.90128931135095e-05
"ENSG00000143398","PIP5K1A",0.348241904229124,0.000506317000421905
"ENSG00000143409","MINDY1",0.51211517205463,0.00921868735541572
"ENSG00000143412","ANXA9",0.795627034748551,0.0298663868294005
"ENSG00000143458","GABPB2",-0.132660882024971,0.554453321694295
"ENSG00000143498","TAF1A",-0.821905334840649,3.48359279950386e-07
"ENSG00000143553","SNAPIN",-0.0746385868437019,0.610806024581249
"ENSG00000143554","SLC27A3",-0.134392458048412,0.58406108195957
"ENSG00000143575","HAX1",-0.114727959131823,0.327607020816917
"ENSG00000143621","ILF2",-0.040626989018204,0.807201465127424
"ENSG00000143641","GALNT2",-0.0267548011795998,0.830145075980601
"ENSG00000143643","TTC13",-0.340439374309997,0.0782542105892981
"ENSG00000143669","LYST",-0.118426478011915,0.482867156895906
"ENSG00000143702","CEP170",-0.850075483918071,1.38052785237692e-08
"ENSG00000143751","SDE2",-0.10843254838407,0.474089643139096
"ENSG00000143774","GUK1",-0.187841815507752,0.0491678328585377
"ENSG00000143786","CNIH3",-0.824833868550169,1.13334217454526e-07
"ENSG00000143811","PYCR2",-0.122837763275343,0.37795784765349
"ENSG00000143845","ETNK2",0.332308922141924,0.0780847799407012
"ENSG00000143847","PPFIA4",-0.151093955320993,0.552021377006513
"ENSG00000143870","PDIA6",-0.325834627685413,3.80126154454577e-05
"ENSG00000143878","RHOB",0.855526285188803,1.00424817709698e-05
"ENSG00000143889","HNRNPLL",0.125918738498045,0.278215178148814
"ENSG00000143924","EML4",-0.190995966395718,0.0420997306616219
"ENSG00000143970","ASXL2",-0.203220449385628,0.0230928478998141
"ENSG00000143971","ETAA1",-0.0702996928763892,0.677324082366785
"ENSG00000144028","SNRNP200",-0.0312041599606064,0.797741407282284
"ENSG00000144040","SFXN5",0.440555413134934,0.0077164813370527
"ENSG00000144045","DQX1",0.266114899560603,0.280625443441227
"ENSG00000144061","NPHP1",-0.262904928203712,0.245682083036936
"ENSG00000144130","NT5DC4",-0.0709250092032863,0.763340320859782
"ENSG00000144136","SLC20A1",-0.922036997589561,1.68339801095859e-19
"ENSG00000144355","DLX1",-0.0448005137256747,0.827763104777647
"ENSG00000144362","PHOSPHO2",-0.0219385080044074,0.935936631142923
"ENSG00000144452","ABCA12",1.93975591352819,0.000261811898341321
"ENSG00000144468","RHBDD1",-0.611564387698222,8.51878638674478e-05
"ENSG00000144560","VGLL4",0.266893951632828,0.0070494418164331
"ENSG00000144597","EAF1",0.0394446046501184,0.828088379164454
"ENSG00000144635","DYNC1LI1",0.0743283447916981,0.424930418541632
"ENSG00000144647","POMGNT2",0.312329282819017,0.0177841654428814
"ENSG00000144681","STAC",-1.52395597551052,7.42961265568912e-13
"ENSG00000144713","RPL32",-0.196210208156001,0.00767785796394472
"ENSG00000144730","IL17RD",-0.267958023337012,0.126577968280454
"ENSG00000144741","SLC25A26",-0.287763035725655,0.00285924419417637
"ENSG00000144810","COL8A1",-1.61528144824277,3.03121797158791e-07
"ENSG00000144815","NXPE3",0.112692423329617,0.45776307049631
"ENSG00000144848","ATG3",-0.0494456521027214,0.643987798774688
"ENSG00000144895","EIF2A",0.0799824022335463,0.511228084284554
"ENSG00000144908","ALDH1L1",0.0551124478113031,0.810935215882112
"ENSG00000144909","OSBPL11",-0.0745721565271444,0.521467248909409
"ENSG00000145016","RUBCN",-0.0209043341515948,0.919167542526978
"ENSG00000145022","TCTA",0.0972667633983302,0.482995731014052
"ENSG00000145147","SLIT2",-0.00271544523376997,0.992323346514356
"ENSG00000145220","LYAR",-0.0940110699757328,0.320134160307929
"ENSG00000145246","ATP10D",-0.21419427546133,0.13690347071025
"ENSG00000145348","TBCK",-0.608670776073316,0.00102862223882053
"ENSG00000145365","TIFA",-0.506136470581796,0.000201232451548138
"ENSG00000145390","USP53",0.213404458025729,0.040123090336013
"ENSG00000145476","CYP4V2",-0.265635443902625,0.278215178148814
"ENSG00000145723","GIN1",0.0454215398903334,0.854979290581549
"ENSG00000145725","PPIP5K2",-0.377535111556726,3.24831900544117e-05
"ENSG00000145779","TNFAIP8",0.150955486431586,0.225720109080846
"ENSG00000145819","ARHGAP26",-0.231043613730827,0.177868641098129
"ENSG00000145911","N4BP3",-0.0211361556436053,0.9401839993412
"ENSG00000145912","NHP2",-0.227406880584115,0.00527086745648411
"ENSG00000145916","RMND5B",0.40960356684064,6.53735171840169e-05
"ENSG00000145945","FAM50B",-0.0214720742732264,0.939723249887001
"ENSG00000146054","TRIM7",0.250725394540229,0.132627576743298
"ENSG00000146083","RNF44",0.443129511271384,2.98283851407934e-05
"ENSG00000146247","PHIP",0.369041549150265,4.37157059970928e-06
"ENSG00000146278","PNRC1",0.545179756457104,0.00541348513567366
"ENSG00000146350","TBC1D32",-0.948136212547437,0.000126332585317243
"ENSG00000146463","ZMYM4",-0.213530922475781,0.0262691050783049
"ENSG00000146729","NIPSNAP2",-0.698684413686225,4.16118905781971e-10
"ENSG00000146733","PSPH",-0.422438910449418,0.000863485889426297
"ENSG00000146776","ATXN7L1",0.0441434036565951,0.842487050280472
"ENSG00000146802","TMEM168",-1.03764319583249,1.39523795525507e-10
"ENSG00000146842","TMEM209",-0.100218580930418,0.589697913400771
"ENSG00000146872","TLK2",-0.0870512236661356,0.449063424942499
"ENSG00000146909","NOM1",-0.22316379962515,0.0358057494470757
"ENSG00000146918","NCAPG2",-0.235653392743092,0.0304978535682393
"ENSG00000147003","CLTRN",0.0697845816930367,0.783181840820392
"ENSG00000147050","KDM6A",0.504570416129401,0.000757495082940631
"ENSG00000147140","NONO",-0.0258838752495704,0.746842074175353
"ENSG00000147316","MCPH1",-0.226512265619016,0.0236568207358582
"ENSG00000147364","FBXO25",-0.262304375538314,0.0275329926026374
"ENSG00000147394","ZNF185",-1.0144272626622,1.62200836610595e-06
"ENSG00000147416","ATP6V1B2",0.232593208351063,0.0232064296202034
"ENSG00000147536","GINS4",0.361738534198053,0.00321635015728979
"ENSG00000147601","TERF1",0.245373538880189,0.00450799902084275
"ENSG00000147614","ATP6V0D2",1.38801268516469,2.08468192169292e-06
"ENSG00000147650","LRP12",-0.155817810801292,0.206291318223357
"ENSG00000147654","EBAG9",0.0849699026610467,0.526551737865917
"ENSG00000147804","SLC39A4",0.37714058155358,0.000180027729823625
"ENSG00000147896","IFNK",-0.0191924364322274,0.941758254587414
"ENSG00000147996","ZNG1E",0.115778504770104,0.596884011090787
"ENSG00000148019","CEP78",0.121053326794642,0.280073672825692
"ENSG00000148090","AUH",-0.841313921644185,0.000785774243921749
"ENSG00000148120","AOPEP",0.927475741452953,1.31359441462122e-08
"ENSG00000148158","SNX30",0.198487647754591,0.263124904381325
"ENSG00000148175","STOM",0.995395394837301,0.00418513439919735
"ENSG00000148200","NR6A1",-0.459672181863108,0.0527615373666739
"ENSG00000148291","SURF2",0.213712443495925,0.0372871391056326
"ENSG00000148308","GTF3C5",0.265644821848166,0.0121182955852798
"ENSG00000148334","PTGES2",0.129230423666161,0.228598170488058
"ENSG00000148335","NTMT1",0.152340509070715,0.138844655321442
"ENSG00000148337","CIZ1",0.213274034429498,0.0126835409275375
"ENSG00000148341","SH3GLB2",-0.358324345530146,5.67793187304304e-05
"ENSG00000148384","INPP5E",-0.149245273302593,0.383893026572856
"ENSG00000148396","SEC16A",0.138898430705925,0.278215178148814
"ENSG00000148498","PARD3",-0.143001519960107,0.0823412889708684
"ENSG00000148513","ANKRD30A",-0.0294137230393082,0.910699228933615
"ENSG00000148516","ZEB1",-0.365846555198168,0.00835386667055289
"ENSG00000148660","CAMK2G",0.309804175059233,0.00200836444842705
"ENSG00000148671","ADIRF",0.55326423123675,0.00997828911453133
"ENSG00000148688","RPP30",0.284003564035595,0.00259015867039911
"ENSG00000148700","ADD3",0.237641111920701,0.0902611187881802
"ENSG00000148719","DNAJB12",-0.00877950398458244,0.94908520436321
"ENSG00000148773","MKI67",-0.375633368203801,0.0101547076581387
"ENSG00000148803","FUOM",-0.228134635499009,0.116094743512655
"ENSG00000148814","LRRC27",-0.106963811250836,0.671248103073835
"ENSG00000148943","LIN7C",-0.298213313005345,4.03487550339888e-06
"ENSG00000149182","ARFGAP2",0.210204883714688,0.073724139283615
"ENSG00000149269","PAK1",0.0253002304713335,0.82508318015337
"ENSG00000149289","ZC3H12C",-0.0311822712061738,0.888387845856508
"ENSG00000149294","NCAM1",-1.32420011089041,1.14679639972812e-20
"ENSG00000149311","ATM",-0.335380846695556,0.00683087705044442
"ENSG00000149428","HYOU1",-0.275624762065149,0.00275632387176762
"ENSG00000149474","KAT14",-0.442424124051278,0.00123507558139165
"ENSG00000149541","B3GAT3",1.07032560443557,5.38048322352826e-17
"ENSG00000149573","MPZL2",0.940556820612515,8.63825423473967e-07
"ENSG00000149577","SIDT2",1.2272420999903,1.60696905137182e-12
"ENSG00000149591","TAGLN",-0.312437128078633,0.12335899115828
"ENSG00000149658","YTHDF1",0.17711485701225,0.0853041976140898
"ENSG00000149761","NUDT22",0.342294191070329,0.000147932700895874
"ENSG00000150054","MPP7",0.0179116646682494,0.951093390451967
"ENSG00000150093","ITGB1",-0.723538162310412,1.03006443351558e-09
"ENSG00000150316","CWC15",0.0446919888864087,0.681880620674345
"ENSG00000150347","ARID5B",0.75562836458018,5.79297691438339e-07
"ENSG00000150403","TMCO3",-0.57832074801098,1.58088655659511e-05
"ENSG00000150457","LATS2",0.149608578354757,0.314534874967747
"ENSG00000150459","SAP18",0.194090652873049,0.0208215860936753
"ENSG00000150551","LYPD1",0.742679455991362,3.02634828486744e-08
"ENSG00000150636","CCDC102B",-1.18716239626689,0.000368829149378496
"ENSG00000150753","CCT5",-0.110060686140512,0.0410202965402642
"ENSG00000150776","NKAPD1",-0.38583736104325,4.12821682505447e-06
"ENSG00000150990","DHX37",0.45241507664162,0.00011001153206406
"ENSG00000151116","UEVLD",-0.069930348975547,0.646883562674535
"ENSG00000151208","DLG5",0.0445390750043246,0.781626958008274
"ENSG00000151240","DIP2C",-0.813773045537209,2.85070534185558e-07
"ENSG00000151292","CSNK1G3",-0.26185917226759,0.00402580547686587
"ENSG00000151353","TMEM18",-0.219735770038346,0.0472422367577674
"ENSG00000151366","NDUFC2",0.0612599051042832,0.550808982683348
"ENSG00000151414","NEK7",0.147726168855817,0.230270065075799
"ENSG00000151445","VIPAS39",-0.0108037692282134,0.953340845385781
"ENSG00000151461","UPF2",-0.282374134770728,0.0021605027369396
"ENSG00000151466","SCLT1",-0.826828874435733,4.42895827004698e-11
"ENSG00000151498","ACAD8",-0.00418585528954243,0.984778635957563
"ENSG00000151552","QDPR",0.146586086625224,0.174175725965643
"ENSG00000151611","MMAA",-0.624817062462813,0.00473573161339874
"ENSG00000151657","KIN",0.22926786659256,0.0251521115136075
"ENSG00000151692","RNF144A",-0.184693567634839,0.314299513599714
"ENSG00000151743","AMN1",-0.391460867653996,0.031491787716344
"ENSG00000151748","SAV1",0.822999013327308,1.38374874262755e-18
"ENSG00000151923","TIAL1",-0.510422578136599,4.78094132701142e-15
"ENSG00000151929","BAG3",-0.18971280140631,0.0495960484298257
"ENSG00000152056","AP1S3",0.222669562973495,0.111709496068216
"ENSG00000152193","OBI1",-0.396087605291129,1.167781718223e-05
"ENSG00000152217","SETBP1",-0.240376639219722,0.0976212008316006
"ENSG00000152234","ATP5F1A",-0.32371310238869,2.00251248846553e-05
"ENSG00000152240","HAUS1",-0.267079396986395,0.0102116391832878
"ENSG00000152284","TCF7L1",-0.395161279524632,0.115144454296123
"ENSG00000152332","UHMK1",0.266148958009055,0.00250626582214899
"ENSG00000152377","SPOCK1",0.165172546444837,0.348596919457562
"ENSG00000152443","ZNF776",0.120813343252488,0.543744562776692
"ENSG00000152455","SUV39H2",0.0997649283646503,0.49821977011181
"ENSG00000152465","NMT2",0.103710555548161,0.497264074087263
"ENSG00000152495","CAMK4",-0.755358181689969,4.25471600378889e-08
"ENSG00000152582","SPEF2",-0.419104327364826,0.102021322301527
"ENSG00000152684","PELO",0.0018397142783636,0.992650709444824
"ENSG00000152766","ANKRD22",-0.382375671394529,0.158139072344322
"ENSG00000152779","SLC16A12",1.54697593791817,4.88629850353531e-06
"ENSG00000152939","MARVELD2",-0.164433904260926,0.490022289590003
"ENSG00000152944","MED21",0.171354260547373,0.183973478271143
"ENSG00000153066","TXNDC11",0.394083095890755,0.00146680106621726
"ENSG00000153107","ANAPC1",0.16468520505692,0.204135370364847
"ENSG00000153162","BMP6",-1.32778965808493,0.000748014073950105
"ENSG00000153187","HNRNPU",-0.317085766519938,9.46141885226107e-07
"ENSG00000153201","RANBP2",-0.0143501871259793,0.92922671518069
"ENSG00000153294","ADGRF4",0.68024630580094,0.00010548061825543
"ENSG00000153767","GTF2E1",0.126123517892788,0.35757246219022
"ENSG00000153814","JAZF1",-0.271571234688904,0.0338049256157631
"ENSG00000153823","PID1",0.0510616752089356,0.842692681406213
"ENSG00000153898","MCOLN2",-0.435624143466598,0.00480774349442148
"ENSG00000153922","CHD1",-0.116165100084646,0.26787060518784
"ENSG00000153982","GDPD1",0.688887996557845,0.021849808080265
"ENSG00000154102","C16orf74",-0.535794235502281,4.03547809383347e-05
"ENSG00000154153","RETREG1",0.184131766494026,0.459127366437939
"ENSG00000154265","ABCA5",0.310295319542141,0.200137428995875
"ENSG00000154305","MIA3",-0.332431286580489,0.0124069393193305
"ENSG00000154310","TNIK",0.145383421315341,0.369442129164518
"ENSG00000154319","FAM167A",-0.569005445951464,0.00098333842899389
"ENSG00000154370","TRIM11",-0.0112740625913573,0.951496524862857
"ENSG00000154479","CFAP210",0.275785177197862,0.278736661243155
"ENSG00000154639","CXADR",0.473209152347337,0.0775110939084952
"ENSG00000154719","MRPL39",0.352146803037207,0.00540792108497376
"ENSG00000154822","PLCL2",0.30915861001561,0.031793515936614
"ENSG00000154832","CXXC1",-0.0906795514743571,0.383919710668208
"ENSG00000154889","MPPE1",0.149717761238282,0.38746583895387
"ENSG00000154917","RAB6B",0.00923905891128251,0.974484838787931
"ENSG00000155100","OTUD6B",-0.19731947563811,0.0641274912136468
"ENSG00000155265","GOLGA7B",-0.172211809374835,0.448237377139898
"ENSG00000155269","GPR78",-0.142289971999206,0.537917455781881
"ENSG00000155275","TRMT44",0.363986793970453,0.0629662432790665
"ENSG00000155313","USP25",-0.39513221646813,0.00123476473090563
"ENSG00000155755","TMEM237",-0.128785902538399,0.434692148360043
"ENSG00000155760","FZD7",0.00185845273140545,0.994186455831644
"ENSG00000155858","LSM11",-0.0850023106500995,0.622915103523175
"ENSG00000155893","PXYLP1",0.0120243061521555,0.964901322231726
"ENSG00000155918","RAET1L",-0.0264920174088701,0.927235680054152
"ENSG00000155957","TMBIM4",-0.260919742783502,0.0421112041968943
"ENSG00000156011","PSD3",-0.727483874508593,4.85542098919679e-10
"ENSG00000156103","MMP16",-0.959706542612095,1.59286516882621e-09
"ENSG00000156232","WHAMM",0.0564622488832455,0.751247995135457
"ENSG00000156253","RWDD2B",0.229300345041544,0.0096205820210408
"ENSG00000156298","TSPAN7",-0.0224249737548821,0.937055839012686
"ENSG00000156299","TIAM1",-0.295266021048464,0.074585617416225
"ENSG00000156475","PPP2R2B",0.43832429074072,0.121118329920923
"ENSG00000156515","HK1",-0.149044940288042,0.0951779804874911
"ENSG00000156599","ZDHHC5",0.307487280610763,0.000209465198631131
"ENSG00000156603","MED19",0.0691104532219777,0.47594353136293
"ENSG00000156642","NPTN",-0.298239755833864,0.00015052179727327
"ENSG00000156675","RAB11FIP1",0.835541623192495,2.56184088346969e-18
"ENSG00000156831","NSMCE2",-0.551289452543607,0.000169644442233682
"ENSG00000156853","ZNF689",0.000766016343604385,0.996464559079701
"ENSG00000156860","FBRS",0.665275980648309,7.25104013504049e-11
"ENSG00000156973","PDE6D",-0.369565019289479,0.00379101927707835
"ENSG00000156976","EIF4A2",0.0466490838833845,0.792559353599869
"ENSG00000156990","RPUSD3",0.505761160765401,1.47196017461631e-10
"ENSG00000157077","ZFYVE9",-0.410837518304936,0.000320933290256494
"ENSG00000157106","SMG1",0.0272731802348564,0.8843285815049
"ENSG00000157107","FCHO2",0.369608572672408,0.00420164820986483
"ENSG00000157111","TMEM171",0.0280622035354908,0.925924703486975
"ENSG00000157184","CPT2",0.204288398986952,0.108165247385265
"ENSG00000157214","STEAP2",-0.0386659620097543,0.856795819691415
"ENSG00000157326","DHRS4",0.12755547559688,0.521956230457928
"ENSG00000157350","ST3GAL2",-0.195036459191905,0.211379582150442
"ENSG00000157399","ARSL",0.0339867521157717,0.914284211999347
"ENSG00000157514","TSC22D3",-0.456359740405049,0.0227677177760748
"ENSG00000157570","TSPAN18",-0.109970367945734,0.6578774153944
"ENSG00000157578","LCA5L",-0.0748766201931386,0.783713582130844
"ENSG00000157625","TAB3",0.127979446253949,0.371832393869618
"ENSG00000157657","ZNF618",0.0179344437424913,0.929807074116013
"ENSG00000157823","AP3S2",-0.217848339841616,0.159403148141681
"ENSG00000157873","TNFRSF14",1.4702161025402,4.01523957932001e-13
"ENSG00000157911","PEX10",0.0821895846296078,0.599717641831553
"ENSG00000157954","WIPI2",0.361999025865278,1.37591030657185e-07
"ENSG00000157978","LDLRAP1",0.574450829672051,4.78658333230252e-06
"ENSG00000158079","PTPDC1",-0.242307607746035,0.0953261923223983
"ENSG00000158089","GALNT14",-0.598018573089308,0.000102935856667726
"ENSG00000158109","TPRG1L",0.00158109006153254,0.992323346514356
"ENSG00000158156","XKR8",0.209050364586743,0.0854718705890837
"ENSG00000158195","WASF2",0.140502973370061,0.0941241652054004
"ENSG00000158201","ABHD3",1.23698946394697,6.00425101327648e-07
"ENSG00000158286","RNF207",-0.0279847635223102,0.924583307703008
"ENSG00000158290","CUL4B",0.104895849185812,0.324485665829143
"ENSG00000158423","RIBC1",0.305351913499086,0.233677513482905
"ENSG00000158467","AHCYL2",-0.433562903849768,0.0837164639957234
"ENSG00000158473","CD1D",-0.0775538060052647,0.769921698092694
"ENSG00000158525","CPA5",0.61128511231495,0.0584230236696595
"ENSG00000158623","COPG2",-0.575833820493192,0.00173005033698479
"ENSG00000158716","DUSP23",-0.0243986880898574,0.934303841950811
"ENSG00000158747","NBL1",0.919420520184405,3.05860323511725e-13
"ENSG00000158769","F11R",1.01663390660088,4.66442105972852e-11
"ENSG00000158813","EDA",-1.38626900349084,0.000230977645028084
"ENSG00000159069","FBXW5",0.24465094389836,0.0565954849195258
"ENSG00000159079","CFAP298",0.159025948250203,0.0985297534426512
"ENSG00000159131","GART",-0.28407695886219,2.73503171050939e-05
"ENSG00000159228","CBR1",0.00287676301485266,0.987448970789834
"ENSG00000159256","MORC3",-0.0613002938259726,0.672878092191104
"ENSG00000159314","ARHGAP27",0.305645983229765,0.108500358699026
"ENSG00000159322","ADPGK",-0.280074252118946,0.0106753603673192
"ENSG00000159335","PTMS",-0.0666627214729856,0.71982747002997
"ENSG00000159423","ALDH4A1",0.492657479752976,0.0273882172995802
"ENSG00000159461","AMFR",0.235899385006679,0.00881687379985832
"ENSG00000159479","MED8",-0.0869730672783867,0.529429815315527
"ENSG00000159516","SPRR2G",-0.030597252469951,0.916726274077284
"ENSG00000159593","NAE1",-0.0522725150430605,0.660233501039255
"ENSG00000159596","TMEM69",0.427458221321639,1.02254564652342e-05
"ENSG00000159658","EFCAB14",0.142782635610204,0.104781250987653
"ENSG00000159685","CHCHD6",-1.76269161681494,2.8785607405626e-22
"ENSG00000159692","CTBP1",-0.0541255103816591,0.600032131134287
"ENSG00000159792","PSKH1",-0.200770768402546,0.167435497748989
"ENSG00000159842","ABR",0.06012840408725,0.752284924896658
"ENSG00000159899","NPR2",0.944126528995078,2.4122597030986e-16
"ENSG00000160014","CALM3",-0.360152149322346,0.00114123702995032
"ENSG00000160075","SSU72",-0.0595203239821588,0.563870651420715
"ENSG00000160124","MIX23",0.131144079074818,0.26488141149846
"ENSG00000160172",NA,-0.0404445051081555,0.892483294033187
"ENSG00000160191","PDE9A",0.2790352878099,0.248801535095346
"ENSG00000160194","NDUFV3",0.218851962576586,0.00601596202132891
"ENSG00000160199","PKNOX1",-0.0584131143934079,0.686389026506102
"ENSG00000160213","CSTB",0.0955717665274623,0.414661799521746
"ENSG00000160218","TRAPPC10",0.616735049924491,1.31968613807347e-06
"ENSG00000160271","RALGDS",0.524444791939351,0.00163968843699016
"ENSG00000160299","PCNT",-0.164202767276469,0.265062476921032
"ENSG00000160325","CACFD1",2.0787692663667,2.33661291312074e-05
"ENSG00000160336","ZNF761",0.802610873246222,0.000432082001099934
"ENSG00000160360","GPSM1",0.416467221507469,0.00359244629332932
"ENSG00000160570","DEDD2",0.0829807711445608,0.624333214136601
"ENSG00000160584","SIK3",-0.028430700060387,0.89321530089423
"ENSG00000160685","ZBTB7B",0.927899193172937,1.69071447998726e-06
"ENSG00000160710","ADAR",0.321839325308368,0.000481377538696605
"ENSG00000160712","IL6R",-0.39947244602951,0.0511264526306178
"ENSG00000160813","PPP1R35",-0.293802267291704,0.0159279082228223
"ENSG00000160917","CPSF4",-0.00696990150292694,0.957096640041434
"ENSG00000161036","LRWD1",0.563877428348758,0.00162391398481159
"ENSG00000161057","PSMC2",0.0492735829703681,0.712961498316301
"ENSG00000161203","AP2M1",-0.0693970204570454,0.434541399440837
"ENSG00000161249","DMKN",-0.0454877430939498,0.764609275996818
"ENSG00000161277","THAP8",0.39819759049332,0.0432663124208372
"ENSG00000161509","GRIN2C",2.52586911089588,5.28854705006085e-05
"ENSG00000161533","ACOX1",0.455099216381877,1.0808415929515e-05
"ENSG00000161671","EMC10",0.277274751769351,0.00605070715083299
"ENSG00000161888","SPC24",0.105406690713897,0.510809221731686
"ENSG00000161920","MED11",-0.0894996048585629,0.60407980337096
"ENSG00000161960","EIF4A1",-0.392092773276411,0.0348678476699854
"ENSG00000162063","CCNF",-0.551167409254745,1.42969254553893e-06
"ENSG00000162078","ZG16B",0.133349152591495,0.590518031047943
"ENSG00000162298","SYVN1",0.2579505708631,0.0432663124208372
"ENSG00000162341","TPCN2",0.205077222450523,0.245684945422874
"ENSG00000162384","CZIB",0.0210432581207217,0.902989296111468
"ENSG00000162407","PLPP3",-0.0156579046822359,0.951801500739354
"ENSG00000162413","KLHL21",0.234417422794686,0.12580926786184
"ENSG00000162419","GMEB1",0.0049600737232169,0.977079174675777
"ENSG00000162434","JAK1",0.034452924977868,0.837059626339163
"ENSG00000162522","NHSL3",0.525663329875996,0.000500866153103583
"ENSG00000162572","SCNN1D",0.254824673732101,0.313980286777764
"ENSG00000162604","TM2D1",-0.114834745192557,0.32931347724277
"ENSG00000162627","SNX7",0.38516901074315,0.000402914771544415
"ENSG00000162641","AKNAD1",0.8968120585058,0.000123459310952432
"ENSG00000162664","ZNF326",0.185582785367325,0.063676507949041
"ENSG00000162704","ARPC5",-0.204744992866719,0.021644704168125
"ENSG00000162733","DDR2",-0.542024567802501,1.67036802285047e-06
"ENSG00000162735","PEX19",0.229761155030289,0.0411508588085551
"ENSG00000162813","BPNT1",0.143338419007504,0.324032120749462
"ENSG00000162825","NBPF20",0.118736864818485,0.590191023088801
"ENSG00000162836","ACP6",-0.458623377200455,0.00250300953585551
"ENSG00000162889","MAPKAPK2",0.335038452568642,0.000501031207427246
"ENSG00000162928","PEX13",0.0892569369568523,0.585994973295504
"ENSG00000163029","SMC6",-0.143409856564283,0.148149243042149
"ENSG00000163032","VSNL1",0.408568520071195,0.133430710670079
"ENSG00000163071","SPATA18",1.23129261333204,4.08897240948213e-05
"ENSG00000163162","RNF149",-0.147370092330067,0.23110931414053
"ENSG00000163170","BOLA3",-0.14199308246657,0.211089181102807
"ENSG00000163249","CCNYL1",0.227249305456747,0.0338800740951148
"ENSG00000163257","DCAF16",0.319027402740404,0.00415419780995017
"ENSG00000163281","GNPDA2",-0.147978848312017,0.317976086910878
"ENSG00000163297","ANTXR2",-0.80185534230281,8.89606318606555e-09
"ENSG00000163319","MRPS18C",0.276180034327641,0.000258978328333842
"ENSG00000163320","CGGBP1",-0.130656678002528,0.102409137343945
"ENSG00000163322","ABRAXAS1",-0.0207167986328285,0.929807074116013
"ENSG00000163364","LINC01116",-0.106022361271886,0.491962222120314
"ENSG00000163374","YY1AP1",0.212065236746053,0.0585210236649945
"ENSG00000163430","FSTL1",-0.253768823745142,0.0148677822091077
"ENSG00000163435","ELF3",-0.0659899172962726,0.798567004207969
"ENSG00000163453","IGFBP7",0.187590677185271,0.267115274891495
"ENSG00000163508","EOMES",1.6179889876968,0.00163272267673696
"ENSG00000163510","CWC22",-0.10548320593708,0.25073635788764
"ENSG00000163516","ANKZF1",0.0800077187918416,0.557900203353679
"ENSG00000163527","STT3B",-0.097984499803159,0.305534091849546
"ENSG00000163528","CHCHD4",0.00735551216504413,0.960101735653132
"ENSG00000163596","ICA1L",-0.660384046729633,0.0037197868803972
"ENSG00000163602","RYBP",0.252346315542425,0.00744447782633907
"ENSG00000163617","CCDC191",-0.814287674314684,0.0139208653689906
"ENSG00000163634","THOC7",-0.116425442677602,0.203539513052951
"ENSG00000163659","TIPARP",0.237654368196494,0.0333620319095917
"ENSG00000163661","PTX3",-0.427697700537171,0.00541653986969274
"ENSG00000163701","IL17RE",-0.0107275411592823,0.970049132830379
"ENSG00000163728","TTC14",-0.034888787620524,0.837603182117304
"ENSG00000163734","CXCL3",-1.15613687479487,6.97172224075976e-05
"ENSG00000163795","ZNF513",-0.114280915446996,0.646046956004481
"ENSG00000163798","SLC4A1AP",0.352085633760553,5.60983538033118e-06
"ENSG00000163807","KIAA1143",-0.0391036534200295,0.787787933934606
"ENSG00000163808","KIF15",-0.262380051987732,0.0624850357693969
"ENSG00000163818","LZTFL1",-0.279529167542975,0.0437781781992777
"ENSG00000163872","YEATS2",0.134298579043622,0.251245377411962
"ENSG00000163874","ZC3H12A",0.0130597042247829,0.960079655006957
"ENSG00000163875","MEAF6",0.133752557680494,0.132107621936102
"ENSG00000163888","CAMK2N2",-0.859775670176177,3.83531257427219e-08
"ENSG00000163913","IFT122",-0.292458407784767,0.0474777954574571
"ENSG00000163930","BAP1",0.218670803922177,0.0432663124208372
"ENSG00000163932","PRKCD",0.030071766895199,0.876505584874217
"ENSG00000163933","RFT1",-0.237972675105451,0.013608197128356
"ENSG00000163961","RNF168",-0.164309898402904,0.0553124870681488
"ENSG00000163975","MELTF",-0.222449162197303,0.0099992201111863
"ENSG00000163993","S100P",0.426890010693537,0.0983695743824383
"ENSG00000163995","ABLIM2",-0.0310871609922556,0.914960548346928
"ENSG00000164002","EXO5",0.403835286338565,0.0445040417876639
"ENSG00000164010","ERMAP",-0.645360557427326,0.0057735878069045
"ENSG00000164031","DNAJB14",-0.499829423050333,1.44015047334047e-08
"ENSG00000164062","APEH",-0.496246861090339,7.17015795227522e-09
"ENSG00000164068","RNF123",0.351819278063921,0.00704944588553247
"ENSG00000164109","MAD2L1",-0.0846083162270811,0.601057992142173
"ENSG00000164116","GUCY1A1",0.0280142541308128,0.93006001609378
"ENSG00000164136","IL15",0.0227233660852633,0.936922036607694
"ENSG00000164144","ARFIP1",-0.2268269071281,0.0327824576650273
"ENSG00000164167","LSM6",-0.251845571151847,0.0658317021769285
"ENSG00000164168","TMEM184C",-0.0716691729903324,0.665013685880467
"ENSG00000164187","LMBRD2",-0.015350964906154,0.936981060950159
"ENSG00000164197","RNF180",-2.86655842600199,0.000103884364765774
"ENSG00000164209","SLC25A46",-0.0549181288603433,0.715215327980118
"ENSG00000164219","PGGT1B",0.0204240076964183,0.911798147567284
"ENSG00000164258","NDUFS4",-0.480651006616693,3.02131446304506e-06
"ENSG00000164294","GPX8",-0.341538294749278,0.000513267742430283
"ENSG00000164306","PRIMPOL",-0.294211336350087,0.0412804660742489
"ENSG00000164318","EGFLAM",0.123474390139203,0.60632257697589
"ENSG00000164379","FOXQ1",-0.0257858140427304,0.930468683521387
"ENSG00000164463","CREBRF",0.210888796305683,0.204991323855969
"ENSG00000164466","SFXN1",-0.0362099636121848,0.721828165865747
"ENSG00000164535","DAGLB",0.609727770129334,2.82621024886995e-06
"ENSG00000164548","TRA2A",-0.290643650223184,0.00053609268070539
"ENSG00000164576","SAP30L",0.106153846933234,0.44914657983298
"ENSG00000164597","COG5",-1.17893153533255,4.10071861148197e-15
"ENSG00000164609","SLU7",0.146929444759898,0.0538292702564338
"ENSG00000164610","RP9",-0.175915157630905,0.0745350667618577
"ENSG00000164647","STEAP1",-0.256233687282545,0.0768246025342395
"ENSG00000164649","CDCA7L",-0.325419051898376,0.000113487195282012
"ENSG00000164695","CHMP4C",-0.0236100366403752,0.935808696940338
"ENSG00000164744","SUN3",-0.178032740388253,0.432131846946743
"ENSG00000164751","PEX2",-0.0682568281899742,0.74934439197618
"ENSG00000164754","RAD21",-0.268609897129409,0.000668283785573648
"ENSG00000164825","DEFB1",-0.0253852841172481,0.929807074116013
"ENSG00000164880","INTS1",-0.240653136944283,0.129846804567936
"ENSG00000164916","FOXK1",0.402091008426307,0.000203252516961427
"ENSG00000164930","FZD6",0.0172511858119187,0.930644473206501
"ENSG00000164934","DCAF13",-0.122828542518261,0.260021788380952
"ENSG00000164944","VIRMA",-0.0758700078421501,0.389353054923804
"ENSG00000164975","SNAPC3",-0.249348893657115,0.0480241932646895
"ENSG00000164976","MYORG",1.15077624094986,6.52440811677843e-11
"ENSG00000165006","UBAP1",0.150698685844901,0.150533934978039
"ENSG00000165102","HGSNAT",0.215699146475314,0.050247618403925
"ENSG00000165138","ANKS6",-0.0467455160614014,0.704759054738168
"ENSG00000165152","PGAP4",-0.154056823537269,0.543744562776692
"ENSG00000165169","DYNLT3",0.302657858657885,0.010671828275775
"ENSG00000165175","MID1IP1",0.298345223058285,0.235859574944908
"ENSG00000165240","ATP7A",0.33733511936961,0.0686342888714217
"ENSG00000165264","NDUFB6",-0.286503694231632,0.0218780167036479
"ENSG00000165275","TRMT10B",-0.0946751735906421,0.443259168381291
"ENSG00000165283","STOML2",0.0301822993801511,0.861432630172632
"ENSG00000165338","HECTD2",0.260417132259793,0.13549265291116
"ENSG00000165392","WRN",-0.247989566468187,0.0591215888912607
"ENSG00000165416","SUGT1",0.141396544772493,0.103050513989616
"ENSG00000165417","GTF2A1",0.0425689698392825,0.716177146511976
"ENSG00000165475","CRYL1",-1.08682172557013,4.69364117878103e-07
"ENSG00000165487","MICU2",-0.245963077114735,0.0182253964255214
"ENSG00000165490","DDIAS",0.313551148413106,0.0111621859683004
"ENSG00000165527","ARF6",-0.343721094728255,3.70043523627228e-06
"ENSG00000165548","TMEM63C",-0.0057533056845922,0.983831959397693
"ENSG00000165572","KBTBD6",-0.113704250391048,0.340864056464002
"ENSG00000165629","ATP5F1C",-0.448932833992535,1.40140890423718e-06
"ENSG00000165644","COMTD1",0.671783500803025,4.15044544196079e-06
"ENSG00000165650","PDZD8",-0.246160159938386,0.0152499557621224
"ENSG00000165669","FAM204A",-0.272530297904673,0.0178374854786254
"ENSG00000165671","NSD1",0.182476135329892,0.156911013214688
"ENSG00000165689","ENTR1",0.101877794495409,0.382513954591936
"ENSG00000165704","HPRT1",-0.294406487261522,0.0199183502292481
"ENSG00000165714","BORCS5",-0.372162731902553,0.0517774266727527
"ENSG00000165716","DIPK1B",0.525781156576527,0.0796403024652175
"ENSG00000165730","STOX1",-0.0818880147060262,0.730817830511051
"ENSG00000165732","DDX21",-0.0261798374713817,0.75013032056801
"ENSG00000165802","NSMF",0.212522925563904,0.162926235498894
"ENSG00000165813","CCDC186",0.212055216859378,0.0528123180119367
"ENSG00000165887","ANKRD2",0.108910378742653,0.656747740990687
"ENSG00000165905","LARGE2",0.0648600169934115,0.807647070926181
"ENSG00000165914","TTC7B",-0.787489970590397,1.30786956978832e-06
"ENSG00000165915","SLC39A13",0.0571177664853506,0.703168778493345
"ENSG00000165916","PSMC3",-0.135983062689552,0.0486701044391636
"ENSG00000165934","CPSF2",0.0237599380460444,0.831839957052886
"ENSG00000165983","PTER",-0.455497334078144,0.00931478669198853
"ENSG00000166012","TAF1D",-0.214036347327695,0.0127540093032077
"ENSG00000166024","R3HCC1L",0.0930826077133878,0.587320814355958
"ENSG00000166025","AMOTL1",0.118982657851482,0.29826573418046
"ENSG00000166068","SPRED1",-0.337950041828395,0.000224334699954169
"ENSG00000166123","GPT2",-0.69429517503049,1.75795134732801e-06
"ENSG00000166135","HIF1AN",0.219243514585778,0.0209191156006715
"ENSG00000166140","ZFYVE19",0.369351408374323,0.0168137216896866
"ENSG00000166164","BRD7",0.117880637741716,0.0749470747048457
"ENSG00000166165","CKB",0.363963176937846,0.101455500459257
"ENSG00000166170","BAG5",-0.15264152022067,0.107319823716998
"ENSG00000166226","CCT2",-0.114970573137927,0.193288190465898
"ENSG00000166228","PCBD1",0.484325173192394,0.000265167254707857
"ENSG00000166275","BORCS7",0.225802692726615,0.032683367625946
"ENSG00000166321","NUDT13",0.0184418913216595,0.948104061328723
"ENSG00000166326","TRIM44",-0.051248929979394,0.719481595164404
"ENSG00000166340","TPP1",0.148281927292713,0.307485080925539
"ENSG00000166347","CYB5A",-0.178656467232391,0.300554922929847
"ENSG00000166352","IFTAP",-1.02824748040306,3.69997961077507e-08
"ENSG00000166377","ATP9B",-0.47478846176953,0.00340614338083856
"ENSG00000166405","RIC3",0.0911134736350985,0.692108156321605
"ENSG00000166446","CDYL2",-0.244006223123255,0.104972167890061
"ENSG00000166454","ATMIN",0.15380728198151,0.0379833468132818
"ENSG00000166473","PKD1L2",-0.0247310554929957,0.930634474951162
"ENSG00000166477","LEO1",0.204853834333562,0.0435805608141839
"ENSG00000166503","HDGFL3",-0.206247309411682,0.0012478467452553
"ENSG00000166535","A2ML1",-0.0437534392939844,0.879631617953029
"ENSG00000166548","TK2",-0.0779000052470149,0.703226008836582
"ENSG00000166575","TMEM135",-0.361903205860747,0.0549991798842169
"ENSG00000166592","RRAD",0.39533319261365,0.144740060731285
"ENSG00000166689","PLEKHA7",0.0931227855677525,0.724126932330601
"ENSG00000166734","GOLM2",-0.223166026564156,0.0568706105023191
"ENSG00000166741","NNMT",-0.17013849072763,0.373273104613395
"ENSG00000166747","AP1G1",0.205482777623414,0.00936635919436298
"ENSG00000166794","PPIB",-0.215069055668535,0.0696655231635947
"ENSG00000166801","FAM111A",-0.250981955506874,0.00915008911016793
"ENSG00000166881","NEMP1",0.240141737699835,0.115690635366073
"ENSG00000166886","NAB2",0.267169304399395,0.0725997978806155
"ENSG00000166888","STAT6",-0.116262073700098,0.133902550119731
"ENSG00000166912","MTMR10",-0.913992689737782,2.76932877437527e-09
"ENSG00000166925","TSC22D4",0.520351131605613,4.98040746542879e-05
"ENSG00000166946","CCNDBP1",0.342350134695983,0.00773345639852164
"ENSG00000166986","MARS1",-0.534498231958153,2.37812143171325e-07
"ENSG00000166987","MBD6",0.135262200616938,0.314944981191963
"ENSG00000167005","NUDT21",-0.369350964026839,0.00111085151097848
"ENSG00000167065","DUSP18",-0.151403014788989,0.373695885162863
"ENSG00000167081","PBX3",-0.678290475990939,1.7607058137072e-07
"ENSG00000167088","SNRPD1",-0.0708024785881757,0.562297966665876
"ENSG00000167106","EEIG1",0.629236161800408,3.4603358029014e-05
"ENSG00000167136","ENDOG",0.518918288865616,4.91867164511348e-06
"ENSG00000167173","C15orf39",0.128967998022996,0.44195722292843
"ENSG00000167272","POP5",0.00350347953336896,0.985187528696386
"ENSG00000167283","ATP5MG",-0.0326000308758773,0.834862332236681
"ENSG00000167384","ZNF180",0.10865288678616,0.481353939761931
"ENSG00000167393","PPP2R3B",-0.263143401742017,0.132350206057784
"ENSG00000167397","VKORC1",0.235425302924763,0.0108901497339309
"ENSG00000167487","KLHL26",0.493725014905757,0.00355024679318492
"ENSG00000167553","TUBA1C",-0.270256923381489,0.00248597115188508
"ENSG00000167566","NCKAP5L",0.407733540931972,0.00222476743902125
"ENSG00000167578","RAB4B",0.097372553589211,0.715945336885092
"ENSG00000167604","NFKBID",0.113857513305816,0.640947523249097
"ENSG00000167617","CDC42EP5",0.233956733431874,0.349246045744486
"ENSG00000167653","PSCA",0.528659552360756,0.0718877218238042
"ENSG00000167656","LY6D",0.05807262398408,0.839085071280403
"ENSG00000167657","DAPK3",0.446860221799717,0.0175777593356081
"ENSG00000167670","CHAF1A",0.0373955956305719,0.83469492762061
"ENSG00000167680","SEMA6B",-0.233886471808766,0.201846721932807
"ENSG00000167720","SRR",-0.0956210325981097,0.690364265643383
"ENSG00000167754","KLK5",-0.0252512228645662,0.930468683521387
"ENSG00000167797","CDK2AP2",0.162919896570621,0.171980839682494
"ENSG00000167842","MIS12",-0.0178009116427966,0.936249312987829
"ENSG00000167861","HID1",1.68636617594737,0.0022280263422106
"ENSG00000167862","MRPL58",-0.31411448435639,0.00119380357445278
"ENSG00000167912","TOX-DT",0.98792950019847,0.00230297805042277
"ENSG00000167920","KRT10-AS1",0.350820810750723,0.00258561220772589
"ENSG00000167930","FAM234A",0.361887705339212,0.00237424631660607
"ENSG00000167985","SDHAF2",0.169464846452107,0.0720581311677748
"ENSG00000167994","RAB3IL1",0.202246543885528,0.332140770491365
"ENSG00000167996","FTH1",-0.283910902662486,0.0665040053233421
"ENSG00000168056","LTBP3",0.429397507070683,0.0117116131931153
"ENSG00000168067","MAP4K2",0.0334180497274,0.890175586708591
"ENSG00000168140","VASN",0.957952084782818,5.55205955212296e-06
"ENSG00000168152","THAP9",-0.0362244926331336,0.906437289597
"ENSG00000168209","DDIT4",-1.43133084254583,1.58067252491732e-06
"ENSG00000168214","RBPJ",0.10704081698137,0.0769232871048574
"ENSG00000168268","NT5DC2",0.010050493433983,0.948959061489524
"ENSG00000168282","MGAT2",-0.270653468122728,0.055054739197678
"ENSG00000168298","H1-4",-0.678810705090095,0.0063690016338075
"ENSG00000168300","PCMTD1",0.0669077476409226,0.724856585686052
"ENSG00000168385","SEPTIN2",-0.404098893897634,2.5750530881166e-13
"ENSG00000168393","DTYMK",-0.118865453372355,0.375874130335702
"ENSG00000168434","COG7",-0.380248100843925,0.0064569796972902
"ENSG00000168439","STIP1",0.123907382056529,0.155445981994798
"ENSG00000168461","RAB31",-0.193255230316641,0.196683619221674
"ENSG00000168487","BMP1",0.610957924086922,1.59652232122629e-05
"ENSG00000168497","CAVIN2",4.40586248822692,4.1080719061602e-11
"ENSG00000168522","FNTA",-0.000864031448694165,0.995608334046372
"ENSG00000168528","SERINC2",0.119208065397059,0.433009828261431
"ENSG00000168569","TMEM223",-0.0171205376161865,0.924694927049468
"ENSG00000168591","TMUB2",-0.0472936092454237,0.742808389091427
"ENSG00000168631","MUCL3",0.0361079927524336,0.898974865252085
"ENSG00000168710","AHCYL1",-0.484585918423488,4.79386300470199e-13
"ENSG00000168724","DNAJC21",0.096157972182328,0.252913033951468
"ENSG00000168769","TET2",0.433981529404174,8.54448114282898e-05
"ENSG00000168772","CXXC4",0.340756609610624,0.0821997689381983
"ENSG00000168803","MAPDA",0.176083384374711,0.0962017867384538
"ENSG00000168806","LCMT2",0.125186637817554,0.531617468807858
"ENSG00000168884","TNIP2",0.145256915264853,0.208133958210644
"ENSG00000168899","VAMP5",-0.0192015508984083,0.94238710417589
"ENSG00000168918","INPP5D",1.77135406710784,4.86881374523913e-10
"ENSG00000168938","PPIC",0.722549340347678,6.0620090586706e-12
"ENSG00000168944","CEP120",0.0782571479647422,0.550808982683348
"ENSG00000169016","E2F6",-0.0804957868487484,0.621657226919319
"ENSG00000169062","UPF3A",0.146456278133902,0.168766391428212
"ENSG00000169118","CSNK1G1",0.36967515865371,3.65188727153514e-05
"ENSG00000169155","ZBTB43",0.0770828460571843,0.594785298859044
"ENSG00000169180","XPO6",-0.0401691183472307,0.781999671295355
"ENSG00000169189","NSMCE1",-0.425646048171302,6.2532816975203e-05
"ENSG00000169220","RGS14",0.558058447045044,0.00027064167667828
"ENSG00000169239","CA5B",-1.37277171890362,1.60886680594392e-05
"ENSG00000169242","EFNA1",0.291049478349781,0.153547540081527
"ENSG00000169271","HSPB3",0.574845429388421,0.0608514529225846
"ENSG00000169372","CRADD",-0.437206303405969,0.0176964812422813
"ENSG00000169379","ARL13B",-0.281537824491661,0.00250335118466965
"ENSG00000169435","RASSF6",-0.15245968797338,0.516006295848542
"ENSG00000169499","PLEKHA2",-0.05029035822373,0.684664861844554
"ENSG00000169519","METTL15",-0.564196101852756,3.80691164597124e-05
"ENSG00000169554","ZEB2",-0.146584416370269,0.39750553565568
"ENSG00000169583","CLIC3",0.22496760085488,0.363497608993463
"ENSG00000169598","DFFB",-0.326235732343025,0.0618492811182165
"ENSG00000169635","HIC2",0.424560988063762,0.00102391064792647
"ENSG00000169710","FASN",-0.268439052767769,0.0509278321495025
"ENSG00000169860","P2RY1",-0.0728643691999998,0.729375659758281
"ENSG00000169896","ITGAM",0.0425003114979483,0.881218565703534
"ENSG00000169902","TPST1",0.0214367813946879,0.899342062188885
"ENSG00000170006","TMEM154",-0.606632014656791,1.59985372253688e-07
"ENSG00000170017","ALCAM",-0.797725923397536,1.46848362430812e-13
"ENSG00000170035","UBE2E3",-0.0893920517864263,0.423303590628213
"ENSG00000170088","TMEM192",-0.0131829215081577,0.932082264032827
"ENSG00000170113","NIPA1",-0.160174886809012,0.242629359036649
"ENSG00000170144","HNRNPA3",-0.182690621766367,0.0346859342378292
"ENSG00000170175","CHRNB1",0.177606288508352,0.365818708097254
"ENSG00000170231","FABP6",-0.0630523543993956,0.814295071511404
"ENSG00000170260","ZNF212",0.285995921072015,0.0212872080871886
"ENSG00000170264","FAM161A",0.221017778659711,0.0684613771613156
"ENSG00000170266","GLB1",-0.132197547482384,0.28934396236031
"ENSG00000170271","FAXDC2",0.548449525427985,0.0744657157357064
"ENSG00000170275","CRTAP",0.00847762085151727,0.94908520436321
"ENSG00000170291","ELP5",0.163431668625787,0.130253590282753
"ENSG00000170322","NFRKB",0.426719384815651,1.3062835460919e-07
"ENSG00000170348","TMED10",-0.317042050857238,3.3690322906571e-07
"ENSG00000170379","TCAF2",0.487380935366292,0.0167555709291308
"ENSG00000170412","GPRC5C",0.0272415915078281,0.928041508770044
"ENSG00000170423","KRT78",1.39621178181902,0.000933984442907818
"ENSG00000170525","PFKFB3",0.0426340231921027,0.779243366569356
"ENSG00000170581","STAT2",0.340151694845975,0.0120248735552014
"ENSG00000170584","NUDCD2",-0.355358355595336,0.00126085832728356
"ENSG00000170632","ARMC10",-0.214485084377982,0.0432126873941664
"ENSG00000170684","ZNF296",0.16868927635976,0.4766392926435
"ENSG00000170745","KCNS3",-0.142774373775626,0.540884477926071
"ENSG00000170775","GPR37",1.17372581394258,1.09219452171458e-07
"ENSG00000170779","CDCA4",-0.249354954889649,0.0156850597200226
"ENSG00000170786","SDR16C5",-0.0270297744792698,0.92563505937493
"ENSG00000170791","CHCHD7",0.691535972823532,2.71434751363454e-12
"ENSG00000170835","CEL",2.8816059740883,3.8877200492989e-05
"ENSG00000170846","MRFAP1L2",0.0701991257500011,0.688217747369823
"ENSG00000170892","TSEN34",0.376216245617554,3.90739376485406e-05
"ENSG00000170955","CAVIN3",-0.0202958146488808,0.941902601863162
"ENSG00000170961","HAS2",-0.591905488360996,0.0134641118390198
"ENSG00000170962","PDGFD",0.0338902282945461,0.901062679684108
"ENSG00000170965","PLAC1",-0.867462833324984,0.016077241997654
"ENSG00000171016","PYGO1",-0.0214450188736117,0.935992162562651
"ENSG00000171051","FPR1",-0.131828895916912,0.604297372173234
"ENSG00000171100","MTM1",0.301266336492835,0.121183907936513
"ENSG00000171130","ATP6V0E2",0.0302284459223959,0.892320082624818
"ENSG00000171155","C1GALT1C1",-0.153434553100964,0.317667031487834
"ENSG00000171219","CDC42BPG",3.09745542974709,4.77050956738734e-06
"ENSG00000171222","SCAND1",0.0720300831472627,0.699987703264399
"ENSG00000171298","GAA",0.799845803210842,0.00250769392821702
"ENSG00000171320","ESCO2",0.00666725434648379,0.973858395603315
"ENSG00000171346","KRT15",0.355324316732883,0.0975157127403968
"ENSG00000171368","TPPP",0.314165015443953,0.172404460609209
"ENSG00000171403","KRT9",-0.0227512339803771,0.936812882342507
"ENSG00000171456","ASXL1",0.220613664318174,0.00905859407870569
"ENSG00000171462","DLK2",1.04728095898283,1.81533040948363e-06
"ENSG00000171467","ZNF318",-0.0980617140956143,0.501277324067722
"ENSG00000171488","LRRC8C",-0.140426059815518,0.342058220824424
"ENSG00000171490","RSL1D1",-0.0549793297359889,0.498389383158934
"ENSG00000171503","ETFDH",0.0230820532529746,0.920487599693714
"ENSG00000171621","SPSB1",0.144634214144209,0.48665991243878
"ENSG00000171720","HDAC3",-0.0189583371978165,0.911145166036556
"ENSG00000171729","TMEM51",-0.122575904593441,0.314744433611818
"ENSG00000171735","CAMTA1",-0.634813153483509,5.72350844057005e-09
"ENSG00000171757","LRRC34",-0.0206781554162317,0.94164927517574
"ENSG00000171791","BCL2",-0.726725883674617,1.79397025273152e-05
"ENSG00000171813","PWWP2B",0.923164868695671,8.07105504369214e-05
"ENSG00000171853","TRAPPC12",-0.45059358721475,5.36940853596803e-05
"ENSG00000171867","PRNP",-1.02883800309353,2.30179235433076e-09
"ENSG00000171877","FRMD5",-0.142646371149694,0.394622198680673
"ENSG00000171960","PPIH",-0.352041439784752,0.00661291134176767
"ENSG00000172037","LAMB2",0.551717275427358,3.9603169863965e-05
"ENSG00000172046","USP19",0.249555837153685,0.0143688264123766
"ENSG00000172062","SMN1",-0.184533431979584,0.287546829333522
"ENSG00000172086","KRCC1",-0.633422200129809,0.000111343494583848
"ENSG00000172113","NME6",0.143014377532269,0.196535213927736
"ENSG00000172349","IL16",0.212630036728158,0.372182729523819
"ENSG00000172465","TCEAL1",0.375454874120814,0.0078429110172305
"ENSG00000172500","FIBP",-0.0891638177883896,0.374360506573393
"ENSG00000172534","HCFC1",0.277484781773766,0.0127387659549606
"ENSG00000172590","MRPL52",-0.373434819066476,3.84659143194717e-05
"ENSG00000172667","ZMAT3",0.304255907681989,0.0125932114418268
"ENSG00000172775","PSME3IP1",-0.0870215214144739,0.252198693693812
"ENSG00000172818","OVOL1",-0.0359056706730956,0.901786943391716
"ENSG00000172824","CES4A",0.107561347912477,0.646636374459882
"ENSG00000172840","PDP2",-0.232173176924127,0.0423868295332852
"ENSG00000172845","SP3",-0.0281843201880028,0.884227033191612
"ENSG00000172889","EGFL7",0.148796531498837,0.496009710076767
"ENSG00000172901","LVRN",-0.222122312459515,0.339744748482783
"ENSG00000172922","RNASEH2C",0.167720561158769,0.191944317370658
"ENSG00000172936","MYD88",-0.112064525245723,0.641584110009976
"ENSG00000172954","LCLAT1",-0.36375845236774,0.00376458088073035
"ENSG00000172977","KAT5",0.0764090095877945,0.475197557632314
"ENSG00000173011","TADA2B",-0.131144179699338,0.402636304040316
"ENSG00000173039","RELA",0.354380057693364,8.81585291281513e-05
"ENSG00000173065","FAM222B",0.146189281621808,0.265836845533076
"ENSG00000173145","NOC3L",-0.211805129849443,0.0139141695894703
"ENSG00000173212","MAB21L3",0.0400441799359071,0.897493304187968
"ENSG00000173218","VANGL1",-0.0983270047412848,0.383308600961124
"ENSG00000173261","PLAC8L1",-0.248730084426427,0.314534874967747
"ENSG00000173327","MAP3K11",0.226352115206018,0.0507093916089514
"ENSG00000173334","TRIB1",0.0813280561448726,0.641584110009976
"ENSG00000173349","SFT2D3",-0.0174422888929886,0.946450467227058
"ENSG00000173391","OLR1",-0.0156567243497691,0.953340845385781
"ENSG00000173530","TNFRSF10D",0.123901994571985,0.605957496843528
"ENSG00000173545","ZNF622",0.136882810854822,0.141924104719709
"ENSG00000173546","CSPG4",-0.366580122753876,0.027345696684368
"ENSG00000173598","NUDT4",0.333887339039381,0.000140301248597402
"ENSG00000173692","PSMD1",-0.228234469832089,6.33733412774871e-06
"ENSG00000173726","TOMM20",-0.298814856862964,0.00379179994993078
"ENSG00000173786","CNP",0.461020823807488,5.07438176635667e-08
"ENSG00000173818","ENDOV",0.195118301639697,0.213420253837021
"ENSG00000173848","NET1",-0.0348647081726266,0.848881530168773
"ENSG00000173852","DPY19L1",-0.546624636598838,5.76867258070849e-08
"ENSG00000173875","ZNF791",0.00495500701930015,0.969997817435269
"ENSG00000173905","GOLIM4",-0.007075256769836,0.964943466520723
"ENSG00000173918","C1QTNF1",0.95771068054355,0.0173690873681214
"ENSG00000173926","MARCHF3",0.924961968010776,2.16524302600163e-06
"ENSG00000173947","CIMAP3",0.558620140938282,0.071689378479446
"ENSG00000174010","KLHL15",-0.381825568345613,0.0221707491292792
"ENSG00000174099","MSRB3",-1.06916804273614,1.55962906675121e-08
"ENSG00000174109","UQCC4",-0.188157112784952,0.149062230272786
"ENSG00000174130","TLR6",0.525356170686406,0.00136227614093103
"ENSG00000174227","PIGG",0.0366318201937051,0.82268130444432
"ENSG00000174231","PRPF8",0.0608210610200141,0.565092701754996
"ENSG00000174233","ADCY6",0.151325311427153,0.427050566366272
"ENSG00000174238","PITPNA",-0.111772600097322,0.250536848863204
"ENSG00000174292","TNK1",0.166703777916331,0.480650714446334
"ENSG00000174306","ZHX3",-0.387704648321206,0.000215858979403388
"ENSG00000174444","RPL4",-0.112314145563332,0.213713095060607
"ENSG00000174446","SNAPC5",0.222185146295124,0.133550464673876
"ENSG00000174514","MFSD4A",0.327362064994693,0.211136460147659
"ENSG00000174564","IL20RB",-0.113751956505805,0.61768936992331
"ENSG00000174574","AKIRIN1",0.0276388854488234,0.828633671556054
"ENSG00000174672","BRSK2",0.105053347653759,0.685545754365865
"ENSG00000174718","RESF1",-0.0691917629572347,0.72252456192847
"ENSG00000174720","LARP7",0.0184774570816394,0.885150831856287
"ENSG00000174738","NR1D2",-0.801221900896259,1.29036164928133e-18
"ENSG00000174780","SRP72",-0.223135305888222,3.37203247821779e-05
"ENSG00000174953","DHX36",0.0208894751871924,0.855684510865003
"ENSG00000174989","FBXW8",-0.624592985604068,0.000153767333662246
"ENSG00000175054","ATR",-0.0189906297500005,0.911820045389571
"ENSG00000175137","SH3BP5L",-0.0738091915601404,0.688646344317153
"ENSG00000175221","MED16",0.713448063079304,1.10439269496516e-06
"ENSG00000175318","GRAMD2A",0.157655472659968,0.506103539643122
"ENSG00000175348","TMEM9B",0.279304705525843,0.00149247045992149
"ENSG00000175376","EIF1AD",0.0735214466268828,0.650262672545541
"ENSG00000175449","RFESD",-0.0198726836639221,0.943804618869915
"ENSG00000175470","PPP2R2D",0.249700566659046,0.00415013948132166
"ENSG00000175581","MRPL48",-0.397697677864562,0.000153559139796531
"ENSG00000175582","RAB6A",0.043160184496206,0.726126834307719
"ENSG00000175591","P2RY2",-0.0204991306107268,0.94186622791049
"ENSG00000175595","ERCC4",-0.20612638643276,0.0435805608141839
"ENSG00000175707","KDF1",-0.0264778714845899,0.92922671518069
"ENSG00000175727","MLXIP",-0.01127723032157,0.951480039765083
"ENSG00000175745","NR2F1",0.560344841398057,0.00256603479861652
"ENSG00000175820","CCDC168",0.249786617963481,0.3185041377415
"ENSG00000175854","SWI5",-0.0450620212705748,0.797042071631107
"ENSG00000175893","ZDHHC21",-0.170842505401124,0.112779026799545
"ENSG00000175895","PLEKHF2",0.215467796071977,0.173568955875242
"ENSG00000175938","ORAI3",0.831113241255073,3.10757652714474e-05
"ENSG00000176076","KCNE5",0.112809505468131,0.655898504733207
"ENSG00000176108","CHMP6",-0.0346139264343596,0.879063953244023
"ENSG00000176125","UFSP1",0.33233756232105,0.11187289445596
"ENSG00000176208","ATAD5",0.0230897514905413,0.909795719272383
"ENSG00000176261","ZBTB8OS",-0.41412295512227,9.42051947250349e-06
"ENSG00000176340","COX8A",-0.0821629533080326,0.32813205447098
"ENSG00000176393","RNPEP",0.149546881022066,0.221873848233071
"ENSG00000176472","ZNF575",-0.250566563920019,0.299373186814261
"ENSG00000176473","WDR25",0.152804692289264,0.406256672308578
"ENSG00000176531","PHLDB3",1.52598197001191,0.000145129584382515
"ENSG00000176532","PRR15",-0.0310459542703451,0.91568315617158
"ENSG00000176623","RMDN1",-0.423429878584217,2.36623291994923e-06
"ENSG00000176788","BASP1",0.447570033212714,2.02340734955112e-12
"ENSG00000176834","VSIG10",-0.141838754878677,0.344076931521798
"ENSG00000176842","IRX5",0.380298932281012,0.059806171682717
"ENSG00000176973","FAM89B",0.254810488672295,0.0182005311081997
"ENSG00000176974","SHMT1",0.0409453526426323,0.850628094444482
"ENSG00000177000","MTHFR",0.608474420193344,0.00164712607712435
"ENSG00000177034","MTX3",-0.0514810429278903,0.782777940013685
"ENSG00000177051","FBXO46",0.523498732887837,6.45577864748721e-06
"ENSG00000177076","ACER2",1.87947820542078,0.000147367151239135
"ENSG00000177150","FAM210A",-0.139594364857677,0.116781546638423
"ENSG00000177169","ULK1",0.662745434555247,1.29715019108894e-07
"ENSG00000177200","CHD9",-0.184811799233282,0.0310724648001068
"ENSG00000177383","MAGEF1",-0.190492802508915,0.107029668357976
"ENSG00000177469","CAVIN1",0.0854391586106335,0.627482539242889
"ENSG00000177548","RABEP2",-0.0628346787333796,0.761556911555522
"ENSG00000177551","NHLH2",0.763332096013043,0.0332162349246118
"ENSG00000177614","PGBD5",-0.189640539079181,0.44419033276014
"ENSG00000177640","CASC2",-0.110382050791232,0.673358852689757
"ENSG00000177666","PNPLA2",0.537329272690952,1.64606351439517e-08
"ENSG00000177675","CD163L1",1.57181061378981,0.00017412420370028
"ENSG00000177685","CRACR2B",-0.0590505408613458,0.821326217204567
"ENSG00000177700","POLR2L",-0.112666172010625,0.191822491629297
"ENSG00000177706","FAM20C",-0.803283974972711,0.000297565059795254
"ENSG00000177885","GRB2",0.138775542041682,0.0933652995177637
"ENSG00000177917","ARL6IP6",-0.78188807912963,3.2532398159661e-08
"ENSG00000177971","IMP3",0.00926712069898623,0.956370263792131
"ENSG00000178078","STAP2",1.04218615119097,0.000388070304693328
"ENSG00000178150","ZNF114",0.246467945415615,0.325957256848421
"ENSG00000178172","SPINK6",0.277603711122551,0.278786210340251
"ENSG00000178188","SH2B1",-0.026145062334018,0.897523739897608
"ENSG00000178202","POGLUT3",-0.509423576376756,0.00145178796178858
"ENSG00000178234","GALNT11",-0.234877953277756,0.0968455098031274
"ENSG00000178568","ERBB4",0.297292797023321,0.223735749145206
"ENSG00000178685","PARP10",1.30065104057245,7.40034650830999e-07
"ENSG00000178695","KCTD12",0.192571745245303,0.213086354675683
"ENSG00000178719","GRINA",0.837908188835708,3.49167636140864e-17
"ENSG00000178741","COX5A",-0.146675633711387,0.16034140589604
"ENSG00000178750","STX19",0.194612848139804,0.399567943029734
"ENSG00000178821","TMEM52",0.153597161078426,0.532870823969983
"ENSG00000178935","ZNF552",0.260949012820185,0.139058494728421
"ENSG00000178950","GAK",0.349462605920137,0.000150588817536856
"ENSG00000178966","RMI1",-0.292640911133477,0.0151382121102098
"ENSG00000178996","SNX18",-0.10124948593561,0.525061213830433
"ENSG00000179091","CYC1",-0.270335667988924,0.0144522557258772
"ENSG00000179111","HES7",0.860934912859726,0.000368926457485185
"ENSG00000179133","C10orf67",0.0644862887616181,0.817436101060394
"ENSG00000179151","EDC3",0.317169720153254,0.00396092582623196
"ENSG00000179295","PTPN11",-0.0243424720785716,0.892076646848372
"ENSG00000179348","GATA2",0.609175513856738,0.011366932483176
"ENSG00000179387","ELMOD2",-0.152157830235363,0.285159155985731
"ENSG00000179630","LACC1",0.525020303755415,0.00266631766143334
"ENSG00000179674","ARL14",1.59166356439097,3.34050470709248e-05
"ENSG00000179715","PCED1B",-0.183299370945767,0.440817385493622
"ENSG00000179833","SERTAD2",0.0889535296754365,0.509024563063311
"ENSG00000179889","PDXDC1",0.241998908572652,0.0295308214336875
"ENSG00000179935","LINC00652",0.141383841597386,0.535863905795723
"ENSG00000179965","ZNF771",0.0847559249594832,0.640623874134653
"ENSG00000180035","ZNF48",-0.0658762343366896,0.74651631420139
"ENSG00000180104","EXOC3",0.170882053937844,0.0447341721846501
"ENSG00000180172",NA,-0.500723050564287,0.0818993182650396
"ENSG00000180185","FAHD1",-0.211913258674139,0.0257764331596276
"ENSG00000180209","MYL11",1.8573968456984,2.14210858165734e-05
"ENSG00000180304","OAZ2",0.1913484360301,0.0504187755967312
"ENSG00000180398","MCFD2",-0.682005843263577,2.20353056892439e-18
"ENSG00000180537","RNF182",0.160806804185865,0.354763096169574
"ENSG00000180596","H2BC4",-0.273800833003598,0.14663782288467
"ENSG00000180773","SLC36A4",-0.252198513664745,0.0194737079105001
"ENSG00000180776","ZDHHC20",-0.361277552891762,0.00152510230517735
"ENSG00000180801","ARSJ",-0.284124757597852,0.0140100851729575
"ENSG00000180822","PSMG4",-0.12474877848374,0.299900486501483
"ENSG00000180871","CXCR2",0.68232994695618,0.0398314051229977
"ENSG00000180881","CAPS2",0.433951643521094,0.0352343041249041
"ENSG00000180901","KCTD2",-0.0560438451403629,0.715215327980118
"ENSG00000180902","D2HGDH",0.00820283580156758,0.969997817435269
"ENSG00000180957","PITPNB",-0.240947893217493,4.3789374106463e-05
"ENSG00000180998","GPR137C",-1.14635946556377,0.0052426064035669
"ENSG00000181027","FKRP",0.256145251309077,0.0498077230461909
"ENSG00000181097",NA,0.0745512625691284,0.615677703044875
"ENSG00000181135","ZNF707",0.280359697683056,0.1484606219025
"ENSG00000181192","DHTKD1",-0.0306108008819196,0.897523739897608
"ENSG00000181222","POLR2A",0.468544203186104,3.78963952206065e-06
"ENSG00000181350","LRRC75A",0.0273164447718971,0.931340724473814
"ENSG00000181381","DDX60L",0.568429873443164,0.000121559711956921
"ENSG00000181392","SYNE4",-0.115702567464713,0.627742590533924
"ENSG00000181481","RNF135",-0.107196004356589,0.566542190451155
"ENSG00000181638","ZFP41",0.236623500457145,0.177822047553275
"ENSG00000181649","PHLDA2",0.0426128057879725,0.818315233248274
"ENSG00000181773","GPR3",-0.0481434066287619,0.863044528225583
"ENSG00000181827","RFX7",0.0105945325646427,0.958311651000779
"ENSG00000181885","CLDN7",-0.0384166552283667,0.894127884271616
"ENSG00000181904","C5orf24",-0.143924601844416,0.124128257296212
"ENSG00000181915","ADO",-0.269685609059886,0.0141104894217067
"ENSG00000182054","IDH2",0.11533358534837,0.579135294956622
"ENSG00000182108","DEXI",-0.242512146172164,0.0468365470861352
"ENSG00000182134","TDRKH",-0.261226046452859,0.304721899299294
"ENSG00000182150","ERCC6L2",-0.430838718072193,1.1015180189536e-05
"ENSG00000182165","TP53TG1",1.52439783639717,3.84967422629713e-13
"ENSG00000182175","RGMA",-0.034724648764061,0.903282247645272
"ENSG00000182180","MRPS16",-0.196366783143952,0.0274387900981246
"ENSG00000182185","RAD51B",-1.32336859668934,4.73891580668047e-05
"ENSG00000182199","SHMT2",-0.497696007542577,5.22141833642953e-10
"ENSG00000182208","MOB2",0.0743880848559345,0.653012137587177
"ENSG00000182261","NLRP10",1.22386720647515,0.00283904709175725
"ENSG00000182372","CLN8",0.142777485362084,0.309627844912185
"ENSG00000182379","NXPH4",0.240570781107583,0.122519617701645
"ENSG00000182518","VCF2",-0.602078347246857,2.5619811748922e-05
"ENSG00000182534","MXRA7",-0.0740444430576455,0.682696860129477
"ENSG00000182544","MFSD5",0.358974803969321,1.87078664935791e-05
"ENSG00000182551","ADI1",0.0204402178436692,0.892856270703316
"ENSG00000182578","CSF1R",-0.120974999782106,0.588815792197224
"ENSG00000182585","EPGN",-0.264045145816266,0.289698793430347
"ENSG00000182670","TTC3",-0.581019219050422,5.87178497984322e-17
"ENSG00000182752","PAPPA",-0.760441865222737,0.00166652036069601
"ENSG00000182782","HCAR2",-0.0202239654263395,0.941503170955214
"ENSG00000182872","RBM10",-0.0657725605645707,0.582298503709726
"ENSG00000182898","TCHHL1",-0.0221159379338982,0.937321741110283
"ENSG00000182903","ZNF721",-0.219645096047487,0.0805133922729454
"ENSG00000182923","CEP63",-0.676389176799479,3.7459273535441e-08
"ENSG00000182950","CIMAP1C",1.82058531340186,0.00187476709721449
"ENSG00000182979","MTA1",-0.0909925482200152,0.403000233961193
"ENSG00000182993","C12orf60",-0.280795749687026,0.239390249913578
"ENSG00000183011","NAA38",-0.116556739886172,0.363510298745384
"ENSG00000183023","SLC8A1",-0.76106332461377,0.00101260312778137
"ENSG00000183032","SLC25A21",-1.8414828738723,0.0018452012604188
"ENSG00000183087","GAS6",-1.27232767479231,2.4122597030986e-16
"ENSG00000183098","GPC6",-1.73895678417706,1.85768031867538e-07
"ENSG00000183137","CEP57L1",-0.438274382807979,2.88490643469026e-06
"ENSG00000183172","SMDT1",-0.452429798695925,1.09106569156212e-05
"ENSG00000183196","CHST6",-0.00203541462347847,0.993670556889585
"ENSG00000183207","RUVBL2",-0.450203218417186,8.36767513129882e-09
"ENSG00000183250","LINC01547",1.29163914857034,9.81524376957021e-05
"ENSG00000183283","DAZAP2",0.225986023575648,0.00110290769077585
"ENSG00000183309","ZNF623",0.623156581235811,2.91326436500036e-06
"ENSG00000183560","IZUMO1R",2.18709072554366,0.000578190449943238
"ENSG00000183570","PCBP3",-0.425499169211264,0.118712077157916
"ENSG00000183722","LHFPL6",-0.491602154554782,0.00960153638870275
"ENSG00000183723","CMTM4",-0.366421132331608,0.0108694512524471
"ENSG00000183741","CBX6",0.232908197020215,0.033779213089385
"ENSG00000183762","KREMEN1",-0.261132410436981,0.280164670062994
"ENSG00000183779","ZNF703",-0.0970682722463919,0.619275160828988
"ENSG00000183808","RBM12B",-0.203119527468427,0.109948072477263
"ENSG00000183864","TOB2",-0.109282597068745,0.486897902484024
"ENSG00000184083","FAM120C",-0.375329795438522,0.0475139898351648
"ENSG00000184182","UBE2F",0.165916090867179,0.107933382899506
"ENSG00000184185","KCNJ12",0.837231734979584,0.0250714469343605
"ENSG00000184203","PPP1R2",0.485291724744203,2.19295268534018e-10
"ENSG00000184205","TSPYL2",1.74288065089636,4.56258621559904e-18
"ENSG00000184208",NA,-0.668080244909371,0.000168392555497808
"ENSG00000184209","SNRNP35",-0.108645797841766,0.313081143345327
"ENSG00000184260","H2AC20",-0.986664619662024,5.45919240317243e-05
"ENSG00000184270","H2AC21",-0.583559081315433,0.0204733700468643
"ENSG00000184277","TM2D3",-0.184871450364787,0.0982994277585494
"ENSG00000184319",NA,0.917565200470925,1.00638683432166e-05
"ENSG00000184357","H1-5",-0.0172591609595118,0.94908520436321
"ENSG00000184384","MAML2",-0.340768602119288,0.0272014050281324
"ENSG00000184441",NA,0.320420258078912,0.15981569204073
"ENSG00000184497","TMEM255B",0.533831179358131,0.0183678690028502
"ENSG00000184545","DUSP8",1.08747596571857,0.00100113628636204
"ENSG00000184575","XPOT",-0.46305343338467,1.75338280798899e-07
"ENSG00000184634","MED12",0.148742714451498,0.382263916407399
"ENSG00000184661","CDCA2",-0.118817537950141,0.302871504865288
"ENSG00000184678","H2BC21",0.613137938056663,0.00710847335788648
"ENSG00000184840","TMED9",0.207770965482582,0.0023749986725496
"ENSG00000184898","RBM43",0.221243131298257,0.21724931532246
"ENSG00000184924","PTRHD1",-0.0693854086168484,0.633325724514686
"ENSG00000184988","TMEM106A",0.902809899304066,8.53819952654225e-06
"ENSG00000184992","BRI3BP",0.0714793431862679,0.538047985293381
"ENSG00000185049","NELFA",0.202324910040074,0.113164799654594
"ENSG00000185070","FLRT2",-0.203207360321553,0.285760721896028
"ENSG00000185101","ANO9",0.0393733158029781,0.892285139717866
"ENSG00000185122","HSF1",0.223492974488132,0.0241870644565932
"ENSG00000185127","C6orf120",-0.796968995306291,5.22363937351795e-15
"ENSG00000185129","PURA",-0.237279088821448,0.00252760152446331
"ENSG00000185133","INPP5J",0.333688862711647,0.206291318223357
"ENSG00000185163","DDX51",-0.239559725531857,0.0878878901166902
"ENSG00000185236","RAB11B",0.299055584078304,0.000623426419595673
"ENSG00000185238","PRMT3",-0.548759348270009,0.000122226389693371
"ENSG00000185246","PRPF39",-0.769571451699804,1.27875493687084e-07
"ENSG00000185250","PPIL6",-0.0584185583471975,0.828260841348742
"ENSG00000185261","KIAA0825",-1.00378426997572,0.0157753107121412
"ENSG00000185344","ATP6V0A2",0.0412447113201535,0.819010261142708
"ENSG00000185404","SP140L",0.0928476502811767,0.478504385330385
"ENSG00000185418","TARS3",0.326322380205086,0.0720581311677748
"ENSG00000185475","TMEM179B",0.180960456426482,0.091995969063493
"ENSG00000185499","MUC1",-0.0362648138672251,0.908724302253002
"ENSG00000185504","FAAP100",0.0369540785394214,0.874583166531297
"ENSG00000185519","FAM131C",0.203941823460495,0.406987584903546
"ENSG00000185522","LMNTD2",0.0146124082034151,0.956676934230093
"ENSG00000185527","PDE6G",2.51891617571869,7.88811729457582e-07
"ENSG00000185567","AHNAK2",-0.369594751153117,0.0662902684169188
"ENSG00000185591","SP1",0.029394614471066,0.842586275514526
"ENSG00000185624","P4HB",-0.19611153466691,0.00930261681695519
"ENSG00000185658","BRWD1",0.124730919300702,0.156647038572649
"ENSG00000185728","YTHDF3",0.0732759513226786,0.497515270013457
"ENSG00000185760","KCNQ5",0.00198061489337606,0.992323346514356
"ENSG00000185800","DMWD",0.345875148644699,0.00162580651107859
"ENSG00000185818","NAT8L",0.363419112868987,0.026754313507377
"ENSG00000185847","VHRT",0.0985965005606506,0.674376745451406
"ENSG00000185966","LCE3E",0.113049536518422,0.632123199971689
"ENSG00000186017","ZNF566",-0.421512515338834,0.0214595109889966
"ENSG00000186063","AIDA",-0.214105240701611,0.139264739563775
"ENSG00000186141","POLR3C",0.123388719585537,0.298094563122989
"ENSG00000186174","BCL9L",0.766939737425683,3.425681665785e-06
"ENSG00000186187","ZNRF1",-0.0372443672691522,0.806482336071983
"ENSG00000186260","MRTFB",0.04750971240078,0.834862332236681
"ENSG00000186283","TOR3A",-0.0377680470282444,0.860954112330941
"ENSG00000186312",NA,0.269942884615642,0.0581655816268466
"ENSG00000186432","KPNA4",-0.113748324307389,0.249639784553776
"ENSG00000186468","RPS23",-0.254104201487951,0.00418088158080605
"ENSG00000186481",NA,2.06754970569938,9.46530057232382e-09
"ENSG00000186517","ARHGAP30",-1.53502008304593,3.64614542512911e-06
"ENSG00000186522","SEPTIN10",-0.658344899140476,4.6972151284852e-08
"ENSG00000186591","UBE2H",0.0968185908554765,0.493985538044223
"ENSG00000186684","CYP27C1",-0.347878592289173,0.0624121500012015
"ENSG00000186716","BCR",0.135562736997424,0.369739051608545
"ENSG00000186792","HYAL3",0.198366281825462,0.422773424754451
"ENSG00000186815","TPCN1",-0.655314762857567,0.000205956098001473
"ENSG00000186847","KRT14",1.11668241328483,0.00504892693193277
"ENSG00000186854","TRABD2A",0.23051342533561,0.0375700356936166
"ENSG00000186866","POFUT2",0.139650288167,0.362215134622219
"ENSG00000186867","QRFPR",0.0685588395061289,0.80847490023267
"ENSG00000186889","TMEM17",-0.196461769676484,0.305062429025879
"ENSG00000186994","KANK3",0.905068124214955,0.0211924089013941
"ENSG00000187024","PTRH1",0.0400210610378983,0.843112674736486
"ENSG00000187097","ENTPD5",-0.0207026427519444,0.935992162562651
"ENSG00000187134","AKR1C1",1.79781188460083,3.28321017171594e-05
"ENSG00000187147","RNF220",0.0690017541068633,0.378614789486261
"ENSG00000187229",NA,1.93471127021179,0.000367441059926241
"ENSG00000187231","SESTD1",-0.19573943726775,0.122719193738852
"ENSG00000187486","KCNJ11",0.84887123107092,0.0241953901502068
"ENSG00000187531","SIRT7",0.224023334963043,0.0976307473142701
"ENSG00000187535","IFT140",-0.0233209046952772,0.938363479131333
"ENSG00000187601","MAGEH1",-0.114624879001993,0.583552141211293
"ENSG00000187626","ZKSCAN4",-0.297833163774895,0.0814997358139377
"ENSG00000187720","THSD4",-0.942902199248607,8.3132919448575e-09
"ENSG00000187735","TCEA1",-0.256495883240643,0.0362397426923042
"ENSG00000187742","SECISBP2",-0.289614064750694,0.00369225265446947
"ENSG00000187837","H1-2",-0.175121286703855,0.277498239944034
"ENSG00000187840","EIF4EBP1",-0.779575372044081,2.14144954707357e-13
"ENSG00000187860","CCDC157",-0.089346480408599,0.723826195062091
"ENSG00000188015","S100A3",0.039792921076356,0.892320082624818
"ENSG00000188042","ARL4C",-0.123935491613008,0.566973078199237
"ENSG00000188064","WNT7B",0.340683526010291,0.0294789355788654
"ENSG00000188130","MAPK12",-0.133200510736165,0.335365656537332
"ENSG00000188177","ZC3H6",-0.298133703041794,0.132761006914248
"ENSG00000188185",NA,0.129044671144522,0.61768936992331
"ENSG00000188277","C15orf62",0.247520341239988,0.326736863813834
"ENSG00000188290","HES4",-0.29510345771282,0.144075394984751
"ENSG00000188293","IGFL1",-0.0270009603798537,0.924831928335451
"ENSG00000188313","PLSCR1",-0.106943524508041,0.397044540124904
"ENSG00000188315","C3orf62",0.015744906720318,0.947609910386897
"ENSG00000188368","PRR19",-0.0843156309775377,0.754984882662473
"ENSG00000188419","CHM",-0.409489183428729,0.000116506631810492
"ENSG00000188483","IER5L",-0.148697891926123,0.407519341527875
"ENSG00000188493","ACTMAP",0.0165667364915336,0.94186622791049
"ENSG00000188505","NCCRP1",-0.0431642476129568,0.881218565703534
"ENSG00000188596","CFAP54",0.115216555975757,0.657401425712369
"ENSG00000188690","UROS",-0.107142121407167,0.267166967240659
"ENSG00000188706","ZDHHC9",1.06605408155836,4.6338139455408e-22
"ENSG00000188725","SMIM15",-0.12794951417065,0.0894014608054059
"ENSG00000188786","MTF1",0.120160295329668,0.371987992053537
"ENSG00000188818","ZDHHC11",0.525875892558118,0.0541666129171088
"ENSG00000188846","RPL14",-0.344238709216418,7.63164705699139e-06
"ENSG00000188986","NELFB",0.0352880370316307,0.827650554605256
"ENSG00000188996","HUS1B",0.320124456848754,0.199069300668095
"ENSG00000188997","KCTD21",-0.00201179110883068,0.994057487824655
"ENSG00000189007","ADAT2",-0.125915654477413,0.399175963200747
"ENSG00000189042","ZNF567",0.0896597830457226,0.711322394863289
"ENSG00000189058","APOD",0.284250442702311,0.23661446623681
"ENSG00000189067","LITAF",0.150814911242038,0.108250622102812
"ENSG00000189114","BLOC1S3",0.207353454637638,0.233742552500173
"ENSG00000189120","SP6",-0.251536624109206,0.247047234060505
"ENSG00000189266","PNRC2",0.224342644905639,0.0341585268791966
"ENSG00000189319","FAM53B",0.0113720341471822,0.957344811743164
"ENSG00000189339","SLC35E2B",0.176096756914996,0.163520345299925
"ENSG00000189433","GJB4",-0.0541961424940889,0.835796971517464
"ENSG00000196083","IL1RAP",-0.221583536484063,0.221811285646513
"ENSG00000196141","SPATS2L",-0.0433320504546054,0.704247383019636
"ENSG00000196154","S100A4",-0.17196306253708,0.426948205645163
"ENSG00000196208","GREB1",2.22609244301161,4.53470524607755e-25
"ENSG00000196209","SIRPB2",-0.15752537992537,0.499042838663757
"ENSG00000196220","SRGAP3",0.040382431744491,0.8973758042817
"ENSG00000196227","FAM217B",-0.143593526429851,0.167895242452617
"ENSG00000196233","LCOR",0.136423646799838,0.215793154849057
"ENSG00000196352","CD55",0.441069615884959,0.000819030870853116
"ENSG00000196391","ZNF774",1.37001810634652,2.06076610327094e-07
"ENSG00000196405","EVL",-0.415110094425274,0.00415498761247105
"ENSG00000196417","ZNF765",0.569052254605026,0.00131502241910835
"ENSG00000196418","ZNF124",0.208569902520519,0.189056205143098
"ENSG00000196422","PPP1R26",-0.141266013543511,0.371356149258668
"ENSG00000196428","TSC22D2",0.276662295651502,0.0292370696116119
"ENSG00000196449","YRDC",0.0701895171627918,0.577317853792092
"ENSG00000196476","C20orf96",-0.413865709280727,0.0263298098379214
"ENSG00000196498","NCOR2",0.339085063929951,0.00297019471662779
"ENSG00000196504","PRPF40A",0.0223819207902556,0.82054607913919
"ENSG00000196505","GDAP2",0.346819191171579,0.00485575056122217
"ENSG00000196547","MAN2A2",0.156639854581073,0.342063869569504
"ENSG00000196569","LAMA2",0.117395825144355,0.649160098946006
"ENSG00000196584","XRCC2",-0.100657908698055,0.503709679189397
"ENSG00000196642","RABL6",-0.111188316997043,0.24057277129553
"ENSG00000196652","ZKSCAN5",0.0573568591337396,0.688230037481746
"ENSG00000196670","ZFP62",-0.151309858326182,0.212148352932705
"ENSG00000196684","HSH2D",0.0351945487738046,0.898459590922964
"ENSG00000196689","TRPV1",0.623750972512275,0.0278729027839493
"ENSG00000196700","ZNF512B",0.730721121523961,2.82139966849934e-11
"ENSG00000196705","ZNF431",-0.0177138493917207,0.939094305881502
"ENSG00000196715","VKORC1L1",-0.483366142516276,5.22141833642953e-10
"ENSG00000196730","DAPK1",0.0650000509216175,0.811505638794695
"ENSG00000196754","S100A2",-0.217788573178231,0.0923265044041524
"ENSG00000196756","SNHG17",-0.611247126477225,3.31878219760671e-08
"ENSG00000196781","TLE1",0.360476881153598,0.00356141136043887
"ENSG00000196812","ZSCAN16",0.221000742952809,0.340471951083214
"ENSG00000196814","MVB12B",0.159319318424239,0.400804109711939
"ENSG00000196821","ILRUN",0.046243156661817,0.728857607085854
"ENSG00000196839","ADA",0.769329915308952,3.55606878841285e-07
"ENSG00000196865","NHLRC2",-0.496678624157982,1.63315625015837e-06
"ENSG00000196922",NA,0.440858028865517,7.99043962534091e-05
"ENSG00000196967","ZNF585A",0.0206245847105129,0.941483724464474
"ENSG00000196968","FUT11",-0.506871147252577,4.69530124787826e-08
"ENSG00000196975","ANXA4",0.159126329590475,0.301389784623424
"ENSG00000196981","WDR5B",0.0863534274493675,0.621383711153727
"ENSG00000197006","METTL9",-0.25587414696748,0.00541902407575868
"ENSG00000197050","ZNF420",0.0963955770949908,0.645790164071782
"ENSG00000197062","ZSCAN26",0.147085365978253,0.419531618321745
"ENSG00000197111","PCBP2",-0.188675741245778,0.00436317727172813
"ENSG00000197128","ZNF772",0.371625639388972,0.020105439545485
"ENSG00000197170","PSMD12",-0.174651005547064,0.0267427457503801
"ENSG00000197181","PIWIL2",1.40908670106693,7.3575284786109e-07
"ENSG00000197182","PRR34-AS1",-0.106636861799451,0.588717775349412
"ENSG00000197256","KANK2",0.527188945786815,1.0332189513842e-08
"ENSG00000197279","ZNF165",0.168539204303465,0.498349702295907
"ENSG00000197321","SVIL",0.347376159139197,0.00167716383797746
"ENSG00000197323","TRIM33",0.281569757262445,0.000169341427868819
"ENSG00000197345","MRPL21",0.056051739995173,0.647655957460869
"ENSG00000197362","ZNF786",0.635456964019853,0.0066945933167987
"ENSG00000197530","MIB2",1.53591866824675,8.48694521568421e-14
"ENSG00000197548","ATG7",-0.553246360295347,2.93817877534308e-07
"ENSG00000197555","SIPA1L1",-0.513201905551676,3.36573438317501e-06
"ENSG00000197563","PIGN",-0.440661047486564,0.000440733006983862
"ENSG00000197565","COL4A6",1.0540274981414,0.0119680922898308
"ENSG00000197566","ZNF624",-0.274982495825976,0.218841360941211
"ENSG00000197568","ANKRD13C-DT",0.162865661556433,0.441409468976224
"ENSG00000197588",NA,0.00288117552891651,0.992323346514356
"ENSG00000197594","ENPP1",-0.355114476325945,0.0775256624387554
"ENSG00000197603","CPLANE1",0.186840142710626,0.107523514101574
"ENSG00000197608","ZNF841",0.886114068698906,0.000786287801819427
"ENSG00000197614","MFAP5",0.193861858536639,0.436956265789885
"ENSG00000197622","CDC42SE1",0.232615621682871,0.00296887988837395
"ENSG00000197714","ZNF460",-0.0323384876451458,0.915989222618634
"ENSG00000197757","HOXC6",0.235402352036112,0.063179987821978
"ENSG00000197763","TXNRD3",0.156305719803966,0.405804646139459
"ENSG00000197782","ZNF780A",-0.106294810802084,0.630408421517013
"ENSG00000197808","ZNF461",0.0264735098214929,0.932968882095399
"ENSG00000197822","OCLN",-0.107974289709695,0.671673251069865
"ENSG00000197872","CYRIA",0.118518740055165,0.551823625704642
"ENSG00000197903","H2BC12",0.0853958411879415,0.719170362654898
"ENSG00000197905","TEAD4",0.101503860305001,0.497040203168875
"ENSG00000197912","SPG7",0.28671232074452,0.0114497754776723
"ENSG00000197930","ERO1A",-0.357572971705885,5.82103041639498e-07
"ENSG00000198015","MRPL42",-0.321939475596517,9.33271524671527e-07
"ENSG00000198056","PRIM1",-0.289480551914743,0.0665454458034252
"ENSG00000198060","MARCHF5",0.0823272714977088,0.557882046724722
"ENSG00000198108","CHSY3",-1.76470486816062,3.425681665785e-06
"ENSG00000198157","HMGN5",0.82969281359176,2.10969129765456e-07
"ENSG00000198176","TFDP1",-0.15365280430863,0.155855089765522
"ENSG00000198246","SLC29A3",0.436404178956945,0.0727924413175107
"ENSG00000198301","SDAD1",-0.059128270385344,0.386100850529432
"ENSG00000198355","PIM3",-0.0504117397140469,0.766562199288835
"ENSG00000198382","UVRAG",-0.307679220263545,0.00161118556886326
"ENSG00000198393","ZNF26",-0.197291711355101,0.184263693942824
"ENSG00000198464","ZNF480",0.193504667287071,0.1227966705462
"ENSG00000198482","ZNF808",-0.104161049194711,0.663327608579442
"ENSG00000198498","TMA16",-0.100441532871872,0.263714785336842
"ENSG00000198517","MAFK",0.287078819832252,0.0162324663017088
"ENSG00000198554","WDHD1",0.0831275407761481,0.543832891721003
"ENSG00000198585","NUDT16",0.0764077488728347,0.561579486890411
"ENSG00000198618",NA,-0.377827464687792,0.136271237185022
"ENSG00000198625","MDM4",-0.454146374369007,4.48907564558957e-05
"ENSG00000198680","TUSC1",0.137111920912072,0.346689567159553
"ENSG00000198707","CEP290",0.105098999996595,0.435748407546533
"ENSG00000198715","GLMP",0.835726642336779,9.52047891724582e-08
"ENSG00000198718","TOGARAM1",-0.260028849650072,0.0577451482546118
"ENSG00000198720","ANKRD13B",0.747837271989588,2.09091450572306e-06
"ENSG00000198721","ECI2",-0.232297447571129,0.0319101612677935
"ENSG00000198728","LDB1",0.808395972444887,8.20276085382793e-09
"ENSG00000198736","MSRB1",0.165455448945494,0.302106082778102
"ENSG00000198740","ZNF652",-0.0870445142120804,0.595181080835979
"ENSG00000198742","SMURF1",0.0477391136591934,0.82268130444432
"ENSG00000198743","SLC5A3",-0.062719348901428,0.683890489641205
"ENSG00000198746","GPATCH3",0.225816516093456,0.111250348422004
"ENSG00000198755","RPL10A",-0.291641982520613,0.00412287369403684
"ENSG00000198774","RASSF9",-0.444471280688026,0.118406989000213
"ENSG00000198792","TMEM184B",0.242339554254738,0.0261525201722766
"ENSG00000198799","LRIG2",0.0510036237019411,0.831521113593907
"ENSG00000198805","PNP",0.0887480061820052,0.497040203168875
"ENSG00000198815","FOXJ3",0.0731339609772408,0.556335539033019
"ENSG00000198833","UBE2J1",-0.297961179997035,5.19733460112063e-05
"ENSG00000198856","OSTC",-0.172793465513676,0.108308371009147
"ENSG00000198862","LTN1",-0.480858274953743,1.69635911952717e-09
"ENSG00000198863","RUNDC1",0.306307849963952,0.00353049941968559
"ENSG00000198874","TYW1",-0.371875087384218,0.000151624532046129
"ENSG00000198887","SMC5",-0.0541417486634569,0.682691430237977
"ENSG00000198890","PRMT6",0.00527879728318401,0.979701116922306
"ENSG00000198910","L1CAM",-0.216531249238096,0.371279906410561
"ENSG00000198912","C1orf174",-0.290716816623635,0.00920356051826999
"ENSG00000198918","RPL39",-0.0734679010023543,0.601060531121522
"ENSG00000198919","DZIP3",-0.321612079523704,0.0130353498355228
"ENSG00000198933","TBKBP1",1.21921169448886,0.000147285720898567
"ENSG00000198945","L3MBTL3",0.254747531254268,0.151006748368841
"ENSG00000198952","SMG5",0.238545648673398,0.0794393689333981
"ENSG00000198954","KIFBP",0.204755273536523,0.0372634943431106
"ENSG00000199357",NA,0.633640328218858,0.0501051505398784
"ENSG00000199366",NA,0.0322080678119043,0.918931264005224
"ENSG00000200506",NA,0.378650164067204,0.154750798721055
"ENSG00000200834",NA,0.26736831825091,0.246301719073984
"ENSG00000201221","RNU4-40P",0.531360951424739,0.0807617990707208
"ENSG00000201662","RNU6-60P",0.253420522546262,0.317175229980397
"ENSG00000202172","RNU6-1327P",-0.0325750828943693,0.912679151245647
"ENSG00000202400","SNORD82",0.542715733585408,0.0583194794485518
"ENSG00000203326","ZNF525",2.23309179752165,1.64292677154441e-06
"ENSG00000203485","INF2",0.160441738725494,0.272739216956784
"ENSG00000203499","IQANK1",0.0384342858422721,0.894882297594385
"ENSG00000203546",NA,0.404208440838429,0.116420145175891
"ENSG00000203573",NA,-0.246556870158522,0.328798027761543
"ENSG00000203667","COX20",-0.132296530034702,0.302018370225918
"ENSG00000203705","TATDN3",0.0507013011421877,0.836217850348193
"ENSG00000203780","FANK1",0.231817886309193,0.343207267006858
"ENSG00000203999","LINC01270",1.77224176406131,0.000103553866501179
"ENSG00000204054","LOC124900275",0.0872433813103415,0.596519683892779
"ENSG00000204086","RPA4",0.20300830173448,0.417531046796321
"ENSG00000204103","MAFB",0.507511874085828,0.080577126100583
"ENSG00000204104","TRAF3IP1",-0.00425891457178564,0.983831959397693
"ENSG00000204178","MACO1",0.311720391237678,0.00252310500905102
"ENSG00000204219","TCEA3",1.48399196391177,3.76965061736139e-06
"ENSG00000204231","RXRB",0.260385731717577,0.0321868847335012
"ENSG00000204237","OXLD1",0.11890251299242,0.450528196280349
"ENSG00000204261","PSMB8-AS1",0.323444735298762,0.148750899295491
"ENSG00000204267","TAP2",0.370574907979793,1.17611178071694e-05
"ENSG00000204272","NBDY",-0.201157742403429,0.0947980097434536
"ENSG00000204279","PAGE3",-0.0272344160144982,0.924694927049468
"ENSG00000204291","COL15A1",0.894315451426612,0.012324299128159
"ENSG00000204386","NEU1",1.1562279283649,3.52992383122898e-29
"ENSG00000204394","VARS1",-0.398144885598541,1.81376450839419e-07
"ENSG00000204396","VWA7",0.545089342865672,0.0717818098079762
"ENSG00000204469","PRRC2A",0.0396926390179776,0.861364951970494
"ENSG00000204569","PPP1R10",0.606071105180705,4.13016810543907e-10
"ENSG00000204580","DDR1",0.950192513260863,4.46771701205288e-19
"ENSG00000204592","HLA-E",0.703040545982429,7.0202401870794e-06
"ENSG00000204604","ZNF468",0.663305223294448,0.0120840576096415
"ENSG00000204611","ZNF616",0.159579729733356,0.422575868484338
"ENSG00000204618","RNF39",0.420913292810417,0.13050819731248
"ENSG00000204619","PPP1R11",0.30671771706,0.000335271926788163
"ENSG00000204628","RACK1",-0.514468541840335,1.62235753983572e-22
"ENSG00000204644","ZFP57",-0.0139048994834303,0.956008457736828
"ENSG00000204767","INSYN2B",0.0111861191754505,0.962921511005952
"ENSG00000204899","MZT1",-0.296554903408381,0.00698369044928984
"ENSG00000204920","ZNF155",0.0747238162216537,0.751269099984632
"ENSG00000204922","UQCC3",0.363873808461761,0.00216761435962369
"ENSG00000204991","SPIRE2",0.289833428320206,0.123233148583061
"ENSG00000205060","SLC35B4",-0.219423096352723,0.00423248502010017
"ENSG00000205078","SYCE1L",-0.0553735939758025,0.836217850348193
"ENSG00000205133","TRIQK",-0.422675485119015,0.0104228734900616
"ENSG00000205155","PSENEN",0.0704981859391006,0.64113476100577
"ENSG00000205189","ZBTB10",-0.0897898571433257,0.605594363328033
"ENSG00000205213","LGR4",0.330093521661099,0.0152446895645092
"ENSG00000205250","E2F4",-0.512523365473431,2.08825835926335e-10
"ENSG00000205309","NT5M",-0.453554744365149,0.113468391013006
"ENSG00000205352","PRR13",0.278910398293955,0.000318009404992134
"ENSG00000205420","KRT6A",0.00274371475251695,0.992323346514356
"ENSG00000205559","CHKB-DT",0.791015399046749,1.3389647982471e-05
"ENSG00000205581","HMGN1",-0.373029423501722,1.97555949158914e-06
"ENSG00000205593","DENND6B",0.950337748802466,0.011482408408714
"ENSG00000205643","CDPF1",0.34182297043247,0.0397300165205635
"ENSG00000205659","LIN52",-0.425241079473324,0.000768557498316228
"ENSG00000206527","HACD2",0.231832407528755,0.0148263971572212
"ENSG00000206530","CFAP44",-0.171993800268559,0.340767937207572
"ENSG00000206535","LNP1",-0.243215182886576,0.178552917065264
"ENSG00000206573","THUMPD3-AS1",0.142447291911781,0.399046113475038
"ENSG00000210100",NA,-0.268820514951202,0.221464279590119
"ENSG00000210151","MIR12136",-3.40867556414887,1.54081988512873e-10
"ENSG00000211460","TSN",0.0290546223822521,0.782108947877192
"ENSG00000212664","RPL17P39",-0.407528461331924,0.0345346272557677
"ENSG00000213020","ZNF611",0.340504573163307,0.0483986089791955
"ENSG00000213047","DENND1B",-0.409802544982284,0.0149488979322392
"ENSG00000213062",NA,0.108923923479207,0.666881330545421
"ENSG00000213096","ZNF254",-0.222241949965993,0.331479732187239
"ENSG00000213185","FAM24B",2.37508254061657,3.55637534391466e-20
"ENSG00000213199","ASIC3",0.229297186821401,0.363013779892413
"ENSG00000213213","CCDC183",1.12604980453242,0.0107422419849446
"ENSG00000213269","RPS6P26",-0.599924050167536,0.0547493910731097
"ENSG00000213347","MXD3",-1.03024609804799,1.99337969198988e-05
"ENSG00000213380","COG8",-0.152476280698288,0.27235439168605
"ENSG00000213465","ARL2",-0.116636153399091,0.345167673132185
"ENSG00000213551","DNAJC9",-0.326701871253538,0.000292359438226361
"ENSG00000213563","C8orf82",-0.215873038100008,0.111449613542291
"ENSG00000213654","GPSM3",-0.622781053893697,0.000106051789131439
"ENSG00000213694","S1PR3",1.62518539337156,0.0014111205730628
"ENSG00000213793","ZNF888",0.114067950417265,0.661405418427037
"ENSG00000213859","KCTD11",0.569169283603874,0.00322399120705082
"ENSG00000213904","LIPE-AS1",1.27841116212733,0.000608154074082629
"ENSG00000214078","CPNE1",-0.399108830897492,3.90862786958146e-06
"ENSG00000214146","LINC02026",0.838507160814125,0.022412422221903
"ENSG00000214182",NA,-0.56676166255353,0.0115801106861403
"ENSG00000214194","SMIM30",-0.108490109076132,0.479168748115171
"ENSG00000214274","ANG",0.442391436932246,0.0944052128148381
"ENSG00000214860","EVPLL",0.0387119186977946,0.888138249116362
"ENSG00000215039","CD27-AS1",0.293244994032271,0.0886238431774207
"ENSG00000215105",NA,-0.403067825965285,0.121215175559796
"ENSG00000215187","CIMIP2B",0.0876993716261284,0.702311866798209
"ENSG00000215256","DHRS4-AS1",-0.119212432731669,0.460330700467597
"ENSG00000215417","MIR17HG",-0.434544236815648,0.0841482996612086
"ENSG00000215559",NA,3.17106627691003,2.33998477948444e-10
"ENSG00000217128","FNIP1",-0.122815688344015,0.341877520409942
"ENSG00000217648","PARLP2",-0.436559150465793,0.10792278105338
"ENSG00000217801",NA,0.215152974160805,0.306524992815035
"ENSG00000219487",NA,0.0347486758111349,0.913170735363016
"ENSG00000219545","UMAD1",-0.90038477493199,6.00556675454288e-05
"ENSG00000220804",NA,0.115696932414529,0.551709182579868
"ENSG00000221817","PPP3CB-AS1",0.272347234521332,0.104952635140896
"ENSG00000221890","NPTXR",0.884512116258049,4.71677513285942e-08
"ENSG00000221926","TRIM16",0.190235956060823,0.15014955691469
"ENSG00000221955","SLC12A8",1.36191720618285,1.70717487324212e-09
"ENSG00000221963","APOL6",0.0437393135061372,0.848034892155891
"ENSG00000221986","MYBPHL",1.55400334746934,0.00346784596537784
"ENSG00000223509",NA,-0.204149660606655,0.379760197568539
"ENSG00000223653",NA,0.815613325173321,0.0121020037793991
"ENSG00000223768","LINC00205",0.531936216866862,0.000433255295355821
"ENSG00000223799",NA,0.882232631726134,0.0226288853719776
"ENSG00000223802","CERS1",0.625904984566482,0.0382066830960692
"ENSG00000223820",NA,0.17739947099675,0.476530092365955
"ENSG00000223959",NA,-0.496977178947379,0.000865830633036323
"ENSG00000223969",NA,0.827957828163968,0.0100762154567485
"ENSG00000224032",NA,-0.0206992344475757,0.924694927049468
"ENSG00000224064","RPL32P6",-0.0173126924201349,0.948104061328723
"ENSG00000224081",NA,0.0265729971963685,0.929807074116013
"ENSG00000224424","PRKAR2A-AS1",0.863116691511528,0.019296032166387
"ENSG00000224470","ATXN1L",0.271822950967365,0.117412732742578
"ENSG00000224536","CSRP1-AS1",-0.269865331554387,0.270918742620508
"ENSG00000224687","RASAL2-AS1",0.101986151107471,0.646094520908809
"ENSG00000224722","SRRM1P1",-0.123451585543323,0.633325724514686
"ENSG00000224822",NA,0.448216557516557,0.111077971006724
"ENSG00000225101","OR52K3P",1.36536226560155,0.00307034936526322
"ENSG00000225159","NPM1P39",-0.467694636200864,0.106992016896612
"ENSG00000225173",NA,0.353557516067299,0.178302246451893
"ENSG00000225190","PLEKHM1",0.240618383870056,0.144558028410007
"ENSG00000225205",NA,-0.220636650779555,0.360557180011181
"ENSG00000225361","PPP1R26-AS1",0.139422868503361,0.533451195212795
"ENSG00000225439","BOLA3-DT",0.132072142880468,0.423388728847073
"ENSG00000225470","JPX",-0.42697562072654,1.60069297536934e-08
"ENSG00000225511",NA,0.649437570538049,0.030364613570257
"ENSG00000225526","MKRN2OS",-0.0263158776311161,0.928067512304115
"ENSG00000225648",NA,-0.2864808999629,0.0149201111083853
"ENSG00000225733","FGD5-AS1",-0.304481911402063,0.00020033323107653
"ENSG00000225830","ERCC6",0.640808448980181,2.09527515809562e-09
"ENSG00000225938",NA,0.0617614343467768,0.825834578490889
"ENSG00000225973","PIGBOS1",0.0658691015074741,0.76569809154499
"ENSG00000225975",NA,0.174978786829282,0.45635970411537
"ENSG00000226067",NA,0.346597400651045,0.0312317278795186
"ENSG00000226137","BAIAP2-DT",0.3584885694588,0.046405601758864
"ENSG00000226259",NA,0.0646846399380455,0.704759054738168
"ENSG00000226287",NA,0.405303241325323,0.107506308995585
"ENSG00000226312","CFLAR-AS1",1.93814129485958,2.63921535241215e-05
"ENSG00000226332",NA,0.0218960654171974,0.938071279471623
"ENSG00000226465",NA,0.71611019264716,0.0271756890356562
"ENSG00000226752",NA,-0.0739168946542701,0.711128985040733
"ENSG00000226835","ARHGAP29-AS1",0.198772364493181,0.420319772782843
"ENSG00000226965",NA,1.10510237742506,0.00512805759226206
"ENSG00000227036","LINC00511",0.376128072017923,0.0128222340768085
"ENSG00000227051","C14orf132",0.123692787029843,0.409189258661592
"ENSG00000227268","KLLN",2.36712881458614,1.9467377987009e-06
"ENSG00000227372",NA,-0.0232094913763253,0.936380653517527
"ENSG00000227836",NA,0.611799178116561,0.0567980687432891
"ENSG00000228065",NA,-0.683179407569637,4.97170982526336e-05
"ENSG00000228150",NA,0.474315111522038,0.0730558202158098
"ENSG00000228782",NA,0.0135788666736583,0.958639594037673
"ENSG00000228878","SEPTIN7-DT",-0.194950468297937,0.431478858418274
"ENSG00000228917",NA,-0.0265823329207919,0.924831928335451
"ENSG00000229119",NA,-0.241979612672173,0.170293418924105
"ENSG00000229619","MBNL1-AS1",0.285892173966613,0.191204544937249
"ENSG00000229638","RPL4P4",-0.0590986719487394,0.837968880592325
"ENSG00000229647",NA,0.0861091393461884,0.68900974430466
"ENSG00000229659","RPL26P6",-0.159526679191856,0.483495717444133
"ENSG00000229807","XIST",0.0809427382406237,0.750880822668616
"ENSG00000230002","ALMS1-IT1",-0.0727908516317985,0.779375790225821
"ENSG00000230148","HOXB-AS1",-0.251638495477872,0.243150428924633
"ENSG00000230337",NA,0.471366879646801,0.0854581343921658
"ENSG00000230424","EMC1-AS1",0.438329084044059,0.0637520988218983
"ENSG00000230453","ANKRD18B",-0.216205292654402,0.138096222702531
"ENSG00000230590","FTX",-0.19937508333128,0.27741982294745
"ENSG00000230615","LOC107984948",-0.926227535386843,7.72354306224619e-09
"ENSG00000230937","MIR205HG",-0.0640465296813492,0.811505638794695
"ENSG00000231131","LOC105378305",5.6462694966948,1.29144466923388e-40
"ENSG00000231167",NA,-0.312531713556133,0.144395823963248
"ENSG00000231312","MAP4K3-DT",0.222344648243697,0.0658519125778507
"ENSG00000231503",NA,-0.0540872810693404,0.858659257539428
"ENSG00000231648",NA,-0.0271436977316307,0.926567216858948
"ENSG00000231652","CD109-AS1",1.32929921018198,1.12012019162766e-08
"ENSG00000231705",NA,-0.0534890853712346,0.838279598131212
"ENSG00000231711",NA,0.160750813293881,0.508507487751927
"ENSG00000231721","LINC-PINT",0.0628886021803348,0.794613473619216
"ENSG00000231856",NA,0.343870418865438,0.184157426641233
"ENSG00000232160","RAP2C-AS1",-0.29860042268668,0.244168329120281
"ENSG00000232388","SMIM26",0.0922845244181764,0.585951817038231
"ENSG00000232485","RPL37A-DT",0.92450061880564,0.00101260312778137
"ENSG00000232671","ZNF687-AS1",-0.121045012838572,0.626990594270696
"ENSG00000233006","MIR3936HG",-0.0272693038656199,0.926600692765378
"ENSG00000233184","DPH5-DT",-0.379261492893752,0.0476156524041256
"ENSG00000233264",NA,0.505222451029347,0.0542464070356182
"ENSG00000233382",NA,0.256860032129567,0.231279842141968
"ENSG00000233527","ZNF529-AS1",0.216687553958018,0.243221332907811
"ENSG00000233559","LINC00513",-0.00971706298546112,0.973858395603315
"ENSG00000233589",NA,-0.200215935607832,0.38978165520846
"ENSG00000233611","GBX2-AS1",-0.627224308219899,7.85180624589253e-05
"ENSG00000233828","MIR4280HG",-0.276255087036125,0.194160031358115
"ENSG00000233834","GIRGL",0.0570050005246316,0.840823477427328
"ENSG00000233901","LINC01503",0.0844718357558508,0.755727742391012
"ENSG00000234062",NA,-0.435846830682104,0.120420454458458
"ENSG00000234127","TRIM26",0.413493473316347,0.000272199208055966
"ENSG00000234155","LINC02535",0.786210289359553,5.59664863123933e-05
"ENSG00000234171","RNASEH1-DT",-0.104026986812143,0.38290305438763
"ENSG00000234460",NA,0.25524006211908,0.296208332088468
"ENSG00000234518",NA,0.0182751914316683,0.948625739884222
"ENSG00000234664",NA,-0.401305648987802,0.105960662360223
"ENSG00000234678",NA,0.435292225276332,0.122753139890573
"ENSG00000234956","LINC02539",1.57236713487259,0.00350435965743191
"ENSG00000235078","LOC124907725",0.591770485637659,0.0538292702564338
"ENSG00000235109","ZSCAN31",1.2609163431772,1.7609666111105e-08
"ENSG00000235194","PPP1R3E",-0.338328426831791,0.0965431063015249
"ENSG00000235489",NA,-0.125908811239035,0.621264648838998
"ENSG00000235531","MSC-AS1",-0.52650432397262,0.0139201590956029
"ENSG00000235652","EPM2A-DT",-0.189013763809313,0.428371800739039
"ENSG00000235863","B3GALT4",1.21016289377633,0.00273564664953952
"ENSG00000236456",NA,-0.478758622167441,0.0538255581729509
"ENSG00000236698",NA,-0.304240596461698,0.22279093662913
"ENSG00000236810","ELOA-AS1",0.570589098641322,0.00323964634801732
"ENSG00000236830","CBR3-AS1",-0.341965116199981,0.187887863061565
"ENSG00000237166",NA,0.496959611788516,0.0840567635359643
"ENSG00000237190","CDKN2AIPNL",-0.0433008134505696,0.79191687715146
"ENSG00000237330","RNF223",-0.120103692344584,0.617820430433952
"ENSG00000237499",NA,1.70757527349844,3.93436085857517e-07
"ENSG00000237505","PKN2-AS1",-0.143293077824926,0.537817283057743
"ENSG00000237595","LINC01275",0.66160033127772,0.0416294938249319
"ENSG00000237638","LINC02245",2.8269743786577,2.92917810404489e-05
"ENSG00000237649","KIFC1",-0.175709974389471,0.234852500902399
"ENSG00000237807","LINC02984",2.15037526198966,1.39812900804743e-09
"ENSG00000237819","CDK6-AS1",-1.53006190017037,0.000699387378928656
"ENSG00000237870","LOC102724434",0.294104993059234,0.166936295653462
"ENSG00000237877",NA,-0.849299561632894,0.0218167922923785
"ENSG00000237943","PRKCQ-AS1",-0.512476663520967,0.000716392212996284
"ENSG00000237945","LINC00649",1.11107788683622,0.0102285563330855
"ENSG00000237976","RFX5-AS1",0.149700659548438,0.504405000581033
"ENSG00000238045",NA,0.548737890570467,0.0541571053680024
"ENSG00000238120","LINC01589",2.18747275429728,0.000228107240968314
"ENSG00000238227","TMEM250",0.429768027415876,1.49377172705303e-05
"ENSG00000238287",NA,0.290959758771264,0.219598623327543
"ENSG00000238829","RNU7-45P",-0.13187594349357,0.599435797522297
"ENSG00000239282","CASTOR1",-0.172844413967044,0.481400260051642
"ENSG00000239305","RNF103",0.375204349483352,0.0114663113628604
"ENSG00000239382","ALKBH6",0.30259939891586,0.052424899316985
"ENSG00000239521",NA,1.29277810165145,7.45060532057144e-06
"ENSG00000239617","RPL32P27",0.470692592852487,0.105957062486961
"ENSG00000239887","C1orf226",0.210228917110819,0.348321405967089
"ENSG00000239900","ADSL",-0.271634311052344,0.0136688986682843
"ENSG00000240006",NA,0.601274931043374,0.0544279486444313
"ENSG00000240024",NA,-0.159710379667439,0.294298000693351
"ENSG00000240065","PSMB9",0.350727980070276,0.073724139283615
"ENSG00000240344","PPIL3",-0.398885063508035,0.00143717542148318
"ENSG00000240463",NA,-0.143005164675727,0.4567970224833
"ENSG00000240476","LINC00973",0.423129352758545,0.00444837487473086
"ENSG00000240583","AQP1",1.78666001487803,0.00188021169750156
"ENSG00000240602",NA,6.77127695849414,3.13610481195171e-21
"ENSG00000241015",NA,0.526795345461327,0.000532885587844827
"ENSG00000241352","RPS6P1",0.202047891676677,0.419369869859635
"ENSG00000241399","CD302",0.114641125585942,0.629099219940466
"ENSG00000241553","ARPC4",0.0240093555310222,0.852620346624457
"ENSG00000241635","UGT1A1",-0.0260198423599567,0.92885519773273
"ENSG00000241743",NA,0.20096038683584,0.417911000733929
"ENSG00000241749",NA,1.90638639665598,1.71816651137272e-12
"ENSG00000241794","SPRR2A",-0.0762927519366058,0.764589893306846
"ENSG00000241839","PLEKHO2",-0.0890846065976538,0.650117840110847
"ENSG00000241852","C8orf58",-0.0849160296724048,0.652648248642098
"ENSG00000242086","SDHAP2",0.317243624219254,0.0399212111319072
"ENSG00000242125","SNHG3",-0.183246232103382,0.183449682387452
"ENSG00000242372","EIF6",-0.00332750495534419,0.981828055531507
"ENSG00000242498","ARPIN",-0.0263458333450837,0.918738237524627
"ENSG00000242550","SERPINB10",1.35976848369826,0.0061157530525746
"ENSG00000242715","CCDC169",-0.547537453068129,0.0724125604706305
"ENSG00000242802","AP5Z1",0.0106279792267195,0.960079655006957
"ENSG00000242808","SOX2-OT",-0.144209072311888,0.538750030116853
"ENSG00000242861",NA,0.332538844018919,0.187867559566996
"ENSG00000243156","MICAL3",-0.0265820685314771,0.913592176261472
"ENSG00000243175","RPSAP36",0.342601242351233,0.192044965519198
"ENSG00000243199","RPL6P10",-0.0885578886579868,0.69373535832424
"ENSG00000243317","STMP1",-0.133667861398288,0.0741046734477013
"ENSG00000243477","NAA80",0.265322383329294,0.105493472345275
"ENSG00000243479",NA,-0.027893823880412,0.924823195517407
"ENSG00000243978","RTL9",0.246693015603415,0.309354471371059
"ENSG00000244041","LINC01011",0.102441277312007,0.688646344317153
"ENSG00000244187","TMEM141",0.00441383468774821,0.981984136503797
"ENSG00000244414","CFHR1",0.0493888159351897,0.861448458498308
"ENSG00000244459",NA,0.459269746186777,0.106501444928618
"ENSG00000244541","LINC01213",0.245374944863409,0.3076270585995
"ENSG00000245248","USP2-AS1",-0.540880188357896,0.0401772176983717
"ENSG00000245532","NEAT1",0.829752510773256,0.00021822970390114
"ENSG00000245694","CRNDE",-0.942527566544974,1.48833120901587e-10
"ENSG00000246090","LOC100507053",0.768858969723234,0.0200558307156849
"ENSG00000246263",NA,0.810548685559293,0.0138054837209579
"ENSG00000246731","MGC16275",0.82173495892708,0.00808301568734204
"ENSG00000247134",NA,-0.476691401552808,0.000631593077591394
"ENSG00000247240","UBL7-DT",0.212686483227908,0.126004124846362
"ENSG00000247315","ZCCHC3",-0.106153660309522,0.457662476930758
"ENSG00000247400","DNAJC3-DT",0.424295756962029,0.0214372295771831
"ENSG00000247516","MIR4458HG",0.443705153143725,0.00166650172362455
"ENSG00000247572","CKMT2-AS1",0.386923589941544,0.0286372252500643
"ENSG00000247596","TWF2",-0.0749094349068936,0.62832735796114
"ENSG00000247626","MARS2",-0.419736449928231,0.0379855652990327
"ENSG00000247796","MOCS2-DT",0.677661433565439,5.83658705186753e-06
"ENSG00000248405","PRR5-ARHGAP8",-0.0179386293813728,0.946450467227058
"ENSG00000248527","MTATP6P1",0.363421761692713,0.0207619379132754
"ENSG00000248846",NA,0.917009108622175,0.0204758735340282
"ENSG00000248905","FMN1",0.2545230272041,0.156106184754455
"ENSG00000249069",NA,-0.0299876860792091,0.916160608521772
"ENSG00000249199",NA,0.0365918634047553,0.898427385802534
"ENSG00000249353",NA,-1.11252846233631,9.42085605994472e-05
"ENSG00000249484","LINC01470",-1.50868726741065,6.9689338396442e-07
"ENSG00000249679",NA,0.241259545746526,0.319630932975138
"ENSG00000249815","LINC02945",-0.0403979073933297,0.877774158744075
"ENSG00000249915","PDCD6",0.352724326640957,0.0499170482728019
"ENSG00000250067","YJEFN3",0.17150570137068,0.470142326958882
"ENSG00000250222",NA,0.20687818372071,0.211600973729072
"ENSG00000250280",NA,0.960926592013987,0.00275515500597196
"ENSG00000250317","SMIM20",-0.112681738086581,0.469927149099839
"ENSG00000250486","FAM218A",0.301462157354892,0.229215445634032
"ENSG00000250519",NA,-0.0334378133752555,0.87038924498007
"ENSG00000250532",NA,2.52226748440865,0.000262818660605304
"ENSG00000250548","LINC01303",2.40520045654149,1.07038314423328e-07
"ENSG00000251369","ZNF550",0.215334293038343,0.129914333167524
"ENSG00000251580","LINC02482",0.0562359138878135,0.842868418228767
"ENSG00000251669",NA,0.158822327907973,0.474295601663628
"ENSG00000251768","RNA5SP217",-0.0703794683358269,0.799339536733703
"ENSG00000253130","LOC105379224",2.3234933631051,0.000486472431673638
"ENSG00000253210","DENND3-AS1",0.300447992279855,0.0767179779626092
"ENSG00000253227",NA,1.00617391041671,0.00263949330284732
"ENSG00000253368","TRNP1",0.254889688365342,0.176726414866132
"ENSG00000253704","VIRMA-DT",0.354074735794777,0.185433031667742
"ENSG00000253716","MINCR",-0.250464108583644,0.2240865340952
"ENSG00000253738","OTUD6B-AS1",0.114738092998267,0.248268866516295
"ENSG00000253746",NA,-0.977410504874135,6.46870696679747e-05
"ENSG00000253958","CLDN23",0.0697944297835089,0.79191687715146
"ENSG00000253982","CLN8-AS1",-0.308659592036875,0.0378803904660597
"ENSG00000254093","PINX1",-0.157026817059705,0.261147204874348
"ENSG00000254166","PCAT2",0.165088376599562,0.483490844079254
"ENSG00000254363",NA,-0.525890891416249,0.0723489667994481
"ENSG00000254415","SIGLEC14",1.13897421620596,7.32272290977451e-05
"ENSG00000254536",NA,-0.366721000051253,0.0606714574463808
"ENSG00000254712",NA,-0.0183057932521051,0.943552950807327
"ENSG00000254901","BORCS8",0.253501801692422,0.0173928287215706
"ENSG00000254911","SCARNA9",-1.09637488646246,9.73425039529784e-05
"ENSG00000254986","DPP3",0.247728219310789,0.0172473306112282
"ENSG00000255045",NA,0.0405117484014203,0.878886705976057
"ENSG00000255121",NA,1.09645461453463,0.00233110420682333
"ENSG00000255135","EMSY-DT",-0.375140879209355,0.0355126469223207
"ENSG00000255145",NA,0.34349393219499,0.186384465507893
"ENSG00000255375","LOC107984322",1.8842226323915,0.000133687656816637
"ENSG00000255587","RAB44",0.0417822394734634,0.884622074390242
"ENSG00000255624",NA,0.303927293604493,0.153294212325949
"ENSG00000255837","TAS2R20",-0.726248281893116,0.0178503407914452
"ENSG00000255874","PRECSIT",0.406652435826214,0.00164712607712435
"ENSG00000256061","DNAAF4",-1.14662745055989,0.010613708988488
"ENSG00000256087","ZNF432",0.637322640384649,5.51726220263564e-05
"ENSG00000256235","SMIM3",0.174403184315135,0.349439501878161
"ENSG00000256269","HMBS",-0.162418391294925,0.184163541084195
"ENSG00000256443",NA,0.908655625051046,0.0129699134139661
"ENSG00000256537","SMIM10L1",0.24932686648575,0.00959677468551443
"ENSG00000256571",NA,0.101776261956183,0.685545754365865
"ENSG00000256683","ZNF350",0.461121518001215,0.00883310014054859
"ENSG00000256802","LCIIAR",0.311870627681837,0.117290319341529
"ENSG00000257122",NA,0.16578917020164,0.32948766509879
"ENSG00000257261","SLC38A4-AS1",0.384260633658743,0.134677861830848
"ENSG00000257267",NA,0.142348594682572,0.11807371902556
"ENSG00000257354","MIRLET7IHG",-0.564523097959382,0.02423985339668
"ENSG00000257433",NA,0.958716244959823,0.0119438480087982
"ENSG00000257557","PPP1R12A-AS1",0.487678279414994,0.0435076746848104
"ENSG00000257698","GIHCG",0.0416432752160323,0.830286887786786
"ENSG00000257923","CUX1",-0.0406463609236807,0.808181665819497
"ENSG00000258056","CD63-AS1",0.502235208800731,0.0228054937224896
"ENSG00000258137",NA,-0.0971922935500757,0.685249523278966
"ENSG00000258289","CHURC1",-0.122016422517862,0.270623793645266
"ENSG00000258457",NA,0.911811725549316,0.00166650172362455
"ENSG00000258537","FRMD6-AS1",0.47280637517866,0.0121304606427783
"ENSG00000258568",NA,0.0496958956088547,0.869363490047004
"ENSG00000258791","LINC00520",0.704338705998238,0.00134096100916045
"ENSG00000258819","LINC02289",0.199631137381688,0.393028125652393
"ENSG00000258902",NA,-0.161574709085317,0.521798210898656
"ENSG00000259020",NA,-0.586610353539822,0.0432236258275162
"ENSG00000259330","INAFM2",-0.251777478408076,0.0625824470427171
"ENSG00000259426","KIF23-AS1",0.566481810879837,0.0238771636729598
"ENSG00000259494","MRPL46",0.387368771833205,0.111709496068216
"ENSG00000259585",NA,-0.356996161118191,0.158004470243918
"ENSG00000259630",NA,0.160828054775323,0.506313323690876
"ENSG00000259735",NA,-0.0460373847039062,0.881429220901636
"ENSG00000259768","ZFHX3-AS1",-0.808470890409292,0.000220189845741468
"ENSG00000259781",NA,-0.178243173573907,0.432929148591971
"ENSG00000259828",NA,2.00447509412144,0.000659430828564408
"ENSG00000259867",NA,3.54110552169616,1.21432259244044e-07
"ENSG00000259953",NA,0.816376816661794,0.0123190497963561
"ENSG00000259956","RBM15B",-0.0191852460312116,0.881599469109122
"ENSG00000259994",NA,-0.234397858853965,0.328798027761543
"ENSG00000260001","TGFBR3L",0.193717686541711,0.3580944545853
"ENSG00000260060",NA,-0.130027348857546,0.610103627577461
"ENSG00000260081",NA,0.115088647736212,0.649160098946006
"ENSG00000260193","LINC02846",2.18427696790039,0.000222520413337514
"ENSG00000260257","LOC119746555",-0.724901607949892,6.715434967083e-06
"ENSG00000260274",NA,0.285501061842716,0.174904561421353
"ENSG00000260428","SCX",-0.198017086367737,0.427638386120419
"ENSG00000260459",NA,-0.0307208406115379,0.916657443940068
"ENSG00000260563",NA,0.583212769815046,0.0101702386025961
"ENSG00000260778",NA,0.262632980636073,0.26068705472557
"ENSG00000260806",NA,0.164862481186079,0.436356541194372
"ENSG00000260823",NA,0.863329682399778,0.0232460627992377
"ENSG00000260917","LOC103344931",-1.01752884061294,0.010357358366256
"ENSG00000261008","LINC01572",-0.182802808341105,0.406101329236448
"ENSG00000261040",NA,0.768935948868813,0.00488858577911733
"ENSG00000261104",NA,-0.0196314501449503,0.94186622791049
"ENSG00000261183","SPINT1-AS1",-0.0258412608606512,0.930468683521387
"ENSG00000261211",NA,0.392825125153912,0.152769105971344
"ENSG00000261236","BOP1",0.12503452883377,0.297278277343505
"ENSG00000261253","LOC100287036",0.238703231478441,0.318383428259412
"ENSG00000261268",NA,-0.0477067287799029,0.84761090357791
"ENSG00000261342",NA,0.295307178964441,0.235253738923949
"ENSG00000261474",NA,-0.108305602196296,0.680985227197405
"ENSG00000261777","DDX19A-DT",0.0643248757388928,0.825051552723814
"ENSG00000261780","LINC02582",0.261619606766262,0.285313325738789
"ENSG00000261804",NA,3.01490377770591,9.80621078407415e-06
"ENSG00000261997",NA,0.0993585379104093,0.704759054738168
"ENSG00000262152","GREP1",0.00542356165142038,0.984575850795219
"ENSG00000262165","C17orf114",1.23353178394046,0.00671109416078174
"ENSG00000262580",NA,0.545179464949692,0.0742193121067565
"ENSG00000262712",NA,0.6295217722637,0.0226671859915001
"ENSG00000262714",NA,2.90889611728215,8.54138932413699e-07
"ENSG00000263528","IKBKE",0.019070355931248,0.9401839993412
"ENSG00000264107","MIR4733HG",0.46075526109282,0.0715034774176647
"ENSG00000264920",NA,0.383858546449812,0.0275221235145718
"ENSG00000265354","TIMM23",-0.175341285013873,0.02227130522592
"ENSG00000265458","NARF-AS2",0.105518692994038,0.677543819765363
"ENSG00000265491","RNF115",0.161193966951449,0.0805232784822448
"ENSG00000265641","MIR3929",-0.86922898865588,0.0148172821519018
"ENSG00000265688","MILIP",0.223189089157804,0.157428301967894
"ENSG00000266126",NA,0.146583215246913,0.567315799439229
"ENSG00000266258","LINC01909",-0.031578284160505,0.918932116713144
"ENSG00000266371",NA,0.0523828010264786,0.862754921458401
"ENSG00000266402","SNHG25",1.05917413926489,5.11589194086365e-15
"ENSG00000266412","NCOA4",0.168599185191588,0.0377029772261691
"ENSG00000266473",NA,2.01281956976906,0.00127691548290046
"ENSG00000266680",NA,0.969127285802284,0.00391347885912126
"ENSG00000266801",NA,0.944041730713088,0.0146239271968641
"ENSG00000266970","SOCS3-DT",0.147356792319245,0.547336444737454
"ENSG00000267100","ILF3-DT",0.0434434661197852,0.745905403194778
"ENSG00000267107","PCAT19",1.48911399666596,0.000479161496744442
"ENSG00000267123","SCAT1",0.663299778970685,0.0190132435248668
"ENSG00000267248","LOC100996660",0.470837481678647,0.0945363167615167
"ENSG00000267249",NA,0.204015123222052,0.307089586718876
"ENSG00000267279",NA,1.16214167634808,1.77956484745217e-05
"ENSG00000267301","RPL23AP77",0.608985106898583,0.053941964531214
"ENSG00000267419",NA,0.440518296956263,0.0752840130409241
"ENSG00000267453",NA,0.0526678149859675,0.843851899904487
"ENSG00000267534","S1PR2",0.493935833194408,0.0113607039944954
"ENSG00000267736",NA,-0.0578133227784866,0.824642907397425
"ENSG00000267750",NA,0.740987599551946,0.0258332643658217
"ENSG00000267778",NA,0.17618861716241,0.474832618508049
"ENSG00000267852",NA,0.0751070251681825,0.766320374014637
"ENSG00000267858","CENPBD2P",0.53208490272506,0.00525076913457593
"ENSG00000267892",NA,0.223919889653575,0.367828800280619
"ENSG00000267904",NA,-0.261724931712494,0.205533827487309
"ENSG00000268516","ZNF8-DT",0.253647984910348,0.158047056036358
"ENSG00000268798",NA,-0.796100765126906,0.0004685184494847
"ENSG00000268812","LIF-AS2",1.62846410067421,0.00321497350014657
"ENSG00000268996","MAN1B1-DT",-0.0162231549918635,0.942725516133674
"ENSG00000269190","FBXO17",-0.381467977118571,0.0396742548103406
"ENSG00000269246",NA,1.58783283706313,7.30783022239154e-12
"ENSG00000269343","ZNF587B",0.273433659995319,0.0720506436849565
"ENSG00000269837",NA,-0.0486290042925633,0.873565479791852
"ENSG00000269918",NA,-0.0797211642546313,0.746399215330416
"ENSG00000269924",NA,0.158339687015225,0.53168856699417
"ENSG00000269925",NA,0.210678980268812,0.362028239919616
"ENSG00000269929","MIRLET7A1HG",-0.298060636904275,0.107677479985005
"ENSG00000269947",NA,-0.0889147316138502,0.74150157302854
"ENSG00000269973",NA,-0.174103667443648,0.174573169915426
"ENSG00000269976",NA,3.22074680703766,1.39944451977523e-06
"ENSG00000270049","ATP6V0D1-DT",0.693308341780943,0.000587105469864907
"ENSG00000270062",NA,-0.908408610727433,0.00744254119377102
"ENSG00000270069",NA,-0.196018302621288,0.376506782716774
"ENSG00000270127",NA,-0.136550174710292,0.577317853792092
"ENSG00000270177",NA,0.119663298858487,0.644337751712582
"ENSG00000270533",NA,-0.230886175527182,0.324877982511828
"ENSG00000270574",NA,0.0131843878450159,0.962980730262103
"ENSG00000270607",NA,0.486359640498223,0.09910201269074
"ENSG00000270629","NBPF14",0.194179483192443,0.365340615906407
"ENSG00000271122","HERPUD2-AS1",0.198604571716728,0.134126515448012
"ENSG00000271614","ATP2B1-AS1",-0.0821428698642302,0.74602924648571
"ENSG00000271643","PDCD6IP-DT",0.532976409085771,0.00389249798757631
"ENSG00000271781",NA,1.09566505890838,0.000299323221451568
"ENSG00000271936",NA,0.481915865626199,0.0172144914681795
"ENSG00000272008","LOC124901355",-0.0804314318105013,0.767717690632064
"ENSG00000272068",NA,0.591190243777496,0.00937860119581681
"ENSG00000272079",NA,-0.240770124708833,0.337208468123037
"ENSG00000272143","FGF14-AS2",-0.55571493887298,0.0473683404396117
"ENSG00000272168","LOC105374971",0.600030161589692,0.0224579474055479
"ENSG00000272172",NA,0.183171040978544,0.430261539322817
"ENSG00000272182",NA,-1.04048935837522,0.00232022813693127
"ENSG00000272330",NA,0.567101191009107,0.0363532253930337
"ENSG00000272333","KMT2B",0.330232147400736,0.00510910122070262
"ENSG00000272335",NA,-0.186751325108218,0.344218897537058
"ENSG00000272405",NA,0.207127029809758,0.276850582798956
"ENSG00000272468",NA,0.444188472107861,0.0549761965439413
"ENSG00000272574",NA,0.0812781086680584,0.771504807034872
"ENSG00000272582",NA,0.123894974413147,0.626990594270696
"ENSG00000272627",NA,0.140733096821854,0.556335539033019
"ENSG00000272688",NA,0.599384468450283,0.0203963866388377
"ENSG00000272707",NA,-0.373226758740703,0.0409350557530981
"ENSG00000272711","HK2-DT",-0.287783730695511,0.030204982571917
"ENSG00000272750",NA,0.0254129813192448,0.929807074116013
"ENSG00000272758","WDR5B-DT",0.220367826773305,0.303974517079838
"ENSG00000272779",NA,0.250939295310056,0.243571355072919
"ENSG00000272824",NA,-0.284501186363019,0.239347702939102
"ENSG00000272888",NA,-0.486135070254488,6.38446402759895e-09
"ENSG00000273117","INSIG1-DT",0.0658008213684241,0.774647055614413
"ENSG00000273136","NBPF26",0.222071681331946,0.306638718288045
"ENSG00000273156",NA,-1.51376204405202,3.9230524290499e-06
"ENSG00000273174",NA,1.03952513753237,0.00729059198010369
"ENSG00000273199",NA,2.20842298728857,2.81811215950995e-11
"ENSG00000273247","RAB33B-AS1",0.485240959307635,0.0113125646175594
"ENSG00000273344","PAXIP1-DT",0.115301089347783,0.571839087002504
"ENSG00000273382",NA,0.622695028743686,0.00396954971445429
"ENSG00000273416",NA,-0.170784310993857,0.497040203168875
"ENSG00000273568",NA,0.655760724672802,0.00262241661844243
"ENSG00000273669",NA,1.04790400437062,0.000110576892786791
"ENSG00000273702",NA,0.0330982561859969,0.916794121381182
"ENSG00000273727","LOC124904631",0.0855379570465908,0.746842074175353
"ENSG00000273899","NOL12",0.353386727767491,0.0181738874005387
"ENSG00000274015","LOC105370532",0.281178260345509,0.115691194667124
"ENSG00000274173",NA,-0.119078661536601,0.62027454102075
"ENSG00000274211","SOCS7",-0.063700293070328,0.654119140826188
"ENSG00000274238",NA,0.10549586730035,0.655314625816851
"ENSG00000274443","C8orf89",1.51159875019292,0.000673751859182394
"ENSG00000274528",NA,0.635092706938698,0.00138828918322285
"ENSG00000274964",NA,-1.22482887518876,0.00863430042084585
"ENSG00000275066","SYNRG",0.0746726156377582,0.463266733524093
"ENSG00000275074","NUDT18",-0.132739290555092,0.591577841374
"ENSG00000275234",NA,-0.0196108515182477,0.943168021643821
"ENSG00000275291","RNVU1-26",0.358086008848394,0.0540978155805155
"ENSG00000275479",NA,1.32814296612659,0.002734100534267
"ENSG00000275484",NA,0.0147661587704436,0.959543781059733
"ENSG00000275580",NA,-0.170879134935624,0.485245948793989
"ENSG00000275713","H2BC9",-0.0231045974040598,0.936228915557056
"ENSG00000275719",NA,-0.191400028896761,0.418094239795782
"ENSG00000275764",NA,-0.175181859070355,0.317528904352733
"ENSG00000275832","ARHGAP23",0.102862255388178,0.473550530249356
"ENSG00000275835","TUBGCP5",-0.159671905708828,0.230270065075799
"ENSG00000276043","UHRF1",-0.651542995506731,0.000101723974180791
"ENSG00000276115",NA,-0.0297011220220312,0.923446525831743
"ENSG00000276116",NA,-0.103423806351725,0.691974281645723
"ENSG00000276542",NA,-0.0269938831356976,0.924831928335451
"ENSG00000276564",NA,0.178362764730627,0.46804493822396
"ENSG00000277161","PIGW",-0.116183356701612,0.438208945245744
"ENSG00000277215","SPANXA2-OT1",-0.0552855765740024,0.85386522300787
"ENSG00000277283","RAB35-AS1",-0.403963728255065,0.0585626097557979
"ENSG00000277287",NA,0.354761552190105,0.183827545558402
"ENSG00000277443","MARCKS",-0.0616991430335206,0.820078372038309
"ENSG00000277453",NA,0.627565033803313,0.0547102368742342
"ENSG00000277597",NA,0.367046513353237,0.173037424877476
"ENSG00000277938",NA,-0.833534086777064,0.00644326300758501
"ENSG00000278126",NA,-0.120283215718044,0.615778022881574
"ENSG00000278238","CKAP2-DT",0.892805037064729,0.00228182407757326
"ENSG00000278463","H2AC4",-0.145307010052207,0.558274062537143
"ENSG00000278493",NA,-0.127717901115189,0.617064992728333
"ENSG00000278611","ZNF426-DT",0.288987543997602,0.2494485736991
"ENSG00000278700",NA,0.543242717033501,0.074324666556277
"ENSG00000278818",NA,0.0345602125561984,0.914284211999347
"ENSG00000278869",NA,0.378681910436998,0.164410200563284
"ENSG00000278970","ZFP62",-0.300687862056451,0.0368496488457364
"ENSG00000279088","LOC124902453",0.538336998019166,0.000246618424348175
"ENSG00000279141","LINC01451",0.244566259497021,0.305921198899057
"ENSG00000279207",NA,-0.0361250595420293,0.908095594642189
"ENSG00000279307","NDUFAF2P1",-0.407310837456663,0.141153456166773
"ENSG00000279348",NA,-0.297340825800436,0.221072999449609
"ENSG00000279407",NA,1.26677552611613,4.10536420860488e-06
"ENSG00000279453",NA,-0.14066087236684,0.52193067551133
"ENSG00000279481",NA,-0.090446861101377,0.726312178107425
"ENSG00000279502",NA,0.577525538524991,0.0416442303595639
"ENSG00000279598",NA,-0.0810546441070979,0.769188506421898
"ENSG00000279673",NA,0.745848496413643,0.00013089884416816
"ENSG00000279766",NA,0.80468023924681,0.0243010070442552
"ENSG00000279901",NA,0.0571238336942452,0.84574848659618
"ENSG00000279946",NA,-0.0284969430427588,0.923348492320605
"ENSG00000280010",NA,-0.102303174335773,0.697754568036476
"ENSG00000280027",NA,0.0381126762360338,0.895599583596295
"ENSG00000280208",NA,0.440329997555007,0.0750470614918146
"ENSG00000280213","UCKL1-AS1",0.857694537002849,0.0118320070007993
"ENSG00000280269",NA,0.859379037211349,0.0224557993213758
"ENSG00000280287",NA,0.259564676237902,0.289567649038316
"ENSG00000281501",NA,0.394263028952752,0.0138181896077029
"ENSG00000282988",NA,0.169127320474897,0.500694123272819
"ENSG00000283023",NA,0.0730483593361138,0.632247021726562
"ENSG00000283045",NA,0.155558242289068,0.535736387922187
"ENSG00000283196",NA,-0.466750629141858,0.0236009500813961
"ENSG00000283294",NA,1.3330874998057,0.000338167854251812
"ENSG00000283376",NA,0.332849956080426,0.186570793185897
"ENSG00000283498","MIR1244-2",-0.123638691015298,0.468510522191398
"ENSG00000283511",NA,-0.0231050859006802,0.935329734234164
"ENSG00000283646","LINC02009",0.725268922909294,0.00492429961073518
"ENSG00000283930",NA,-0.0664377214294438,0.820078372038309
"ENSG00000284194","SCO2",0.421807915188488,3.36093044805175e-05
"ENSG00000285517","LOC645485",-0.220312040566378,0.204829927592529
"ENSG00000285533","RELA-DT",-0.27868316236962,0.235185769619205
"ENSG00000285596",NA,0.0983403573408597,0.710997726265359
"ENSG00000285756","LOC389906",0.0489916459551861,0.779371124048102
"ENSG00000285796",NA,-0.0492424895668349,0.869363490047004
"ENSG00000285820",NA,-0.0283703785889069,0.922925172555722
"ENSG00000285872","LOC101929691",1.89461034804668,0.00011001153206406
"ENSG00000285967","NIPBL-DT",-0.440371920737153,0.00081943215072351
"ENSG00000286010","LOC105375754",-0.0310410945508407,0.916710464360696
"ENSG00000286042","LCAL1",0.0419949235104847,0.881985861997964
"ENSG00000286048",NA,2.79701437330167,2.45699528080404e-07
"ENSG00000286133",NA,-0.0221484095545879,0.937321741110283
"ENSG00000286162","LOC124902114",0.226378899800316,0.323319361027351
"ENSG00000286324",NA,-0.0589750723626526,0.81986724613675
"ENSG00000286519",NA,0.113347010927737,0.63942427267785
"ENSG00000286707",NA,1.05892813385715,0.0134795034488627
"ENSG00000286863",NA,-0.502422733242859,0.0792247009206783
"ENSG00000287093",NA,1.67888445988261,0.0022280263422106
"ENSG00000287175",NA,0.724416173888628,0.0318098932219063
"ENSG00000287222",NA,-0.0202074915216428,0.94186622791049
"ENSG00000287260","LOC101928868",0.380872583863559,0.0621555130669197
"ENSG00000287331",NA,0.196296646338789,0.396694555259995
"ENSG00000287692",NA,0.830208961361287,0.0232997503558195
"ENSG00000287750","LINC03026",2.22984386793116,4.9741176733016e-06
"ENSG00000287808",NA,0.0124422309861675,0.965890476244093
"ENSG00000287902",NA,-0.0389749714168416,0.891924519355433
"ENSG00000287906",NA,-0.0279990305829057,0.924542341134331
"ENSG00000287910",NA,0.71343253529019,0.037720985223669
"ENSG00000287917","LOC105369344",0.642334514339513,0.0425014411144118
"ENSG00000287963",NA,-0.0686253293595514,0.792385348398909
"ENSG00000287966",NA,0.0462223927216075,0.870161900451051
"ENSG00000288012",NA,0.121302543179456,0.615778022881574
"ENSG00000288093",NA,0.21445593217296,0.392277268143887
"ENSG00000288398",NA,1.0193790626401,5.56507939173733e-05
"ENSG00000288558","DUS4L-BCAP29",-0.421315011709621,0.00530316604511155
"ENSG00000288736",NA,1.75813056571678,0.000673483197497157
"ENSG00000288752",NA,0.139196540918298,0.405378029702651
"ENSG00000288915","LOC107984202",0.0338867527034219,0.906250227832137
"ENSG00000288953",NA,0.333528654696591,0.128896470878891
"ENSG00000289048",NA,-0.0260490346683053,0.929574024317683
"ENSG00000289062",NA,0.0322530360211584,0.913592176261472
"ENSG00000289085",NA,0.778094388498165,0.00984230724393567
"ENSG00000289086",NA,0.543138505179045,0.075720732306294
"ENSG00000289094",NA,-0.311760159118644,0.223407198856816
"ENSG00000289138",NA,0.0138411281207108,0.961011651601215
"ENSG00000289164",NA,0.898905690904838,0.000468568167190298
"ENSG00000289168","LOC124904294",0.907240932540916,0.0202427978237854
"ENSG00000289234","ZNF496-DT",-0.246349252400593,0.125028522837682
"ENSG00000289298",NA,2.50271262415573,3.84659143194717e-05
"ENSG00000289353",NA,-0.471431181333669,0.000340351925808692
"ENSG00000289372",NA,-0.0267979847154287,0.931097272106019
"ENSG00000289401",NA,-0.47699542436462,0.102996452335721
"ENSG00000289423",NA,0.529362263884177,0.0813667400073944
"ENSG00000289437",NA,0.18176800015627,0.401740603231991
"ENSG00000289579",NA,0.711542115399251,0.00682273437492267
"ENSG00000289609","LOC124901321",-0.510157603984627,0.0486325309782651
"ENSG00000289641",NA,0.352597398004017,0.18751363312032
"ENSG00000289833",NA,0.344050711162923,0.181864603282192
"ENSG00000289942",NA,-0.233028542797011,0.342058220824424
"ENSG00000290048",NA,-0.136948188135506,0.577540508542922
"ENSG00000290085",NA,-0.0360294402339664,0.902207877181207
"ENSG00000290105",NA,-0.123263811818974,0.566187986688452
"ERCC-00059",NA,0.287772122362322,0.231715753632339
"ERCC-00112",NA,0.605342956020407,0.046711818389133
