"ENSEMBL","SYMBOL_wt","log2FC_wt","padj_wt","SYMBOL_KO","log2FC_KO","padj_KO"
"ENSG00000002549","LAP3",-0.360348016871608,0.00777849305222124,"LAP3",-0.536145277051547,3.85378421394575e-06
"ENSG00000004864","SLC25A13",-0.374483930126501,9.76823958540049e-05,"SLC25A13",-0.291513470502669,0.000382670756206097
"ENSG00000005156","LIG3",-0.432708321592048,1.46754457588356e-05,"LIG3",-0.447117076418274,9.40123076262329e-08
"ENSG00000005810","MYCBP2",-0.337507615097791,0.00729231466059843,"MYCBP2",-0.381995366462104,0.000347638555444843
"ENSG00000006607","FARP2",-0.267136842226808,0.0334608688727095,"FARP2",-0.427673379688787,2.86062880313288e-05
"ENSG00000006634","DBF4",-0.559435377496646,4.77357752500175e-06,"DBF4",-0.537881533519719,6.22514111907853e-08
"ENSG00000006715","VPS41",-0.276679098927133,0.0286687679901249,"VPS41",-0.54868419937534,3.35883447159239e-07
"ENSG00000007392","LUC7L",-0.277712236582878,0.0168591947934398,"LUC7L",-0.429519039076476,2.54043530352871e-06
"ENSG00000007968","E2F2",-0.988933670508121,9.63489339250893e-06,"E2F2",-0.359790954155544,0.0369844903474461
"ENSG00000008441","NFIX",-0.277205744516784,0.0436914702959501,"NFIX",-0.415095784021648,0.000321409816650453
"ENSG00000009307","CSDE1",-0.143431043330803,0.0168215544872564,"CSDE1",-0.235572888932627,1.22892875437166e-07
"ENSG00000009954","BAZ1B",-0.397905716774095,0.00040638088508105,"BAZ1B",-0.488311629431723,1.58387742151531e-07
"ENSG00000010219","DYRK4",-0.851946678795997,5.40511011483806e-08,"DYRK4",-0.951589244017048,5.43693478712096e-14
"ENSG00000010803","SCMH1",-1.09703131837804,3.04666441905868e-10,"SCMH1",-1.22798206011566,5.24482015157174e-17
"ENSG00000011478","QPCTL",-0.550825193489688,0.0055381850569525,"QPCTL",-0.489908300755572,0.00549414053844915
"ENSG00000013374","NUB1",-0.227619260529673,0.0375706189923176,"NUB1",-0.254278024570741,0.0044884824797478
"ENSG00000013503","POLR3B",-0.562057033979422,1.4323226888137e-06,"POLR3B",-0.519995112155084,1.55265836674181e-07
"ENSG00000013583","HEBP1",-0.294716760828204,0.00799034065190321,"HEBP1",-0.352119330499063,0.000143634644430862
"ENSG00000015153","YAF2",-0.401525048760065,0.00109652756289197,"YAF2",-0.454770355586914,1.07537973330502e-05
"ENSG00000015171","ZMYND11",-0.311369556339669,0.000497616012899039,"ZMYND11",-0.352747967420241,1.22771752303548e-06
"ENSG00000015676","NUDCD3",-0.227703612146281,0.0127347503633863,"NUDCD3",-0.499984936449282,3.22189225662547e-12
"ENSG00000021826","CPS1",-1.90559921257917,6.11254191096758e-08,"CPS1",-2.51566744101931,6.47552985993941e-12
"ENSG00000023041","ZDHHC6",-0.31315550731087,0.0142787238874383,"ZDHHC6",-0.553385169102776,1.35687632212437e-07
"ENSG00000023228","NDUFS1",-0.251611588951795,0.0154123053372524,"NDUFS1",-0.183750499739579,0.0432162167270747
"ENSG00000027001","MIPEP",-0.765781796190554,3.93350698308908e-06,"MIPEP",-1.18346083098593,3.02004191511629e-16
"ENSG00000029363","BCLAF1",-0.43148063656265,7.75303144407168e-06,"BCLAF1",-0.299742408900339,0.000256422708979435
"ENSG00000032742","IFT88",-0.460018137045452,0.00469230935489537,"IFT88",-1.02964320017724,1.11406706600346e-11
"ENSG00000033170","FUT8",-0.823224458346136,2.8414647980123e-05,"FUT8",-1.33892474474678,1.62301014342331e-14
"ENSG00000035141","FAM136A",-0.332040301206004,0.000380322961285784,"FAM136A",-0.397569469592538,5.92072849802232e-08
"ENSG00000035681","NSMAF",-0.495899876338747,4.93376620641634e-06,"NSMAF",-0.43272324406297,2.15785298408369e-06
"ENSG00000037897","METTL1",-0.328849044862799,0.0145502372676005,"METTL1",-0.263012062025703,0.0244109294460036
"ENSG00000037965","HOXC8",-0.299694003514424,0.0340929930412927,"HOXC8",-0.563069515522374,1.46821303093091e-06
"ENSG00000038210","PI4K2B",-0.62536077717942,0.000697335031452602,"PI4K2B",-1.14829835966384,2.35470392917227e-11
"ENSG00000038295","TLL1",-0.719632583053116,0.00320313413797556,"TLL1",-0.913544485262529,2.1098966343716e-05
"ENSG00000039123","MTREX",-0.254519330191903,0.0118699911844537,"MTREX",-0.184318404694256,0.0335703739821697
"ENSG00000040341","STAU2",-0.408724599160464,0.028671622599609,"STAU2",-0.942840014922933,3.28752010890326e-07
"ENSG00000044574","HSPA5",-0.206998230874912,0.0467276683735874,"HSPA5",-0.437956301817306,2.91700690430957e-08
"ENSG00000046647","GEMIN8",-0.37076244665404,0.0324979628491463,"GEMIN8",-0.536875220515926,0.000921969408471771
"ENSG00000048028","USP28",-0.297388605609497,0.015375894934918,"USP28",-0.229260169728914,0.0317629838272748
"ENSG00000048162","NOP16",-0.407038072404612,1.13490070782844e-05,"NOP16",-0.33961949506264,9.9613264896059e-06
"ENSG00000048828","FAM120A",-0.301513751789632,7.57765462316815e-05,"FAM120A",-0.2858866995991,4.84765300719065e-06
"ENSG00000048991","R3HDM1",-0.617424137862216,1.2504488525928e-08,"R3HDM1",-0.839602655752301,1.18050061006739e-20
"ENSG00000049167","ERCC8",-0.340568153428521,0.0186975114526939,"ERCC8",-0.328777841726478,0.00991052909902832
"ENSG00000049239","H6PD",-0.489724567050063,0.0484071444021925,"H6PD",-1.91155572911082,5.40417703915988e-08
"ENSG00000049323","LTBP1",-1.29490961038829,8.66096602490899e-05,"LTBP1",-3.22576222013865,9.25414253169224e-29
"ENSG00000050748","MAPK9",-0.482342278948145,3.27145425833038e-07,"MAPK9",-0.416035472065654,1.01000947565459e-07
"ENSG00000051825","MPHOSPH9",-0.425252207309224,0.00418993530414062,"MPHOSPH9",-0.625002367531315,2.43462703724809e-07
"ENSG00000053372","MRTO4",-0.463025382901739,1.49714044512224e-06,"MRTO4",-0.50961788385334,7.84198373685909e-11
"ENSG00000053770","AP5M1",-0.417729495007297,0.000721892279365878,"AP5M1",-0.285006770142385,0.0112892066430535
"ENSG00000054118","THRAP3",-0.437063730453616,2.35937832990985e-08,"THRAP3",-0.664305690271053,2.0801712090149e-25
"ENSG00000054219","LY75",-1.21225309487137,0.000241765539993457,"LY75",-0.842984577610576,0.00382213825206646
"ENSG00000054282","SDCCAG8",-0.384703325383859,0.00741432771263251,"SDCCAG8",-0.770333497650267,7.58199744217528e-10
"ENSG00000054611","TBC1D22A",-0.295102509048415,0.0474755735088197,"TBC1D22A",-0.47652194664927,0.00038845224958304
"ENSG00000055044","NOP58",-0.251617059666635,0.00497103703672551,"NOP58",-0.405541022762121,6.98197247792667e-09
"ENSG00000056097","ZFR",-0.248311065294951,0.0166962882271255,"ZFR",-0.253195827114999,0.00274007271135944
"ENSG00000057757","PITHD1",-0.500080991084582,2.35679363462574e-05,"PITHD1",-0.443155634796997,6.4669909932061e-06
"ENSG00000058056","USP13",-0.455061542760621,0.000179263644856626,"USP13",-0.259918192332428,0.0104169188282411
"ENSG00000058091","CDK14",-0.294067073688683,0.0233764849433256,"CDK14",-0.440806950768399,7.58788704074437e-05
"ENSG00000059573","ALDH18A1",-0.496682512064551,3.58126513083324e-05,"ALDH18A1",-0.422069769964829,3.33003587070304e-05
"ENSG00000060688","SNRNP40",-0.296873675335173,0.0439209353738168,"SNRNP40",-0.302688432544465,0.0145119874850481
"ENSG00000060762","MPC1",-0.552462822588967,9.51279991694587e-05,"MPC1",-0.7392295715094,2.13200011184996e-09
"ENSG00000064199","SPA17",-0.850526151085539,1.29347237564223e-06,"SPA17",-1.18187152661574,2.76971502477909e-15
"ENSG00000064313","TAF2",-0.231023336989537,0.00933388520830546,"TAF2",-0.23331423471104,0.0013525747131257
"ENSG00000064651","SLC12A2",-0.236769563034971,0.0225290232413914,"SLC12A2",-0.365588847544149,6.04590281592799e-06
"ENSG00000064692","SNCAIP",-0.739154855631242,0.0273584192378158,"SNCAIP",-1.30936963543117,0.00519283078257919
"ENSG00000065150","IPO5",-0.339831715216345,7.09765234224001e-05,"IPO5",-0.424943298849952,1.10566969673177e-09
"ENSG00000065183","WDR3",-0.337406896170844,1.33491342300523e-05,"WDR3",-0.247308156153478,0.000152931801257732
"ENSG00000065268","WDR18",-0.212130781084107,0.0413127202110689,"WDR18",-0.34274031939837,1.93257513804849e-05
"ENSG00000065413","ANKRD44",-0.571688863942199,0.027570402413136,"ANKRD44",-1.71192221071436,1.07304522727433e-05
"ENSG00000065833","ME1",-0.336445138049355,0.0159592974058362,"ME1",-0.700637550227949,7.55992939139319e-09
"ENSG00000065978","YBX1",-0.346768869881464,0.00572131343384621,"YBX1",-0.663224212008245,1.82058400540783e-10
"ENSG00000066933","MYO9A",-0.577297730235945,1.04306916729427e-06,"MYO9A",-1.01777731460971,3.3197989755744e-21
"ENSG00000067334","DNTTIP2",-0.25744553748994,0.0412361207906186,"DNTTIP2",-0.509544794736919,4.20551527901996e-07
"ENSG00000068024","HDAC4",-0.655558358048176,0.00324936752134869,"HDAC4",-0.844747391100381,4.07286426072797e-05
"ENSG00000068097","HEATR6",-0.258676892534247,0.0207943494578147,"HEATR6",-0.285581991061505,0.00211920117066008
"ENSG00000069275","NUCKS1",-0.41346599678147,0.000229938814114333,"NUCKS1",-0.664062100484609,7.56982859091659e-13
"ENSG00000069956","MAPK6",-0.454729693373309,2.77866195255468e-07,"MAPK6",-0.528042671416567,4.99996945642503e-13
"ENSG00000070214","SLC44A1",-0.418787463508478,6.8837826093204e-06,"SLC44A1",-0.713097565168381,3.15856429489377e-20
"ENSG00000070756","PABPC1",-0.403964709623998,0.000790941036270225,"PABPC1",-0.358063784426278,0.000481660036214442
"ENSG00000070785","EIF2B3",-0.388591727338565,0.0011691980512588,"EIF2B3",-0.458746688580637,5.58532803764132e-06
"ENSG00000071189","SNX13",-0.325524573773671,0.019601600643856,"SNX13",-0.360277707541572,0.00432938782030126
"ENSG00000071242","RPS6KA2",-0.428131841184302,0.0338628136922738,"RPS6KA2",-0.664597254431943,0.00102270822906193
"ENSG00000071626","DAZAP1",-0.248980145514501,0.0019129030639087,"DAZAP1",-0.325436010311837,2.73972389328083e-07
"ENSG00000072041","SLC6A15",-0.263203632158156,0.0330414760670624,"SLC6A15",-0.35120435275819,0.000450831666861278
"ENSG00000072210","ALDH3A2",-0.435595574277135,0.000646897292182917,"ALDH3A2",-0.667564969802409,6.00425736281232e-10
"ENSG00000072310","SREBF1",-0.429504850471286,0.0467276683735874,"SREBF1",-1.11170697931519,3.97859710948765e-06
"ENSG00000072756","TRNT1",-0.290277138210992,0.0105707820420917,"TRNT1",-0.303612742433554,0.00158553654978929
"ENSG00000073060","SCARB1",-0.48825609238557,9.69419042067489e-05,"SCARB1",-0.501245993233608,2.94300667066583e-06
"ENSG00000073282","TP63",-0.91162967148517,3.01362094878235e-07,"TP63",-1.10812612477903,1.24074639765869e-13
"ENSG00000074201","CLNS1A",-0.302153422296704,0.00462491979179918,"CLNS1A",-0.307603466800045,0.000542798061120693
"ENSG00000074410","CA12",-0.74668118355983,6.09556373168863e-07,"CA12",-0.527135408561147,1.27760845939024e-05
"ENSG00000074657","ZNF532",-0.286072068628564,0.0464051841621155,"ZNF532",-0.540176692947353,2.34515137958996e-05
"ENSG00000074696","HACD3",-0.218977234564023,0.0248442539323586,"HACD3",-0.498359132269674,1.79495549435219e-11
"ENSG00000074800","ENO1",-0.297418444073994,0.00101386541106257,"ENO1",-0.430498962369908,2.95458813813151e-09
"ENSG00000075151","EIF4G3",-0.387695867907958,0.00172522419706175,"EIF4G3",-0.700075669488453,2.66372809107708e-11
"ENSG00000075945","KIFAP3",-0.298001410691129,0.0185657938350794,"KIFAP3",-0.388823100558918,0.000388050356108606
"ENSG00000076003","MCM6",-0.936227444198237,2.56168315227663e-11,"MCM6",-0.951673677428057,7.50012764420511e-17
"ENSG00000076248","UNG",-0.622878084445705,4.38425319850948e-08,"UNG",-0.27517432126662,0.00462318611651096
"ENSG00000076770","MBNL3",-0.605413033835091,0.000339722990916064,"MBNL3",-0.796445324245217,2.42570078429724e-07
"ENSG00000077232","DNAJC10",-0.229760563223553,0.0134998998534791,"DNAJC10",-0.377060558175451,2.39906725923603e-07
"ENSG00000077458","FAM76B",-0.50243847610062,0.00252452840384525,"FAM76B",-0.77890141342835,9.69703027007608e-08
"ENSG00000078070","MCCC1",-0.379545842610857,0.0121574865626377,"MCCC1",-0.405449468617143,0.00562173452255925
"ENSG00000078124","ACER3",-0.298881540029019,0.0204713240089081,"ACER3",-0.364035836769291,0.000671118412056033
"ENSG00000078399","HOXA9",-0.608796634521706,8.51163154685418e-05,"HOXA9",-0.681453243661716,2.77006711947604e-07
"ENSG00000078618","NRDC",-0.293450105549185,0.00244476138980561,"NRDC",-0.524655078402713,1.22350669454668e-11
"ENSG00000079156","OSBPL6",-0.521682913714212,9.07402260545605e-05,"OSBPL6",-0.669227855075935,6.81469249964331e-11
"ENSG00000079387","SENP1",-0.319965980449297,0.00808877538042985,"SENP1",-0.548043919624726,1.83517260379098e-08
"ENSG00000079739","PGM1",-0.444312895796066,0.000854967326442096,"PGM1",-0.780910347515251,3.92639965351395e-12
"ENSG00000079819","EPB41L2",-0.474433132482151,5.39132419329213e-06,"EPB41L2",-0.824409614832909,8.20542212407826e-23
"ENSG00000080298","RFX3",-0.613852554674685,0.00395107250765301,"RFX3",-0.864838195877954,2.53157501347859e-05
"ENSG00000080503","SMARCA2",-0.38376357974617,0.00125818041960218,"SMARCA2",-0.496527581512495,4.20081206755505e-07
"ENSG00000080608","PUM3",-0.280927368758023,0.000367755712953111,"PUM3",-0.425716401620229,8.44642803175751e-12
"ENSG00000081026","MAGI3",-0.310762700712636,0.0247235148826374,"MAGI3",-0.85210339967873,6.04017376409967e-13
"ENSG00000081803","CADPS2",-2.04257190046546,5.67389495112387e-13,"CADPS2",-1.90305784725529,7.81716962825612e-14
"ENSG00000082068","WDR70",-0.301991890809162,0.0280025775631101,"WDR70",-0.558294844445912,1.7253894286704e-06
"ENSG00000082074","FYB1",-0.871272998347666,0.00147472042078391,"FYB1",-0.749509289566915,0.00171009108503025
"ENSG00000082516","GEMIN5",-0.442720121509739,5.87342928854592e-06,"GEMIN5",-0.279050052212175,0.000904399960273728
"ENSG00000082641","NFE2L1",-0.268023303625533,0.014022497776785,"NFE2L1",-0.301550826973096,0.00124468053283765
"ENSG00000083123","BCKDHB",-0.920043836256086,0.00161941913414685,"BCKDHB",-1.20051725470343,3.05326420287974e-05
"ENSG00000083544","TDRD3",-0.596523744022599,0.000109394631832008,"TDRD3",-0.751580375107183,2.44194768824672e-08
"ENSG00000083720","OXCT1",-0.387853380821668,0.00427232949441286,"OXCT1",-0.676351705471589,7.16630346534226e-09
"ENSG00000084090","STARD7",-0.243720905911913,0.0249715379585871,"STARD7",-0.243499350472858,0.00636484481951715
"ENSG00000084676","NCOA1",-0.350538366806597,0.0324979628491463,"NCOA1",-0.362813913560357,0.0197150870604882
"ENSG00000084754","HADHA",-0.264171850192487,0.000309041512814308,"HADHA",-0.186211150946468,0.00299389383972546
"ENSG00000084774","CAD",-0.317497886564695,0.00397550624885224,"CAD",-0.393571348082979,1.03439225693987e-05
"ENSG00000085224","ATRX",-0.335970553645657,0.00151665402794242,"ATRX",-0.622048243588838,7.03196943812743e-13
"ENSG00000085377","PREP",-0.251432463215825,0.0313639514005207,"PREP",-0.199577379855695,0.0447209917027156
"ENSG00000085415","SEH1L",-0.325927983005769,0.002946992356239,"SEH1L",-0.309712912168207,0.000712190456684136
"ENSG00000085511","MAP3K4",-0.375058971303908,0.000262613185902241,"MAP3K4",-0.30476635377984,0.000509363955771269
"ENSG00000085840","ORC1",-0.428475719979094,0.0122932749375592,"ORC1",-0.448885490214855,0.001776146773863
"ENSG00000086570","FAT2",-1.11496292890777,0.00119432993061994,"FAT2",-1.97723869561351,3.57124723472314e-09
"ENSG00000087269","NOP14",-0.261155410864348,0.000270463032507359,"NOP14",-0.228800437187865,9.66979274100085e-05
"ENSG00000087338","GMCL1",-0.359265790145968,0.00150501876401543,"GMCL1",-0.560653884963888,4.9834269186425e-09
"ENSG00000087842","PIR",-0.977480845097347,2.08276245018497e-08,"PIR",-0.75489898275726,1.63971924152614e-07
"ENSG00000088205","DDX18",-0.181276197475732,0.00641703095981567,"DDX18",-0.206284791878534,5.44519301026586e-05
"ENSG00000088682","COQ9",-0.537152181865059,0.000608839834904825,"COQ9",-0.291616508463957,0.0434982945247937
"ENSG00000088986","DYNLL1",-0.356130968248733,6.98594576010274e-06,"DYNLL1",-0.217620019150355,0.00131141438752002
"ENSG00000089006","SNX5",-0.440360090585253,2.54758543291481e-10,"SNX5",-0.603316443787482,3.32117034463747e-26
"ENSG00000089048","ESF1",-0.205644869620975,0.0164831509886954,"ESF1",-0.225470611439147,0.000862192051784058
"ENSG00000089053","ANAPC5",-0.176476933128745,0.0287221024599349,"ANAPC5",-0.212128064261478,0.000660453681633273
"ENSG00000089685","BIRC5",-0.35646172263473,0.0146199866106175,"BIRC5",-0.29191011015114,0.0236838922079819
"ENSG00000089775","ZBTB25",-0.357554331208068,0.0256170820915847,"ZBTB25",-0.302390664630965,0.0396367962812104
"ENSG00000090447","TFAP4",-0.886941352567529,9.85521237920022e-11,"TFAP4",-0.521220070799544,1.24312115150508e-06
"ENSG00000090470","PDCD7",-0.443355742577062,2.91299089879413e-05,"PDCD7",-0.541357376783828,1.33742923815783e-10
"ENSG00000090621","PABPC4",-0.385606275617908,7.02296637891305e-05,"PABPC4",-0.276670708364872,0.000846964161394311
"ENSG00000091127","PUS7",-0.353704033037364,0.00152465398964221,"PUS7",-0.560272058624873,3.07898935414186e-09
"ENSG00000091136","LAMB1",-0.527474870136456,0.00220124537472321,"LAMB1",-0.870428653435443,1.05037566257606e-08
"ENSG00000091157","WDR7",-0.439207261011214,0.0199566814238682,"WDR7",-1.42223924691137,5.32047556931398e-12
"ENSG00000091622","PITPNM3",-0.613694259436966,0.000201035170853708,"PITPNM3",-1.15151636421155,7.89140620221058e-13
"ENSG00000092199","HNRNPC",-0.39185204859428,0.000191731670636968,"HNRNPC",-0.463842154904649,9.32604398444578e-08
"ENSG00000092201","SUPT16H",-0.335537383984041,0.00102423007595519,"SUPT16H",-0.478248426871752,9.25075364023914e-09
"ENSG00000093217","XYLB",-0.378548444857148,0.0119841338202939,"XYLB",-0.41321798870631,0.00151887296375253
"ENSG00000096060","FKBP5",-0.917727571147593,9.81759904467509e-07,"FKBP5",-0.75353659563465,5.74204272238807e-07
"ENSG00000096063","SRPK1",-0.25339104282695,4.36106248610196e-06,"SRPK1",-0.327950672054613,1.15408787680307e-13
"ENSG00000096384","HSP90AB1",-0.423109907671522,2.44124581339594e-12,"HSP90AB1",-0.441296004994334,4.17227910381054e-19
"ENSG00000096872","IFT74",-0.575952468145599,0.0001438213739668,"IFT74",-0.721818908394234,1.98384369485928e-08
"ENSG00000099194","SCD",-0.499420602202492,0.0220813209886559,"SCD",-1.83864092965092,6.13704844771217e-15
"ENSG00000099622","CIRBP",-0.520394106143349,0.00185212391479606,"CIRBP",-0.951091970801063,1.26803121299891e-10
"ENSG00000099800","TIMM13",-0.268480448435278,0.00811986667179939,"TIMM13",-0.420766735122322,1.40424355107928e-07
"ENSG00000099901","RANBP1",-0.321047619641314,0.000210282735035697,"RANBP1",-0.378695694658457,7.0995366914956e-08
"ENSG00000099942","CRKL",-0.329745532772003,0.00401028063301165,"CRKL",-0.279730434699686,0.00343216561557246
"ENSG00000100162","CENPM",-0.459318966634871,0.00433166371809339,"CENPM",-0.333780603726357,0.0156108131956001
"ENSG00000100297","MCM5",-0.314639343046602,0.00733560349722916,"MCM5",-0.440775086413757,2.74804692643657e-06
"ENSG00000100304","TTLL12",-0.224617818195176,0.0308649625258962,"TTLL12",-0.316502192659614,0.000101786641526634
"ENSG00000100335","MIEF1",-0.217629154739294,0.0199776336012834,"MIEF1",-0.157540118680155,0.044443418554437
"ENSG00000100380","ST13",-0.230052804085609,0.00841253760258215,"ST13",-0.262695459913261,0.000184338935598965
"ENSG00000100412","ACO2",-0.183915813909029,0.0303563809170549,"ACO2",-0.193696425177406,0.00472045599007086
"ENSG00000100418","DESI1",-0.361779472493846,0.000748040437997636,"DESI1",-0.622185159774685,3.43743089528114e-12
"ENSG00000100575","TIMM9",-0.314369109524342,0.01057328323957,"TIMM9",-0.277479890261592,0.00684487404673977
"ENSG00000100578","KIAA0586",-0.282947508277958,0.0377344330899994,"KIAA0586",-0.433636400883147,0.00013764388547262
"ENSG00000100580","TMED8",-0.529849705241523,1.59279704587085e-06,"TMED8",-0.637770325584392,3.76462079575343e-12
"ENSG00000100629","CEP128",-0.655166387627265,0.000646897292182917,"CEP128",-0.964781150562316,4.10348138002848e-09
"ENSG00000100664","EIF5",-0.439166043164145,1.44897770010925e-05,"EIF5",-0.285484112606236,0.000800563532283368
"ENSG00000100714","MTHFD1",-0.246615780539261,0.0242380811518652,"MTHFD1",-0.515385067569885,1.75032464949522e-09
"ENSG00000100784","RPS6KA5",-0.473567076880072,0.0223110718252618,"RPS6KA5",-0.840856808121379,3.37947729015203e-05
"ENSG00000100802","C14orf93",-0.427981132363469,0.0362606409397454,"C14orf93",-0.530298489023712,0.0060190890710542
"ENSG00000100811","YY1",-0.193046861964189,0.00253692542763476,"YY1",-0.166367602081979,0.00132364831950528
"ENSG00000100813","ACIN1",-0.553334443736347,7.8325707214894e-06,"ACIN1",-0.523389605598069,3.89687245140738e-07
"ENSG00000100941","PNN",-0.290879639733696,0.0218372439238051,"PNN",-0.552004019780656,9.57805691317767e-08
"ENSG00000101126","ADNP",-0.309719355028122,0.00507521359714501,"ADNP",-0.426841678423908,2.78480051423588e-06
"ENSG00000101190","TCFL5",-0.345606793636736,0.00553775669730198,"TCFL5",-0.426183292072279,0.000113844589593796
"ENSG00000101224","CDC25B",-0.332970026344139,0.00909967638778947,"CDC25B",-0.282302298137737,0.0102710053376927
"ENSG00000101246","ARFRP1",-0.331938516615109,0.0307960521328658,"ARFRP1",-0.477224222959251,0.000322993105873865
"ENSG00000101266","CSNK2A1",-0.156982618581748,0.00908443133216023,"CSNK2A1",-0.186321227689254,5.08520867099662e-05
"ENSG00000101361","NOP56",-0.503138447534516,3.22112319975368e-07,"NOP56",-0.621235280459049,1.35301271582219e-14
"ENSG00000101557","USP14",-0.204377812668131,0.000405173087338955,"USP14",-0.31288306725946,2.14954629821864e-12
"ENSG00000101695","RNF125",-0.468538654271396,0.0256701810477506,"RNF125",-0.446120013633033,0.0181841380988263
"ENSG00000101846","STS",-1.41095085853033,5.70410705088222e-07,"STS",-1.74422790159173,5.14702480464516e-09
"ENSG00000101868","POLA1",-0.737531673813854,4.88289739745548e-07,"POLA1",-1.23845594332733,1.10998509237717e-23
"ENSG00000102125","TAFAZZIN",-0.346055455285365,0.0411681293706095,"TAFAZZIN",-0.604566744159729,3.87560261113263e-05
"ENSG00000102174","PHEX",-0.434477507140247,0.042576515722802,"PHEX",-0.596156495363352,0.00839809791424086
"ENSG00000102317","RBM3",-0.725038093760772,1.38012139824129e-07,"RBM3",-1.20279859978803,5.55476717493318e-26
"ENSG00000102743","SLC25A15",-0.361671023881044,0.0072440335996517,"SLC25A15",-0.368635656995349,0.00112897420984325
"ENSG00000102753","KPNA3",-0.332986363530645,0.000622264875132783,"KPNA3",-0.465197974866923,4.12392778724665e-09
"ENSG00000102763","VWA8",-0.675734918880228,3.69123520934796e-05,"VWA8",-0.813638880856076,2.40624261995942e-08
"ENSG00000102893","PHKB",-0.59290952810196,1.22614462957767e-07,"PHKB",-0.615002183223757,2.56492424157633e-10
"ENSG00000102910","LONP2",-0.277738222964613,0.0027103528823621,"LONP2",-0.325143880347268,2.4590339650909e-05
"ENSG00000102967","DHODH",-0.391795740036791,0.0232473856445747,"DHODH",-0.464584709047239,0.00176346601885589
"ENSG00000102974","CTCF",-0.258969039732388,0.0206377211922705,"CTCF",-0.225087332464447,0.0167814393699923
"ENSG00000103035","PSMD7",-0.339888365781697,8.42907633527755e-05,"PSMD7",-0.729497544125288,1.56575976327152e-26
"ENSG00000103254","ANTKMT",-0.353299939340175,0.040930183978803,"ANTKMT",-0.645983370430589,4.54250145320772e-05
"ENSG00000103260","METRN",-0.637270819798261,0.000276742341143311,"METRN",-0.501317441670004,0.000780576397685627
"ENSG00000103266","STUB1",-0.331873282448338,0.00255214368327999,"STUB1",-0.637899644554835,1.34955218811508e-12
"ENSG00000103319","EEF2K",-0.571125110095609,1.52797063004827e-05,"EEF2K",-0.475610008237176,1.91829342369307e-05
"ENSG00000103326","CAPN15",-0.273554500047612,0.0467740662690704,"CAPN15",-0.508670571332583,8.31431900575871e-06
"ENSG00000103342","GSPT1",-0.303577214408383,8.72220464706398e-05,"GSPT1",-0.212124320957618,0.00116817943250433
"ENSG00000103351","CLUAP1",-0.313216569131374,0.00697117672303592,"CLUAP1",-0.228439360323556,0.0194067890945538
"ENSG00000103356","EARS2",-0.362568895585044,0.00551953649743207,"EARS2",-0.275843728895697,0.0139729997497956
"ENSG00000103494","RPGRIP1L",-0.344875304052343,0.0134994720150226,"RPGRIP1L",-0.478848113186341,6.79679375392797e-05
"ENSG00000103495","MAZ",-0.334507384140543,0.00140501501157127,"MAZ",-0.345623506501017,6.53934661384727e-05
"ENSG00000103540","CCP110",-0.334960886481503,0.00379597125316563,"CCP110",-0.354594972525708,0.000205364232071925
"ENSG00000103995","CEP152",-0.264508749271716,0.0459076583282197,"CEP152",-0.297870208473333,0.00694714398136127
"ENSG00000104129","DNAJC17",-0.506897077492005,0.0135031998608172,"DNAJC17",-0.987119448294021,1.5422042636953e-06
"ENSG00000104131","EIF3J",-0.391394001596908,2.36493760091075e-06,"EIF3J",-0.388765393983391,1.18388781792348e-08
"ENSG00000104290","FZD3",-0.464935117987219,0.000173592129466549,"FZD3",-0.349064676611289,0.0013081240405408
"ENSG00000104324","CPQ",-0.855845326522197,0.00840710288836459,"CPQ",-1.70625051882526,1.64024007850291e-05
"ENSG00000104331","BPNT2",-0.255931646629339,0.00193435966528368,"BPNT2",-0.496713031640995,8.22276764951646e-15
"ENSG00000104332","SFRP1",-0.400467022967254,0.001584189759824,"SFRP1",-0.393548380861482,0.000282779193424662
"ENSG00000104356","POP1",-0.366493872660833,0.000152499641205973,"POP1",-0.360595746948403,8.51686094027065e-06
"ENSG00000104361","NIPAL2",-0.950976462063967,8.67898119946911e-05,"NIPAL2",-1.19972983313372,1.19247494539632e-07
"ENSG00000104472","CHRAC1",-0.204459619874501,0.037675146830629,"CHRAC1",-0.234099501328556,0.00230510690582176
"ENSG00000104524","PYCR3",-0.470889066577502,0.00757013780238559,"PYCR3",-0.831600694449175,2.09013927274029e-07
"ENSG00000104549","SQLE",-0.344321689367135,0.0158156179196258,"SQLE",-0.260825845927648,0.0416573294125903
"ENSG00000104687","GSR",-0.229904637849462,0.0165503356927424,"GSR",-0.336317425174968,1.23200445625237e-05
"ENSG00000104723","TUSC3",-0.437098391824373,2.48813796002187e-05,"TUSC3",-0.643115491493287,1.23937967488215e-13
"ENSG00000104738","MCM4",-0.310018612938171,0.00140039168358697,"MCM4",-0.174140536795403,0.0405582282081216
"ENSG00000104980","TIMM44",-0.486631580349827,3.27588739569324e-07,"TIMM44",-0.34923979571355,1.06388928164435e-05
"ENSG00000105011","ASF1B",-0.460205712719871,0.000688296024716669,"ASF1B",-0.665749340194548,6.32153013722737e-10
"ENSG00000105135","ILVBL",-0.34971732784911,0.0177463296066361,"ILVBL",-0.499986382539689,6.87435013507798e-05
"ENSG00000105426","PTPRS",-0.395926214198213,0.0144238408690446,"PTPRS",-0.496215531257913,0.000749098368342876
"ENSG00000105849","POLR1F",-0.340358182081258,1.43468125581643e-05,"POLR1F",-0.363564590505406,3.21241504492338e-09
"ENSG00000105948","IFT56",-0.328423580475168,0.00556757274285769,"IFT56",-0.267415340012297,0.00774576005387956
"ENSG00000106003","LFNG",-0.486682765060925,0.0114493598188363,"LFNG",-1.37304209651123,9.53651591609929e-13
"ENSG00000106028","SSBP1",-0.156041480937521,0.0472101890362556,"SSBP1",-0.358086401854697,3.54050464187815e-10
"ENSG00000106049","HIBADH",-0.525875282355001,0.00319037820777963,"HIBADH",-1.02449782794086,2.789024309183e-10
"ENSG00000106080","FKBP14",-0.297380209496409,0.00356139375339386,"FKBP14",-0.458898854614482,2.39662490261564e-08
"ENSG00000106244","PDAP1",-0.34185064666597,9.51279991694587e-05,"PDAP1",-0.501743338291031,1.55039034720124e-12
"ENSG00000106278","PTPRZ1",-2.11282565282483,8.81081338708347e-07,"PTPRZ1",-3.07617758794253,7.67381450431356e-25
"ENSG00000106443","PHF14",-0.472245538929295,2.12711146035484e-06,"PHF14",-0.630537700829379,1.61409919952326e-14
"ENSG00000106460","TMEM106B",-0.41952614286218,0.00135676221010361,"TMEM106B",-0.96896002027328,2.52028374119677e-16
"ENSG00000106462","EZH2",-0.248624306717013,0.0366745042982349,"EZH2",-0.377616416920661,6.71296243190362e-05
"ENSG00000106692","FKTN",-0.277653267449061,0.0303798103046898,"FKTN",-0.557871707587947,1.60498565063785e-07
"ENSG00000106714","CNTNAP3",-0.522618561423858,0.0197876299932235,"CNTNAP3",-0.566477101515252,0.00912150489165602
"ENSG00000106785","TRIM14",-0.472289422157083,8.01005172650802e-05,"TRIM14",-0.236430770788069,0.0279051291923018
"ENSG00000106804","C5",-0.808863251165168,0.0202133605294505,"C5",-1.5531693591147,0.000409121965534783
"ENSG00000107020","PLGRKT",-0.444350455099274,0.0208300195812888,"PLGRKT",-1.14011799641865,6.84804925150753e-09
"ENSG00000107262","BAG1",-0.833789351542194,5.69479430875614e-13,"BAG1",-0.46625930094532,1.53268002598961e-06
"ENSG00000107566","ERLIN1",-0.56127448298609,5.88853735220813e-09,"ERLIN1",-0.574958015220401,3.77989188559483e-13
"ENSG00000107745","MICU1",-0.421849680420375,2.85743424527407e-05,"MICU1",-0.475618359728002,1.9393170287638e-08
"ENSG00000107789","MINPP1",-0.307587677926562,0.0486105115181987,"MINPP1",-0.530443697038682,0.000119161959526266
"ENSG00000107815","TWNK",-0.704967799930046,4.85331332247262e-09,"TWNK",-0.222751794619852,0.0350376509212248
"ENSG00000107872","FBXL15",-0.327210012004666,0.0368827446022325,"FBXL15",-0.723399329080266,5.09376328268728e-07
"ENSG00000107949","BCCIP",-0.367704121819408,0.00257732742087126,"BCCIP",-0.382056682083985,0.000219444478046378
"ENSG00000107957","SH3PXD2A",-0.518562987150758,0.0269723882380872,"SH3PXD2A",-1.40300247232736,2.11636746923752e-08
"ENSG00000108064","TFAM",-0.256684385143339,0.0223940466790087,"TFAM",-0.404219109474356,5.76804730552119e-06
"ENSG00000108256","NUFIP2",-0.302386463740061,0.00152645435958513,"NUFIP2",-0.270216224617601,0.000754471708499576
"ENSG00000108312","UBTF",-0.909973644869957,8.93495963717825e-13,"UBTF",-0.604749917933677,4.08751270486746e-09
"ENSG00000108424","KPNB1",-0.363619903086317,6.72704746903682e-06,"KPNB1",-0.415938511916454,2.32648218907844e-10
"ENSG00000108439","PNPO",-0.399280359419654,0.00082799872760231,"PNPO",-0.344077640572858,0.000897032101956323
"ENSG00000108443","RPS6KB1",-0.524081869762035,7.98665564995524e-06,"RPS6KB1",-0.436332185916349,1.29601714504678e-05
"ENSG00000108468","CBX1",-0.257943250135358,0.0249187514339248,"CBX1",-0.428605964633007,2.82120383856897e-06
"ENSG00000108506","INTS2",-0.403659009893101,0.0171575018788526,"INTS2",-0.360546622331786,0.0185984465878107
"ENSG00000108578","BLMH",-0.750132457404953,4.74286696445682e-11,"BLMH",-0.865363311263509,2.12218840433241e-21
"ENSG00000108848","LUC7L3",-0.212482372679201,0.012893568761911,"LUC7L3",-0.41259770047798,2.03145589978347e-10
"ENSG00000108924","HLF",-0.758652307955038,0.0237601027701721,"HLF",-0.994297853939813,0.0197157682162785
"ENSG00000108984","MAP2K6",-1.65326130380645,0.000560391904201316,"MAP2K6",-0.918835320657137,0.0219481856163083
"ENSG00000109084","TMEM97",-0.66266417097454,7.8571009609488e-08,"TMEM97",-0.373548968237265,0.000250199214103974
"ENSG00000109113","RAB34",-0.263802709499996,0.00699002717666511,"RAB34",-0.365203931050266,1.94283951493493e-06
"ENSG00000109572","CLCN3",-0.3117943787316,0.00021586236290557,"CLCN3",-0.321622155332304,9.53480181558963e-06
"ENSG00000109911","ELP4",-0.478505109040555,0.00507521359714501,"ELP4",-1.07570552834006,4.79755601610282e-11
"ENSG00000109971","HSPA8",-0.343645407576514,0.00269807189712959,"HSPA8",-0.524997914325829,2.17501834894935e-08
"ENSG00000110328","GALNT18",-0.761990511390955,4.43740523435526e-05,"GALNT18",-1.15494675479589,9.29632217002052e-13
"ENSG00000110917","MLEC",-0.313344637311179,0.000722510756033751,"MLEC",-0.189437082402745,0.0193203714923689
"ENSG00000110958","PTGES3",-0.306763991957339,2.73735921134903e-05,"PTGES3",-0.302999608162707,3.31957284571707e-07
"ENSG00000111011","RSRC2",-0.446446793013021,5.78116725642875e-06,"RSRC2",-0.512043257439697,2.36090034446991e-10
"ENSG00000111196","MAGOHB",-0.277774416616536,0.0248818974673275,"MAGOHB",-0.364324103369106,0.00028665839733883
"ENSG00000111605","CPSF6",-0.260284488911893,0.0106639804408485,"CPSF6",-0.387469182589516,1.45330805139209e-06
"ENSG00000111666","CHPT1",-0.303467212098666,0.0158768502036759,"CHPT1",-0.390223969969938,0.000206954651834863
"ENSG00000111716","LDHB",-0.323908706232591,0.000518632150920012,"LDHB",-0.38844415366875,3.26250383597458e-07
"ENSG00000111731","C2CD5",-0.429433369718168,0.0108545281758198,"C2CD5",-0.514981597383446,0.0011845699475004
"ENSG00000111875","ASF1A",-0.582962769081437,9.51279991694587e-05,"ASF1A",-0.272264326876328,0.0386758393328811
"ENSG00000111907","TPD52L1",-0.297897829849304,0.0114524409286361,"TPD52L1",-0.327753690825624,0.00137806455065978
"ENSG00000112081","SRSF3",-0.437109181997259,2.9879711854893e-06,"SRSF3",-0.504938582881102,4.51622094202628e-11
"ENSG00000112118","MCM3",-0.465352188892585,3.60738621901228e-05,"MCM3",-0.657140238642922,8.24837463990662e-13
"ENSG00000112130","RNF8",-0.225919199532761,0.0170788462945463,"RNF8",-0.174264212490413,0.0301312898051756
"ENSG00000112144","CILK1",-0.488896238690004,0.0137002647776575,"CILK1",-0.386447230402759,0.0408596944177932
"ENSG00000112146","FBXO9",-0.314569411061876,0.00273422868720353,"FBXO9",-0.433292345929317,5.08704406052973e-07
"ENSG00000112293","GPLD1",-0.776222998014776,0.0199898139113094,"GPLD1",-2.35768900798307,2.57428518980317e-05
"ENSG00000112308","C6orf62",-0.356790798537188,0.00121016297066024,"C6orf62",-0.465271528760693,4.64928409569634e-07
"ENSG00000112312","GMNN",-0.365650041226118,0.00790454805163804,"GMNN",-0.502649609482796,1.32328379562051e-05
"ENSG00000112320","SOBP",-1.44511327689524,0.00205597938675014,"SOBP",-3.00964368020232,1.71749357168552e-07
"ENSG00000112699","GMDS",-2.3846853103283,2.65008185082171e-29,"GMDS",-2.29441397322743,1.12012943608858e-34
"ENSG00000112739","PRP4K",-0.224250184783167,0.0460691795842624,"PRP4K",-0.422967800264122,1.2162624647862e-06
"ENSG00000112902","SEMA5A",-0.742788206224236,0.00110846110113015,"SEMA5A",-0.571968370014091,0.00292705510462597
"ENSG00000112992","NNT",-0.347557666053247,0.0367939593527334,"NNT",-0.740608856599308,2.16133672118022e-06
"ENSG00000113013","HSPA9",-0.573554988448304,3.87714503631492e-09,"HSPA9",-0.62570106227726,4.94184063697981e-15
"ENSG00000113048","MRPS27",-0.251834737086086,0.0193118559257385,"MRPS27",-0.2694015051954,0.00217426965386947
"ENSG00000113083","LOX",-0.993867341327247,1.5706855354011e-08,"LOX",-1.22857807692174,2.85115448266702e-14
"ENSG00000113269","RNF130",-0.379444906820645,0.00430288991868607,"RNF130",-0.456907547802483,5.53946867401374e-05
"ENSG00000113273","ARSB",-0.967583329463491,8.51163154685418e-05,"ARSB",-1.43845196191157,1.18046777863571e-11
"ENSG00000113318","MSH3",-0.321919721113349,0.0038304670728022,"MSH3",-0.570390311928909,4.8438936663458e-10
"ENSG00000113319","RASGRF2",-0.426585014452598,0.0343424310470859,"RASGRF2",-0.366648435529226,0.0454197975836387
"ENSG00000113368","LMNB1",-0.828367204994372,9.71515727862368e-10,"LMNB1",-0.810964894924611,7.04832702704432e-14
"ENSG00000113391","ARB2A",-1.59689616505276,4.35434136869153e-36,"ARB2A",-1.78450265969624,3.10631966655009e-52
"ENSG00000113552","GNPDA1",-0.408117741475396,9.48118921571946e-05,"GNPDA1",-0.407259727322933,2.97137864276832e-06
"ENSG00000113649","TCERG1",-0.326031820510346,0.00416112482317421,"TCERG1",-0.550679589618918,2.77390280105397e-09
"ENSG00000113719","ERGIC1",-0.557227461289492,1.46874118338120e-11,"ERGIC1",-0.572546442094275,7.6981673936895e-17
"ENSG00000113810","SMC4",-0.315272645759875,0.0147286915738968,"SMC4",-0.389156245279983,0.000331047593936304
"ENSG00000114302","PRKAR2A",-0.352816945517103,8.19882514525176e-06,"PRKAR2A",-0.356067192490865,4.03018462052321e-08
"ENSG00000114541","FRMD4B",-0.53499129954656,8.56709343192771e-06,"FRMD4B",-0.695660787858974,3.47549110768113e-12
"ENSG00000114670","NEK11",-0.54724293283361,0.021040660997035,"NEK11",-0.809979293764442,0.00126666823697383
"ENSG00000114999","TTL",-0.347966066612152,0.000134111313420608,"TTL",-0.484042743015006,2.34383031142559e-11
"ENSG00000115041","KCNIP3",-0.562518817731357,0.0108830943848142,"KCNIP3",-0.571735963874438,0.00641180412694903
"ENSG00000115053","NCL",-0.708741065028648,1.57010341348414e-09,"NCL",-0.787630364498801,2.16258687546183e-16
"ENSG00000115112","TFCP2L1",-1.2084788355519,6.85672447625915e-16,"TFCP2L1",-0.486432508561023,7.9274288613018e-05
"ENSG00000115234","SNX17",-0.328544532202904,0.0024864068454701,"SNX17",-0.82400880780947,4.5998986080945e-20
"ENSG00000115241","PPM1G",-0.219847503063879,0.0106779624331788,"PPM1G",-0.301006740281228,6.70352996709961e-06
"ENSG00000115290","GRB14",-0.720457512633398,2.04729171610432e-06,"GRB14",-1.1389157301466,1.01179906903409e-16
"ENSG00000115504","EHBP1",-0.316434452248889,0.00639888469607257,"EHBP1",-0.400520790974294,4.45705031751536e-05
"ENSG00000115541","HSPE1",-0.37246337750527,0.00117605845448583,"HSPE1",-0.277203476450148,0.00515723336303461
"ENSG00000115561","CHMP3",-0.170012182785961,0.048275642196577,"CHMP3",-0.417934856034289,7.45813738382541e-11
"ENSG00000115652","UXS1",-0.220055324715194,0.0131930160288368,"UXS1",-0.253998028599729,0.000438951129784522
"ENSG00000115761","NOL10",-0.240013481503657,0.00813891845018185,"NOL10",-0.342384345432691,1.48737921132858e-06
"ENSG00000115840","SLC25A12",-0.481029367022792,0.000461323173960415,"SLC25A12",-0.427410395067478,0.000359790022613388
"ENSG00000115875","SRSF7",-0.312469036208381,0.00168541187633445,"SRSF7",-0.427114370808792,9.24855758745752e-08
"ENSG00000115946","PNO1",-0.564829473304949,3.08103548024415e-06,"PNO1",-0.377162550051472,0.000184320445442083
"ENSG00000115970","THADA",-0.297271602968649,0.00907757793425195,"THADA",-0.409059852783882,1.62853722379018e-05
"ENSG00000116062","MSH6",-0.406085619798003,2.0416385484489e-07,"MSH6",-0.4643493928625,1.4328379457212e-13
"ENSG00000116117","PARD3B",-2.22289637380434,8.19003641454399e-08,"PARD3B",-1.7846685379775,0.000101882814514871
"ENSG00000116127","ALMS1",-0.694711473314764,2.29651352409581e-06,"ALMS1",-1.07128339911973,8.64527730884072e-17
"ENSG00000116141","MARK1",-0.398631686796182,0.0156944042838545,"MARK1",-0.893359055962739,4.41462983841423e-09
"ENSG00000116350","SRSF4",-0.424743516973086,0.000142358919198578,"SRSF4",-0.54950266825601,1.89886143027141e-09
"ENSG00000116560","SFPQ",-0.312768303651986,0.000162407957047757,"SFPQ",-0.286104130902323,2.81320879098288e-05
"ENSG00000116667","C1orf21",-0.59824417983226,3.27150524129141e-06,"C1orf21",-0.618978376064326,4.63284184052754e-08
"ENSG00000116678","LEPR",-1.20329236752473,0.000256482334248884,"LEPR",-1.30989981448165,4.0284061402247e-06
"ENSG00000116711","PLA2G4A",-0.966256262673257,0.000384346730673255,"PLA2G4A",-1.76155158455603,3.41953800719755e-10
"ENSG00000116750","UCHL5",-0.241090721626347,0.0414099264764525,"UCHL5",-0.436237841510558,4.25375441257827e-06
"ENSG00000116830","TTF2",-0.352017613207097,0.0023069500059771,"TTF2",-0.270569362066771,0.00587806716348563
"ENSG00000116922","AIRIM",-0.416129340244088,0.00984435228841466,"AIRIM",-0.321528359575081,0.029013137760371
"ENSG00000116984","MTR",-0.53118671065166,2.28940720548813e-05,"MTR",-0.712782249609172,9.8630437347123e-12
"ENSG00000117054","ACADM",-0.265936194898939,0.0258022162622171,"ACADM",-0.490178581640819,6.14143772908063e-07
"ENSG00000117411","B4GALT2",-0.460656844036836,1.18354346589367e-07,"B4GALT2",-0.614989439978676,2.25706369576532e-18
"ENSG00000117724","CENPF",-0.339110734865461,0.0467740662690704,"CENPF",-0.353236257046594,0.0229285775538817
"ENSG00000117748","RPA2",-0.340068656061878,0.0125597304415492,"RPA2",-0.448033156035503,6.23585918294328e-05
"ENSG00000117877","POLR1G",-0.439792006647939,0.000575247267474724,"POLR1G",-0.35742216445641,0.00108757248391778
"ENSG00000118007","STAG1",-0.471868163531751,1.11057970226818e-05,"STAG1",-0.816252753932212,8.44726468397348e-19
"ENSG00000118217","ATF6",-0.398226671538367,0.00069031462579115,"ATF6",-0.281903567202493,0.00619606994250712
"ENSG00000118276","B4GALT6",-0.441003658414613,0.0313639514005207,"B4GALT6",-0.965257587114223,8.11989751832454e-08
"ENSG00000118418","HMGN3",-0.426034110787122,9.29928358053236e-07,"HMGN3",-0.559107560074003,2.14329842798119e-14
"ENSG00000118496","FBXO30",-0.38625701984815,0.00209071145532724,"FBXO30",-0.367341145246482,0.000765804742119684
"ENSG00000118507","AKAP7",-1.08101164132024,9.95411365736025e-07,"AKAP7",-1.43874964085468,2.67883793395545e-14
"ENSG00000118596","SLC16A7",-1.61526464156863,2.51581731515825e-21,"SLC16A7",-1.90341273433775,2.49159031328172e-39
"ENSG00000118600","RXYLT1",-0.591263061199086,4.85331332247262e-09,"RXYLT1",-0.350729626312087,3.08554918269675e-05
"ENSG00000118707","TGIF2",-0.660596824039583,8.17835819033512e-06,"TGIF2",-0.72107307063552,4.69935271668854e-09
"ENSG00000118894","EEF2KMT",-0.349666102449205,0.0195997140506358,"EEF2KMT",-0.404365010067066,0.00127246803444571
"ENSG00000119042","SATB2",-0.405328750703151,0.0405946387671341,"SATB2",-0.944023917295923,1.01317322106853e-05
"ENSG00000119285","HEATR1",-0.314513356081937,0.000502022360836763,"HEATR1",-0.174913361052576,0.0289569569729247
"ENSG00000119335","SET",-0.429681340573761,3.65148909085001e-07,"SET",-0.392962556776024,1.90279300952033e-08
"ENSG00000119522","DENND1A",-0.520221905328701,0.000463736889559685,"DENND1A",-1.08080940253869,1.1582417862627e-15
"ENSG00000119599","DCAF4",-0.72501296593321,5.43048965713106e-06,"DCAF4",-0.654018422830458,3.40840147208487e-07
"ENSG00000119638","NEK9",-0.512806166437122,4.4245930518763e-05,"NEK9",-0.744476301509193,4.91587973323384e-12
"ENSG00000119661","DNAL1",-0.555390561073917,0.000987897602613522,"DNAL1",-0.781956481778122,5.68779585211479e-08
"ENSG00000119729","RHOQ",-0.388910138081273,0.000229352822021104,"RHOQ",-0.559502418731507,2.14790391602874e-10
"ENSG00000119866","BCL11A",-1.03916302426603,5.7804712580393e-08,"BCL11A",-1.04278524296913,2.83836183644534e-11
"ENSG00000119969","HELLS",-0.399558311931928,0.000406850618092124,"HELLS",-0.689843341650126,1.2652008503311e-13
"ENSG00000119977","TCTN3",-0.386855503857278,0.00329544850023404,"TCTN3",-0.270835999444013,0.0211677248204292
"ENSG00000120594","PLXDC2",-1.25554073445052,0.00223899756097565,"PLXDC2",-2.36246767105711,1.40262321651583e-07
"ENSG00000120658","ENOX1",-3.23296011952562,4.8735708690636e-12,"ENOX1",-2.03893330088556,4.90074147865776e-09
"ENSG00000120675","DNAJC15",-0.391739106017222,0.000124675445177462,"DNAJC15",-0.421655246619295,1.30143526748175e-06
"ENSG00000120693","SMAD9",-0.759332163200959,0.000713842786931719,"SMAD9",-0.770233444885208,7.37838524758423e-05
"ENSG00000120708","TGFBI",-0.305708488749087,0.04288993370193,"TGFBI",-0.477404723355308,0.000229170033780282
"ENSG00000120725","SIL1",-0.388788734345014,0.00191195799044989,"SIL1",-0.691708150406836,1.35406022890422e-10
"ENSG00000120738","EGR1",-0.690117143264611,0.0262607723163583,"EGR1",-2.31356923867664,4.00687714997365e-08
"ENSG00000120802","TMPO",-0.306209495290268,0.00572926839757732,"TMPO",-0.258520280813412,0.00568736905095837
"ENSG00000121289","CEP89",-0.314491642924331,0.0183284499062074,"CEP89",-0.57864490652012,3.62879260522616e-07
"ENSG00000121350","PYROXD1",-0.559306349305304,0.000525153044780383,"PYROXD1",-0.937851962593087,5.91493880766358e-11
"ENSG00000121775","TMEM39B",-0.474148982492029,0.00187176996756961,"TMEM39B",-0.397016658305474,0.00134921626314387
"ENSG00000121964","GTDC1",-0.535655596117579,0.00442316551010414,"GTDC1",-0.718252773458297,6.51712727688778e-05
"ENSG00000121988","ZRANB3",-1.31235295173381,2.21941240964283e-09,"ZRANB3",-1.73385206573738,4.0049014633848e-19
"ENSG00000122034","GTF3A",-0.254340533284995,0.0393630283301383,"GTF3A",-0.590896158331819,1.66978023975289e-09
"ENSG00000122507","BBS9",-1.17385487450819,0.000896618561116145,"BBS9",-0.878491779818024,0.00363490102857396
"ENSG00000122566","HNRNPA2B1",-0.271178522205024,0.0027673630799124,"HNRNPA2B1",-0.35533072605156,9.7460013778657e-07
"ENSG00000122691","TWIST1",-0.304004596660126,0.0305720439971436,"TWIST1",-0.283145600004904,0.0220960502364505
"ENSG00000122741","DCAF10",-0.325825263660052,0.0133539287296101,"DCAF10",-0.709744914911518,4.04451110240716e-10
"ENSG00000122870","BICC1",-0.422254924103343,0.039030475251379,"BICC1",-0.675913836461828,0.000406269178518927
"ENSG00000123080","CDKN2C",-1.01518910520843,3.78606780221335e-06,"CDKN2C",-0.418185213173852,0.00859502737941097
"ENSG00000123104","ITPR2",-1.34284180584692,3.45903521632908e-11,"ITPR2",-1.62546158977775,2.88292611435844e-22
"ENSG00000123106","CCDC91",-0.422006367962991,0.000286758081784017,"CCDC91",-1.08384630343284,1.37413190134854e-27
"ENSG00000123179","EBPL",-0.29174004522329,0.00220124537472321,"EBPL",-0.32721985927029,3.26355481240297e-05
"ENSG00000123213","NLN",-0.234181347671391,0.0175655782589591,"NLN",-0.267003093780789,0.000851589562449303
"ENSG00000123505","AMD1",-0.171003625511301,0.0307390303407281,"AMD1",-0.324246640461785,2.57711325878265e-08
"ENSG00000124006","OBSL1",-0.511489389064385,0.0005920443283484,"OBSL1",-0.791381847982475,1.10902775894733e-08
"ENSG00000124193","SRSF6",-0.557996653468461,2.79741109815742e-09,"SRSF6",-0.624177758233968,5.58966625388563e-16
"ENSG00000124275","MTRR",-0.439567473190025,0.000408876473178929,"MTRR",-0.592891916746646,1.83277160237651e-08
"ENSG00000124299","PEPD",-0.477507539256963,0.00310318713583361,"PEPD",-0.429772329049638,0.00377891080521003
"ENSG00000124383","MPHOSPH10",-0.210332899640299,0.0387805245777854,"MPHOSPH10",-0.22422467045964,0.00607400265567618
"ENSG00000124422","USP22",-0.308448294295746,0.000803278306473112,"USP22",-0.180827079006465,0.0244432420736252
"ENSG00000124575","H1-3",-1.28564805323216,7.82242319770876e-05,"H1-3",-2.01146176056932,2.46674041335833e-12
"ENSG00000124588","NQO2",-0.515305484743621,0.0259927413286321,"NQO2",-0.481162630576727,0.0176467174320643
"ENSG00000124596","OARD1",-0.502221167700401,0.00299006097157688,"OARD1",-0.517055486379026,0.000350111602347664
"ENSG00000124610","H1-1",-1.56483942444161,4.81779879723363e-05,"H1-1",-2.75335523069405,3.18563358658275e-16
"ENSG00000125246","CLYBL",-1.82903570859109,6.75699082839742e-06,"CLYBL",-1.8705789804739,6.48168250297659e-08
"ENSG00000125247","TMTC4",-0.586300784926141,0.000165113062687145,"TMTC4",-0.682068662585471,4.67334181628781e-07
"ENSG00000125257","ABCC4",-0.387295477927604,0.00154034008793958,"ABCC4",-0.45355091897515,1.22559642035694e-05
"ENSG00000125484","GTF3C4",-0.370917979634756,5.26417601895645e-05,"GTF3C4",-0.36647601083788,1.47330830479886e-06
"ENSG00000125520","SLC2A4RG",-0.382997951374784,3.30957417737776e-05,"SLC2A4RG",-0.482712202160378,1.07454771019258e-10
"ENSG00000125630","POLR1B",-0.463933453791567,3.89676609603027e-11,"POLR1B",-0.53268376125905,9.34680440525932e-20
"ENSG00000125703","ATG4C",-0.587719600233739,0.00014101521720546,"ATG4C",-0.503502093522208,8.41130901470537e-05
"ENSG00000125817","CENPB",-0.416556160383737,3.72986769706286e-05,"CENPB",-0.422742067866961,4.54264944647906e-07
"ENSG00000125821","DTD1",-0.79604420518199,3.17246798243567e-17,"DTD1",-1.20772142910359,1.52598296704947e-54
"ENSG00000125827","TMX4",-0.498259580124986,0.000957034104548955,"TMX4",-0.756912942895371,5.3225691061906e-09
"ENSG00000125944","HNRNPR",-0.308323699140297,0.00459151711321043,"HNRNPR",-0.345797080531708,0.000119161959526266
"ENSG00000126351","THRA",-0.479909302122699,9.76214974608406e-05,"THRA",-0.522687426870162,5.11269379286874e-07
"ENSG00000126457","PRMT1",-0.359200899224957,0.00299006097157688,"PRMT1",-0.42686495122084,2.59289956207402e-05
"ENSG00000126602","TRAP1",-0.21119611386044,0.0421740954344685,"TRAP1",-0.260659628006953,0.00160472902920278
"ENSG00000126790","L3HYPDH",-0.550978969937036,0.00353900259540841,"L3HYPDH",-0.367120864161074,0.0243601265538729
"ENSG00000126858","RHOT1",-0.304655838012415,0.038965220545743,"RHOT1",-0.793075029763704,2.22736433341053e-09
"ENSG00000126870","DYNC2I1",-0.295501721883939,0.04218164541489,"DYNC2I1",-0.455300204270076,0.000281618713106505
"ENSG00000127022","CANX",-0.399587174615503,1.01776960409429e-08,"CANX",-0.432044701313868,3.85252872589447e-14
"ENSG00000127399","LRRC61",-0.485767683093545,0.000930232719263222,"LRRC61",-0.907631276082971,3.09260318076604e-12
"ENSG00000127720","METTL25",-0.371900738138862,0.0350578999789459,"METTL25",-0.881336055364244,7.8361734639049e-07
"ENSG00000127804","METTL16",-0.360163065965875,0.000637707456791717,"METTL16",-0.211303837134706,0.0213811439512334
"ENSG00000128039","SRD5A3",-0.907307536921442,0.00175725774157986,"SRD5A3",-1.56244371849753,1.13980917161019e-06
"ENSG00000128050","PAICS",-0.237881327444664,0.0225798279807909,"PAICS",-0.352522009982615,1.79309417513969e-05
"ENSG00000128059","PPAT",-0.470978105826319,2.25604157528105e-06,"PPAT",-0.408478150178326,6.70352213395784e-07
"ENSG00000128656","CHN1",-0.649989555578871,0.000304431485174334,"CHN1",-0.383138625559533,0.0152884566969953
"ENSG00000128699","ORMDL1",-0.309027499717935,0.0119841338202939,"ORMDL1",-0.347561259099392,0.000604677075494577
"ENSG00000128731","HERC2",-0.341841830723017,0.00818014913353111,"HERC2",-0.258689429839014,0.0230090568414429
"ENSG00000128951","DUT",-0.774643610027914,2.49513200345901e-11,"DUT",-1.29568895038136,1.6576764684569e-42
"ENSG00000129158","SERGEF",-1.01240277116018,2.67989837850708e-06,"SERGEF",-1.29002558864333,7.40770221979909e-11
"ENSG00000129351","ILF3",-0.441811562044627,1.0166856509419e-09,"ILF3",-0.454345382543902,2.04949061619528e-14
"ENSG00000129534","MIS18BP1",-0.301966381437605,0.0207250980911133,"MIS18BP1",-0.347742994334181,0.00150239649672174
"ENSG00000130024","PHF10",-0.306055958149792,0.03033202807383,"PHF10",-0.490853414685778,2.43404301123913e-05
"ENSG00000130193","THEM6",-0.643412695073937,4.41762923796535e-05,"THEM6",-0.76445870208674,1.77168003885822e-08
"ENSG00000130309","COLGALT1",-0.282541814182654,0.0142901814490649,"COLGALT1",-0.306204836410898,0.0013564159452271
"ENSG00000130312","MRPL34",-0.352686269339645,0.00695591509007327,"MRPL34",-0.326622949542415,0.0037040369928959
"ENSG00000130349","MTRES1",-0.338111422643666,0.00778403336984567,"MTRES1",-0.370208077974915,0.000846170463415069
"ENSG00000130414","NDUFA10",-0.28382337380028,0.00058839154959976,"NDUFA10",-0.271363513316347,7.53416283316226e-05
"ENSG00000130560","UBAC1",-0.327736484219524,0.00132680781259678,"UBAC1",-0.181308389775924,0.045973097077964
"ENSG00000130638","ATXN10",-0.266139376976373,0.00159607886372094,"ATXN10",-0.462868246774994,1.39262304789895e-11
"ENSG00000130741","EIF2S3",-0.262665187472717,0.000614198479114981,"EIF2S3",-0.454469454867277,6.28577059176856e-14
"ENSG00000130826","DKC1",-0.445352708324279,1.22606343083913e-10,"DKC1",-0.362520253469026,2.12438777053131e-10
"ENSG00000130921","MTRFR",-0.319703471286353,0.00226053222810456,"MTRFR",-0.440411908573267,1.68065299587267e-07
"ENSG00000130939","UBE4B",-0.344252627219638,0.00250539409982349,"UBE4B",-0.216722385812997,0.0351313367125129
"ENSG00000131018","SYNE1",-0.458571049448651,0.0329479693764775,"SYNE1",-0.970691239479505,0.000530399857316548
"ENSG00000131051","RBM39",-0.286687456362524,1.37743151131413e-05,"RBM39",-0.306230856376061,9.44427108461439e-09
"ENSG00000131153","GINS2",-0.46980040616879,0.00486035484017863,"GINS2",-0.461079261681981,0.00112823651469972
"ENSG00000131238","PPT1",-0.311644279462925,0.0101216748584754,"PPT1",-0.309358449469742,0.0023941637908638
"ENSG00000131323","TRAF3",-0.304656890724663,0.00662662662867307,"TRAF3",-0.375336966790295,4.25064000646334e-05
"ENSG00000131374","TBC1D5",-1.52507704041271,1.07169511550483e-25,"TBC1D5",-1.59222815679604,8.49889999729985e-39
"ENSG00000131558","EXOC4",-1.25517163457741,1.01143486803122e-18,"EXOC4",-1.63286256749264,1.05319366134272e-38
"ENSG00000132122","SPATA6",-0.586231997200786,0.0237866658300736,"SPATA6",-0.927053539258772,0.0011485004767768
"ENSG00000132199","ENOSF1",-0.622149421838145,1.28576433239011e-06,"ENOSF1",-0.750861372631943,2.14901914501616e-12
"ENSG00000132300","PTCD3",-0.332583254375346,0.000274598237547712,"PTCD3",-0.22016579204423,0.00526207608577508
"ENSG00000132305","IMMT",-0.152019427567711,0.0353631181756818,"IMMT",-0.374334772187994,4.91920679087245e-13
"ENSG00000132313","MRPL35",-0.230767778181404,0.0191951278945263,"MRPL35",-0.173204304766584,0.0388327718721944
"ENSG00000132341","RAN",-0.274949749126139,0.0303798103046898,"RAN",-0.411752532821196,7.49945914662026e-05
"ENSG00000132394","EEFSEC",-0.601418522679933,0.00168336698406712,"EEFSEC",-1.20993011621802,8.40095454700659e-12
"ENSG00000132406","TMEM128",-0.473103371852708,0.0166577929812706,"TMEM128",-0.732002491769615,8.41130901470537e-05
"ENSG00000132475","H3-3B",-0.298516901154899,5.04735986682561e-05,"H3-3B",-0.431838732624926,1.51442405530752e-13
"ENSG00000132541","RIDA",-0.375083636645922,0.0151938155953497,"RIDA",-0.659012043060946,2.25033706537465e-06
"ENSG00000132549","VPS13B",-0.566672174440429,0.000203072744809811,"VPS13B",-1.00912105861456,5.38903521843134e-12
"ENSG00000132603","NIP7",-0.265978963881963,0.0169914074920242,"NIP7",-0.382791917264709,1.23200445625237e-05
"ENSG00000132670","PTPRA",-0.475224558196464,0.000944848534366968,"PTPRA",-0.582825035756825,3.58776598847591e-06
"ENSG00000132773","TOE1",-0.730773258408281,1.43797565885462e-05,"TOE1",-0.467047159648386,0.000257131275234735
"ENSG00000132780","NASP",-0.420554780364166,0.000609286021951283,"NASP",-0.791873901278291,1.06217584120887e-14
"ENSG00000132854","KANK4",-0.514224958509641,0.00830869981318355,"KANK4",-0.953313773235077,2.20007528144637e-07
"ENSG00000133026","MYH10",-0.44263585193093,0.00248521766744971,"MYH10",-0.690808740141761,3.93527500680323e-08
"ENSG00000133027","PEMT",-1.49159859193119,1.01414175962101e-15,"PEMT",-2.13739894283794,1.09019577979362e-47
"ENSG00000133028","SCO1",-0.182628736185372,0.025213516976412,"SCO1",-0.336439738620494,3.71977103941931e-08
"ENSG00000133104","SPART",-0.340217996383174,0.000105228524000394,"SPART",-0.324949868240883,7.94056553583561e-06
"ENSG00000133110","POSTN",-1.00954087915251,0.00216724061801096,"POSTN",-2.74232882817216,1.54194486719702e-17
"ENSG00000133111","RFXAP",-0.597742712378081,0.00955718730612346,"RFXAP",-0.411274151621245,0.0322892630655822
"ENSG00000133195","SLC39A11",-0.452075898540586,0.0301197082726142,"SLC39A11",-1.85872609586569,2.15792966170468e-13
"ENSG00000133226","SRRM1",-0.468899327961181,2.14232319014903e-07,"SRRM1",-0.45499652558504,1.10431506836169e-09
"ENSG00000133313","CNDP2",-0.485825164417303,3.30365246093796e-05,"CNDP2",-0.717858866233482,1.43247165188961e-13
"ENSG00000133640","LRRIQ1",-0.535184844012089,0.0106317463236674,"LRRIQ1",-1.20577581521202,7.359678700645e-09
"ENSG00000133687","TMTC1",-1.22287936078716,2.26842135074755e-10,"TMTC1",-0.830876882556688,1.41861794012817e-07
"ENSG00000133773","CCDC59",-0.243592460673314,0.0363599203904211,"CCDC59",-0.350295157602178,0.000156572234723057
"ENSG00000133835","HSD17B4",-0.38971121587065,0.000908195012528539,"HSD17B4",-0.667117698878351,4.07532217335038e-11
"ENSG00000134057","CCNB1",-0.696254249596221,1.92307548958276e-05,"CCNB1",-0.398065349683709,0.00311119448401607
"ENSG00000134077","THUMPD3",-0.328270664519632,0.00127654416741826,"THUMPD3",-0.339659991511417,4.72037953522864e-05
"ENSG00000134086","VHL",-0.429987539161749,0.000500853595667414,"VHL",-0.532861956427605,2.82779431022788e-07
"ENSG00000134138","MEIS2",-1.30854758678104,5.53441630498041e-13,"MEIS2",-1.60238920026993,2.15770129425273e-20
"ENSG00000134186","PRPF38B",-0.295177840720204,0.00914260030950123,"PRPF38B",-0.721648975318261,1.53747649007161e-15
"ENSG00000134215","VAV3",-1.02655222548008,7.29431453279199e-05,"VAV3",-0.645675000673688,0.00211820069666927
"ENSG00000134222","PSRC1",-1.17081194088528,4.34085132417279e-09,"PSRC1",-0.963304879101326,3.10725597102059e-11
"ENSG00000134453","RBM17",-0.163365665962387,0.0331573342123547,"RBM17",-0.153580995378301,0.00985448855854226
"ENSG00000134461","ANKRD16",-0.733157261796651,6.29216879735639e-05,"ANKRD16",-0.966443755071589,1.13161799433932e-09
"ENSG00000134490","TMEM241",-0.928899668514807,1.12450371433946e-08,"TMEM241",-1.02618825105817,1.58479889581811e-13
"ENSG00000134508","CABLES1",-0.453521184440588,0.0138252098603809,"CABLES1",-0.388667557463813,0.0188063699873233
"ENSG00000134775","FHOD3",-0.895634323610397,0.00170445840930364,"FHOD3",-2.5713285045519,4.57925805800882e-16
"ENSG00000134802","SLC43A3",-0.290187675329498,0.0497786240473592,"SLC43A3",-0.375896307708342,0.00289197475123705
"ENSG00000134874","DZIP1",-0.437878035585955,0.0013156415698999,"DZIP1",-0.53903277975083,2.27633908854195e-06
"ENSG00000134884","ARGLU1",-0.630060290253157,5.21126335620917e-10,"ARGLU1",-0.887885537952946,1.90517087472747e-26
"ENSG00000134900","TPP2",-0.220107658933247,0.0464051841621155,"TPP2",-0.281709737319146,0.00165139077720003
"ENSG00000134901","POGLUT2",-0.496078342498127,0.0211250958628443,"POGLUT2",-0.63706439566507,0.00175182402811756
"ENSG00000134905","CARS2",-0.340414514118182,0.00456434887463117,"CARS2",-0.337458504291714,0.00112555225088498
"ENSG00000134987","WDR36",-0.315062800475802,0.00216724061801096,"WDR36",-0.271759261312158,0.00178238827516584
"ENSG00000135045","C9orf40",-0.461777429896992,0.00304889093342689,"C9orf40",-0.453582076405856,0.000445327221145297
"ENSG00000135108","FBXO21",-0.234880438407318,0.0353811389794418,"FBXO21",-0.230841731718754,0.0127870257262762
"ENSG00000135205","CCDC146",-0.841934780697754,0.0195494315108738,"CCDC146",-0.875163504060894,0.02794718418457
"ENSG00000135372","NAT10",-0.531779444767541,7.92761748313705e-13,"NAT10",-0.395360994689654,1.23383741637563e-10
"ENSG00000135446","CDK4",-0.371044942768142,0.000228307683788482,"CDK4",-0.370594882328083,7.92573194049869e-06
"ENSG00000135457","TFCP2",-0.337362179457758,0.000658682413794493,"TFCP2",-0.263638400345351,0.00154212451710566
"ENSG00000135473","PAN2",-0.850869869212656,0.00799034065190321,"PAN2",-1.24800154289201,4.74037113340589e-05
"ENSG00000135486","HNRNPA1",-0.455736768873714,1.1495882305789e-06,"HNRNPA1",-0.704835343539346,3.15856429489377e-20
"ENSG00000135521","LTV1",-0.226744943212016,0.0138898773085764,"LTV1",-0.223059518668685,0.00229753616860725
"ENSG00000135537","AFG1L",-0.489490939802451,0.0388111049915139,"AFG1L",-0.769040220397825,0.00191884050968144
"ENSG00000135698","MPHOSPH6",-0.251808949347645,0.00123005050938669,"MPHOSPH6",-0.267996460430955,1.6850843452473e-05
"ENSG00000135776","ABCB10",-0.556093702415382,0.00147601697094185,"ABCB10",-0.40167689104608,0.00785772606737068
"ENSG00000135829","DHX9",-0.267554691945103,0.00265484763767984,"DHX9",-0.264543475095918,0.000292837275914199
"ENSG00000136010","ALDH1L2",-0.516668166099974,0.0431337209268063,"ALDH1L2",-2.37915799389775,5.82406566487187e-11
"ENSG00000136026","CKAP4",-0.672628848082683,2.59160032145654e-16,"CKAP4",-0.870131747631669,2.49159031328172e-39
"ENSG00000136051","WASHC4",-0.249188137839069,0.014730157229274,"WASHC4",-0.349400486744247,4.57119989302127e-05
"ENSG00000136111","TBC1D4",-0.331627100235577,0.00616189724088378,"TBC1D4",-0.31107975822452,0.0026821476683445
"ENSG00000136261","BZW2",-0.214062494890382,0.0388197855403918,"BZW2",-0.244498231894337,0.00328233050250442
"ENSG00000136527","TRA2B",-0.34823953176633,0.000138647406983382,"TRA2B",-0.592055237846207,4.27912831496132e-16
"ENSG00000136636","KCTD3",-0.341567744803743,0.00379341023119186,"KCTD3",-0.499072269551942,3.20614732812226e-07
"ENSG00000136718","IMP4",-0.272416501525432,0.00326807715460217,"IMP4",-0.182709101933341,0.0189134583037432
"ENSG00000136731","UGGT1",-0.319250033063202,0.000988598465825848,"UGGT1",-0.577737256837566,2.54633313587014e-13
"ENSG00000136758","YME1L1",-0.21981895163189,0.0251645005997332,"YME1L1",-0.321911169547097,3.16078760322913e-05
"ENSG00000136770","DNAJC1",-0.300629305378631,0.0216916777775072,"DNAJC1",-0.359568843828582,0.00118079522037918
"ENSG00000136938","ANP32B",-0.389221743119647,3.80787245801618e-06,"ANP32B",-0.705857092102244,2.11159331745142e-25
"ENSG00000137106","GRHPR",-0.26299199566456,0.00951134234471204,"GRHPR",-0.383857734970406,4.58902649633105e-06
"ENSG00000137440","FGFBP1",-0.479470323246546,0.0262349986462132,"FGFBP1",-1.31791145341839,2.67601317526245e-08
"ENSG00000137513","NARS2",-0.441866718131484,0.00764437130420588,"NARS2",-0.512898253084891,0.000372644678668815
"ENSG00000137628","DDX60",-0.562541272343531,0.0129083304932906,"DDX60",-0.714212398306866,0.00094077416906246
"ENSG00000137764","MAP2K5",-0.760615166205751,1.4535150493246e-05,"MAP2K5",-0.993295645459035,1.02110928682859e-10
"ENSG00000137819","PAQR5",-0.558264412007304,3.06817102419673e-05,"PAQR5",-0.715527199081813,8.88921224886139e-11
"ENSG00000137821","LRRC49",-1.11013852223602,4.89872628780447e-05,"LRRC49",-1.05132205409672,3.10551520968087e-06
"ENSG00000137834","SMAD6",-0.760438016734402,0.00210646330222259,"SMAD6",-1.3518214662688,1.30888045141474e-06
"ENSG00000137941","TTLL7",-0.393662392763725,0.0369875069115858,"TTLL7",-0.764895680206624,6.10945412229052e-05
"ENSG00000137955","RABGGTB",-0.371722599793995,0.0428232763378301,"RABGGTB",-0.755680577766,1.49261162908809e-05
"ENSG00000137959","IFI44L",-1.19460046188368,0.000459153693314241,"IFI44L",-1.71153375074471,2.61238180452034e-05
"ENSG00000137992","DBT",-0.420328572249232,0.000195268507744123,"DBT",-0.361894228057595,0.000269989253506386
"ENSG00000138031","ADCY3",-0.297284413323455,0.0376985233410152,"ADCY3",-0.619095750550847,5.29078237103592e-08
"ENSG00000138035","PNPT1",-0.397647930680542,3.69933072306327e-05,"PNPT1",-0.503993800107684,1.38915197351923e-10
"ENSG00000138095","LRPPRC",-0.244440227723666,0.00091222081175028,"LRPPRC",-0.375069098270644,2.31768449829127e-10
"ENSG00000138101","DTNB",-0.579462731558298,0.00432390458941674,"DTNB",-1.12197590264028,3.1816494885331e-08
"ENSG00000138175","ARL3",-0.399245159601584,0.00128740900312576,"ARL3",-0.455296154576296,1.50205866759784e-05
"ENSG00000138286","FAM149B1",-0.341284788716453,0.0230849814160632,"FAM149B1",-0.878581379649788,7.97383013831444e-10
"ENSG00000138363","ATIC",-0.150148404880755,0.045329002827913,"ATIC",-0.140722390358125,0.0161055024727613
"ENSG00000138386","NAB1",-0.277252866413998,0.0401252798593984,"NAB1",-0.236960079768916,0.0440687125956378
"ENSG00000138399","FASTKD1",-0.264506706026217,0.0437539043384325,"FASTKD1",-0.233776343586892,0.043181240108857
"ENSG00000138439","FAM117B",-0.355306551838517,0.0340288518241237,"FAM117B",-0.959474248981892,8.86322907359808e-09
"ENSG00000138442","WDR12",-0.384846829896635,0.000857134237453567,"WDR12",-0.708314753799929,1.57654250142928e-13
"ENSG00000138587","MNS1",-0.39811772033361,0.0164102174572118,"MNS1",-1.16452029642737,1.87687557619968e-14
"ENSG00000138640","FAM13A",-0.814587745450814,1.57232825082603e-08,"FAM13A",-0.590789987433584,2.00332525934878e-06
"ENSG00000138660","AP1AR",-0.35974937276252,0.00211296829086983,"AP1AR",-0.545861372986101,1.18459681786207e-08
"ENSG00000138668","HNRNPD",-0.352871597316356,0.000105228524000394,"HNRNPD",-0.577721401958214,3.33894145224803e-15
"ENSG00000138696","BMPR1B",-0.673240009025687,0.00231442180775822,"BMPR1B",-0.578679816898153,0.00392634533417305
"ENSG00000138757","G3BP2",-0.466646325693389,6.84779494255987e-06,"G3BP2",-0.327601074001881,0.000224433930890915
"ENSG00000138759","FRAS1",-1.38119421009177,0.000795054167194262,"FRAS1",-1.09544009900065,0.00251118730556655
"ENSG00000138777","PPA2",-0.492680098837037,0.000332040653052904,"PPA2",-0.935941069012007,5.45208391398996e-15
"ENSG00000138821","SLC39A8",-0.76321909411977,1.1662497504452e-09,"SLC39A8",-0.635278857412448,4.35262354853466e-09
"ENSG00000139173","TMEM117",-0.491907056438768,0.0313639514005207,"TMEM117",-0.884055397022496,0.000279772174588715
"ENSG00000139218","SCAF11",-0.213966483416632,0.00443221089181097,"SCAF11",-0.272084428054227,4.13682034249607e-06
"ENSG00000139354","GAS2L3",-0.547771396442827,4.03077626229941e-05,"GAS2L3",-0.30896493818924,0.00698578817438381
"ENSG00000139437","TCHP",-0.262397335735744,0.0317939534628085,"TCHP",-0.227432570254206,0.0281192684047149
"ENSG00000139746","RBM26",-0.182312064299697,0.0202201595073705,"RBM26",-0.285464675847842,1.6810961745076e-06
"ENSG00000140025","EFCAB11",-0.759963828688121,0.000166052161953157,"EFCAB11",-1.05547732346702,1.35285001541078e-09
"ENSG00000140157","NIPA2",-0.239428204731951,0.0195673523694332,"NIPA2",-0.220186610898174,0.00784733451467468
"ENSG00000140263","SORD",-0.35444035604049,0.0429110016651996,"SORD",-0.710125600408291,1.23989631792344e-05
"ENSG00000140350","ANP32A",-0.302827263276733,0.000470902949859772,"ANP32A",-0.508815759390223,1.70676867986221e-13
"ENSG00000140382","HMG20A",-0.291297554459567,0.0449363327350045,"HMG20A",-0.396420776003547,0.00140620665300684
"ENSG00000140386","SCAPER",-0.448721781943561,0.00226392843997827,"SCAPER",-0.744611325757745,9.26553432857401e-09
"ENSG00000140391","TSPAN3",-0.273318543406125,0.00208459572496195,"TSPAN3",-0.408157389984786,8.40395746477421e-09
"ENSG00000140451","PIF1",-0.449871565412753,0.0193458107462106,"PIF1",-0.522696632394072,0.00303286187007571
"ENSG00000140455","USP3",-0.306645742742373,0.00311345545017582,"USP3",-0.378733408927175,9.47643020499056e-06
"ENSG00000140534","TICRR",-0.384145423587153,0.0330414760670624,"TICRR",-0.612634638922977,0.000204761936431963
"ENSG00000140632","GLYR1",-0.379103072616116,0.000356966849727632,"GLYR1",-0.285032365787002,0.00249117724290462
"ENSG00000140650","PMM2",-0.378771074191815,2.28940720548813e-05,"PMM2",-0.302851780953506,6.444613679956e-05
"ENSG00000140718","FTO",-0.609353142778381,6.68805258198627e-05,"FTO",-1.34686499306738,2.57321271698616e-23
"ENSG00000140740","UQCRC2",-0.303968432233703,0.00674541745713727,"UQCRC2",-0.419039082598524,5.34838590414492e-06
"ENSG00000140945","CDH13",-0.345715844417087,0.0449624241631267,"CDH13",-0.417904300983302,0.00789766216773841
"ENSG00000141349","G6PC3",-0.467654451695483,0.000119377690035122,"G6PC3",-0.54013470354293,1.19035628523504e-07
"ENSG00000141376","BCAS3",-0.797803372588793,0.00800555100847829,"BCAS3",-1.29440067959425,6.97853427902152e-05
"ENSG00000141384","TAF4B",-0.416387682295523,0.0211250958628443,"TAF4B",-0.391118709927479,0.0177082008281559
"ENSG00000141385","AFG3L2",-0.382964682490292,1.01409251783477e-08,"AFG3L2",-0.303394435680729,4.73399404043389e-08
"ENSG00000141401","IMPA2",-0.545426067157233,1.69956946867094e-06,"IMPA2",-0.554634076306881,6.43567415106613e-09
"ENSG00000141404","GNAL",-0.718338339530247,0.00740010515488417,"GNAL",-1.23458477548602,7.24161758128317e-06
"ENSG00000141429","GALNT1",-0.269516389991973,0.00304889093342689,"GALNT1",-0.391867007160063,8.18918296290932e-08
"ENSG00000141556","TBCD",-0.489319426237666,0.000324756166253282,"TBCD",-0.625054827797409,8.86187560518973e-08
"ENSG00000141569","TRIM65",-0.402534425142767,0.00260834930458111,"TRIM65",-0.743885038610461,6.73817585904109e-11
"ENSG00000141627","DYM",-0.793744926519021,7.14320442293468e-10,"DYM",-1.3083741927145,1.09170606500397e-31
"ENSG00000142687","KIAA0319L",-0.306471561378566,0.0147148632862325,"KIAA0319L",-0.899280636217108,8.94434758712336e-17
"ENSG00000142856","ITGB3BP",-0.335787344928093,0.0241646006518193,"ITGB3BP",-0.859127881612741,4.23934992223119e-11
"ENSG00000142864","SERBP1",-0.433180888247347,2.76092549638986e-13,"SERBP1",-0.353198063459237,6.15242962020382e-13
"ENSG00000142875","PRKACB",-0.980454396810413,1.51859271336907e-05,"PRKACB",-1.53804347922648,9.39801480898739e-15
"ENSG00000143013","LMO4",-0.339917893664634,0.021257001850141,"LMO4",-0.647714523661609,2.12977053280104e-07
"ENSG00000143162","CREG1",-0.391024609027947,0.0178926397575538,"CREG1",-0.817558521589493,3.79673483203171e-08
"ENSG00000143248","RGS5",-2.17394543104531,7.87384904464164e-05,"RGS5",-2.10126428081197,6.96142584919456e-06
"ENSG00000143319","ISG20L2",-0.316842492443775,0.00500594038194863,"ISG20L2",-0.3177057512412,0.000809088728637831
"ENSG00000143401","ANP32E",-0.510610901878638,1.59165398158808e-05,"ANP32E",-0.636716961136328,8.39761146919051e-11
"ENSG00000143476","DTL",-0.290152770776555,0.0315687635094184,"DTL",-0.289113911855526,0.0109212437171652
"ENSG00000143494","VASH2",-1.42289124389066,8.03401041838057e-05,"VASH2",-1.65799458351787,1.84326175635559e-07
"ENSG00000143633","FSAF1",-0.455322454299506,0.000109261021321747,"FSAF1",-0.451463863714814,5.38414032103706e-06
"ENSG00000143815","LBR",-0.291823603333411,0.0106639804408485,"LBR",-0.445134229945339,1.30395395293959e-06
"ENSG00000143919","CAMKMT",-0.760454825914656,0.00240877057001845,"CAMKMT",-0.851941799353812,0.000250396207704314
"ENSG00000143951","WDPCP",-0.863838621214583,0.000368015242026913,"WDPCP",-1.94361400336948,1.06660222423393e-13
"ENSG00000144161","ZC3H8",-0.382760149247688,0.000551075902821432,"ZC3H8",-0.363441361988868,0.000151426082052452
"ENSG00000144283","PKP4",-0.215586407151689,0.0402544243802422,"PKP4",-0.426076583171781,1.43278084169148e-07
"ENSG00000144331","ZNF385B",-1.3384770464977,0.00226392843997827,"ZNF385B",-1.07449678093838,0.0155255395159742
"ENSG00000144354","CDCA7",-0.509352108903025,0.000563596908839948,"CDCA7",-0.53227254812049,1.29570965769315e-05
"ENSG00000144366","GULP1",-1.50278162942438,0.00018246300936058,"GULP1",-1.3230516380425,6.21588386590361e-05
"ENSG00000144381","HSPD1",-0.518069688175413,2.33816087155249e-08,"HSPD1",-0.566251032214161,1.16142344574397e-13
"ENSG00000144455","SUMF1",-0.431977498839493,0.000419226965572552,"SUMF1",-0.681091260053193,2.12438777053131e-10
"ENSG00000144580","CNOT9",-0.320687444126563,9.61455303334236e-05,"CNOT9",-0.296989234405232,6.93417877950283e-06
"ENSG00000144642","RBMS3",-1.74675738701542,9.31819197118105e-12,"RBMS3",-2.04234474578394,1.01534947906043e-18
"ENSG00000144724","PTPRG",-0.638749061441301,2.36493760091075e-06,"PTPRG",-0.977730515185293,5.74539885586522e-17
"ENSG00000144840","RABL3",-0.495822880802037,0.00106122454168571,"RABL3",-0.381713022001093,0.00382556098028363
"ENSG00000145191","EIF2B5",-0.360490621926723,0.000104790850646344,"EIF2B5",-0.393294892234853,1.58430624515432e-07
"ENSG00000145331","TRMT10A",-0.43653044203158,0.00206348429688945,"TRMT10A",-0.524912210527894,2.10141459278587e-05
"ENSG00000145362","ANK2",-3.00886751153748,1.5506346210264e-12,"ANK2",-3.51612055821202,1.50535561891704e-10
"ENSG00000145375","AFG2A",-0.337900833970539,0.00707009076541863,"AFG2A",-0.685580048584401,4.8336404276113e-11
"ENSG00000145386","CCNA2",-0.341581211719249,0.0180977951497109,"CCNA2",-0.321440948745501,0.0105099565162876
"ENSG00000145414","NAF1",-0.28684027232444,0.0408635039461179,"NAF1",-0.518094911218789,5.85818528521853e-06
"ENSG00000145604","SKP2",-0.660761027216708,1.28667925580653e-09,"SKP2",-0.917097522326017,3.38765483312909e-24
"ENSG00000145675","PIK3R1",-0.827706439016201,2.5022966656443e-09,"PIK3R1",-0.730645700673903,1.22050910474393e-10
"ENSG00000145687","SSBP2",-1.4088158816084,1.00849431950747e-12,"SSBP2",-1.42861596656741,4.91472056793968e-14
"ENSG00000145703","IQGAP2",-0.756839184378867,0.0248377218134096,"IQGAP2",-2.3452093257939,1.52900299517217e-07
"ENSG00000145730","PAM",-0.346066303989627,0.00146623331221616,"PAM",-0.518323675518754,1.67912239380801e-07
"ENSG00000145743","FBXL17",-2.40106293087969,5.59816696529154e-24,"FBXL17",-2.77219868571978,4.59881991199058e-35
"ENSG00000145781","COMMD10",-1.18129665486677,7.80726213713326e-06,"COMMD10",-1.65005274557774,1.59258287610366e-13
"ENSG00000145882","PCYOX1L",-0.486769322218945,0.0351054590540314,"PCYOX1L",-0.659718955260313,0.00465160308061327
"ENSG00000145907","G3BP1",-0.52621961007013,3.5219334739754e-12,"G3BP1",-0.519131008916218,6.8558912665103e-17
"ENSG00000145919","BOD1",-0.46042045738223,9.17234871262331e-05,"BOD1",-0.898691647336494,1.55529811021833e-19
"ENSG00000145934","TENM2",-1.14957487559811,0.0068823250981909,"TENM2",-3.30962141240949,2.85218506139438e-09
"ENSG00000145982","FARS2",-1.06604795929744,2.61404665198964e-11,"FARS2",-1.74527628958278,2.74780143553629e-32
"ENSG00000145996","CDKAL1",-1.29820257027633,4.98580123152971e-18,"CDKAL1",-1.27944563015033,2.24636341497503e-23
"ENSG00000146223","RPL7L1",-0.271408991220897,0.000208353778682109,"RPL7L1",-0.293939849943569,4.73051089429096e-07
"ENSG00000146243","IRAK1BP1",-0.722950210954094,3.77164876203839e-06,"IRAK1BP1",-0.874708519253436,1.94672625475827e-10
"ENSG00000146281","PM20D2",-0.343614965328569,0.00793617011244349,"PM20D2",-0.602115501902193,2.36818145403137e-08
"ENSG00000146409","SLC18B1",-0.448667043616071,0.0105007120025267,"SLC18B1",-0.578936664548678,0.000230147416119678
"ENSG00000146416","AIG1",-0.367252289463084,0.0119449431255555,"AIG1",-0.54843207164234,1.50243737459209e-05
"ENSG00000146540","CHLSN",-0.328006640325871,7.40553470060633e-06,"CHLSN",-0.596193295527243,3.43507776902297e-24
"ENSG00000146731","CCT6A",-0.215729266211282,0.000173592129466549,"CCT6A",-0.139734834148309,0.00338709045261901
"ENSG00000146963","LUC7L2",-0.378893593862435,2.04083985077359e-05,"LUC7L2",-0.439598983448313,1.32657056441146e-09
"ENSG00000147044","CASK",-0.496002952135502,0.00101757689688809,"CASK",-0.835693316350112,8.55757927693131e-10
"ENSG00000147133","TAF1",-0.241079646609404,0.0388619279871189,"TAF1",-0.353728454547225,0.000236071714793184
"ENSG00000147202","DIAPH2",-1.35010398613517,6.65727406727022e-14,"DIAPH2",-1.43046826766084,2.31302945996847e-20
"ENSG00000147274","RBMX",-0.590965408364294,1.92939975986871e-12,"RBMX",-0.681329381805181,3.90174951441034e-23
"ENSG00000147419","CCDC25",-0.223998785047804,0.0304143772337713,"CCDC25",-0.411149763381832,2.91486843766087e-07
"ENSG00000147649","MTDH",-0.169373981909479,0.0111625218343006,"MTDH",-0.22482543126042,9.84145039100696e-06
"ENSG00000147687","TATDN1",-0.33508825530187,0.0106639804408485,"TATDN1",-0.399083023520326,0.000333105954613404
"ENSG00000147862","NFIB",-0.758932355639814,1.28667925580653e-09,"NFIB",-1.13410207063544,3.07879052010411e-27
"ENSG00000147905","ZCCHC7",-0.252399467463602,0.0461033190103101,"ZCCHC7",-0.701574049186147,5.37283268919016e-12
"ENSG00000147955","SIGMAR1",-0.380338382472874,7.85577195164875e-06,"SIGMAR1",-0.528330852448626,2.14329842798119e-14
"ENSG00000148143","ZNF462",-0.288557421803005,0.0396548861161198,"ZNF462",-0.410480118278887,0.000552418952594965
"ENSG00000148187","MRRF",-0.585929150185893,1.98694326565274e-07,"MRRF",-0.603491812992342,5.33992814303235e-11
"ENSG00000148229","POLE3",-0.410259418464857,1.90219329706915e-06,"POLE3",-0.489746679173246,1.49201717182517e-12
"ENSG00000148468","FAM171A1",-0.320439659183362,0.00946680286308151,"FAM171A1",-0.473709860855674,3.26829316124448e-06
"ENSG00000148484","RSU1",-0.238139016880573,0.0408635039461179,"RSU1",-0.441284686957075,2.38919139662471e-06
"ENSG00000148672","GLUD1",-0.451271002564653,3.20200745953799e-07,"GLUD1",-0.28387864360567,0.000254185669652302
"ENSG00000148680","HTR7",-0.490943934384599,0.032183073816114,"HTR7",-0.72046029444613,0.0019132342351169
"ENSG00000148840","PPRC1",-0.374701988834567,0.0016143595103021,"PPRC1",-0.253423839383429,0.0130891928782832
"ENSG00000148848","ADAM12",-2.25571205530532,6.36445926149595e-05,"ADAM12",-2.04734076394131,2.68344320209021e-08
"ENSG00000149084","HSD17B12",-0.281762530360018,0.0209047976685842,"HSD17B12",-0.294582243277212,0.00560424933827768
"ENSG00000149089","APIP",-0.53071071886733,0.000563596908839948,"APIP",-0.630507219619472,4.66177770016486e-07
"ENSG00000149136","SSRP1",-0.236425634728075,0.000255993671900968,"SSRP1",-0.277177395300949,5.72474317556982e-08
"ENSG00000149179","CSTPP1",-0.866939383386472,5.29019762502893e-05,"CSTPP1",-1.64870393221713,2.61909715045855e-18
"ENSG00000149256","TENM4",-1.45699180988788,2.09116723468325e-06,"TENM4",-0.711125116235406,0.00102217017587681
"ENSG00000149313","AASDHPPT",-0.245866822334038,0.00659571718698826,"AASDHPPT",-0.168629739554222,0.02768673710102
"ENSG00000149483","TMEM138",-0.386807945259478,0.000305407968491322,"TMEM138",-0.268033640830357,0.00281471131421555
"ENSG00000149531",NA,-1.07907773038731,2.36493760091075e-06,NA,-0.729372813637156,9.61185729394274e-05
"ENSG00000150456","EEF1AKMT1",-0.406063817876347,0.00384256288630217,"EEF1AKMT1",-0.467602442102318,9.7345669526297e-05
"ENSG00000150471","ADGRL3",-2.23911866472857,3.10072974241685e-07,"ADGRL3",-2.24769195997827,1.3727593103429e-08
"ENSG00000150627","WDR17",-0.681685661865831,0.0129532270657197,"WDR17",-0.99166266288317,0.000862192051784058
"ENSG00000150667","FSIP1",-0.577957251311655,0.041836254604381,"FSIP1",-1.35475535541956,0.000186360896821969
"ENSG00000150760","DOCK1",-0.408166352525947,0.00194023560212198,"DOCK1",-0.788466335982388,3.92218797912785e-12
"ENSG00000150995","ITPR1",-1.12801536853073,2.32435550527883e-06,"ITPR1",-1.68326111163542,5.79475590102354e-13
"ENSG00000151012","SLC7A11",-1.60549153442421,0.000114901140163336,"SLC7A11",-2.63191994317359,1.21033558923428e-13
"ENSG00000151136","ABTB3",-1.25388567197944,0.00159465557220453,"ABTB3",-2.57948971685787,2.57284610483064e-12
"ENSG00000151150","ANK3",-1.14517609518648,1.99541424147835e-05,"ANK3",-1.94181057556485,8.66655533251631e-15
"ENSG00000151229","SLC2A13",-0.834408163004177,0.000508085671294527,"SLC2A13",-1.53879408586638,4.61843365784948e-10
"ENSG00000151276","MAGI1",-0.834555267385282,1.6146817911853e-05,"MAGI1",-0.422723050619338,0.00726768767520242
"ENSG00000151320","AKAP6",-0.921390018303355,0.0139591728642942,"AKAP6",-1.05374017758564,0.00915448332346572
"ENSG00000151338","MIPOL1",-0.342171594919653,0.0429234823934104,"MIPOL1",-1.04283113345447,3.69033079855242e-10
"ENSG00000151413","NUBPL",-1.17252158834434,9.27676274301342e-30,"NUBPL",-1.22535932824368,1.24983804823442e-44
"ENSG00000151422","FER",-0.310503528121279,0.00716429722120566,"FER",-0.705183111547946,2.40538342992695e-13
"ENSG00000151502","VPS26B",-0.354812071489174,0.00357850038803903,"VPS26B",-0.591721091910353,5.61443278760069e-09
"ENSG00000151503","NCAPD3",-0.426707092870529,0.000117146037046259,"NCAPD3",-0.352363416991519,0.000136189370401701
"ENSG00000151532","VTI1A",-0.354280694561763,0.0134482317864267,"VTI1A",-0.599538297962135,2.08854934664862e-06
"ENSG00000151576","QTRT2",-0.484235326077311,5.42334003510677e-06,"QTRT2",-0.369996681650542,3.97017844201628e-05
"ENSG00000151632","AKR1C2",-1.04992436314305,0.00014101521720546,"AKR1C2",-1.22363854663844,1.33955574368678e-07
"ENSG00000151746","BICD1",-1.03298441981248,7.39500996470282e-10,"BICD1",-1.40279621366364,7.32250975720066e-23
"ENSG00000151779","NBAS",-0.517942723482995,0.000119655082843291,"NBAS",-0.424198604562278,0.000297509209693789
"ENSG00000151876","FBXO4",-0.959091813671005,7.79225812050505e-05,"FBXO4",-1.64675623698395,3.6995317357702e-14
"ENSG00000151917","BEND6",-1.26332098231721,7.8329853966981e-08,"BEND6",-2.06413574203166,2.77992742835938e-21
"ENSG00000152061","RABGAP1L",-1.10530598671764,1.22663044322069e-09,"RABGAP1L",-1.39225391767429,4.96066173464869e-19
"ENSG00000152348","ATG10",-0.711379751638969,7.67656290083238e-05,"ATG10",-1.37642957610728,6.12042711743928e-17
"ENSG00000152402","GUCY1A2",-1.14572686310038,0.00574053409199339,"GUCY1A2",-1.41506388481583,0.0036224483701856
"ENSG00000152413","HOMER1",-0.251480819242725,0.0148762169326607,"HOMER1",-0.49509836197141,1.01247693024331e-09
"ENSG00000152422","XRCC4",-0.517395115932132,0.000775345466643944,"XRCC4",-0.761829801991438,5.4098632225697e-09
"ENSG00000152556","PFKM",-0.327729271296602,0.00472380586956688,"PFKM",-0.303106368244969,0.00222086120773631
"ENSG00000152620","NADK2",-0.282455583514821,0.0217934999622113,"NADK2",-0.543848319602028,6.89344707614965e-08
"ENSG00000152818","UTRN",-0.798497873220306,1.26046267348893e-05,"UTRN",-0.52388562582431,0.000546501524358279
"ENSG00000153015","CWC27",-0.34033279862917,0.000128010102397926,"CWC27",-0.515556186020644,5.89456753123019e-13
"ENSG00000153560","UBP1",-0.652058944193819,1.06977009305148e-13,"UBP1",-0.576488442950383,1.28236982624197e-15
"ENSG00000153574","RPIA",-0.339972769041319,0.00714402311598961,"RPIA",-0.402621733899835,9.42418604706289e-05
"ENSG00000153885","KCTD15",-0.602491013866578,0.00171500847043015,"KCTD15",-0.645230096517733,0.000128867501264154
"ENSG00000153914","SREK1",-0.253548506672381,0.00209071145532724,"SREK1",-0.534728880757914,3.34194106139263e-17
"ENSG00000153936","HS2ST1",-0.421660642080319,5.54331517794512e-05,"HS2ST1",-0.480609580278522,2.67885072303606e-08
"ENSG00000153976","HS3ST3A1",-1.17342448721728,1.2843273420271e-18,"HS3ST3A1",-1.47482577531875,5.8581314600654e-44
"ENSG00000154059","IMPACT",-0.623663244347905,2.93244450476526e-07,"IMPACT",-1.02316577710136,6.0442400984228e-23
"ENSG00000154122","ANKH",-0.405216661404199,0.00763400382759643,"ANKH",-0.604869418395608,3.81389651446941e-06
"ENSG00000154188","ANGPT1",-2.6576523582811,2.12524202249978e-09,"ANGPT1",-1.6377489843518,0.00106515722213413
"ENSG00000154229","PRKCA",-0.43038757370015,0.0157537728162132,"PRKCA",-0.405913769096643,0.00573680924761718
"ENSG00000154237","LRRK1",-0.5234375211226,0.000645062762946372,"LRRK1",-0.614872881844104,5.04966025514651e-06
"ENSG00000154240","CEP112",-1.15664501786358,0.000680978290568541,"CEP112",-1.35768739384307,2.37759266919954e-06
"ENSG00000154328","NEIL2",-0.387277657888175,0.00315785879751598,"NEIL2",-0.330785093504918,0.0025756746460133
"ENSG00000154359","LONRF1",-0.370683084746348,0.00731028025179304,"LONRF1",-0.303707152893825,0.0107114671013289
"ENSG00000154518","ATP5MC3",-0.328024830156309,0.00230592427568294,"ATP5MC3",-0.467814948337124,1.047240313461e-07
"ENSG00000154556","SORBS2",-1.1604761069845,1.6166343968864e-08,"SORBS2",-0.567921187397622,0.00293091721446326
"ENSG00000154814","OXNAD1",-0.378994580625042,0.00842396972180999,"OXNAD1",-0.444080094544325,0.000192914543002538
"ENSG00000155016","CYP2U1",-0.991135184679764,0.000175314010390543,"CYP2U1",-1.21699450848863,5.48039899516019e-06
"ENSG00000155085","AK9",-0.800466833821011,0.00166647499063408,"AK9",-0.873898893352452,0.000206086181246238
"ENSG00000155158","TTC39B",-0.809591705865263,0.00179481235185139,"TTC39B",-1.44254055966995,8.21039642346978e-08
"ENSG00000155189","AGPAT5",-0.26264983161381,0.00205597938675014,"AGPAT5",-0.440621544511936,3.77099917430095e-11
"ENSG00000155380","SLC16A1",-0.315341279335726,1.44664462950714e-05,"SLC16A1",-0.468736237861272,5.52993888795237e-16
"ENSG00000155393","HEATR3",-0.268968044053911,0.0389239843729246,"HEATR3",-0.31283982295437,0.00497703916106133
"ENSG00000155463","OXA1L",-0.35770212732051,0.00025010033622978,"OXA1L",-0.236682253069959,0.00493042997875507
"ENSG00000155506","LARP1",-0.241048295863123,0.0454785216297811,"LARP1",-0.22766503132585,0.0247045197895122
"ENSG00000155827","RNF20",-0.337017023171966,0.000613221156118716,"RNF20",-0.260527289325857,0.00200958511277975
"ENSG00000156017","CARNMT1",-0.372721609212924,0.000491338326617033,"CARNMT1",-0.396645750561517,1.19326113721207e-05
"ENSG00000156110","ADK",-1.16191639920717,3.46066118973697e-20,"ADK",-1.52775040939309,2.19892418973264e-46
"ENSG00000156463","SH3RF2",-0.500453280905653,0.0120370501515733,"SH3RF2",-2.25569867849413,8.10662440660577e-26
"ENSG00000156521","TYSND1",-0.4537163107988,0.000192076626536411,"TYSND1",-0.490024675546271,3.16203545338783e-06
"ENSG00000156697","UTP14A",-0.560501719670473,7.56760306891558e-09,"UTP14A",-0.532456498566106,7.77017980711825e-11
"ENSG00000156958","GALK2",-0.535020379745178,0.000637707456791717,"GALK2",-0.730238577037122,6.67798946392339e-08
"ENSG00000157193","LRP8",-0.918041175854941,1.70534336342208e-08,"LRP8",-1.41698081398483,6.4269661699919e-26
"ENSG00000157216","SSBP3",-0.267065075245668,0.0393630283301383,"SSBP3",-0.367944839646609,0.000710350172741121
"ENSG00000157259","GATAD1",-0.361551390976165,0.00229455315338449,"GATAD1",-0.534726428017555,6.22101284851887e-08
"ENSG00000157470","FAM81A",-0.83998817640695,0.000220868876162282,"FAM81A",-0.709901688654099,0.000141318712978259
"ENSG00000157617","C2CD2",-0.295235287601757,0.00771040372368318,"C2CD2",-0.507993002151194,1.51069597157986e-08
"ENSG00000157778","PSMG3",-0.300755738720824,0.0238211859516243,"PSMG3",-0.439978427204522,6.16457167957162e-05
"ENSG00000158019","BABAM2",-0.685965530000501,0.000171463836567609,"BABAM2",-1.29433057835976,3.70878490356277e-14
"ENSG00000158406","H4C8",-0.654942585038755,0.0202577675446783,"H4C8",-1.38539080020609,0.000145467698798456
"ENSG00000158483","FAM86C1P",-0.509145558082308,0.0338598046017645,"FAM86C1P",-0.653559243740271,0.00279230852758969
"ENSG00000158528","PPP1R9A",-0.738618182860081,0.0151876022509195,"PPP1R9A",-0.584441364675707,0.0394881496112445
"ENSG00000158615","PPP1R15B",-0.348065808916604,0.000816000756117986,"PPP1R15B",-0.230933994323736,0.0119355103388814
"ENSG00000158711","ELK4",-0.25927208969374,0.0498504263609605,"ELK4",-0.333171268905857,0.00268490764208844
"ENSG00000158966","CACHD1",-0.611370670738445,0.0236799221952135,"CACHD1",-0.473418476938913,0.0456445846425618
"ENSG00000159023","EPB41",-0.472829891444361,0.000249814792700606,"EPB41",-0.40687583051602,0.000317273866723413
"ENSG00000159199","ATP5MC1",-0.306622808127407,0.00525211021646642,"ATP5MC1",-0.362302822075597,6.3561743678715e-05
"ENSG00000159267","HLCS",-0.562068985357208,0.000273453421190366,"HLCS",-1.18636796715039,5.52533597353771e-17
"ENSG00000159445","THEM4",-0.642247018337268,0.000101900962822222,"THEM4",-0.954933273506215,1.60720607960044e-11
"ENSG00000160007","ARHGAP35",-0.300521142635138,0.0209107506336683,"ARHGAP35",-0.292954182758906,0.00982520409174578
"ENSG00000160049","DFFA",-0.22003972565683,0.00532013123761878,"DFFA",-0.171761701852014,0.00839096405459378
"ENSG00000160131","VMA21",-0.1849658277305,0.0442330121050497,"VMA21",-0.340393861384865,7.26451482761719e-07
"ENSG00000160193","WDR4",-0.699575661909246,1.29435350395077e-08,"WDR4",-0.568962063380855,4.66504967221314e-09
"ENSG00000160633","SAFB",-0.390572153399689,0.00534514992313997,"SAFB",-0.29872131364918,0.0158789706434507
"ENSG00000160679","CHTOP",-0.349283665862048,0.000175906896732837,"CHTOP",-0.234258109055717,0.0033261951511975
"ENSG00000160746","ANO10",-0.51256256219216,6.50052797155893e-05,"ANO10",-0.655590670928753,2.72689031361013e-09
"ENSG00000161179","YDJC",-0.387275813572085,0.00107688888028072,"YDJC",-0.481391598906314,9.68658869776549e-07
"ENSG00000161267","BDH1",-0.916350999226887,3.90744145729526e-10,"BDH1",-0.587664960231545,9.55027542816481e-07
"ENSG00000161547","SRSF2",-0.614349092232463,5.44306068450352e-08,"SRSF2",-0.611712849129806,3.41203564627227e-11
"ENSG00000161618","ALDH16A1",-0.298593662012819,0.0397309862412144,"ALDH16A1",-0.383820795823285,0.00237251703206385
"ENSG00000161980","POLR3K",-0.351194308452867,0.00570320515525437,"POLR3K",-0.334385249688999,0.00157666913481285
"ENSG00000162073","PAQR4",-0.550635253441431,0.00164951453376402,"PAQR4",-0.831195239638421,3.2438419145593e-08
"ENSG00000162337","LRP5",-0.530698605495507,0.00142203531833046,"LRP5",-0.451800243370528,0.00200542879411873
"ENSG00000162368","CMPK1",-0.386918800209189,1.79220227533181e-06,"CMPK1",-0.487388670224714,4.53471200246094e-13
"ENSG00000162377","COA7",-0.334486620151786,0.000978151280489848,"COA7",-0.392018484865308,2.09077323690473e-06
"ENSG00000162521","RBBP4",-0.217984157671858,0.0219158369531866,"RBBP4",-0.237549193647964,0.00171009108503025
"ENSG00000162599","NFIA",-0.544341171938654,4.21269129238548e-09,"NFIA",-0.651747105943815,2.51310872863924e-17
"ENSG00000162607","USP1",-0.30466355995963,0.00669109246534088,"USP1",-0.530276212223488,3.31475780858651e-09
"ENSG00000162613","FUBP1",-0.229597889326785,0.0170988891280094,"FUBP1",-0.196006323565312,0.0135840303339424
"ENSG00000162694","EXTL2",-0.666048647560028,1.64706489140843e-05,"EXTL2",-1.0609764711358,1.7016112447218e-15
"ENSG00000162814","SPATA17",-2.03243474493508,8.60137438946594e-05,"SPATA17",-2.22116720402867,1.05274479676835e-05
"ENSG00000162885","B3GALNT2",-0.268887128091794,0.0204213912745773,"B3GALNT2",-0.236690862375991,0.0167935054131793
"ENSG00000162980","ARL5A",-0.443007789531874,0.00253692542763476,"ARL5A",-0.350071544693171,0.00613709706606524
"ENSG00000163328","GPR155",-1.39819745798008,5.25300454695011e-06,"GPR155",-1.18478665378935,0.000121645982268407
"ENSG00000163359","COL6A3",-0.762522203138825,0.0210334830296968,"COL6A3",-1.17244551962525,0.00881045347792338
"ENSG00000163389","POGLUT1",-0.372452354787943,0.00427303544949194,"POGLUT1",-0.37781685866509,0.000508715086568155
"ENSG00000163428","LRRC58",-0.329277897199448,0.000814036970376478,"LRRC58",-0.335800882135566,3.38847155722888e-05
"ENSG00000163512","AZI2",-0.271755712167257,0.0319749587862247,"AZI2",-0.566098192980017,5.40052759932541e-08
"ENSG00000163541","SUCLG1",-0.289513545126205,0.0204332573525706,"SUCLG1",-0.27759476292335,0.00920182290597532
"ENSG00000163584","RPL22L1",-2.11859965823716,1.9134554400496e-79,"RPL22L1",-2.02053342857606,1.95611303660792e-104
"ENSG00000163590","PPM1L",-2.74992777235969,2.65714837695002e-06,"PPM1L",-2.76840556687477,2.84914114619365e-06
"ENSG00000163597","SNHG16",-0.357440279734055,0.000229352822021104,"SNHG16",-0.362090192972244,6.55045505117363e-06
"ENSG00000163626","COX18",-0.579268344342215,6.92465422083316e-05,"COX18",-0.823232254830369,3.76767689227842e-12
"ENSG00000163655","GMPS",-0.413336480688031,0.00168500741599972,"GMPS",-0.519708894598576,2.69362640050869e-06
"ENSG00000163683","SMIM14",-0.656458629683912,0.00520992967919414,"SMIM14",-1.93092668480534,5.92320681272437e-13
"ENSG00000163684","RPP14",-0.351664263954436,0.0259894957605253,"RPP14",-0.35366061363046,0.0130428811535232
"ENSG00000163710","PCOLCE2",-1.26433449304161,0.000288975661980312,"PCOLCE2",-1.89158800763373,1.08923336606566e-07
"ENSG00000163938","GNL3",-0.322247402979236,0.0253792528677446,"GNL3",-0.425703940410622,0.000576777426084224
"ENSG00000163946","TASOR",-0.254303375090135,0.0119723934075212,"TASOR",-0.687218064814605,3.50623726876799e-18
"ENSG00000163950","SLBP",-0.273707918146542,0.00995631857728597,"SLBP",-0.369393823905885,6.68531374526554e-06
"ENSG00000163964","PIGX",-0.251815200142968,0.0205900854292087,"PIGX",-0.596467407662295,2.79979822816884e-12
"ENSG00000164038","SLC9B2",-0.501701742053626,0.000109394631832008,"SLC9B2",-0.547395926312838,5.90927896110238e-07
"ENSG00000164086","DUSP7",-0.364389563962113,0.00722946082669819,"DUSP7",-0.521874511241546,2.66512096704738e-06
"ENSG00000164091","WDR82",-0.563290545420622,2.38034497460271e-12,"WDR82",-0.372441515658134,2.36138177286458e-08
"ENSG00000164104","HMGB2",-0.519538722768528,0.00150089518171487,"HMGB2",-1.03499020537329,8.09863808635715e-13
"ENSG00000164105","SAP30",-0.397951499667136,0.0120390588955389,"SAP30",-0.381531568309773,0.00493023672720965
"ENSG00000164163","ABCE1",-0.216391338252974,0.00816371707644046,"ABCE1",-0.23950670409389,0.000204267828672505
"ENSG00000164182","NDUFAF2",-0.51050200424463,3.30957417737776e-05,"NDUFAF2",-1.07513509943229,2.74244216079344e-25
"ENSG00000164291","ARSK",-0.580596062596175,1.71028072329047e-05,"ARSK",-0.93548003799669,6.16461545071316e-16
"ENSG00000164292","RHOBTB3",-0.557140048888682,8.32447319740861e-06,"RHOBTB3",-0.972307688978105,5.40777968517416e-18
"ENSG00000164323","CFAP97",-0.241271064322508,0.00463560261178425,"CFAP97",-0.338219932167817,4.4545229756638e-07
"ENSG00000164494","PDSS2",-1.32509653231096,4.51143926021195e-13,"PDSS2",-1.40219163117855,8.96251784011438e-20
"ENSG00000164574","GALNT10",-0.280856004656294,0.0239268557587202,"GALNT10",-0.62772094715575,1.10566969673177e-09
"ENSG00000164684","ZNF704",-0.621090520050125,0.00690778689120339,"ZNF704",-1.49607297183668,7.33541699684027e-11
"ENSG00000164687","FABP5",-0.801254587710502,7.49328025798194e-08,"FABP5",-0.949118068808469,8.55838750295196e-15
"ENSG00000164808","SPIDR",-0.436032288156625,0.0209047976685842,"SPIDR",-1.4072384864269,1.79816714835998e-12
"ENSG00000164818","DNAAF5",-0.450757148789149,1.3631674182598e-07,"DNAAF5",-0.432784726364053,9.5620557382674e-10
"ENSG00000164961","WASHC5",-0.32711586756167,0.0233596672078417,"WASHC5",-0.342834263507281,0.00762685418929463
"ENSG00000164985","PSIP1",-0.323756615776862,0.0119819642194377,"PSIP1",-0.727445575947678,7.67441178367892e-12
"ENSG00000164989","CCDC171",-1.26189643571262,0.000206296301821955,"CCDC171",-1.42358644560469,2.58805385641765e-06
"ENSG00000165030","NFIL3",-0.592622287950632,0.00315785879751598,"NFIL3",-0.39221732280072,0.0257412505683068
"ENSG00000165119","HNRNPK",-0.156589439585088,0.0377237846562893,"HNRNPK",-0.166407873132951,0.00428943512500415
"ENSG00000165156","ZHX1",-0.554937797689313,3.31505246586175e-08,"ZHX1",-0.417929252146813,7.97234545630898e-07
"ENSG00000165280","VCP",-0.194309408113647,0.00487676002289656,"VCP",-0.277746429092685,1.33769225067076e-07
"ENSG00000165449","SLC16A9",-0.956392068467514,0.00158301995207257,"SLC16A9",-1.08038898923295,7.59698933539042e-05
"ENSG00000165506","DNAAF2",-0.436582705588272,0.0110573059142224,"DNAAF2",-0.484111571596213,0.00172448184341702
"ENSG00000165526","RPUSD4",-0.268700305658086,0.0107810717050509,"RPUSD4",-0.257000528836263,0.00313070178995692
"ENSG00000165675","ENOX2",-0.436486189446691,0.000110357317575872,"ENOX2",-0.906943266378215,2.75927211665182e-20
"ENSG00000166033","HTRA1",-0.674398224274153,0.00955718730612346,"HTRA1",-2.15434422745134,1.46114989168527e-14
"ENSG00000166086","JAM3",-0.29389443689717,0.0251147407761283,"JAM3",-0.610257597539307,3.75958667321481e-08
"ENSG00000166133","RPUSD2",-0.304575433928258,0.0317174652211684,"RPUSD2",-0.407348611162155,0.000598283620917267
"ENSG00000166181","API5",-0.207115543491837,0.0379899246113245,"API5",-0.165053956042002,0.0452005832325363
"ENSG00000166197","NOLC1",-0.406169800036946,1.10773318115019e-07,"NOLC1",-0.477988943985459,1.8010615964606e-14
"ENSG00000166200","COPS2",-0.276610073352535,0.0123633154395442,"COPS2",-0.308552075737215,0.000765173942293469
"ENSG00000166250","CLMP",-1.4681042307828,2.03461895152358e-26,"CLMP",-1.97232084140936,4.15126921275307e-68
"ENSG00000166263","STXBP4",-0.398352602773173,0.00921899794020084,"STXBP4",-0.425102745630191,0.0020923042853544
"ENSG00000166479","TMX3",-0.319055514873215,0.0051366102267318,"TMX3",-0.749649517397083,1.05277962737626e-15
"ENSG00000166508","MCM7",-0.391637775801634,0.00192382672071694,"MCM7",-0.469215482633901,8.05016610646882e-06
"ENSG00000166598","HSP90B1",-0.513650423770817,1.63855334716503e-06,"HSP90B1",-0.801890822423372,8.93721196758668e-20
"ENSG00000166780","BMERB1",-1.34985721224346,3.06611447426185e-06,"BMERB1",-1.2628620450396,6.71743811244285e-08
"ENSG00000166803","PCLAF",-0.407234755557389,0.00256825474823567,"PCLAF",-0.864521111765355,5.71821955945669e-14
"ENSG00000166825","ANPEP",-0.381185321711543,0.010019031622783,"ANPEP",-0.770340999525715,1.17554505227314e-09
"ENSG00000166938","DIS3L",-0.610196621334368,3.77573466993987e-06,"DIS3L",-0.734114676044493,1.78730851770971e-12
"ENSG00000166963","MAP1A",-1.14388092704597,0.00046347625061138,"MAP1A",-0.6209806175455,0.0109976226316125
"ENSG00000167004","PDIA3",-0.271304719644697,0.0427135330475768,"PDIA3",-0.49888855738506,5.38482561810926e-06
"ENSG00000167216","KATNAL2",-1.54938223446933,2.84555986477587e-05,"KATNAL2",-1.3934021340684,4.56597678540546e-06
"ENSG00000167291","TBC1D16",-0.412382435220736,0.00100834509388733,"TBC1D16",-0.396929178072249,0.00025314048642594
"ENSG00000167632","TRAPPC9",-1.08366279732323,0.00124329093254411,"TRAPPC9",-1.20691296681508,0.000128770052282759
"ENSG00000167700","MFSD3",-0.464023515270696,0.00295359231159847,"MFSD3",-0.857482538569224,6.64459368513551e-10
"ENSG00000167721","TSR1",-0.244636864830109,0.000153293581496682,"TSR1",-0.359674753522925,5.45073537722126e-13
"ENSG00000167775","CD320",-0.324969862588197,0.0166260061027834,"CD320",-0.313669129353619,0.00674981097896098
"ENSG00000167969","ECI1",-0.227358523804963,0.0354309464627252,"ECI1",-0.188992055641136,0.0427831346465861
"ENSG00000168003","SLC3A2",-0.357220703312417,0.0200191581165,"SLC3A2",-0.652156367280382,9.69980709896774e-07
"ENSG00000168078","PBK",-0.484188887816012,0.00542361040678255,"PBK",-0.599163113343612,8.61233887081318e-05
"ENSG00000168243","GNG4",-0.876021195177495,2.82706892615661e-05,"GNG4",-1.34498850510984,1.53679471685307e-15
"ENSG00000168286","THAP11",-0.381360589372599,0.0013342554334739,"THAP11",-0.576697135639883,3.30124023062693e-09
"ENSG00000168297","PXK",-0.724992267342366,6.82061611114312e-05,"PXK",-0.775874350232821,1.91841159789155e-07
"ENSG00000168398","BDKRB2",-0.474984776770287,0.0314743001871944,"BDKRB2",-1.75473995121801,1.05952316933943e-12
"ENSG00000168734","PKIG",-0.622142914067345,0.00173907922621848,"PKIG",-1.13089616261153,2.24828672823945e-10
"ENSG00000168872","DDX19A",-0.245350484617545,0.048054439834808,"DDX19A",-0.240238659202105,0.0224320175775994
"ENSG00000168874","ATOH8",-1.77972465496913,2.53326652234154e-05,"ATOH8",-2.28365085690871,9.67524694620788e-08
"ENSG00000168883","USP39",-0.332742086048404,0.00346863927541477,"USP39",-0.203249643619517,0.0423215190108231
"ENSG00000168936","TMEM129",-0.809831737745834,1.95634643335812e-06,"TMEM129",-1.0035990473353,2.72713319159243e-11
"ENSG00000169084","DHRSX",-0.68042714616471,7.48756994265671e-08,"DHRSX",-0.606982818470397,1.03374940420117e-08
"ENSG00000169093","ASMTL",-0.328196626323561,0.0431131361528273,"ASMTL",-0.615809419579477,2.2972244975582e-05
"ENSG00000169139","UBE2V2",-0.175799710149707,0.0473777854434893,"UBE2V2",-0.358554392619712,3.47077900959191e-08
"ENSG00000169375","SIN3A",-0.28965563156427,0.0108760561840508,"SIN3A",-0.249561844171746,0.0095134767443802
"ENSG00000169410","PTPN9",-0.304871467780184,0.037675146830629,"PTPN9",-1.22271615512997,8.88845585599938e-20
"ENSG00000169564","PCBP1",-0.230901080702613,0.00328285575145843,"PCBP1",-0.359135242949047,3.4831722209537e-09
"ENSG00000169570","DTWD2",-0.964824458484673,5.42458444748396e-05,"DTWD2",-1.07367190219958,3.15204610687455e-06
"ENSG00000169604","ANTXR1",-0.436701623131588,0.00655766537021674,"ANTXR1",-0.88028199876148,1.14932814139619e-09
"ENSG00000169684","CHRNA5",-0.439199840364765,0.001522391943484,"CHRNA5",-0.536995915597134,3.32269673433799e-06
"ENSG00000169714","CNBP",-0.463370786034143,1.0563040602028e-07,"CNBP",-0.738103301451957,8.91766887683754e-25
"ENSG00000169718","DUS1L",-0.269412328539718,0.0149315504956226,"DUS1L",-0.258180491094802,0.00511900726911157
"ENSG00000169750","RAC3",-0.953768291688652,3.25300114915212e-05,"RAC3",-1.1770142458764,2.74962970322044e-09
"ENSG00000169752","NRG4",-0.610524160622113,0.0297164680597432,"NRG4",-1.7226852927148,0.000359663182907673
"ENSG00000169813","HNRNPF",-0.550409808470209,5.93354735767273e-11,"HNRNPF",-0.65685755065757,1.10479026811528e-21
"ENSG00000169855","ROBO1",-1.0623104458865,1.10445170709824e-12,"ROBO1",-1.29721657842314,2.74103578943231e-24
"ENSG00000169857","AVEN",-0.344530929169425,0.0195673523694332,"AVEN",-0.755612368930696,4.63330756755602e-09
"ENSG00000170027","YWHAG",-0.519591968313476,5.19091668239374e-11,"YWHAG",-0.660091484395087,2.92971506449195e-24
"ENSG00000170234","PWWP2A",-0.265842166829661,0.00542361040678255,"PWWP2A",-0.257293091059261,0.000846964161394311
"ENSG00000170310","STX8",-1.08325512666455,5.92012576046391e-11,"STX8",-1.70238177870376,3.52139181999497e-34
"ENSG00000170364","SETMAR",-0.396693305748948,0.0289686603321811,"SETMAR",-0.344450686004296,0.037415693355453
"ENSG00000170430","MGMT",-0.704192494598646,5.27125029799872e-05,"MGMT",-0.924370851198157,9.14226473351419e-10
"ENSG00000170515","PA2G4",-0.213867223828782,0.00387200607820378,"PA2G4",-0.243382991814082,2.74966988203695e-05
"ENSG00000170522","ELOVL6",-0.595099186629011,1.1496835613389e-07,"ELOVL6",-0.699952312878727,1.40712168188879e-13
"ENSG00000170689","HOXB9",-0.541728262445598,0.0358362242364309,"HOXB9",-1.49949025781957,8.4006455311037e-07
"ENSG00000170854","RIOX2",-0.296563565445523,0.00386077426022142,"RIOX2",-0.391155090555446,3.10724135141306e-06
"ENSG00000170876","TMEM43",-0.270148618289497,0.00314078510866699,"TMEM43",-0.385654801585924,3.45449047341035e-07
"ENSG00000170917","NUDT6",-0.625188573311023,0.00493005572794338,"NUDT6",-0.980105246744138,8.44291407454689e-06
"ENSG00000171004","HS6ST2",-0.412941240210191,0.0268616924388286,"HS6ST2",-0.455765921446491,0.00877620637238197
"ENSG00000171169","NAIF1",-0.561339679530633,0.00106957762057544,"NAIF1",-0.756821462538321,1.48737921132858e-06
"ENSG00000171208","NETO2",-0.211673307777007,0.0189828206244736,"NETO2",-0.438218553526926,1.29528156085478e-10
"ENSG00000171530","TBCA",-0.251468428748376,0.0102046089920291,"TBCA",-0.399751780367103,2.20007528144637e-07
"ENSG00000171574","ZNF584",-0.301783527938085,0.0491819451264106,"ZNF584",-0.309590568996852,0.0216295377916666
"ENSG00000171723","GPHN",-1.52083967200929,4.36820616269202e-15,"GPHN",-1.41067849165772,2.62514326486068e-18
"ENSG00000171724","VAT1L",-0.529087242543111,0.0472101890362556,"VAT1L",-1.00435832470635,0.0190446995129119
"ENSG00000171848","RRM2",-0.376063498533593,0.00806778462331359,"RRM2",-0.535027778630756,8.26461626715141e-06
"ENSG00000171865","RNASEH1",-0.556077118980556,1.98166085146573e-08,"RNASEH1",-0.638937350761498,2.34495387731383e-15
"ENSG00000171914","TLN2",-0.899432060230562,3.3612671819492e-08,"TLN2",-0.586218620014573,2.54543887190644e-05
"ENSG00000172115","CYCS",-0.378339062769205,2.8414647980123e-05,"CYCS",-0.377518027758725,4.12458981624523e-07
"ENSG00000172260","NEGR1",-0.632073191677083,0.0403117186937078,"NEGR1",-2.91523885242265,1.31346630533372e-07
"ENSG00000172339","ALG14",-0.700081104964178,2.97284742817652e-05,"ALG14",-0.757368591489504,2.10894093631797e-07
"ENSG00000172340","SUCLG2",-0.99019775398088,3.46470142520027e-14,"SUCLG2",-1.37317822279537,2.99703610819701e-35
"ENSG00000172469","MANEA",-0.769110029242527,0.000469198157974727,"MANEA",-0.887754491806609,3.64695285272742e-06
"ENSG00000172819","RARG",-0.48064989761285,0.00133390682792432,"RARG",-0.545448514338019,2.81680019328501e-05
"ENSG00000172915","NBEA",-2.54709562389724,7.01007335308155e-06,"NBEA",-1.20893398327076,0.000979198088645236
"ENSG00000172985","SH3RF3",-1.01961642098725,0.000121262198386896,"SH3RF3",-1.61604214049332,9.22197850021094e-11
"ENSG00000172986","GXYLT2",-0.913810988413471,1.9630727458576e-07,"GXYLT2",-1.06793511549835,3.69936068659028e-13
"ENSG00000173085","COQ2",-0.447688938554908,0.000334191973808155,"COQ2",-0.621327783814982,1.96373414120607e-09
"ENSG00000173163","COMMD1",-1.1269834073279,9.79678374699391e-19,"COMMD1",-1.12975151709031,1.72646052599702e-25
"ENSG00000173409","ARV1",-0.321614744462987,0.0204502932301564,"ARV1",-0.567941978545855,2.15994908877489e-06
"ENSG00000173436","MICOS10",-0.192036495965391,0.0378626889089486,"MICOS10",-0.266240645717128,0.000232518168493133
"ENSG00000173473","SMARCC1",-0.259805279471087,0.00211296829086983,"SMARCC1",-0.441380145139014,3.34633714818746e-11
"ENSG00000173482","PTPRM",-0.465448751193014,0.00987640651530199,"PTPRM",-0.962086761317311,2.03371591702839e-08
"ENSG00000173588","CEP83",-0.350329716086558,0.0174353662951032,"CEP83",-0.400581275842084,0.00180289196598027
"ENSG00000173599","PC",-1.10801245666211,0.00070574650220646,"PC",-1.2256759562319,3.34378463776669e-05
"ENSG00000173638","SLC19A1",-0.470143569730814,0.000993451650164094,"SLC19A1",-0.531536612269156,7.29696853282779e-06
"ENSG00000173674","EIF1AX",-0.266760116204367,0.00299075518899068,"EIF1AX",-0.290476438130967,6.73296433918679e-05
"ENSG00000173950","XXYLT1",-0.626568328199075,3.40944337567614e-05,"XXYLT1",-1.11932200396274,6.72959145974663e-18
"ENSG00000174013","FBXO45",-0.311940831664434,0.00101274299849663,"FBXO45",-0.222589326166068,0.00589848538642441
"ENSG00000174173","TRMT10C",-0.398055295990169,9.04248381297672e-05,"TRMT10C",-0.529952185073846,2.98870432778331e-10
"ENSG00000174206","KICS2",-0.634857642622076,0.00315785879751598,"KICS2",-0.618582296647726,0.000698816415583861
"ENSG00000174500","GCSAM",-1.72971207948986,0.00133980848987884,"GCSAM",-0.896565465027433,0.0257771190740559
"ENSG00000174579","MSL2",-0.260654685326332,0.0240037038593263,"MSL2",-0.195425724677502,0.0401513786987646
"ENSG00000174606","ANGEL2",-0.254089174201138,0.0164693286140709,"ANGEL2",-0.349141927209128,5.76976359278735e-05
"ENSG00000174628","IQCK",-0.523176225690148,0.0231905197135177,"IQCK",-1.61282492744622,3.79851533799183e-09
"ENSG00000174749","FAM241A",-0.375383803044525,0.020906643485492,"FAM241A",-0.797916872834104,1.47477745956448e-08
"ENSG00000174839","DENND6A",-0.457739972210268,0.00884330293440208,"DENND6A",-0.774594286081075,5.10953664792637e-07
"ENSG00000174891","RSRC1",-0.530252929197396,5.54620184434938e-07,"RSRC1",-0.897757836935558,1.08936378359377e-24
"ENSG00000175048","ZDHHC14",-0.677677970378231,4.41527493040014e-05,"ZDHHC14",-0.94551550363693,8.11450939765835e-12
"ENSG00000175198","PCCA",-0.646471990895095,0.00469230935489537,"PCCA",-1.39567908287117,1.7092636956075e-09
"ENSG00000175279","CENPS",-0.314403920536153,0.0216916777775072,"CENPS",-0.658150853518131,4.6356723541331e-09
"ENSG00000175354","PTPN2",-0.186800357004158,0.0445647685059587,"PTPN2",-0.230829708832393,0.00127800182858262
"ENSG00000175395","ZNF25",-0.711306451540603,0.00455589086988948,"ZNF25",-0.942096004185189,0.000101863400338427
"ENSG00000175471","MCTP1",-0.930941859757114,0.000272274349324564,"MCTP1",-1.44509818731883,5.37237510793146e-11
"ENSG00000175602","CCDC85B",-1.35132425694499,1.7831309246333e-07,"CCDC85B",-0.928017874344562,7.47756455182228e-06
"ENSG00000175701","MTLN",-0.295764234853288,0.0356644369330181,"MTLN",-0.260859849684501,0.035475052845121
"ENSG00000175792","RUVBL1",-0.496946760503149,3.96746584568085e-09,"RUVBL1",-0.465270174114654,2.87284102614052e-11
"ENSG00000175806","MSRA",-1.21027476887533,2.2912529545262e-07,"MSRA",-0.850466390474957,1.51261254546526e-05
"ENSG00000175906","ARL4D",-0.470932060398537,0.00154303845156457,"ARL4D",-0.457085406337141,0.000326718313291949
"ENSG00000175970","UNC119B",-0.394245757863588,0.00615157708959104,"UNC119B",-0.398919883819365,0.00131175549566701
"ENSG00000176022","B3GALT6",-0.314592343619673,0.00595526596086792,"B3GALT6",-0.568758783857165,9.51226330582643e-10
"ENSG00000176055","MBLAC2",-0.676533269710302,0.000274849974390907,"MBLAC2",-1.59625576334337,2.97645763477205e-20
"ENSG00000176209","SMIM19",-0.47766376177746,0.0284850408270385,"SMIM19",-0.947497871707761,2.80476363118916e-05
"ENSG00000176597","B3GNT5",-0.291873145161373,0.0210425113623729,"B3GNT5",-0.433313291858752,3.22967279278195e-05
"ENSG00000176619","LMNB2",-0.270224908662068,0.0227270607887017,"LMNB2",-0.351289516010857,0.0002711364452279
"ENSG00000176658","MYO1D",-0.560536667627471,0.00273617409965506,"MYO1D",-1.10429303109171,1.90570289749938e-10
"ENSG00000176783","RUFY1",-0.450446170360461,2.27788112625747e-05,"RUFY1",-0.504684106435252,2.22588604892347e-08
"ENSG00000177082","WDR73",-0.892646315439997,6.65332502353702e-10,"WDR73",-0.660336058819731,2.59596287629538e-08
"ENSG00000177156","TALDO1",-0.231435379579651,0.043063338833741,"TALDO1",-0.368946281018282,5.00725070271249e-05
"ENSG00000177189","RPS6KA3",-0.295081082012752,0.0153558062898293,"RPS6KA3",-0.441898277532099,1.27832691844823e-05
"ENSG00000177192","PUS1",-0.46983583649,0.000579312143159034,"PUS1",-0.693989429163165,2.31413815842718e-09
"ENSG00000177283","FZD8",-0.776578598327236,0.000131409727164609,"FZD8",-1.02617818488816,7.08767012466078e-09
"ENSG00000177485","ZBTB33",-0.383811973336692,0.000908671443523106,"ZBTB33",-0.413052966414632,3.29851923457401e-05
"ENSG00000177565","TBL1XR1",-0.215304893923358,0.00529837043214246,"TBL1XR1",-0.204350427975439,0.00112738706600085
"ENSG00000177646","ACAD9",-0.274958163595971,0.0291625524096491,"ACAD9",-0.413458997647166,8.77288202221595e-05
"ENSG00000177683","THAP5",-0.259258985383508,0.0191485966071475,"THAP5",-0.238270830967156,0.00912290296518214
"ENSG00000177732","SOX12",-0.591474410119955,2.31303528802345e-09,"SOX12",-0.417723502300851,9.67901700304145e-07
"ENSG00000177733","HNRNPA0",-0.425561516731887,7.17941241378262e-07,"HNRNPA0",-0.519380270551062,1.49842164860311e-13
"ENSG00000178057","NDUFAF3",-0.309989369427853,0.00688419935934384,"NDUFAF3",-0.391988402562545,4.35193447084132e-05
"ENSG00000178096","BOLA1",-0.344445170350453,0.0453671276735816,"BOLA1",-0.848124191558947,4.48785244656337e-07
"ENSG00000178105","DDX10",-0.442521015355283,1.02885645291065e-06,"DDX10",-0.662974738894802,5.20486001813592e-20
"ENSG00000178177","LCORL",-0.492265300747324,0.000887757193693913,"LCORL",-0.646459018595501,1.77485002507126e-07
"ENSG00000178385","PLEKHM3",-0.563259140334803,0.00922895408441318,"PLEKHM3",-0.856800799073247,6.02546667933179e-05
"ENSG00000178409","BEND3",-0.821363941054296,2.21045809102491e-05,"BEND3",-0.795148026803561,4.39705603434594e-07
"ENSG00000178425","NT5DC1",-0.542508546553523,3.25452757508666e-05,"NT5DC1",-0.818230928745676,6.36352321847414e-13
"ENSG00000178904","DPY19L3",-0.896411098751599,3.42468971938675e-06,"DPY19L3",-0.985289710278535,1.52804559702899e-08
"ENSG00000178988","MRFAP1L1",-0.568037264218746,8.34734630703099e-07,"MRFAP1L1",-0.295367539121432,0.00301937648699391
"ENSG00000179041","RRS1",-0.271280803406683,0.0199522407067245,"RRS1",-0.406588221151909,1.40110838149818e-05
"ENSG00000179104","TMTC2",-1.51277327064036,1.53711823465076e-12,"TMTC2",-1.11024084119533,2.03563151900014e-09
"ENSG00000179241","LDLRAD3",-0.423289685987652,0.000241765539993457,"LDLRAD3",-0.218312698639534,0.0364001770557871
"ENSG00000179242","CDH4",-2.26845074455094,2.78297380795431e-10,"CDH4",-2.84483054992809,2.69205464587474e-23
"ENSG00000179431","FJX1",-0.36386572104428,0.0068921183963595,"FJX1",-0.617459262973612,1.66651915813296e-08
"ENSG00000179886","TIGD5",-0.630072340301784,0.000255993671900968,"TIGD5",-0.781032504994084,2.24021735315008e-07
"ENSG00000179912","R3HDM2",-0.660126422360933,0.000103355038284706,"R3HDM2",-1.02885597992491,5.82864362734516e-12
"ENSG00000179918","SEPHS2",-0.363277906132426,9.14781635668233e-05,"SEPHS2",-0.395009111726855,1.84326175635559e-07
"ENSG00000179958","DCTPP1",-0.297999424476734,0.0253685422422256,"DCTPP1",-0.339685472420124,0.00228227656443831
"ENSG00000179981","TSHZ1",-0.68353305496973,2.6589443712398e-06,"TSHZ1",-0.625233870449059,1.46639756767936e-07
"ENSG00000180011","PTGR3",-0.279723899412061,0.0111520115666865,"PTGR3",-0.308191550423915,0.000455674276926895
"ENSG00000180198","RCC1",-0.362939941345166,0.00273617409965506,"RCC1",-0.419780263237785,3.22521701856168e-05
"ENSG00000180376","CCDC66",-0.311001461383844,0.00819953222387109,"CCDC66",-0.365816218950621,0.000227248558700402
"ENSG00000181090","EHMT1",-0.240520904098207,0.0453671276735816,"EHMT1",-0.496215593218381,3.08537836731121e-07
"ENSG00000181163","NPM1",-0.356986247801527,0.000166089652422577,"NPM1",-0.816865381055731,1.48569173354681e-26
"ENSG00000181396","OGFOD3",-0.223695406882946,0.036462438944951,"OGFOD3",-0.26119003314625,0.00248693923609586
"ENSG00000181458","TMEM45A",-0.671770579159309,0.0183952335794491,"TMEM45A",-0.549252482981637,0.0276680189473487
"ENSG00000181938","GINS3",-0.605324615489078,0.000201035170853708,"GINS3",-0.561106175090709,2.01188685125193e-05
"ENSG00000182240","BACE2",-0.374959432807524,0.000355787024113848,"BACE2",-0.576228230140626,1.30866847399546e-10
"ENSG00000182307","C8orf33",-0.342598612418745,0.000515801954482319,"C8orf33",-0.34505775781538,1.57279123554813e-05
"ENSG00000182944","EWSR1",-0.286743712554543,0.00073088031566295,"EWSR1",-0.351609763354842,2.46717665929782e-07
"ENSG00000182952","HMGN4",-0.538727344016982,2.82592179785486e-05,"HMGN4",-0.613669754128437,1.15501983112695e-08
"ENSG00000183010","PYCR1",-0.429681196672554,0.00465707950704806,"PYCR1",-0.852630108729053,1.50963964977285e-10
"ENSG00000183287","CCBE1",-0.686970945137475,0.000199240637786195,"CCBE1",-1.42972692738301,6.00435983638263e-19
"ENSG00000183520","UTP11",-0.248520853786344,0.0439244627888101,"UTP11",-0.26091231080306,0.0112330225326395
"ENSG00000183527","PSMG1",-0.233936355547674,0.0202201595073705,"PSMG1",-0.227179284272426,0.00478211173367207
"ENSG00000183605","SFXN4",-0.357700675452842,0.000293355345611269,"SFXN4",-0.357887022817034,7.10680274413359e-06
"ENSG00000183780","SLC35F3",-0.805288452559328,0.000660950375506928,"SLC35F3",-0.857887398515064,5.4478835021152e-05
"ENSG00000183826","BTBD9",-0.765024306683656,0.000108710831931609,"BTBD9",-1.12664565391007,3.37152767229927e-09
"ENSG00000183955","KMT5A",-0.325211088060347,0.00111695244921349,"KMT5A",-0.253529756483346,0.00249847795988075
"ENSG00000184005","ST6GALNAC3",-2.03916144559058,8.06776360908347e-07,"ST6GALNAC3",-3.0062271146933,1.0733903948209e-11
"ENSG00000184007","PTP4A2",-0.315342195329888,1.10891262615956e-05,"PTP4A2",-0.453050907696842,2.98923984825243e-15
"ENSG00000184117","NIPSNAP1",-0.382386299401313,0.0294166849423392,"NIPSNAP1",-0.461196994980002,0.00419844483349124
"ENSG00000184178","SCFD2",-2.0418917578642,1.3311237998615e-36,"SCFD2",-2.18338501532086,3.63835234573635e-52
"ENSG00000184207","PGP",-0.262642519230876,0.0267153373817975,"PGP",-0.359410982996346,0.000152401319125388
"ENSG00000184220","CMSS1",-0.879034165917426,1.74966770685238e-22,"CMSS1",-1.39494769688785,3.0403641475817e-78
"ENSG00000184232","OAF",-0.276640210023897,0.0112393626711406,"OAF",-0.703627440573474,2.25305481835936e-16
"ENSG00000184347","SLIT3",-0.866044288534305,0.0178589361467162,"SLIT3",-4.25303064397824,4.76156459683584e-08
"ENSG00000184349","EFNA5",-0.29471172301597,0.0121174293409165,"EFNA5",-0.261319895649815,0.010547033401179
"ENSG00000184787","UBE2G2",-0.385052427983162,3.79526828309548e-06,"UBE2G2",-0.564255588112342,1.36797205906876e-16
"ENSG00000184903","IMMP2L",-2.59276136877434,9.116122185691e-19,"IMMP2L",-2.19513358891727,6.47136264695481e-18
"ENSG00000185033","SEMA4B",-0.378505146015555,0.0190732178755289,"SEMA4B",-0.451771282624688,0.00147255410479055
"ENSG00000185104","FAF1",-0.716624571692696,9.73022336120408e-12,"FAF1",-1.05622737908665,2.37622386640614e-35
"ENSG00000185298","CCDC137",-0.345554233719768,0.000906475244160476,"CCDC137",-0.242622599460489,0.00676554191797282
"ENSG00000185305","ARL15",-0.899820916980676,0.00213162584054663,"ARL15",-2.36634996847062,8.01245152923918e-13
"ENSG00000185361","TNFAIP8L1",-0.659511146323062,0.000666391579699781,"TNFAIP8L1",-0.735424795698191,4.54688245163013e-06
"ENSG00000185379","RAD51D",-0.309395484132943,0.0271922230104317,"RAD51D",-0.548628429676296,5.66074778015963e-06
"ENSG00000185414","MRPL30",-0.384312665818224,0.000337859333999579,"MRPL30",-0.48509528038109,5.53367485339765e-08
"ENSG00000185420","SMYD3",-1.43890062063439,5.19999773564908e-14,"SMYD3",-1.62903315617077,7.4049268359144e-25
"ENSG00000185480","PARPBP",-0.486448103511718,0.00397992391168325,"PARPBP",-0.662005431382586,3.79951287196771e-06
"ENSG00000185515","BRCC3",-0.355283885177123,0.000122636761725479,"BRCC3",-0.51760851879714,1.74034581215746e-11
"ENSG00000185630","PBX1",-1.5052851444338,1.33840839648649e-05,"PBX1",-1.61983462314659,4.62431786980716e-07
"ENSG00000185651","UBE2L3",-0.273290239250401,0.00443221089181097,"UBE2L3",-0.286115528185001,0.000271728784614964
"ENSG00000185722","ANKFY1",-0.425984834286694,0.00013596770273408,"ANKFY1",-0.253440681279749,0.0114632894789142
"ENSG00000185924","RTN4RL1",-0.371726193111042,0.0469203616688024,"RTN4RL1",-0.398515751597159,0.0203096666345873
"ENSG00000186193","SAPCD2",-0.584289857124529,0.00102814361092731,"SAPCD2",-0.54926807458486,0.000270500999550676
"ENSG00000186222","BLOC1S4",-0.317620269475708,0.0175397715415553,"BLOC1S4",-0.361489059592444,0.00154937061782712
"ENSG00000186314","PRELID2",-0.4940717780683,0.00163972350355277,"PRELID2",-1.10456149701883,8.19104328500118e-16
"ENSG00000186318","BACE1",-0.43595230715832,0.0256170820915847,"BACE1",-1.05310884179807,2.19481923873805e-08
"ENSG00000186350","RXRA",-0.368118104397131,0.00109652756289197,"RXRA",-0.474483658299523,4.62987254309595e-07
"ENSG00000186416","NKRF",-0.382136403441991,0.00338198138118766,"NKRF",-0.326318444280406,0.00360968393249783
"ENSG00000186470","BTN3A2",-0.328881415926706,0.0324872133221842,"BTN3A2",-0.410827714940009,0.00250937193643434
"ENSG00000186472","PCLO",-1.15353347709956,2.60244541464392e-05,"PCLO",-0.469434630160298,0.0227285459692264
"ENSG00000186660","ZFP91",-0.253160046896191,0.0140696976018855,"ZFP91",-0.300815409871767,0.000285408792530775
"ENSG00000186665","C17orf58",-0.71589359143159,1.12464017384063e-05,"C17orf58",-0.912167538491899,6.19278011273133e-12
"ENSG00000186687","LYRM7",-0.355782090305742,0.000192671921583802,"LYRM7",-0.532466741214699,1.7393345328705e-11
"ENSG00000186834","HEXIM1",-0.35033091558011,0.00620467438536353,"HEXIM1",-0.321040420237557,0.00473989000449637
"ENSG00000186868","MAPT",-1.26104678414882,1.78311479249881e-06,"MAPT",-1.95857678756002,1.8936630520626e-12
"ENSG00000187109","NAP1L1",-0.311856869962578,2.00182809196058e-07,"NAP1L1",-0.534248737794442,4.51191494073287e-29
"ENSG00000187118","CMC1",-0.558089844549383,5.42196240190446e-05,"CMC1",-0.356195283198323,0.00293848640283935
"ENSG00000187193","MT1X",-0.787430459611685,1.65636562043434e-05,"MT1X",-1.2560099139265,2.66133366246968e-16
"ENSG00000187240","DYNC2H1",-0.304590939096213,0.0325229001536485,"DYNC2H1",-0.398628911741346,0.00118792801945531
"ENSG00000187514","PTMA",-0.474176498766489,1.69120663182911e-06,"PTMA",-0.816193833542507,7.75926709340142e-24
"ENSG00000187634","SAMD11",-1.5962209092913,1.1495882305789e-06,"SAMD11",-1.75993277522642,1.21324708878237e-08
"ENSG00000187736","NHEJ1",-0.475593569132393,0.00577318004684055,"NHEJ1",-0.426008640779065,0.006205205005663
"ENSG00000187957","DNER",-0.470136253292866,0.000505649491360002,"DNER",-0.428249465220139,0.000210363322322766
"ENSG00000188001","TPRG1",-1.40196671937612,0.002385611900633,"TPRG1",-2.83600171018474,3.24893124394933e-08
"ENSG00000188158","NHS",-0.503549171317001,0.00874644011072701,"NHS",-1.21740802545568,1.16583073746801e-11
"ENSG00000188312","CENPP",-0.978074389181691,1.356845730482e-05,"CENPP",-0.976390520604843,1.75923918843846e-08
"ENSG00000188486","H2AX",-1.04583109906586,5.33845090660415e-11,"H2AX",-1.03886547691278,1.64174611671226e-15
"ENSG00000188529","SRSF10",-0.260175694245823,0.000443878181845973,"SRSF10",-0.46667079779256,4.59812514510386e-16
"ENSG00000188559","RALGAPA2",-0.448779570060031,0.0018227608972699,"RALGAPA2",-0.468358194899082,0.0003211739912434
"ENSG00000188636","RTL6",-0.463884647886101,0.00101386541106257,"RTL6",-0.454510913110945,0.000257958405452713
"ENSG00000188641","DPYD",-1.24294196810458,0.000179502789794239,"DPYD",-1.78150073336093,1.10365499161401e-08
"ENSG00000188677","PARVB",-0.497504046700614,0.000141888371366845,"PARVB",-1.12177545925898,1.79557905862944e-22
"ENSG00000188735","TMEM120B",-0.392326892979174,0.0050973273720019,"TMEM120B",-0.745340851960104,4.40503085506869e-10
"ENSG00000188859","FAM78B",-0.988548983010576,0.00145659407754048,"FAM78B",-1.09875618390065,5.48298848111705e-05
"ENSG00000189057","FAM111B",-0.391708702028252,0.0137211693053495,"FAM111B",-0.586198009634196,2.26635588406112e-05
"ENSG00000189227","C15orf61",-0.897197709851706,2.68656408013801e-10,"C15orf61",-0.592476294476716,2.27528834248318e-07
"ENSG00000189283","FHIT",-2.12937770833262,5.7386928497998e-06,"FHIT",-1.59212189543767,3.26436791790098e-05
"ENSG00000189403","HMGB1",-0.287679920499419,0.0356174802922289,"HMGB1",-0.738851024438413,6.65132382864921e-11
"ENSG00000196230","TUBB",-0.229728573001194,0.0138284780736551,"TUBB",-0.412669376364346,1.02865460536116e-08
"ENSG00000196262","PPIA",-0.292025612866353,0.0101203639463833,"PPIA",-0.465381327772827,3.94752457899712e-07
"ENSG00000196284","SUPT3H",-1.25762574207314,5.90453725544784e-07,"SUPT3H",-1.57890315253444,1.25386138202099e-12
"ENSG00000196305","IARS1",-0.408552172839533,3.20587828175303e-05,"IARS1",-0.7643026967249,1.77236577130562e-21
"ENSG00000196363","WDR5",-0.265301313789739,0.00524088779900636,"WDR5",-0.205039544765973,0.00945646342719678
"ENSG00000196365","LONP1",-0.481130662601361,0.00142203531833046,"LONP1",-0.576545991867359,6.50112382019424e-06
"ENSG00000196372","ASB13",-0.414277243368017,0.00639446500023341,"ASB13",-0.525200235030239,4.73898706642819e-05
"ENSG00000196511","TPK1",-0.533019529901993,0.0363962577608078,"TPK1",-1.50622129644461,6.3869891614776e-08
"ENSG00000196628","TCF4",-0.363166069940298,0.00170711148916064,"TCF4",-0.451081761283725,2.60343794230485e-06
"ENSG00000196782","MAML3",-1.43087677974594,7.50133934556747e-05,"MAML3",-0.86364806974486,0.00147804452400823
"ENSG00000197043","ANXA6",-0.404040976633905,0.0469203616688024,"ANXA6",-1.65028485486487,2.54873026661577e-11
"ENSG00000197061","H4C3",-0.50688522565855,0.00973121903990673,"H4C3",-1.3258597639938,2.68369337403505e-12
"ENSG00000197157","SND1",-0.535248036584082,9.49334756797888e-11,"SND1",-0.633918117050724,2.23912383852512e-20
"ENSG00000197296","FITM2",-0.316466329608347,0.0402653976234701,"FITM2",-0.283972223423738,0.0410773492815041
"ENSG00000197442","MAP3K5",-0.786863487101309,4.5447734647094e-07,"MAP3K5",-0.538198284591686,5.41522003970173e-05
"ENSG00000197451","HNRNPAB",-0.601876420169745,5.36201934184874e-14,"HNRNPAB",-0.595829711171241,6.36860977518985e-20
"ENSG00000197744",NA,-0.434161470244377,0.0476647423862858,NA,-0.759100771015926,0.00165959595467619
"ENSG00000198000","NOL8",-0.370703910904796,0.000145224144007845,"NOL8",-0.235465832945703,0.00544984276561725
"ENSG00000198042","MAK16",-0.242903767313123,0.0352650370379166,"MAK16",-0.279673842728542,0.00254885175225591
"ENSG00000198146","ZNF770",-0.274742632246902,0.000240317985103267,"ZNF770",-0.169563224892443,0.00956781388984874
"ENSG00000198363","ASPH",-0.209588695958028,0.0286602591546839,"ASPH",-0.624671698028409,2.92297230258655e-18
"ENSG00000198420","TCAF1",-0.333097420223469,0.0189708826144107,"TCAF1",-0.524330525255025,1.82699903426644e-05
"ENSG00000198589","LRBA",-1.0711652257658,6.54708345882522e-13,"LRBA",-0.999095703425987,1.80384938714475e-15
"ENSG00000198612","COPS8",-0.398815011811969,6.33130665750756e-05,"COPS8",-0.319639894430062,0.000131268694616403
"ENSG00000198648","STK39",-0.454860838521262,0.00014101521720546,"STK39",-0.925252500242765,2.17619277294957e-18
"ENSG00000198677","SKIC3",-0.237811071792152,0.0149216423730463,"SKIC3",-0.5137546410926,3.09647387937034e-11
"ENSG00000198695","MT-ND6",-1.08496168625781,1.17432814335403e-05,"MT-ND6",-1.64314782110477,4.47900159295393e-15
"ENSG00000198727","MT-CYB",-1.18686949326931,1.69381541760428e-10,"MT-CYB",-1.08416939531096,9.29632217002052e-13
"ENSG00000198783","ZNF830",-0.356876529160269,0.00266914583573744,"ZNF830",-0.411185317498448,5.63142224898909e-05
"ENSG00000198830","HMGN2",-0.66670160715635,7.40324909312805e-05,"HMGN2",-0.821301192189652,7.79357618533604e-09
"ENSG00000198836","OPA1",-0.186522967543225,0.0473661013334295,"OPA1",-0.333783376427254,3.82695814920595e-06
"ENSG00000198840","MT-ND3",-0.329499722433532,0.0286602591546839,"MT-ND3",-0.309409713011174,0.0205036644250343
"ENSG00000198860","TSEN15",-0.240794093485203,0.0425484312682744,"TSEN15",-0.585241042612597,2.82218072005877e-10
"ENSG00000198886","MT-ND4",-0.39378540109342,0.0137795511146283,"MT-ND4",-0.368933654157587,0.00928796812590466
"ENSG00000198899","MT-ATP6",-0.371405845802338,0.0197438865415528,"MT-ATP6",-0.486309096721319,0.000490781263999828
"ENSG00000198938","MT-CO3",-0.509279474150226,0.00244120080926392,"MT-CO3",-0.70895220354049,1.20742033274428e-06
"ENSG00000202354","RNY3",-1.10947658159128,0.000275591436649962,"RNY3",-0.810277164505002,0.0025469891758897
"ENSG00000203666","EFCAB2",-0.525935300819011,0.00150501876401543,"EFCAB2",-0.733261534152587,4.00070540014574e-07
"ENSG00000203778","FAM229B",-0.567163463786791,0.00694991716373252,"FAM229B",-0.85690343855435,8.72385278463924e-06
"ENSG00000203943","SAMD13",-0.635956074565373,0.038539132864708,"SAMD13",-0.705636098763489,0.032119475884792
"ENSG00000204120","GIGYF2",-0.276627184772614,0.0236550089509696,"GIGYF2",-0.230634106398694,0.0292051441802532
"ENSG00000204217","BMPR2",-0.362942422462731,0.0148762169326607,"BMPR2",-0.625969174145062,1.33778693182628e-06
"ENSG00000204262","COL5A2",-0.912105957587918,0.0068823250981909,"COL5A2",-1.79531044506131,2.90904127157443e-05
"ENSG00000204576","PRR3",-0.581846634594753,0.0078101330535373,"PRR3",-0.699286719118829,0.000589732653398531
"ENSG00000204713","TRIM27",-0.255735312494955,0.0328579336866447,"TRIM27",-0.228324423748704,0.0223591066596443
"ENSG00000204852","TCTN1",-0.488073103091286,0.00693137895013992,"TCTN1",-0.389911624564881,0.0162090554721035
"ENSG00000204856","FAM216A",-0.328187156156351,0.0404894144781609,"FAM216A",-0.687573213965833,7.15979878044235e-07
"ENSG00000205084","TMEM231",-0.860295008077514,0.000363883365302454,"TMEM231",-1.30753712830104,1.24334299456692e-09
"ENSG00000205208","C4orf46",-0.312281729354448,0.029285432737484,"C4orf46",-0.538183581536588,3.01654600391948e-06
"ENSG00000205339","IPO7",-0.207340991300617,0.00433096429887922,"IPO7",-0.21565471064745,0.000183643733125969
"ENSG00000205683","DPF3",-0.987639697932418,0.012288346719234,"DPF3",-0.734432907807509,0.0457796510420294
"ENSG00000210107",NA,-1.98982878409507,7.33679005640958e-06,NA,-1.88488899749783,4.26666282149341e-07
"ENSG00000210127",NA,-2.18032401015301,0.000344824126196175,NA,-2.33990679748144,0.000391803865202144
"ENSG00000210140",NA,-1.92247531794091,8.46700877353171e-06,NA,-1.83475857398957,5.74204272238807e-07
"ENSG00000210144",NA,-2.08778273511281,3.04281293274384e-08,NA,-2.45224839314781,6.3589537302346e-14
"ENSG00000210184",NA,-0.832065486070798,0.00955346763642242,NA,-0.647359996304792,0.0196168481376129
"ENSG00000213015","ZNF580",-0.337693243231835,0.022783644824235,"ZNF580",-0.638291539301261,1.6954013575503e-06
"ENSG00000213585","VDAC1",-0.485144390705658,8.64722379282196e-27,"VDAC1",-0.625310518216163,5.45411364822236e-63
"ENSG00000213742","ZNF337-AS1",-0.403818659985885,0.0381469052476892,"ZNF337-AS1",-0.643098612008284,0.00107973571457446
"ENSG00000214046","SMIM7",-0.242577556202386,0.0397309862412144,"SMIM7",-0.398656855805501,9.0267502879161e-06
"ENSG00000214113","LYRM4",-0.300941350722466,0.00741042577540109,"LYRM4",-0.517418589421601,1.18687356862913e-08
"ENSG00000214706","IFRD2",-0.241509563027799,0.0341622875287145,"IFRD2",-0.369965457844709,3.6316833082217e-05
"ENSG00000214960","CRPPA",-0.769081415470307,0.00546499378471643,"CRPPA",-0.730421095674602,0.00567233869449858
"ENSG00000215021","PHB2",-0.30664392123252,0.000713842786931719,"PHB2",-0.43150866670055,2.7069567284117e-09
"ENSG00000218336","TENM3",-0.955835030447412,2.27696526778296e-07,"TENM3",-1.51763118482316,1.12716485254753e-20
"ENSG00000223496","EXOSC6",-0.250166672392587,0.0234960691076917,"EXOSC6",-0.439790194117621,3.64281151157698e-07
"ENSG00000224420","ADM5",-0.721356601909078,0.0156944042838545,"ADM5",-0.91481206467431,0.00214588797799286
"ENSG00000224578","HNRNPA1L3",-0.620211168894317,0.00404533967611798,"HNRNPA1L3",-0.946620174874548,2.56398980231304e-06
"ENSG00000224870","MRPL20-AS1",-0.393542626945236,0.0101178679331768,"MRPL20-AS1",-0.493634831676303,0.000437201372937099
"ENSG00000225210",NA,-0.677834187080014,0.0158110506823603,NA,-0.748533438606832,0.00195887405111881
"ENSG00000226124","FTCDNL1",-0.5288222830093,0.0187900867982655,"FTCDNL1",-1.12980956510849,1.90822673120118e-05
"ENSG00000226688","ENTPD1-AS1",-0.286210159044436,0.0296877909939502,"ENTPD1-AS1",-0.242639503927287,0.0301412942332702
"ENSG00000226887","ERVMER34-1",-0.554653617226915,8.07343133066305e-07,"ERVMER34-1",-0.290406624522307,0.0023863868353993
"ENSG00000226950","DANCR",-0.64294932951172,3.78364940881848e-09,"DANCR",-0.600404438561703,1.81648725812221e-11
"ENSG00000228253","MT-ATP8",-0.498161466759941,0.0389505613920655,"MT-ATP8",-0.837776357791285,0.00111195633869807
"ENSG00000228716","DHFR",-0.510605263188948,4.64412436386671e-05,"DHFR",-0.829046716234604,3.24641686324222e-15
"ENSG00000229956","ZRANB2-DT",-1.04919896643038,0.00818455158500423,"ZRANB2-DT",-1.05035595921452,0.0165242680932164
"ENSG00000231607","DLEU2",-0.434954519011282,0.0134994720150226,"DLEU2",-0.316487184676009,0.0410638033117664
"ENSG00000232445",NA,-0.540089368843228,2.21757810584489e-05,NA,-0.436555440537348,4.55674211156131e-05
"ENSG00000233016","SNHG7",-0.287314428113975,0.0188892305147429,"SNHG7",-0.247406845491635,0.0179003239130355
"ENSG00000233608","TWIST2",-0.550632018148888,0.000262950149977896,"TWIST2",-0.647419526977324,4.02688684436226e-07
"ENSG00000234545","FAM133B",-0.302926004714072,0.0072914646265743,"FAM133B",-0.358621763129117,7.96096600227329e-05
"ENSG00000239306","RBM14",-0.955254539961302,1.84512011421104e-08,"RBM14",-0.738309718819301,3.36627656735879e-08
"ENSG00000241316","SUCLG2-DT",-1.04393059086797,0.00463560261178425,"SUCLG2-DT",-1.2454641473274,0.000768810712860146
"ENSG00000242265","PEG10",-0.415850145364157,0.00363955648436335,"PEG10",-0.468839764409144,0.000133751268559955
"ENSG00000244165","P2RY11",-1.17306853989831,2.06947666625549e-05,"P2RY11",-0.940053866179545,6.6921232824143e-05
"ENSG00000244462","RBM12",-0.419930881105973,8.78428839763878e-05,"RBM12",-0.561839358828511,8.71528664528634e-11
"ENSG00000245937","SLC12A2-DT",-0.327331431747831,0.00795967568013066,"SLC12A2-DT",-0.786701616600366,2.66246524343694e-14
"ENSG00000247556","OIP5-AS1",-0.305387570274155,3.55731715666786e-05,"OIP5-AS1",-0.296533614178609,2.37299343953598e-06
"ENSG00000249641","HOXC13-AS",-0.997716895465775,0.00310023656439735,"HOXC13-AS",-1.30764532697761,0.000167421805898461
"ENSG00000250479","CHCHD10",-0.49445136247346,2.04128590933328e-05,"CHCHD10",-0.403149677503725,3.88331898319612e-05
"ENSG00000250565","ATP6V1E2",-0.585179960479452,0.00196550729290705,"ATP6V1E2",-0.393307388587027,0.0143354266909301
"ENSG00000251003",NA,-0.864246398160028,0.00597134544416286,NA,-1.46270131728955,2.65614095700225e-05
"ENSG00000251442","LOC101928893",-1.4764879665727,1.73617644790122e-05,"LOC101928893",-0.610410328490918,0.0148350900548812
"ENSG00000253293","HOXA10",-0.379587144140854,0.00573509804614321,"HOXA10",-0.605317998648817,3.2396323286221e-07
"ENSG00000253729","PRKDC",-0.321231820828447,0.0158156179196258,"PRKDC",-0.663451876273908,2.4500651608335e-09
"ENSG00000254635",NA,-0.254752101781584,0.0401980292892061,NA,-0.777036290641537,4.37998157946032e-14
"ENSG00000254726","MEX3A",-0.401806045147885,0.0258860744100977,"MEX3A",-0.866188626113616,7.69860406719272e-07
"ENSG00000255857","PXN-AS1",-1.27298227471539,7.13414665169741e-05,"PXN-AS1",-0.576259322990286,0.0115481889386289
"ENSG00000257167","TMPO-AS1",-0.506291891857102,0.0199631484067441,"TMPO-AS1",-0.76700434550996,0.000224926983490368
"ENSG00000257365","FNTB",-0.703632719546348,3.29144383734743e-05,"FNTB",-0.69232236968637,1.15076368744371e-06
"ENSG00000258441","LINC00641",-0.799643648580589,0.00100379618993235,"LINC00641",-1.3097060472055,5.2373530056257e-09
"ENSG00000258484","SPESP1",-0.386288068961668,0.0199788010991111,"SPESP1",-0.605453329457729,4.30552913257413e-05
"ENSG00000260442","ATP2A1-AS1",-0.462548328362529,0.0185434830009351,"ATP2A1-AS1",-0.452925214670787,0.00748620769008663
"ENSG00000260581",NA,-0.613457765952415,0.0217496082659178,NA,-1.47801347560291,0.00434047539838176
"ENSG00000260804","LINC01963",-1.0884725766451,0.000420225045957482,"LINC01963",-1.50827436627154,2.64912305997035e-08
"ENSG00000261167",NA,-1.38800243202053,0.000390301940720308,NA,-0.836640863686307,0.00382792470654884
"ENSG00000261373","VPS9D1-AS1",-0.878578969372776,4.01221078902032e-05,"VPS9D1-AS1",-1.03525827491916,1.37505447348373e-08
"ENSG00000261455","LINC01003",-0.605505538952527,0.043063338833741,"LINC01003",-1.20400864766818,0.00427577993188987
"ENSG00000263001","GTF2I",-0.67719183989463,5.2245188259844e-05,"GTF2I",-0.324513176851671,0.0288688060084598
"ENSG00000267575","LINC02987",-0.508594994391144,0.00121016297066024,"LINC02987",-0.333290298132047,0.0189571115796326
"ENSG00000270170","NCBP2AS2",-0.722901075743204,2.21941240964283e-09,"NCBP2AS2",-0.486789433661494,9.29132752203232e-07
"ENSG00000270647","TAF15",-0.391812846539333,0.00100379618993235,"TAF15",-0.288548831451742,0.00554295187936372
"ENSG00000271447","MMP28",-0.80765157065877,0.00472855029310645,"MMP28",-1.59604988294691,3.27353394305823e-07
"ENSG00000272142","LYRM4-AS1",-1.05414268100424,0.00953265327341859,"LYRM4-AS1",-1.5625120822068,0.00204932949744161
"ENSG00000272293",NA,-0.762249774987499,0.00645943705593585,NA,-0.65729500918478,0.00461315456492857
"ENSG00000272325","NUDT3",-0.316272590662827,0.0348311843567139,"NUDT3",-1.10134478298432,7.65135334828137e-17
"ENSG00000273437",NA,-0.585534599476464,0.0373523692038437,NA,-1.5238848153859,0.000661477648348913
"ENSG00000274428","LOC124904634",-0.505594499306069,0.0268612924158433,"LOC124904634",-1.46204093746881,1.08413208813911e-08
"ENSG00000275023","MLLT6",-0.508570676162243,0.000329985229932216,"MLLT6",-0.703463361861815,1.24726418277893e-08
"ENSG00000275052","PPP4R3B",-0.362443398096288,9.69677352253061e-06,"PPP4R3B",-0.167619069576393,0.0219485168643267
"ENSG00000275183","LENG9",-0.871195851787158,0.00269417333608851,"LENG9",-1.24363946348003,0.000120246962978294
"ENSG00000275632",NA,-0.408683554197219,0.0201676889479324,NA,-0.630203314442373,5.03838063575022e-05
"ENSG00000275964",NA,-0.718359744891689,0.0214832399344481,NA,-0.790203388050909,0.0128483442896101
"ENSG00000276368","H2AC14",-0.573358683268599,0.0253524906902184,"H2AC14",-1.60945140429354,6.30335371348746e-08
"ENSG00000276600","RAB7B",-1.77964645725625,1.88426873982553e-05,"RAB7B",-1.091101776724,0.000783508412717835
"ENSG00000277147",NA,-0.514224999485348,0.0421740954344685,NA,-1.49816689317324,1.23879535079475e-05
"ENSG00000277972","CISD3",-0.320937316783646,0.000795858474953532,"CISD3",-0.372618264322694,1.25121389688196e-06
"ENSG00000278259","MYO19",-0.2682052617473,0.0358827425798733,"MYO19",-0.329579901443665,0.00148250766498831
"ENSG00000278291",NA,-0.533996242695181,0.0215373280983536,NA,-0.441467189624315,0.0377427720296646
"ENSG00000278540","ACACA",-0.268497621415843,0.0311782483195198,"ACACA",-0.374840170278273,0.000301954004244555
"ENSG00000280789","PAGR1",-0.518031250370957,0.00352995057682782,"PAGR1",-0.608249352661988,0.000111278465217181
"ENSG00000281344",NA,-0.406191028457149,0.0496738496986009,NA,-0.652978070048961,0.00123794170383961
"ENSG00000281398","SNHG4",-0.34590271195389,0.0273413122217737,"SNHG4",-0.633931727988089,4.52738908696117e-06
"ENSG00000284753","EEF1AKMT4",-0.32793228692904,0.0186164445955423,"EEF1AKMT4",-0.279804852496015,0.0187000059240916
"ENSG00000288649","ACTL10",-0.677096864148253,0.00100249902596654,"ACTL10",-1.38529280031149,7.88508322431242e-11
"ENSG00000289004",NA,-0.812931129642397,0.00594178573852594,NA,-0.589988986388976,0.0116570493861802
"ENSG00000289194",NA,-0.321242785729259,0.0118248994320292,NA,-0.392464436858891,0.000218208053931274
"ENSG00000289520",NA,-1.0347228332187,0.010523272192799,NA,-1.7807741546715,0.000676601767689481
