"ENSEMBL","SYMBOL","log2FoldChange","padj"
"ENSG00000000971","CFH",-0.94679879551609,0.0219533758260363
"ENSG00000001084","GCLC",-0.281476648334656,0.0490933476401379
"ENSG00000001617","SEMA3F",-0.444575747291186,0.00287677817715171
"ENSG00000003436","TFPI",-0.729374973595283,0.0419429931291901
"ENSG00000004700","RECQL",-0.27296656678527,0.00749531455873283
"ENSG00000005059","MCUB",-0.456666882606218,9.73529545995972e-05
"ENSG00000005100","DHX33",-0.200116722370151,0.0189161212459246
"ENSG00000005700","IBTK",-0.388844720073148,1.37213551451806e-05
"ENSG00000005884","ITGA3",-0.362822069627371,0.00250330523247254
"ENSG00000005893","LAMP2",-0.238022178826435,0.0089018739858291
"ENSG00000006015","REX1BD",-0.529678641566147,4.15151420785328e-05
"ENSG00000006125","AP2B1",-0.275691830497024,0.000337971040731593
"ENSG00000006468","ETV1",-1.65225206002628,6.38908033967995e-05
"ENSG00000006534","ALDH3B1",-0.616593122345281,0.000184913441166304
"ENSG00000006576","PHTF2",-0.424550639463352,3.39474615821199e-06
"ENSG00000006625","GGCT",-0.354272693993896,0.000864040687821502
"ENSG00000006704","GTF2IRD1",-0.453454971424226,0.000303638252525507
"ENSG00000006757","PNPLA4",-0.382564683860773,0.00866340314235024
"ENSG00000007376","RPUSD1",-0.270478760668362,0.0418132484545723
"ENSG00000007541","PIGQ",-0.455581949807292,0.0100330421491192
"ENSG00000008130","NADK",-0.280085280367071,0.0383100476759912
"ENSG00000008311","AASS",-0.443417478724519,0.000279257061727509
"ENSG00000008324","SS18L2",-0.357491621137925,0.00135092451505256
"ENSG00000008853","RHOBTB2",-0.442112968823567,0.00144184707823061
"ENSG00000009780","FAM76A",-0.49277110216179,7.65255163977783e-05
"ENSG00000010704","HFE",-0.835380486583535,0.000546994920156257
"ENSG00000011007","ELOA",-0.199822071845759,0.0404168204259057
"ENSG00000011260","UTP18",-0.193187925713739,0.0474971404656686
"ENSG00000011295","TTC19",-0.5542990549788,1.09498553121271e-07
"ENSG00000012983","MAP4K5",-0.334355029245116,1.3033334199737e-05
"ENSG00000014123","UFL1",-0.443986710905405,0.000136189370401701
"ENSG00000014824","SLC30A9",-0.731895588308358,2.94954248523618e-19
"ENSG00000015133","CCDC88C",-0.276427961402558,0.0445572454404114
"ENSG00000015532","XYLT2",-0.244902893844924,0.0478992265091947
"ENSG00000016864","GLT8D1",-0.265780983942311,0.0309632965265559
"ENSG00000018510","AGPS",-0.165968833063484,0.0496755262294388
"ENSG00000020426","MNAT1",-0.29547198839918,0.00830120223491252
"ENSG00000021776","AQR",-0.267418776656657,0.000422472141231303
"ENSG00000023902","PLEKHO1",-0.57831643316752,7.1306921031463e-06
"ENSG00000025796","SEC63",-0.496736561207445,9.33242805659606e-08
"ENSG00000026025","VIM",-1.00843610145117,5.27791495789515e-10
"ENSG00000026559","KCNG1",-0.331229561405471,0.0239684586866316
"ENSG00000026652","AGPAT4",-0.582296682599599,0.000127135075440203
"ENSG00000028116","VRK2",-0.383810678324505,0.000885394714489367
"ENSG00000029639","TFB1M",-0.375483841550477,0.00589848538642441
"ENSG00000029725","RABEP1",-0.448159668763075,6.44976600507003e-07
"ENSG00000031081","ARHGAP31",-0.763553709174335,0.00806346778467195
"ENSG00000032389","EIPR1",-0.439438513218313,3.47554414285474e-05
"ENSG00000033867","SLC4A7",-0.352469197661863,0.00146403005606761
"ENSG00000034239","CLXN",-0.934183468841736,0.02040046361571
"ENSG00000035499","DEPDC1B",-0.640270276114423,2.6092851822882e-05
"ENSG00000035687","ADSS2",-0.25949916568365,0.0141777203871674
"ENSG00000039560","RAI14",-0.372421349953494,0.000147274197811506
"ENSG00000041982","TNC",-1.22016113451803,4.61397992963914e-05
"ENSG00000042088","TDP1",-0.35812675556597,0.00228719505363974
"ENSG00000044459","CNTLN",-0.577003305691586,8.65616164786848e-09
"ENSG00000047410","TPR",-0.256320445087837,0.0294167326887927
"ENSG00000047644","WWC3",-0.496873872106462,0.000335959633469666
"ENSG00000047849","MAP4",-0.184733139663933,0.0143482145747509
"ENSG00000048342","CC2D2A",-0.446297388035117,0.000416427103701874
"ENSG00000048471","SNX29",-0.781667656880636,0.00010987329802946
"ENSG00000048544","MRPS10",-0.303176593652389,0.000101939986346363
"ENSG00000049246","PER3",-1.07755272831962,2.55777463692382e-05
"ENSG00000049449","RCN1",-0.517078332344927,6.60271129945697e-06
"ENSG00000050730","TNIP3",-0.641539733503741,0.00361996696695729
"ENSG00000052795","FNIP2",-0.269703718434991,0.0187563269229603
"ENSG00000053900","ANAPC4",-0.321398117193888,0.00036297840279541
"ENSG00000054598","FOXC1",-0.251333544498806,0.0161061458220766
"ENSG00000056050","HPF1",-0.299557659783136,0.00528871393859049
"ENSG00000056277","ZNF280C",-0.370590173201672,0.0285884057613033
"ENSG00000056487","PHF21B",-1.83107345015867,1.74469797823202e-06
"ENSG00000057019","DCBLD2",-0.22695674796895,0.0174057907602714
"ENSG00000057149","SERPINB3",-1.14995402057835,0.0069319463140392
"ENSG00000059588","TARBP1",-0.654390314724763,2.14079948728176e-05
"ENSG00000059691","GATB",-0.254302175697059,0.0440989404908515
"ENSG00000060339","CCAR1",-0.205545172338132,0.00504340868742062
"ENSG00000060749","QSER1",-0.262613401782295,0.0156636157391372
"ENSG00000062582","MRPS24",-0.963174087084159,0.021388125872477
"ENSG00000063046","EIF4B",-0.348059006713005,0.00108048519283745
"ENSG00000064042","LIMCH1",-0.479525659011362,0.00106236097713264
"ENSG00000064309","CDON",-0.625297555431235,0.0286067163106721
"ENSG00000065029","ZNF76",-0.729896905356175,2.69059438026903e-05
"ENSG00000065485","PDIA5",-0.454375034387189,2.49623014884962e-05
"ENSG00000065518","NDUFB4",-0.19150559338201,0.0168214966455728
"ENSG00000065613","SLK",-0.320047511474346,0.00111642758824732
"ENSG00000065615","CYB5R4",-0.262242579648725,0.0372817029812663
"ENSG00000065675","PRKCQ",-0.793672247550763,0.00212231038916805
"ENSG00000065882","TBC1D1",-0.64667315643605,7.34275323074535e-14
"ENSG00000066044","ELAVL1",-0.230080504914029,0.0167066001433202
"ENSG00000066117","SMARCD1",-0.276708013647131,0.0178796943108847
"ENSG00000066279","ASPM",-0.434983665218681,0.00435107216363667
"ENSG00000066422","ZBTB11",-0.306131772258011,0.000957976063097882
"ENSG00000066651","TRMT11",-0.584232173313474,3.67486477326308e-05
"ENSG00000066926","FECH",-0.329874328525433,0.00796298087959608
"ENSG00000067221","STOML1",-0.941010917598451,3.91440747828624e-05
"ENSG00000067704","IARS2",-0.264938714044527,0.00562729762641205
"ENSG00000067955","CBFB",-0.16680078099097,0.0434842671933659
"ENSG00000068784","SRBD1",-0.371383561241288,0.000817929169938536
"ENSG00000068796","KIF2A",-0.473206394620102,2.35892043945951e-10
"ENSG00000068885","IFT80",-0.594356429516182,0.00773609026307124
"ENSG00000069493","CLEC2D",-1.12071745745355,0.00422340301248064
"ENSG00000069849","ATP1B3",-0.250730579086767,0.00112900368028586
"ENSG00000069974","RAB27A",-0.405266275658393,0.00265314706286189
"ENSG00000070081","NUCB2",-0.388060209880333,0.000542610476263814
"ENSG00000070413","DGCR2",-0.236740022864839,0.0169953989255391
"ENSG00000070961","ATP2B1",-0.304489406562435,0.000852761496610859
"ENSG00000071243","ING3",-0.417432045031643,7.69242376277797e-05
"ENSG00000071246","VASH1",-1.20605494301937,0.00889658446187965
"ENSG00000071575","TRIB2",-0.729744810995871,0.000724164128831729
"ENSG00000071794","HLTF",-0.327438497032188,0.00397938261725201
"ENSG00000072042","RDH11",-0.481201427201757,3.19222561057761e-06
"ENSG00000072135","PTPN18",-0.323968052607894,0.00268628493614032
"ENSG00000072501","SMC1A",-0.335212077343194,0.000281936373607082
"ENSG00000072506","HSD17B10",-0.190103450665948,0.0250037117872234
"ENSG00000072571","HMMR",-0.466245180017563,0.0106981348071636
"ENSG00000073331","ALPK1",-0.744743234789215,0.000483204144087647
"ENSG00000073417","PDE8A",-0.504944531918651,0.000257081636259079
"ENSG00000073849","ST6GAL1",-0.342481462099248,0.0322036175784927
"ENSG00000074047","GLI2",-0.544438461585674,0.0463472206612959
"ENSG00000075223","SEMA3C",-0.317532647155227,0.0276648499727528
"ENSG00000075239","ACAT1",-0.186836668858768,0.030281701654202
"ENSG00000075303","SLC25A40",-0.382604565679615,0.0132995795752663
"ENSG00000075643","MOCOS",-0.722757598661734,7.51457657857035e-08
"ENSG00000076053","RBM7",-0.326014767508795,0.00917800024840052
"ENSG00000076242","MLH1",-0.324281038404093,0.00170321144609975
"ENSG00000077264","PAK3",-0.709619595330937,0.0298947937987262
"ENSG00000077514","POLD3",-0.565120603679849,6.05955225139027e-08
"ENSG00000078140","UBE2K",-0.166174671473475,0.0232876320350804
"ENSG00000078177","N4BP2",-0.298920321984061,0.0100901422229214
"ENSG00000078369","GNB1",-0.163254540445069,0.0065856741172545
"ENSG00000079150","FKBP7",-1.146863458917,8.79225592387088e-06
"ENSG00000079246","XRCC5",-0.199983456502068,0.000505389940732356
"ENSG00000079263","SP140",-1.44864917258694,2.47482352197933e-09
"ENSG00000079308","TNS1",-1.07731846337441,0.00100273168397866
"ENSG00000079785","DDX1",-0.309821726312487,6.66904290167591e-07
"ENSG00000080823","MOK",-0.307757429597446,0.0100072053132483
"ENSG00000081041","CXCL2",-0.818363751736631,6.8195977466923e-05
"ENSG00000081059","TCF7",-1.16291960091886,6.62113863098811e-06
"ENSG00000081307","UBA5",-0.228134027596067,0.00305333063518002
"ENSG00000081760","AACS",-0.305434913897563,0.00567052377307159
"ENSG00000082014","SMARCD3",-0.865852403981012,0.00537883385227031
"ENSG00000082146","STRADB",-0.336019638719388,0.0259104279228248
"ENSG00000082212","ME2",-0.470336273412629,5.05362870339306e-10
"ENSG00000082258","CCNT2",-0.791302180918648,5.01323280477523e-08
"ENSG00000082458","DLG3",-0.409580938918139,0.00791030347810169
"ENSG00000082482","KCNK2",-1.3535943637186,0.00174506368488744
"ENSG00000082898","XPO1",-0.196117042701299,0.0030279483054076
"ENSG00000083535","PIBF1",-0.521302408980136,0.000253920733026071
"ENSG00000083642","PDS5B",-0.271427141526189,0.00522464086450142
"ENSG00000083807","SLC27A5",-0.329744865457222,0.033584463107268
"ENSG00000084093","REST",-0.256465861979753,0.00996584598886281
"ENSG00000084234","APLP2",-0.302023550552067,0.000170848822488969
"ENSG00000084628","NKAIN1",-1.02242604200915,0.0147610945992804
"ENSG00000085760","MTIF2",-0.343981703183192,6.7425863510173e-05
"ENSG00000085788","DDHD2",-0.308335395412501,0.00548307973431836
"ENSG00000086289","EPDR1",-0.370406651389788,0.000171736572327064
"ENSG00000086475","SEPHS1",-0.183371227437215,0.0226257446872495
"ENSG00000086712","TXLNG",-0.317974430963932,0.000142189985731593
"ENSG00000087111","PIGS",-0.354210327025387,0.00068119935905475
"ENSG00000087245","MMP2",-2.18320021809618,1.45330805139209e-06
"ENSG00000087299","L2HGDH",-0.371496598482571,0.00409975284061749
"ENSG00000087448","KLHL42",-0.261481356449583,0.000730711505656423
"ENSG00000087460","GNAS",-0.321500995648888,5.25918806888423e-05
"ENSG00000087470","DNM1L",-0.192056968141794,0.00188539426842713
"ENSG00000088298","EDEM2",-0.355464924493174,0.0267348321414313
"ENSG00000088305","DNMT3B",-0.455443741036845,0.00636484481951715
"ENSG00000088812","ATRN",-0.2365953929422,0.0462528131765222
"ENSG00000088970","KIZ",-0.365885151169807,0.0194326704054306
"ENSG00000089009","RPL6",-0.345625111967202,0.000143171590811239
"ENSG00000089050","RBBP9",-0.318577157557164,0.0159379380823391
"ENSG00000089057","SLC23A2",-0.323777299736664,0.00605357038522313
"ENSG00000089123","TASP1",-0.506670088793021,0.000257056699647164
"ENSG00000089177","KIF16B",-0.596305305221503,0.000273431807350224
"ENSG00000089248","ERP29",-0.209427231569068,0.0249623860283877
"ENSG00000089597","GANAB",-0.262323762764344,0.00184057969021843
"ENSG00000090861","AARS1",-0.221380820267914,0.034280560865434
"ENSG00000090863","GLG1",-0.201823688350337,0.0225119718361872
"ENSG00000090971","NAT14",-0.880560893617323,8.62545506751808e-08
"ENSG00000091039","OSBPL8",-0.208529686246699,0.0155294270583006
"ENSG00000091129","NRCAM",-2.27848006993234,0.000470831063622757
"ENSG00000091137","SLC26A4",-1.99574972866133,0.00115416086795867
"ENSG00000091409","ITGA6",-0.413872351719793,0.00112873891130059
"ENSG00000091483","FH",-0.330617327397919,0.000790058385575998
"ENSG00000091651","ORC6",-0.268667541275254,0.017317121767578
"ENSG00000091844","RGS17",-1.90286370456288,0.00050743458797148
"ENSG00000091947","TMEM101",-0.486890367138472,0.000201141540246316
"ENSG00000092421","SEMA6A",-1.07826358116069,0.00774966784667905
"ENSG00000092470","WDR76",-0.550265364979532,3.85942732660509e-08
"ENSG00000092621","PHGDH",-1.62625856180922,2.42025652549448e-08
"ENSG00000093144","ECHDC1",-0.39788732742204,4.53132855340688e-08
"ENSG00000093183","SEC22C",-0.179753509653287,0.0281382451852225
"ENSG00000095794","CREM",-0.410371388232637,0.0041591125524069
"ENSG00000095906","NUBP2",-0.302623746780125,0.00176763082495941
"ENSG00000097007","ABL1",-0.246184212560593,0.0301754343072947
"ENSG00000099260","PALMD",-2.30654980791669,0.000142122823166968
"ENSG00000099284","MACROH2A2",-0.466535644334151,0.0075393307734585
"ENSG00000099624","ATP5F1D",-0.249411700112358,0.0113284712512771
"ENSG00000100097","LGALS1",-0.436139496623798,7.58376867212949e-06
"ENSG00000100106","TRIOBP",-0.420551399024607,0.000770512815894366
"ENSG00000100116","GCAT",-0.468375470169124,0.00303926015379105
"ENSG00000100219","XBP1",-0.521461051923335,2.5853267382762e-05
"ENSG00000100316","RPL3",-0.343019021530811,0.000431711052571159
"ENSG00000100395","L3MBTL2",-0.26284271540759,0.036325529344086
"ENSG00000100410","PHF5A",-0.361342395890837,0.000369900956997941
"ENSG00000100425","BRD1",-0.311801410979012,0.0202105183288438
"ENSG00000100442","FKBP3",-0.430270776094846,9.3245885244782e-09
"ENSG00000100490","CDKL1",-1.2977304518459,2.80397176331511e-08
"ENSG00000100505","TRIM9",-0.690116403685387,0.0246949588970041
"ENSG00000100558","PLEK2",-0.299683969061036,0.0259952569626156
"ENSG00000100731","PCNX1",-0.329868102487986,0.00176891749197756
"ENSG00000100739","BDKRB1",-0.402920942975505,0.0370383533068428
"ENSG00000100823","APEX1",-0.524314559708688,1.92788460293539e-07
"ENSG00000100889","PCK2",-1.18165149037566,1.95135042335463e-05
"ENSG00000100908","EMC9",-0.297686180653257,0.0219660003489813
"ENSG00000100938","GMPR2",-0.397333834964959,0.000936588754965464
"ENSG00000101255","TRIB3",-0.933259490719818,2.53609006362306e-05
"ENSG00000101337","TM9SF4",-0.220986128632159,0.0432635717416392
"ENSG00000101346","POFUT1",-0.322500981101216,1.75736556477293e-06
"ENSG00000101444","AHCY",-0.462646078056756,7.41390877498091e-08
"ENSG00000101546","RBFA",-0.516367749285783,6.13110170005087e-06
"ENSG00000101574","METTL4",-0.306859427259762,0.0292202290222329
"ENSG00000101752","MIB1",-0.507453095087455,7.74760110394623e-08
"ENSG00000101773","RBBP8",-0.444431564648045,8.64832729897853e-07
"ENSG00000101849","TBL1X",-0.70210406844165,0.020550137452335
"ENSG00000101911","PRPS2",-0.469506876690804,1.05800616001343e-05
"ENSG00000101940","WDR13",-0.308814392409575,0.00120093462555671
"ENSG00000101974","ATP11C",-0.301115291825298,0.00146287313114173
"ENSG00000102030","NAA10",-0.397685146565076,5.59885295161445e-09
"ENSG00000102144","PGK1",-0.286494913411109,0.00971152364354434
"ENSG00000102172","SMS",-0.212505655379638,0.0285541513170925
"ENSG00000102178","UBL4A",-0.481567261094738,3.22987030331431e-09
"ENSG00000102547","CAB39L",-2.29163429847853,2.90299440369793e-10
"ENSG00000102595","UGGT2",-0.826944666119979,2.37090337258524e-10
"ENSG00000102870","ZNF629",-0.326372679875753,0.0198181969913144
"ENSG00000102931","ARL2BP",-0.293081049758073,0.0062863791535967
"ENSG00000103018","CYB5B",-0.238119405013166,0.0326105812570909
"ENSG00000103021","CFAP263",-1.10091566439654,0.00121820839432555
"ENSG00000103024","NME3",-0.469478622525256,0.000727180820009591
"ENSG00000103043","VAC14",-0.51360442487016,0.00111548456568264
"ENSG00000103047","TANGO6",-0.339837133805972,0.0134188187854779
"ENSG00000103111","MON1B",-0.223051358884142,0.0191020617802194
"ENSG00000103121","CMC2",-0.212643890079173,0.0250473104767371
"ENSG00000103148","NPRL3",-0.434629853686439,0.000297056420124721
"ENSG00000103227","LMF1",-0.855319314265485,0.026985246567555
"ENSG00000103253","HAGHL",-0.677520386997362,0.00092866640207352
"ENSG00000103257","SLC7A5",-0.424663818116729,0.00595109049717166
"ENSG00000103599","IQCH",-0.973231052047032,0.0120358080660819
"ENSG00000103647","CORO2B",-1.57080241261002,0.00382556098028363
"ENSG00000103657","HERC1",-0.242019305679318,0.0447871196430516
"ENSG00000103707","MTFMT",-0.403076764735897,0.00077495420679176
"ENSG00000103876","FAH",-0.361956089444793,0.00249450577961909
"ENSG00000103942","HOMER2",-0.68878523552269,2.09514228075722e-11
"ENSG00000104133","SPG11",-0.310846192262292,0.0278047375760241
"ENSG00000104164","BLOC1S6",-0.194224652827181,0.0129757743389028
"ENSG00000104231","ZFAND1",-0.396685107062291,0.00336700676394706
"ENSG00000104320","NBN",-0.231143363137782,0.00260405208865387
"ENSG00000104325","DECR1",-0.404688327775035,0.000245349611401278
"ENSG00000104369","JPH1",-0.387866873521408,0.013530610560966
"ENSG00000104408","EIF3E",-0.281363417022022,0.000506988542047712
"ENSG00000104442","ARMC1",-0.169317868119582,0.0441077529392307
"ENSG00000104529","EEF1D",-0.303562614410776,1.60654729835685e-05
"ENSG00000104872","PIH1D1",-0.286562094350321,0.00333721580066567
"ENSG00000104886","PLEKHJ1",-0.441375780194445,2.84761137702002e-05
"ENSG00000104983","CCDC61",-0.736068203546453,0.00264811095445731
"ENSG00000105176","URI1",-0.259469837428255,0.0083805440231476
"ENSG00000105255","FSD1",-0.884257254071129,0.00627227675774388
"ENSG00000105281","SLC1A5",-0.37496145208902,0.0021039228041774
"ENSG00000105429","MEGF8",-1.08239847615323,2.82779431022788e-07
"ENSG00000105464","GRIN2D",-0.636528280103698,0.043603847504725
"ENSG00000105486","LIG1",-0.396911314779583,0.00581997583058092
"ENSG00000105607","GCDH",-0.285416591508728,0.0248442529206625
"ENSG00000105647","PIK3R2",-0.62679736439689,0.0448255212112015
"ENSG00000105793","GTPBP10",-0.311929520118327,0.00742591577065695
"ENSG00000105819","PMPCB",-0.23293011650749,0.0345492705820044
"ENSG00000105821","DNAJC2",-0.182699788609391,0.011111664535696
"ENSG00000105835","NAMPT",-0.474479074124212,0.00497857304901006
"ENSG00000105866","SP4",-0.37488040993816,0.0197509467523853
"ENSG00000105879","CBLL1",-0.345457229843095,0.00558651627484068
"ENSG00000105894","PTN",-0.700381527914649,0.0478433813733491
"ENSG00000105997","HOXA3",-0.43161446212003,0.00117223907147728
"ENSG00000106105","GARS1",-0.691590916830474,1.54390378759765e-08
"ENSG00000106344","RBM28",-0.209457875425393,0.0365300374288986
"ENSG00000106477","CEP41",-0.352861500038348,3.4229120893253e-05
"ENSG00000106524","ANKMY2",-0.273476942309357,0.0233898348614122
"ENSG00000106554","CHCHD3",-0.722326149633823,5.92320681272437e-13
"ENSG00000106733","NMRK1",-0.618232200806619,0.0078212722002152
"ENSG00000106780","MEGF9",-0.384244230428655,0.0119091456511679
"ENSG00000106789","CORO2A",-0.385062800896136,0.00191784206566519
"ENSG00000106976","DNM1",-0.892824014577521,0.0112495841745765
"ENSG00000106991","ENG",-0.352196417840515,0.02010594120881
"ENSG00000107186","MPDZ",-0.67545814351518,3.08274799197072e-07
"ENSG00000107371","EXOSC3",-0.281283805318546,0.0176450039918903
"ENSG00000107581","EIF3A",-0.456813034075497,3.16770833629685e-05
"ENSG00000107614","TRDMT1",-1.21639500345229,1.38214673068753e-09
"ENSG00000107829","FBXW4",-0.473604102381579,0.00260842900520533
"ENSG00000107833","NPM3",-0.54211575311591,0.000234483405643495
"ENSG00000107864","CPEB3",-0.70973713299849,0.00794410167567827
"ENSG00000107874","CUEDC2",-0.280683338193416,0.0320510012100678
"ENSG00000107882","SUFU",-0.403353444515583,0.00691617982249631
"ENSG00000107929","LARP4B",-0.216816128455073,0.0128074295602806
"ENSG00000108055","SMC3",-0.242737011078595,0.00687189359961344
"ENSG00000108094","CUL2",-0.348658590413741,0.00428877523539692
"ENSG00000108175","ZMIZ1",-0.453178235118517,0.00424678416677679
"ENSG00000108187","PBLD",-0.955251807183403,0.0132889928477877
"ENSG00000108306","FBXL20",-0.856851037765536,1.3343121178118e-06
"ENSG00000108342","CSF3",-0.470186978399557,0.0274408612881552
"ENSG00000108395","TRIM37",-0.249332952972221,0.0202288804911709
"ENSG00000108518","PFN1",-0.420639082342553,0.000371356380483577
"ENSG00000108559","NUP88",-0.176279223234384,0.0394143531070615
"ENSG00000108561","C1QBP",-0.397974278698343,0.000605221240526589
"ENSG00000108641","B9D1",-0.629849739955434,0.000291831172773125
"ENSG00000108654","DDX5",-0.298730929529436,3.82695814920595e-06
"ENSG00000108666","C17orf75",-0.488942702395186,0.000285468368157417
"ENSG00000108784","NAGLU",-0.857945845769477,0.000103981274788971
"ENSG00000108786","HSD17B1",-0.505318711818398,0.0186231421734234
"ENSG00000108821","COL1A1",-0.476120080543716,0.0446604168324585
"ENSG00000108829","LRRC59",-0.230119755494001,0.00578172470937636
"ENSG00000108846","ABCC3",-0.562991191731073,0.00520607356250767
"ENSG00000108953","YWHAE",-0.319654007416468,0.000708694392964632
"ENSG00000108961","RANGRF",-0.241661524374912,0.0309194812930381
"ENSG00000109099","PMP22",-0.60243341621574,0.000977882856742779
"ENSG00000109180","OCIAD1",-0.272364966929976,0.00377288325431368
"ENSG00000109184","DCUN1D4",-0.419137470647775,0.000210453494179739
"ENSG00000109339","MAPK10",-1.02185840460131,0.0177910337064232
"ENSG00000109654","TRIM2",-0.429513494414753,0.0311913288875895
"ENSG00000109667","SLC2A9",-0.514907895006891,0.0149909858573024
"ENSG00000109685","NSD2",-0.222922417187328,0.0103341107762799
"ENSG00000109686","SH3D19",-0.394491355338589,0.00247043298231981
"ENSG00000109689","STIM2",-0.188898669181667,0.0328134372104865
"ENSG00000109819","PPARGC1A",-0.960466623189259,0.0205784351170803
"ENSG00000110013","SIAE",-0.455849662340688,0.00786940611108443
"ENSG00000110074","FOXRED1",-0.398294879590948,0.00150226853306828
"ENSG00000110400","NECTIN1",-0.23407503279736,0.0287672292790015
"ENSG00000110427","KIAA1549L",-0.756669841243453,9.20195250039086e-07
"ENSG00000110619","CARS1",-0.339291425207622,0.00640199326178756
"ENSG00000110696","C11orf58",-0.45269953411173,9.07531239294882e-05
"ENSG00000110717","NDUFS8",-0.156960437737959,0.0292051441802532
"ENSG00000110911","SLC11A2",-0.205900303834306,0.0312012414974391
"ENSG00000110955","ATP5F1B",-0.226050983852288,0.00884587157642483
"ENSG00000110987","BCL7A",-0.303177279201615,0.0318755325591633
"ENSG00000111012","CYP27B1",-0.784107192786614,0.00686602007041009
"ENSG00000111224","PARP11",-0.89254113326055,0.00188640380718364
"ENSG00000111276","CDKN1B",-0.432588863717892,0.00143237802943486
"ENSG00000111358","GTF2H3",-0.620369310683544,2.99415598279318e-10
"ENSG00000111371","SLC38A1",-0.359656902412454,0.0343895723554225
"ENSG00000111530","CAND1",-0.139467948403788,0.0407253068930638
"ENSG00000111615","KRR1",-0.206332389861498,0.0124987897107833
"ENSG00000111640","GAPDH",-0.254920448874795,0.00105053832767864
"ENSG00000111669","TPI1",-0.181304055124733,0.0166914290705643
"ENSG00000111684","LPCAT3",-0.445979435842984,0.00161137833291668
"ENSG00000111752","PHC1",-0.574727609427734,0.0229341004430529
"ENSG00000111801","BTN3A3",-1.17304393647739,0.000859226905453225
"ENSG00000111832","RWDD1",-0.237796686132834,0.00542025676389969
"ENSG00000111845","PAK1IP1",-0.239114389494016,0.00982520409174578
"ENSG00000111863","ADTRP",-0.814067352000653,0.00183033981156477
"ENSG00000111880","RNGTT",-0.318234179946509,0.00237799689595857
"ENSG00000111885","MAN1A1",-1.71862542026959,1.87744545884102e-07
"ENSG00000111912","NCOA7",-0.443837952357983,0.00345503290127921
"ENSG00000111962","UST",-0.608134628545565,0.0109479441475231
"ENSG00000112029","FBXO5",-0.614414813238653,1.18586113097197e-06
"ENSG00000112159","MDN1",-0.48139587808477,7.02905510138192e-06
"ENSG00000112208","BAG2",-0.476450664996582,0.00326605052944054
"ENSG00000112234","FBXL4",-0.365442188279395,0.00711433324090959
"ENSG00000112290","WASF1",-0.335801815635145,0.0134700870320981
"ENSG00000112304","ACOT13",-0.513743772609172,0.000124018614880382
"ENSG00000112339","HBS1L",-0.26647778037302,0.00585610219955625
"ENSG00000112419","PHACTR2",-0.356438183548513,0.00155171340486963
"ENSG00000112425","EPM2A",-1.17589684480984,6.1559599552674e-05
"ENSG00000112473","SLC39A7",-0.339462695007443,0.00185359880749801
"ENSG00000112584","FAM120B",-0.382851697664636,0.00171648575203763
"ENSG00000112659","CUL9",-0.574950472460371,0.00354354139786936
"ENSG00000112667","DNPH1",-0.303210599455421,0.0115371836364893
"ENSG00000112679","DUSP22",-0.307059897804145,0.0102228001986686
"ENSG00000112715","VEGFA",-0.549245296175293,0.00428877523539692
"ENSG00000112759","SLC29A1",-0.368158437581108,0.00190709019810641
"ENSG00000112874","NUDT12",-0.288926072424743,0.0272720369273409
"ENSG00000112977","DAP",-0.249922036513987,0.0170642891540382
"ENSG00000113282","CLINT1",-0.190279318021671,0.0125148798379563
"ENSG00000113356","POLR3G",-0.631055882592855,5.04798274747186e-09
"ENSG00000113360","DROSHA",-0.47958978286156,9.6234311606399e-09
"ENSG00000113369","ARRDC3",-1.31903984131933,1.78146301242928e-07
"ENSG00000113407","TARS1",-0.538685705891703,3.13004275606582e-13
"ENSG00000113448","PDE4D",-1.1997127529663,3.46198045309695e-07
"ENSG00000113522","RAD50",-0.600507823851815,0.00201071451850649
"ENSG00000113575","PPP2CA",-0.254368213492887,0.024108039696351
"ENSG00000113638","TTC33",-0.415616981223217,0.00736258572659104
"ENSG00000113648","MACROH2A1",-0.302267117667029,6.91632880828411e-09
"ENSG00000113739","STC2",-0.740725202290279,0.00189496114097534
"ENSG00000113763","UNC5A",-1.14542474638653,0.0111713242315873
"ENSG00000114021","NIT2",-0.223577726631035,0.0257412505683068
"ENSG00000114251","WNT5A",-1.73928245449034,1.37169599002566e-06
"ENSG00000114315","HES1",-0.49695476236674,0.020793231786242
"ENSG00000114446","IFT57",-0.626276327560316,9.67901700304145e-07
"ENSG00000114450","GNB4",-0.191517224589198,0.0201437612131338
"ENSG00000114480","GBE1",-0.352355002276959,0.00363304115847153
"ENSG00000114544","SLC41A3",-0.317191747312478,0.0136322930973637
"ENSG00000114631","PODXL2",-0.4927415474936,0.0346167095758857
"ENSG00000114686","MRPL3",-0.330228207420452,2.46360659275125e-05
"ENSG00000114902","SPCS1",-0.309175863817434,0.00127818457458483
"ENSG00000114904","NEK4",-0.393760769001618,0.00217426965386947
"ENSG00000114942","EEF1B2",-0.438994276108115,1.75357886542605e-06
"ENSG00000115073","ACTR1B",-0.447925009910097,5.99627459276655e-06
"ENSG00000115159","GPD2",-0.345366967539844,1.05874331752421e-05
"ENSG00000115232","ITGA4",-0.746642952302728,0.0438979496587859
"ENSG00000115233","PSMD14",-0.26990166438553,0.0077722837880558
"ENSG00000115310","RTN4",-0.185619940760436,0.0272720369273409
"ENSG00000115325","DOK1",-1.21655046370194,2.45946459881113e-09
"ENSG00000115355","CCDC88A",-0.226318148559798,0.0283059035096501
"ENSG00000115364","MRPL19",-0.308691332090742,0.000158731675356376
"ENSG00000115365","LANCL1",-0.517760269563047,6.06028008164546e-07
"ENSG00000115425","PECR",-0.582109336941417,0.00145436324206625
"ENSG00000115457","IGFBP2",-0.895299081405938,0.00402390382386089
"ENSG00000115661","STK16",-0.52857592615547,8.29821086426978e-05
"ENSG00000115750","TAF1B",-0.335986552899555,0.000708452793700216
"ENSG00000115816","CEBPZ",-0.276591678103626,0.000360430328245772
"ENSG00000115841","RMDN2",-0.744705418147495,0.00258485108278335
"ENSG00000115866","DARS1",-0.22701117900883,0.002861913531713
"ENSG00000115884","SDC1",-0.212997987285212,0.0311913288875895
"ENSG00000115902","SLC1A4",-1.66401614933253,0.00039947101658252
"ENSG00000115942","ORC2",-0.395537407624073,2.28256482082816e-07
"ENSG00000116005","PCYOX1",-0.256756969137623,0.013978424064465
"ENSG00000116120","FARSB",-0.268857063814879,0.00372495428409815
"ENSG00000116171","SCP2",-0.327441524689494,0.00402390382386089
"ENSG00000116199","FAM20B",-0.204815859366231,0.0129521548179237
"ENSG00000116205","TCEANC2",-0.594619560304129,7.39127797718019e-07
"ENSG00000116237","ICMT",-0.208061259142935,0.0167935054131793
"ENSG00000116251","RPL22",-0.296767088902594,0.000336530155385949
"ENSG00000116288","PARK7",-0.234073441863345,0.0090713268075321
"ENSG00000116668","SWT1",-0.537862553904271,0.0149423180745942
"ENSG00000116679","IVNS1ABP",-0.311477905119973,0.00543062925997777
"ENSG00000116729","WLS",-0.830957774359744,1.62621562454792e-08
"ENSG00000116754","SRSF11",-0.362307358684191,1.96075344732356e-09
"ENSG00000116771","AGMAT",-0.409035358410768,0.00849212569077681
"ENSG00000116852","KIF21B",-1.29345781404888,0.000283047439092945
"ENSG00000116874","WARS2",-0.471840676681557,0.000172298128264526
"ENSG00000116885","OSCP1",-0.51338896233318,0.0316110256546652
"ENSG00000116906","GNPAT",-0.295413835211463,0.00176346601885589
"ENSG00000116918","TSNAX",-0.395982135295974,0.000287226324506282
"ENSG00000117020","AKT3",-0.801984259736886,2.34687654474666e-12
"ENSG00000117114","ADGRL2",-0.309632738853111,0.019336618934535
"ENSG00000117155","SSX2IP",-0.263924012359365,0.00713744852255528
"ENSG00000117174","ZNHIT6",-0.432407324214631,5.63142224898909e-05
"ENSG00000117395","EBNA1BP2",-0.412876379160444,4.05178136836788e-09
"ENSG00000117419","ERI3",-0.352130662750837,0.00192491714786106
"ENSG00000117448","AKR1A1",-0.463691702039856,6.7940203083592e-06
"ENSG00000117500","TMED5",-0.300462343571675,0.00320996088798204
"ENSG00000117602","RCAN3",-0.308462616864876,0.0034429578118013
"ENSG00000117632","STMN1",-0.245993214434568,0.0323679825556647
"ENSG00000117791","MTARC2",-0.559981060740455,0.00739997705427393
"ENSG00000117906","RCN2",-0.30022995674495,0.0037343576608507
"ENSG00000118193","KIF14",-0.279785264150381,0.0380932307036661
"ENSG00000118246","FASTKD2",-0.253485840864973,0.0117886995874181
"ENSG00000118260","CREB1",-0.200512088591092,0.0304430569697712
"ENSG00000118412","CASP8AP2",-0.251952189472598,0.00398709926795559
"ENSG00000118482","PHF3",-0.39498511903133,0.000137869669479824
"ENSG00000118705","RPN2",-0.1373974275801,0.0313999281469428
"ENSG00000118762","PKD2",-0.706344993007774,7.43292684613076e-08
"ENSG00000118816","CCNI",-0.175973880890999,0.0060359213982182
"ENSG00000118873","RAB3GAP2",-0.237987321467502,0.0089939492993893
"ENSG00000118965","WDR35",-0.553737431896913,0.00172640388417755
"ENSG00000119242","CCDC92",-0.396952720233819,0.00864574415886325
"ENSG00000119326","CTNNAL1",-0.428757658137643,5.64879302219603e-05
"ENSG00000119397","CNTRL",-0.429820003737217,0.00303489787482962
"ENSG00000119408","NEK6",-0.390869905622795,0.000449632553547914
"ENSG00000119487","MAPKAP1",-0.268271086245438,3.67486477326308e-05
"ENSG00000119509","INVS",-0.821481247187899,3.18176960327675e-09
"ENSG00000119616","FCF1",-0.18933883546132,0.000869056618222827
"ENSG00000119636","BBOF1",-0.917965807830522,0.000972926032511978
"ENSG00000119681","LTBP2",-0.694056431783699,3.34380935037257e-05
"ENSG00000119685","TTLL5",-0.400211177786315,8.74670859328359e-05
"ENSG00000119705","SLIRP",-0.301670973045291,0.00531631156530465
"ENSG00000119707","RBM25",-0.194830135062497,0.0325108500730159
"ENSG00000119720","NRDE2",-0.431079183878732,0.000422577120660325
"ENSG00000119772","DNMT3A",-0.336557170590463,0.0214836101684014
"ENSG00000119778","ATAD2B",-0.347673701434659,0.00612308347214799
"ENSG00000119888","EPCAM",-0.258751165489884,0.0073528191220501
"ENSG00000119900","OGFRL1",-0.231608088631631,0.0286402686890867
"ENSG00000119912","IDE",-0.295952900409549,0.00542032909752277
"ENSG00000119927","GPAM",-1.09254593704996,2.76038949596238e-14
"ENSG00000119953","SMNDC1",-0.245542772471015,0.00235233349358902
"ENSG00000120055","C10orf95",-1.02377892585018,0.0095252964155054
"ENSG00000120137","PANK3",-0.280183763165991,0.000397247985985502
"ENSG00000120159","CAAP1",-0.382693118659544,0.00263462434910295
"ENSG00000120705","ETF1",-0.28962393912179,7.60348711997583e-07
"ENSG00000120820","GLT8D2",-1.47914869818871,0.0048864765039064
"ENSG00000120833","SOCS2",-1.13485613590563,1.18304735156468e-08
"ENSG00000120992","LYPLA1",-0.352474783320407,0.000448173796101051
"ENSG00000121579","NAA50",-0.206873808444093,0.00426824935098888
"ENSG00000121892","PDS5A",-0.118461127817646,0.0432198974513921
"ENSG00000121897","LIAS",-0.386660392587707,0.0105435565897311
"ENSG00000121931","LRIF1",-0.252340072513816,0.0176184018006311
"ENSG00000122376","SHLD2",-0.575268027544189,1.20712779402368e-09
"ENSG00000122378","PRXL2A",-0.511328641820713,0.00857931159453221
"ENSG00000122406","RPL5",-0.286449592988559,0.000576302834623454
"ENSG00000122483","CCDC18",-0.413151755215772,0.000692859227788081
"ENSG00000122565","CBX3",-0.201167568694961,0.00708739671160406
"ENSG00000122642","FKBP9",-0.377025540563192,0.00599411269400442
"ENSG00000122966","CIT",-0.468924054539859,0.00097130746903014
"ENSG00000123095","BHLHE41",-0.575127401506976,0.049787264200315
"ENSG00000123096","SSPN",-0.703309673715393,0.049029707934207
"ENSG00000123200","ZC3H13",-0.357089424564713,0.000921209828112953
"ENSG00000123268","ATF1",-0.23769402506453,0.0441705407289972
"ENSG00000123352","SPATS2",-0.57526264364181,3.47214195081094e-10
"ENSG00000123416","TUBA1B",-0.433063665012296,0.000319653934175527
"ENSG00000123444","KBTBD4",-0.497404398333959,0.0125061790869452
"ENSG00000123552","USP45",-0.357083882068912,0.00600541348793248
"ENSG00000123607","TTC21B",-0.334691054341382,0.0267513927583575
"ENSG00000123684","LPGAT1",-0.293726622145227,0.00171009108503025
"ENSG00000123737","EXOSC9",-0.198323945583476,0.0241580714688054
"ENSG00000123739","PLA2G12A",-0.447802838044383,0.000119910376073431
"ENSG00000123892","RAB38",-0.395212793357808,0.0433749775958873
"ENSG00000123977","DAW1",-0.574796182608435,0.0157955288643324
"ENSG00000124191","TOX2",-0.980235137760734,1.99553047134038e-05
"ENSG00000124214","STAU1",-0.227831826512714,0.000921969408471771
"ENSG00000124222","STX16",-0.268786058185218,0.00494710941385419
"ENSG00000124370","MCEE",-0.5806868985443,0.0243047013521126
"ENSG00000124570","SERPINB6",-0.222595807201347,0.0112669087779092
"ENSG00000124571","XPO5",-0.34113970549705,6.82411315060747e-05
"ENSG00000124731","TREM1",-1.97376083172938,0.000124135322375002
"ENSG00000124788","ATXN1",-0.775777757539655,1.03186780632049e-05
"ENSG00000124795","DEK",-0.332530291548448,9.08831862704972e-05
"ENSG00000124802","EEF1E1",-0.247736296499058,0.0434166192735886
"ENSG00000125148","MT2A",-0.570200670578828,3.83352706533344e-11
"ENSG00000125249","RAP2A",-0.459955497892033,9.31072307956266e-05
"ENSG00000125458","NT5C",-0.511868529647901,0.000204933288925581
"ENSG00000125459","MSTO1",-0.286116503999955,0.0481341708056199
"ENSG00000125538","IL1B",-1.74964284708178,0.000121645982268407
"ENSG00000125691","RPL23",-0.147606359012982,0.0226018335029997
"ENSG00000125843","AP5S1",-0.223075532787429,0.0468270969318419
"ENSG00000125863","MKKS",-0.465499823772705,0.00404444956373682
"ENSG00000125968","ID1",-0.417116092151633,0.000107479912382158
"ENSG00000125977","EIF2S2",-0.24735549155533,0.000254408503322739
"ENSG00000126070","AGO3",-0.315827573182416,0.00460232959908674
"ENSG00000126091","ST3GAL3",-0.500238653228491,0.020806854601413
"ENSG00000126653","NSRP1",-0.211524623112617,0.0317749362733711
"ENSG00000126756","UXT",-0.283118845018392,0.00320996088798204
"ENSG00000126777","KTN1",-0.279330754842528,0.000112471202258983
"ENSG00000126787","DLGAP5",-0.355608583964528,0.0126509192382115
"ENSG00000126804","ZBTB1",-0.487201661056198,0.000995096172719458
"ENSG00000126821","SGPP1",-0.322269834120058,0.0176710131982784
"ENSG00000127337","YEATS4",-0.246481087844425,0.0391785691309424
"ENSG00000127483","HP1BP3",-0.542351179424511,1.61943329291084e-09
"ENSG00000127989","MTERF1",-0.331955194363393,0.0269530316464342
"ENSG00000127990","SGCE",-0.559074856242772,0.00451500776906002
"ENSG00000128272","ATF4",-0.624274578163608,9.24855758745752e-08
"ENSG00000128487","SPECC1",-0.251211139855344,0.0157898499497546
"ENSG00000128512","DOCK4",-0.547074144346536,0.00272061817250459
"ENSG00000128595","CALU",-0.23316624349752,0.00908079519640393
"ENSG00000128609","NDUFA5",-0.311775016044356,8.03979717675784e-05
"ENSG00000128641","MYO1B",-0.309658014791072,0.00011696954617938
"ENSG00000128694","OSGEPL1",-0.745800626940309,5.19719848821048e-05
"ENSG00000128805","ARHGAP22",-1.2188381803385,3.57124723472314e-09
"ENSG00000128928","IVD",-0.614038325689129,1.43634207581377e-09
"ENSG00000128989","ARPP19",-0.304284833368823,0.000122257228814882
"ENSG00000129003","VPS13C",-0.510350303372239,0.000449632553547914
"ENSG00000129038","LOXL1",-2.11249339790556,1.55593458123829e-05
"ENSG00000129103","SUMF2",-0.47220728954079,8.61233887081318e-05
"ENSG00000129292","PHF20L1",-0.203457217461326,0.00561860967751895
"ENSG00000129295","DNAAF11",-1.09517202382194,0.00335069152773577
"ENSG00000129317","PUS7L",-0.371594295456697,3.12078586506481e-05
"ENSG00000129480","DTD2",-0.418625260668609,0.000381086723716201
"ENSG00000129636","ITFG1",-0.374309165739708,0.00056113236730704
"ENSG00000129691","ASH2L",-0.548852823613668,0.000397280666878853
"ENSG00000130270","ATP8B3",-0.645469456493874,0.00163540631139739
"ENSG00000130313","PGLS",-0.380126753251533,0.00561115197736501
"ENSG00000130511","SSBP4",-0.302711794613192,0.00127783301149628
"ENSG00000130598","TNNI2",-0.558668773500338,0.0225568226445534
"ENSG00000130600","H19",-1.52444912885312,0.00029351911682349
"ENSG00000130707","ASS1",-0.469993056516816,0.0337875048070301
"ENSG00000130713","EXOSC2",-0.233233825940473,0.0104811231139508
"ENSG00000130720","FIBCD1",-0.658812545668347,0.0348003358347477
"ENSG00000130816","DNMT1",-0.384649323446963,3.78846134690469e-06
"ENSG00000130830","MPP1",-0.480114704383485,0.000517321783180596
"ENSG00000131019","ULBP3",-0.371402836195933,0.0100071997241724
"ENSG00000131089","ARHGEF9",-0.451316994862059,0.00625099379589929
"ENSG00000131171","SH3BGRL",-0.493441314050655,0.000359790022613388
"ENSG00000131263","RLIM",-0.360466863073788,6.87402080389847e-06
"ENSG00000131470","PSMC3IP",-0.516928767811604,9.68352318738072e-05
"ENSG00000131650","KREMEN2",-0.426903259412196,0.0269553767646656
"ENSG00000131747","TOP2A",-0.287658438173137,0.0155224077234161
"ENSG00000132330","SCLY",-0.36587564171615,0.0157898499497546
"ENSG00000132429","POPDC3",-0.63611394941057,3.59171867541043e-06
"ENSG00000132432","SEC61G",-0.35657979110069,0.0116534292943082
"ENSG00000132470","ITGB4",-0.406864877299152,0.000396204004615368
"ENSG00000132535","DLG4",-1.21088132610322,0.000979662500149316
"ENSG00000132570","PCBD2",-0.277520612954683,0.0223419595479401
"ENSG00000132623","ANKEF1",-1.04237892163756,6.28833606222964e-07
"ENSG00000132661","NXT1",-0.294107419335395,0.0138406640864019
"ENSG00000132669","RIN2",-0.324350878438953,0.000183451898661988
"ENSG00000132716","DCAF8",-0.41787699950603,7.12190078903184e-05
"ENSG00000132842","AP3B1",-0.369406198914905,0.000116233976170987
"ENSG00000132952","USPL1",-0.377284386497048,0.01774771939059
"ENSG00000132965","ALOX5AP",-1.62221655433727,0.000204198760403001
"ENSG00000132967",NA,-1.09202898473142,1.62986464527735e-05
"ENSG00000132970","WASF3",-0.328743025069633,0.00196040508168897
"ENSG00000133114","GPALPP1",-0.588985206942574,5.74204272238807e-07
"ENSG00000133216","EPHB2",-1.27978396757186,1.01276508989145e-13
"ENSG00000133243","BTBD2",-0.431637806821472,0.00145959892929447
"ENSG00000133315","MACROD1",-0.809424775034131,0.00896762299097886
"ENSG00000133706","LARS1",-0.540251237577515,7.03130422934238e-11
"ENSG00000133739","LRRCC1",-0.468735702512676,0.000503342865656487
"ENSG00000133740","E2F5",-0.719650141633564,0.00042189301874393
"ENSG00000133794","BMAL1",-0.33384857877072,0.00465839249658301
"ENSG00000133816","MICAL2",-0.280961101333204,0.0374354689003486
"ENSG00000133983","COX16",-0.446411566668233,0.00717003446516262
"ENSG00000134013","LOXL2",-1.39638858147102,7.08221094668302e-19
"ENSG00000134030","CTIF",-0.583292197046508,0.000871120459181062
"ENSG00000134109","EDEM1",-0.503932941279095,6.7579781955164e-05
"ENSG00000134146","DPH6",-0.481717892859299,0.00286585466047414
"ENSG00000134152","KATNBL1",-0.238224187030519,0.00718851230415049
"ENSG00000134278","SPIRE1",-0.168774292623335,0.044926838525348
"ENSG00000134308","YWHAQ",-0.180941141045518,0.042139915862601
"ENSG00000134333","LDHA",-0.37651759242087,0.00040830552629234
"ENSG00000134369","NAV1",-0.387244174630286,0.0024431539842203
"ENSG00000134440","NARS1",-0.224618858811924,0.0227142788939868
"ENSG00000134463","ECHDC3",-0.504068426018104,0.0192024993016912
"ENSG00000134548","SPX",-0.731913947619702,0.0463666043215475
"ENSG00000134575","ACP2",-0.459531751925215,0.00196602409914592
"ENSG00000134684","YARS1",-0.656982347567513,5.88385146636767e-12
"ENSG00000134697","GNL2",-0.168237236297006,0.0254235402748486
"ENSG00000134758","RNF138",-0.343791493169773,0.00601630038090551
"ENSG00000134809","TIMM10",-0.433863261497285,0.000488503217163487
"ENSG00000134864","GGACT",-0.940573454815583,0.000843121451929527
"ENSG00000134871","COL4A2",-0.372986157761465,0.0080971869929597
"ENSG00000134897","BIVM",-0.224668451302002,0.0271416053015543
"ENSG00000134910","STT3A",-0.236424744893211,0.00260228971462616
"ENSG00000135049","AGTPBP1",-0.502576833845427,0.000644203146304997
"ENSG00000135069","PSAT1",-0.429467406730726,0.00488403307836175
"ENSG00000135127","BICDL1",-0.960114273258076,0.000544687519031531
"ENSG00000135315","CEP162",-0.315104744002323,0.00561115197736501
"ENSG00000135316","SYNCRIP",-0.230106067237,0.00330612926387448
"ENSG00000135318","NT5E",-0.609603403524038,9.97258245876886e-09
"ENSG00000135341","MAP3K7",-0.342789346876848,5.11548088969685e-06
"ENSG00000135365","PHF21A",-0.372020151444152,0.0270284119522243
"ENSG00000135387","CAPRIN1",-0.187778643867224,0.00415069701930492
"ENSG00000135414","GDF11",-0.252407340855972,0.0428778623292308
"ENSG00000135541","AHI1",-0.5682185773332,1.99793158968079e-07
"ENSG00000135775","COG2",-0.277138811376547,0.0303019988983106
"ENSG00000135838","NPL",-0.46020490959185,0.0392127951089465
"ENSG00000136002","ARHGEF4",-0.587632441732908,0.00137766993084171
"ENSG00000136044","APPL2",-0.306513843955605,0.0132373004549816
"ENSG00000136104","RNASEH2B",-0.59348888642629,9.20507097536163e-09
"ENSG00000136108","CKAP2",-0.320177795149637,0.0165160959587834
"ENSG00000136193","SCRN1",-0.566054134816403,1.05399200454615e-06
"ENSG00000136444","RSAD1",-0.455958240458673,0.00130055107010149
"ENSG00000136560","TANK",-0.57894560417698,6.40969505117872e-05
"ENSG00000136628","EPRS1",-0.435461256603408,3.28523934754842e-05
"ENSG00000136643","RPS6KC1",-0.401819300217108,0.000447962558546844
"ENSG00000136720","HS6ST1",-0.445998205665516,0.00184993838489995
"ENSG00000136807","CDK9",-0.776993738509904,9.81962617313463e-06
"ENSG00000136811","ODF2",-0.336473919404941,0.00186544407592019
"ENSG00000136813","ECPAS",-0.272420245759302,0.000430756487884256
"ENSG00000136840","ST6GALNAC4",-0.290159568426508,0.0318446516121459
"ENSG00000136861","CDK5RAP2",-0.296322556660488,0.00128469337007479
"ENSG00000136866","ZFP37",-1.19430925863012,0.00562822080773919
"ENSG00000136874","STX17",-0.316820237038906,0.0025993467610638
"ENSG00000136908","DPM2",-0.263946642967523,0.0201228891161292
"ENSG00000136933","RABEPK",-0.25936912832373,0.0182890376481992
"ENSG00000136936","XPA",-0.290651981599911,0.000957718416407672
"ENSG00000136937","NCBP1",-0.179787890968198,0.0330307103646528
"ENSG00000137154","RPS6",-0.274292575236741,0.0179003239130355
"ENSG00000137168","PPIL1",-0.279795426681015,0.0122210564683164
"ENSG00000137274","BPHL",-1.13788373196305,3.98263691107302e-07
"ENSG00000137288","UQCC2",-0.573940123245464,0.000163559315477216
"ENSG00000137492","THAP12",-0.343493522167524,0.00470738200559451
"ENSG00000137509","PRCP",-0.227568472983955,0.0226042415476195
"ENSG00000137601","NEK1",-0.345829718282637,0.000706372905016142
"ENSG00000137656","BUD13",-0.44087905030664,5.08873108021564e-05
"ENSG00000137692","DCUN1D5",-0.422403227792786,6.32207452471371e-07
"ENSG00000137700","SLC37A4",-0.35317162811395,0.0292317776389226
"ENSG00000137710","RDX",-0.187055100322012,0.0129057593836959
"ENSG00000137770","CTDSPL2",-0.40983744562796,4.57893154787698e-06
"ENSG00000137814","HAUS2",-0.233679806961925,0.0205035394998347
"ENSG00000137876","RSL24D1",-0.319674618659976,0.0219573743812489
"ENSG00000137944","KYAT3",-0.775930240705698,7.51457657857035e-08
"ENSG00000138036","DYNC2LI1",-0.572949574512614,0.00119407692191746
"ENSG00000138085","ATRAID",-0.454435891954017,1.24452350317482e-05
"ENSG00000138190","EXOC6",-0.756611941034794,3.43952829910448e-05
"ENSG00000138378","STAT4",-0.671086005982341,0.0384712693089835
"ENSG00000138380","CARF",-0.53770141948946,0.035324464762517
"ENSG00000138385","SSB",-0.266579573637102,0.000151401407792001
"ENSG00000138398","PPIG",-0.429907481671244,3.58291421005003e-09
"ENSG00000138430","OLA1",-0.434928511106116,1.87161916906922e-07
"ENSG00000138443","ABI2",-0.310900683251207,0.000729752230485471
"ENSG00000138448","ITGAV",-0.21331784258333,0.0467776814985465
"ENSG00000138468","SENP7",-1.11325459612486,8.04603508485353e-08
"ENSG00000138639","ARHGAP24",-0.555156669057455,0.0199833418532578
"ENSG00000138658","ZGRF1",-0.512932498974294,0.0015045388415848
"ENSG00000138685","FGF2",-0.538523416801875,6.60271129945697e-06
"ENSG00000138698","RAP1GDS1",-0.31210277567446,0.00183587743233536
"ENSG00000138744","NAAA",-0.258626090591291,0.0234387635319775
"ENSG00000138750","NUP54",-0.300202440639594,0.00558298906988687
"ENSG00000138758","SEPTIN11",-0.222077175763468,0.0011618045588674
"ENSG00000138780","GSTCD",-0.297337473848587,0.0272720369273409
"ENSG00000138801","PAPSS1",-0.38733949811321,3.08618376513484e-05
"ENSG00000138814","PPP3CA",-0.316148085063127,4.81071375686464e-06
"ENSG00000138829","FBN2",-0.391063756337678,0.012328830238371
"ENSG00000138944","SHISAL1",-2.12465722576793,4.75776912965946e-05
"ENSG00000139144","PIK3C2G",-1.41916703343942,0.0056012688938622
"ENSG00000139146","SINHCAF",-0.510475622156322,0.000109074751654264
"ENSG00000139160","ETFBKMT",-1.00320818965141,0.0123655612882924
"ENSG00000139168","ZCRB1",-0.204619614847326,0.000335664698049932
"ENSG00000139178","C1RL",-0.560515091795506,0.000535145489544117
"ENSG00000139197","PEX5",-0.519762871547994,0.000367451450580707
"ENSG00000139211","AMIGO2",-1.04071551951246,4.28039332511003e-05
"ENSG00000139263","LRIG3",-0.476896502757373,0.0336777004148974
"ENSG00000139289","PHLDA1",-0.561363460880385,5.87957123807063e-06
"ENSG00000139323","POC1B",-0.401556033896966,0.00978805518472843
"ENSG00000139343","SNRPF",-0.294197205649602,0.000907759715290254
"ENSG00000139372","TDG",-0.245036738827734,0.0286483312013989
"ENSG00000139428","MMAB",-0.667670012916096,2.54033012766698e-06
"ENSG00000139684","ESD",-0.58339339090232,1.54716871762659e-11
"ENSG00000139726","DENR",-0.197187241584166,0.0058483285559669
"ENSG00000139734","DIAPH3",-0.4695854868586,4.36346883225913e-06
"ENSG00000139826","ABHD13",-0.300419493709259,0.0458505535782243
"ENSG00000139832","RAB20",-0.593261321242708,0.0106822737160973
"ENSG00000139971","ARMH4",-0.731044748063818,0.043820431159784
"ENSG00000140379","BCL2A1",-0.701727658801475,0.0293273359977457
"ENSG00000140395","SKIC8",-0.412891373559153,0.000362551604507777
"ENSG00000140406","TLNRD1",-0.300965988827932,0.00849324134467043
"ENSG00000140479","PCSK6",-0.689240398531179,5.24235726697133e-05
"ENSG00000140525","FANCI",-0.31162480831014,0.00036528829429058
"ENSG00000140600","SH3GL3",-1.69983830847053,0.00124833661706332
"ENSG00000140612","SEC11A",-0.42747781633331,0.000100984910384607
"ENSG00000140688","RUSF1",-0.416137496944878,0.000245349611401278
"ENSG00000140876","NUDT7",-0.611300477275745,0.0467844386643499
"ENSG00000140905","GCSH",-0.775920031562847,0.00576289487437218
"ENSG00000140943","MBTPS1",-0.280700774080436,0.000383839632047444
"ENSG00000140990","NDUFB10",-0.182628907574209,0.0442536156228038
"ENSG00000141002","TCF25",-0.428358115305108,2.69470688406203e-08
"ENSG00000141252","VPS53",-0.280457832954825,0.0124558788514225
"ENSG00000141526","SLC16A3",-0.629088584829213,1.69689892336689e-15
"ENSG00000141622","ARK2C",-0.580970916082593,2.72053038820877e-05
"ENSG00000141642","ELAC1",-0.378641003411721,0.0295875246404369
"ENSG00000141665","FBXO15",-1.07907601790337,0.0150111778300293
"ENSG00000141759","TXNL4A",-0.191145716084379,0.00747725062031988
"ENSG00000142208","AKT1",-0.333585887756532,0.00033025040577956
"ENSG00000142327","RNPEPL1",-0.555590622888717,0.00103728108921625
"ENSG00000142453","CARM1",-0.194269984100917,0.018231318007131
"ENSG00000142686","C1orf216",-0.33862902840235,0.00777667489606707
"ENSG00000142798","HSPG2",-0.369697739214767,0.00933451937009063
"ENSG00000142892","PIGK",-0.440285146142457,0.000775217465326865
"ENSG00000142937","RPS8",-0.237375572066644,0.00360529182264434
"ENSG00000142949","PTPRF",-0.192634335942768,0.0110195901907331
"ENSG00000143156","NME7",-0.48845588187996,3.17014550835508e-06
"ENSG00000143256","PFDN2",-0.225590027854978,0.0276383440901229
"ENSG00000143314","MRPL24",-0.226701759642937,0.0394524887750547
"ENSG00000143344","RGL1",-0.597429612075588,0.00590877203865537
"ENSG00000143384","MCL1",-0.211760697932797,0.0325843585722166
"ENSG00000143458","GABPB2",-0.542109412610046,0.00102335231806606
"ENSG00000143498","TAF1A",-0.269071563545022,0.0384948731861569
"ENSG00000143554","SLC27A3",-0.373425341193778,0.0426965646479336
"ENSG00000143621","ILF2",-0.366654183224459,0.000554268636573671
"ENSG00000143643","TTC13",-0.488900400571458,0.00456609219979831
"ENSG00000143702","CEP170",-0.454909293461678,0.00178238827516584
"ENSG00000143751","SDE2",-0.238503698335913,0.0447288581225992
"ENSG00000143786","CNIH3",-1.41012005947734,0.00137480152259293
"ENSG00000143811","PYCR2",-0.270758635449699,0.0274408612881552
"ENSG00000143870","PDIA6",-0.264847104218834,0.00124546237848831
"ENSG00000143924","EML4",-0.187250322732032,0.0432820395746023
"ENSG00000143970","ASXL2",-0.244632210890043,0.00613968870728809
"ENSG00000143971","ETAA1",-0.345715374498741,0.0125432526353109
"ENSG00000144061","NPHP1",-0.540753795388972,0.00332815435157281
"ENSG00000144136","SLC20A1",-0.699699848853836,5.14715097251424e-12
"ENSG00000144355","DLX1",-0.348908486136488,0.0481341708056199
"ENSG00000144468","RHBDD1",-0.432102192574226,0.00176291066995814
"ENSG00000144681","STAC",-1.16593726822736,0.0118369888596378
"ENSG00000144730","IL17RD",-0.537578043335478,0.00355289937655177
"ENSG00000144741","SLC25A26",-0.281129632346031,0.00125881420362712
"ENSG00000144810","COL8A1",-0.760793194882287,0.00311564817394505
"ENSG00000144815","NXPE3",-0.566684276101952,9.0658062691913e-05
"ENSG00000144848","ATG3",-0.365430234637222,6.00505366107422e-06
"ENSG00000144895","EIF2A",-0.331387432308588,0.000681965270985302
"ENSG00000144909","OSBPL11",-0.273634881679319,0.0104108638371295
"ENSG00000145147","SLIT2",-1.72859396183554,8.29809375559276e-07
"ENSG00000145220","LYAR",-0.21250059558937,0.00863892146954204
"ENSG00000145246","ATP10D",-0.545251553454662,0.00172448184341702
"ENSG00000145348","TBCK",-0.871491264486201,6.03081026155318e-06
"ENSG00000145365","TIFA",-0.478666833648695,0.000526737766037333
"ENSG00000145476","CYP4V2",-1.75849916548672,0.000124034938872584
"ENSG00000145723","GIN1",-0.355457617930333,0.0480283618884819
"ENSG00000145725","PPIP5K2",-0.460346629548922,5.26731875602097e-06
"ENSG00000145817","YIPF5",-0.301697357295609,0.00779022545450971
"ENSG00000145819","ARHGAP26",-0.845054116185393,8.72000749402431e-06
"ENSG00000145912","NHP2",-0.209982251123081,0.00878205305542379
"ENSG00000146054","TRIM7",-0.556871751540042,0.000371689600470782
"ENSG00000146350","TBC1D32",-0.522657814461486,0.0063891070287436
"ENSG00000146463","ZMYM4",-0.389523749412574,3.11284047356958e-05
"ENSG00000146729","NIPSNAP2",-0.852321880032052,8.98478871833722e-15
"ENSG00000146733","PSPH",-0.6408646409762,5.26731875602097e-06
"ENSG00000146776","ATXN7L1",-0.512853546859403,0.00594469789967556
"ENSG00000146802","TMEM168",-0.341530821258726,0.0111880244022513
"ENSG00000146842","TMEM209",-0.561346861331169,0.000393589831855728
"ENSG00000146872","TLK2",-0.227295796558264,0.0242837112249079
"ENSG00000146909","NOM1",-0.32267540506795,0.00150226853306828
"ENSG00000146918","NCAPG2",-0.257520736775618,0.0225011311030866
"ENSG00000147010","SH3KBP1",-0.37282460324109,0.00806346778467195
"ENSG00000147140","NONO",-0.276193847691925,1.78165657884551e-07
"ENSG00000147316","MCPH1",-0.396595234261714,5.28567230541238e-05
"ENSG00000147650","LRP12",-0.402442436397798,0.0013918055917104
"ENSG00000147654","EBAG9",-0.606274093459794,1.25634183219629e-08
"ENSG00000147804","SLC39A4",-0.219159446267302,0.0202548882062121
"ENSG00000148019","CEP78",-0.35756033708602,0.000318892287044314
"ENSG00000148090","AUH",-0.433234436410151,0.0464122547015794
"ENSG00000148200","NR6A1",-0.705640170026872,0.00380380184829913
"ENSG00000148334","PTGES2",-0.295835286298937,0.00148299340921188
"ENSG00000148341","SH3GLB2",-0.249114510714695,0.00724472527573202
"ENSG00000148384","INPP5E",-0.327212776610974,0.0428339107791943
"ENSG00000148498","PARD3",-0.324616697425044,2.1316472244031e-05
"ENSG00000148513","ANKRD30A",-1.00960446672838,0.0107428272485557
"ENSG00000148516","ZEB1",-0.362261200705792,0.0324236457492994
"ENSG00000148700","ADD3",-0.54895099643366,0.000275150414392507
"ENSG00000148773","MKI67",-0.377583190116136,0.0122122589924133
"ENSG00000148803","FUOM",-0.528526896240568,7.01961214970004e-05
"ENSG00000148814","LRRC27",-0.83218418059279,0.00724472527573202
"ENSG00000148943","LIN7C",-0.167245827747765,0.0180517299828932
"ENSG00000149182","ARFGAP2",-0.267514924963268,0.0290694904848044
"ENSG00000149269","PAK1",-0.376149941495563,2.37513434053692e-07
"ENSG00000149294","NCAM1",-1.03439078177587,0.00699428707670517
"ENSG00000149311","ATM",-0.723958049646162,4.38334155443812e-08
"ENSG00000149428","HYOU1",-0.399033314960868,1.40418436808355e-05
"ENSG00000149474","KAT14",-0.373405986974127,0.00274176371291207
"ENSG00000149948","HMGA2",-0.366555027621291,0.00846607343380928
"ENSG00000150054","MPP7",-0.886525561037838,0.00028665839733883
"ENSG00000150093","ITGB1",-0.465645915305011,7.23580631650108e-05
"ENSG00000150403","TMCO3",-0.381270603761873,0.0104144450632016
"ENSG00000150636","CCDC102B",-1.68898080927515,0.00152159418383119
"ENSG00000150753","CCT5",-0.117280238507496,0.029674055992536
"ENSG00000150776","NKAPD1",-0.419435731924836,1.09787606314824e-06
"ENSG00000151116","UEVLD",-0.243678155268541,0.0335703739821697
"ENSG00000151292","CSNK1G3",-0.284624453689317,0.00142185204030606
"ENSG00000151353","TMEM18",-0.34501869191948,0.00143653861223647
"ENSG00000151461","UPF2",-0.386552748569771,1.47481163661483e-05
"ENSG00000151466","SCLT1",-0.598127879945477,4.02688684436226e-07
"ENSG00000151498","ACAD8",-0.44422005067866,0.00294171759112704
"ENSG00000151611","MMAA",-0.654921280333072,0.00204932949744161
"ENSG00000151692","RNF144A",-0.770551867244283,0.0394301028950938
"ENSG00000151743","AMN1",-0.912355360599842,1.95610805678004e-05
"ENSG00000151923","TIAL1",-0.155174824231753,0.0333782016721167
"ENSG00000152193","OBI1",-0.251737618965406,0.0145119874850481
"ENSG00000152217","SETBP1",-0.695587179308095,5.22371662967334e-06
"ENSG00000152234","ATP5F1A",-0.453566024882527,1.49405794481424e-09
"ENSG00000152240","HAUS1",-0.458838487701578,2.38905131071595e-05
"ENSG00000152284","TCF7L1",-1.55302573632076,5.05849713590107e-14
"ENSG00000152377","SPOCK1",-0.602810509357998,0.00058820372094319
"ENSG00000152455","SUV39H2",-0.346615760442261,0.00689706371057998
"ENSG00000152495","CAMK4",-1.2890733031636,0.00690126231150553
"ENSG00000152582","SPEF2",-0.981160950357411,0.00216218226778556
"ENSG00000152766","ANKRD22",-0.646028067665709,0.0412343995220604
"ENSG00000153162","BMP6",-0.622093029516987,0.0146466636365408
"ENSG00000153187","HNRNPU",-0.19310861654925,0.00428369577480438
"ENSG00000153201","RANBP2",-0.219273365013041,0.0197464565755832
"ENSG00000153767","GTF2E1",-0.359455069170248,0.00786226069494344
"ENSG00000153814","JAZF1",-0.467892484352718,0.000897032101956323
"ENSG00000153823","PID1",-1.43977353909822,1.03197471487738e-10
"ENSG00000153898","MCOLN2",-0.318840159602183,0.0445922293744416
"ENSG00000153922","CHD1",-0.19744457949584,0.0351313367125129
"ENSG00000153982","GDPD1",-0.6170755979592,0.0288682720012355
"ENSG00000154102","C16orf74",-0.866434176104292,3.52512313078121e-13
"ENSG00000154305","MIA3",-0.447019289672974,0.000712190456684136
"ENSG00000154319","FAM167A",-0.436071523281018,0.00861578648857704
"ENSG00000154479","CFAP210",-1.35337007168108,0.00692133997934402
"ENSG00000154822","PLCL2",-0.791362259768352,0.0371982142539177
"ENSG00000155100","OTUD6B",-0.370737109590359,0.000211166347810494
"ENSG00000155313","USP25",-0.325912581956777,0.00464398010057228
"ENSG00000155755","TMEM237",-0.770338990063074,4.55378370218081e-07
"ENSG00000155760","FZD7",-0.439782733931268,0.0391592315016369
"ENSG00000155957","TMBIM4",-0.473448916135622,3.91836085546974e-05
"ENSG00000156011","PSD3",-0.247113295202942,0.0391727989666816
"ENSG00000156103","MMP16",-1.70424388580133,1.08787756025036e-05
"ENSG00000156253","RWDD2B",-0.318406457366613,0.000476125229223375
"ENSG00000156298","TSPAN7",-1.70308951675139,0.00100602455512009
"ENSG00000156475","PPP2R2B",-1.91814457195571,2.01302344177642e-13
"ENSG00000156515","HK1",-0.179887427603894,0.0298132097924582
"ENSG00000156831","NSMCE2",-0.341478529237828,0.0271480088334672
"ENSG00000156853","ZNF689",-0.385692057500265,0.00159239521927471
"ENSG00000156973","PDE6D",-0.281100899809653,0.0295844961593994
"ENSG00000157077","ZFYVE9",-0.300049253542163,0.0137418156822991
"ENSG00000157184","CPT2",-0.374354949474664,0.00253083930775405
"ENSG00000157214","STEAP2",-0.719953930546139,0.000423452164129637
"ENSG00000157326","DHRS4",-0.411620306154324,0.0351313367125129
"ENSG00000157350","ST3GAL2",-0.645635819059119,0.000198971643033916
"ENSG00000157570","TSPAN18",-1.17450352361271,0.000361073773765214
"ENSG00000157578","LCA5L",-0.746195880635067,0.0347794340728006
"ENSG00000157657","ZNF618",-0.251272316760059,0.0327636116297655
"ENSG00000157823","AP3S2",-0.337035461979679,0.0335545896607251
"ENSG00000157911","PEX10",-0.349698932231083,0.00336869909211035
"ENSG00000158079","PTPDC1",-0.312505398851531,0.0218235533764522
"ENSG00000158089","GALNT14",-1.02621540733053,8.95127092028337e-06
"ENSG00000158290","CUL4B",-0.229143848228674,0.0159379380823391
"ENSG00000158467","AHCYL2",-0.534104091562147,0.0237453866517881
"ENSG00000158473","CD1D",-1.79271165197822,1.58988806405135e-05
"ENSG00000158623","COPG2",-0.392803183052097,0.0167152290030096
"ENSG00000158716","DUSP23",-0.416343573165598,0.000517342616762252
"ENSG00000158813","EDA",-0.908396486755034,0.000199654941856879
"ENSG00000159131","GART",-0.384612882014099,1.69825981618164e-08
"ENSG00000159228","CBR1",-0.303884158041851,0.0152819029420441
"ENSG00000159322","ADPGK",-0.335611477775159,0.00165139077720003
"ENSG00000159335","PTMS",-0.396476921365468,0.0061504008899258
"ENSG00000159593","NAE1",-0.253925284368806,0.00208586097050132
"ENSG00000159685","CHCHD6",-1.14342092495062,6.59661862904465e-14
"ENSG00000159692","CTBP1",-0.179472561377917,0.0231075701408191
"ENSG00000159792","PSKH1",-0.403451006618516,0.00640237937335361
"ENSG00000159842","ABR",-0.475470548897114,0.00164086851656091
"ENSG00000160075","SSU72",-0.205406915931364,0.00793009211123989
"ENSG00000160124","MIX23",-0.245820873013086,0.0210967368395613
"ENSG00000160172",NA,-1.41103362313761,9.8873473418326e-05
"ENSG00000160194","NDUFV3",-0.296550548347562,8.52439064540084e-05
"ENSG00000160199","PKNOX1",-0.258748581129352,0.0280476799497613
"ENSG00000160299","PCNT",-0.315037294543056,0.0242670421293961
"ENSG00000160813","PPP1R35",-0.534508670041359,1.57901522900314e-05
"ENSG00000160917","CPSF4",-0.223593690232564,0.00762685418929463
"ENSG00000161249","DMKN",-0.393007379889571,9.58601655770994e-06
"ENSG00000161888","SPC24",-0.275034879290271,0.0469469424743727
"ENSG00000161920","MED11",-0.339195593750598,0.013642521440486
"ENSG00000161960","EIF4A1",-0.431412262136625,0.0272720369273409
"ENSG00000162063","CCNF",-0.282485475442486,0.0133178627017289
"ENSG00000162341","TPCN2",-0.479869655585169,0.00343881637775705
"ENSG00000162384","CZIB",-0.312812652587477,0.00468002461665347
"ENSG00000162419","GMEB1",-0.241311022177398,0.0379580549429345
"ENSG00000162627","SNX7",-0.278873348346968,0.00912190710812276
"ENSG00000162733","DDR2",-0.740454297174417,0.0164105086519661
"ENSG00000162836","ACP6",-0.319715364522788,0.0290543771966358
"ENSG00000162928","PEX13",-0.306931259107756,0.0193203714923689
"ENSG00000163029","SMC6",-0.262617275287266,0.00370529766667805
"ENSG00000163032","VSNL1",-1.6301904623886,1.27832691844823e-05
"ENSG00000163170","BOLA3",-0.219849284549175,0.035475052845121
"ENSG00000163249","CCNYL1",-0.248387524701611,0.0242973797840002
"ENSG00000163281","GNPDA2",-0.441818356157228,0.0011832895330883
"ENSG00000163297","ANTXR2",-0.352868152697653,0.0328016044337753
"ENSG00000163320","CGGBP1",-0.19565556678285,0.0204126356474665
"ENSG00000163322","ABRAXAS1",-0.380611422344236,0.0203003243364315
"ENSG00000163364","LINC01116",-0.363433327568385,0.0272986810010308
"ENSG00000163430","FSTL1",-0.417854376301518,9.62908848505472e-05
"ENSG00000163453","IGFBP7",-0.608330529598151,0.00026608966259773
"ENSG00000163510","CWC22",-0.218104748600403,0.00850230829801981
"ENSG00000163527","STT3B",-0.210279257543478,0.0110844915934819
"ENSG00000163528","CHCHD4",-0.274721807790214,0.00204439534164646
"ENSG00000163596","ICA1L",-1.09042001011049,1.84005210717842e-07
"ENSG00000163617","CCDC191",-1.35005707785183,9.37719028430155e-06
"ENSG00000163634","THOC7",-0.38668096265473,4.62987254309595e-07
"ENSG00000163661","PTX3",-0.380584144866846,0.0329895244522538
"ENSG00000163734","CXCL3",-1.27064781888887,6.92190806156453e-06
"ENSG00000163807","KIAA1143",-0.25427421068218,0.00860441103809618
"ENSG00000163808","KIF15",-0.686902319934171,8.22502489688983e-07
"ENSG00000163818","LZTFL1",-0.395536481182719,0.00289070599241652
"ENSG00000163874","ZC3H12A",-0.75022585798152,0.000111843378142292
"ENSG00000163888","CAMK2N2",-0.734844567727927,0.000258409290795575
"ENSG00000163913","IFT122",-0.528701312802874,0.000234942959209615
"ENSG00000163933","RFT1",-0.194666094606251,0.0360719660780696
"ENSG00000163961","RNF168",-0.308002023476697,0.000658922999412977
"ENSG00000164010","ERMAP",-0.74013929575251,0.00913656174767037
"ENSG00000164031","DNAJB14",-0.271204490365963,0.00326895111671113
"ENSG00000164062","APEH",-0.409115688772295,1.32530246454595e-06
"ENSG00000164109","MAD2L1",-0.40782669954803,0.00137209166274289
"ENSG00000164116","GUCY1A1",-0.532634878540911,0.0144194390819679
"ENSG00000164144","ARFIP1",-0.429097062673905,7.60694488153896e-05
"ENSG00000164167","LSM6",-0.446153069786064,0.000823016528404233
"ENSG00000164168","TMEM184C",-0.318157630909473,0.0164709601306161
"ENSG00000164187","LMBRD2",-0.311228856799058,0.0262295237381172
"ENSG00000164197","RNF180",-0.951688349599069,0.00140212928153374
"ENSG00000164209","SLC25A46",-0.251640771631015,0.0350544222668337
"ENSG00000164219","PGGT1B",-0.47229707552633,1.81621528566977e-05
"ENSG00000164258","NDUFS4",-0.370971076877775,0.000206757081566757
"ENSG00000164294","GPX8",-0.493887627265489,5.76278188288124e-06
"ENSG00000164306","PRIMPOL",-0.649050553934287,0.000144701417830347
"ENSG00000164466","SFXN1",-0.195516435069903,0.00260504733855835
"ENSG00000164548","TRA2A",-0.253681343551636,0.0025091271314506
"ENSG00000164597","COG5",-0.587949612610844,4.81157946465483e-05
"ENSG00000164610","RP9",-0.215120177326857,0.0328443310315086
"ENSG00000164647","STEAP1",-0.537634420355601,0.000167477829812724
"ENSG00000164649","CDCA7L",-0.427372122614863,1.33769225067076e-07
"ENSG00000164751","PEX2",-0.529666072425331,0.00195860269808731
"ENSG00000164754","RAD21",-0.169096419106397,0.0463472206612959
"ENSG00000164880","INTS1",-0.363709433592847,0.034541222723282
"ENSG00000164930","FZD6",-0.389127223210075,0.000922343639008049
"ENSG00000164944","VIRMA",-0.226694532078886,0.00263062261245053
"ENSG00000165102","HGSNAT",-0.330495634488489,0.00134995729521034
"ENSG00000165152","PGAP4",-0.616804862212061,6.35122970902262e-05
"ENSG00000165175","MID1IP1",-0.515820765618868,4.32735478177616e-05
"ENSG00000165240","ATP7A",-0.68574184337773,0.00135092451505256
"ENSG00000165264","NDUFB6",-0.2966340813275,0.0224024994631515
"ENSG00000165283","STOML2",-0.294564348597643,0.0062772038545032
"ENSG00000165338","HECTD2",-0.453129374571853,0.019252295918925
"ENSG00000165392","WRN",-0.485047631861169,0.000312887024629052
"ENSG00000165417","GTF2A1",-0.266532583559397,0.00166829871524981
"ENSG00000165475","CRYL1",-1.75507504605001,3.65544811721893e-09
"ENSG00000165487","MICU2",-0.278975516626116,0.0101819000804601
"ENSG00000165527","ARF6",-0.180728077089872,0.0276648499727528
"ENSG00000165572","KBTBD6",-0.407328715358275,7.545879722133e-06
"ENSG00000165629","ATP5F1C",-0.257315795343112,0.00943946587520038
"ENSG00000165644","COMTD1",-0.514529231087574,4.06517316625645e-05
"ENSG00000165650","PDZD8",-0.460139765707553,3.36743992516902e-06
"ENSG00000165669","FAM204A",-0.239328827796039,0.0445355040672181
"ENSG00000165671","NSD1",-0.228520651201099,0.0408646647884645
"ENSG00000165689","ENTR1",-0.260218142946029,0.0102564353359966
"ENSG00000165704","HPRT1",-0.422875520709738,0.000813952774286274
"ENSG00000165714","BORCS5",-0.504039098792986,0.0107199537962548
"ENSG00000165716","DIPK1B",-1.13104644106793,0.0128160744107015
"ENSG00000165730","STOX1",-0.849291449922319,0.0271684879482024
"ENSG00000165732","DDX21",-0.266106598650888,2.59417372404241e-07
"ENSG00000165905","LARGE2",-2.11815565465562,0.000848325451497186
"ENSG00000165914","TTC7B",-0.728498736193044,0.0148425083170251
"ENSG00000165916","PSMC3",-0.159391245904078,0.0190676309879972
"ENSG00000165934","CPSF2",-0.229579145679189,0.000874976813003454
"ENSG00000165983","PTER",-0.494182882401419,0.000151426082052452
"ENSG00000166012","TAF1D",-0.43324090826578,1.56258489399481e-07
"ENSG00000166068","SPRED1",-0.300073354486953,0.00320013933398208
"ENSG00000166123","GPT2",-0.61478275098962,1.90881964660404e-05
"ENSG00000166170","BAG5",-0.243668593978544,0.00561860967751895
"ENSG00000166226","CCT2",-0.224296798135218,0.00445224695796077
"ENSG00000166326","TRIM44",-0.344102405461023,0.00069516281378836
"ENSG00000166352","IFTAP",-0.313611026728551,0.0281382451852225
"ENSG00000166377","ATP9B",-0.412680948256179,0.0202467533743615
"ENSG00000166477","LEO1",-0.245320666948684,0.0145119874850481
"ENSG00000166503","HDGFL3",-0.456204037346307,1.16277342164117e-13
"ENSG00000166548","TK2",-0.903905388138675,1.06558609547759e-06
"ENSG00000166575","TMEM135",-0.603003494583027,0.00365372205751481
"ENSG00000166734","GOLM2",-0.352892111124548,0.00374423768199484
"ENSG00000166741","NNMT",-0.531623494867063,0.00446285969933864
"ENSG00000166794","PPIB",-0.438787449492068,9.84748615785457e-05
"ENSG00000166801","FAM111A",-0.239156312550229,0.0166016851293214
"ENSG00000166912","MTMR10",-0.339819452652497,0.0269986781306239
"ENSG00000166986","MARS1",-0.424296262176618,8.13734389712951e-05
"ENSG00000167005","NUDT21",-0.524555976508661,8.19524191843399e-06
"ENSG00000167081","PBX3",-0.285796200254447,0.0264252164340873
"ENSG00000167088","SNRPD1",-0.203711611140886,0.0351665680728853
"ENSG00000167384","ZNF180",-0.321541130730177,0.0373279042750456
"ENSG00000167393","PPP2R3B",-0.421558613536842,0.018032342340503
"ENSG00000167553","TUBA1C",-0.189976858245402,0.0439512615987488
"ENSG00000167670","CHAF1A",-0.251101246321408,0.0300246799924291
"ENSG00000167680","SEMA6B",-0.893460163819581,0.0236854116837275
"ENSG00000167720","SRR",-0.517738274669835,0.0413711657359432
"ENSG00000167842","MIS12",-0.369036244165002,0.0132381285673439
"ENSG00000167862","MRPL58",-0.22568832810176,0.0202672197268713
"ENSG00000168152","THAP9",-0.722299979567122,0.0190673921278676
"ENSG00000168209","DDIT4",-0.416701033105498,0.0323777937156033
"ENSG00000168268","NT5DC2",-0.394071513985457,3.08060034542023e-05
"ENSG00000168282","MGAT2",-0.420213701355131,0.0127870257262762
"ENSG00000168298","H1-4",-1.39955891336035,1.96680784910766e-06
"ENSG00000168300","PCMTD1",-0.400129964526007,0.00390777034067192
"ENSG00000168385","SEPTIN2",-0.297600331372361,4.19957651016531e-07
"ENSG00000168393","DTYMK",-0.261546045599185,0.0269514782502146
"ENSG00000168434","COG7",-0.336176244366696,0.00877644066332344
"ENSG00000168461","RAB31",-0.928989366797901,1.57780337489798e-09
"ENSG00000168528","SERINC2",-0.324839676163769,0.00903603779688908
"ENSG00000168569","TMEM223",-0.293186844983464,0.00822521841895328
"ENSG00000168710","AHCYL1",-0.378118920890181,3.14116332928828e-08
"ENSG00000168724","DNAJC21",-0.153996764811255,0.0441077529392307
"ENSG00000168772","CXXC4",-1.40845041667584,0.00596312273088064
"ENSG00000168785","TSPAN5",-0.616809161467995,1.20217021278163e-07
"ENSG00000168803","MAPDA",-0.351220799958466,0.00108250050314955
"ENSG00000168806","LCMT2",-0.553511386233259,0.00492222887360185
"ENSG00000168944","CEP120",-0.232098472602878,0.0207229941684255
"ENSG00000169016","E2F6",-0.355192480404066,0.0143861861872874
"ENSG00000169062","UPF3A",-0.34520709612038,0.000437689606310787
"ENSG00000169180","XPO6",-0.227091694512644,0.0200723560614947
"ENSG00000169189","NSMCE1",-0.304718757137515,0.00366237631718882
"ENSG00000169239","CA5B",-1.70440034966645,5.46964733699825e-07
"ENSG00000169372","CRADD",-0.430380997300855,0.0431120194047915
"ENSG00000169379","ARL13B",-0.61019978170547,1.4840016687621e-11
"ENSG00000169435","RASSF6",-0.339406126697649,0.0339288951277394
"ENSG00000169499","PLEKHA2",-0.197288215230204,0.0366776444966323
"ENSG00000169519","METTL15",-0.439286221674665,0.000713914640813276
"ENSG00000169554","ZEB2",-0.666042837414015,0.00171144313707132
"ENSG00000169598","DFFB",-0.625754927251462,0.00010584152900635
"ENSG00000169710","FASN",-0.344358223342342,0.0129785166452367
"ENSG00000169860","P2RY1",-0.953612018263615,7.27036189489585e-05
"ENSG00000169902","TPST1",-0.825317009825306,3.77121009703398e-05
"ENSG00000170006","TMEM154",-0.284774901992998,0.0239419838569549
"ENSG00000170035","UBE2E3",-0.201201830595264,0.0351665680728853
"ENSG00000170088","TMEM192",-0.307711477688572,0.000401569711229967
"ENSG00000170144","HNRNPA3",-0.276213244961949,0.000790058385575998
"ENSG00000170231","FABP6",-0.929167190331006,0.00640199326178756
"ENSG00000170264","FAM161A",-0.290487928236337,0.0204194113661778
"ENSG00000170266","GLB1",-0.277162488406732,0.0172079879127145
"ENSG00000170275","CRTAP",-0.235296942959443,0.00447415376962807
"ENSG00000170348","TMED10",-0.295255730359069,2.11774650325361e-06
"ENSG00000170525","PFKFB3",-0.239636621613726,0.018376584207621
"ENSG00000170584","NUDCD2",-0.48783452764978,3.52420503760734e-06
"ENSG00000170632","ARMC10",-0.22843528783703,0.0331407390331164
"ENSG00000170779","CDCA4",-0.69028412680424,6.46559532904819e-12
"ENSG00000170846","MRFAP1L2",-0.523007216884837,7.98782272650093e-05
"ENSG00000170955","CAVIN3",-0.529431686270955,4.24019885941203e-06
"ENSG00000170961","HAS2",-1.39875756078411,0.00613468888032154
"ENSG00000170962","PDGFD",-1.18917789957579,0.00895128169285479
"ENSG00000170965","PLAC1",-0.690393553084001,0.041821067494779
"ENSG00000171016","PYGO1",-0.962189341925796,8.58543183867876e-06
"ENSG00000171051","FPR1",-2.17654330667647,2.76505255291541e-06
"ENSG00000171155","C1GALT1C1",-0.368514930580086,0.010063098015216
"ENSG00000171320","ESCO2",-0.294722047145117,0.0338330346708191
"ENSG00000171488","LRRC8C",-0.333776782970329,0.0152440875004776
"ENSG00000171490","RSL1D1",-0.179567505462068,0.00408145837446511
"ENSG00000171503","ETFDH",-0.29010746233155,0.0351346663010193
"ENSG00000171720","HDAC3",-0.249167193500083,0.00940767295524661
"ENSG00000171735","CAMTA1",-0.332898133821668,0.00244625089432556
"ENSG00000171757","LRRC34",-1.1512095449844,9.75091937441093e-06
"ENSG00000171791","BCL2",-1.18300448923835,1.92359991317513e-09
"ENSG00000171853","TRAPPC12",-0.37817762859811,0.00121055407501918
"ENSG00000171867","PRNP",-0.935345973305363,4.08277327839081e-08
"ENSG00000171877","FRMD5",-0.866989163183004,0.0170479825170185
"ENSG00000171960","PPIH",-0.270627281116747,0.0487832635795289
"ENSG00000172062","SMN1",-0.400452353712041,0.0395748712114875
"ENSG00000172086","KRCC1",-0.503722299555898,0.00124709355348359
"ENSG00000172500","FIBP",-0.232654841669814,0.00773609026307124
"ENSG00000172590","MRPL52",-0.272622373212089,0.00417617760716645
"ENSG00000172775","PSME3IP1",-0.193774869779072,0.00398398100472501
"ENSG00000172845","SP3",-0.382467319458041,0.00234385337933933
"ENSG00000172954","LCLAT1",-0.445252406925257,7.04097186853773e-05
"ENSG00000173145","NOC3L",-0.244647885829242,0.00562426750869659
"ENSG00000173218","VANGL1",-0.366997949201362,0.000148334868772552
"ENSG00000173349","SFT2D3",-1.15162409851141,3.36743992516902e-06
"ENSG00000173692","PSMD1",-0.139159801549932,0.00887158775102873
"ENSG00000173726","TOMM20",-0.445276751852902,9.24920366519432e-06
"ENSG00000173848","NET1",-0.319171014303991,0.00581041781657748
"ENSG00000173852","DPY19L1",-0.303676927554398,0.00785018382231798
"ENSG00000173905","GOLIM4",-0.573097452609646,1.56694204649195e-08
"ENSG00000174010","KLHL15",-0.464086973056218,0.0236205030509655
"ENSG00000174099","MSRB3",-0.538556743919742,0.00375675620173862
"ENSG00000174109","UQCC4",-0.369673872421823,0.00575002352365205
"ENSG00000174130","TLR6",-0.433363900207481,0.0130271600308871
"ENSG00000174238","PITPNA",-0.186571351399076,0.0326065442913701
"ENSG00000174306","ZHX3",-0.228056238634311,0.0428254764488419
"ENSG00000174444","RPL4",-0.184670305447084,0.0237644283811408
"ENSG00000174564","IL20RB",-0.421354274505486,3.51555922672324e-05
"ENSG00000174672","BRSK2",-0.733862796278969,0.0441077529392307
"ENSG00000174718","RESF1",-0.326354156076185,0.0364294379295758
"ENSG00000174720","LARP7",-0.20377518703667,0.00690126231150553
"ENSG00000174780","SRP72",-0.270459728737104,2.79549720698709e-07
"ENSG00000174953","DHX36",-0.220191866171976,0.00237332623318961
"ENSG00000174989","FBXW8",-0.886961315714288,2.39290050300589e-06
"ENSG00000175054","ATR",-0.479234356785321,3.87595625063768e-06
"ENSG00000175449","RFESD",-0.874924473135966,0.00321268521144996
"ENSG00000175581","MRPL48",-0.397820375119177,0.000186771433439656
"ENSG00000175595","ERCC4",-0.313118143111158,0.00352931179607214
"ENSG00000175745","NR2F1",-1.67581809858475,1.01054179085818e-05
"ENSG00000176108","CHMP6",-0.598099596378578,0.000143630605938054
"ENSG00000176125","UFSP1",-0.627621290067233,0.0242439290177618
"ENSG00000176208","ATAD5",-0.413532947764124,0.000679481935216005
"ENSG00000176261","ZBTB8OS",-0.255753737300953,0.0145189443473341
"ENSG00000176472","ZNF575",-0.606482574099123,0.0311913288875895
"ENSG00000176623","RMDN1",-0.460237705917674,2.34032036638038e-06
"ENSG00000176974","SHMT1",-0.301929175718658,0.0137330114804066
"ENSG00000177034","MTX3",-0.278499801906784,0.0415424315736805
"ENSG00000177150","FAM210A",-0.240950744920126,0.00113064629102379
"ENSG00000177200","CHD9",-0.359131967962595,9.75091937441093e-06
"ENSG00000177383","MAGEF1",-0.429188510061758,0.000519615466527534
"ENSG00000177614","PGBD5",-1.06365859770897,0.000353908371800606
"ENSG00000177640","CASC2",-1.22700632519424,0.00127818457458483
"ENSG00000177706","FAM20C",-2.34299539202139,1.9227611475298e-19
"ENSG00000177917","ARL6IP6",-0.288086452996214,0.0476980890501416
"ENSG00000177971","IMP3",-0.25017004217525,0.0238236456107776
"ENSG00000178202","POGLUT3",-0.742895085128283,0.00323062306059748
"ENSG00000178234","GALNT11",-0.279269971904934,0.0255737884299927
"ENSG00000178695","KCTD12",-0.819228329854776,1.50823843592024e-10
"ENSG00000178741","COX5A",-0.196044297366196,0.043775539686671
"ENSG00000178922","HYI",-0.305145965213572,0.0048394653246856
"ENSG00000178966","RMI1",-0.322731860806349,0.0108726244704542
"ENSG00000178996","SNX18",-0.255352435799753,0.0493792549491869
"ENSG00000179091","CYC1",-0.381061801708592,0.000387939215205964
"ENSG00000179111","HES7",-1.33125265821739,9.59472337344915e-09
"ENSG00000179295","PTPN11",-0.335520172653984,0.00152626361151775
"ENSG00000179387","ELMOD2",-0.369583043484829,0.00370492208410616
"ENSG00000179715","PCED1B",-0.713568755310784,0.0133756595314859
"ENSG00000179935","LINC00652",-1.06293969448691,0.0160481631654961
"ENSG00000179965","ZNF771",-0.340401208496247,0.0347794340728006
"ENSG00000180172",NA,-0.820216933345273,0.0316608032453434
"ENSG00000180185","FAHD1",-0.220835604552153,0.0202927730945797
"ENSG00000180398","MCFD2",-0.187064491251977,0.0369664045479853
"ENSG00000180596","H2BC4",-1.63089053670234,2.91109595276664e-07
"ENSG00000180773","SLC36A4",-0.361555367543541,0.0006113879286966
"ENSG00000180776","ZDHHC20",-0.412775234956013,0.000365067710477609
"ENSG00000180801","ARSJ",-0.573468697732368,1.60394351627812e-07
"ENSG00000180822","PSMG4",-0.303024264260044,0.0039930032739326
"ENSG00000180881","CAPS2",-0.895545089049778,0.00715174968413951
"ENSG00000180902","D2HGDH",-0.360343839664086,0.0260039381407374
"ENSG00000180957","PITPNB",-0.218981549333212,0.000326088546125019
"ENSG00000180998","GPR137C",-0.948460087681354,0.00968358743606557
"ENSG00000181192","DHTKD1",-0.491717508589052,0.000943175049605351
"ENSG00000181350","LRRC75A",-0.751900392553694,0.0423977197814368
"ENSG00000181481","RNF135",-0.620386087136176,8.81228631056237e-06
"ENSG00000181722","ZBTB20",-0.602330335911359,0.00893187476225231
"ENSG00000181773","GPR3",-0.659795059578661,0.0217206413441426
"ENSG00000181827","RFX7",-0.53315588349275,0.000313572355616036
"ENSG00000181904","C5orf24",-0.292252015088345,0.000275445960265936
"ENSG00000181915","ADO",-0.249323410680728,0.0372271112689119
"ENSG00000182054","IDH2",-0.384013834207203,0.00745030999279684
"ENSG00000182108","DEXI",-0.425603736145535,0.000152963669624108
"ENSG00000182150","ERCC6L2",-0.46191550710366,1.60265554607885e-05
"ENSG00000182180","MRPS16",-0.255047149786718,0.00236440182093372
"ENSG00000182185","RAD51B",-1.21375730249305,0.000389397591328973
"ENSG00000182199","SHMT2",-0.337004442232237,6.30225226183795e-05
"ENSG00000182518","VCF2",-0.538839284928381,1.71041312678262e-05
"ENSG00000182534","MXRA7",-0.606711263631554,4.38413525638092e-05
"ENSG00000182670","TTC3",-0.48344848129998,3.24668373578007e-12
"ENSG00000182752","PAPPA",-0.780358078804883,0.00111293716955719
"ENSG00000182872","RBM10",-0.207589682376405,0.0257927861892886
"ENSG00000182903","ZNF721",-0.296636660840835,0.0236753709117484
"ENSG00000182923","CEP63",-0.488203977826182,0.000444077360809905
"ENSG00000182979","MTA1",-0.22092869547814,0.0171416796950647
"ENSG00000182993","C12orf60",-0.603525713638643,0.0329290743246515
"ENSG00000183011","NAA38",-0.225912824676882,0.0448918303797878
"ENSG00000183023","SLC8A1",-1.6747214881171,5.34710798862571e-06
"ENSG00000183032","SLC25A21",-1.60234250317856,0.00127818457458483
"ENSG00000183087","GAS6",-0.382127505116271,0.0134689276315921
"ENSG00000183098","GPC6",-1.37987808022766,0.00191312227950593
"ENSG00000183137","CEP57L1",-0.475401779938891,4.39042692875903e-07
"ENSG00000183172","SMDT1",-0.299034045817482,0.00829942429135599
"ENSG00000183207","RUVBL2",-0.294167010802363,0.000213422842784061
"ENSG00000183570","PCBP3",-0.982623183847658,0.0194228917466033
"ENSG00000183722","LHFPL6",-0.860765839358323,0.00176639165533175
"ENSG00000183723","CMTM4",-0.334412313518752,0.0229867648080498
"ENSG00000183741","CBX6",-0.304844322659509,0.00541188069393101
"ENSG00000183762","KREMEN1",-1.58385452834931,1.10182640895407e-10
"ENSG00000183808","RBM12B",-0.396651311484817,0.00142446658458208
"ENSG00000184083","FAM120C",-0.60010868394135,0.00665505557961736
"ENSG00000184182","UBE2F",-0.242061162848369,0.00465160308061327
"ENSG00000184208",NA,-0.557043535327706,0.00570837705857914
"ENSG00000184209","SNRNP35",-0.325663225621643,0.000527079194596365
"ENSG00000184260","H2AC20",-1.15107514550335,5.07956899747391e-06
"ENSG00000184270","H2AC21",-1.83168851775936,5.9495802760143e-06
"ENSG00000184357","H1-5",-1.74482053608936,2.35921025605032e-06
"ENSG00000184384","MAML2",-0.592040585215896,0.000479245359040031
"ENSG00000184575","XPOT",-0.348033166958747,0.000119742208594909
"ENSG00000184661","CDCA2",-0.262769846488001,0.00928957364524208
"ENSG00000184898","RBM43",-1.31863844701959,1.24840044073775e-08
"ENSG00000184992","BRI3BP",-0.192288649898837,0.0307087917122195
"ENSG00000185070","FLRT2",-0.917319260959787,1.09067622317898e-06
"ENSG00000185127","C6orf120",-0.421148380390713,0.000777865745872716
"ENSG00000185129","PURA",-0.235184120003132,0.0027133519694098
"ENSG00000185163","DDX51",-0.267706114232673,0.0392127951089465
"ENSG00000185238","PRMT3",-0.610583409687975,2.9591002328773e-05
"ENSG00000185246","PRPF39",-0.537878048383805,6.11306539862123e-05
"ENSG00000185250","PPIL6",-1.16327445377211,0.00554624872902141
"ENSG00000185261","KIAA0825",-0.801146961475467,0.0178230112347872
"ENSG00000185344","ATP6V0A2",-0.280073659775956,0.040469424659202
"ENSG00000185504","FAAP100",-0.464730053101066,0.00249098559321239
"ENSG00000185591","SP1",-0.312898633910495,0.000758349700747259
"ENSG00000185624","P4HB",-0.200445015190318,0.00741025904653659
"ENSG00000185760","KCNQ5",-0.709027901579937,8.4022754825576e-07
"ENSG00000185818","NAT8L",-0.457142951405501,0.014665731714198
"ENSG00000186017","ZNF566",-0.427465130188197,0.0201882634641069
"ENSG00000186187","ZNRF1",-0.308941426595673,0.00266402375615104
"ENSG00000186260","MRTFB",-0.304135712972124,0.0383237903129689
"ENSG00000186283","TOR3A",-0.359640770639956,0.0103065772082437
"ENSG00000186432","KPNA4",-0.192193258015923,0.0338304531109388
"ENSG00000186468","RPS23",-0.186724036022339,0.0448918303797878
"ENSG00000186522","SEPTIN10",-0.410579077117052,0.000669988474244978
"ENSG00000186684","CYP27C1",-0.618243011074914,0.007542008139548
"ENSG00000186815","TPCN1",-0.471395909836104,0.00650304409292861
"ENSG00000186847","KRT14",-0.944621980233109,4.11703327850551e-11
"ENSG00000186854","TRABD2A",-0.388353815911295,0.000580050905256343
"ENSG00000186867","QRFPR",-0.633673689517067,0.000131386756455207
"ENSG00000186889","TMEM17",-1.40441804904075,4.54522630274619e-07
"ENSG00000187024","PTRH1",-0.362631350411366,0.000890941646406577
"ENSG00000187097","ENTPD5",-0.488640843052468,0.00475040198896175
"ENSG00000187134","AKR1C1",-0.976491083278155,0.0064986259406926
"ENSG00000187231","SESTD1",-0.257868841550125,0.0374062274096615
"ENSG00000187535","IFT140",-0.680954932199945,0.0193382793756079
"ENSG00000187720","THSD4",-0.677585723121998,7.41524452546431e-05
"ENSG00000187735","TCEA1",-0.325438976486721,0.00874880385229897
"ENSG00000187742","SECISBP2",-0.256212635173267,0.019252295918925
"ENSG00000187837","H1-2",-0.776181016028866,6.61289674320912e-07
"ENSG00000187840","EIF4EBP1",-0.895116383598925,5.59468675506089e-16
"ENSG00000187860","CCDC157",-0.839545351548922,0.0135502927761408
"ENSG00000188042","ARL4C",-0.567199274816161,0.00751988671167034
"ENSG00000188130","MAPK12",-0.427664320771912,0.00193322246359286
"ENSG00000188177","ZC3H6",-0.583792758574678,0.00552321637270259
"ENSG00000188290","HES4",-0.524537877690814,0.00562210410434362
"ENSG00000188419","CHM",-0.233715263435992,0.0318970866827001
"ENSG00000188483","IER5L",-0.401729211909129,0.0142078240596496
"ENSG00000188493","ACTMAP",-0.612687857711204,0.000326965464516717
"ENSG00000188690","UROS",-0.476874841788081,1.3491478055383e-08
"ENSG00000188725","SMIM15",-0.414042860828434,7.48276776028027e-10
"ENSG00000188846","RPL14",-0.523390395076731,5.53130768872382e-12
"ENSG00000189007","ADAT2",-0.460346253226352,0.000139116445574954
"ENSG00000189067","LITAF",-0.290867863609355,0.000189311122135628
"ENSG00000189266","PNRC2",-0.279566399720313,0.00905455228744233
"ENSG00000189319","FAM53B",-0.288768517427862,0.0419025616147692
"ENSG00000196083","IL1RAP",-0.616002728327616,0.00182268231097916
"ENSG00000196227","FAM217B",-0.266431179957195,0.00439299577124882
"ENSG00000196405","EVL",-0.289203398047026,0.0295410183572671
"ENSG00000196449","YRDC",-0.212613447978919,0.0390750614952967
"ENSG00000196476","C20orf96",-0.571320338052973,0.000913443805269712
"ENSG00000196504","PRPF40A",-0.198302176529782,0.000874012885866915
"ENSG00000196584","XRCC2",-0.321986496718044,0.0102329318107628
"ENSG00000196642","RABL6",-0.398733995065544,1.88806562397627e-07
"ENSG00000196670","ZFP62",-0.332940915308895,0.000552339225914763
"ENSG00000196715","VKORC1L1",-0.287758207577836,0.000221183329540696
"ENSG00000196754","S100A2",-0.352091529461409,0.00462043611583601
"ENSG00000196756","SNHG17",-0.276380624512937,0.0150408024322087
"ENSG00000196865","NHLRC2",-0.706325622153986,5.6488234680895e-11
"ENSG00000196968","FUT11",-0.372476943475594,0.000402820148736345
"ENSG00000197006","METTL9",-0.200030878583939,0.0373271668088946
"ENSG00000197111","PCBP2",-0.268354607316903,2.64336807165454e-05
"ENSG00000197170","PSMD12",-0.296059943616831,7.35305402195365e-05
"ENSG00000197345","MRPL21",-0.262397507892012,0.00305099114595906
"ENSG00000197548","ATG7",-0.593564470386265,2.52175991586952e-07
"ENSG00000197555","SIPA1L1",-0.50652979389187,1.94086751286267e-05
"ENSG00000197563","PIGN",-0.447041788016781,0.00012581167609627
"ENSG00000197565","COL4A6",-0.418499025073915,0.00580691104451604
"ENSG00000197566","ZNF624",-0.805325139434644,0.00806199348334677
"ENSG00000197594","ENPP1",-2.02564188043446,4.33548557110698e-08
"ENSG00000197714","ZNF460",-0.933794860051979,0.00238799433702356
"ENSG00000197763","TXNRD3",-1.08587693034418,8.64399758780045e-08
"ENSG00000197930","ERO1A",-0.200430341996591,0.00754888256186415
"ENSG00000198015","MRPL42",-0.340870988171333,4.16136171379008e-07
"ENSG00000198056","PRIM1",-0.402211986269185,0.0142020222029227
"ENSG00000198108","CHSY3",-0.734752496015714,0.0428811601570242
"ENSG00000198157","HMGN5",-0.537001355856791,0.000275274716634988
"ENSG00000198176","TFDP1",-0.254841546221917,0.0122695617814317
"ENSG00000198382","UVRAG",-0.359385594819356,0.00112091106400125
"ENSG00000198498","TMA16",-0.227503127130913,0.00340332199406341
"ENSG00000198554","WDHD1",-0.32844480783683,0.00256660543183273
"ENSG00000198585","NUDT16",-0.2273315423952,0.0385914658126118
"ENSG00000198618",NA,-1.12194797168747,0.00383283286760158
"ENSG00000198625","MDM4",-0.34936586556653,0.00211796152541016
"ENSG00000198680","TUSC1",-0.478899670169516,1.76066593881617e-05
"ENSG00000198707","CEP290",-0.371007711447674,0.00102995856913284
"ENSG00000198718","TOGARAM1",-0.275307202174323,0.0320360217545651
"ENSG00000198721","ECI2",-0.395369947533751,0.000112471202258983
"ENSG00000198740","ZNF652",-0.551579709492336,1.85002390157504e-06
"ENSG00000198755","RPL10A",-0.326846576261229,0.00140227785849311
"ENSG00000198774","RASSF9",-1.09050723500134,0.00947182328998208
"ENSG00000198833","UBE2J1",-0.209928448223002,0.00247043298231981
"ENSG00000198856","OSTC",-0.275330097870954,0.00717003446516262
"ENSG00000198862","LTN1",-0.194499323892927,0.0289510304576742
"ENSG00000198874","TYW1",-0.20310555142446,0.0461022364834398
"ENSG00000198887","SMC5",-0.19514405970413,0.0444881093388589
"ENSG00000198890","PRMT6",-0.470267091912965,0.000713075728033662
"ENSG00000198912","C1orf174",-0.322556557331563,0.00405781793558329
"ENSG00000198919","DZIP3",-0.579863569530312,0.000126240303122862
"ENSG00000198945","L3MBTL3",-0.644099906282876,0.000358244822104487
"ENSG00000203573",NA,-0.737874310473441,0.0426976699092902
"ENSG00000203705","TATDN3",-0.635585358087638,0.000138669421026745
"ENSG00000203780","FANK1",-0.714621105234821,0.0101299348760177
"ENSG00000204054","LOC124900275",-0.543332943592931,0.000384003744167234
"ENSG00000204104","TRAF3IP1",-0.387676153329276,0.0022542006581911
"ENSG00000204237","OXLD1",-0.407717805434378,0.0059827864448223
"ENSG00000204272","NBDY",-0.355480297630759,0.00685508474871842
"ENSG00000204394","VARS1",-0.338986940633079,8.84226475812929e-06
"ENSG00000204628","RACK1",-0.283057289697277,1.80347546710012e-07
"ENSG00000204767","INSYN2B",-0.614560591867418,0.000831035702051445
"ENSG00000204899","MZT1",-0.242645997896357,0.0402403801224772
"ENSG00000205060","SLC35B4",-0.578038474758438,2.20641843713065e-14
"ENSG00000205133","TRIQK",-1.07490076405769,6.64220022721405e-06
"ENSG00000205250","E2F4",-0.421754356515963,5.82630651291055e-07
"ENSG00000205309","NT5M",-1.87830714719897,0.000985743278088952
"ENSG00000205581","HMGN1",-0.292082904662867,0.000183451898661988
"ENSG00000205643","CDPF1",-0.467110537072215,0.0146395246249775
"ENSG00000205659","LIN52",-0.346070104036698,0.00959749593393914
"ENSG00000206530","CFAP44",-0.676617363930495,0.000860498521855476
"ENSG00000206535","LNP1",-1.22420621427428,0.000162591308073508
"ENSG00000210100",NA,-1.07632564323496,0.00101479877613559
"ENSG00000210151","MIR12136",-0.71245288776469,0.0493792549491869
"ENSG00000211460","TSN",-0.220206292233031,0.000846964161394311
"ENSG00000212664","RPL17P39",-0.566766842633719,0.00991272805585191
"ENSG00000213047","DENND1B",-0.319208585520954,0.0141643604051748
"ENSG00000213096","ZNF254",-0.81902319626401,0.0321686579108644
"ENSG00000213269","RPS6P26",-0.72096071199006,0.0441077529392307
"ENSG00000213347","MXD3",-1.23837533233878,6.82488320317463e-06
"ENSG00000213380","COG8",-0.376388678199772,0.0120797903411745
"ENSG00000213465","ARL2",-0.544964696932062,2.80333797506825e-07
"ENSG00000213551","DNAJC9",-0.357662361209042,3.412004940392e-05
"ENSG00000213563","C8orf82",-0.440051007973528,0.00165959796100448
"ENSG00000213654","GPSM3",-0.595000397491466,0.0270269034458471
"ENSG00000214078","CPNE1",-0.240867612023514,0.00678973314620969
"ENSG00000214182",NA,-1.26601961528692,1.00899376724197e-05
"ENSG00000214194","SMIM30",-0.469885879896381,0.000394721216996658
"ENSG00000215105",NA,-0.624179851996706,0.0389393937791942
"ENSG00000215187","CIMIP2B",-0.985975688320879,0.0159252054087766
"ENSG00000215256","DHRS4-AS1",-0.691227521888727,9.84527268830086e-06
"ENSG00000215417","MIR17HG",-0.987174698781049,0.00475040198896175
"ENSG00000217648","PARLP2",-1.1818315321787,0.0107124477346612
"ENSG00000219545","UMAD1",-0.689888993719235,0.00110357290270349
"ENSG00000221955","SLC12A8",-0.442584738403905,0.0156108131956001
"ENSG00000223509",NA,-0.719147234160161,0.0197150870604882
"ENSG00000223802","CERS1",-0.605617699436619,0.015208801774658
"ENSG00000223959",NA,-0.301212492160784,0.0451544079581484
"ENSG00000224032",NA,-0.354178898799449,0.00889653800633567
"ENSG00000224722","SRRM1P1",-1.23128210725565,0.00241366128659053
"ENSG00000225159","NPM1P39",-1.0288201721186,0.012076049009102
"ENSG00000225470","JPX",-0.304891635701857,0.000217148713269227
"ENSG00000225648",NA,-0.357383910373454,0.0027494184372304
"ENSG00000225733","FGD5-AS1",-0.254012915675798,0.00494649043678307
"ENSG00000225973","PIGBOS1",-0.642861977925964,0.000694195300697587
"ENSG00000226067",NA,-0.92456755647544,6.72561613612113e-05
"ENSG00000226259",NA,-0.344496683172006,0.0157133597679051
"ENSG00000228065",NA,-0.783773699219977,0.0032830854092355
"ENSG00000228878","SEPTIN7-DT",-0.763983478655922,0.0396987105581385
"ENSG00000229119",NA,-0.488826455954942,0.00936215192446014
"ENSG00000229638","RPL4P4",-0.692964411704677,0.0288220232463906
"ENSG00000229647",NA,-0.420106203081277,0.0173006966052564
"ENSG00000229659","RPL26P6",-0.526401974843972,0.0444210295894586
"ENSG00000229807","XIST",-0.328562962904253,0.0351999580108858
"ENSG00000230148","HOXB-AS1",-1.11001391416854,0.0080582237427105
"ENSG00000230453","ANKRD18B",-0.410315539937992,0.00141761962077134
"ENSG00000230590","FTX",-0.398082819037276,0.0294459063521811
"ENSG00000230615","LOC107984948",-0.686279886218738,5.24406656011659e-05
"ENSG00000230937","MIR205HG",-0.32918491647012,0.0158604547030027
"ENSG00000231167",NA,-0.606661715466516,0.0100041141880103
"ENSG00000231312","MAP4K3-DT",-0.55857214669289,0.000164929982580376
"ENSG00000231503",NA,-0.786156607192886,0.0350544222668337
"ENSG00000232160","RAP2C-AS1",-1.13846376799153,0.0122247558348925
"ENSG00000233184","DPH5-DT",-0.4711906989711,0.0193470514674715
"ENSG00000233589",NA,-0.629333177879768,0.024639913150813
"ENSG00000233611","GBX2-AS1",-1.27553175746738,0.00219330797377687
"ENSG00000233828","MIR4280HG",-0.784898343075776,0.026965449682461
"ENSG00000233901","LINC01503",-1.22933998843304,7.00159936246668e-06
"ENSG00000234062",NA,-0.987159861419172,0.0113570241422204
"ENSG00000234171","RNASEH1-DT",-0.375115344822411,0.000588546832960082
"ENSG00000234518",NA,-0.547341041626892,0.0401834651211034
"ENSG00000234664",NA,-0.828296204468768,0.0104588114858087
"ENSG00000235194","PPP1R3E",-1.10732421243855,0.00109884172242516
"ENSG00000235489",NA,-0.698877291295834,0.043923277509676
"ENSG00000235531","MSC-AS1",-0.879258768968306,0.0282215918308319
"ENSG00000235652","EPM2A-DT",-1.14831208236612,0.0122836772182992
"ENSG00000236456",NA,-1.12170115060563,0.00056113236730704
"ENSG00000236698",NA,-0.600200684165596,0.0389740891756972
"ENSG00000237190","CDKN2AIPNL",-0.316663209893558,0.00291425733483951
"ENSG00000237505","PKN2-AS1",-1.49426782884566,0.0042129784814756
"ENSG00000237649","KIFC1",-0.329309833755906,0.0227892420902271
"ENSG00000237819","CDK6-AS1",-1.12095735578478,0.000235108792554676
"ENSG00000237877",NA,-1.4129786794724,0.00584943846784031
"ENSG00000237943","PRKCQ-AS1",-0.378641196270505,0.00534307539060968
"ENSG00000238227","TMEM250",-0.424502968967361,3.04823705493156e-05
"ENSG00000239900","ADSL",-0.266437731754787,0.0246502629671954
"ENSG00000240024",NA,-0.615052189138093,0.00416436261928577
"ENSG00000240344","PPIL3",-0.286382091225584,0.0443999164404753
"ENSG00000241399","CD302",-0.654712069051252,0.0379600082536163
"ENSG00000242125","SNHG3",-0.515630606382684,7.32420434889784e-05
"ENSG00000242498","ARPIN",-0.62932432455955,0.000144073327403676
"ENSG00000242715","CCDC169",-0.580341216096866,0.0294459063521811
"ENSG00000242808","SOX2-OT",-0.937010391214823,0.0224007338122675
"ENSG00000243199","RPL6P10",-0.726554624134884,0.00112717645839238
"ENSG00000243317","STMP1",-0.233886546163735,0.000792813255311161
"ENSG00000243477","NAA80",-0.392052280566276,0.0471430150709316
"ENSG00000243479",NA,-0.838821970915796,0.000848325451497186
"ENSG00000244187","TMEM141",-0.495000487504937,1.62986464527735e-05
"ENSG00000244405","ETV5",-0.395139015713525,0.00278604069980951
"ENSG00000244414","CFHR1",-1.17069233275307,0.0108766650080705
"ENSG00000245248","USP2-AS1",-0.60358256004217,0.00584703481461465
"ENSG00000245694","CRNDE",-0.86002172635082,3.13694100608203e-08
"ENSG00000247134",NA,-0.425084367987517,0.0199978529862572
"ENSG00000247240","UBL7-DT",-0.476280320088854,0.00741373699839413
"ENSG00000247315","ZCCHC3",-0.395139772515879,0.000516375311952584
"ENSG00000247626","MARS2",-0.600944746841856,0.00128979204355352
"ENSG00000248527","MTATP6P1",-0.421551069751205,0.00921742788148608
"ENSG00000248905","FMN1",-0.572870282026929,0.017187324089869
"ENSG00000249353",NA,-0.876531929979249,0.000291646449705599
"ENSG00000249679",NA,-0.881542641726684,0.0233951180003573
"ENSG00000249815","LINC02945",-1.33902623610958,0.00533598696247129
"ENSG00000250317","SMIM20",-0.401213804135657,0.00624228218488155
"ENSG00000251669",NA,-0.866385297766119,0.00448704811395061
"ENSG00000253716","MINCR",-0.932884487601906,0.00142138337602427
"ENSG00000253738","OTUD6B-AS1",-0.221950190901179,0.0171395024244499
"ENSG00000253746",NA,-0.604055507917767,0.039752284358452
"ENSG00000253982","CLN8-AS1",-0.48456609362909,0.00209923470561209
"ENSG00000254093","PINX1",-0.438962779145931,0.000618372130363365
"ENSG00000254166","PCAT2",-0.705223734969939,0.00591474175914804
"ENSG00000254363",NA,-1.07605570458848,0.0147838425948287
"ENSG00000254536",NA,-0.54718158123576,0.0124536929803543
"ENSG00000254712",NA,-0.880735050926124,0.0226231848037361
"ENSG00000254911","SCARNA9",-1.29485215092872,0.00606097867476216
"ENSG00000255135","EMSY-DT",-0.592336852970506,0.00950423350831126
"ENSG00000255837","TAS2R20",-0.68696464736906,0.0363314824612945
"ENSG00000256061","DNAAF4",-0.850571321425257,0.0239372612847983
"ENSG00000256269","HMBS",-0.306194816220353,0.0067684596532923
"ENSG00000257354","MIRLET7IHG",-0.59146199264757,0.0396808504286395
"ENSG00000257698","GIHCG",-1.19933507748152,1.92688841457203e-10
"ENSG00000257923","CUX1",-0.249346561375963,0.0225849856589004
"ENSG00000258289","CHURC1",-0.367795476485129,2.53332048668022e-05
"ENSG00000258568",NA,-0.732845983443615,0.0410098280024338
"ENSG00000258902",NA,-0.779003545283597,0.019140961242242
"ENSG00000259020",NA,-0.949362386261517,0.00697565920254946
"ENSG00000259330","INAFM2",-0.528346417698593,0.000406269178518927
"ENSG00000259585",NA,-0.863382879845582,0.02914566087881
"ENSG00000259768","ZFHX3-AS1",-0.603096731299741,0.00745818771916032
"ENSG00000259781",NA,-0.618803420402611,0.00557907286536814
"ENSG00000259956","RBM15B",-0.293719971137906,6.78575442905301e-05
"ENSG00000259994",NA,-1.52734967407716,0.00105804953443248
"ENSG00000260001","TGFBR3L",-0.52039426488172,0.0119804872454159
"ENSG00000260060",NA,-0.994765731067114,0.0183579121892519
"ENSG00000260257","LOC119746555",-0.661316421562609,6.89128939821612e-05
"ENSG00000260274",NA,-0.613513194392015,0.0316110256546652
"ENSG00000260806",NA,-1.19281134145999,0.00019385405080201
"ENSG00000260917","LOC103344931",-1.1644164884669,0.00374138499654221
"ENSG00000261236","BOP1",-0.265474624578463,0.010899789291727
"ENSG00000261474",NA,-0.808046421898979,0.0350853203116697
"ENSG00000261997",NA,-0.811446751892049,0.0311199503898307
"ENSG00000265354","TIMM23",-0.159231412062197,0.0390727232759442
"ENSG00000265458","NARF-AS2",-0.937676088323821,0.00970365113946231
"ENSG00000265641","MIR3929",-0.906851675485857,0.0173514462239655
"ENSG00000265688","MILIP",-0.489983721507676,0.00970079333729328
"ENSG00000266473",NA,-1.10269925518503,0.0130497570208024
"ENSG00000267100","ILF3-DT",-0.321272476415925,0.00352467117420687
"ENSG00000267904",NA,-0.82713807236816,0.0023710164678556
"ENSG00000268798",NA,-0.846686115086043,0.00759593963211718
"ENSG00000268996","MAN1B1-DT",-0.740306549807148,0.00356132536048727
"ENSG00000269190","FBXO17",-0.977351642887382,0.0179209123125044
"ENSG00000269929","MIRLET7A1HG",-0.448377204117928,0.0209696895175323
"ENSG00000269947",NA,-0.629125597856629,0.0301312898051756
"ENSG00000269973",NA,-0.594288189835094,3.26250383597458e-07
"ENSG00000270062",NA,-1.0097072293058,0.00424983054181928
"ENSG00000270533",NA,-1.03274162988865,0.0163176428284903
"ENSG00000271614","ATP2B1-AS1",-1.11550931869272,0.00877100597804153
"ENSG00000272008","LOC124901355",-0.695068078249516,0.0477779091884717
"ENSG00000272143","FGF14-AS2",-1.1033336887127,0.00234176048771574
"ENSG00000272168","LOC105374971",-0.628338805167972,0.0450788992648938
"ENSG00000272172",NA,-1.27058209493052,0.00278465394297069
"ENSG00000272182",NA,-1.31016389757063,0.00294025686513839
"ENSG00000272335",NA,-0.555653714815019,0.00393296280628589
"ENSG00000272711","HK2-DT",-0.903781992047138,1.98513869566135e-06
"ENSG00000272750",NA,-0.834917137318084,0.000473405003879823
"ENSG00000272888",NA,-0.254353541613923,0.00455553414293619
"ENSG00000273117","INSIG1-DT",-0.562222116396193,0.0202105183288438
"ENSG00000273156",NA,-1.50630511592712,0.000927592133038847
"ENSG00000273247","RAB33B-AS1",-0.707944653404745,3.02589652139485e-05
"ENSG00000273344","PAXIP1-DT",-1.28305662188425,1.35636383927461e-06
"ENSG00000273702",NA,-0.747495480540771,0.0391727989666816
"ENSG00000273727","LOC124904631",-0.857139753997075,0.028393020874306
"ENSG00000274964",NA,-0.769668643850105,0.039752284358452
"ENSG00000275074","NUDT18",-0.51131046920006,0.0428339107791943
"ENSG00000275291","RNVU1-26",-0.906272742278324,1.51560144265551e-05
"ENSG00000275580",NA,-0.948923353036881,0.0223909069714228
"ENSG00000275713","H2BC9",-0.933123130191405,0.00872230670761171
"ENSG00000275719",NA,-0.941956325302458,0.0157705146769419
"ENSG00000275764",NA,-0.441045940893066,0.00907493890941347
"ENSG00000275835","TUBGCP5",-0.578374401755336,2.36031168614396e-06
"ENSG00000276043","UHRF1",-0.355950496655012,0.0089939492993893
"ENSG00000276115",NA,-0.873256176366698,0.00429946177713451
"ENSG00000276116",NA,-0.772562064563415,0.0394981951785134
"ENSG00000277161","PIGW",-0.46347172918663,0.00111974569712696
"ENSG00000277215","SPANXA2-OT1",-1.0243318128467,0.0177872540439752
"ENSG00000277283","RAB35-AS1",-0.62099273757021,0.0331656457435235
"ENSG00000277443","MARCKS",-0.406524598968329,0.00186055248538027
"ENSG00000278126",NA,-0.600615228374796,0.0312779122093316
"ENSG00000278463","H2AC4",-1.36215841017981,0.00380442856994521
"ENSG00000278970","ZFP62",-0.607629293685073,5.0329678567262e-05
"ENSG00000279207",NA,-0.620474637754677,0.0404704594071448
"ENSG00000279307","NDUFAF2P1",-1.24536330158556,0.003845019251456
"ENSG00000279348",NA,-0.732087901282425,0.0342546866434555
"ENSG00000279453",NA,-0.487125086231813,0.0497857287715624
"ENSG00000280010",NA,-0.793341480348472,0.0255623435463345
"ENSG00000283196",NA,-0.633944302736545,0.0307915556196246
"ENSG00000283498","MIR1244-2",-0.63082857316124,3.11284047356958e-05
"ENSG00000285517","LOC645485",-0.714179815584388,3.77800535534424e-05
"ENSG00000285533","RELA-DT",-0.828584375282931,0.011538596402619
"ENSG00000285796",NA,-0.727935092927588,0.0395844748122119
"ENSG00000285967","NIPBL-DT",-0.680152098593039,0.00139085113624552
"ENSG00000286519",NA,-1.2957213006464,0.00462318611651096
"ENSG00000286863",NA,-0.848596754577627,0.0274998199558074
"ENSG00000287222",NA,-0.695338205986101,0.0258247031900644
"ENSG00000287808",NA,-2.13315284429122,0.000469928262645332
"ENSG00000287966",NA,-1.37466968721074,0.000348070731942117
"ENSG00000288558","DUS4L-BCAP29",-0.574768480741397,0.00199726866023356
"ENSG00000288752",NA,-0.438876459529572,0.0441124967696114
"ENSG00000289094",NA,-1.00502112950547,0.0191753696211289
"ENSG00000289234","ZNF496-DT",-0.430327246229194,0.00855568842655375
"ENSG00000289353",NA,-0.311571103061016,0.0285930821898168
"ENSG00000289372",NA,-0.707086708681122,0.048356233753489
"ENSG00000289609","LOC124901321",-1.78963880089342,0.000590880707420022
"ENSG00000289942",NA,-0.48859575098892,0.0229285775538817
"ENSG00000290048",NA,-1.21789077925623,0.00148519462743653
"ENSG00000290085",NA,-0.730766900842399,0.0230090568414429
"ERCC-00059",NA,-0.757048168694332,0.0358352436058795
"ERCC-00112",NA,-0.63252277832448,0.0434982945247937
