"ENSEMBL","SYMBOL_wt","log2FC_wt","padj_wt","SYMBOL_KO","log2FC_KO","padj_KO"
"ENSG00000001460","STPG1",0.709402107108037,4.70959386143584e-05,"STPG1",0.59871456345112,8.02387736307487e-06
"ENSG00000001461","NIPAL3",0.403685521949085,0.013927747843468,"NIPAL3",0.669194310527168,4.94750426925564e-06
"ENSG00000002079","MYH16",1.88733007794964,0.000467138652301382,"MYH16",1.51319261166321,2.06396817745157e-07
"ENSG00000002586","CD99",0.28816993965685,0.00825838399015854,"CD99",0.192433002956888,0.0400108576892186
"ENSG00000002587","HS3ST1",0.61321882424485,0.0376374229119257,"HS3ST1",0.699900617578165,0.0232282450299726
"ENSG00000002834","LASP1",0.450658811389985,0.000604207044197083,"LASP1",0.491631739016541,8.89095526544119e-06
"ENSG00000003400","CASP10",2.03458351895091,0.00020402609489781,"CASP10",1.42261610065163,0.00526517916197551
"ENSG00000003402","CFLAR",0.560775886133842,5.56560607799121e-05,"CFLAR",0.856717582062493,4.75588149615406e-13
"ENSG00000005001","PRSS22",2.19344458822821,5.8434684536838e-10,"PRSS22",2.82265947179303,2.10414666536258e-15
"ENSG00000005238","ATOSB",1.39862995203688,1.44490690254597e-11,"ATOSB",1.22143782134188,9.01787734477125e-15
"ENSG00000005448","WDR54",0.589341941959809,3.21868000820622e-05,"WDR54",0.35755195242795,0.0024514924916933
"ENSG00000006025","OSBPL7",0.39257496170163,0.0392875560333597,"OSBPL7",1.23289513054659,1.49807036988927e-07
"ENSG00000006042","TMEM98",0.637932188078088,0.000608839834904825,"TMEM98",0.880684333600642,8.42324241069381e-08
"ENSG00000006062","MAP3K14",0.43348964992527,0.0448902572083888,"MAP3K14",0.952695471541884,8.95127092028337e-06
"ENSG00000006432","MAP3K9",0.592186787472264,0.00103043018109821,"MAP3K9",0.429048452204051,0.00411870126776207
"ENSG00000006451","RALA",0.349091598328405,0.000305407968491322,"RALA",0.340586151858287,1.87977973450029e-05
"ENSG00000006453","BAIAP2L1",0.488818261576095,4.5447734647094e-07,"BAIAP2L1",0.503114226492658,1.94307246927263e-10
"ENSG00000006606","CCL26",4.11215164686392,7.87898571406601e-11,"CCL26",4.51956536668089,2.16743522434345e-21
"ENSG00000006638","TBXA2R",0.865002878692202,0.017969663135226,"TBXA2R",1.90865281345833,8.57787709356138e-05
"ENSG00000006756","ARSD",0.352865833013479,0.0232862168516627,"ARSD",0.340257335276269,0.0241777293841228
"ENSG00000007168","PAFAH1B1",0.179075445798413,0.0293992806890927,"PAFAH1B1",0.230567741198091,0.000216202498511267
"ENSG00000007384","RHBDF1",0.876800046527684,5.71232665318176e-07,"RHBDF1",1.10521928269627,6.76676038805423e-14
"ENSG00000007866","TEAD3",0.716810743079005,2.50774098228688e-06,"TEAD3",0.851508521553529,2.29513290817023e-12
"ENSG00000008086","CDKL5",1.36869848774696,1.03191937507804e-06,"CDKL5",1.70303526968172,4.51782483410085e-07
"ENSG00000008517","IL32",0.642982408936982,0.00830869981318355,"IL32",0.928020940271645,0.000112966319197516
"ENSG00000010017","RANBP9",0.335302690236122,0.00599184319115519,"RANBP9",0.312114603998075,0.00234176048771574
"ENSG00000010278","CD9",0.449479286775002,0.0429809272315278,"CD9",0.627908212928691,0.00428809463039253
"ENSG00000010295","IFFO1",1.43846143902501,0.00276511639421786,"IFFO1",1.40513241579692,4.38413525638092e-05
"ENSG00000010404","IDS",0.987849648633697,0.000567120033053833,"IDS",1.31540132211242,6.30335371348746e-08
"ENSG00000010810","FYN",0.447437485514503,0.000690263454735934,"FYN",0.474861622680709,2.39895656590478e-05
"ENSG00000011009","LYPLA2",0.433536080994364,2.11580146805291e-05,"LYPLA2",0.55368881669337,3.15932997238221e-11
"ENSG00000011332","DPF1",0.40924819207281,0.0185434830009351,"DPF1",0.579984654586589,0.000167425563245645
"ENSG00000011422","PLAUR",1.07537724487567,7.79359433806175e-19,"PLAUR",0.95267041679667,8.22293948631482e-23
"ENSG00000011566","MAP4K3",0.272640851041265,0.029280017266122,"MAP4K3",0.22038776282544,0.049022972327647
"ENSG00000012171","SEMA3B",1.1993803764218,4.49614317178402e-06,"SEMA3B",1.21649138494451,1.48496792047128e-07
"ENSG00000013275","PSMC4",0.379364692638158,0.00124854109238482,"PSMC4",0.569857639843407,4.10348138002848e-09
"ENSG00000013364","MVP",0.87165598586234,1.11415368416908e-05,"MVP",1.38613699042091,4.34516921055047e-16
"ENSG00000013563","DNASE1L1",0.489647437885359,0.00315785879751598,"DNASE1L1",0.570742877781651,0.00012691605076566
"ENSG00000013588","GPRC5A",2.04930851530387,1.74017425183731e-17,"GPRC5A",2.67417503504197,5.31983252584846e-42
"ENSG00000014216","CAPN1",0.514493338918055,4.32907336831134e-05,"CAPN1",0.533817911749104,5.30745180554859e-07
"ENSG00000015475","BID",0.30637015022146,0.00977320191527887,"BID",0.366338524033207,0.000210363322322766
"ENSG00000017260","ATP2C1",0.258353957446902,0.013433482441536,"ATP2C1",0.231805248104802,0.00928677421415018
"ENSG00000018189","RUFY3",0.270696883558805,0.0405372999835965,"RUFY3",0.398280147864616,0.000327102590606939
"ENSG00000020577","SAMD4A",0.926007468813188,3.77607331563831e-06,"SAMD4A",0.810008903249445,3.58656618118446e-07
"ENSG00000021355","SERPINB1",1.12870744479248,4.32907336831134e-05,"SERPINB1",0.624860184386902,0.00294312200168821
"ENSG00000023445","BIRC3",0.439525221381338,0.0199776336012834,"BIRC3",1.62413502595026,1.83929700825596e-18
"ENSG00000023697","DERA",0.357694544694842,0.00903848449663219,"DERA",0.411339127344514,0.000415334174806761
"ENSG00000026103","FAS",0.551688659759023,0.000296760353317536,"FAS",0.996088645344248,5.17149437377151e-14
"ENSG00000026508","CD44",0.450688786774193,1.98166085146573e-08,"CD44",0.40519384965048,4.75389522980897e-10
"ENSG00000026751","SLAMF7",1.27158671196053,1.12719898549893e-05,"SLAMF7",1.96477761484433,1.96285852567283e-13
"ENSG00000028528","SNX1",0.339940249011542,0.000455313837091889,"SNX1",0.411117786618521,1.56258489399481e-07
"ENSG00000030582","GRN",0.678716856868023,1.45809575185163e-06,"GRN",0.800054764385751,4.93811764563745e-12
"ENSG00000033627","ATP6V0A1",0.523040932975211,0.000185040811803297,"ATP6V0A1",0.427641105852484,0.000360468567033603
"ENSG00000034713","GABARAPL2",0.534824596688821,2.23046988918226e-06,"GABARAPL2",0.46150470813474,5.63553029371844e-07
"ENSG00000035403","VCL",0.563421968273066,1.72660805220477e-07,"VCL",0.428050997695742,1.62978375482665e-06
"ENSG00000035862","TIMP2",0.300461554704338,0.0173031460498877,"TIMP2",0.277170174872814,0.0104879155232187
"ENSG00000036054","TBC1D23",0.390283172870015,0.00244255175878441,"TBC1D23",0.63485186423231,5.35783610859809e-09
"ENSG00000038219","BOD1L1",0.473585361040221,8.66096602490899e-05,"BOD1L1",0.457769285871725,5.93379433711221e-06
"ENSG00000038382","TRIO",0.483912879646851,0.00139496159601884,"TRIO",0.741354929469619,1.111160716071e-08
"ENSG00000039068","CDH1",0.517281445935317,1.57388295775211e-05,"CDH1",1.43901696215956,1.84211852402791e-44
"ENSG00000039523","RIPOR1",0.511222138047217,7.72323673084182e-05,"RIPOR1",0.267793612772918,0.0168214966455728
"ENSG00000042286","AIFM2",0.965408888571495,1.28576433239011e-06,"AIFM2",1.12840929794903,4.82585653912359e-13
"ENSG00000042445","RETSAT",0.349912838200561,0.00120760703112402,"RETSAT",0.523549161755283,3.35996661704276e-09
"ENSG00000042493","CAPG",0.465064018660952,0.00244662194897209,"CAPG",0.442097634146673,0.000883712214863633
"ENSG00000046604","DSG2",0.255480466230162,0.0139533421424184,"DSG2",0.3358054846514,6.17778060343738e-05
"ENSG00000046651","OFD1",0.23563514263647,0.0406320529310374,"OFD1",0.440121213945085,1.46374848941136e-06
"ENSG00000048052","HDAC9",1.10443074119529,0.000358580975928309,"HDAC9",2.01278518298611,7.8546336270331e-14
"ENSG00000048140","TSPAN17",0.407861650597675,0.00140946602474631,"TSPAN17",0.328862454988283,0.00189496114097534
"ENSG00000048392","RRM2B",1.18113504378766,2.4544631385861e-10,"RRM2B",1.45954327489218,1.31104370536836e-21
"ENSG00000049130","KITLG",0.49646281176754,0.00992452790075364,"KITLG",1.19046802284866,1.96846755618417e-10
"ENSG00000049860","HEXB",0.310109161617894,0.00251402633054977,"HEXB",0.201451997256864,0.0232299011794563
"ENSG00000050327","ARHGEF5",0.340988627812097,0.0228894765554307,"ARHGEF5",0.805617737599807,3.59135660029597e-10
"ENSG00000050405","LIMA1",0.724572712437623,3.6879010434342e-08,"LIMA1",0.440757739689698,4.35340175935026e-05
"ENSG00000050820","BCAR1",0.355998583771278,0.018390655906781,"BCAR1",0.567963426126174,6.05545276912086e-06
"ENSG00000051128","HOMER3",0.384322232063537,0.0246891913317796,"HOMER3",0.565322381600793,0.000211500504851042
"ENSG00000051620","HEBP2",0.223303468340395,0.0142169766134124,"HEBP2",0.187074103492987,0.0141593673919641
"ENSG00000052344","PRSS8",0.885518012310533,3.65374570068443e-09,"PRSS8",1.86150037690489,5.7005385563725e-46
"ENSG00000052723","SIKE1",0.409911138315675,1.69407402220817e-05,"SIKE1",0.499691900652293,3.30365296181978e-11
"ENSG00000053747","LAMA3",0.940917712878734,8.41019141270513e-08,"LAMA3",1.27926494115002,1.49688949878815e-18
"ENSG00000054148","PHPT1",0.679381497331265,9.0287965583414e-05,"PHPT1",0.648336868663641,4.2629641460426e-06
"ENSG00000055070","SZRD1",0.269438152016284,0.000470902949859772,"SZRD1",0.425542224056959,4.68506373045708e-13
"ENSG00000055163","CYFIP2",1.1978168820872,1.09326553744201e-07,"CYFIP2",1.46654571924578,3.11006232195755e-15
"ENSG00000055332","EIF2AK2",0.249242153726787,0.00127549201086746,"EIF2AK2",0.181765836414919,0.00458606428495305
"ENSG00000056558","TRAF1",0.862176578065768,0.0183182429244083,"TRAF1",3.9681879496951,1.05885202489581e-09
"ENSG00000057294","PKP2",0.659759389058646,1.44471700544991e-06,"PKP2",0.99851585422694,1.49575097403785e-18
"ENSG00000058272","PPP1R12A",0.242196681273801,0.000944217998751709,"PPP1R12A",0.150745502535423,0.0154436172600299
"ENSG00000058668","ATP2B4",0.509564846405571,0.0150175436793597,"ATP2B4",1.51897200994706,1.21206566880613e-12
"ENSG00000058799","YIPF1",0.532279087280402,0.000220408088779335,"YIPF1",0.694471525072797,1.11741301978689e-08
"ENSG00000059122","FLYWCH1",0.347473471460832,0.0325604120946775,"FLYWCH1",0.460489071121662,0.000802837995148925
"ENSG00000060140","STYK1",0.754546418081662,0.011447718814456,"STYK1",1.05609234355439,0.000536632961787609
"ENSG00000061273","HDAC7",0.380919961176941,0.00531240736744256,"HDAC7",0.50163713534729,1.45032861488997e-05
"ENSG00000062038","CDH3",0.425673076594908,9.46458276030496e-06,"CDH3",0.571252301387416,6.23001958934154e-13
"ENSG00000063660","GPC1",0.346047558934215,0.0192880541288707,"GPC1",0.581933186677453,4.12679866179994e-06
"ENSG00000064115","TM7SF3",0.38694108035579,0.00310318713583361,"TM7SF3",0.502545133033259,5.54765371259468e-06
"ENSG00000064601","CTSA",0.292001673122269,0.00830919187116667,"CTSA",0.588636758559274,1.79879147944889e-11
"ENSG00000064607","SUGP2",0.250479326506657,0.0199522407067245,"SUGP2",0.28058938301547,0.00100684276499183
"ENSG00000064666","CNN2",0.740884950154641,5.89715651843873e-08,"CNN2",0.529416293186297,1.67142228665076e-06
"ENSG00000065308","TRAM2",0.365488139729851,0.0180201704431495,"TRAM2",0.284664593393356,0.0364613239612382
"ENSG00000065357","DGKA",1.38107741175617,7.54190937777939e-47,"DGKA",0.914270662355829,3.78757589474335e-32
"ENSG00000065361","ERBB3",1.08704311043587,3.87123782881797e-08,"ERBB3",1.7407131118721,5.87600138365953e-23
"ENSG00000065534","MYLK",1.46204983442538,1.83348822543876e-10,"MYLK",2.20267432188438,4.26463822733289e-30
"ENSG00000065665","SEC61A2",0.507932854909966,0.0112101262279807,"SEC61A2",0.725110367141384,2.26177310644908e-05
"ENSG00000066248","NGEF",1.04117234360545,0.0103128755945869,"NGEF",0.943498761157308,0.00857680183096378
"ENSG00000066427","ATXN3",0.514488769201041,3.5075222295166e-06,"ATXN3",0.592954842392084,1.289846928496e-10
"ENSG00000066697","MSANTD3",0.798660433459397,2.77115525200073e-13,"MSANTD3",0.21942320260113,0.0117569870939289
"ENSG00000067082","KLF6",0.392017815079966,0.011110382157269,"KLF6",0.381432578931624,0.00493023672720965
"ENSG00000067167","TRAM1",0.712550835604298,8.89228360679235e-16,"TRAM1",0.500800986216677,1.06093609064843e-11
"ENSG00000067365","METTL22",0.744275461302353,9.8256727842766e-05,"METTL22",0.447880357665361,0.00321002768131163
"ENSG00000067606","PRKCZ",0.380901943933403,0.0128561116534846,"PRKCZ",0.451063870843804,0.000829693347515579
"ENSG00000067836","ROGDI",0.40362052906211,0.0253936124494918,"ROGDI",0.725311600009295,1.28135800475476e-05
"ENSG00000068079","IFI35",0.478528481819686,0.0376078576021752,"IFI35",0.531654395911839,0.020806854601413
"ENSG00000068400","GRIPAP1",0.321867577797993,0.00620874430684876,"GRIPAP1",0.527387207242299,5.25912230806804e-08
"ENSG00000068697","LAPTM4A",0.213040833797988,0.0279341468156562,"LAPTM4A",0.226001183372795,0.00381077252817301
"ENSG00000068878","PSME4",0.218758800922229,0.0134207859464735,"PSME4",0.22426177590025,0.00146017761064204
"ENSG00000069020","MAST4",0.38869817927584,0.00428788746329052,"MAST4",0.95492930133712,2.14464961784049e-16
"ENSG00000069812","HES2",1.3530905628426,6.32282242629401e-14,"HES2",1.91475025412748,1.69501743000924e-35
"ENSG00000070010","UFD1",0.275812321403671,0.00229870621057571,"UFD1",0.327256616536263,5.07920916412206e-06
"ENSG00000070190","DAPP1",1.78547984412987,3.35886326938736e-11,"DAPP1",1.93362671601407,3.97846762824172e-18
"ENSG00000070501","POLB",0.359253809584396,0.00661782142180072,"POLB",0.421957411294949,0.00020660625584743
"ENSG00000070882","OSBPL3",0.579583261575484,2.49251152458429e-06,"OSBPL3",0.544457661030825,7.70198044663394e-08
"ENSG00000071073","MGAT4A",0.65850935094983,0.00631435578397929,"MGAT4A",1.50878523421677,8.70733894893595e-10
"ENSG00000071127","WDR1",0.887794467240917,4.69942563641065e-14,"WDR1",0.882248555677282,1.43219499355957e-20
"ENSG00000071462","BUD23",0.244601918918431,0.0215756556186099,"BUD23",0.246239937427519,0.00416487724444198
"ENSG00000071553","ATP6AP1",0.379281788722279,0.00089874071806482,"ATP6AP1",0.420934208801642,9.16732722321199e-06
"ENSG00000071859","FAM50A",0.52301617253239,7.40324909312805e-05,"FAM50A",0.544733303667188,5.47002856944089e-07
"ENSG00000072110","ACTN1",0.567491299246003,1.61222648919398e-07,"ACTN1",0.360855687568016,7.19673981844249e-05
"ENSG00000072195","SPEG",1.00384750543229,4.84017827011528e-05,"SPEG",0.399799279310668,0.0354326008263966
"ENSG00000072415","PALS1",0.410701680399663,3.1114413844608e-05,"PALS1",0.676375445688498,3.07585308045503e-17
"ENSG00000072786","STK10",0.510736124455678,0.000110850938998632,"STK10",0.57023963218515,1.69469401178177e-07
"ENSG00000072818","ACAP1",0.971000462687201,0.00424316879397115,"ACAP1",0.890695490402439,0.00265183506691633
"ENSG00000072958","AP1M1",0.256225926558649,0.0216054785094929,"AP1M1",0.196149930953636,0.035721838716702
"ENSG00000073350","LLGL2",0.461229685157967,0.00299006097157688,"LLGL2",1.0558079297531,2.21179518129226e-13
"ENSG00000073578","SDHA",0.383816606455183,0.00134660585522528,"SDHA",0.485501721056502,9.15792953535843e-07
"ENSG00000073712","FERMT2",0.650784944276253,3.35714801044445e-07,"FERMT2",0.66250536810018,6.72928188703001e-11
"ENSG00000073756","PTGS2",2.38869769081232,7.03095162035876e-09,"PTGS2",2.30892883187468,4.72519011782016e-11
"ENSG00000073803","MAP3K13",0.380513089352462,1.78712378560163e-05,"MAP3K13",0.56316857323831,8.25819884000033e-15
"ENSG00000073921","PICALM",0.573546491329345,1.572160471027e-07,"PICALM",0.652365980291401,2.24548891664478e-13
"ENSG00000073969","NSF",0.294708496000026,0.0303798103046898,"NSF",0.571539119704523,6.09156140254353e-07
"ENSG00000074319","TSG101",0.432355286477929,0.000298770894803175,"TSG101",0.27442520333065,0.00805775254909242
"ENSG00000074416","MGLL",1.40803725906397,2.47582130986224e-08,"MGLL",0.936246178473598,2.66616237238865e-06
"ENSG00000074527","NTN4",0.389594721941916,0.038328459307554,"NTN4",0.425586718554372,0.0183972975145418
"ENSG00000074964","ARHGEF10L",0.607828050430351,0.000722510756033751,"ARHGEF10L",0.643968522285379,4.95844853722099e-05
"ENSG00000075420","FNDC3B",0.421679014503829,0.0049260406724915,"FNDC3B",0.376130145389309,0.0041049727787655
"ENSG00000075618","FSCN1",0.56646424837884,1.93715473942206e-10,"FSCN1",0.367140777807335,6.75990640843701e-07
"ENSG00000075624","ACTB",0.603872525013258,3.19761347540305e-09,"ACTB",0.339380339403775,7.90625430039728e-05
"ENSG00000076067","RBMS2",0.666464010034463,3.04463036260272e-08,"RBMS2",0.695424167243056,2.79777942852449e-13
"ENSG00000076108","BAZ2A",0.332303898521405,0.00160631082121057,"BAZ2A",0.486934737941358,1.06136764996394e-08
"ENSG00000076201","PTPN23",0.240075699338946,0.0388418135227276,"PTPN23",0.547468671394216,6.51562698620654e-10
"ENSG00000076513","ANKRD13A",0.423536108112165,0.00898977670792509,"ANKRD13A",0.731363345282618,3.29534260226899e-07
"ENSG00000076554","TPD52",0.255509629887882,0.0379899246113245,"TPD52",0.271199673201669,0.00926798721831996
"ENSG00000076604","TRAF4",0.555976862992776,4.03480722820729e-05,"TRAF4",0.458936941420945,4.18191574953751e-05
"ENSG00000076685","NT5C2",0.339417885193904,0.0025538454124831,"NT5C2",0.48842364902831,2.4309071635089e-07
"ENSG00000076928","ARHGEF1",0.50247808851064,0.000330493220847131,"ARHGEF1",0.56844674472091,1.30143526748175e-06
"ENSG00000077044","DGKD",0.493590853774686,1.86299051840018e-05,"DGKD",0.637700375863127,2.88145153306932e-12
"ENSG00000077150","NFKB2",0.579279887164422,0.000229045106294284,"NFKB2",0.947586574163549,1.797767528534e-12
"ENSG00000077721","UBE2A",0.587406413972048,2.03206852987268e-07,"UBE2A",0.486653651500506,1.34483191013099e-07
"ENSG00000078246","TULP3",0.31186858367019,0.0117269923626691,"TULP3",0.431572119373411,1.25675245649746e-05
"ENSG00000078401","EDN1",1.97855439686285,2.52643103641466e-12,"EDN1",1.98225102424001,6.55680957561412e-18
"ENSG00000078804","TP53INP2",0.817326989472028,0.000678424595524907,"TP53INP2",0.654408525834966,0.0015469447376776
"ENSG00000078808","SDF4",0.286373729854429,0.00016158820926641,"SDF4",0.358322095756216,4.09212289811691e-09
"ENSG00000078900","TP73",2.45972164491668,2.73465950437336e-05,"TP73",3.29184756656629,1.0856313069384e-10
"ENSG00000079277","MKNK1",0.518028850376424,0.000150588201618472,"MKNK1",0.716496171029026,3.79613618095456e-10
"ENSG00000079332","SAR1A",0.445234910697481,8.53375406638685e-06,"SAR1A",0.514740044264748,1.74662457208529e-10
"ENSG00000079337","RAPGEF3",0.599108213603047,0.0108797532844477,"RAPGEF3",0.972113716461376,2.99451419885914e-05
"ENSG00000079385","CEACAM1",3.86339960011444,1.64412349661137e-30,"CEACAM1",4.88908698091721,1.30814853839022e-59
"ENSG00000079482","OPHN1",1.39378049212323,5.02667452343803e-09,"OPHN1",1.50738046628783,9.82351029396348e-14
"ENSG00000079950","STX7",0.277303327182251,0.0318624019072132,"STX7",0.258473266188845,0.0202105183288438
"ENSG00000079999","KEAP1",0.243676548584006,0.0300119860280554,"KEAP1",0.385971794657452,1.80594038828123e-05
"ENSG00000080845","DLGAP4",0.586422187579636,1.10262880528244e-05,"DLGAP4",0.598574608435302,3.07252971340007e-08
"ENSG00000082497","SERTAD4",1.34278286728742,3.89505362931286e-09,"SERTAD4",0.6510965249176,4.34319403210616e-05
"ENSG00000082512","TRAF5",0.506299688746414,0.00240118722536554,"TRAF5",0.331933478450508,0.0201228891161292
"ENSG00000082515","MRPL22",0.329587733431594,0.00257146581324616,"MRPL22",0.318153254672275,0.000424968681764871
"ENSG00000082701","GSK3B",0.392056894831717,7.50146879827012e-06,"GSK3B",0.300040385850789,4.15151420785328e-05
"ENSG00000083828","ZNF586",0.605690867039646,0.00913456861843576,"ZNF586",0.421675159156875,0.0405405270269154
"ENSG00000083857","FAT1",0.307445596435106,0.0472101890362556,"FAT1",0.363999978894281,0.00754888256186415
"ENSG00000083937","CHMP2B",0.234110721565822,0.0261657567107529,"CHMP2B",0.185600544810643,0.034527523229396
"ENSG00000084710","EFR3B",0.742273126885395,0.0231954152874004,"EFR3B",1.59197937834626,3.2786046468389e-05
"ENSG00000084731","KIF3C",0.429753193584174,0.0175655782589591,"KIF3C",0.966162428821937,1.4217142474854e-08
"ENSG00000084764","MAPRE3",0.348102094409707,0.0416993013888667,"MAPRE3",0.356132458469812,0.0329895244522538
"ENSG00000086065","CHMP5",0.404275586058203,0.00575710876964912,"CHMP5",0.545464228674303,1.23304944417109e-05
"ENSG00000086102","NFX1",0.313611316401515,7.93478197129156e-05,"NFX1",0.337648389224541,1.58415812645597e-07
"ENSG00000086504","MRPL28",0.530675923886724,0.00119432993061994,"MRPL28",0.47628334395905,0.000469928262645332
"ENSG00000086730","LAT2",1.51237036041583,3.51017620652213e-05,"LAT2",1.67986897577878,1.10576255509285e-10
"ENSG00000087074","PPP1R15A",0.455030225151865,0.0115013964946608,"PPP1R15A",1.02912999911785,7.33527843690653e-10
"ENSG00000087077","TRIP6",0.32821788662969,0.000616933413978483,"TRIP6",0.560886377804523,2.21886644121728e-13
"ENSG00000087088","BAX",0.448064427258217,0.0150017320907007,"BAX",0.332317411250873,0.0479428331579299
"ENSG00000087495","PHACTR3",1.50137282413999,5.44762110649271e-05,"PHACTR3",4.95500109704897,7.46174071199013e-26
"ENSG00000088726","TMEM40",0.860860874868186,0.000780928329641193,"TMEM40",1.31255428697657,1.3685541151139e-08
"ENSG00000088836","SLC4A11",1.22994088904012,0.000818820208871929,"SLC4A11",1.72790780660152,2.68111749261996e-07
"ENSG00000089159","PXN",0.440742401651902,0.000559001656833229,"PXN",0.395446801987875,0.000271998253940688
"ENSG00000089327","FXYD5",0.471195797517284,2.73735921134903e-05,"FXYD5",0.373002172387102,7.96737753705699e-05
"ENSG00000089351","GRAMD1A",0.50131957394296,5.91302633834012e-06,"GRAMD1A",0.713603918594946,9.58290031665179e-15
"ENSG00000089486","CDIP1",1.0175722404131,1.33496571077322e-06,"CDIP1",1.60964928093808,6.60281179833841e-18
"ENSG00000089639","GMIP",0.564115346451415,0.00542262903217363,"GMIP",1.35680970364233,1.42464264094533e-12
"ENSG00000089693","MLF2",0.572470079261624,1.57010341348414e-09,"MLF2",0.602579885491346,3.53443128493972e-15
"ENSG00000090013","BLVRB",0.679730423245237,5.87327263500216e-07,"BLVRB",0.841947812194412,1.51320140330291e-13
"ENSG00000090061","CCNK",0.407795136492034,0.000631438288238567,"CCNK",0.506887978493405,2.77760052270964e-07
"ENSG00000090097","PCBP4",0.440554217007171,0.00187176996756961,"PCBP4",0.38421543841375,0.00183122041648818
"ENSG00000090238","YPEL3",1.37495202203392,4.69611461052301e-10,"YPEL3",2.1934176706322,2.29796298504072e-31
"ENSG00000090512","FETUB",1.36322221945217,0.00136344476186964,"FETUB",3.30700697539927,8.39645137795271e-10
"ENSG00000091073","DTX2",0.38479601733469,0.010570927523268,"DTX2",0.756305289957595,7.78858020796378e-09
"ENSG00000091592","NLRP1",1.72156194386863,1.5506346210264e-12,"NLRP1",0.838974264259097,4.4581769612354e-07
"ENSG00000092010","PSME1",0.317501345831727,0.0423110023221578,"PSME1",0.441902554567263,0.00121820839432555
"ENSG00000092203","TOX4",0.2401383741208,0.00658850944718069,"TOX4",0.474291157364489,1.42464264094533e-12
"ENSG00000092295","TGM1",1.00178701027518,0.000215366877339626,"TGM1",2.1722001800982,4.23576155892034e-17
"ENSG00000092330","TINF2",0.52452551258028,0.000381010402579617,"TINF2",0.606384912744797,1.15415932034374e-06
"ENSG00000092531","SNAP23",0.312434996292869,0.0136077689858571,"SNAP23",0.466864141642275,6.57804844660873e-06
"ENSG00000092820","EZR",0.538157901597183,9.18626980409788e-09,"EZR",0.298712926629214,0.000176097875658413
"ENSG00000092841","MYL6",0.470830898839984,0.00101007656456248,"MYL6",0.476803091001216,9.40362509053197e-05
"ENSG00000094975","SUCO",0.346401788609752,0.000294718811191,"SUCO",0.492227712208433,5.34291180000275e-10
"ENSG00000095380","NANS",0.392394286880394,0.000521866404232251,"NANS",0.220361006401591,0.0279018726014003
"ENSG00000097033","SH3GLB1",0.225940888938501,0.019601600643856,"SH3GLB1",0.318942286595341,2.55068198749462e-05
"ENSG00000099377","HSD3B7",0.575287125019194,0.00820060300033719,"HSD3B7",1.24925999688538,1.56890990785354e-08
"ENSG00000099804","CDC34",0.338636474237853,0.0214948212164893,"CDC34",0.794339738011177,2.32968909050763e-10
"ENSG00000099812","MISP",1.18418047081643,3.87425213814179e-10,"MISP",1.89287800860443,2.5826611850201e-34
"ENSG00000099860","GADD45B",0.527857563809425,0.00416539705986627,"GADD45B",0.805189996887419,1.04062568429731e-06
"ENSG00000099889","ARVCF",0.905793234148625,0.00836831295579155,"ARVCF",0.516825608620821,0.045342313426876
"ENSG00000099917","MED15",0.30612947899051,0.0196906775191027,"MED15",0.488199487396164,7.33605874384458e-06
"ENSG00000100014","SPECC1L",0.334165026983207,0.0200451350742919,"SPECC1L",0.368857036494998,0.00204490161312948
"ENSG00000100139","MICALL1",0.457520366313362,0.000139194812441989,"MICALL1",0.214552561112089,0.0443397459402452
"ENSG00000100151","PICK1",0.363832627838264,0.0244362608691379,"PICK1",0.477512669525197,0.000922135086154003
"ENSG00000100226","GTPBP1",0.301748679905906,0.0407541119801305,"GTPBP1",0.363316842127704,0.00274007271135944
"ENSG00000100241","SBF1",0.422372850832516,0.00209760060514245,"SBF1",0.421435149908438,0.000310661888131341
"ENSG00000100243","CYB5R3",0.233031910657375,0.00960859072720155,"CYB5R3",0.273456507167013,0.000134382228344347
"ENSG00000100298","APOBEC3H",1.06337667349522,0.00673418273531607,"APOBEC3H",3.10256176541572,1.50823843592024e-10
"ENSG00000100311","PDGFB",1.05383200051665,0.00991907178074149,"PDGFB",3.48850335320076,3.27706900958151e-09
"ENSG00000100319","ZMAT5",0.693480754372464,3.32313468817406e-05,"ZMAT5",0.868320234022671,2.84597646165361e-11
"ENSG00000100320","RBFOX2",0.277428494351714,0.00163690527423429,"RBFOX2",0.153076038458328,0.0455041316378258
"ENSG00000100342","APOL1",1.80195641966103,6.225813988006e-05,"APOL1",2.946755990619,1.59310102094137e-09
"ENSG00000100345","MYH9",0.588095156811741,4.90818050309699e-05,"MYH9",0.38498388346093,0.00161620873297418
"ENSG00000100347","SAMM50",0.298105938190734,7.65798365140995e-05,"SAMM50",0.475867763220396,2.16596244049765e-16
"ENSG00000100439","ABHD4",1.11771971342415,5.76747764066664e-05,"ABHD4",1.89285738079904,1.06909707424601e-15
"ENSG00000100441","KHNYN",0.315301512382796,0.0271639190340715,"KHNYN",0.35547240917923,0.00407202200493465
"ENSG00000100485","SOS2",0.405079956876507,0.00909967638778947,"SOS2",0.314520504717947,0.0220347112275296
"ENSG00000100554","ATP6V1D",0.29709604327735,0.00850326557187202,"ATP6V1D",0.460187484831714,4.58199848881851e-07
"ENSG00000100568","VTI1B",0.260530859588471,0.00470869504348441,"VTI1B",0.201339776614187,0.00747031944898785
"ENSG00000100592","DAAM1",1.07687327090591,1.43651448399159e-11,"DAAM1",0.753469522607555,3.56351051344702e-09
"ENSG00000100647","SUSD6",0.319969596785116,0.0387263768380737,"SUSD6",0.711467917334941,9.27432483118747e-08
"ENSG00000100883","SRP54",0.249252721775937,0.00836831295579155,"SRP54",0.212827495269054,0.00597899719443025
"ENSG00000100911","PSME2",0.396311401875537,0.00235143763015988,"PSME2",0.392700468189356,0.000356268195656582
"ENSG00000100949","RABGGTA",0.517789401267681,1.35228667553773e-05,"RABGGTA",0.686279273572994,3.24668373578007e-12
"ENSG00000100983","GSS",0.462566190055143,1.01517948692243e-05,"GSS",0.594155460648207,5.73453379739771e-12
"ENSG00000101096","NFATC2",2.15454163795728,2.2931133659186e-11,"NFATC2",3.41944708921878,1.85298844919869e-35
"ENSG00000101161","PRPF6",0.202466819119446,0.0146204505777762,"PRPF6",0.518800679607572,4.17950121320713e-17
"ENSG00000101187","SLCO4A1",0.673560330311231,0.000653120516716857,"SLCO4A1",0.831825665418741,9.2665444348289e-07
"ENSG00000101236","RNF24",0.351048669180964,0.00846986203816614,"RNF24",0.316275414607458,0.00459932068827122
"ENSG00000101290","CDS2",0.351325821592544,0.00216724061801096,"CDS2",0.491004607533689,9.80256533516206e-08
"ENSG00000101335","MYL9",1.12517031352975,0.00168500741599972,"MYL9",2.41695503693461,1.01943194102699e-11
"ENSG00000101439","CST3",0.251549812244282,0.0142310629361306,"CST3",0.291812515819236,0.000473178693867016
"ENSG00000101443","WFDC2",0.801348598527885,0.0216916777775072,"WFDC2",1.14185889771027,0.00735594409229046
"ENSG00000101460","MAP1LC3A",0.525862441187697,0.0495150657264204,"MAP1LC3A",2.48680856920364,1.49643270358933e-08
"ENSG00000101624","CEP76",0.468962196477209,0.000916243143310007,"CEP76",0.780902059496522,2.97026581214314e-11
"ENSG00000101670","LIPG",0.506264620066298,0.0104960235100149,"LIPG",0.490257834371956,0.00444442942799751
"ENSG00000101745","ANKRD12",0.355729078533858,0.0010019359430085,"ANKRD12",0.491845623864095,2.68344320209021e-08
"ENSG00000101901","ALG13",0.342725175837417,0.0261698055301271,"ALG13",0.387137100788013,0.00304113878347303
"ENSG00000101928","MOSPD1",0.762139941105795,4.32907336831134e-05,"MOSPD1",0.726731395769809,4.04265635610488e-07
"ENSG00000101977","MCF2",1.22698506619572,0.000270463032507359,"MCF2",1.75415300066174,1.43478165370806e-07
"ENSG00000102024","PLS3",0.556940455313526,2.86854858613673e-09,"PLS3",0.465369506991286,2.12463107556514e-09
"ENSG00000102103","PQBP1",0.336080176788605,0.010790020104749,"PQBP1",0.308114300205943,0.00563990371680857
"ENSG00000102226","USP11",0.789782751967577,7.44683055980508e-10,"USP11",0.868285995452213,4.33866375737625e-17
"ENSG00000102243","VGLL1",1.40991626865767,8.3186620894511e-06,"VGLL1",3.03093082577823,2.12626435797129e-15
"ENSG00000102309","PIN4",0.479927893681346,6.3549074304782e-06,"PIN4",0.409704793409441,2.88614076894023e-06
"ENSG00000102316","MAGED2",0.491965479237041,0.000280480051179967,"MAGED2",0.444335055751581,9.81504509651139e-05
"ENSG00000102362","SYTL4",1.08175287680621,1.33060503977772e-07,"SYTL4",1.02130668174639,2.08182641165402e-08
"ENSG00000102452","NALCN",0.583246761505237,0.0155075071193567,"NALCN",1.09706417941323,0.000167226123535664
"ENSG00000102471","NDFIP2",0.423362008039111,0.000350759777518973,"NDFIP2",0.289437532030829,0.00550389092744132
"ENSG00000102606","ARHGEF7",0.361767919298578,0.00470869504348441,"ARHGEF7",0.262063262058713,0.0214387852568483
"ENSG00000102710","SUPT20H",0.268777419689822,0.0112108636486104,"SUPT20H",0.46943188670011,7.70024851033586e-09
"ENSG00000102760","RGCC",0.621450375949919,0.0367433912246793,"RGCC",1.45390301084943,0.000417704162791114
"ENSG00000102871","TRADD",0.334077389196701,0.0197685993144206,"TRADD",0.360722473061005,0.00439247622805372
"ENSG00000102882","MAPK3",0.42955593436768,0.00557784304454743,"MAPK3",0.527695936088986,0.000113586241050091
"ENSG00000102981","PARD6A",1.07522979260844,0.00279811798345982,"PARD6A",2.21153754202894,3.92611956392191e-09
"ENSG00000102996","MMP15",0.661260147332283,0.00179481235185139,"MMP15",0.760263576586329,0.000271998253940688
"ENSG00000103196","CRISPLD2",1.15070078781184,0.00408741497111098,"CRISPLD2",1.43370076650641,5.26584104569971e-05
"ENSG00000103363","ELOB",0.246879584616944,0.00813891845018185,"ELOB",0.363379356838008,8.10552562093961e-07
"ENSG00000103415","HMOX2",0.241428675950489,0.0151930583108976,"HMOX2",0.298330967376993,0.000146264440510912
"ENSG00000103496","STX4",0.46487377580332,9.14406985258794e-05,"STX4",0.654158403532031,1.11955286925012e-11
"ENSG00000103769","RAB11A",0.381318867255057,5.3915564625593e-06,"RAB11A",0.485265135368824,1.57075596150661e-12
"ENSG00000103994","ZNF106",0.256559468281774,0.00955718730612346,"ZNF106",0.483578982853311,3.22837574579734e-10
"ENSG00000104067","TJP1",0.318713804924531,0.0127825041887378,"TJP1",0.348077176994229,0.00134995729521034
"ENSG00000104368","PLAT",3.11671509378654,8.92050851914562e-22,"PLAT",1.67045554688146,2.47602090741524e-12
"ENSG00000104375","STK3",0.45485357349318,0.000199185403918625,"STK3",0.46131752437503,1.15610929316102e-05
"ENSG00000104450","SPAG1",0.807561902040479,1.27032456019355e-05,"SPAG1",0.791040233128885,3.40197248146305e-09
"ENSG00000104689","TNFRSF10A",0.418533691451983,7.93106717137043e-05,"TNFRSF10A",0.398072067707469,5.88150471095768e-06
"ENSG00000104695","PPP2CB",0.218653886811324,0.0343616877470912,"PPP2CB",0.628914509064517,5.76670060933042e-16
"ENSG00000104765","BNIP3L",0.929100110906298,2.07164308772072e-08,"BNIP3L",1.26375826754709,9.91148952520708e-21
"ENSG00000104823","ECH1",0.268753487560569,0.0354802183759933,"ECH1",0.423711839214601,6.10018079342511e-05
"ENSG00000104856","RELB",0.40663344705229,0.0259937122459379,"RELB",0.747694335360268,9.29262992193614e-06
"ENSG00000104880","ARHGEF18",0.878369356383761,1.5422336594058e-08,"ARHGEF18",1.11392548838937,6.90074769035454e-19
"ENSG00000104881","PPP1R13L",0.694956199863485,1.20810637131284e-06,"PPP1R13L",0.752234069173591,1.12669823385121e-10
"ENSG00000104892","KLC3",0.96642798259122,1.35523529429099e-05,"KLC3",1.29199721221308,4.08589361933139e-12
"ENSG00000105053","VRK3",0.28818999403752,0.0231946016517901,"VRK3",0.69104841038091,6.24726246055307e-11
"ENSG00000105137","SYDE1",1.26755160688386,6.0355158382179e-06,"SYDE1",0.813260089521971,5.81465505751892e-06
"ENSG00000105287","PRKD2",0.661592078739573,6.3403174462711e-06,"PRKD2",1.26184449115909,2.49090565315925e-24
"ENSG00000105290","APLP1",0.633591673210805,0.00717261921491936,"APLP1",0.613714345353202,0.00249954697598513
"ENSG00000105327","BBC3",1.37708139398612,1.76800028604924e-13,"BBC3",1.84233290923944,6.92012622862344e-34
"ENSG00000105339","DENND3",0.573062992424505,0.0129563116224834,"DENND3",1.73484016562758,3.55014731775537e-12
"ENSG00000105355","PLIN3",0.7054102075761,9.37452076667969e-10,"PLIN3",0.759333394877717,5.47733928531099e-16
"ENSG00000105372","RPS19",0.378409463581202,0.000803494474903067,"RPS19",0.517548003421168,2.91310162547825e-08
"ENSG00000105427","CNFN",0.685353135201218,0.005004109648395,"CNFN",1.13768183990583,4.34954891291882e-06
"ENSG00000105656","ELL",0.358955554741652,0.00853585868445019,"ELL",0.620564346123089,3.78165816139367e-08
"ENSG00000105699","LSR",0.403829451702819,0.0110713010262409,"LSR",0.927355615118176,8.82027364156404e-11
"ENSG00000105928","GSDME",0.883229516441778,2.57511649007378e-11,"GSDME",0.260338526125251,0.0182412183997505
"ENSG00000105929","ATP6V0A4",1.18703182575584,0.000110748682485458,"ATP6V0A4",1.56873956900098,1.39251501810067e-08
"ENSG00000105976","MET",0.225294856736674,0.0364715529324932,"MET",0.181385118588712,0.04275456459273
"ENSG00000106052","TAX1BP1",0.360642841370914,0.0001343710037481,"TAX1BP1",0.602410050045649,3.95069394647167e-15
"ENSG00000106266","SNX8",0.526581537514134,2.28806433195613e-05,"SNX8",0.647635836798119,2.70793075745133e-10
"ENSG00000106268","NUDT1",0.383792084995781,0.00276468671485422,"NUDT1",0.348883402769923,0.00104393235379877
"ENSG00000106330","MOSPD3",0.349592528318282,0.0148632760076419,"MOSPD3",0.353484712324069,0.00610740390937577
"ENSG00000106366","SERPINE1",1.33270021414058,5.29949814217713e-05,"SERPINE1",1.17714689917747,1.48409774357629e-05
"ENSG00000106415","GLCCI1",0.739132674122503,7.80726213713326e-06,"GLCCI1",0.780354074677441,5.21846054973506e-08
"ENSG00000106605","BLVRA",0.511162666759853,4.90513326821886e-05,"BLVRA",0.246392079300163,0.0215219124474912
"ENSG00000106799","TGFBR1",0.865852094162389,4.80695648023763e-10,"TGFBR1",0.655891261300617,1.24664969594661e-09
"ENSG00000106829","TLE4",0.32772973772986,0.0363599203904211,"TLE4",0.768365325042297,4.229413720332e-08
"ENSG00000106853","PTGR1",0.702428545408058,0.000523767736633524,"PTGR1",0.583216430445191,0.000424336385604218
"ENSG00000106992","AK1",0.45687721998404,0.00482584268019009,"AK1",0.84750231251309,6.67041781033768e-09
"ENSG00000107036","RIC1",0.283607428494998,0.0471551439762836,"RIC1",0.533945664486838,1.13898360244058e-05
"ENSG00000107175","CREB3",0.675154596960274,2.13764583156122e-06,"CREB3",0.736409525715121,1.355694068818e-10
"ENSG00000107438","PDLIM1",0.733140231070808,4.98241217544993e-08,"PDLIM1",0.649420770519299,2.99615896842083e-09
"ENSG00000107521","HPS1",0.306304934838953,0.0189708826144107,"HPS1",0.507866695241767,2.15785298408369e-06
"ENSG00000107554","DNMBP",0.340716850400474,0.00908832537301512,"DNMBP",0.367095973033788,0.000321445477294534
"ENSG00000107738","VSIR",0.497355058569062,0.00435313038199103,"VSIR",1.45532196652019,6.55680957561412e-18
"ENSG00000107796","ACTA2",0.845564549512216,0.00199050779972199,"ACTA2",1.67766026706995,5.59055178054755e-11
"ENSG00000107819","SFXN3",0.480361862476612,0.000670327867232141,"SFXN3",0.5069948197552,1.55119703896332e-05
"ENSG00000108219","TSPAN14",0.781473718188515,1.87019927379068e-15,"TSPAN14",0.820695971271988,8.74576342635751e-25
"ENSG00000108370","RGS9",1.48971018727478,0.00185413324097533,"RGS9",2.09874611601109,5.63913291861027e-07
"ENSG00000108384","RAD51C",0.373496016171441,0.00925843296012964,"RAD51C",0.473539405371905,6.81653412991602e-05
"ENSG00000108669","CYTH1",0.529451153642943,0.000234723940368607,"CYTH1",0.459056163489586,0.000104176015797466
"ENSG00000108759","KRT32",0.914434893729029,0.00942036695551266,"KRT32",3.47669648121161,1.0529500000692e-06
"ENSG00000108826","MRPL27",0.312447262256841,0.0129450025269522,"MRPL27",0.485551962820133,2.2183695775057e-06
"ENSG00000108828","VAT1",0.313163618178482,0.0123633154395442,"VAT1",0.31692385261932,0.00309831914677784
"ENSG00000108840","HDAC5",0.652271360008487,0.010876768552162,"HDAC5",1.05160655248596,9.55447538826852e-05
"ENSG00000108946","PRKAR1A",0.183249456845195,0.0205415053450952,"PRKAR1A",0.203833337738213,0.000967074714292101
"ENSG00000109046","WSB1",0.28913802277333,0.0149093466951548,"WSB1",0.651304628815494,1.23513640835852e-11
"ENSG00000109062","NHERF1",0.27918168498426,0.0206407642325725,"NHERF1",0.654832004014634,8.79072664649293e-12
"ENSG00000109079","TNFAIP1",1.01926119242167,3.94823724523605e-23,"TNFAIP1",0.941027159295535,9.27298627228076e-31
"ENSG00000109107","ALDOC",0.582830706567362,0.0344754191951507,"ALDOC",0.921975257909041,0.00158511866103142
"ENSG00000109220","CHIC2",0.850870333722802,1.78690397437586e-06,"CHIC2",0.953066960692242,5.82864362734516e-12
"ENSG00000109321","AREG",1.0593088016947,6.00557080661715e-08,"AREG",0.488598642671092,0.00139811397483315
"ENSG00000109452","INPP4B",0.579078114764339,0.000152954952540883,"INPP4B",0.474683007169001,0.000238020956877526
"ENSG00000109501","WFS1",0.412619384617316,0.00711720018105921,"WFS1",0.67370695254987,1.22078358552214e-07
"ENSG00000109670","FBXW7",0.204153429795481,0.0397309862412144,"FBXW7",0.381212404552228,4.46497878942185e-07
"ENSG00000110047","EHD1",0.958153885950965,2.32015467707635e-08,"EHD1",0.885495685358196,1.20386840690449e-10
"ENSG00000110171","TRIM3",1.15707819858421,0.000543275011555335,"TRIM3",0.664384057329045,0.00507225090278821
"ENSG00000110218","PANX1",0.384593181740866,0.00285754705384538,"PANX1",0.628424193025209,1.70999226597939e-09
"ENSG00000110429","FBXO3",0.353253229276699,0.0148343585571521,"FBXO3",0.488417376349351,0.000106417579398576
"ENSG00000110711","AIP",0.397409291672252,0.00237432920208133,"AIP",0.755547169749353,3.03695772085909e-12
"ENSG00000110756","HPS5",0.619603077817222,8.19205643285881e-08,"HPS5",0.786699621143901,1.14385018656979e-16
"ENSG00000110876","SELPLG",1.44343525544855,0.00291177720152013,"SELPLG",1.86937792390963,1.29570965769315e-05
"ENSG00000110880","CORO1C",0.530222303239352,5.86226843259649e-07,"CORO1C",0.511776998630139,2.24811779061678e-09
"ENSG00000111057","KRT18",1.37980742987147,7.98531382795841e-30,"KRT18",0.724206475978163,2.81864920920156e-13
"ENSG00000111145","ELK3",0.464982399041155,4.30001923972941e-05,"ELK3",0.278064639473458,0.00406832038147363
"ENSG00000111269","CREBL2",0.432173825406211,0.000999611432473434,"CREBL2",0.308168981202638,0.00594294326384117
"ENSG00000111348","ARHGDIB",1.13779860714355,6.6147977785035e-10,"ARHGDIB",0.991502127861431,4.27128230818864e-11
"ENSG00000111540","RAB5B",0.295396514741906,0.0291273169133605,"RAB5B",0.446459881658497,9.51062249169345e-05
"ENSG00000111674","ENO2",2.50421039715138,4.18133464412173e-06,"ENO2",1.43288008704595,3.87432391579091e-07
"ENSG00000111678","C12orf57",0.521337044509032,0.000698347862581413,"C12orf57",0.416416079297941,0.00139275758824083
"ENSG00000111726","CMAS",0.274866079682291,0.0059073975902991,"CMAS",0.26056376351496,0.00162143117996775
"ENSG00000111846","GCNT2",1.10288288498376,0.00206348429688945,"GCNT2",0.610789370997435,0.0332495056232219
"ENSG00000111859","NEDD9",1.20351435572889,2.37253043026134e-05,"NEDD9",2.29711694030218,9.26416137801605e-21
"ENSG00000112033","PPARD",0.80967917933565,8.72808859586076e-05,"PPARD",0.711483063137903,1.85585053862381e-05
"ENSG00000112378","PERP",0.403734445786892,3.16180697383286e-05,"PERP",0.849979186325503,1.52593455644051e-26
"ENSG00000112406","HECA",0.302519844994554,0.0106639804408485,"HECA",0.670594362170121,1.7098689050229e-12
"ENSG00000112414","ADGRG6",0.396074695365819,0.00718942487998276,"ADGRG6",0.795268932220391,6.85449465527698e-10
"ENSG00000112511","PHF1",0.458716272728101,0.040930183978803,"PHF1",0.339112952669226,0.0451072289073027
"ENSG00000112599","GUCA1B",0.58203378326413,0.0321815596471151,"GUCA1B",0.738409528087986,0.0395272731147404
"ENSG00000113578","FGF1",2.44885941209888,3.32797876087071e-12,"FGF1",3.03100123143403,5.94620066176672e-26
"ENSG00000113645","WWC1",0.390860635943663,0.0115885288219795,"WWC1",0.662615825787927,8.6338009809156e-07
"ENSG00000113742","CPEB4",0.592654838538082,3.46126094853509e-05,"CPEB4",0.59293041077103,9.20195250039086e-07
"ENSG00000114270","COL7A1",0.701223142128654,0.0135800537213197,"COL7A1",0.462550185585708,0.0486912065425824
"ENSG00000114316","USP4",0.453476815061482,6.80081590188578e-05,"USP4",0.391234480514826,1.86860207769084e-05
"ENSG00000114353","GNAI2",0.477095846540811,1.18646429588607e-07,"GNAI2",0.361367701446602,1.37714137880063e-06
"ENSG00000114354","TFG",0.177231878076883,0.03078543392255,"TFG",0.240553973178727,0.000113907537573268
"ENSG00000114383","TUSC2",0.352568737717515,0.000767606987259011,"TUSC2",0.401316815788661,4.14398450068445e-06
"ENSG00000114529","C3orf52",1.24296795946542,6.95309914523324e-06,"C3orf52",0.790910707412937,2.64129868120045e-05
"ENSG00000115091","ACTR3",0.397002445601216,4.80046717088105e-07,"ACTR3",0.229346356694572,0.000690325639825971
"ENSG00000115109","EPB41L5",0.664305533154665,7.31664931360344e-05,"EPB41L5",1.02659485961146,1.11906822704648e-12
"ENSG00000115129","TP53I3",1.27855509178529,3.26683054442503e-12,"TP53I3",1.87079136211197,2.23737735022233e-35
"ENSG00000115145","STAM2",0.274066934983007,0.0434766125001607,"STAM2",0.355746977282753,0.00162902486301826
"ENSG00000115216","NRBP1",0.271928332464022,0.0295863568620459,"NRBP1",0.724102946975212,6.07699005861111e-13
"ENSG00000115221","ITGB6",0.630674269201166,0.00189836125196915,"ITGB6",0.374267329716704,0.0333107124010021
"ENSG00000115295","CLIP4",0.310754214587165,0.0400784539445258,"CLIP4",0.275985647244107,0.0428811601570242
"ENSG00000115306","SPTBN1",0.54150858586002,4.276414587019e-06,"SPTBN1",0.572591667737798,4.26966414045515e-09
"ENSG00000115307","AUP1",0.366894477630304,1.22606186333144e-05,"AUP1",0.41915586469466,4.71735949796457e-10
"ENSG00000115363","EVA1A",0.405832632193757,0.0112459727144443,"EVA1A",0.633252976408466,3.47433368926199e-06
"ENSG00000115520","COQ10B",0.365664829560245,0.00841174212882942,"COQ10B",0.326937768089405,0.00571678591382647
"ENSG00000115641","FHL2",1.97159582237067,4.85936755555118e-38,"FHL2",1.7221908391542,1.8911293335473e-44
"ENSG00000115762","PLEKHB2",0.239676711466816,0.00226535573505946,"PLEKHB2",0.338950217074304,3.46947905671795e-08
"ENSG00000115806","GORASP2",0.257530502702068,0.0204332573525706,"GORASP2",0.191674419513323,0.0407747984101409
"ENSG00000115808","STRN",0.384778963085177,0.000357932871453329,"STRN",0.394534205137537,1.22719513776445e-05
"ENSG00000115839","RAB3GAP1",0.339527403859278,0.000167886851775296,"RAB3GAP1",0.42152056557923,1.03374940420117e-08
"ENSG00000115935","WIPF1",0.78102277642264,0.0189317780899888,"WIPF1",2.39647641796884,1.80148551320128e-06
"ENSG00000115963","RND3",0.434671645651892,0.0111600217584347,"RND3",0.341985522444785,0.0265997141103808
"ENSG00000116017","ARID3A",0.379883697570879,0.0081348453949341,"ARID3A",0.647422495554936,1.03933486056317e-07
"ENSG00000116096","SPR",0.329532864242977,0.0152913036969777,"SPR",0.821862685298955,1.33092325483711e-13
"ENSG00000116191","RALGPS2",0.466259150204811,0.000167886851775296,"RALGPS2",0.686161152703052,5.18701569360315e-11
"ENSG00000116212","LRRC42",0.381013624861493,0.000739858442163423,"LRRC42",0.255842092849918,0.00657707879204838
"ENSG00000116266","STXBP3",0.514261822700335,0.000641881001315292,"STXBP3",0.366866130185264,0.00571678591382647
"ENSG00000116285","ERRFI1",0.658797921736444,0.000249375672044094,"ERRFI1",1.31094741920321,2.89931319637335e-16
"ENSG00000116299","ELAPOR1",2.39082206159672,3.70136075392557e-22,"ELAPOR1",2.17996587541431,1.21882894221563e-34
"ENSG00000116514","RNF19B",0.59038272090992,0.000296221619499712,"RNF19B",0.772494142947776,7.19075247042800e-09
"ENSG00000116584","ARHGEF2",0.820795783378496,7.38867273101835e-14,"ARHGEF2",0.631041243439836,2.80043641099218e-13
"ENSG00000116661","FBXO2",0.760172375332071,0.0101916673224998,"FBXO2",1.18290016820652,0.000389170651174232
"ENSG00000116670","MAD2L2",0.501705120403037,8.03401041838057e-05,"MAD2L2",0.304617285809822,0.00267363602488293
"ENSG00000116701","NCF2",1.5634336208034,5.92012576046391e-11,"NCF2",1.05722150815219,1.45455000178855e-08
"ENSG00000116717","GADD45A",0.620302028588142,1.63665818289689e-05,"GADD45A",0.584234365145289,8.71641759558205e-07
"ENSG00000116741","RGS2",1.23712020509062,2.2485142371687e-06,"RGS2",1.4069518965391,1.05783945796395e-10
"ENSG00000116791","CRYZ",0.529047130454196,0.00129411776331359,"CRYZ",0.368796476155045,0.00868679017756707
"ENSG00000116871","MAP7D1",0.26863195536762,0.0281128203043531,"MAP7D1",0.251004956844916,0.0149223771371239
"ENSG00000116962","NID1",0.912759177794358,0.0112393626711406,"NID1",2.35300982039401,0.000150383258681994
"ENSG00000117226","GBP3",0.562237277604618,0.0016787270896545,"GBP3",0.692432389150141,4.2835358357223e-06
"ENSG00000117228","GBP1",1.31272064906718,1.30754669389291e-22,"GBP1",1.56023555545997,4.75053930164589e-44
"ENSG00000117360","PRPF3",0.253109321903753,0.0280025775631101,"PRPF3",0.495025166198809,4.89551188092886e-08
"ENSG00000117472","TSPAN1",1.14642139250492,2.82040951483393e-06,"TSPAN1",2.47546951195847,2.67998885581663e-28
"ENSG00000117475","BLZF1",0.300909501602238,0.0151112787722213,"BLZF1",0.333781111483821,0.00161542986247165
"ENSG00000117519","CNN3",1.45778789673432,1.58504805608906e-16,"CNN3",0.550747246681202,1.17644074915047e-05
"ENSG00000117525","F3",1.27048030657934,5.08281601817426e-09,"F3",0.480621414084749,0.00374423768199484
"ENSG00000117598","PLPPR5",1.7896603036694,0.000646871309882891,"PLPPR5",2.4082559851842,1.18083186459703e-05
"ENSG00000117620","SLC35A3",0.392775220522683,0.00310023656439735,"SLC35A3",0.405650754645818,0.000402711806188697
"ENSG00000117691","NENF",0.413103447116518,9.76823958540049e-05,"NENF",0.354863898783641,6.97992040073174e-05
"ENSG00000117868","ESYT2",0.214066551453484,0.0230849814160632,"ESYT2",0.197275196500973,0.0111245319322913
"ENSG00000118503","TNFAIP3",0.638145868788976,0.000131872252201714,"TNFAIP3",1.12979853354537,2.3371391788745e-15
"ENSG00000118523","CCN2",2.16356932301501,5.77737912239929e-16,"CCN2",0.548568161439852,0.00182482017457068
"ENSG00000118680","MYL12B",0.462201741975369,1.24786003291448e-08,"MYL12B",0.166002808643957,0.0231235968216212
"ENSG00000119139","TJP2",1.04404061504189,0.00397038818862078,"TJP2",0.656901440910005,0.021582154011421
"ENSG00000119314","PTBP3",0.337325440702075,5.36233977064517e-05,"PTBP3",0.399466746063531,2.92097161089194e-09
"ENSG00000119392","GLE1",0.302017801264814,0.00884330293440208,"GLE1",0.581884479569596,3.10473796812002e-10
"ENSG00000119630","PGF",1.71268879487281,2.0327474006472e-05,"PGF",1.56820064840297,1.63808323438455e-09
"ENSG00000119632","IFI27L2",0.940857463489098,5.72685511539831e-07,"IFI27L2",0.425980395648667,0.00315692879639172
"ENSG00000119844","AFTPH",0.215261069948313,0.0292128680516873,"AFTPH",0.302172444147002,0.000137358468512239
"ENSG00000119862","LGALSL",0.412882025544015,0.0299720603943308,"LGALSL",0.397935110869428,0.0243880139810207
"ENSG00000119899","SLC17A5",0.348075418144208,0.0368572153433204,"SLC17A5",0.32754095949473,0.0463110753120999
"ENSG00000119917","IFIT3",0.787906869435432,0.00146623331221616,"IFIT3",0.524337801086158,0.015489745838694
"ENSG00000119965","C10orf88",0.47292736310036,0.0127189151026768,"C10orf88",0.323309373616677,0.0471825332059348
"ENSG00000120162","MOB3B",0.791530034959461,1.82782706789294e-06,"MOB3B",0.90386894816302,3.56330022625488e-11
"ENSG00000120211","INSL4",1.0066729972324,0.0108830943848142,"INSL4",3.03927829001339,1.69396657148348e-05
"ENSG00000120217","CD274",0.628580500261305,0.00685344882245165,"CD274",0.747352497556729,7.05972819114816e-05
"ENSG00000120256","LRP11",1.02255872692763,0.000238950104302879,"LRP11",0.474266163999071,0.0292202290222329
"ENSG00000120265","PCMT1",0.353857879311263,0.00114604401825365,"PCMT1",0.250497585623953,0.00707424405276452
"ENSG00000120549","KIAA1217",0.609172837257843,4.18846204153955e-05,"KIAA1217",0.541237818386701,9.76539987813621e-06
"ENSG00000120686","UFM1",0.235987866178847,0.0296877909939502,"UFM1",0.248108351546893,0.00532778743394526
"ENSG00000120868","APAF1",0.645138076642951,5.47765490185007e-05,"APAF1",0.308673290189991,0.0199833418532578
"ENSG00000120875","DUSP4",0.698693314017552,1.68422695274171e-05,"DUSP4",0.626301899982373,1.54854723080749e-06
"ENSG00000120885","CLU",2.12840656651134,9.60751264650805e-43,"CLU",2.9948285591884,6.23910096562405e-115
"ENSG00000120899","PTK2B",0.837019438851284,2.51548384891592e-13,"PTK2B",1.13801278467162,2.5826611850201e-34
"ENSG00000121390","PSPC1",0.286498299342306,0.00833390200927142,"PSPC1",0.206220691948427,0.027450217633243
"ENSG00000121406","ZNF549",0.465159081347481,0.0343984210261891,"ZNF549",0.934781267065879,5.98733671918182e-05
"ENSG00000121542","SEC22A",0.410004119274198,0.0160460574447529,"SEC22A",0.767326685404694,3.1532649866515e-07
"ENSG00000121578","B4GALT4",0.859544277190521,1.18799859109663e-06,"B4GALT4",0.895404486443387,2.34867960201561e-09
"ENSG00000121690","DEPDC7",0.464934975489213,0.0286602591546839,"DEPDC7",1.04223835900991,1.00364975916192e-06
"ENSG00000121797","CCRL2",0.559940570554383,0.0393630283301383,"CCRL2",1.30358994122977,0.0076095017074077
"ENSG00000121900","TMEM54",0.378031219175586,0.00121016297066024,"TMEM54",0.485911803566266,1.66207564407363e-06
"ENSG00000122042","UBL3",0.303389148399753,0.0365556028153741,"UBL3",0.654249652178822,1.68039904692098e-07
"ENSG00000122218","COPA",0.279803603292364,0.000400586650383704,"COPA",0.200112126274151,0.00296745591653858
"ENSG00000122359","ANXA11",0.189644404109573,0.0444313547943421,"ANXA11",0.313243829821821,1.53969636337026e-05
"ENSG00000122550","KLHL7",0.809332105131171,6.70927045605896e-06,"KLHL7",0.50723128438951,0.000270500999550676
"ENSG00000122641","INHBA",1.5204367380823,1.22016588440188e-05,"INHBA",1.04789053533994,0.000123446073007995
"ENSG00000122674","CCZ1",0.290108147646726,0.00753885946328469,"CCZ1",0.26762141157635,0.00295711064933591
"ENSG00000122705","CLTA",0.227694524771282,0.00497828524484593,"CLTA",0.248199807650821,0.000108543278427873
"ENSG00000122882","ECD",0.353994043593394,4.92522103320897e-07,"ECD",0.367712950164285,4.18178786268449e-11
"ENSG00000123130","ACOT9",0.674115901467548,2.0597214749589e-12,"ACOT9",0.390183327304401,3.96603331833762e-07
"ENSG00000123143","PKN1",0.8264979359491,0.000464699990037789,"PKN1",1.42370781545934,3.6181388627068e-10
"ENSG00000123240","OPTN",0.544909542215808,0.000352162601447868,"OPTN",0.554447167531042,2.12247448588158e-05
"ENSG00000123353","ORMDL2",0.560780861900574,1.83401014645724e-05,"ORMDL2",0.520290085860817,1.57382123698811e-06
"ENSG00000123358","NR4A1",0.791401712361726,0.0213312323493035,"NR4A1",1.80383759289499,0.00025489669148329
"ENSG00000123384","LRP1",0.504993405103909,0.023950234745339,"LRP1",0.904280862026841,0.000371497357064453
"ENSG00000123496","IL13RA2",0.762694103301979,0.0153674975060899,"IL13RA2",2.6747813718128,2.3616914010797e-05
"ENSG00000123609","NMI",0.586869116277951,0.000307446864999955,"NMI",1.3751391204202,4.26794900293893e-20
"ENSG00000123685","BATF3",1.11129429593158,0.000355859956291824,"BATF3",0.809409736615392,0.000211500504851042
"ENSG00000123983","ACSL3",0.332158034279573,0.00178813972056577,"ACSL3",0.287642030846409,0.00141629870351568
"ENSG00000123989","CHPF",0.401841869369951,0.00169001416656682,"CHPF",0.310931503665604,0.0047694198781622
"ENSG00000124067","SLC12A4",1.15743466576621,6.02039940040353e-09,"SLC12A4",1.09823296583601,1.71258893682098e-13
"ENSG00000124098","FAM210B",0.475053562008071,0.00015207443452033,"FAM210B",0.509197928987016,1.32670809855746e-06
"ENSG00000124107","SLPI",0.335944604413425,0.0490075006214607,"SLPI",0.84999032345165,8.84288455485312e-08
"ENSG00000124116","WFDC3",1.83963373828454,9.59347849613898e-05,"WFDC3",3.08448992170454,2.70712304057028e-10
"ENSG00000124145","SDC4",0.325551592119218,5.58834728756922e-05,"SDC4",0.490333389454634,2.39737542211486e-14
"ENSG00000124155","PIGT",0.29565500242113,0.0016484076991305,"PIGT",0.179200416745678,0.0277238059145756
"ENSG00000124201","ZNFX1",0.342820858412365,0.0118699911844537,"ZNFX1",0.709780566395434,6.79594825539072e-10
"ENSG00000124224",NA,0.989011978439071,0.000320581958528152,NA,0.803363191744269,0.00020351198455944
"ENSG00000124226","RNF114",0.258988252953507,0.0485429226513794,"RNF114",0.474024307640129,7.10680274413359e-06
"ENSG00000124356","STAMBP",0.4802783130092,2.6002529563615e-05,"STAMBP",0.441735505544962,2.94017943105047e-06
"ENSG00000124357","NAGK",0.365036044762353,0.0150895482198645,"NAGK",0.467629863339029,0.000313076871714595
"ENSG00000124380","SNRNP27",0.343642766728148,0.000240689211716452,"SNRNP27",0.377308859994431,4.29328772822613e-07
"ENSG00000124466","LYPD3",0.511554523157591,0.000747852922379106,"LYPD3",1.84286157262892,2.1122455483715e-40
"ENSG00000124562","SNRPC",0.256121093966667,0.000234324863126281,"SNRPC",0.155655241025182,0.00776046932847728
"ENSG00000124587","PEX6",0.333081338323964,0.043063338833741,"PEX6",0.546929158035129,0.000184496792518527
"ENSG00000124641","MED20",0.443241731721561,0.000368543382338619,"MED20",0.580413000007917,1.58246815316486e-08
"ENSG00000124733","MEA1",0.642913038459579,3.96746584568085e-09,"MEA1",0.463922580661698,1.63971924152614e-07
"ENSG00000124762","CDKN1A",1.33939910767559,6.81945782586579e-11,"CDKN1A",1.41204761973058,2.16596244049765e-16
"ENSG00000124839","RAB17",0.673016358564857,0.00129240770687374,"RAB17",0.948861029726745,4.00070540014574e-07
"ENSG00000124942","AHNAK",0.410003333599642,0.0174643515015872,"AHNAK",0.568387395576463,0.000217465521089954
"ENSG00000125037","EMC3",0.416560266493108,9.07402260545605e-05,"EMC3",0.541428995441947,2.45592705121075e-10
"ENSG00000125089","SH3TC1",1.07382819329834,2.83129025771298e-07,"SH3TC1",1.72382296620693,6.04289033195208e-19
"ENSG00000125304","TM9SF2",0.206094114520149,0.00659571718698826,"TM9SF2",0.352405639255154,1.70308676491734e-09
"ENSG00000125319","HROB",0.701606360332732,8.88957525730717e-05,"HROB",0.633550415588249,1.68545814033464e-06
"ENSG00000125398","SOX9",1.15972327077476,4.2119707683995e-06,"SOX9",0.424114176653896,0.0214116696413546
"ENSG00000125618","PAX8",1.59657205043757,0.000473680300777325,"PAX8",0.561251840374562,0.0254390179794937
"ENSG00000125633","CCDC93",0.359414371343253,0.00339024906073438,"CCDC93",0.576025739324937,6.40246186384326e-09
"ENSG00000125657","TNFSF9",2.19723420477383,1.01513659101973e-18,"TNFSF9",1.68932188579481,1.05222199473465e-21
"ENSG00000125731","SH2D3A",0.594598521986153,6.67696860151638e-05,"SH2D3A",0.505010079354235,3.412004940392e-05
"ENSG00000125733","TRIP10",0.682889991475553,4.88756032192472e-10,"TRIP10",0.78351937634955,9.89937894963571e-19
"ENSG00000125735","TNFSF14",0.712347936469281,0.00363955648436335,"TNFSF14",1.48513587746233,1.3374453974779e-09
"ENSG00000125746","EML2",0.53211318031744,0.00121907539399406,"EML2",0.516194896211552,0.000253846700668345
"ENSG00000125753","VASP",0.388643307954053,0.000468445476764582,"VASP",0.436324071976641,2.41082015369238e-06
"ENSG00000125775","SDCBP2",1.29091360163046,0.000430613247983218,"SDCBP2",2.35691890395512,1.56522973365227e-12
"ENSG00000125844","RRBP1",0.481535638666532,0.000949754002852255,"RRBP1",0.487164713194085,8.58746080041072e-05
"ENSG00000125845","BMP2",0.43014365331049,0.0477864880355059,"BMP2",0.96843258945259,3.68722619217453e-05
"ENSG00000125871","MGME1",0.393736931336559,3.10835224790102e-05,"MGME1",0.180863956719801,0.0247172849313359
"ENSG00000125991","ERGIC3",0.344389906883104,5.91120762057421e-05,"ERGIC3",0.29660792963402,2.98451135773278e-05
"ENSG00000125995","ROMO1",0.274934844995676,0.0453963553999275,"ROMO1",0.275564682219882,0.0200425345035784
"ENSG00000126247","CAPNS1",0.305512567635596,0.00146813545824894,"CAPNS1",0.280880308887641,0.000434561543801777
"ENSG00000126264","HCST",0.69465266176205,0.0322959530098606,"HCST",1.27383935058482,0.00765463239807375
"ENSG00000126458","RRAS",0.692274217206031,3.52311112525957e-06,"RRAS",0.39100314505489,0.0015634927536056
"ENSG00000126561","STAT5A",0.571166996678074,0.0336010809892208,"STAT5A",1.55038282260402,8.67203976889249e-05
"ENSG00000127129","EDN2",0.657315628899215,0.0131966143194253,"EDN2",1.88222052629068,6.42099512909358e-11
"ENSG00000127328","RAB3IP",0.378158722805776,0.002946992356239,"RAB3IP",0.337338776579526,0.00218533269561077
"ENSG00000127329","PTPRB",1.61322678181612,0.000426446534975926,"PTPRB",1.21446842689717,0.0010865673600406
"ENSG00000127511","SIN3B",0.304045845867558,0.0108453927547349,"SIN3B",0.390968362138936,7.60931357804079e-05
"ENSG00000127603","MACF1",0.465623578567172,0.000895680279491161,"MACF1",0.39650766355244,0.000993778396102821
"ENSG00000127666","TICAM1",0.534898096318683,0.00298596055404205,"TICAM1",0.981617906173838,1.72689391983577e-09
"ENSG00000127824","TUBA4A",0.605000130749821,3.5762922898012e-08,"TUBA4A",0.37931039736693,3.33607573482299e-05
"ENSG00000127838","PNKD",0.280683208704426,0.027565897885759,"PNKD",0.354928060063246,0.000840581183863321
"ENSG00000127952","STYXL1",0.455533857016183,0.000695458989038222,"STYXL1",0.392669082556989,0.000505294752865751
"ENSG00000127955","GNAI1",0.326005467120581,0.0125739178250468,"GNAI1",0.425538263817836,9.32660042388296e-05
"ENSG00000128016","ZFP36",0.567005508262775,0.0119723934075212,"ZFP36",0.747024512840397,0.000409063097085478
"ENSG00000128185","DGCR6L",0.322981421883842,0.0316769276759002,"DGCR6L",0.26628355019402,0.0415926881364868
"ENSG00000128311","TST",0.424093742933157,0.00762040031221182,"TST",0.485250806529437,0.000536632961787609
"ENSG00000128510","CPA4",3.03179941091417,1.29989950479241e-14,"CPA4",4.18559597686165,1.08091927582964e-35
"ENSG00000128524","ATP6V1F",0.351210677700605,0.000146465648830387,"ATP6V1F",0.675612601842259,2.22038913045885e-19
"ENSG00000128578","STRIP2",0.550271093129926,0.00707726195417748,"STRIP2",0.510449925224528,0.00322919527080666
"ENSG00000128604","IRF5",0.583378253512018,0.0183182429244083,"IRF5",1.29028480620193,5.18692993359176e-06
"ENSG00000128683","GAD1",0.900096843799665,0.00102617624346448,"GAD1",1.4046141262967,9.1785001059172e-08
"ENSG00000128789","PSMG2",0.287124522038275,0.00364860613452897,"PSMG2",0.205675056299721,0.013949697354513
"ENSG00000128833","MYO5C",0.44146616560532,0.00260834930458111,"MYO5C",0.449463160548502,0.000786884824559339
"ENSG00000128923","MINDY2",0.313898987830705,0.0126795721254114,"MINDY2",0.541822040252333,1.67313374760878e-07
"ENSG00000129083","COPB1",0.289148896678848,0.00149519576388271,"COPB1",0.200541941415281,0.00987969830229917
"ENSG00000129116","PALLD",0.581542167146253,1.67119739303141e-06,"PALLD",0.754826624408912,5.480520540747e-14
"ENSG00000129194","SOX15",0.786547165136997,8.07343133066305e-07,"SOX15",0.939930075539072,2.3077851644072e-13
"ENSG00000129197","RPAIN",0.480483361283668,0.000773369707136759,"RPAIN",0.311337450831321,0.0106344096549709
"ENSG00000129353","SLC44A2",0.575858171900845,0.000183967773599418,"SLC44A2",0.899173559383663,1.65652428606957e-11
"ENSG00000129562","DAD1",0.380596848803022,0.000238087230122695,"DAD1",0.278390695591172,0.00166760333649923
"ENSG00000129566","TEP1",1.02064320248223,0.00010839238243849,"TEP1",1.26844295581383,3.63496082116937e-08
"ENSG00000129657","SEC14L1",1.10673895454262,1.74278629948064e-07,"SEC14L1",1.04416160584305,1.38576529339589e-09
"ENSG00000129667","RHBDF2",0.564085401965246,0.00370539687384403,"RHBDF2",0.838439631942711,1.39178261124941e-06
"ENSG00000130202","NECTIN2",1.18689998100811,9.53713912423639e-11,"NECTIN2",0.552201669409222,5.56132331662739e-05
"ENSG00000130244","FAM98C",0.3910632264565,0.0038304670728022,"FAM98C",0.73524128802391,8.8553100917515e-11
"ENSG00000130311","DDA1",0.340052962071936,0.000155368735650284,"DDA1",0.52393949757438,3.37590294685544e-13
"ENSG00000130396","AFDN",0.317538044144415,0.00266401204474838,"AFDN",0.183944890382808,0.0490123311736773
"ENSG00000130402","ACTN4",0.370779164949185,0.00420283434492406,"ACTN4",0.584666202565062,7.0995366914956e-08
"ENSG00000130449","ZSWIM6",0.500705419483229,8.67903801300948e-05,"ZSWIM6",0.341451309134487,0.00185858406922863
"ENSG00000130479","MAP1S",0.461332824195049,0.00284905117131436,"MAP1S",0.707243944789978,4.86716552669892e-08
"ENSG00000130513","GDF15",2.57389282016419,5.81896581606113e-31,"GDF15",2.97083470429526,1.39446656566946e-59
"ENSG00000130517","PGPEP1",1.30236858589471,2.45049561428553e-08,"PGPEP1",1.56847738969222,7.00218599631516e-15
"ENSG00000130545","CRB3",1.51855583324049,2.73125754076203e-07,"CRB3",2.29279709091003,5.1220583797879e-20
"ENSG00000130589","HELZ2",1.09945754765484,1.32330749388323e-10,"HELZ2",1.22218850220553,3.24363978691354e-19
"ENSG00000130590","SAMD10",0.686314189856844,1.25766525508932e-05,"SAMD10",1.14563439217569,2.01365244382509e-17
"ENSG00000130684","ZNF337",0.554131679954762,3.15375866520539e-05,"ZNF337",0.567234484851884,2.78269506540975e-07
"ENSG00000130724","CHMP2A",0.369310365525194,0.00266401204474838,"CHMP2A",0.222824584230604,0.0432695752058068
"ENSG00000130733","YIPF2",0.33025023014782,0.00938970253412158,"YIPF2",0.495194972472945,3.48516470023863e-06
"ENSG00000130766","SESN2",0.786345688521968,7.80726213713326e-06,"SESN2",0.667840288171069,2.1683452289667e-06
"ENSG00000130779","CLIP1",0.33383132171241,0.00113221311928272,"CLIP1",0.373894650362573,1.07059853281622e-05
"ENSG00000130787","HIP1R",0.58050495201542,0.00198365197273541,"HIP1R",0.696758275784369,1.0292085517853e-05
"ENSG00000130827","PLXNA3",0.697028167329582,0.000613221156118716,"PLXNA3",0.48929769192044,0.00478848758523064
"ENSG00000130940","CASZ1",0.339153219370781,0.0232819973911619,"CASZ1",0.897076288041758,1.08527733291684e-10
"ENSG00000130958","SLC35D2",0.6528972712347,4.97290698677722e-05,"SLC35D2",0.723360524962965,1.29723137822244e-07
"ENSG00000130962","PRRG1",0.447254813980902,7.1811725757096e-05,"PRRG1",0.316695502059384,0.00181597183093241
"ENSG00000130985","UBA1",0.278028182513645,0.0239702070121759,"UBA1",0.512397343838466,2.6873307711669e-07
"ENSG00000131015","ULBP2",0.916986033958472,0.0042277355702835,"ULBP2",1.41035050118662,2.39895656590478e-05
"ENSG00000131037","EPS8L1",1.9363127826406,4.69611461052301e-10,"EPS8L1",2.27237054441296,8.81794623725702e-13
"ENSG00000131080","EDA2R",1.02297096545263,2.79741109815742e-09,"EDA2R",1.25380508513922,2.24425917371002e-20
"ENSG00000131100","ATP6V1E1",0.195821054494424,0.0454476950775399,"ATP6V1E1",0.352475685024935,2.27633908854195e-06
"ENSG00000131165","CHMP1A",0.386528750620297,0.00212476919295844,"CHMP1A",0.269027897199904,0.0122695617814317
"ENSG00000131236","CAP1",0.647367216564131,1.99599945498763e-14,"CAP1",0.520976101419826,4.74336931210358e-14
"ENSG00000131503","ANKHD1",0.919534761149638,5.6193686742625e-07,"ANKHD1",1.23282448287006,2.41352003305313e-18
"ENSG00000131507","NDFIP1",0.240146226101305,0.00660262970077978,"NDFIP1",0.170585298197537,0.0224024994631515
"ENSG00000131669","NINJ1",0.408125724989806,0.000672312823540578,"NINJ1",0.550179385153568,3.17471188216246e-08
"ENSG00000131737","KRT34",1.67533506235977,0.000311499488115911,"KRT34",2.56209585167654,1.1288999413682e-09
"ENSG00000131876","SNRPA1",0.488924456178154,4.20022432176624e-05,"SNRPA1",0.445373891335813,5.87329669112386e-06
"ENSG00000131941","RHPN2",0.497983596732007,0.00995621052012191,"RHPN2",0.723845990233787,2.54625382867653e-05
"ENSG00000131966","ACTR10",0.38490277896092,0.0002470245625358,"ACTR10",0.415440626110949,2.29869897511879e-06
"ENSG00000132003","ZSWIM4",1.45341879417521,0.000251176727950342,"ZSWIM4",0.960354372917973,0.0011333475249823
"ENSG00000132155","RAF1",0.237339024973342,0.0454785216297811,"RAF1",0.236621915138265,0.0153159223650339
"ENSG00000132274","TRIM22",0.650011791800302,0.00288220564774848,"TRIM22",1.81042861094488,1.28236982624197e-15
"ENSG00000132359","RAP1GAP2",0.334021758794106,0.035213236998018,"RAP1GAP2",0.576003510143732,1.58369308506005e-05
"ENSG00000132376","INPP5K",0.317352006779598,0.048275642196577,"INPP5K",0.321641752755823,0.0270473754161655
"ENSG00000132471","WBP2",0.33614432179002,0.00844177163080064,"WBP2",0.83727422520869,2.69277955985272e-15
"ENSG00000132581","SDF2",0.295270343545562,0.0124075811261013,"SDF2",0.308205091282025,0.00172588136288402
"ENSG00000132612","VPS4A",0.249183525176118,0.00830869981318355,"VPS4A",0.177617421124182,0.0235691841546011
"ENSG00000132932","ATP8A2",1.0284908981591,0.00327756406752962,"ATP8A2",0.646798607582768,0.0122695617814317
"ENSG00000133131","MORC4",0.564169506816092,9.98344288459357e-08,"MORC4",0.468959223746314,5.85276346203515e-08
"ENSG00000133398","MED10",0.334337745823966,0.00106738356776108,"MED10",0.318642552837065,9.72937006458758e-05
"ENSG00000133639","BTG1",0.273465953836074,0.00748116017796145,"BTG1",1.12434636012546,8.95107360627879e-43
"ENSG00000133657","ATP13A3",0.521325024995145,5.35710263908804e-05,"ATP13A3",0.287500107672921,0.0100591798198126
"ENSG00000133985","TTC9",0.739910137526897,0.00887238500417303,"TTC9",1.68173541223033,2.67981589148508e-06
"ENSG00000134072","CAMK1",0.789962865364629,0.00173619914527784,"CAMK1",1.39773487368568,3.69790117279751e-06
"ENSG00000134153","EMC7",0.33544412556626,0.00538590409592994,"EMC7",0.483473895599118,8.40092164552319e-07
"ENSG00000134198","TSPAN2",0.691541983770552,0.0246891913317796,"TSPAN2",1.04333084930274,0.00476832257078079
"ENSG00000134291","TMEM106C",0.324796614143266,0.0126058344189667,"TMEM106C",0.406658512614443,0.00014236637745554
"ENSG00000134294","SLC38A2",0.691393210205964,1.25947764468474e-13,"SLC38A2",0.61366902865189,4.66005334343792e-16
"ENSG00000134574","DDB2",1.18998423496599,3.29905589904721e-27,"DDB2",0.981918468260605,1.56744801958545e-31
"ENSG00000134590","RTL8C",0.334727811196531,0.007401076778135,"RTL8C",0.492246558920034,2.41207649380846e-06
"ENSG00000134668","SPOCD1",2.2376993641727,5.09497899041008e-13,"SPOCD1",1.66118439531041,6.34282629909884e-14
"ENSG00000134755","DSC2",0.423655065137175,0.0130837868854688,"DSC2",1.0427383473449,1.37373846321429e-10
"ENSG00000134757","DSG3",0.392023580595348,0.0200717113073604,"DSG3",0.815468554426234,2.19589927557638e-07
"ENSG00000134762","DSC3",0.349651006125919,0.0105691881918779,"DSC3",0.541746270722384,2.70484554399007e-06
"ENSG00000134830","C5AR2",0.482314560268103,0.0393630283301383,"C5AR2",1.97564790501253,3.98340303435793e-12
"ENSG00000134986","NREP",1.09411067219484,3.89810764081042e-06,"NREP",0.816506801457403,3.85591059179832e-06
"ENSG00000135046","ANXA1",0.602703608102211,1.78311479249881e-06,"ANXA1",0.298911025613594,0.00555854903940312
"ENSG00000135048","CEMIP2",0.555158066141353,0.000149429566349986,"CEMIP2",0.979005613431046,6.76074789063585e-15
"ENSG00000135164","DMTF1",0.447765413120273,0.00520992967919414,"DMTF1",0.280503061209943,0.0479007072721685
"ENSG00000135423","GLS2",1.62641366904118,0.00117561517217561,"GLS2",1.98719991939182,2.76996436322638e-05
"ENSG00000135596","MICAL1",1.47945451418154,4.83520607457689e-12,"MICAL1",0.875942091525348,2.00970358666037e-07
"ENSG00000135597","REPS1",0.222661689246663,0.0142787238874383,"REPS1",0.435258941965233,2.15158853165071e-10
"ENSG00000135637","CCDC142",0.372685187233156,0.0379582653404019,"CCDC142",0.679452489615201,2.83619633036534e-05
"ENSG00000135679","MDM2",0.787113723907387,3.77437961811983e-06,"MDM2",1.27536221497999,3.21069229418183e-19
"ENSG00000135686","KLHL36",0.238496963673045,0.0221970677924167,"KLHL36",0.20240837489806,0.0214836101684014
"ENSG00000135723","FHOD1",0.414601696906822,0.0012234396912599,"FHOD1",0.390358558143834,0.000275487517611924
"ENSG00000135750","KCNK1",0.891621022653569,9.92006460450969e-07,"KCNK1",1.67974158033479,1.54317510523684e-28
"ENSG00000135899","SP110",0.609585408622427,4.02088205489268e-14,"SP110",0.633047692931083,5.92534064496222e-21
"ENSG00000135916","ITM2C",0.813425043616032,3.06817102419673e-05,"ITM2C",0.636424100443014,8.73196502032675e-05
"ENSG00000135919","SERPINE2",1.27901536424228,1.72284049692115e-13,"SERPINE2",1.17442410131233,8.72879118781446e-18
"ENSG00000135924","DNAJB2",0.663290654748188,0.000903351826270264,"DNAJB2",1.19601433269559,1.51333915065218e-11
"ENSG00000135926","TMBIM1",0.886341742125147,9.85521237920022e-11,"TMBIM1",0.796043832073948,4.49981894349375e-13
"ENSG00000135956","TMEM127",0.270309899136239,0.0433237663677779,"TMEM127",0.50534529708749,3.59185188767491e-06
"ENSG00000136003","ISCU",0.341196525512555,0.00227591414567937,"ISCU",0.569507259231004,3.59949498173421e-10
"ENSG00000136048","DRAM1",0.758241972365025,1.39875279383912e-08,"DRAM1",0.662924651369706,1.11563328607979e-09
"ENSG00000136068","FLNB",1.11900778108228,8.56417696820188e-14,"FLNB",0.972396986143237,1.55713200716644e-15
"ENSG00000136114","THSD1",0.58372705455009,0.000715039910178953,"THSD1",0.347074289096502,0.0123747405842989
"ENSG00000136152","COG3",0.463085466102185,0.00793954726209695,"COG3",0.418512405946547,0.00406204519835853
"ENSG00000136153","LMO7",1.52798903333167,3.08359896585676e-16,"LMO7",2.06872809737893,2.27935977559909e-38
"ENSG00000136155","SCEL",0.938755108169485,7.88100444350596e-07,"SCEL",1.32968957392422,2.70000448762808e-15
"ENSG00000136156","ITM2B",0.531125458410264,7.99296699672917e-09,"ITM2B",0.492406484551918,1.08527733291684e-10
"ENSG00000136167","LCP1",0.751205330390299,3.78569394986207e-06,"LCP1",0.780847281480108,3.76752639265507e-09
"ENSG00000136244","IL6",2.25970709674185,0.000154435644629198,"IL6",1.27417380008966,0.000202679946376554
"ENSG00000136273","HUS1",0.415251058520113,0.00141745262209806,"HUS1",0.691306428767527,9.34526276893833e-11
"ENSG00000136295","TTYH3",1.06404897950644,1.80052193140452e-12,"TTYH3",0.578685452377835,1.14115065122164e-06
"ENSG00000136378","ADAMTS7",1.4649506602964,0.00137712014581348,"ADAMTS7",1.07310560575692,0.00480683054770055
"ENSG00000136492","BRIP1",0.630387771980534,3.30559545687787e-06,"BRIP1",0.313829916014405,0.00342477112352231
"ENSG00000136689","IL1RN",0.759916094459073,0.000799794740105243,"IL1RN",2.38505807222122,2.02641890614865e-25
"ENSG00000136717","BIN1",0.409268075591309,0.0152172503298387,"BIN1",0.50647992182083,0.000363573432025786
"ENSG00000136754","ABI1",0.394773802782964,0.000128596838107304,"ABI1",0.477260605460255,2.87250956210823e-08
"ENSG00000136802","LRRC8A",0.506983305802811,5.29019762502893e-05,"LRRC8A",0.842451899697826,2.20914151640805e-16
"ENSG00000136826","KLF4",0.361972385642296,0.0238383211749685,"KLF4",1.07662158500092,5.04709630073821e-13
"ENSG00000136830","NIBAN2",0.621212814313274,1.57010341348414e-09,"NIBAN2",0.72696929300886,1.03544699439109e-17
"ENSG00000136867","SLC31A2",1.26586756680025,1.28141366255427e-10,"SLC31A2",1.10958812002645,1.79816714835998e-12
"ENSG00000136869","TLR4",2.48372507944656,1.44471700544991e-06,"TLR4",1.42712832058725,4.86217843219289e-07
"ENSG00000136943","CTSV",0.395446288581061,0.00288220564774848,"CTSV",0.434217494961951,0.000146471657166965
"ENSG00000137145","DENND4C",0.434777260863713,0.000182155149425633,"DENND4C",0.498353773835446,3.55433588947362e-07
"ENSG00000137177","KIF13A",0.646268634081347,5.69980782175967e-06,"KIF13A",0.563937316618693,1.48053066288607e-06
"ENSG00000137193","PIM1",1.06919694921092,2.97686403561217e-08,"PIM1",0.520199338897261,0.000635789523658035
"ENSG00000137207","YIPF3",0.299182288622928,0.00885565243363902,"YIPF3",0.272265232518185,0.00492843855535998
"ENSG00000137267","TUBB2A",0.958952771285441,2.27837914630324e-08,"TUBB2A",1.23066265973839,1.63149443241104e-18
"ENSG00000137312","FLOT1",0.309900878073781,0.0348311843567139,"FLOT1",0.308058165849287,0.0190472163539054
"ENSG00000137331","IER3",1.05434006257111,6.27960488226868e-15,"IER3",0.801118247539031,1.93215706907061e-13
"ENSG00000137364","TPMT",0.80375026701807,2.08276245018497e-08,"TPMT",0.855551947917683,2.41407562852805e-13
"ENSG00000137449","CPEB2",0.569043770140392,0.0158588793577945,"CPEB2",0.51789709326693,0.0133420867389299
"ENSG00000137500","CCDC90B",0.461011458191951,0.000560878464445752,"CCDC90B",0.346532691090415,0.00259216192715859
"ENSG00000137575","SDCBP",0.382479161114537,0.00198773216190565,"SDCBP",0.684739976659581,3.06263309230117e-11
"ENSG00000137709","POU2F3",1.66084730834712,4.90665317798032e-05,"POU2F3",2.52650525121999,1.17335430660496e-11
"ENSG00000137767","SQOR",0.46907468920323,0.000135952072150521,"SQOR",0.647027048897595,2.94996922010487e-10
"ENSG00000137801","THBS1",2.03570120910861,4.77891191552387e-10,"THBS1",0.741345172035558,0.00172373494262535
"ENSG00000137802","MAPKBP1",0.555107365034936,0.00137674138031685,"MAPKBP1",0.771185233980607,1.49807036988927e-07
"ENSG00000137936","BCAR3",0.928425103278985,9.09725911619433e-14,"BCAR3",0.608654667881608,1.65794250410673e-10
"ENSG00000137962","ARHGAP29",0.859989211782558,0.000254724331865875,"ARHGAP29",1.08130022209021,1.07605237749754e-07
"ENSG00000137996","RTCA",0.355612807094613,0.00100251133654307,"RTCA",0.514690588061599,6.64111933850015e-09
"ENSG00000138119","MYOF",0.319407917227602,0.014022497776785,"MYOF",0.355088708087695,0.00151015347135074
"ENSG00000138166","DUSP5",1.51412801174256,5.38190752425615e-15,"DUSP5",1.37952827379753,4.32868348295104e-20
"ENSG00000138271","GPR87",0.474514793669172,0.00214532684932718,"GPR87",0.652746449738981,7.62928373396878e-07
"ENSG00000138356","AOX1",0.768592480137439,3.36178585437207e-05,"AOX1",0.501592912454295,0.000935742752167462
"ENSG00000138593","SECISBP2L",0.314597288553448,0.0183663627295524,"SECISBP2L",0.294802838997318,0.0132383247842446
"ENSG00000138594","TMOD3",0.451216236316168,1.18124535018939e-05,"TMOD3",0.451088175607906,1.31959751600862e-07
"ENSG00000138613","APH1B",0.42518257818501,0.0301937534051023,"APH1B",0.452304811593534,0.017102646377733
"ENSG00000138623","SEMA7A",1.3795617313719,4.1542760466581e-07,"SEMA7A",0.537401060767559,0.0025120325231291
"ENSG00000138686","BBS7",0.35589434222804,0.00185280227772556,"BBS7",0.295276754350681,0.00258726206229111
"ENSG00000138760","SCARB2",0.311403228637769,0.00183620322033075,"SCARB2",0.371515760428362,5.82185582835786e-06
"ENSG00000138771","SHROOM3",0.336741285101406,0.00403305324302475,"SHROOM3",0.867934614087325,3.79488502497643e-19
"ENSG00000138772","ANXA3",0.888844778604952,1.70969497841296e-06,"ANXA3",0.32425142547438,0.0305709095554649
"ENSG00000138794","CASP6",0.308312079775886,0.00428227505331461,"CASP6",0.457379473738144,1.26669168213536e-07
"ENSG00000138834","MAPK8IP3",0.861410659062763,0.000105586152518167,"MAPK8IP3",1.66064990277367,3.85537788670843e-17
"ENSG00000139278","GLIPR1",0.753638900107476,5.82175510141497e-06,"GLIPR1",0.298049041966419,0.0290901381692055
"ENSG00000139433","GLTP",0.430820805788151,0.00257146581324616,"GLTP",0.383063924276129,0.00198150914832983
"ENSG00000139508","SLC46A3",1.81971446388715,1.03947330958699e-09,"SLC46A3",1.77518401394314,1.24478376921522e-13
"ENSG00000139644","TMBIM6",0.289788127477596,0.000616079987748269,"TMBIM6",0.290944328556643,2.46448635628178e-05
"ENSG00000139722","VPS37B",0.53497295744144,1.64706489140843e-05,"VPS37B",0.60503426126721,1.44454144192968e-09
"ENSG00000139725","RHOF",1.25782459036009,2.19825507428839e-16,"RHOF",1.27724763391131,6.7876787095126e-25
"ENSG00000139793","MBNL2",0.301824558741869,0.0233764849433256,"MBNL2",0.340777064032285,0.0024446673372896
"ENSG00000139926","FRMD6",0.456979239297233,0.00222293096320179,"FRMD6",0.68684668144237,6.45946869423446e-08
"ENSG00000140199","SLC12A6",0.837671264982317,6.24574037346027e-10,"SLC12A6",1.15458094521474,4.21789468812127e-23
"ENSG00000140297","GCNT3",1.60665275359775,5.58834728756922e-05,"GCNT3",3.76231687149194,1.42771653207351e-13
"ENSG00000140464","PML",0.413719920342842,0.000304431485174334,"PML",0.652526705976946,4.12212985234373e-12
"ENSG00000140497","SCAMP2",0.24450254502605,0.0496001453970932,"SCAMP2",0.509337935814969,3.81456890441708e-07
"ENSG00000140521","POLG",0.349956597614341,0.00192714528792379,"POLG",0.522703561348612,5.69631680605286e-09
"ENSG00000140553","UNC45A",0.355826812382502,9.48397940078336e-05,"UNC45A",0.620882170194709,3.99290520104744e-17
"ENSG00000140575","IQGAP1",0.388146722288391,1.79181284364622e-06,"IQGAP1",0.30921477923398,5.5430412817519e-06
"ENSG00000140682","TGFB1I1",1.71529561356926,4.27202384060398e-14,"TGFB1I1",0.643690638459083,6.07837414289826e-05
"ENSG00000140848","CPNE2",0.6842281347483,1.63869359711301e-06,"CPNE2",0.38310222875494,0.000423222238540419
"ENSG00000140859","KIFC3",0.63555327127959,2.84838465374025e-06,"KIFC3",0.325116176405262,0.00248043045219092
"ENSG00000140931","CMTM3",1.44834575710992,0.000115599305681314,"CMTM3",0.743068322769183,0.000958747731439054
"ENSG00000140950","MEAK7",0.34512927108002,0.000613221156118716,"MEAK7",0.256308894444997,0.00289197475123705
"ENSG00000140995","DEF8",0.365071419702004,0.000562002719037422,"DEF8",0.319045793644562,0.000301857779208663
"ENSG00000141279","NPEPPS",0.368306400458058,2.32194396669209e-06,"NPEPPS",0.458256928940044,9.55231252104181e-13
"ENSG00000141298","SSH2",0.307166753333552,0.017743834632702,"SSH2",0.299331652128255,0.0073746213684356
"ENSG00000141424","SLC39A6",0.346332441662995,1.82781003865774e-05,"SLC39A6",0.618978409712591,1.55735852801118e-21
"ENSG00000141452","RMC1",0.322606518304612,0.034785491246043,"RMC1",0.462073394647763,0.000351384501410875
"ENSG00000141458","NPC1",0.720148020728406,2.12572243520106e-07,"NPC1",0.878754017150891,5.21116407002843e-15
"ENSG00000141480","ARRB2",0.273330393380533,0.034323001827631,"ARRB2",0.35377753003293,0.000865420936688469
"ENSG00000141503","MINK1",0.354145148277068,0.0314743001871944,"MINK1",0.516391462900625,0.00047742180733516
"ENSG00000141524","TMC6",1.24052770878711,3.61346368683653e-05,"TMC6",1.56919922629672,2.03418734513666e-08
"ENSG00000141574","SECTM1",0.419525979688212,0.00315321685819251,"SECTM1",1.36940880996864,2.80605084626738e-26
"ENSG00000141682","PMAIP1",1.14962896878237,4.58774945101611e-12,"PMAIP1",0.489514002383081,1.59438380875609e-05
"ENSG00000141738","GRB7",1.96888095973673,7.21133150824474e-15,"GRB7",1.93588109778477,4.74780540603396e-24
"ENSG00000141741","MIEN1",0.294894158131908,0.0116978203712284,"MIEN1",0.450296354256644,2.07213678325929e-06
"ENSG00000141934","PLPP2",0.584555887968271,2.03206852987268e-07,"PLPP2",0.367866070232609,4.07098043952497e-05
"ENSG00000142166","IFNAR1",0.219248381287444,0.0361434076714967,"IFNAR1",0.359224826122617,6.38678818233328e-06
"ENSG00000142273","CBLC",0.57044120970459,0.00210253675083755,"CBLC",0.370413724109385,0.0224320175775994
"ENSG00000142279","WTIP",1.08897192380922,2.84212641058343e-05,"WTIP",0.623372073268207,0.000985743278088952
"ENSG00000142507","PSMB6",0.163442049906437,0.0488272537868584,"PSMB6",0.353909136019363,4.18485157882725e-09
"ENSG00000142546","NOSIP",0.391811935207984,0.00109652756289197,"NOSIP",0.460898096291498,3.08957576542054e-06
"ENSG00000142619","PADI3",0.811609959010444,0.013084579581543,"PADI3",0.592107050116519,0.0383738341408228
"ENSG00000142623","PADI1",2.12265514101053,1.08734761386491e-09,"PADI1",3.22424867854159,1.47743080913435e-26
"ENSG00000142627","EPHA2",1.05531339259054,1.33260355683946e-13,"EPHA2",0.84303760205001,9.21991178372007e-14
"ENSG00000142634","EFHD2",0.469519173107616,0.000209232573238511,"EFHD2",0.321477362529338,0.00306733277975607
"ENSG00000142669","SH3BGRL3",0.692487948626558,6.63196732345641e-13,"SH3BGRL3",0.446593074003489,1.57572077305055e-08
"ENSG00000142871","CCN1",2.06360867656497,9.79678374699391e-19,"CCN1",1.786744957904,1.03760346943164e-20
"ENSG00000142910","TINAGL1",0.922924240265095,1.0887862505423e-06,"TINAGL1",0.375128622402179,0.0123036968147323
"ENSG00000143079","CTTNBP2NL",0.617398735393024,7.6642605492749e-07,"CTTNBP2NL",0.524680135129444,2.91045942638492e-07
"ENSG00000143183","TMCO1",0.289613554277692,0.00139431202574896,"TMCO1",0.240883150876649,0.00142446658458208
"ENSG00000143217","NECTIN4",0.821862381959282,9.2945556732168e-05,"NECTIN4",1.73096387449623,2.01303572637627e-21
"ENSG00000143226","FCGR2A",1.06533480706217,0.00468210129703072,"FCGR2A",0.917058189784627,0.0249623860283877
"ENSG00000143315","PIGM",0.292064223649464,0.00454049252273316,"PIGM",0.203316058706441,0.0211161192064669
"ENSG00000143320","CRABP2",0.542139949429003,0.0341083261856332,"CRABP2",0.692421467505362,0.00844059002259758
"ENSG00000143322","ABL2",0.850116488809134,6.77099442028553e-11,"ABL2",1.04009568596403,8.17167807667949e-23
"ENSG00000143367","TUFT1",1.27328424451277,3.80335792231483e-09,"TUFT1",1.27905296640034,5.6994751289166e-13
"ENSG00000143369","ECM1",1.3770881701571,4.57960104082927e-06,"ECM1",0.982823077401995,4.02670164918996e-06
"ENSG00000143469","SYT14",0.583210257064512,0.00294531221657268,"SYT14",1.37235027220072,4.18536473540974e-13
"ENSG00000143493","INTS7",0.253426704121442,0.0435427876982029,"INTS7",0.418188511012295,2.80346237237193e-05
"ENSG00000143502","SUSD4",1.79332315412667,0.000536364535360499,"SUSD4",0.77986725364808,0.005959017367187
"ENSG00000143514","TP53BP2",0.299249844819254,0.00674541745713727,"TP53BP2",0.4547011645232,2.80333797506825e-07
"ENSG00000143631","FLG",0.788425808867486,0.021257001850141,"FLG",1.28298936061095,0.00702826783575725
"ENSG00000143740","SNAP47",0.339750769392167,0.00660643013326291,"SNAP47",0.483023089026146,2.03070594385075e-06
"ENSG00000143771","CNIH4",0.29531687357538,0.0275738156881758,"CNIH4",0.303945965406511,0.00794410167567827
"ENSG00000143816","WNT9A",2.48559326464882,2.77115525200073e-13,"WNT9A",3.21203881254393,8.22439545365498e-27
"ENSG00000143819","EPHX1",0.608467859401219,0.0048829436882059,"EPHX1",0.748861601174252,9.39513740510787e-05
"ENSG00000143842","SOX13",0.72453603111924,0.000214869528923488,"SOX13",0.969527554537509,1.13775745765036e-08
"ENSG00000143850","PLEKHA6",0.795589224590247,7.65097915719234e-06,"PLEKHA6",2.18434272168068,2.75706001007147e-40
"ENSG00000143862","ARL8A",0.394566727629967,0.00933288370323762,"ARL8A",0.654430534285049,6.55444225261336e-07
"ENSG00000143933","CALM2",0.49396087559854,6.18764380471047e-07,"CALM2",0.276119475929317,0.00114791259326324
"ENSG00000144048","DUSP11",0.523389754329183,0.00049648083349838,"DUSP11",0.565504002997567,7.294784110964e-06
"ENSG00000144118","RALB",0.566191834069027,1.07442722067025e-06,"RALB",0.376842816214199,9.08420071122919e-05
"ENSG00000144583","MARCHF4",1.59147623666087,1.1135267589338e-05,"MARCHF4",1.00555573397984,5.76278188288124e-06
"ENSG00000144591","GMPPA",0.362935054263768,0.00711813659404715,"GMPPA",0.594014306196517,5.54817377110937e-08
"ENSG00000144645","OSBPL10",0.428495986996928,4.96957214323204e-05,"OSBPL10",0.445455996060415,2.49232220064601e-07
"ENSG00000144655","CSRNP1",0.702936489069793,0.000492095892275506,"CSRNP1",1.15976788267443,4.60008098776018e-11
"ENSG00000144824","PHLDB2",0.721370399388357,5.9680050226995e-10,"PHLDB2",0.706563797766689,7.24670785398153e-14
"ENSG00000144959","NCEH1",0.720530699707316,1.69119901674157e-06,"NCEH1",0.374647604432231,0.00204701907079733
"ENSG00000145284","SCD5",0.303950085587869,0.00692734337539018,"SCD5",0.486328456957915,2.34113923008881e-07
"ENSG00000145495","MARCHF6",0.248263298167626,0.00358349988284629,"MARCHF6",0.276260844973173,5.19719848821048e-05
"ENSG00000145623","OSMR",0.536838428029101,0.00014101521720546,"OSMR",0.372513727161723,0.00114589649142351
"ENSG00000145632","PLK2",1.23888028099455,6.15694756883294e-21,"PLK2",1.51924446739699,1.35302309199855e-43
"ENSG00000145861","C1QTNF2",1.9854046498381,0.000241765539993457,"C1QTNF2",1.11233027347319,0.00372406107945514
"ENSG00000145901","TNIP1",0.415312688598033,7.67656290083238e-05,"TNIP1",0.522310927381488,1.21647329958495e-09
"ENSG00000145979","TBC1D7",0.588610445050074,0.000145967258108064,"TBC1D7",0.368169825207549,0.00344300012563488
"ENSG00000145990","GFOD1",0.378626583211627,0.00277091159641775,"GFOD1",0.601008006635259,1.18843486257476e-08
"ENSG00000146112","PPP1R18",0.471395045811838,0.000122615586196774,"PPP1R18",0.36998856359347,0.000294943091994734
"ENSG00000146232","NFKBIE",0.693642520991028,0.00199417735121438,"NFKBIE",0.431415584892673,0.0156108131956001
"ENSG00000146386","ABRACL",0.443200162619563,0.000227405515330743,"ABRACL",0.307253324129563,0.00301778941813842
"ENSG00000146966","DENND2A",1.91049591205012,0.000773299910982985,"DENND2A",3.43872542047191,2.73589972453408e-07
"ENSG00000147123","NDUFB11",0.245140699348881,0.00259126532726271,"NDUFB11",0.20854132848354,0.00181597183093241
"ENSG00000147144","CCDC120",0.784651727752044,0.000524882731455719,"CCDC120",1.04321082456823,4.29328772822613e-07
"ENSG00000147459","DOCK5",0.521836790754716,8.8848403804018e-06,"DOCK5",0.234018045887141,0.0261513541682193
"ENSG00000147509","RGS20",0.396545124632984,0.00932201926205047,"RGS20",0.457079409451484,0.000499283921128533
"ENSG00000147526","TACC1",0.760467566118134,1.39107148622531e-10,"TACC1",0.833917864704609,2.70950365500554e-18
"ENSG00000147676","MAL2",0.532090522869666,4.19857442045976e-07,"MAL2",0.773415002877659,9.34470184488595e-19
"ENSG00000147697","GSDMC",0.805492395680128,0.0107772510329674,"GSDMC",1.2599839100993,0.000435673067785146
"ENSG00000147813","NAPRT",0.601198162695439,0.000438318972180079,"NAPRT",0.631429161446666,9.99485723448743e-06
"ENSG00000148154","UGCG",0.305065323694732,0.0081348453949341,"UGCG",0.536479268599383,1.07597631574973e-08
"ENSG00000148219","ASTN2",0.87989429267599,0.000330548053817429,"ASTN2",1.0968436259591,1.24147240696535e-07
"ENSG00000148358","GPR107",0.314785965902665,0.00608711031398951,"GPR107",0.438552791477966,3.82695814920595e-06
"ENSG00000148400","NOTCH1",0.555330958899073,0.00370776485879995,"NOTCH1",0.807777557133211,2.39588502962574e-06
"ENSG00000148444","COMMD3",0.347603586371629,0.0239314558853806,"COMMD3",0.403199846384126,0.0027599598835365
"ENSG00000148634","HERC4",0.26076599189507,0.0388619279871189,"HERC4",0.459263546471931,8.05016610646882e-06
"ENSG00000148677","ANKRD1",2.39266168743465,5.21718419043451e-06,"ANKRD1",4.24946455727142,2.92507143663443e-19
"ENSG00000148908","RGS10",0.336395857973901,0.00682896856194917,"RGS10",0.3669800601093,0.00043272578390447
"ENSG00000148925","BTBD10",0.61238589792859,4.85331332247262e-09,"BTBD10",0.642419095735064,1.84831212933325e-14
"ENSG00000148926","ADM",0.728452732856374,5.51845755836337e-06,"ADM",1.0116879387811,4.60799346002186e-14
"ENSG00000149357","LAMTOR1",0.23353529559695,0.0137584495424984,"LAMTOR1",0.169387155395597,0.0337780294258545
"ENSG00000149418","ST14",0.771392745483433,1.10773318115019e-07,"ST14",1.57137775039951,1.87437731774299e-35
"ENSG00000149485","FADS1",0.271895314571041,0.013927747843468,"FADS1",0.272805951065571,0.00278989025026511
"ENSG00000149527","PLCH2",0.471323244493512,0.0322959530098606,"PLCH2",0.715015836166502,0.00142446658458208
"ENSG00000149547","EI24",0.401143373769737,2.52777695931216e-05,"EI24",0.44465577818866,1.23174514108333e-08
"ENSG00000149636","DSN1",0.422653435623474,0.00415985097392264,"DSN1",0.27950667424486,0.0319631715361069
"ENSG00000149743","TRPT1",0.416348401547366,0.00320978216083368,"TRPT1",0.737194378245719,8.64597360533718e-10
"ENSG00000149792","MRPL49",0.369301053020398,0.00571695739723042,"MRPL49",0.615492824912592,1.47873902174387e-08
"ENSG00000149806","FAU",0.283930559525386,0.000987897602613522,"FAU",0.283441658860271,5.7234800162287e-05
"ENSG00000149809","TM7SF2",0.993406780411261,0.000767606987259011,"TM7SF2",1.96876509440123,1.86319573055631e-09
"ENSG00000150938","CRIM1",0.306992811200645,0.0315347326731604,"CRIM1",0.374742305368068,0.00222332187443324
"ENSG00000150967","ABCB9",1.09329282346359,3.67017554020955e-05,"ABCB9",1.68054899817143,5.03521560660028e-15
"ENSG00000150991","UBC",0.335197545920264,2.94312412684025e-05,"UBC",0.529998548887158,1.82170654587467e-16
"ENSG00000151131","NOPCHAP1",0.368548260524485,0.000493917413382933,"NOPCHAP1",0.405904462069215,2.26929801474915e-06
"ENSG00000151233","GXYLT1",0.356100106773038,0.000166720510093052,"GXYLT1",0.285154099067394,0.000254408503322739
"ENSG00000151327","FAM177A1",0.292133838857349,0.00155137658735108,"FAM177A1",0.216734077777331,0.00553087832730003
"ENSG00000151348","EXT2",0.274388266871652,0.0093715447508339,"EXT2",0.300849106789566,0.000393213598442821
"ENSG00000151491","EPS8",0.570114002494505,0.000739421998363313,"EPS8",0.823231630769749,2.09506369408722e-08
"ENSG00000151651","ADAM8",2.28841680102043,3.52882647565265e-10,"ADAM8",2.55676487501179,1.49575097403785e-18
"ENSG00000151689","INPP1",0.509018509814141,4.23688673672796e-05,"INPP1",0.520816597025784,3.73335236504737e-07
"ENSG00000151729","SLC25A4",0.398173166114209,0.00137753852073271,"SLC25A4",0.475676905173317,6.14137496843643e-06
"ENSG00000151773","CCDC122",0.42178859576763,0.0221779317676144,"CCDC122",0.412687829593315,0.0145119874850481
"ENSG00000151882","CCL28",0.463953407553388,0.0405372999835965,"CCL28",0.559285036826137,0.0157898499497546
"ENSG00000151893","CACUL1",0.281647250471826,8.57247942873741e-05,"CACUL1",0.340676208323004,2.01118368706397e-09
"ENSG00000151967","SCHIP1",0.713314341238122,0.0182321548754331,"SCHIP1",0.949966067713059,0.00209704199504061
"ENSG00000152229","PSTPIP2",0.786774076139136,1.37563725780333e-09,"PSTPIP2",0.922027017591323,2.17619277294957e-18
"ENSG00000152242","ARK2N",0.470340416310522,0.000249631192616999,"ARK2N",0.253004081361914,0.0222331012023223
"ENSG00000152492","CCDC50",0.190126251927963,0.0453001517686085,"CCDC50",0.240476163144896,0.000963878455909405
"ENSG00000152518","ZFP36L2",0.662990741860481,3.22544284479871e-05,"ZFP36L2",0.678197451473058,2.37513434053692e-07
"ENSG00000153029","MR1",0.413853356600502,0.0329669942731107,"MR1",1.05874195064016,7.58910323268389e-08
"ENSG00000153113",NA,0.167897934311167,0.043063338833741,NA,0.188085007182232,0.00365296089787051
"ENSG00000153179","RASSF3",0.322741933351871,0.0180758053109391,"RASSF3",0.402556292434053,0.00040925386509069
"ENSG00000153214","TMEM87B",0.391179429436773,0.00307589144715334,"TMEM87B",0.618536152864137,3.83986689466012e-08
"ENSG00000153233","PTPRR",0.989354971212511,0.00909967638778947,"PTPRR",2.56515302383442,5.31195092243443e-11
"ENSG00000153250","RBMS1",0.360137917641636,0.000229938814114333,"RBMS1",0.336053963685815,3.26355481240297e-05
"ENSG00000153292","ADGRF1",2.04423540213059,8.8451181613827e-12,"ADGRF1",2.93118395687684,1.89951332508003e-17
"ENSG00000153317","ASAP1",0.25727694347286,0.0191667372112091,"ASAP1",0.268404752237277,0.00238431532859846
"ENSG00000153443","UBALD1",0.418289872924989,0.00190135658464911,"UBALD1",0.543584007498583,1.18492169262774e-06
"ENSG00000153531","ADPRHL1",1.396802745545,0.000390609451220624,"ADPRHL1",2.54573063630762,1.4563418513194e-13
"ENSG00000153786","ZDHHC7",0.265411910559404,0.0463835365210787,"ZDHHC7",0.615838817100935,1.43067002205083e-08
"ENSG00000153815","CMIP",0.470539181867836,9.51615723742488e-06,"CMIP",0.349668276775261,9.0545505463428e-05
"ENSG00000153904","DDAH1",0.634256234440193,0.00134653295683619,"DDAH1",0.685520728180573,4.63118791682878e-05
"ENSG00000154040","CABYR",0.695624031575786,0.000971983496191247,"CABYR",1.22241834911867,1.57035685570797e-11
"ENSG00000154127","UBASH3B",0.477328273135197,0.000431147083249213,"UBASH3B",0.389612013717475,0.000599875748255807
"ENSG00000154133","ROBO4",1.5803940931794,0.00131185829177105,"ROBO4",1.04470791638453,0.00421698679856285
"ENSG00000154309","DISP1",0.294127994128787,0.0489946969321739,"DISP1",0.287145095156169,0.0328597860813513
"ENSG00000154447","SH3RF1",0.512720103449297,0.000339519515303867,"SH3RF1",0.72849092433604,6.42560648530877e-10
"ENSG00000154640","BTG3",0.340547456792298,0.00621171173079314,"BTG3",0.261187615842455,0.0138712355871388
"ENSG00000154642","C21orf91",0.483436715271529,0.000306442517971828,"C21orf91",0.585426301562288,1.0126005736744e-07
"ENSG00000154764","WNT7A",1.30626929660963,0.00216332679218588,"WNT7A",0.808820594344927,0.00614383480057123
"ENSG00000154767","XPC",0.247331333511951,0.0440260724066821,"XPC",0.390987196004344,8.54390749542338e-05
"ENSG00000154803","FLCN",0.489082726906675,0.00145659407754048,"FLCN",0.573142236586378,7.23611955525393e-06
"ENSG00000154978","VOPP1",0.609623657285528,6.24348147617982e-07,"VOPP1",0.494739097584203,4.4545229756638e-07
"ENSG00000155034","FBXL18",1.17535315614545,8.91960636462405e-17,"FBXL18",1.33601551776062,9.27298627228076e-31
"ENSG00000155097","ATP6V1C1",0.323438440617936,0.00748421497354513,"ATP6V1C1",0.314153824093375,0.00137399734730166
"ENSG00000155115","GTF3C6",0.208429712609879,0.0254970747717993,"GTF3C6",0.168077993324646,0.0294459063521811
"ENSG00000155252","PI4K2A",0.307504846082342,0.0337548834512369,"PI4K2A",0.45045074742995,0.00016344066635585
"ENSG00000155324","GRAMD2B",0.931333710537086,4.61153037552273e-05,"GRAMD2B",1.60854331137598,3.314980420876e-16
"ENSG00000155363","MOV10",0.560386014399749,0.000150588201618472,"MOV10",0.532061337941322,1.57244204365607e-05
"ENSG00000155366","RHOC",0.866035997926576,1.48186461933809e-10,"RHOC",0.623120033526362,8.7319378240932e-09
"ENSG00000156453","PCDH1",1.78194635672719,4.33826776368697e-10,"PCDH1",1.18633038267821,2.7793492540053e-07
"ENSG00000156711","MAPK13",1.68382118445675,7.60289534216173e-13,"MAPK13",1.78176071742395,1.01534947906043e-18
"ENSG00000157045","NTAN1",0.309525088260101,0.0197492840184265,"NTAN1",0.312553331179243,0.0059827864448223
"ENSG00000157110","RBPMS",0.414575283262483,0.00402819853599296,"RBPMS",0.390890840893758,0.00293848640283935
"ENSG00000157168","NRG1",0.893085243420057,1.69119901674157e-06,"NRG1",0.620167870292686,5.52030812965995e-06
"ENSG00000157379","DHRS1",0.38598720166591,0.00141745262209806,"DHRS1",0.552628409443041,1.0135029799935e-07
"ENSG00000157483","MYO1E",0.677879510604645,2.4408497621673e-10,"MYO1E",0.794154567318264,1.01563208256781e-19
"ENSG00000158055","GRHL3",0.851546269436058,0.00687612061077819,"GRHL3",2.64493639292742,2.11471395482891e-10
"ENSG00000158125","XDH",0.595838316007422,0.00134834854227816,"XDH",0.310913561768802,0.0466598205788925
"ENSG00000158301","GPRASP2",0.458075737133559,0.0361094882609369,"GPRASP2",0.684902984058934,0.00174673369783639
"ENSG00000158373","H2BC5",0.446792851067094,0.0289389415246285,"H2BC5",0.421219331793803,0.0402894103050412
"ENSG00000158793","NIT1",0.404621387471658,0.00577482462129299,"NIT1",0.511879208553901,3.32840275807837e-05
"ENSG00000158828","PINK1",0.266494656474016,0.0115047476026571,"PINK1",0.610465457206824,8.00969343926951e-13
"ENSG00000158856","DMTN",0.577777961391885,0.0135031998608172,"DMTN",0.83035382718891,0.000307384955683855
"ENSG00000158869","FCER1G",1.46678435606165,0.00109364107673818,"FCER1G",1.45949964573,0.000103304583251517
"ENSG00000159128","IFNGR2",0.281625162025246,0.0209483051270327,"IFNGR2",0.437733646125007,4.19217549839909e-06
"ENSG00000159147","DONSON",0.528480723098893,1.83401014645724e-05,"DONSON",0.385688547732652,0.000100020130128822
"ENSG00000159176","CSRP1",1.2423717008171,5.07884020861526e-22,"CSRP1",0.746405213438554,8.19934667661879e-13
"ENSG00000159214","CCDC24",0.983678948314936,0.00091533459065735,"CCDC24",1.42971150366384,9.41959537237493e-08
"ENSG00000159216","RUNX1",0.421073740598718,0.00038011782721557,"RUNX1",0.633309575930691,3.94939006081322e-11
"ENSG00000159346","ADIPOR1",0.314145574499699,0.00297856826358012,"ADIPOR1",0.322269551221639,0.00029258260614751
"ENSG00000159348","CYB5R1",1.01224132957079,7.92761748313705e-13,"CYB5R1",1.51213702921372,3.90884861256207e-38
"ENSG00000159352","PSMD4",0.215189649550037,0.0308268381505654,"PSMD4",0.362574866092705,2.39099555956888e-06
"ENSG00000159363","ATP13A2",0.442205071578307,0.00334089286573649,"ATP13A2",0.312586149563472,0.0212366713759387
"ENSG00000159377","PSMB4",0.340021424229389,0.00187176996756961,"PSMB4",0.223184826336704,0.019318071250191
"ENSG00000159388","BTG2",1.09044856980048,3.69733663580482e-07,"BTG2",1.73439870536224,8.5938838873669e-22
"ENSG00000159788","RGS12",0.488910979863072,0.000317124140826474,"RGS12",1.17510185071776,1.05788767426846e-23
"ENSG00000159840","ZYX",0.713680086269891,6.86921331802326e-07,"ZYX",0.712674089968228,9.96139244066718e-10
"ENSG00000159884","CCDC107",0.967715620675283,4.76130887151173e-08,"CCDC107",0.917161150894831,4.18386071696539e-12
"ENSG00000160058","BSDC1",0.291439240430253,0.0429234823934104,"BSDC1",0.471035316917105,0.000159073131789356
"ENSG00000160255","ITGB2",0.474265774975522,0.0117249633133261,"ITGB2",0.945035913923189,1.60394351627812e-07
"ENSG00000160310","PRMT2",0.283972066422125,0.00440363309348821,"PRMT2",0.474383932244772,2.13200011184996e-09
"ENSG00000160753","RUSC1",0.261357081490936,0.0366714689302245,"RUSC1",0.61678196202569,6.11589181478507e-10
"ENSG00000160789","LMNA",0.595419891963452,2.22032576835475e-06,"LMNA",0.904089600605932,3.7337359546052e-18
"ENSG00000160886","LY6K",0.49813493312763,0.000734363396546965,"LY6K",0.684247850335496,4.17288788965933e-08
"ENSG00000160932","LY6E",0.268583858570116,0.00658407681218521,"LY6E",0.249773315076321,0.00209877045054536
"ENSG00000161091","MFSD12",0.376156704813609,0.0173543103469236,"MFSD12",1.00799151847048,1.27161925944136e-12
"ENSG00000161202","DVL3",0.47782369688326,2.11404483747258e-05,"DVL3",0.696181110551308,1.25502868236126e-14
"ENSG00000161513","FDXR",1.8994855900799,5.12682980096987e-25,"FDXR",2.48428541078984,3.6571403854675e-62
"ENSG00000161542","PRPSAP1",0.282649425865704,0.00572562686128077,"PRPSAP1",0.373719544927849,2.93786937782844e-06
"ENSG00000161544","CYGB",2.04637248105029,1.09794841591839e-10,"CYGB",1.95451697541453,9.48220908321511e-17
"ENSG00000161638","ITGA5",0.769688925463433,9.64050383288769e-12,"ITGA5",0.932663890548755,9.99153225918585e-25
"ENSG00000161642","ZNF385A",0.966601387050789,3.30365246093796e-05,"ZNF385A",1.63201203056731,3.09024285035666e-16
"ENSG00000161714","PLCD3",0.442744863279435,0.000955769048025452,"PLCD3",0.37876195215568,0.00104653935220997
"ENSG00000161921","CXCL16",0.724725451864169,4.65568188998482e-05,"CXCL16",1.86360430540607,3.63250418330055e-28
"ENSG00000162032","SPSB3",0.410442632244324,0.0188673169501701,"SPSB3",0.865949424942854,6.22101284851887e-08
"ENSG00000162236","STX5",0.429138793183241,0.00287114343651714,"STX5",0.417120933115017,0.000404341492470462
"ENSG00000162241","SLC25A45",1.06807746439509,0.00216645154049324,"SLC25A45",2.26101671874151,8.31743329062797e-12
"ENSG00000162585","FAAP20",0.444937735260113,0.00187149490055082,"FAAP20",0.570087774929006,1.09439422332636e-06
"ENSG00000162614","NEXN",0.808064723585352,0.00413451287566639,"NEXN",1.62905523608192,4.84909621783394e-09
"ENSG00000162616","DNAJB4",0.564564334291868,0.00315785879751598,"DNAJB4",0.945042418178694,8.32127766534489e-08
"ENSG00000162643","DNAI3",0.481947045169963,0.0414427539093426,"DNAI3",1.33887067036709,7.02905510138192e-06
"ENSG00000162645","GBP2",0.773389247967449,0.00273617409965506,"GBP2",0.714023831751785,0.00260250724113948
"ENSG00000162702","ZNF281",0.409118479851011,0.000147241839567936,"ZNF281",0.261785376185611,0.00504114962024432
"ENSG00000162711","NLRP3",2.29923306425387,3.16662620855362e-13,"NLRP3",1.97101794390518,1.31587687574165e-14
"ENSG00000162723","SLAMF9",2.39546328831771,1.4001095995235e-08,"SLAMF9",1.70245846562467,1.09822378457854e-07
"ENSG00000162734","PEA15",0.667924042690163,2.45307202105178e-05,"PEA15",0.774525944200653,3.40419431225917e-09
"ENSG00000162736","NCSTN",0.299888913481448,0.0418096570135589,"NCSTN",0.28924002232537,0.0262815725864875
"ENSG00000162738","VANGL2",0.985698250422409,0.0060922645287655,"VANGL2",1.290249639458,0.000474865927129306
"ENSG00000162772","ATF3",1.62811894715868,8.19205643285881e-08,"ATF3",1.52855744468288,9.92734165865724e-11
"ENSG00000162783","IER5",0.79571875802114,1.22295901943179e-08,"IER5",0.956970090154654,4.63545227235359e-17
"ENSG00000162819","BROX",0.17643890584754,0.0274857139776244,"BROX",0.495719996337787,1.89601636794169e-16
"ENSG00000162892","IL24",3.0103789067857,3.6879010434342e-08,"IL24",2.98168952575308,6.43990529166668e-16
"ENSG00000162894","FCMR",1.86385790882935,1.77977191999443e-09,"FCMR",1.72536777692126,7.38763052108713e-16
"ENSG00000162909","CAPN2",0.398911054730419,0.000108631020057451,"CAPN2",0.368432168231298,2.01255256312414e-05
"ENSG00000162981","LRATD1",1.75448492687525,2.65452160780968e-13,"LRATD1",1.87763738490688,1.9545425789785e-20
"ENSG00000163069","SGCB",0.53202282976267,6.88286101885185e-05,"SGCB",0.268898791649373,0.0168524180713365
"ENSG00000163110","PDLIM5",0.872078697816195,2.49522438848906e-11,"PDLIM5",0.853921929179952,6.9845268949073e-16
"ENSG00000163156","SCNM1",0.263226576204778,0.0214489899153948,"SCNM1",0.503415222308989,2.68344320209021e-08
"ENSG00000163159","VPS72",0.265291175679098,0.0314554774002295,"VPS72",0.519360318181022,1.49807036988927e-07
"ENSG00000163171","CDC42EP3",0.714698493384035,5.85025727441217e-07,"CDC42EP3",0.79771654365261,1.07649951950894e-11
"ENSG00000163202","LCE3D",0.705402947138324,0.00236203832675226,"LCE3D",0.49058554445491,0.00954368975457445
"ENSG00000163216","SPRR2D",0.684128198217979,0.0240916639962755,"SPRR2D",2.73679463942031,1.65522155088778e-11
"ENSG00000163235","TGFA",1.08360792003154,1.64776564105068e-09,"TGFA",0.532256497657022,9.48420189902281e-05
"ENSG00000163283","ALPP",0.584030083857614,0.00884049176850765,"ALPP",1.83443214914475,7.46322400789427e-14
"ENSG00000163346","PBXIP1",0.620333375690343,0.00276468671485422,"PBXIP1",0.800720791878341,2.31103002003466e-05
"ENSG00000163347","CLDN1",1.34609860538416,3.44951088465681e-05,"CLDN1",1.92655785555124,3.60303636478377e-12
"ENSG00000163362","INAVA",0.66490785825693,0.000634691081376039,"INAVA",0.873114484907594,3.0412730955004e-07
"ENSG00000163513","TGFBR2",0.46618407036463,9.76823958540049e-05,"TGFBR2",0.273618518655847,0.00987113772847997
"ENSG00000163545","NUAK2",1.25099276322089,4.33580542946512e-08,"NUAK2",1.12546503553347,2.28159737297779e-10
"ENSG00000163558","PRKCI",0.233853513865998,0.0387263768380737,"PRKCI",0.198263194498281,0.040130071929036
"ENSG00000163564","PYHIN1",1.85591031408837,0.000515801954482319,"PYHIN1",3.69857201695633,1.32289264170666e-08
"ENSG00000163637","PRICKLE2",0.841794300364989,1.4323226888137e-06,"PRICKLE2",0.396589949406566,0.00316567584734643
"ENSG00000163638","ADAMTS9",0.539851571840165,0.0493276288030717,"ADAMTS9",1.47233138010874,0.00105455253546588
"ENSG00000163810","TGM4",0.620534620476181,0.0423392703921073,"TGM4",0.916259144089599,0.0125602430546682
"ENSG00000163812","ZDHHC3",0.283041244659709,0.00138673957817466,"ZDHHC3",0.351981507816952,8.00148596369781e-07
"ENSG00000163814","CDCP1",0.358613747444712,0.0106639804408485,"CDCP1",0.526680575588036,9.13832749526892e-06
"ENSG00000163840","DTX3L",0.415717908765707,0.000347320363292868,"DTX3L",1.01609096229405,1.62935360358148e-24
"ENSG00000163870","TPRA1",0.378541491880882,0.00425411927909859,"TPRA1",0.827638810221709,1.76394959733959e-13
"ENSG00000163898","LIPH",1.08843007597213,0.000273453421190366,"LIPH",2.71549900969355,4.59368837526584e-17
"ENSG00000163947","ARHGEF3",0.695490705574241,0.000411804692377316,"ARHGEF3",1.42818814960321,3.35689288541919e-16
"ENSG00000163956","LRPAP1",0.259423326022486,0.033495163036444,"LRPAP1",0.461695528621576,2.15392648629947e-06
"ENSG00000164023","SGMS2",0.345983683287899,0.00457802955175746,"SGMS2",0.35817974474818,0.00045339298745874
"ENSG00000164040","PGRMC2",0.271060103895092,0.00680560703735541,"PGRMC2",0.515984998588964,4.87211130653719e-11
"ENSG00000164051","CCDC51",0.488910151866242,0.00152848633001541,"CCDC51",0.543542928714639,4.66671393774414e-05
"ENSG00000164054","SHISA5",0.329389532622343,0.000166588634811814,"SHISA5",0.444961167370432,1.74662457208529e-10
"ENSG00000164096","ARLN",0.506208215866502,6.77356924642261e-06,"ARLN",0.318507517592502,0.00100362343470484
"ENSG00000164111","ANXA5",0.33213360195869,0.0111791101488196,"ANXA5",0.272347310823049,0.016612418736623
"ENSG00000164125","GASK1B",0.357515518670759,0.0249294553283986,"GASK1B",0.564089903194349,6.44667411280636e-05
"ENSG00000164171","ITGA2",1.95308572982071,1.42744345609595e-19,"ITGA2",1.42058308465584,3.40256748356456e-16
"ENSG00000164236","ANKRD33B",0.605239873097757,0.000525153044780383,"ANKRD33B",1.3545405151561,1.78332061613484e-18
"ENSG00000164237","CMBL",0.566610036342122,2.95056082905537e-06,"CMBL",0.576687829862417,4.16014790855987e-09
"ENSG00000164283","ESM1",0.701096307637257,0.0213312323493035,"ESM1",1.40489202937701,0.000563276954015313
"ENSG00000164308","ERAP2",0.516252344634812,0.0100237688796441,"ERAP2",1.04202103271251,9.19868907153328e-08
"ENSG00000164331","ANKRA2",0.622333084610328,0.000309041512814308,"ANKRA2",0.736889450134786,4.51782483410085e-07
"ENSG00000164342","TLR3",0.547046458378069,0.0263028568005015,"TLR3",0.972830574221766,0.000406738459948244
"ENSG00000164442","CITED2",1.22845649467914,1.79387437391736e-11,"CITED2",1.24143012137706,3.65073978794388e-16
"ENSG00000164509","IL31RA",0.669909956412497,0.00570320515525437,"IL31RA",0.478320942686784,0.0111338403884107
"ENSG00000164828","SUN1",0.505582343877411,3.67468761977219e-06,"SUN1",0.471499921469531,1.63971924152614e-07
"ENSG00000164938","TP53INP1",1.44039441087094,3.35886326938736e-11,"TP53INP1",1.8909908181312,7.108682358045e-23
"ENSG00000165046","LETM2",1.09398279667584,3.03989458736162e-10,"LETM2",0.680176735080957,2.93989952199591e-09
"ENSG00000165410","CFL2",0.379398668046909,0.0067641302684588,"CFL2",0.331529334006108,0.00627238576488232
"ENSG00000165434","PGM2L1",0.813195900280045,7.46980607856651e-06,"PGM2L1",0.416500097336083,0.00370352718258117
"ENSG00000165458","INPPL1",0.430202925747076,0.00269682777358188,"INPPL1",0.541585197658519,1.19664627995802e-05
"ENSG00000165507","DEPP1",1.15266225936354,0.00682089152766112,"DEPP1",1.72126683028302,0.000921969408471771
"ENSG00000165516","KLHDC2",0.326981051254535,0.00955718730612346,"KLHDC2",0.309592683246147,0.003174940690603
"ENSG00000165626","BEND7",0.528072330791073,0.00321952133801222,"BEND7",0.654477303972196,3.37947729015203e-05
"ENSG00000165632","TAF3",0.331586080549462,0.00234947595101447,"TAF3",0.416118037029046,1.8460573257289e-06
"ENSG00000165637","VDAC2",0.170309629792183,0.0365102796213436,"VDAC2",0.153001758269215,0.0185361715765446
"ENSG00000165799","RNASE7",1.49388688979487,2.40481321709686e-07,"RNASE7",1.08455836111423,2.83420615013475e-07
"ENSG00000165804","ZNF219",0.457970981827355,0.000260044818276419,"ZNF219",0.524149767035767,8.96624310835104e-07
"ENSG00000165861","ZFYVE1",0.278899131378804,0.0497544359208904,"ZFYVE1",0.727975549032884,6.20881085359883e-09
"ENSG00000165886","UBTD1",0.99127272243768,7.65097915719234e-06,"UBTD1",0.801228313896987,5.86766287889206e-07
"ENSG00000165895","ARHGAP42",0.726907830220139,0.00113221311928272,"ARHGAP42",0.570065033153161,0.00289298052850748
"ENSG00000165912","PACSIN3",0.351897453445386,0.00261483000847286,"PACSIN3",0.223386250852177,0.0285179203559931
"ENSG00000165949","IFI27",2.06781668942564,6.69389109617404e-05,"IFI27",0.808728157902838,0.02914566087881
"ENSG00000165959","CLMN",0.549952085329477,0.00799034065190321,"CLMN",1.75263385309691,4.02987297221663e-17
"ENSG00000166016","ABTB2",0.546570011744872,0.0022445334456113,"ABTB2",1.04821879063933,4.10917771524471e-11
"ENSG00000166145","SPINT1",0.93829568557411,1.11250120385996e-06,"SPINT1",1.52947145841765,9.35234775649009e-22
"ENSG00000166224","SGPL1",0.305789556825008,0.0219158369531866,"SGPL1",0.473170559843181,2.13104299092885e-05
"ENSG00000166272","WBP1L",0.309897409359207,0.00525211021646642,"WBP1L",0.549841510252758,2.4651283944488e-09
"ENSG00000166289","PLEKHF1",0.712560640156194,0.00111590419631122,"PLEKHF1",1.00148840078072,1.31234834151333e-07
"ENSG00000166311","SMPD1",0.769883773181214,4.91942001496641e-05,"SMPD1",1.24660777909826,2.28137099999459e-15
"ENSG00000166333","ILK",0.680502460987466,7.49328025798194e-08,"ILK",0.526565754285069,1.10658400985243e-07
"ENSG00000166396","SERPINB7",1.61737734631357,6.86270942901869e-08,"SERPINB7",2.6826770628739,9.07231203761863e-26
"ENSG00000166398","GARRE1",0.430957879388113,0.00113221311928272,"GARRE1",0.496474493573501,8.98316414120061e-06
"ENSG00000166401","SERPINB8",0.699092385671646,2.87394404830898e-05,"SERPINB8",0.57050743268836,9.36041318262885e-06
"ENSG00000166532","RIMKLB",1.57679097415389,9.06952119954853e-17,"RIMKLB",1.08982285560417,2.24639794424823e-12
"ENSG00000166557","TMED3",0.225633126706679,0.00985800885199089,"TMED3",0.206302821121584,0.00354392522668667
"ENSG00000166579","NDEL1",0.258565917531159,0.0119816292636077,"NDEL1",0.312116376497261,0.000185912428787483
"ENSG00000166589","CDH16",1.2214512107172,1.380296514288e-09,"CDH16",3.82147626029255,3.90884861256207e-38
"ENSG00000166595","CIAO2B",0.369648092211666,0.00237432920208133,"CIAO2B",0.599161026109221,3.88068465042821e-09
"ENSG00000166685","COG1",0.683136592718075,1.29347237564223e-06,"COG1",0.531531310799661,1.22248212044639e-06
"ENSG00000166710","B2M",0.376512223891656,0.000606165186879655,"B2M",0.393791584780971,1.76122165654876e-05
"ENSG00000166897","ELFN2",1.99947886342898,2.49513200345901e-11,"ELFN2",1.83437963006377,4.95883679819763e-20
"ENSG00000166900","STX3",0.738983369642413,1.05058468103955e-05,"STX3",0.909054894134988,7.02960798233624e-12
"ENSG00000166908","PIP4K2C",0.608464923671886,6.39993402819089e-05,"PIP4K2C",0.782426517782319,1.03167371953437e-09
"ENSG00000166920","C15orf48",1.07901151868019,0.0069859934457376,"C15orf48",2.11203723891747,1.23327443647088e-05
"ENSG00000166949","SMAD3",0.650141750582294,3.96992559371416e-06,"SMAD3",0.864084834505811,3.08498671783649e-14
"ENSG00000167083","GNGT2",2.07029648113571,2.50774098228688e-06,"GNGT2",2.48584056782111,2.34867960201561e-09
"ENSG00000167105","TMEM92",2.07519221622465,0.00028355712289078,"TMEM92",1.26468716358813,0.000212879302485323
"ENSG00000167110","GOLGA2",0.270130199113462,0.0259842532011327,"GOLGA2",0.602302702905089,7.05056381828576e-10
"ENSG00000167183","PRR15L",0.576873374925347,0.00688419935934384,"PRR15L",2.65545633781686,7.40456981959189e-18
"ENSG00000167191","GPRC5B",2.1132713962649,4.75813006110503e-06,"GPRC5B",2.57201847889068,3.08808201850559e-09
"ENSG00000167196","FBXO22",0.376477292851919,0.000418940320775983,"FBXO22",0.437688135424413,4.25112900166077e-07
"ENSG00000167306","MYO5B",0.457219518686013,0.0230422516276222,"MYO5B",1.54285135726256,1.11864907050213e-11
"ENSG00000167380","ZNF226",0.611203372687865,0.00379754944905086,"ZNF226",0.537456688298352,0.0030217602057352
"ENSG00000167460","TPM4",0.675259345054044,6.26340219363947e-07,"TPM4",0.322007993657201,0.00476574024053749
"ENSG00000167535","CACNB3",0.678659444972226,0.000112327950626003,"CACNB3",1.15597807842401,1.40032047702331e-13
"ENSG00000167543","TP53I13",0.495979736580676,0.00101757689688809,"TP53I13",0.985430667923816,1.09879311982e-13
"ENSG00000167600","CYP2S1",0.731681451861272,0.0204903022492734,"CYP2S1",1.97636265716612,0.000375441529621259
"ENSG00000167693","NXN",0.344310791654239,0.0191660667148979,"NXN",0.35550119970595,0.00444442942799751
"ENSG00000167705","RILP",0.57549607261903,0.0209837018500027,"RILP",1.69704118551029,1.90247282235752e-08
"ENSG00000167741","GGT6",0.662723924113808,0.0261585082826056,"GGT6",0.862584245503371,0.0295869561517467
"ENSG00000167767","KRT80",1.87498098829971,3.26683054442503e-12,"KRT80",2.36193866315179,8.22439545365498e-27
"ENSG00000167770","OTUB1",0.196521106763572,0.04776296918187,"OTUB1",0.20445836125185,0.00971152364354434
"ENSG00000167772","ANGPTL4",2.39245047231514,7.56760306891558e-09,"ANGPTL4",1.59263756429466,3.27225645784891e-06
"ENSG00000167880","EVPL",0.392842615641011,0.0180736907832181,"EVPL",0.560727094922136,0.000164576967046499
"ENSG00000167881","SRP68",0.287862514633053,0.000825599781484763,"SRP68",0.274226893084713,4.35430088408242e-05
"ENSG00000167889","MGAT5B",0.501628865186845,0.0335959984124665,"MGAT5B",0.507061921670723,0.027695245912705
"ENSG00000167914","GSDMA",0.763802500652367,0.00833390200927142,"GSDMA",0.747625257088673,0.00324520230908903
"ENSG00000168010","ATG16L2",0.585150457534383,0.00973121903990673,"ATG16L2",0.638667465795796,0.000865132160908616
"ENSG00000168036","CTNNB1",0.48113768028104,1.03345909325944e-12,"CTNNB1",0.358110068947803,1.86056445141245e-10
"ENSG00000168288","MMADHC",0.339534914064008,0.000104443034082437,"MMADHC",0.390173024228323,2.91700690430957e-08
"ENSG00000168291","PDHB",0.333922623398114,0.0064292496277594,"PDHB",0.502482545100341,5.95349870475978e-07
"ENSG00000168394","TAP1",0.706415100703415,1.92307548958276e-05,"TAP1",1.51697657016461,3.03659234558111e-27
"ENSG00000168397","ATG4B",0.293941362570249,0.00749323776065968,"ATG4B",0.34222962058975,0.000109706820376161
"ENSG00000168427","KLHL30",0.969619099906453,0.00918572804794575,"KLHL30",2.4865633144582,1.10658400985243e-07
"ENSG00000168575","SLC20A2",0.993148842022845,1.17861930829722e-11,"SLC20A2",0.895989521379882,2.97906749742645e-14
"ENSG00000168610","STAT3",0.43374842913699,1.05774855030405e-05,"STAT3",0.843342857472567,9.21787885026613e-26
"ENSG00000168672","LRATD2",0.368905242935806,0.000415836494656268,"LRATD2",0.563009026103629,1.84436647429731e-10
"ENSG00000168685","IL7R",0.806981580983075,0.00120979754058527,"IL7R",1.77792460444521,1.98530598533767e-15
"ENSG00000168701","TMEM208",0.257529395808822,0.0411681293706095,"TMEM208",0.307845015755209,0.0025916219852132
"ENSG00000168824","NSG1",0.873133468867358,4.55152609031695e-06,"NSG1",1.55897123979915,4.95883679819763e-20
"ENSG00000168894","RNF181",0.276321001193177,0.0387928267704361,"RNF181",0.405640366572228,0.000230147416119678
"ENSG00000168961","LGALS9",2.13674207133097,1.29719224064591e-06,"LGALS9",2.19337604309499,7.26908169512898e-06
"ENSG00000168994","PXDC1",0.337953478118205,0.0486762111101472,"PXDC1",0.494594200423416,0.0013564159452271
"ENSG00000169032","MAP2K1",0.392210250502383,0.00503983979771813,"MAP2K1",0.470401537004923,6.08613950222758e-05
"ENSG00000169067","ACTBL2",2.06734988517369,0.000416668432854763,"ACTBL2",2.33040131240511,5.42066128055444e-06
"ENSG00000169217","CD2BP2",0.332423942497578,0.00418993530414062,"CD2BP2",0.312547114087727,0.00115864378279761
"ENSG00000169247","SH3TC2",0.74984830458239,0.000155318156818296,"SH3TC2",1.70056560931226,1.07350623830715e-19
"ENSG00000169252","ADRB2",0.342081643296356,0.028014163428304,"ADRB2",0.766638032736481,1.98179253509185e-08
"ENSG00000169299","PGM2",0.328740108351901,0.00818372771352446,"PGM2",0.606330613145617,4.90843411451715e-09
"ENSG00000169403","PTAFR",1.32018949953323,1.60865790580851e-11,"PTAFR",0.983416971586717,3.11989168014329e-10
"ENSG00000169509","CRCT1",2.00821231610006,2.62801011967091e-06,"CRCT1",1.45117303938642,4.90828168452664e-05
"ENSG00000169641","LUZP1",0.296793546061007,0.00325111427979733,"LUZP1",0.185777188701954,0.0317393370073712
"ENSG00000169692","AGPAT2",0.389202092074687,0.0190861263449448,"AGPAT2",0.836284150573048,1.05531414120008e-08
"ENSG00000169727","GPS1",0.254114561426846,0.0145130664981836,"GPS1",0.213104067580948,0.0140639266152054
"ENSG00000169756","LIMS1",0.347073868777819,0.00344952436463551,"LIMS1",0.279763700355422,0.00591624521982498
"ENSG00000169851","PCDH7",0.787989522202878,0.000749480476701108,"PCDH7",2.06576508547179,2.36842390645915e-20
"ENSG00000169871","TRIM56",0.329513727614071,0.00193896012843994,"TRIM56",0.386064845594285,1.50291954280668e-05
"ENSG00000169908","TM4SF1",1.16660808829293,2.16024882961702e-09,"TM4SF1",1.6447205193059,1.68671033900224e-25
"ENSG00000169991","IFFO2",0.53968718977386,0.00205597938675014,"IFFO2",0.514263113289349,0.00046731894519376
"ENSG00000170043","TRAPPC1",0.261061572872088,0.0405406380126201,"TRAPPC1",0.406365683836981,9.40362509053197e-05
"ENSG00000170142","UBE2E1",0.325717855304261,0.00296142306387383,"UBE2E1",0.460499924673483,2.71708545308416e-07
"ENSG00000170315","UBB",0.350955301364125,0.000759169867800145,"UBB",0.304914180573794,0.000472419360361822
"ENSG00000170421","KRT8",1.64567980748276,4.43433475037269e-27,"KRT8",1.36822884034983,7.65418850495365e-27
"ENSG00000170464","DNAJC18",1.08415192094392,9.23978345306679e-10,"DNAJC18",0.481241919299289,0.000358315144321772
"ENSG00000170471","RALGAPB",0.501831149977504,1.20539474876059e-06,"RALGAPB",0.527860164209444,3.15344731706734e-10
"ENSG00000170734","POLH",0.395873452283105,0.00267150504803922,"POLH",0.444401178656921,7.98867407112561e-05
"ENSG00000170776","AKAP13",0.293568673840378,0.0202867347332142,"AKAP13",0.731490099423061,2.17168628468573e-12
"ENSG00000170832","USP32",0.368014388750773,0.0194474106443197,"USP32",0.456752465190068,0.000595183664706227
"ENSG00000170836","PPM1D",0.906884030254546,8.51619988678059e-08,"PPM1D",1.30280853011564,6.38309105909211e-21
"ENSG00000170848","PSG6",1.05218025916654,0.00811779001297601,"PSG6",2.0110808606272,0.000758349700747259
"ENSG00000170855","TRIAP1",0.415413921885245,0.0021656487123608,"TRIAP1",0.848959623369515,1.63303592447239e-13
"ENSG00000170860","LSM3",0.246099302166867,0.00329544850023404,"LSM3",0.25318183696744,0.000167465587076891
"ENSG00000171124","FUT3",1.42192893488899,2.54774189322818e-06,"FUT3",1.69670347870481,2.80302927225661e-10
"ENSG00000171206","TRIM8",0.380647238091603,0.0138453421577226,"TRIM8",0.353383473053874,0.0070453652085544
"ENSG00000171223","JUNB",0.272280119738429,0.0483600221185097,"JUNB",0.662004138428918,5.3225691061906e-09
"ENSG00000171302","CANT1",0.368183822632999,0.000787914109316623,"CANT1",0.306258388251958,0.000724164128831729
"ENSG00000171469","ZNF561",0.435495816924949,0.00158638954609025,"ZNF561",0.275416250490928,0.0236278282467255
"ENSG00000171522","PTGER4",1.30877973042092,1.356845730482e-05,"PTGER4",1.97172495633986,1.58538865477046e-16
"ENSG00000171552","BCL2L1",1.08871789671709,5.84745839621608e-10,"BCL2L1",0.792045166012293,1.5485869475505e-08
"ENSG00000171617","ENC1",1.00627997344653,1.66988124637262e-08,"ENC1",0.67991235501453,1.35118931071323e-06
"ENSG00000171862","PTEN",0.265742073013279,0.00961147520886877,"PTEN",0.435256895627362,6.27270814990992e-08
"ENSG00000171992","SYNPO",0.481384586624362,0.00713125014477377,"SYNPO",1.55262873562914,1.50119170554396e-18
"ENSG00000172071","EIF2AK3",0.356139589678475,0.0304002066397169,"EIF2AK3",0.491977477125549,0.00102995856913284
"ENSG00000172081","MOB3A",0.470957682807618,0.000546839139806161,"MOB3A",0.461010215452767,3.36949257659207e-05
"ENSG00000172123","SLFN12",0.450387393941395,0.0201941324716283,"SLFN12",0.53763650210488,0.00220132343674215
"ENSG00000172183","ISG20",0.923812480471416,0.000949887672435026,"ISG20",1.61636370163435,1.11621651927651e-09
"ENSG00000172354","GNB2",0.411091016857116,0.0038999965992413,"GNB2",0.785612167879989,7.0310186861467e-11
"ENSG00000172379","ARNT2",2.63247242397723,3.29970712379205e-12,"ARNT2",3.33184094106475,3.86927940764241e-41
"ENSG00000172428","COPS9",0.290737316069139,0.00177443920574918,"COPS9",0.52591752558881,8.81794623725702e-13
"ENSG00000172478","MAB21L4",0.603661049932642,0.0401366722024292,"MAB21L4",2.50391231436559,0.000268050371853865
"ENSG00000172493","AFF1",0.961716355685038,2.56249385648929e-11,"AFF1",1.01136866275901,8.94434758712336e-17
"ENSG00000172531","PPP1CA",0.313863728393143,0.0138082956471273,"PPP1CA",0.381113672800211,0.000323515664249455
"ENSG00000172663","TMEM134",0.435378978718962,0.00420075332128782,"TMEM134",0.493672302990304,0.000225918548674965
"ENSG00000172725","CORO1B",0.514730361077781,8.53532328370147e-05,"CORO1B",0.583785896661689,1.64467376868215e-07
"ENSG00000172732","MUS81",0.629896062164728,2.22660061239105e-07,"MUS81",0.602642459686406,1.7865509913886e-10
"ENSG00000172765","TMCC1",0.669169603772047,4.99746273905892e-06,"TMCC1",0.745943538877732,3.00222895654896e-10
"ENSG00000172831","CES2",0.614790050608866,5.6012377640161e-06,"CES2",1.32261216587423,2.67056852674622e-30
"ENSG00000172890","NADSYN1",0.452566562645508,0.00128628823074694,"NADSYN1",0.393389518451513,0.00142518993665639
"ENSG00000172927","MYEOV",0.967739153130775,0.00530384094355574,"MYEOV",1.96505662313323,1.97122013845412e-07
"ENSG00000173083","HPSE",0.605718327780807,0.0022445334456113,"HPSE",0.850517561612945,2.11069104274109e-06
"ENSG00000173156","RHOD",0.810206216475257,9.69677352253061e-06,"RHOD",0.790867925370288,1.52205149491402e-07
"ENSG00000173193","PARP14",0.829429331732223,3.25452757508666e-05,"PARP14",0.747128652234968,2.924703143121e-06
"ENSG00000173221","GLRX",0.982217112109321,8.00624608035202e-06,"GLRX",1.19886588914125,2.49391009018263e-10
"ENSG00000173226","IQCB1",0.302808802041573,0.0236563133439132,"IQCB1",0.604150859058835,2.21609146254911e-08
"ENSG00000173264","GPR137",0.333762123536969,0.0209994570608523,"GPR137",0.490081361477887,2.98047477256213e-05
"ENSG00000173281","PPP1R3B",1.45069230536057,3.72740108519248e-11,"PPP1R3B",1.58942773692768,7.47441054623493e-20
"ENSG00000173559","NABP1",0.794001073163869,1.462736088846e-06,"NABP1",0.653330376301433,1.30085962434521e-06
"ENSG00000173575","CHD2",0.267919403076047,0.0281536333403337,"CHD2",0.393423960328358,8.14199590883082e-05
"ENSG00000173702","MUC13",0.550972626772258,0.0341298950425708,"MUC13",2.52192525528717,0.000143200224754854
"ENSG00000173706","HEG1",1.25447510330574,1.69319514965348e-18,"HEG1",0.654914292705279,1.18459681786207e-08
"ENSG00000173744","AGFG1",0.322684492872756,1.27912062555267e-05,"AGFG1",0.477778739505745,3.35150683971375e-16
"ENSG00000173801","JUP",0.834898911903828,1.45442610985544e-08,"JUP",1.50353835153763,8.14973055042444e-35
"ENSG00000173846","PLK3",0.89932774046565,3.96746584568085e-09,"PLK3",0.972594968587851,1.36990905572378e-16
"ENSG00000173992","CCS",0.57944818527422,8.30490290605741e-05,"CCS",0.515316088676767,2.53332048668022e-05
"ENSG00000174307","PHLDA3",1.03187130706585,4.66652606723449e-10,"PHLDA3",1.32856029370809,1.0131765399481e-22
"ENSG00000174567","GOLT1A",1.0595997388305,0.00814561121781078,"GOLT1A",2.81193246573196,1.69565352352561e-06
"ENSG00000174903","RAB1B",0.255483210957311,0.00925125285922958,"RAB1B",0.375610749343261,9.29132752203232e-07
"ENSG00000175105","ZNF654",0.498389991907725,0.000873564298853318,"ZNF654",0.753130263383324,5.64354275243206e-09
"ENSG00000175182","FAM131A",0.511800677053314,0.00119419613732977,"FAM131A",0.724503260330407,4.36136470546485e-08
"ENSG00000175183","CSRP2",0.457680076708053,0.00531946031092967,"CSRP2",0.581315909033246,4.8821915349847e-05
"ENSG00000175224","ATG13",0.484411391478633,0.000197084380882314,"ATG13",0.784527133586287,3.537712162351e-14
"ENSG00000175283","DOLK",0.347272088206877,0.0259927413286321,"DOLK",0.272719615562598,0.0471862252667204
"ENSG00000175294","CATSPER1",0.870535584307021,0.0177879780766593,"CATSPER1",0.630605275767165,0.0292829533142655
"ENSG00000175315","CST6",0.865657641122302,9.98348709901385e-05,"CST6",0.589053205589126,0.00113064629102379
"ENSG00000175416","CLTB",0.629635140439002,7.10263286313389e-07,"CLTB",0.524348142994447,4.9173382547776e-07
"ENSG00000175548","ALG10B",0.900558562336544,4.9859038766339e-05,"ALG10B",0.372077472425498,0.0259960641395468
"ENSG00000175550","DRAP1",0.463192967417828,2.64820901928442e-06,"DRAP1",0.309571615174029,0.000162032458527191
"ENSG00000175600","SUGCT",1.6399624541341,7.98835067833568e-12,"SUGCT",1.60861762093834,9.89460982255035e-17
"ENSG00000175782","SLC35E3",0.238034685402016,0.0374165181862224,"SLC35E3",0.422118436077053,1.31635234598998e-06
"ENSG00000175793","SFN",0.661913331886679,0.00168500741599972,"SFN",0.471798085523098,0.0076095017074077
"ENSG00000175866","BAIAP2",0.438923222584081,0.00129001361051481,"BAIAP2",0.836722848934389,1.48588530432448e-12
"ENSG00000175984","DENND2C",0.922641325675062,4.80059579563869e-05,"DENND2C",1.48998103004642,1.22372683090594e-13
"ENSG00000176040","TMPRSS7",1.09304681643112,0.00842830565286657,"TMPRSS7",1.46997211848871,0.00286070757392786
"ENSG00000176058","TPRN",0.280900803289017,0.0342598669652051,"TPRN",0.286313453350071,0.00887158775102873
"ENSG00000176092","CRYBG2",0.771048475109581,0.000955769048025452,"CRYBG2",2.02004610968078,1.92037280702558e-20
"ENSG00000176102","CSTF3",0.298484728452336,0.00226392843997827,"CSTF3",0.242344906659154,0.00332420984223997
"ENSG00000176148","TCP11L1",0.50821349851251,0.00477173024960122,"TCP11L1",0.723160728053859,3.4207622994208e-06
"ENSG00000176171","BNIP3",0.418410713128238,0.0150238341173555,"BNIP3",0.437874541023337,0.00413853518526519
"ENSG00000176406","RIMS2",0.982103737333609,7.82215414541661e-05,"RIMS2",0.728134632132915,0.000144006436666867
"ENSG00000176410","DNAJC30",0.30086079796535,0.0452550615373726,"DNAJC30",0.287529970758795,0.0225179689056421
"ENSG00000176422","SPRYD4",0.420515800407477,0.00402819853599296,"SPRYD4",0.44800996172682,0.000361073773765214
"ENSG00000176485","PLAAT3",1.05376753684051,4.03346017419371e-06,"PLAAT3",1.97574805049101,2.95257231897793e-24
"ENSG00000176697","BDNF",2.36579890252087,5.03262693402464e-11,"BDNF",0.619929516291618,0.00612308347214799
"ENSG00000176845","METRNL",0.316195850381781,0.0331291382014108,"METRNL",0.473785698924458,0.000204933288925581
"ENSG00000176871","WSB2",0.340618543296156,0.00134993255740482,"WSB2",0.256994144128986,0.00502414806793222
"ENSG00000176915","ANKLE2",0.421795044370288,2.39474594282991e-05,"ANKLE2",0.238563363024725,0.00514942197037001
"ENSG00000176986","SEC24C",0.332436245446807,0.00615763509643267,"SEC24C",0.375512712795307,0.000144534788825537
"ENSG00000177106","EPS8L2",0.764768337802137,0.000459508387775755,"EPS8L2",1.28446893403448,4.89636228044925e-11
"ENSG00000177119","ANO6",0.455938002310722,0.00020831752751953,"ANO6",0.475728603707892,4.15570691686446e-06
"ENSG00000177311","ZBTB38",0.437935962459695,0.000525153044780383,"ZBTB38",0.364318445454209,0.000766505494383987
"ENSG00000177337",NA,1.3223196047142,4.31611936403406e-10,NA,1.74423009290658,1.62935360358148e-24
"ENSG00000177494","ZBED2",1.58278429623904,3.96746584568085e-09,"ZBED2",0.399975454633342,0.0349983813065834
"ENSG00000177556","ATOX1",0.272209363279766,0.0108103661223186,"ATOX1",0.354479594880829,4.08513226291299e-05
"ENSG00000177595","PIDD1",0.915772120752765,7.09765234224001e-05,"PIDD1",1.36308728517373,1.58233052313831e-12
"ENSG00000177600","RPLP2",0.145721383233722,0.0366797294296847,"RPLP2",0.181747903880745,0.000560260532506066
"ENSG00000177606","JUN",0.308603083078739,0.0283025669286218,"JUN",0.248742718776979,0.0464991790871616
"ENSG00000177707","NECTIN3",0.864100683945867,4.17057037860359e-07,"NECTIN3",0.25926519057932,0.0382306262842386
"ENSG00000177731","FLII",0.260723780777686,0.0382702290862654,"FLII",0.293339015342649,0.00527279921649703
"ENSG00000177738","FLJ32255",0.880404503209571,0.00326924928586366,"FLJ32255",0.948297297115131,0.000330698039981648
"ENSG00000177788","RAB4A-AS1",0.372674405723051,0.0321040706081512,"RAB4A-AS1",0.639460282761395,4.98011271507157e-05
"ENSG00000177963","RIC8A",0.277458525987258,0.01791313130866,"RIC8A",0.199030002281519,0.0495790053982185
"ENSG00000178038","ALS2CL",0.444659049785793,0.0114777038778189,"ALS2CL",0.514244536679387,0.00119858976962209
"ENSG00000178053","MLF1",0.31188090334423,0.0086048172039444,"MLF1",0.359041178334138,0.000240873076425037
"ENSG00000178184","PARD6G",0.856311821930745,2.35679363462574e-05,"PARD6G",0.913533234530097,1.045801587146e-08
"ENSG00000178209","PLEC",0.445430954029207,0.00886122895331914,"PLEC",0.402316957536207,0.00754888256186415
"ENSG00000178498","DTX3",0.908867269022242,4.46015280806219e-05,"DTX3",0.839138846058674,3.27587193491574e-06
"ENSG00000178585","CTNNBIP1",0.650082974745681,1.40040047270522e-05,"CTNNBIP1",0.390211875855349,0.00146017761064204
"ENSG00000178776","C5orf46",1.85916765617505,5.21476702214433e-08,"C5orf46",2.12304001787546,3.69033079855242e-10
"ENSG00000178826","TMEM139",1.38210881364273,3.39611612581527e-05,"TMEM139",1.24763434328999,3.67560184679756e-05
"ENSG00000178927","CYBC1",0.393566327312429,0.00575710876964912,"CYBC1",0.382830931211072,0.00146128518277488
"ENSG00000179046","TRIML2",1.58544403044351,1.28182287151723e-11,"TRIML2",1.1206360353776,1.96219384808748e-09
"ENSG00000179152","TCAIM",0.284690265881449,0.0423562928105463,"TCAIM",0.417857203547141,0.000376893743047439
"ENSG00000179163","FUCA1",0.960911196854681,7.23860762068e-06,"FUCA1",0.695909867020498,1.68013024797274e-05
"ENSG00000179178","TMEM125",2.32219689209087,3.05396609891825e-11,"TMEM125",4.23737865130631,4.64690868979174e-30
"ENSG00000179271","GADD45GIP1",0.252003579560999,0.00483973862864452,"GADD45GIP1",0.160390254306066,0.0354025995967377
"ENSG00000179523","EIF3J-DT",0.449579571159931,0.0174142888802844,"EIF3J-DT",0.407078503042231,0.016685851445682
"ENSG00000179546","HTR1D",1.23367341821368,0.00429090719389034,"HTR1D",2.4446045282391,9.20230016284557e-05
"ENSG00000179627","ZBTB42",1.29065539910875,0.000505922606784103,"ZBTB42",0.527696097758495,0.0171848925531799
"ENSG00000179820","MYADM",1.02761086740325,6.47484672434924e-10,"MYADM",0.792277239256159,2.18825990199587e-09
"ENSG00000179913","B3GNT3",1.08911117916132,0.000231179784944307,"B3GNT3",1.40730361780107,4.90367082165886e-08
"ENSG00000180008","SOCS4",0.402066453826048,0.00291898828877924,"SOCS4",0.248159410513131,0.0375518892800211
"ENSG00000180263","FGD6",1.05816549010064,9.63578951946946e-16,"FGD6",1.19980855384304,4.0391392431187e-31
"ENSG00000180488","MIGA1",0.425174074544006,0.000582485560450129,"MIGA1",0.511884465516511,5.2053178490301e-07
"ENSG00000180628","PCGF5",0.388398979518705,0.000351557116230007,"PCGF5",0.495677420036449,3.24893124394933e-08
"ENSG00000180900","SCRIB",0.538996958472624,5.14013100271792e-06,"SCRIB",0.626032621915417,8.75565789186578e-11
"ENSG00000181026","AEN",0.570436618427108,5.67979320731066e-05,"AEN",0.862224484635535,1.24703471591243e-13
"ENSG00000181104","F2R",2.07464486975473,2.2552249706126e-11,"F2R",1.38811123554238,1.32380920060764e-10
"ENSG00000181143","MUC16",1.12064297023136,0.00434008834007945,"MUC16",0.938083671595172,0.0153225771691086
"ENSG00000181264","TLCD5",0.500974042114923,0.00255893413070313,"TLCD5",0.312233096255028,0.0270520040318757
"ENSG00000181467","RAP2B",0.430845091679084,0.00032927175418777,"RAP2B",0.435574706076469,1.0505243419495e-05
"ENSG00000181634","TNFSF15",1.74550768863138,1.4323226888137e-06,"TNFSF15",1.37798565667997,3.11840980086627e-05
"ENSG00000181704","YIPF6",0.359393285851677,0.00216202801623739,"YIPF6",0.286510107569645,0.00485378983954258
"ENSG00000181894","ZNF329",0.443131582301915,0.0273413122217737,"ZNF329",0.530105916044962,0.00512993331198604
"ENSG00000182010","RTKN2",0.377808140239629,0.0251502550485931,"RTKN2",0.535777536822913,0.000781888908718034
"ENSG00000182022","CHST15",0.978408231826145,5.63592424618413e-06,"CHST15",1.2289619821436,1.57718338429533e-11
"ENSG00000182117","NOP10",0.27286491357208,0.0331647053023014,"NOP10",0.27958166105521,0.00998886689333216
"ENSG00000182154","MRPL41",0.266182147863886,0.040188608188718,"MRPL41",0.262780914686511,0.0172053226481782
"ENSG00000182195","LDOC1",0.476493355615426,3.66132444877582e-06,"LDOC1",0.57967161113425,1.36386285097575e-11
"ENSG00000182197","EXT1",0.244084368903575,0.0209483051270327,"EXT1",0.235600797521786,0.00525093992009511
"ENSG00000182220","ATP6AP2",0.251953252024105,0.0241897681739812,"ATP6AP2",0.387946010795801,1.69000580436967e-05
"ENSG00000182378","PLCXD1",0.914700145538992,2.36493760091075e-06,"PLCXD1",0.981892972370237,8.98948698778548e-11
"ENSG00000182473","EXOC7",0.508185388788343,7.16196820284037e-05,"EXOC7",0.342314346334135,0.00174673369783639
"ENSG00000182541","LIMK2",0.495598809787419,0.000117377434514017,"LIMK2",0.70232517372663,9.12505848077417e-11
"ENSG00000182580","EPHB3",0.667969822517848,0.00701039744866746,"EPHB3",1.6162530226944,2.60714798663807e-10
"ENSG00000182606","TRAK1",0.525985165785759,3.66875315672299e-06,"TRAK1",0.805914305653057,5.84041146243419e-18
"ENSG00000182612","TSPAN10",0.812946621617685,0.00143605488415931,"TSPAN10",1.31416806713982,1.84671107651871e-06
"ENSG00000182687","GALR2",1.0331022213189,0.0105449861458086,"GALR2",2.64345484871048,2.29483085753089e-07
"ENSG00000182718","ANXA2",0.552725803404717,0.000105586152518167,"ANXA2",0.440139981678226,0.00025366807982183
"ENSG00000182795","C1orf116",1.0167062408928,8.04519422121611e-08,"C1orf116",1.83928403890463,1.04169777995116e-31
"ENSG00000182809","CRIP2",0.682944779732162,0.000179263644856626,"CRIP2",0.877001690527016,2.04149101126941e-07
"ENSG00000182827","ACBD3",0.354864503304963,9.09754299912022e-06,"ACBD3",0.18307164142935,0.0090420798953842
"ENSG00000182963","GJC1",0.385596600039557,0.00570698233236555,"GJC1",0.242047709405986,0.0409665803843334
"ENSG00000183072","NKX2-5",0.834265991487603,1.64989286031849e-08,"NKX2-5",1.03337212158671,2.64005042415422e-18
"ENSG00000183155","RABIF",0.37795167900574,0.0111600217584347,"RABIF",0.416326241536976,0.00109576159278935
"ENSG00000183255","PTTG1IP",0.322156012022008,0.0210223387333778,"PTTG1IP",0.416358254553343,0.000448173796101051
"ENSG00000183508","TENT5C",0.764795055489348,0.0161420903765514,"TENT5C",2.26536002010661,0.000367687063916398
"ENSG00000183624","HMCES",0.250482306992077,0.0442330121050497,"HMCES",0.498515893765448,3.50775628779429e-07
"ENSG00000183647","ZNF530",0.970033839271126,8.60137438946594e-05,"ZNF530",1.3300292536722,4.48626404417514e-13
"ENSG00000183726","TMEM50A",0.270899156032922,0.00697746912000431,"TMEM50A",0.294511888491644,0.000331526423892119
"ENSG00000183742","MACC1",1.0738669834941,1.84347595152521e-05,"MACC1",2.33522038268584,9.34698614502599e-23
"ENSG00000183778","B3GALT5",0.595204124037894,0.0337522895984435,"B3GALT5",1.3570455240885,0.00056113236730704
"ENSG00000183963","SMTN",0.782262171272109,1.45969480433449e-06,"SMTN",0.429625341724924,0.000848305288162895
"ENSG00000184009","ACTG1",0.754100955919027,3.31518915855444e-07,"ACTG1",0.301438135027366,0.0151671298301943
"ENSG00000184254","ALDH1A3",0.871455114650115,0.000804407429872119,"ALDH1A3",0.932764547431815,3.20870016267932e-05
"ENSG00000184292","TACSTD2",0.801790050763703,3.22112319975368e-07,"TACSTD2",1.61038868917352,9.63165625829151e-35
"ENSG00000184470","TXNRD2",0.331043851004321,0.0426572117410294,"TXNRD2",0.502156506282232,0.000354550725906745
"ENSG00000184502","GAST",2.46280607285988,4.99746273905892e-06,"GAST",3.77098676349177,3.20106926599323e-13
"ENSG00000184557","SOCS3",1.46398254268227,1.19568724583989e-07,"SOCS3",0.626161005003113,0.00104068284646335
"ENSG00000184564","SLITRK6",1.1976165364792,0.00543541306746499,"SLITRK6",1.09257347188087,0.00926901421814814
"ENSG00000184574","LPAR5",0.516161413124653,0.029280017266122,"LPAR5",0.980427038324203,9.13425935844285e-05
"ENSG00000184584","STING1",1.39110245448488,5.19999773564908e-14,"STING1",1.21504096247715,1.22506627328917e-18
"ENSG00000184792","OSBP2",1.54671363300012,8.80263520501181e-11,"OSBP2",1.78497159228387,6.00435983638263e-19
"ENSG00000184860","SDR42E1",0.53457887387016,0.00688146608664838,"SDR42E1",0.690005287714931,0.000102850791089848
"ENSG00000185000","DGAT1",0.499095550619668,0.0024276213939672,"DGAT1",0.311273092140691,0.0319108290131015
"ENSG00000185022","MAFF",0.39774648008582,0.00418988313877989,"MAFF",0.833617438994525,9.91008181877841e-13
"ENSG00000185088","RPS27L",0.662858798202541,3.20587828175303e-05,"RPS27L",1.14044331149036,3.44794231588974e-17
"ENSG00000185219","ZNF445",0.308444920253559,0.0421388152983104,"ZNF445",0.300514743404581,0.0275266422262095
"ENSG00000185262","UBALD2",0.392877713851023,0.00529837043214246,"UBALD2",0.322008684896129,0.00772997203016042
"ENSG00000185338","SOCS1",0.537921705328756,0.0352206909634172,"SOCS1",1.83474040200331,1.83921586485847e-08
"ENSG00000185359","HGS",0.329532042611669,0.00263088080688414,"HGS",0.228830751703287,0.0145072438220032
"ENSG00000185386","MAPK11",0.590234249807341,0.00643119581542355,"MAPK11",0.740633557139054,0.000187252220044616
"ENSG00000185467","KPNA7",0.710102219244883,0.0304992497378748,"KPNA7",3.73519387317923,1.55265836674181e-07
"ENSG00000185479","KRT6B",0.367154736971791,0.0482398446344095,"KRT6B",1.23904743155542,1.63595821704663e-10
"ENSG00000185495",NA,0.48786307669411,0.0367939593527334,NA,1.62468263052336,1.81328547772806e-08
"ENSG00000185561","TLCD2",0.489137963466474,0.0151739401458376,"TLCD2",0.754530953552953,0.000176334833312992
"ENSG00000185664","PMEL",0.596583420284051,0.0454785216297811,"PMEL",1.65535049998036,0.00124107262418067
"ENSG00000185716","MOSMO",0.491305131116187,0.000666366270091192,"MOSMO",0.703946017198737,3.03052327518023e-09
"ENSG00000185721","DRG1",0.213185722575352,0.0417490574499432,"DRG1",0.292967345609774,0.000280482519203181
"ENSG00000185761","ADAMTSL5",0.947192288988604,0.000168075770075782,"ADAMTSL5",0.804142997682677,8.53711806790493e-05
"ENSG00000185803","SLC52A2",0.271761436420928,0.0373622954411843,"SLC52A2",0.533015839682604,2.23071534190729e-07
"ENSG00000185860","CCDC190",3.29577477289534,2.77789864202829e-07,"CCDC190",4.07784101716383,5.78936470671825e-14
"ENSG00000185862","EVI2B",2.03286512860175,2.90267793361674e-05,"EVI2B",1.27450715214645,8.36197941819756e-08
"ENSG00000185880","TRIM69",0.324343376652067,0.0457941334363227,"TRIM69",0.419753272343206,0.00379601102966341
"ENSG00000185896","LAMP1",0.450455063155856,4.11380068849974e-07,"LAMP1",0.428860234952438,5.22664751967523e-09
"ENSG00000185947","ZNF267",0.371119557894693,0.00462171713449358,"ZNF267",0.31578143838477,0.00554877899300093
"ENSG00000185950","IRS2",1.09521793124714,6.72259164323916e-07,"IRS2",1.54584361366527,1.88155087776047e-17
"ENSG00000186166","CENATAC",0.689671887131175,0.000474318846916918,"CENATAC",0.864192148070958,3.26404253670623e-07
"ENSG00000186226","LCE1E",0.892701028521177,0.0120454522340432,"LCE1E",1.93050568751615,1.56926379616834e-05
"ENSG00000186567","CEACAM19",0.71519037891468,0.0120370501515733,"CEACAM19",1.22046925238364,0.000216434606063843
"ENSG00000186577","SMIM29",0.457121179672741,0.0037808323188622,"SMIM29",0.622791297273533,1.35636383927461e-06
"ENSG00000186594","MIR22HG",0.4999883801571,0.00872858831580634,"MIR22HG",0.406917290092067,0.0175951038113198
"ENSG00000186635","ARAP1",0.516996148452995,0.000229280616921268,"ARAP1",0.769580663603217,4.08927472453636e-11
"ENSG00000186787","SPIN2B",0.569747195596854,0.018375359107197,"SPIN2B",0.440094922634308,0.0349807843708887
"ENSG00000187079","TEAD1",0.523885590462466,0.000132998812396222,"TEAD1",0.531717358019139,3.81389651446941e-06
"ENSG00000187098","MITF",0.505614262272425,0.00391227986197061,"MITF",1.28553070361868,1.49097433878642e-15
"ENSG00000187239","FNBP1",0.49022231024144,6.16742503238701e-05,"FNBP1",0.612771292678769,1.82822456307906e-09
"ENSG00000187583","PLEKHN1",0.416483256259449,0.00567413295513085,"PLEKHN1",0.622714557363199,2.50144182278517e-06
"ENSG00000187608","ISG15",2.2901784216715,7.84079587203048e-19,"ISG15",2.82672229601634,7.31910898017467e-41
"ENSG00000187800","PEAR1",0.859798478736151,0.00215164694421635,"PEAR1",0.753385378496312,0.00127751527117851
"ENSG00000187994","RINL",2.47670861668743,1.11782553596998e-07,"RINL",3.31684087206915,2.99800424629468e-14
"ENSG00000188112","C6orf132",0.562603851806579,2.53484243560374e-05,"C6orf132",0.640211588829822,1.16209063288853e-08
"ENSG00000188215","DCUN1D3",0.327328612504305,0.0471213057147179,"DCUN1D3",0.798463380001643,1.66471615669258e-07
"ENSG00000188549","CCDC9B",0.864161216478551,0.00129661882637684,"CCDC9B",1.29186971514998,2.1232883049194e-07
"ENSG00000188554","NBR1",0.230276528121036,0.0387805245777854,"NBR1",0.493169178825052,1.63554437981313e-08
"ENSG00000188613","NANOS1",1.0194129843242,2.13411387547962e-06,"NANOS1",0.360503440036901,0.0288682720012355
"ENSG00000188643","S100A16",0.23523340455798,0.0290626056172719,"S100A16",0.220737658186999,0.0133891095547662
"ENSG00000188825","LINC00910",0.533563206931432,0.0378884727077028,"LINC00910",2.64953879346791,2.85893084224544e-19
"ENSG00000188910","GJB3",0.355992018546342,0.00405617603968681,"GJB3",0.576315921056107,1.64434060407494e-08
"ENSG00000189043","NDUFA4",0.268337391574134,0.0324872133221842,"NDUFA4",0.22993062082083,0.0334428860158082
"ENSG00000189060","H1-0",0.88498989196117,2.71581291697086e-05,"H1-0",0.566197188353424,0.000496602744957568
"ENSG00000189077","TMEM120A",0.586137827911401,2.76230388051018e-05,"TMEM120A",0.739461976463713,3.80749441736496e-10
"ENSG00000189143","CLDN4",0.763439629701023,0.0164017135634536,"CLDN4",2.20475302654586,1.15501983112695e-08
"ENSG00000189159","JPT1",0.474071274085939,6.3099643940797e-05,"JPT1",0.656360178931481,2.16776514291866e-11
"ENSG00000189171","S100A13",0.82883349082487,3.29970712379205e-12,"S100A13",0.660890225950996,7.41982674658022e-12
"ENSG00000189190","ZNF600",0.395571441273586,0.0382211005993083,"ZNF600",0.79281943137111,3.3781957944991e-05
"ENSG00000189275","LINC01164",0.509488412585106,0.0467645221175969,"LINC01164",3.29547387662547,1.01583063664649e-06
"ENSG00000189280","GJB5",0.559036296013957,1.54275185189905e-05,"GJB5",0.915254530529459,6.55680957561412e-18
"ENSG00000196072","BLOC1S2",0.302406778338401,0.00287390614751834,"BLOC1S2",0.368096584783656,8.32470558497274e-06
"ENSG00000196074","SYCP2",0.611706306836105,0.0260037595919385,"SYCP2",1.08466465064374,0.0021003747858958
"ENSG00000196116","TDRD7",0.777211998650832,0.000161328976487618,"TDRD7",0.9980778115771,3.34902456169039e-08
"ENSG00000196152","ZNF79",1.01353735729995,0.00447600059866008,"ZNF79",1.56954559080201,1.88092154322792e-05
"ENSG00000196155","PLEKHG4",0.474313447639217,0.0314995735988565,"PLEKHG4",1.08435599401984,3.9301113223664e-06
"ENSG00000196187","TMEM63A",1.06620422780182,5.48061041911015e-09,"TMEM63A",0.66274244281475,6.91909268692782e-06
"ENSG00000196235","SUPT5H",0.289038244819301,0.00236203832675226,"SUPT5H",0.712309914791031,3.84765308394181e-21
"ENSG00000196247","ZNF107",0.46431826813694,0.0142787238874383,"ZNF107",0.933463336732867,3.13458506515499e-07
"ENSG00000196267","ZNF836",0.704976307632583,0.00206348429688945,"ZNF836",0.818615084830362,0.000270282506581065
"ENSG00000196396","PTPN1",0.415568012834972,2.90292039239865e-07,"PTPN1",0.558193737250108,1.73545880070426e-17
"ENSG00000196411","EPHB4",0.300092767071002,0.00364860613452897,"EPHB4",0.278510754575504,0.00095503905061673
"ENSG00000196420","S100A5",0.623084359524096,0.0406320529310374,"S100A5",0.714933805355819,0.0496202780387298
"ENSG00000196507","TCEAL3",0.79914904808731,1.87507594078208e-07,"TCEAL3",1.25405398236821,1.76091554541224e-22
"ENSG00000196562","SULF2",1.44120747325398,3.1114413844608e-05,"SULF2",2.30482028721926,3.40846813241138e-15
"ENSG00000196576","PLXNB2",0.460864388760209,0.000609286021951283,"PLXNB2",0.635603303445639,2.18746950376471e-08
"ENSG00000196586","MYO6",0.909002190971489,7.27444858902028e-15,"MYO6",1.00248515167756,1.04284811646231e-25
"ENSG00000196639","HRH1",0.480548131082744,0.00166139592123762,"HRH1",0.624648434560011,9.04956709825415e-08
"ENSG00000196734","LCE1B",1.86712511339414,4.19616668046287e-10,"LCE1B",2.35085117940787,3.03172552550388e-19
"ENSG00000196739","COL27A1",0.659703939045056,0.000214795845704014,"COL27A1",0.548785108756761,0.00014159922227577
"ENSG00000196743","GM2A",0.385861140836293,0.00247261455053453,"GM2A",0.765310312738331,9.23642626502181e-13
"ENSG00000196776","CD47",0.2236320895484,0.0377237846562893,"CD47",0.46311013412071,2.19983266749652e-08
"ENSG00000196872","CRACDL",0.492262698927879,0.0352701207194547,"CRACDL",0.918242771742979,0.00109116794311425
"ENSG00000196878","LAMB3",1.45067979332549,7.12026402382069e-23,"LAMB3",1.42121315436008,5.44654138670494e-32
"ENSG00000196923","PDLIM7",0.974816449979916,2.78297380795431e-10,"PDLIM7",0.368012245924011,0.00300108469648556
"ENSG00000196924","FLNA",0.479821124420816,0.0122571272453252,"FLNA",0.421791661438731,0.013969860987517
"ENSG00000196937","FAM3C",0.392053175873226,0.000159660855313823,"FAM3C",0.197864042262735,0.0269986781306239
"ENSG00000196954","CASP4",0.761437060655785,7.60541743177616e-10,"CASP4",0.90256646636706,1.75754382506064e-19
"ENSG00000196998","WDR45",0.709232575159386,0.000108039821221204,"WDR45",0.410780981617335,0.0048832115686889
"ENSG00000197019","SERTAD1",0.919328955095675,1.57762603395768e-07,"SERTAD1",1.49575860775531,2.30476489623139e-25
"ENSG00000197070","ARRDC1",0.406546118741305,0.00810366223215573,"ARRDC1",0.709150175376641,1.19097147830532e-07
"ENSG00000197084","LCE1C",2.54268632831288,4.80147364650405e-07,"LCE1C",2.76481899955515,1.49348419913671e-11
"ENSG00000197191","CYSRT1",1.78661269681431,9.22460475361341e-14,"CYSRT1",1.8615062355768,1.41159768425288e-20
"ENSG00000197324","LRP10",1.01388183829078,3.16662620855362e-13,"LRP10",1.20033121368504,2.10795572504361e-26
"ENSG00000197632","SERPINB2",2.77351698859273,1.19548692744906e-09,"SERPINB2",3.71024587814006,3.0135111414695e-21
"ENSG00000197646","PDCD1LG2",1.99001335134785,2.46044559635886e-05,"PDCD1LG2",0.935284057568916,0.000829050602933588
"ENSG00000197694","SPTAN1",0.518776915692465,8.13234486663587e-05,"SPTAN1",0.513867697026523,3.82695814920595e-06
"ENSG00000197696","NMB",0.627245879268278,1.37090471081739e-05,"NMB",0.404833491042728,0.000820079249917318
"ENSG00000197746","PSAP",0.365309595210089,0.000595474688690867,"PSAP",0.397907776015879,6.82305986218348e-06
"ENSG00000197747","S100A10",0.496045157173319,0.000277653725188015,"S100A10",0.660542009240837,8.81075596539607e-09
"ENSG00000197756","RPL37A",0.208245083348637,0.0448902572083888,"RPL37A",0.192451724151618,0.0237644283811408
"ENSG00000197852","INKA2",1.72964597541909,5.29741819967703e-12,"INKA2",1.82836680001718,3.11450502915933e-25
"ENSG00000197879","MYO1C",0.268319675305779,0.0157820259320578,"MYO1C",0.359769982554127,5.90532413193573e-05
"ENSG00000197885","NKIRAS1",0.490657075161311,0.00187176996756961,"NKIRAS1",0.304897210527467,0.0320510012100678
"ENSG00000197948","FCHSD1",0.63847868220451,0.001522391943484,"FCHSD1",0.506808511464361,0.0029937624029166
"ENSG00000197956","S100A6",0.559658888032466,0.000215366877339626,"S100A6",0.695809360911586,4.72755734271514e-08
"ENSG00000198074","AKR1B10",2.02164455633315,1.99776179473241e-05,"AKR1B10",2.73313549857372,7.18118887339353e-11
"ENSG00000198087","CD2AP",0.24666761548381,0.0247496489870869,"CD2AP",0.226309729299032,0.0139853647478764
"ENSG00000198113","TOR4A",0.47909534534887,0.00135469729174812,"TOR4A",0.412269176098069,0.000560260532506066
"ENSG00000198168","SVIP",0.438337066979934,0.00465707950704806,"SVIP",0.727571848292065,1.08037504525947e-07
"ENSG00000198171","DDRGK1",0.582044315432366,7.26126241892577e-13,"DDRGK1",0.647404605476898,5.52517355799863e-24
"ENSG00000198258","UBL5",0.370938425044217,0.000927090696084501,"UBL5",0.432091824267594,3.49433562012428e-06
"ENSG00000198380","GFPT1",0.266966107183386,0.0272824737662642,"GFPT1",0.24490702628277,0.0161244706348522
"ENSG00000198399","ITSN2",0.692479206840452,6.96726315765821e-10,"ITSN2",0.69963880848673,1.51430403457727e-14
"ENSG00000198455","ZXDB",0.83900612188963,0.000216047585334729,"ZXDB",0.969320322592496,4.25112900166077e-07
"ENSG00000198467","TPM2",0.393210025104672,0.000339722990916064,"TPM2",0.298868748574923,0.00147606257167845
"ENSG00000198522","GPN1",0.291327771782089,0.0156223479450471,"GPN1",0.371500140558812,0.000151426082052452
"ENSG00000198538","ZNF28",0.828305042716731,0.000881392116669052,"ZNF28",1.36891958774651,6.09931548053896e-09
"ENSG00000198573","SPANXC",0.635482314926432,0.0286687679901249,"SPANXC",1.04401422208603,0.0163100599587235
"ENSG00000198626","RYR2",1.27215029336842,1.35424971313764e-05,"RYR2",1.58381798399334,2.11471395482891e-10
"ENSG00000198729","PPP1R14C",0.386265868323992,0.000985163787861452,"PPP1R14C",0.487736870673443,7.17117079618573e-07
"ENSG00000198732","SMOC1",2.13945698107792,3.49827073978194e-23,"SMOC1",1.19161852160884,1.08167924667849e-20
"ENSG00000198768","APCDD1L",1.23403202797808,0.000418561173344436,"APCDD1L",0.78929383998343,0.000626407057544378
"ENSG00000198818","SFT2D1",0.332236189546349,0.00418157659806513,"SFT2D1",0.217724917479158,0.0275917544649081
"ENSG00000198832","SELENOM",0.724074263150868,0.00118303385071024,"SELENOM",1.12144035185327,1.48139668571621e-07
"ENSG00000198853","RUSC2",0.652929423994381,0.0036207800049686,"RUSC2",0.645202508293419,0.000718428378588809
"ENSG00000198854","KPLCE",0.812402070440299,0.0143896569881367,"KPLCE",1.63819556607733,0.00148935252274554
"ENSG00000198876","DCAF12",0.214219249784233,0.0439209353738168,"DCAF12",0.184690807446628,0.0331488852826058
"ENSG00000198892","SHISA4",0.671668363381551,0.00211162716734516,"SHISA4",1.73633445881393,1.6839504947119e-15
"ENSG00000198961","PJA2",0.42547656765704,0.000152585260467395,"PJA2",0.304036915472002,0.00151206803767142
"ENSG00000203668","CHML",0.60990142841087,6.09556373168863e-07,"CHML",0.841304595694871,8.40350228749293e-17
"ENSG00000203706",NA,1.36833892911148,0.000388927658500803,NA,0.445833687631894,0.0325645840089112
"ENSG00000203711","LINC02901",0.826031598143408,0.0174142888802844,"LINC02901",2.03097281983508,2.03865745610264e-05
"ENSG00000203721","LINC00862",2.35557494108874,3.61026596055893e-09,"LINC00862",2.23340556516154,1.85393028742581e-11
"ENSG00000203760","CENPW",0.488313481347951,0.00140501501157127,"CENPW",0.355905459895707,0.00660015858558254
"ENSG00000203783","PRR9",2.22131818528659,0.000240689211716452,"PRR9",4.44348873364182,9.77307132357036e-12
"ENSG00000203879","GDI1",0.413666892920021,0.00121403162137817,"GDI1",0.568661949854037,9.10850906909502e-08
"ENSG00000203950","RTL8A",0.405569004666273,0.000635266920072879,"RTL8A",0.496622358819861,4.58757267296451e-07
"ENSG00000204084","INPP5B",0.380780006042572,0.0121574865626377,"INPP5B",0.73025081520911,7.12896453954916e-08
"ENSG00000204138","PHACTR4",0.180252640896615,0.0472177625141741,"PHACTR4",0.203847595942128,0.00390409896757592
"ENSG00000204147","ASAH2B",0.468636422575969,0.0198079876212105,"ASAH2B",0.668122398050756,0.000397786150466087
"ENSG00000204227","RING1",0.245428685341195,0.0304992497378748,"RING1",0.334484255858418,0.000159868407850066
"ENSG00000204264","PSMB8",1.01750541565885,9.12466009444029e-06,"PSMB8",0.59096558675407,0.000709870428886924
"ENSG00000204351","SKIC2",0.483525287667472,1.9592236664699e-05,"SKIC2",0.39914057988521,1.87272784714771e-05
"ENSG00000204356","NELFE",0.236875408371542,0.00515706769034891,"NELFE",0.301863754094517,3.16998647323069e-06
"ENSG00000204397","CARD16",1.88867474468715,3.19761347540305e-09,"CARD16",3.26038037325432,1.96657649888176e-24
"ENSG00000204421","LY6G6C",1.44575084647052,0.000909017986623322,"LY6G6C",3.29348950949477,4.11123823734561e-08
"ENSG00000204463","BAG6",0.228621273263415,0.0204996571786105,"BAG6",0.321004271301385,3.26355481240297e-05
"ENSG00000204516","MICB",0.611171222873712,0.00427211038986629,"MICB",1.31086112589629,8.52343416959844e-12
"ENSG00000204525","HLA-C",0.39924899286371,0.000902379584537858,"HLA-C",0.640700889835258,1.40112197520021e-10
"ENSG00000204540","PSORS1C1",0.622782688357578,0.0108760561840508,"PSORS1C1",0.943141586811923,8.62750251496344e-05
"ENSG00000204758","RPL26L1-AS1",0.905495424524124,0.00997589083609699,"RPL26L1-AS1",1.91485125891667,1.44801710079653e-06
"ENSG00000204839","MROH6",0.603913703529385,0.00159871607358282,"MROH6",0.411237210602557,0.0141124675674832
"ENSG00000204843","DCTN1",0.366253561470503,0.00119432993061994,"DCTN1",0.294092878445146,0.00247026241719063
"ENSG00000205302","SNX2",0.281245690096242,0.00771476259490865,"SNX2",0.288508203940277,0.000950598381861121
"ENSG00000205325",NA,0.642729722147678,0.0378884727077028,NA,2.95643699195035,1.88925057725026e-06
"ENSG00000205336","ADGRG1",0.750066456520175,5.63592424618413e-06,"ADGRG1",1.00632456250161,9.37323638566785e-14
"ENSG00000205413","SAMD9",0.573659898540117,3.65289241929585e-05,"SAMD9",0.923769380510439,2.61945657074116e-14
"ENSG00000205629","LCMT1",0.319664448896921,0.00500973581048898,"LCMT1",0.483207147421304,1.70240085293558e-07
"ENSG00000206053","JPT2",0.309254424885782,0.000309952900972085,"JPT2",0.263847045597298,0.000192096622212994
"ENSG00000206075","SERPINB5",0.367623106685837,0.00322799754965924,"SERPINB5",0.723315130461426,4.08589361933139e-12
"ENSG00000206538","VGLL3",0.578534440601232,0.000930232719263222,"VGLL3",1.08749511036073,3.76462079575343e-12
"ENSG00000209082",NA,0.583149816991795,0.0244549755732081,NA,1.56393036110156,1.98430163047317e-07
"ENSG00000210049",NA,2.08983394123402,1.65768486992524e-12,NA,1.99464443443175,2.66133366246968e-16
"ENSG00000210077",NA,0.852954062037436,0.00396446745977995,NA,1.83485127334225,6.32451409515789e-10
"ENSG00000211584","SLC48A1",0.713782038049156,9.09566779915899e-06,"SLC48A1",1.03848907274718,1.13284440832229e-14
"ENSG00000211772","TRBC2",1.45156011156632,0.00308335500863037,"TRBC2",2.45615923601847,8.0690179263486e-05
"ENSG00000212724","KRTAP2-3",2.0308442109968,5.25348286596538e-05,"KRTAP2-3",3.28406325787425,1.4840016687621e-11
"ENSG00000213025",NA,0.599911923618725,0.00032927175418777,NA,0.535563827735734,0.00013210631662441
"ENSG00000213337","ANKRD39",0.301404385551226,0.0368450979191094,"ANKRD39",0.506059626528111,2.34387491420345e-05
"ENSG00000213398","LCAT",0.836394670935834,0.00411807273530622,"LCAT",0.680857162511069,0.00370433369280777
"ENSG00000213533","STIMATE",0.780381321150789,0.00880730229420028,"STIMATE",0.971777804273478,0.000434400553477114
"ENSG00000213625","LEPROT",0.402640617482566,3.59989759262767e-05,"LEPROT",0.388908015385974,2.19602151376152e-06
"ENSG00000213722","DDAH2",1.2833308206993,1.4001095995235e-08,"DDAH2",1.49702762360001,4.37998157946032e-14
"ENSG00000213799","ZNF845",0.472129376851567,0.00626224650011801,"ZNF845",0.865990793438426,4.53132855340688e-08
"ENSG00000213918","DNASE1",1.00390068262607,0.000548575717644072,"DNASE1",1.53283845303279,1.18843486257476e-08
"ENSG00000213923","CSNK1E",0.352415328160518,0.00107047689973971,"CSNK1E",0.282142282188601,0.00167830007832818
"ENSG00000213928","IRF9",0.653697753845264,0.013433482441536,"IRF9",1.66719699123649,1.77964153394743e-08
"ENSG00000213977","TAX1BP3",0.340097986542324,0.00995621052012191,"TAX1BP3",0.337010615243775,0.00269885725505896
"ENSG00000214140","PRCD",0.575087473660724,0.0370528247869862,"PRCD",1.1083317679,0.00527619506101746
"ENSG00000214193","SH3D21",0.773099345276548,0.000451301996401608,"SH3D21",1.26060595020593,6.73817585904109e-11
"ENSG00000214318",NA,0.709379342221223,0.00785434002199296,NA,0.773405881623866,0.00147712436623097
"ENSG00000214357","NEURL1B",0.689585896323993,0.0131966143194253,"NEURL1B",0.943666949292569,0.000714267396505739
"ENSG00000214530","STARD10",0.982861043864234,0.00024521437836776,"STARD10",0.752666757910011,0.000360862414318061
"ENSG00000214900","LINC01599",0.523675107563371,0.00887238500417303,"LINC01599",1.41646244002572,5.19925222096771e-11
"ENSG00000214944","ARHGEF28",0.727753529563575,5.43995029960287e-05,"ARHGEF28",0.8290069761016,1.05228685613845e-07
"ENSG00000215182","MUC5AC",2.27234514306846,8.30490290605741e-05,"MUC5AC",3.42798835389223,1.13633287263283e-10
"ENSG00000218739","CEBPZOS",0.361788769381711,0.000382171362155037,"CEBPZOS",0.370640830962864,1.08782222021458e-05
"ENSG00000221866","PLXNA4",0.764370349992323,0.0249801018591333,"PLXNA4",2.81960877868692,9.0762016056158e-06
"ENSG00000221983","UBA52",0.2099922337475,0.0126009585404833,"UBA52",0.282146856802931,1.62986464527735e-05
"ENSG00000222009","BTBD19",1.65193258452346,5.42196240190446e-05,"BTBD19",1.84316225135739,3.17110366112347e-09
"ENSG00000222041","CYTOR",0.910922735334905,1.76800028604924e-13,"CYTOR",0.77302199222739,1.1351235963786e-15
"ENSG00000223396",NA,0.609800354802335,0.0307960521328658,NA,1.08737469734487,0.00149620347081463
"ENSG00000223508",NA,0.573985034488648,0.0121574865626377,NA,0.839966437948958,7.70658820559683e-05
"ENSG00000223573","TINCR",0.591878445403909,0.0432867445862523,"TINCR",0.872573416576739,0.0212366713759387
"ENSG00000223745",NA,0.70728557111383,0.00394760099599732,NA,1.09789334986733,4.48708036606464e-06
"ENSG00000223749",NA,1.7776639957996,0.000203844186349646,NA,0.854694962269855,0.0101815699547108
"ENSG00000223861","RPS10P6",0.723617968107744,0.0195673523694332,"RPS10P6",1.26769131517198,0.000329921241455386
"ENSG00000224259","LINC01133",0.632294804563336,0.00106737302548043,"LINC01133",0.873799471416965,2.72464990715269e-07
"ENSG00000224294","PINCR",3.72432376940811,4.01866390739854e-10,"PINCR",4.61615860851669,1.55292613798652e-18
"ENSG00000224897","POT1-AS1",2.30613547994257,3.06817102419673e-05,"POT1-AS1",3.39879533997153,2.11908613545726e-12
"ENSG00000225269","LINC00705",0.760220682705414,0.0244893723117825,"LINC00705",1.23573425172945,0.00286577747935017
"ENSG00000225383","SFTA1P",1.99325342456583,1.22928309327415e-05,"SFTA1P",2.00488590573071,1.0848396464031e-07
"ENSG00000225969",NA,1.2086636485846,0.00577318004684055,NA,2.09578513799035,0.000338438378518749
"ENSG00000226824","LOC100996437",0.347012401280293,0.0463911983782208,"LOC100996437",0.414177480432717,0.00947267041302352
"ENSG00000227039","ITGB2-AS1",0.952089849504284,0.00676692428411339,"ITGB2-AS1",1.83995611278001,9.43419028751602e-08
"ENSG00000227234","SPANXB1",0.906140309175658,0.0157537728162132,"SPANXB1",3.24421687228242,2.62357514643328e-07
"ENSG00000228300","FAM174C",0.314901290867916,0.00483973862864452,"FAM174C",0.494039348401408,4.25824470252539e-08
"ENSG00000228451",NA,0.464591629810301,0.0388111049915139,NA,1.30614381551637,7.06553496321066e-07
"ENSG00000228474","OST4",0.273518320793577,0.0093715447508339,"OST4",0.241834134387608,0.00613468888032154
"ENSG00000228526","MIR34AHG",1.16759361992072,0.000300611884264215,"MIR34AHG",1.10088766728591,4.24572616961843e-05
"ENSG00000228624","HDAC2-AS2",1.94337688157892,0.000508889469547973,"HDAC2-AS2",3.4781714156418,8.12567730891111e-08
"ENSG00000228649","SNHG26",0.606364159003318,0.000431136343109292,"SNHG26",0.292286034481156,0.0394066411403138
"ENSG00000229021",NA,0.599512798896956,0.0460306375205534,NA,0.791926243213233,0.0272727289564169
"ENSG00000229563","LINC01204",1.53715967685336,0.00191264392901637,"LINC01204",2.48530024826617,5.88543429130132e-06
"ENSG00000231298","MANCR",2.44298514407106,7.4444130869728e-07,"MANCR",2.94360458221648,2.7147195597211e-20
"ENSG00000231566",NA,0.474540497002067,0.0465116714815235,NA,1.17710563569344,2.31029950624237e-05
"ENSG00000231742","LINC01273",1.66743803321703,0.00147601697094185,"LINC01273",1.629038635338,0.000262439708714347
"ENSG00000231925","TAPBP",0.355770240535212,0.00216153171303239,"TAPBP",0.461895719940728,1.32845098348405e-06
"ENSG00000232533","FAM131B-AS2",1.03632136989484,1.27410553757994e-06,"FAM131B-AS2",0.999396858737216,4.96111171205877e-10
"ENSG00000233058",NA,0.63583372428876,0.0400784539445258,NA,1.30650179142542,0.00212543459466
"ENSG00000233117",NA,2.01468705584048,0.000531770733012155,NA,3.31999529832735,3.16152632504879e-08
"ENSG00000233276","GPX1",0.71906198896676,6.20439712937211e-07,"GPX1",0.507860692758083,1.46020933889161e-05
"ENSG00000233695",NA,1.44725988643695,0.000432272450700102,NA,2.08667873534445,4.67334181628781e-07
"ENSG00000233818",NA,1.94905122073442,0.00020567882632113,NA,1.49840597857515,1.87661325226484e-05
"ENSG00000233927","RPS28",0.178239017497895,0.0264613149780826,"RPS28",0.144053867854796,0.0277588774516376
"ENSG00000234498","RPL13AP20",2.06533021490033,1.41922835235216e-10,"RPL13AP20",2.05181614945627,8.75190176109837e-19
"ENSG00000234745","HLA-B",0.823734904607977,3.58520463854269e-06,"HLA-B",0.497578433701147,0.000428604638513999
"ENSG00000235162","C12orf75",0.538745909241821,8.182394072768e-05,"C12orf75",0.472197852687466,3.77909320460283e-05
"ENSG00000235437","LINC01278",0.547297472151659,0.00048277066269761,"LINC01278",0.368873888288259,0.00651446970317685
"ENSG00000235750","KIAA0040",0.537935564143788,0.000214968262988004,"KIAA0040",0.623987077434386,4.62987254309595e-07
"ENSG00000235927","NEXN-AS1",0.952389177174938,0.0129843000609354,"NEXN-AS1",0.814788749420798,0.0105510130215906
"ENSG00000236427","CCDST",1.19246910362133,0.00491640569829414,"CCDST",0.998800456440864,0.0168524180713365
"ENSG00000236751",NA,1.14336659409554,0.000179502789794239,NA,1.88314842059448,7.38051718672318e-13
"ENSG00000237441","RGL2",0.829174638473012,1.63978587516993e-08,"RGL2",0.41204795841861,0.000622811967108209
"ENSG00000237512","UNC5B-AS1",0.777517322832151,0.0130387941787831,"UNC5B-AS1",1.79181982857428,0.00196508640235668
"ENSG00000237523","LINC00857",0.595064481491833,0.0137308405976571,"LINC00857",0.878870481043647,0.000190963698765168
"ENSG00000237765","FAM200B",0.362416665952562,0.0211708356898266,"FAM200B",0.755364372199209,2.12728703162988e-09
"ENSG00000238266",NA,1.08754092143961,6.69389109617404e-05,NA,1.01900373217122,5.06587746003066e-06
"ENSG00000239523","MYLK-AS1",0.441498826435205,0.0270140707848391,"MYLK-AS1",0.666273666926422,0.000579661865857928
"ENSG00000240386","LCE1F",2.39526385316276,0.00011237791106607,"LCE1F",4.34506242002986,3.51523179235043e-09
"ENSG00000240891","PLCXD2",2.44260008607958,7.68724654545401e-09,"PLCXD2",2.12253107334011,5.51525827630003e-13
"ENSG00000241288","LINC02614",2.20131037651105,6.2059887860561e-06,"LINC02614",2.45869471596714,2.17577821879548e-10
"ENSG00000241990",NA,0.466000833030427,0.00102814361092731,NA,0.457677670451648,0.000213984114580186
"ENSG00000242242",NA,0.75254463805964,0.0184259965106239,NA,3.56260594073308,9.63713041648811e-08
"ENSG00000243137","PSG4",1.14357825041737,0.00185212391479606,"PSG4",1.72965869184536,3.67723649792173e-06
"ENSG00000243225",NA,3.57816487956458,3.84719775217534e-09,NA,2.98128355072269,1.03779731594217e-13
"ENSG00000243449","NICOL1",0.34616541616119,0.0315347326731604,"NICOL1",0.588204693600798,3.23763207161037e-05
"ENSG00000243701","DUBR",0.826698305152,2.13411387547962e-06,"DUBR",1.21620222261967,7.60033952947806e-17
"ENSG00000244045","VMA12",0.297154512662183,0.00731028025179304,"VMA12",0.225461382009949,0.0139135993753745
"ENSG00000244119",NA,0.793931225562722,0.0193021658562577,NA,3.47241547963458,5.26662761097041e-07
"ENSG00000244128","LINC01322",1.08380016178066,5.89097116464637e-06,"LINC01322",0.765463421627583,3.69862097559177e-05
"ENSG00000244509","APOBEC3C",1.39279463046799,1.25101253265272e-29,"APOBEC3C",1.33660303457968,6.73633377687957e-41
"ENSG00000245213","GALNT7-DT",0.700823005768837,0.00939026684844097,"GALNT7-DT",1.09087457135718,1.42693906958241e-05
"ENSG00000245522","LINC02709",0.532062956726978,0.0453468481169113,"LINC02709",1.36260277608873,5.39354674451973e-05
"ENSG00000245954","LINC02273",3.29075688666908,6.81214301378222e-07,"LINC02273",3.71375156280445,2.17619277294957e-18
"ENSG00000246067","RAB30-DT",0.646551842276183,1.09566148570677e-07,"RAB30-DT",0.497165587316331,3.14087164593754e-07
"ENSG00000246228","CASC8",0.400110680190799,0.0193151136606284,"CASC8",0.440674543242936,0.00455144652836686
"ENSG00000246695","RASSF8-AS1",0.411391485558308,0.037567903440026,"RASSF8-AS1",0.31411218599522,0.0464082873607269
"ENSG00000248429","GASK1B-AS1",0.668994670615003,4.67180720277675e-05,"GASK1B-AS1",0.696519673783602,5.80604908692981e-07
"ENSG00000248583",NA,1.44927140682713,0.000637707456791717,NA,2.04686981094677,3.72727378378328e-06
"ENSG00000248787",NA,0.900592590936215,0.0137640676650534,NA,2.95629889798988,2.0350132104573e-09
"ENSG00000249673",NA,0.702161040278868,1.07514071813989e-05,NA,0.427566105271971,0.000844198825330365
"ENSG00000249859","PVT1",0.580028995708331,5.63598008246361e-05,"PVT1",1.0662113436365,3.04347896287736e-18
"ENSG00000250072","SH3TC2-DT",1.59612109496192,5.41885316360315e-05,"SH3TC2-DT",1.16107837555319,0.000641556069234909
"ENSG00000250208","FZD10-AS1",1.34961768961982,0.00235242018611863,"FZD10-AS1",1.3517137133914,0.000500146519058879
"ENSG00000250337","PURPL",2.88749819261056,3.28675730899543e-09,"PURPL",3.42564912313662,3.19202550345421e-16
"ENSG00000250999",NA,1.14783873974799,0.00757634589290744,NA,1.23216146984068,0.0019012317451749
"ENSG00000251095","LOC105377329",1.81382617717291,2.54111762545525e-21,"LOC105377329",2.52687952362242,8.76770419254482e-51
"ENSG00000251191","LINC00589",0.862259025639635,0.0151938155953497,"LINC00589",1.20614932887206,0.00696460685553968
"ENSG00000251192","ZNF674",0.495024691328164,0.0411208553951895,"ZNF674",1.07178471388932,6.1986485135854e-05
"ENSG00000251257",NA,1.17070030848528,0.00475818843934606,NA,3.36391616053568,1.27683611126235e-06
"ENSG00000251493","FOXD1",0.850750614638669,2.00310418743988e-06,"FOXD1",0.303512402165246,0.0330539521672398
"ENSG00000253669",NA,0.522532459886039,0.0207784818992685,NA,0.752634405962771,0.00126818062242121
"ENSG00000253736","LOC105377730",0.588283858860953,0.0312708230377002,"LOC105377730",1.20346077555336,0.000200073055612196
"ENSG00000254004","ZNF260",0.356544931726981,0.0127347503633863,"ZNF260",0.463768443581722,0.00023884281997901
"ENSG00000254842",NA,2.63225759705574,1.50847640187915e-11,NA,2.69450822573535,6.32355712669632e-20
"ENSG00000254999","BRK1",0.329062311972667,0.000344618839151318,"BRK1",0.307333910067147,6.03489337826615e-05
"ENSG00000255317","LOC105369558",1.76537012183057,0.000718655376322852,"LOC105369558",2.46946829653271,5.43076499827167e-05
"ENSG00000256268","LINC02454",1.84027821666188,4.11446182900008e-06,"LINC02454",1.26603876666618,1.16378045200804e-07
"ENSG00000256940","PPP1R14B-AS1",0.799135776645478,1.43364224481261e-06,"PPP1R14B-AS1",1.06342901997025,1.40913020143816e-14
"ENSG00000256980","KHDC1L",0.739330603878261,0.0268612924158433,"KHDC1L",2.92659383220218,8.58670658201446e-06
"ENSG00000256982",NA,0.589970488882354,0.035110707338312,NA,0.974292413497212,0.00389754429930189
"ENSG00000257126",NA,0.75519184552223,0.0200717113073604,NA,1.52857515904276,0.00013357903086679
"ENSG00000257335","MGAM",0.549023417216261,0.0202708304542696,"MGAM",0.500800728601161,0.0214630163369343
"ENSG00000258464","LOC105370409",1.97202529894088,0.000296221619499712,"LOC105370409",0.904939567391637,0.00347278758865765
"ENSG00000258590",NA,1.89079529372115,0.000161910816553679,NA,0.528273931696878,0.0471016549331153
"ENSG00000258602","LINC01629",1.51862819942994,0.00187572029463238,"LINC01629",2.20360820660955,2.51343385524317e-05
"ENSG00000259146","SIPA1L1-AS1",0.533133722813312,0.0496001453970932,"SIPA1L1-AS1",0.85244438287951,0.00947881983048203
"ENSG00000259153","MAP3K9-DT",1.13085364630443,8.2029797532451e-11,"MAP3K9-DT",0.62793608963794,6.00774231742647e-06
"ENSG00000259178",NA,0.665400009651825,0.0280561044692986,NA,1.51386917634977,0.000108283765795889
"ENSG00000259207","ITGB3",1.37532703481159,0.00331856059682266,"ITGB3",1.36505771756748,0.000536632961787609
"ENSG00000259527","LINC00052",0.939652100877648,0.0142207941835992,"LINC00052",1.46975310022026,0.00345598702564828
"ENSG00000259727",NA,1.52685585783582,0.00122966835059939,NA,1.51381297606477,0.000285468368157417
"ENSG00000260025","CRIM1-DT",0.552747731541037,0.0234730117954753,"CRIM1-DT",0.571547406046401,0.0156267833209338
"ENSG00000260604",NA,1.50014069630265,0.000571492197611114,NA,3.18703333221562,1.1210640898046e-14
"ENSG00000260912",NA,1.4398002559498,1.33723213087927e-05,NA,1.48119889021866,2.71793328588913e-08
"ENSG00000261092",NA,1.88755209472871,3.2744305104348e-05,NA,1.8133827922081,3.10820138739109e-06
"ENSG00000261150","EPPK1",2.17926873030036,3.17549429585581e-18,"EPPK1",3.18346710613614,1.3480378081951e-41
"ENSG00000261488","TBILA",0.956433026978984,0.0106592386446158,"TBILA",0.859340638965256,0.0112184995086829
"ENSG00000262001",NA,0.790779980386241,0.0202176327490999,NA,0.632687925357274,0.0231484239626767
"ENSG00000262454","MIR193BHG",0.479018685162566,0.017210914314993,"MIR193BHG",0.435664242978481,0.0169201021364057
"ENSG00000265107","GJA5",0.800081949784501,0.00168500741599972,"GJA5",1.9689559537115,3.62880788215282e-13
"ENSG00000265763","ZNF488",0.468253325079653,0.0325773505893631,"ZNF488",0.78723603986569,0.00019710131316288
"ENSG00000265972","TXNIP",0.629122024184226,0.0148762169326607,"TXNIP",1.45653435252808,1.87161916906922e-07
"ENSG00000266028","SRGAP2",0.363730292314852,0.00997589083609699,"SRGAP2",0.721778068681581,6.81277217049311e-09
"ENSG00000266088","LOC105371773",2.64343673931278,1.10160191387108e-17,"LOC105371773",2.32541260244395,1.9256377261185e-29
"ENSG00000266094","RASSF5",1.00420440673517,2.07252076073178e-06,"RASSF5",1.6930824990502,1.03760346943164e-20
"ENSG00000266278","LINC01910",0.790645607353301,0.016816841964885,"LINC01910",0.67170466303614,0.0255465528846377
"ENSG00000267060","PTGES3L",0.741506764442399,0.0180977951497109,"PTGES3L",1.69943195957774,0.00237980076828837
"ENSG00000267213","DPY19L3-DT",0.60570314478383,0.0394761011480304,"DPY19L3-DT",0.826518226569315,0.0151701490448007
"ENSG00000268460","LOC93429",0.636539298721178,0.0400056256038559,"LOC93429",3.14228867511016,7.00999211754675e-06
"ENSG00000268621","IGFL2-AS1",1.19920292156523,0.00127654416741826,"IGFL2-AS1",2.62918501084086,3.42601879209292e-12
"ENSG00000269729","LOC105372424",2.91605428222931,9.50687407407684e-14,"LOC105372424",3.34565112285333,4.74465589149714e-22
"ENSG00000269927",NA,2.60081941779701,1.83609171493225e-08,NA,2.26206686985084,4.94671226708198e-13
"ENSG00000269989",NA,0.741386800756136,0.00418988313877989,NA,0.779467897968456,0.000729752230485471
"ENSG00000270002",NA,0.704852227910981,0.0308649625258962,NA,2.27388896126534,3.46487294550589e-06
"ENSG00000270640",NA,0.59314533099499,0.0236563133439132,NA,0.929852210693783,0.00128906432184033
"ENSG00000270681",NA,0.832291069330411,0.01251956155891,NA,1.15682948622125,0.0107405646492013
"ENSG00000272047","GTF2H5",0.237864324321552,0.010876768552162,"GTF2H5",0.207919601844711,0.00668101688103688
"ENSG00000272599",NA,1.21783629617922,6.03270462145117e-06,NA,0.796198093143508,2.0179708606737e-05
"ENSG00000272695","GAS6-DT",1.05587367223241,0.00396446745977995,"GAS6-DT",1.60459799322097,9.11028853345681e-06
"ENSG00000272703",NA,1.90556695434391,0.000432272450700102,NA,3.64275779368429,7.51265111523977e-12
"ENSG00000272734",NA,1.20932969567617,6.1227207985891e-05,NA,1.75302584577718,1.08306864182617e-14
"ENSG00000273102","LOC124905013",0.574749989976844,0.0344754191951507,"LOC124905013",1.21141454092073,0.00904651180209737
"ENSG00000273132","LOC124901427",1.48307007861685,2.51997393424335e-05,"LOC124901427",1.65797103262445,3.84277368084575e-10
"ENSG00000273486",NA,1.07706355718099,0.00194033624179423,NA,1.20598353497579,7.26035279499402e-05
"ENSG00000274038",NA,1.17552993926322,0.00245305130909041,NA,0.936056486737383,0.00374932701128494
"ENSG00000275216",NA,1.44258096266185,1.32853529249301e-05,NA,1.9295211601422,3.23941867850061e-12
"ENSG00000275342","PRAG1",0.396127014761209,0.0134482317864267,"PRAG1",1.10720819091115,1.75003094783747e-14
"ENSG00000276023","DUSP14",0.830064567909059,1.37295209552278e-07,"DUSP14",1.5262027608097,9.30511898031639e-32
"ENSG00000276107",NA,2.07667552610489,0.000253977829106896,NA,0.615474182230298,0.0455508003349045
"ENSG00000276170","LOC101929494",0.676305623808117,0.00049648083349838,"LOC101929494",0.398615948259543,0.0430201165189445
"ENSG00000276850","ANXA8",0.514608991011077,0.00422498595594512,"ANXA8",0.456190450671175,0.00372406107945514
"ENSG00000277496",NA,0.737947381235906,0.0258414358156632,NA,1.5015580620843,0.000862192051784058
"ENSG00000277639","CHD9NB",1.90718208925902,5.2245188259844e-05,"CHD9NB",3.03419057276918,1.39541086864567e-13
"ENSG00000278626",NA,1.53323862378651,3.90097440209949e-05,NA,1.66565436297622,4.79716054046176e-09
"ENSG00000278709","NKILA",2.46422505306497,3.24493460087881e-07,"NKILA",0.630175711323684,0.0108817902473881
"ENSG00000279208",NA,0.713131201813922,0.0249256936817162,NA,1.80482498153036,0.000179732144669082
"ENSG00000279384",NA,0.65875381889558,0.0324408256552763,NA,1.13886036100213,0.00144969569814951
"ENSG00000279591",NA,0.793686367992371,0.0106251079483986,NA,0.828859859195291,0.00395048706050787
"ENSG00000279806",NA,0.635309343290254,1.53407793423854e-05,NA,0.816331872300373,3.54232344602762e-11
"ENSG00000279821",NA,1.86647873570827,7.46212668266229e-05,NA,2.15097469144581,1.15501983112695e-08
"ENSG00000280132",NA,0.829728969059246,0.020270007341,NA,0.621301846345964,0.0272720369273409
"ENSG00000280798","LINC00294",0.646633005419185,0.000309041512814308,"LINC00294",0.516427524106397,0.000372851232845311
"ENSG00000281162",NA,1.96685909572933,0.000475668180702252,NA,3.74970129483287,2.79362975465818e-13
"ENSG00000282057",NA,0.79528695423693,0.0209483051270327,NA,2.43867007060939,2.81960722221876e-07
"ENSG00000282386",NA,0.78699476059347,0.000949754002852255,NA,0.616155578828282,0.00211309141673398
"ENSG00000282849","LOC124900414",1.1286734844089,0.008035714669023,"LOC124900414",2.1309528445783,2.52932090142505e-05
"ENSG00000283078","LOC105372705",1.26947971137135,0.0050973273720019,"LOC105372705",0.866253056785256,0.0096465474947019
"ENSG00000284968",NA,1.51021703072969,3.84719775217534e-09,NA,2.3855400026492,5.82175296196883e-23
"ENSG00000285159",NA,0.475431859815377,0.0478201396266863,NA,1.74754897650002,0.00213192090531109
"ENSG00000285244","DINOL",0.695324052467607,0.0200191581165,"DINOL",1.34725338073096,0.00568790730516307
"ENSG00000286219","NOTCH2NLC",0.432748718586023,0.0202201595073705,"NOTCH2NLC",0.729659758539647,3.50011193255469e-05
"ENSG00000286288","LOC100289473",1.33901173072024,0.00212885466177671,"LOC100289473",1.6928117279131,4.5662899870056e-05
"ENSG00000286369","LOC105369363",0.859307509822698,0.0184850548774109,"LOC105369363",2.09949331996897,1.72765174715308e-05
"ENSG00000286406",NA,0.765580032696301,0.0183814830189507,NA,2.44208621093399,1.44817306415279e-07
"ENSG00000287185",NA,0.734885396901137,0.0276039131496309,NA,1.51609916076495,0.000283880015359998
"ENSG00000287712",NA,0.842954607610399,0.0127620271459184,NA,1.21836673835411,0.00846607343380928
"ENSG00000287733",NA,0.457015136919741,0.0259927413286321,NA,0.578256458462285,0.00191725972056102
"ENSG00000287778",NA,0.909082635813082,0.0143061160391473,NA,1.2114612984693,0.00207427567950788
"ENSG00000288792",NA,0.735088333308743,0.0258619167718165,NA,1.26227012802572,0.00380790001758872
"ENSG00000288924",NA,0.453915348090988,0.0187479279177338,NA,0.567023129937697,0.00104243353566415
"ENSG00000289047","LOC100294145",0.67733906576872,0.000240579258754616,"LOC100294145",0.51798356939148,0.000510715990034539
"ENSG00000289275",NA,0.952521346261776,0.00201772010461481,NA,0.710625493618295,0.00278527460942741
"ENSG00000289365",NA,0.877848200418836,0.0156175351635484,NA,1.03735676174048,0.00680386284904469
"ENSG00000289418",NA,1.46351450436961,2.31883939361926e-05,NA,2.60511190072866,5.0692719767484e-17
"ENSG00000289426",NA,3.16037344233038,3.96887921632346e-07,NA,4.0944098697106,1.33245506694796e-12
"ENSG00000289526",NA,2.13985313910072,0.000356966849727632,NA,1.69461683991991,0.000563276954015313
"ENSG00000289627",NA,0.960506264560546,0.00933288370323762,NA,0.684365907456691,0.0263276186376024
"ENSG00000289839","LOC102725231",0.818133451267707,0.0204502932301564,"LOC102725231",1.90879870821158,0.000323450964630488
"ENSG00000290032",NA,0.8927457062186,4.27540646070433e-06,NA,1.74193928680361,2.11159331745142e-25
