"ENSEMBL","SYMBOL_wt","log2FC_wt","padj_wt","SYMBOL_KO","log2FC_KO","padj_KO"
"ENSG00000001460","STPG1",0.30421149725721,0.0370067039042915,"STPG1",0.61663668555657,1.90651286347239e-05
"ENSG00000001461","NIPAL3",0.0348916852628478,0.879091914256695,"NIPAL3",0.0592744673877129,0.771024923529146
"ENSG00000002079","MYH16",1.00525516783898,2.04110370864466e-07,"MYH16",1.38966970157194,9.72541847586919e-13
"ENSG00000002549","LAP3",0.0167716279004238,0.939635119893708,"LAP3",-0.0157486794328855,0.935808696940338
"ENSG00000002586","CD99",-0.0492011811963343,0.68802829225012,"CD99",-0.258573830721684,0.00249899336899357
"ENSG00000002587","HS3ST1",-0.343945407983139,0.221606512394344,"HS3ST1",-0.108751485359684,0.668265998123839
"ENSG00000002834","LASP1",-0.155149527128876,0.228257963320472,"LASP1",0.0153070536178657,0.935922909748857
"ENSG00000003400","CASP10",0.530893953729567,0.0317970210958588,"CASP10",0.196720080174232,0.374664149356661
"ENSG00000003402","CFLAR",-0.157976676839945,0.284510708087031,"CFLAR",0.125898953619698,0.396631219905669
"ENSG00000004864","SLC25A13",-0.613952526370046,2.73337963990947e-13,"SLC25A13",-0.182977691066881,0.0456703727307002
"ENSG00000005001","PRSS22",0.0761395153640404,0.811399647088828,"PRSS22",-0.0325835920254887,0.91275046080807
"ENSG00000005156","LIG3",-0.113369913281297,0.284836146270737,"LIG3",0.169104205962963,0.07966265995002
"ENSG00000005238","ATOSB",0.555026572585669,0.000227802093973856,"ATOSB",0.310539110608551,0.0411453836581841
"ENSG00000005448","WDR54",0.13530988406146,0.323941282403959,"WDR54",0.169446889430867,0.173223630656561
"ENSG00000005810","MYCBP2",-0.536799177593326,3.35904756378245e-07,"MYCBP2",-0.44815022716107,1.85342416643488e-05
"ENSG00000006025","OSBPL7",0.399838963885808,0.0340654914654716,"OSBPL7",0.28786637117072,0.127810896419121
"ENSG00000006042","TMEM98",0.748773438300028,4.96579810412427e-06,"TMEM98",0.0472271732166242,0.875184770635058
"ENSG00000006062","MAP3K14",0.0200106779105755,0.949983030421644,"MAP3K14",-0.0332063261892685,0.898363733882914
"ENSG00000006432","MAP3K9",0.553178136884292,0.000791615745218478,"MAP3K9",0.839362467158487,2.01024859541652e-05
"ENSG00000006451","RALA",0.161077605870437,0.062185162079605,"RALA",0.253095309381253,0.00151266784331183
"ENSG00000006453","BAIAP2L1",0.551498492415767,2.5757767789652e-10,"BAIAP2L1",0.753843453508042,1.67765294783088e-14
"ENSG00000006606","CCL26",2.36062826044511,1.917799614116e-08,"CCL26",3.31383102875425,6.08816913853573e-08
"ENSG00000006607","FARP2",-0.183472259507573,0.15309914898424,"FARP2",-0.179300892986595,0.152494735644313
"ENSG00000006634","DBF4",-0.601885993711832,6.86007055429134e-10,"DBF4",-0.363306352907742,0.000185394732274569
"ENSG00000006638","TBXA2R",0.917608835710669,0.000592886416522932,"TBXA2R",0.868116861256195,0.00402281143817424
"ENSG00000006715","VPS41",-0.577235655229809,1.588143157104e-08,"VPS41",-1.08926908021566,3.42589421397339e-24
"ENSG00000006756","ARSD",0.490928581139959,0.00294531283252822,"ARSD",-0.169220379960183,0.477679706933543
"ENSG00000007168","PAFAH1B1",0.0039344960467583,0.982012075006714,"PAFAH1B1",0.194946853141624,0.00199189833418978
"ENSG00000007384","RHBDF1",0.909319852972515,1.22071180502803e-12,"RHBDF1",0.719797355830169,2.02777028322126e-08
"ENSG00000007392","LUC7L",-0.164055584774924,0.0918869223175056,"LUC7L",-0.476482846084559,4.37894600170734e-08
"ENSG00000007866","TEAD3",1.23593500947831,9.43146587410432e-20,"TEAD3",1.02665906970671,1.37649262385328e-12
"ENSG00000007968","E2F2",-0.846876830608614,3.45538273439769e-05,"E2F2",-0.980854240649395,6.21076619275626e-06
"ENSG00000008086","CDKL5",0.0585259984903935,0.849595496022767,"CDKL5",-0.145923698034509,0.510744825507435
"ENSG00000008441","NFIX",0.0169052526044028,0.937399163445286,"NFIX",-0.0598855946611605,0.704059424459866
"ENSG00000008517","IL32",0.489205073962409,0.0921555653438569,"IL32",0.15085202364192,0.550907499611889
"ENSG00000009307","CSDE1",-0.271746858966541,6.16693941583334e-10,"CSDE1",-0.308447253573331,1.66058963223794e-12
"ENSG00000009954","BAZ1B",-0.232514379204486,0.0197501179246645,"BAZ1B",-0.10327965241633,0.370025879400111
"ENSG00000010017","RANBP9",0.132846190632644,0.266162850836886,"RANBP9",0.170584485772329,0.121905659279228
"ENSG00000010219","DYRK4",-0.524865248540336,8.21991255111847e-06,"DYRK4",-0.844190638719594,6.52959064607509e-12
"ENSG00000010278","CD9",-1.06871650292684,9.48755680969757e-05,"CD9",-0.143533356320126,0.509000433453411
"ENSG00000010295","IFFO1",0.597943738811235,1.25296342134343e-06,"IFFO1",0.181544108933508,0.203884952649973
"ENSG00000010404","IDS",0.182644155296629,0.361424676878559,"IDS",0.536365036836137,0.00276693483809077
"ENSG00000010803","SCMH1",-1.52161335516146,1.33470474097847e-23,"SCMH1",-1.03363329348803,1.70442214082004e-14
"ENSG00000010810","FYN",-0.223021266326778,0.0586871417191611,"FYN",-0.237229016781769,0.0380420177568532
"ENSG00000011009","LYPLA2",0.278608245079986,0.000964862414655287,"LYPLA2",0.393423578571942,1.5350048272243e-06
"ENSG00000011332","DPF1",0.28358365746516,0.0460973515162672,"DPF1",0.526878148844881,0.000228090043534676
"ENSG00000011422","PLAUR",-0.60130216952786,1.3226004127395e-10,"PLAUR",-0.432678913441138,3.46772165455439e-06
"ENSG00000011478","QPCTL",-0.268310013118581,0.155483349262409,"QPCTL",-0.171348372847659,0.35251960807743
"ENSG00000011566","MAP4K3",-0.02593613536976,0.883066825720256,"MAP4K3",0.206600819025607,0.0572912728459663
"ENSG00000012171","SEMA3B",1.43348836884968,5.65114901256451e-08,"SEMA3B",1.41030899162206,8.08824297686165e-10
"ENSG00000013275","PSMC4",0.432811665137312,9.53909044284469e-06,"PSMC4",0.272316434056152,0.00649653497523741
"ENSG00000013364","MVP",0.243390178162366,0.153026212701455,"MVP",-0.124109408277461,0.496110332709639
"ENSG00000013374","NUB1",0.0810470275086667,0.461098790826764,"NUB1",0.0788742284962117,0.468039738454092
"ENSG00000013503","POLR3B",-0.463606135064844,2.70323901758187e-06,"POLR3B",-0.0911334762975825,0.469466670192699
"ENSG00000013563","DNASE1L1",0.329131563851425,0.0159276937339714,"DNASE1L1",0.0566497542805288,0.766566092364683
"ENSG00000013583","HEBP1",0.0295222735119446,0.849248810030061,"HEBP1",-0.199429825350241,0.0584230236696595
"ENSG00000013588","GPRC5A",1.89047103649199,1.04617609079957e-21,"GPRC5A",1.9574349321791,1.73144408247823e-22
"ENSG00000014216","CAPN1",-0.108039646708453,0.458012971087903,"CAPN1",-0.0909499606544662,0.536192541425785
"ENSG00000015153","YAF2",-0.28729223250829,0.00584891363121347,"YAF2",-0.421837166668636,3.0950593468526e-05
"ENSG00000015171","ZMYND11",-0.698963093594851,2.10986310541153e-21,"ZMYND11",-0.240857193733023,0.0012037584071398
"ENSG00000015475","BID",-0.236556249617804,0.0206791515111706,"BID",-0.299921262548424,0.0019912893825234
"ENSG00000015676","NUDCD3",-0.461428572405282,1.43774280195942e-12,"NUDCD3",-0.448157239272477,4.8820822070455e-12
"ENSG00000017260","ATP2C1",0.0830881181462191,0.417787553687498,"ATP2C1",0.146802064711962,0.102436285211398
"ENSG00000018189","RUFY3",0.186574803147355,0.160711124300554,"RUFY3",-0.111044739244522,0.457325188617552
"ENSG00000020577","SAMD4A",-0.0656774218083676,0.773153428242371,"SAMD4A",0.0399285209765114,0.868491482694893
"ENSG00000021355","SERPINB1",-0.0425662853299359,0.886097946475146,"SERPINB1",0.112386187379811,0.59603577603851
"ENSG00000021826","CPS1",-1.43604705188777,1.31207166982674e-12,"CPS1",-2.3089430991551,6.96384885851438e-21
"ENSG00000023041","ZDHHC6",-0.384359364154308,0.000121113662475465,"ZDHHC6",-0.545133706477186,2.63276789781276e-08
"ENSG00000023228","NDUFS1",0.00880204279809397,0.961231096850392,"NDUFS1",0.0569333135489639,0.625135546201988
"ENSG00000023445","BIRC3",1.75233953303537,1.16892455543142e-15,"BIRC3",1.55739889173706,2.5105647318596e-14
"ENSG00000023697","DERA",0.392235339050664,0.000967833727016566,"DERA",0.216296673705211,0.0816004904351995
"ENSG00000026025","VIM",-0.474427128806996,0.00222573975227559,"VIM",-0.494524884715929,0.00112015774478449
"ENSG00000026103","FAS",1.24640057787972,2.22416383605629e-20,"FAS",1.04938467655916,1.59537019312634e-14
"ENSG00000026508","CD44",0.271338048531678,2.46658387447798e-05,"CD44",0.196520675199736,0.00331885737292641
"ENSG00000026751","SLAMF7",0.798467866951384,9.83111467856846e-05,"SLAMF7",0.716179437830153,0.000709258846141326
"ENSG00000027001","MIPEP",-0.670933250080937,2.15815952093185e-05,"MIPEP",-1.08113956532712,2.24391892419418e-09
"ENSG00000028528","SNX1",0.114656845620322,0.184116389895595,"SNX1",0.130375031624885,0.119993321123064
"ENSG00000029363","BCLAF1",0.0129850325218223,0.933964719214992,"BCLAF1",-0.129862098026578,0.163994993600311
"ENSG00000030582","GRN",0.990037604296752,1.51628785101599e-17,"GRN",0.512896938626081,8.88894760910373e-06
"ENSG00000032742","IFT88",-0.325942930893995,0.0295244083929682,"IFT88",-0.297788424567625,0.0324269930627703
"ENSG00000033170","FUT8",-0.972832118987865,2.41141361679905e-14,"FUT8",-0.699017182522963,7.01648292190257e-08
"ENSG00000033627","ATP6V0A1",0.557524997556504,8.6527802184537e-06,"ATP6V0A1",0.7228278036386,8.775592572798e-08
"ENSG00000034713","GABARAPL2",0.174329217051301,0.0869182612510816,"GABARAPL2",0.0687808995794662,0.582073084955884
"ENSG00000035141","FAM136A",-0.38053587158774,3.89427760877649e-08,"FAM136A",-0.0478531439773583,0.63354010850969
"ENSG00000035403","VCL",-0.308186469705829,0.000545033554543866,"VCL",-0.190967758253828,0.0422466150625535
"ENSG00000035681","NSMAF",-0.890162713068752,1.17119440860888e-20,"NSMAF",-0.501395032332676,5.7216107116396e-08
"ENSG00000035862","TIMP2",0.114243322453227,0.361288951617386,"TIMP2",0.0689234521505001,0.615923073736657
"ENSG00000036054","TBC1D23",0.193100015830104,0.104579771389842,"TBC1D23",0.372821690847145,0.000409799104144939
"ENSG00000037897","METTL1",-0.0123087913269644,0.955618300106097,"METTL1",0.272777847707139,0.0133710211532402
"ENSG00000037965","HOXC8",0.23273577957477,0.0533105199012411,"HOXC8",-0.214244215593198,0.0773224867205833
"ENSG00000038210","PI4K2B",-0.817388357746171,1.1470246747699e-07,"PI4K2B",-0.918956972808171,2.27402164339344e-08
"ENSG00000038219","BOD1L1",0.156035804039354,0.179300313394089,"BOD1L1",-0.109192129760464,0.375792801974486
"ENSG00000038295","TLL1",-0.0181484559541085,0.967935817639381,"TLL1",0.0100549652619154,0.970395232434434
"ENSG00000038382","TRIO",-0.086424316579572,0.605250839160411,"TRIO",0.195039982444512,0.146490686513515
"ENSG00000039068","CDH1",-0.0136042718070307,0.979897728629427,"CDH1",-0.0338456992848338,0.90933728767554
"ENSG00000039123","MTREX",-0.268668165076674,0.00116407859130205,"MTREX",-0.0722983279690164,0.49544829713348
"ENSG00000039523","RIPOR1",0.351826139079877,0.00142793338401267,"RIPOR1",0.3220976289791,0.00307034936526322
"ENSG00000040341","STAU2",-0.729413631602382,1.15950518536966e-06,"STAU2",-0.60901304486793,2.22718710636884e-05
"ENSG00000042286","AIFM2",0.594077656282738,7.82194009967464e-05,"AIFM2",0.348936144892184,0.0189893399334617
"ENSG00000042445","RETSAT",0.947078255633602,1.5443471725174e-25,"RETSAT",1.09687502984521,6.14935949703581e-34
"ENSG00000042493","CAPG",-0.270779835497782,0.0638674908887544,"CAPG",-0.465525620898397,0.000461129512416624
"ENSG00000044574","HSPA5",-0.824938351926821,5.75079544094861e-26,"HSPA5",-0.862906117793528,6.53357159019866e-28
"ENSG00000046604","DSG2",0.394686383519827,6.6790862725032e-06,"DSG2",0.334694825488132,0.00012157359298754
"ENSG00000046647","GEMIN8",-0.107310122690537,0.634985124488395,"GEMIN8",-0.399933290360042,0.0222270345920338
"ENSG00000046651","OFD1",0.528370490046966,1.07128115368258e-07,"OFD1",0.334309924325202,0.000762003206237976
"ENSG00000048028","USP28",-0.131963347448183,0.280352392979065,"USP28",0.0576688930741283,0.682691430237977
"ENSG00000048052","HDAC9",-0.11936024345614,0.614870091217845,"HDAC9",0.218959920001397,0.243530328642054
"ENSG00000048140","TSPAN17",0.219987417854063,0.0505941692988393,"TSPAN17",0.124904909561523,0.332068485348091
"ENSG00000048162","NOP16",-0.244880425162568,0.0023108420912232,"NOP16",-0.144718238855738,0.102358777572222
"ENSG00000048392","RRM2B",0.531503162907352,0.000256749563191276,"RRM2B",1.12919842738875,4.90555394436824e-14
"ENSG00000048828","FAM120A",-0.517395358312175,1.79730205258354e-17,"FAM120A",-0.453882014204709,9.85701670798098e-14
"ENSG00000048991","R3HDM1",-0.681316677507477,2.47789050816687e-14,"R3HDM1",-0.599327162553345,4.26492558336702e-11
"ENSG00000049130","KITLG",1.08550768405035,1.60262183318449e-10,"KITLG",0.721673724069394,4.60459376470932e-05
"ENSG00000049167","ERCC8",-0.178323819220236,0.249122970584334,"ERCC8",-0.281127028460614,0.0494589472204462
"ENSG00000049239","H6PD",0.0612407420672694,0.847521968655387,"H6PD",-0.669044897235587,0.00808677676258469
"ENSG00000049323","LTBP1",-0.419058178515191,0.0692974552606658,"LTBP1",-1.28766616557439,1.46901361561305e-06
"ENSG00000049860","HEXB",0.0698077965999579,0.528882122153273,"HEXB",0.118061275854797,0.227178487637111
"ENSG00000050327","ARHGEF5",0.946749239402295,2.77131950216078e-05,"ARHGEF5",0.0140787089643087,0.961361555022684
"ENSG00000050405","LIMA1",0.57959149580743,6.96433895093308e-08,"LIMA1",0.860610250363239,2.26019322201539e-15
"ENSG00000050748","MAPK9",-0.909152737129619,1.28751680221896e-23,"MAPK9",-0.565927955315392,1.42036394571622e-10
"ENSG00000050820","BCAR1",0.336530582078079,0.00778524766724747,"BCAR1",0.233603467482992,0.0677729373599327
"ENSG00000051128","HOMER3",-0.0501464494469627,0.829596955838367,"HOMER3",0.148185388233272,0.382263916407399
"ENSG00000051620","HEBP2",0.132566610708767,0.119896395530864,"HEBP2",-0.0677761269195944,0.498349702295907
"ENSG00000051825","MPHOSPH9",-0.335167830651973,0.0057609861982947,"MPHOSPH9",-0.128258906615413,0.345817858960619
"ENSG00000052344","PRSS8",0.0753283659120161,0.814360502795809,"PRSS8",-0.0345080513932563,0.907281199045897
"ENSG00000052723","SIKE1",0.715558242325319,1.08821903290836e-20,"SIKE1",0.403351220279807,7.12704277976677e-07
"ENSG00000053372","MRTO4",-0.336781418076205,2.66081448875533e-05,"MRTO4",-0.292248770491815,0.000275176410398111
"ENSG00000053747","LAMA3",0.021796940487705,0.962522271855248,"LAMA3",0.205193235219032,0.408332892975416
"ENSG00000053770","AP5M1",-0.00719421338603418,0.979680087205806,"AP5M1",0.0253538605009635,0.886754701418391
"ENSG00000054118","THRAP3",-0.512601075593945,1.13327795770952e-15,"THRAP3",-0.489324303416323,2.35296098852561e-14
"ENSG00000054148","PHPT1",0.659235188730478,2.83296453282296e-06,"PHPT1",0.420355875475736,0.00207339552704087
"ENSG00000054219","LY75",0.354328847073815,0.235317581631431,"LY75",-0.0203134730530535,0.94186622791049
"ENSG00000054282","SDCCAG8",-0.767875523402958,2.21673494898633e-10,"SDCCAG8",-0.974664455298435,1.08145551525556e-15
"ENSG00000054611","TBC1D22A",-0.47191662256419,0.000210309978730032,"TBC1D22A",-0.249502048234238,0.051725452043854
"ENSG00000055044","NOP58",-0.313767797174383,9.86336100190685e-06,"NOP58",-0.363008103563775,1.87808367733572e-07
"ENSG00000055070","SZRD1",0.18452813608116,0.00169127236756173,"SZRD1",0.225235725716958,0.000112914746083482
"ENSG00000055163","CYFIP2",0.504852334582383,0.00317415552572488,"CYFIP2",0.451132152914341,0.00637805720007545
"ENSG00000055332","EIF2AK2",-0.151489956993018,0.0235295506896199,"EIF2AK2",0.108962222934376,0.120595132241633
"ENSG00000056097","ZFR",-0.0865864651230732,0.396136690887151,"ZFR",0.00863930545885932,0.94908520436321
"ENSG00000056558","TRAF1",1.74718826410941,1.34353999788534e-14,"TRAF1",1.17817349957663,1.84712941726557e-06
"ENSG00000057019","DCBLD2",-0.776090701903392,4.8905451903736e-19,"DCBLD2",-0.68586424420938,4.97847901679547e-15
"ENSG00000057294","PKP2",-0.169281791530796,0.439325690596871,"PKP2",0.648543104026922,0.00560529205870501
"ENSG00000057757","PITHD1",-0.264277017666102,0.00672918619556961,"PITHD1",-0.147134064135926,0.179288832138334
"ENSG00000058056","USP13",-0.467468948131443,3.64243382798099e-08,"USP13",0.0222539820029253,0.878933188151636
"ENSG00000058091","CDK14",-0.976789016934691,7.85403790860422e-15,"CDK14",-1.07564160541195,3.76729554550168e-17
"ENSG00000058272","PPP1R12A",-0.211545383622354,0.000329613367639682,"PPP1R12A",-0.114174704114443,0.0785601336655001
"ENSG00000058668","ATP2B4",-0.389808886436433,0.0463212259247235,"ATP2B4",-0.813080202485911,0.000120423101686121
"ENSG00000058799","YIPF1",0.577538868724703,1.39437350592936e-06,"YIPF1",0.323256795050788,0.00720651547921681
"ENSG00000059122","FLYWCH1",1.31815659326353,2.90602136565018e-23,"FLYWCH1",1.14245272790745,8.77404985940434e-16
"ENSG00000059573","ALDH18A1",-0.281537531383478,0.00737146753800156,"ALDH18A1",-0.150913911090721,0.191066232394078
"ENSG00000060140","STYK1",1.22687401584333,2.56087770503048e-05,"STYK1",2.08914814815676,1.00831710507323e-09
"ENSG00000060688","SNRNP40",-0.372086494133015,0.00352350376768563,"SNRNP40",-0.244352832454688,0.0530124813227111
"ENSG00000060762","MPC1",-0.197615762715209,0.169836511623998,"MPC1",-0.315301399599442,0.0135017223778119
"ENSG00000061273","HDAC7",-0.187555160964598,0.150277171663092,"HDAC7",0.163203895302977,0.205522567193568
"ENSG00000062038","CDH3",-0.00267555326283258,0.999559162348204,"CDH3",-0.158184445641703,0.499785884840459
"ENSG00000063660","GPC1",1.02494754983617,4.68280363990941e-16,"GPC1",0.932594638097744,3.02423045110166e-13
"ENSG00000064115","TM7SF3",0.0948677377754327,0.514490155785629,"TM7SF3",0.338315221603295,0.00236106249985282
"ENSG00000064199","SPA17",-0.370391982244689,0.0129759540956213,"SPA17",-0.791329319814743,6.9288376906416e-07
"ENSG00000064313","TAF2",-0.222683485672009,0.00127087273034985,"TAF2",-0.261416374971965,0.00016143795700675
"ENSG00000064601","CTSA",0.621169911999791,4.47562937689825e-12,"CTSA",0.297576780583741,0.00201699661322475
"ENSG00000064607","SUGP2",0.274529687507534,0.00110013426459286,"SUGP2",0.195073241050138,0.0267171709342197
"ENSG00000064651","SLC12A2",0.0129027028516296,0.937782493807325,"SLC12A2",0.171707803144608,0.0610633208754143
"ENSG00000064666","CNN2",0.400214948111405,0.00038284177144309,"CNN2",0.595569661627847,9.50256542348405e-08
"ENSG00000064692","SNCAIP",-2.43727956045794,5.29238547870442e-06,"SNCAIP",-2.58275566648544,1.87808367733572e-07
"ENSG00000065150","IPO5",-0.504894210842416,5.25261264384065e-13,"IPO5",-0.374309589040303,9.50256542348405e-08
"ENSG00000065183","WDR3",-0.113321281270989,0.113534532581122,"WDR3",-0.100184810443904,0.179693227714721
"ENSG00000065268","WDR18",-0.384540091185646,1.84935067627866e-06,"WDR18",-0.0797152049885552,0.444196351273616
"ENSG00000065308","TRAM2",-0.010632232772217,0.968359745876077,"TRAM2",0.338275418453735,0.00485575056122217
"ENSG00000065357","DGKA",0.771641945146682,1.18947268511107e-21,"DGKA",0.982805801706796,1.10258950921488e-34
"ENSG00000065361","ERBB3",1.40976431308481,0.000561598522544324,"ERBB3",1.16353611897834,0.0035529435400459
"ENSG00000065413","ANKRD44",-0.689364516899141,0.000129540345770222,"ANKRD44",-0.372947331814143,0.0143319758574309
"ENSG00000065534","MYLK",-0.315352521818968,0.00870087128903296,"MYLK",-0.583521131137863,5.03586615677635e-07
"ENSG00000065665","SEC61A2",0.661911160236103,0.000150148910924028,"SEC61A2",0.548653413487883,0.00247431036770244
"ENSG00000065833","ME1",-0.508514308223592,1.18585117332807e-05,"ME1",-0.790642358545576,1.13870017184714e-11
"ENSG00000065978","YBX1",-0.240937799119243,0.0319781396941328,"YBX1",-0.259558649687218,0.0164205646660107
"ENSG00000066248","NGEF",0.915868739982142,0.0105560234400678,"NGEF",0.192422788274582,0.439055827244992
"ENSG00000066427","ATXN3",0.438385168819578,1.90070963289427e-06,"ATXN3",0.280115770552486,0.00341267488153698
"ENSG00000066697","MSANTD3",-0.183300891405697,0.0347243359468568,"MSANTD3",-0.0506015308710566,0.660380499600259
"ENSG00000066933","MYO9A",-1.0852375525341,1.2557477853356e-22,"MYO9A",-0.834928338465464,6.82794076579136e-15
"ENSG00000067082","KLF6",-0.447734927934737,0.000975468273083572,"KLF6",-0.558763307825842,3.41077249114331e-05
"ENSG00000067167","TRAM1",0.607282266281711,3.79925769932399e-16,"TRAM1",0.444930897685052,4.18136764552496e-09
"ENSG00000067334","DNTTIP2",0.114075407700573,0.360841506954645,"DNTTIP2",-0.103614658328421,0.404117459178528
"ENSG00000067365","METTL22",-0.104342415641866,0.563996417972,"METTL22",0.153275545215185,0.308623944937454
"ENSG00000067606","PRKCZ",2.02769658431919,2.03878209416589e-12,"PRKCZ",3.86837981283292,6.42166528861426e-09
"ENSG00000067836","ROGDI",1.47263223757079,1.65085804972791e-14,"ROGDI",1.55305013989212,2.00367932535538e-12
"ENSG00000068024","HDAC4",-0.140266690033101,0.558809370169652,"HDAC4",-0.14790305395038,0.44341075282215
"ENSG00000068079","IFI35",0.597704727447135,0.000404243362018769,"IFI35",0.270694102010681,0.0858431878949044
"ENSG00000068097","HEATR6",-0.224464226997315,0.0103602286124374,"HEATR6",-0.0502343580549045,0.660986919469622
"ENSG00000068400","GRIPAP1",0.148024019874652,0.181616492951491,"GRIPAP1",0.274112298078062,0.00434495922222248
"ENSG00000068697","LAPTM4A",0.237250376546007,0.00294128718208215,"LAPTM4A",0.152411362009218,0.0742205910269749
"ENSG00000068878","PSME4",0.190732878299193,0.00799095931383957,"PSME4",0.385542161601735,8.97786613318905e-09
"ENSG00000069020","MAST4",-0.0535236323389122,0.769615903511913,"MAST4",-0.039256868612403,0.834869264621291
"ENSG00000069275","NUCKS1",-0.925106694690965,3.3818830959557e-23,"NUCKS1",-0.600241678994598,1.31097468555782e-10
"ENSG00000069812","HES2",3.92885011627151,2.94548187099108e-19,"HES2",2.56082479236086,7.2383961440948e-07
"ENSG00000069956","MAPK6",-0.162384521885523,0.0535125819012393,"MAPK6",-0.0713376451056264,0.464627800199146
"ENSG00000070010","UFD1",0.26519360770128,0.000234628121674843,"UFD1",0.132033205032949,0.102028850038379
"ENSG00000070190","DAPP1",-0.0113679754951651,0.984726219045478,"DAPP1",0.0392104748208149,0.892483294033187
"ENSG00000070214","SLC44A1",-0.60671461148162,1.0832038337362e-14,"SLC44A1",-0.447696443265122,7.56221432697893e-09
"ENSG00000070501","POLB",0.573017463239528,4.8176257974539e-07,"POLB",0.654546700887173,1.44029453495142e-08
"ENSG00000070756","PABPC1",-0.370442016674891,0.000309798788104554,"PABPC1",-0.530716756581426,1.2394167558503e-07
"ENSG00000070785","EIF2B3",-0.623495752163211,8.50509641983347e-09,"EIF2B3",-0.403619340826193,0.00012044312260295
"ENSG00000070882","OSBPL3",0.0654870343576335,0.647719602396187,"OSBPL3",0.179258988564797,0.105602285641106
"ENSG00000071073","MGAT4A",0.0504129523994991,0.892319939016855,"MGAT4A",-0.0816209883776291,0.75013032056801
"ENSG00000071127","WDR1",-0.187372340610809,0.0748805017970363,"WDR1",-0.142818816737378,0.190337600366354
"ENSG00000071189","SNX13",-0.229396230906951,0.0816238164753607,"SNX13",-0.166562618851961,0.21272748560253
"ENSG00000071242","RPS6KA2",-2.06771249252814,7.39868733480776e-17,"RPS6KA2",-3.17109187431385,7.48110204514865e-38
"ENSG00000071462","BUD23",0.135682320440596,0.156108156207478,"BUD23",0.223216719554924,0.0106718199442435
"ENSG00000071553","ATP6AP1",0.561294729453463,1.05963472480955e-09,"ATP6AP1",0.459061600479473,7.40034650830999e-07
"ENSG00000071626","DAZAP1",-0.582059074029868,1.0263093897673e-20,"DAZAP1",-0.317497059642714,7.11572990230882e-07
"ENSG00000071859","FAM50A",0.594840252418836,5.80362539557857e-08,"FAM50A",0.666658315300093,3.80865560521639e-09
"ENSG00000072041","SLC6A15",-0.0596705557121885,0.687682822645638,"SLC6A15",0.0245253627051623,0.892399048352248
"ENSG00000072110","ACTN1",-0.364371538839124,6.48288761959521e-05,"ACTN1",-0.0917062858491798,0.42127490395665
"ENSG00000072195","SPEG",0.192861612052698,0.353453384209549,"SPEG",-0.132143157506508,0.494734240971717
"ENSG00000072210","ALDH3A2",-0.314477485598621,0.00946571580144282,"ALDH3A2",0.0684699730664995,0.658038773062424
"ENSG00000072310","SREBF1",-0.862134071187915,0.000319016611972216,"SREBF1",-0.261365356633999,0.194997300952454
"ENSG00000072415","PALS1",0.145150689360998,0.117792072202213,"PALS1",0.224197093888932,0.0079983561733942
"ENSG00000072756","TRNT1",0.0376444310247799,0.794146960365737,"TRNT1",-0.347514190663755,0.000344073641040851
"ENSG00000072786","STK10",0.25054110826703,0.0499806797953335,"STK10",0.246240915938748,0.0549991798842169
"ENSG00000072818","ACAP1",0.38530029370123,0.122514590649356,"ACAP1",0.296771596047653,0.169238009927637
"ENSG00000072958","AP1M1",0.070993325478943,0.508971235114885,"AP1M1",0.145545905487937,0.114284049018542
"ENSG00000073060","SCARB1",0.0853016354807317,0.633089802238006,"SCARB1",0.152792766623447,0.33436483834597
"ENSG00000073282","TP63",-0.0443040299098419,0.898158162632212,"TP63",-0.0185200126442848,0.946321603190621
"ENSG00000073350","LLGL2",0.0298697637136559,0.939062951444456,"LLGL2",-0.0305432174822954,0.917884448109545
"ENSG00000073578","SDHA",0.526975729794221,4.15292053895536e-08,"SDHA",0.475573148149566,6.3601002737517e-07
"ENSG00000073712","FERMT2",0.0607534689284834,0.671023230495825,"FERMT2",0.151429386465006,0.178294509369086
"ENSG00000073756","PTGS2",0.942438440831671,0.00263463187204489,"PTGS2",1.14583832237048,0.000430738370389544
"ENSG00000073803","MAP3K13",0.353249813773483,1.8298829439474e-07,"MAP3K13",0.238218093724443,0.000621600532979947
"ENSG00000073921","PICALM",0.0826349943497226,0.472320669239714,"PICALM",0.137662912166072,0.179378641310236
"ENSG00000073969","NSF",-0.0244122248496291,0.88771604888606,"NSF",0.0303827217624213,0.85778990597716
"ENSG00000074047","GLI2",-0.137984945909633,0.505885478734936,"GLI2",-0.0736845569477629,0.7271478223393
"ENSG00000074201","CLNS1A",-0.288475988981046,0.00110976740448659,"CLNS1A",-0.09430170205005,0.37968584654935
"ENSG00000074319","TSG101",0.365922101198156,0.000162871394587603,"TSG101",0.272598368026662,0.00474543827215679
"ENSG00000074410","CA12",0.0235211181130502,0.919806371473032,"CA12",0.0228307282297007,0.9401839993412
"ENSG00000074416","MGLL",-1.12387086842509,1.75230498466518e-06,"MGLL",-1.36305845674481,9.82057096412848e-09
"ENSG00000074527","NTN4",-0.217038966581616,0.259653756865333,"NTN4",0.0427961025829894,0.867651393654774
"ENSG00000074657","ZNF532",-0.271061587228748,0.0353779754753979,"ZNF532",-0.390358760493989,0.00099620530932505
"ENSG00000074696","HACD3",-0.314718789912897,2.92457677712063e-05,"HACD3",-0.175386283027888,0.0302952110867945
"ENSG00000074800","ENO1",-0.417348031557453,9.47985241915096e-09,"ENO1",-0.557450706936926,8.2116705112451e-15
"ENSG00000074964","ARHGEF10L",-0.181676688068904,0.367828689803641,"ARHGEF10L",0.0510234257377677,0.837059626339163
"ENSG00000075151","EIF4G3",-0.688960814243863,4.4864148674668e-11,"EIF4G3",-0.596799499700456,1.14770938681094e-08
"ENSG00000075420","FNDC3B",0.0460835896992491,0.813997470232047,"FNDC3B",0.384343124323058,0.00216849492411138
"ENSG00000075618","FSCN1",0.340027606731772,5.66280803668343e-06,"FSCN1",0.327905839291065,1.04247918717492e-05
"ENSG00000075624","ACTB",-0.403454373000542,2.20630306326665e-06,"ACTB",-0.404847331655166,1.52060638259833e-06
"ENSG00000075945","KIFAP3",-0.235786092579442,0.0856288123294359,"KIFAP3",-0.218138469421179,0.105541903630177
"ENSG00000076003","MCM6",-1.36428582384216,2.11246250582695e-31,"MCM6",-1.20186694784014,2.93913095157865e-25
"ENSG00000076067","RBMS2",0.0254613354119418,0.872723378150843,"RBMS2",0.202583589029111,0.051303673258049
"ENSG00000076108","BAZ2A",0.62558674090852,5.1168927087597e-14,"BAZ2A",0.455569163593714,6.16511022523366e-08
"ENSG00000076201","PTPN23",0.242124309519111,0.00800571579712951,"PTPN23",0.321084800148476,0.000262818660605304
"ENSG00000076248","UNG",-0.539210995865815,7.99482633403582e-09,"UNG",-0.828637309609001,2.73420808883981e-18
"ENSG00000076513","ANKRD13A",0.171842662784354,0.286955005482332,"ANKRD13A",0.399880627944526,0.00434201605844509
"ENSG00000076554","TPD52",-0.239485809762796,0.0605883995297931,"TPD52",0.275669676077661,0.0208215860936753
"ENSG00000076604","TRAF4",0.842637572093456,2.83355560170209e-13,"TRAF4",0.942515812130062,6.66485612095338e-16
"ENSG00000076685","NT5C2",0.122862109654751,0.262640049969114,"NT5C2",0.332294585733824,0.000359567263641791
"ENSG00000076770","MBNL3",-0.743437310119008,7.15531398037025e-05,"MBNL3",-1.45604495609671,5.87003410672305e-06
"ENSG00000076928","ARHGEF1",-0.147878110565046,0.292797513274006,"ARHGEF1",0.137668743589706,0.313894249584689
"ENSG00000077044","DGKD",0.590027538974927,2.51821086545591e-10,"DGKD",0.692503911805234,3.15527616956996e-13
"ENSG00000077150","NFKB2",0.916869438536497,5.06688520191635e-11,"NFKB2",1.01857540094931,2.92478082471761e-13
"ENSG00000077232","DNAJC10",-0.171255766108854,0.0350750651818306,"DNAJC10",-0.371607422854979,5.3880619446414e-07
"ENSG00000077458","FAM76B",-0.419716947886895,0.00250351838999281,"FAM76B",-0.38696420021881,0.0036230913059914
"ENSG00000077721","UBE2A",0.728218073710316,2.73443755178159e-15,"UBE2A",0.55947305231612,1.99137822815518e-09
"ENSG00000078070","MCCC1",-0.327549451216171,0.0217264784198085,"MCCC1",-0.238420643025581,0.10431949376986
"ENSG00000078124","ACER3",-0.365949281763539,0.000894481974676427,"ACER3",-0.305380489177993,0.00621602727064902
"ENSG00000078246","TULP3",0.137573121492975,0.221606512394344,"TULP3",0.318117298780413,0.000902314599914462
"ENSG00000078399","HOXA9",0.0898887328992737,0.515021088446822,"HOXA9",-0.0859737707702418,0.534580226076621
"ENSG00000078401","EDN1",1.21140551250839,4.70720867155054e-08,"EDN1",1.2751782710749,6.27906253086298e-08
"ENSG00000078618","NRDC",-0.330621229179518,4.48300475859381e-05,"NRDC",-0.363068774367099,5.22112958105844e-06
"ENSG00000078804","TP53INP2",0.404606997765857,0.0213227715417684,"TP53INP2",0.172505271644591,0.341418852650455
"ENSG00000078808","SDF4",0.499311930392286,2.65854358578151e-17,"SDF4",0.382748013954954,2.44694294345894e-10
"ENSG00000078900","TP73",2.58977953654682,6.44740077139194e-05,"TP73",1.62179046759024,0.00229100314460298
"ENSG00000079156","OSBPL6",-1.21064865448838,1.86014821066182e-32,"OSBPL6",-0.734466122397271,1.27458697156438e-15
"ENSG00000079277","MKNK1",0.403027690698058,0.00120827683892082,"MKNK1",0.88075386963283,7.35556106653223e-13
"ENSG00000079332","SAR1A",0.523620318891231,2.30039934298961e-11,"SAR1A",0.222221159033575,0.00844512375743169
"ENSG00000079337","RAPGEF3",0.799237857328004,0.00164529796787211,"RAPGEF3",0.592357870179734,0.0193897868769228
"ENSG00000079385","CEACAM1",6.36636177576974,2.44494105109242e-20,"CEACAM1",4.17488194715005,9.71404923969765e-10
"ENSG00000079387","SENP1",-0.439231989913015,3.37654178963109e-06,"SENP1",-0.159515339172585,0.119170527522101
"ENSG00000079482","OPHN1",-0.108524814175766,0.627975091034563,"OPHN1",-0.00716536306470871,0.976092044703653
"ENSG00000079739","PGM1",-0.338647376115811,0.00870087128903296,"PGM1",-0.390904837881944,0.00131633799924147
"ENSG00000079819","EPB41L2",-0.852480939096214,9.69675979345036e-26,"EPB41L2",-0.640707147872916,4.41570112525745e-15
"ENSG00000079950","STX7",-0.000871058452516189,0.999769847841042,"STX7",0.0443103093713266,0.81003471830367
"ENSG00000079999","KEAP1",0.476445157272652,6.56054153557295e-09,"KEAP1",0.502261990493519,1.08066339784101e-09
"ENSG00000080298","RFX3",-0.577830507369466,0.0060592796026789,"RFX3",-1.02034161329801,1.19355988332162e-05
"ENSG00000080503","SMARCA2",-0.23269640842367,0.021663780931226,"SMARCA2",-0.150019130462739,0.159490971660199
"ENSG00000080608","PUM3",-0.35447892711409,8.64463219028997e-09,"PUM3",-0.19884631340659,0.00227606950330185
"ENSG00000080845","DLGAP4",0.212694814257606,0.0728394662843566,"DLGAP4",0.282565652428863,0.0119719681262071
"ENSG00000081026","MAGI3",-0.680324535061519,1.44006696033171e-08,"MAGI3",-0.489190161004979,1.58551168811174e-05
"ENSG00000081803","CADPS2",-1.44233086606871,6.1430696584836e-14,"CADPS2",-2.03649502371751,8.44608470105792e-26
"ENSG00000082068","WDR70",-0.573540641575866,4.26696990168353e-07,"WDR70",-0.681497448165014,2.80922335847374e-09
"ENSG00000082074","FYB1",-0.0621594906306005,0.849473800558337,"FYB1",-0.0331324973547292,0.910860267461897
"ENSG00000082497","SERTAD4",-0.4429656818876,0.00535964842952159,"SERTAD4",-0.00428711935597809,0.984971741079883
"ENSG00000082512","TRAF5",0.0964045097689558,0.638275686195815,"TRAF5",0.232033226456401,0.130774529058725
"ENSG00000082515","MRPL22",0.172492676708525,0.106036863437473,"MRPL22",0.296354803954002,0.00215311109274536
"ENSG00000082516","GEMIN5",0.0378819363005552,0.789303783275927,"GEMIN5",0.00938038853664851,0.951480039765083
"ENSG00000082641","NFE2L1",0.0220307198175923,0.878971536675574,"NFE2L1",-0.120301961556799,0.232944744096189
"ENSG00000082701","GSK3B",-0.0322038920798358,0.771193734082871,"GSK3B",0.0254260380281318,0.832087347126983
"ENSG00000083123","BCKDHB",-1.00219191637694,0.000901054947293053,"BCKDHB",-0.94016870018506,0.00131715361983807
"ENSG00000083544","TDRD3",-0.740529266564435,9.86056857925979e-08,"TDRD3",-0.648465435887663,3.19352808468088e-06
"ENSG00000083720","OXCT1",-0.422797757852025,0.00103586053782642,"OXCT1",-0.157705689549722,0.250970729426766
"ENSG00000083828","ZNF586",0.171990834749793,0.425186395315548,"ZNF586",-0.000442495083116901,0.998489831781308
"ENSG00000083857","FAT1",0.37332941374816,0.00632802691056045,"FAT1",0.350050270936961,0.00813829741162216
"ENSG00000083937","CHMP2B",0.333578628842347,6.42531284710856e-05,"CHMP2B",0.449707638933117,4.20136712845636e-08
"ENSG00000084090","STARD7",-0.0955682810604303,0.394740863231419,"STARD7",0.0238065618837662,0.877153813874124
"ENSG00000084676","NCOA1",-0.357323287919456,0.0106713560199081,"NCOA1",-0.200249413814711,0.159405409585608
"ENSG00000084710","EFR3B",-1.76581224215383,0.00049080044493951,"EFR3B",-1.80063273649553,6.2532816975203e-05
"ENSG00000084731","KIF3C",0.136824485730259,0.465329215082799,"KIF3C",0.299023381145985,0.0471592995533473
"ENSG00000084754","HADHA",-0.143243537387787,0.0317008802456799,"HADHA",-0.319367651373326,2.18326539018457e-07
"ENSG00000084764","MAPRE3",0.469357746389539,0.00332586017448516,"MAPRE3",0.1834365002426,0.289487504329673
"ENSG00000084774","CAD",-0.438464877767608,2.03768388363295e-06,"CAD",-0.372944135487804,5.95419010837782e-05
"ENSG00000085224","ATRX",-0.541075175338015,3.68508951021639e-10,"ATRX",-0.411658537600972,1.76076022679891e-06
"ENSG00000085377","PREP",-0.439440507389252,1.39596226095197e-05,"PREP",-0.216469303778805,0.0410133485578006
"ENSG00000085415","SEH1L",-0.327243181194575,0.000986662985156826,"SEH1L",-0.0940520287285631,0.437858335620977
"ENSG00000085511","MAP3K4",-0.2161368562645,0.0157835271317471,"MAP3K4",-0.257750408366665,0.00293757547601322
"ENSG00000085840","ORC1",-0.0411748040581344,0.848432503191991,"ORC1",-0.216975494191365,0.125941615908948
"ENSG00000086065","CHMP5",0.133894293542891,0.376159985388341,"CHMP5",0.0753792495289266,0.644337751712582
"ENSG00000086102","NFX1",0.249819937414756,6.01200905817674e-05,"NFX1",0.41271513077342,6.69049210366439e-12
"ENSG00000086504","MRPL28",0.277202285360073,0.0471243272724544,"MRPL28",0.334717266723256,0.0115545212053505
"ENSG00000086570","FAT2",0.0942624925201933,0.758275682589056,"FAT2",0.0602870865505289,0.823277402561362
"ENSG00000086730","LAT2",0.567601298240007,0.0149854400260196,"LAT2",0.765325064088223,0.000621530742380031
"ENSG00000087074","PPP1R15A",0.262556078553471,0.113373516296945,"PPP1R15A",0.512796861668505,0.000873309020456477
"ENSG00000087077","TRIP6",0.441359238408986,1.07466520610496e-08,"TRIP6",0.367332444114358,2.14194426709222e-06
"ENSG00000087088","BAX",0.1520467443285,0.437969978871304,"BAX",0.19936433306314,0.239094082376358
"ENSG00000087269","NOP14",0.123352537231299,0.0543790512370923,"NOP14",0.0443214539967492,0.598706100630944
"ENSG00000087338","GMCL1",-0.578383579672953,3.90163370774231e-09,"GMCL1",-0.217720834216625,0.030789415511987
"ENSG00000087495","PHACTR3",1.89142486685987,0.000902637078878891,"PHACTR3",-0.118574251320548,0.622899570224573
"ENSG00000087842","PIR",-0.795738690605814,9.20703460374389e-07,"PIR",-0.636410826147101,2.28358717505422e-05
"ENSG00000088205","DDX18",-0.2182138810468,1.20428000956571e-05,"DDX18",-0.110646257283094,0.045756855003765
"ENSG00000088682","COQ9",0.0675364637324331,0.732176250794122,"COQ9",0.0608039714553483,0.748415173622956
"ENSG00000088726","TMEM40",1.76054053538018,0.00146951246146565,"TMEM40",2.50454067860504,0.000115393484714473
"ENSG00000088836","SLC4A11",1.51417132611426,3.19862967697742e-09,"SLC4A11",1.70241803407634,2.24645758924285e-08
"ENSG00000088986","DYNLL1",-0.210547440818227,0.0022121752399778,"DYNLL1",-0.206844872117486,0.00263254536302866
"ENSG00000089006","SNX5",-0.49004994624084,2.08102530948827e-16,"SNX5",-0.312930714022113,2.98054433237668e-07
"ENSG00000089048","ESF1",-0.106113794766215,0.182799966864733,"ESF1",-0.0368741140005952,0.719481595164404
"ENSG00000089053","ANAPC5",0.0237644747920445,0.806742475585365,"ANAPC5",-0.114012449772799,0.0992468832771301
"ENSG00000089159","PXN",-0.26782321302875,0.0181914985094672,"PXN",-0.104088898804494,0.432635985767817
"ENSG00000089327","FXYD5",0.0838679909427167,0.491780381829033,"FXYD5",-0.143030313810734,0.179570103718275
"ENSG00000089351","GRAMD1A",0.293348184272067,0.00222006719422851,"GRAMD1A",0.221274203976114,0.0248863473108391
"ENSG00000089486","CDIP1",1.26236416985194,3.26143519478173e-31,"CDIP1",1.16331333145012,4.85107803625903e-25
"ENSG00000089639","GMIP",1.06365766767566,3.28352265965206e-07,"GMIP",1.52304087609393,1.55413735931441e-11
"ENSG00000089685","BIRC5",-0.374376856814258,0.00307703026917763,"BIRC5",-0.220572585831197,0.0884054212777449
"ENSG00000089693","MLF2",0.473279080523659,4.03811055877183e-10,"MLF2",0.540325552154531,1.00397118880944e-12
"ENSG00000089775","ZBTB25",-0.301123674094448,0.0625959286600583,"ZBTB25",-0.277133440639949,0.0622499373333603
"ENSG00000090013","BLVRB",0.614245831318404,1.47795713343941e-07,"BLVRB",0.341339335478405,0.0047620032180235
"ENSG00000090061","CCNK",0.600031709149179,2.3150089289008e-10,"CCNK",0.539571622091149,1.73170067171467e-08
"ENSG00000090097","PCBP4",0.05309343393048,0.759243569457173,"PCBP4",0.0989321614587835,0.496591995486389
"ENSG00000090238","YPEL3",2.66615958397556,1.3225360616025e-38,"YPEL3",1.21438932732521,5.71937281412053e-09
"ENSG00000090447","TFAP4",-0.738999202684172,2.60334669838398e-11,"TFAP4",-0.264645999182129,0.016861527860667
"ENSG00000090470","PDCD7",-0.558323574849874,1.23785411749547e-11,"PDCD7",-0.478061563949543,5.03732647046911e-09
"ENSG00000090512","FETUB",2.32141667057275,8.3210859649442e-11,"FETUB",2.53635624865012,1.81283818646539e-13
"ENSG00000090621","PABPC4",-0.118681947016608,0.215143461366503,"PABPC4",-0.109279991296384,0.263398014098741
"ENSG00000091073","DTX2",0.337903818458133,0.0111168848271716,"DTX2",0.332649419792972,0.0107057569252325
"ENSG00000091127","PUS7",-0.154239539662462,0.172610551044756,"PUS7",0.267943235192379,0.0064679728857999
"ENSG00000091136","LAMB1",-0.147142043661356,0.407401663258276,"LAMB1",-0.00887005350920397,0.967518244567326
"ENSG00000091157","WDR7",-1.22240049553018,6.20366895929911e-12,"WDR7",-0.6938762872819,4.28168151695069e-05
"ENSG00000091592","NLRP1",0.380461746337501,0.0137272444032678,"NLRP1",0.32758235570982,0.029961714200206
"ENSG00000091622","PITPNM3",0.0775029557165677,0.808225473646259,"PITPNM3",-0.28547599720138,0.247532316888208
"ENSG00000092010","PSME1",0.242063452182134,0.0937332264689809,"PSME1",-0.176290032515585,0.221997291504822
"ENSG00000092199","HNRNPC",-0.401262812455324,4.8843483887513e-06,"HNRNPC",-0.273561319795578,0.00222046129701008
"ENSG00000092201","SUPT16H",-0.185179456646657,0.0430475088646736,"SUPT16H",-0.0958710494462196,0.35726187534982
"ENSG00000092203","TOX4",0.501723020543027,1.29729472500412e-15,"TOX4",0.213313280327995,0.00189654509466811
"ENSG00000092295","TGM1",0.583867649184583,0.0805224106095254,"TGM1",0.111951258734635,0.664745816121602
"ENSG00000092330","TINF2",0.270839250369112,0.0399021824611233,"TINF2",0.171391159322555,0.194451068994711
"ENSG00000092531","SNAP23",0.462970531763915,1.03325343605523e-05,"SNAP23",0.507618565931,1.11747981928897e-06
"ENSG00000092820","EZR",-0.353702320474733,9.491032430571e-06,"EZR",0.0694455884623691,0.512744337079776
"ENSG00000092841","MYL6",-0.0551109358666163,0.760548701214968,"MYL6",-0.24533258860603,0.0509196357848743
"ENSG00000093217","XYLB",-0.257528531803237,0.0673271005597634,"XYLB",-0.355843720243339,0.0072915454999594
"ENSG00000094975","SUCO",-0.164287242913997,0.0762957598975389,"SUCO",-0.0988157858795114,0.335650181495661
"ENSG00000095380","NANS",0.169174185172383,0.120014843077333,"NANS",-0.00173241598985666,0.991702775035748
"ENSG00000096060","FKBP5",-0.0743510449375808,0.733309556316864,"FKBP5",-0.395304294178314,0.0108551451710656
"ENSG00000096063","SRPK1",-0.319369737374626,8.91133963312373e-13,"SRPK1",-0.17985116900386,0.000152663416675348
"ENSG00000096384","HSP90AB1",-0.326258293363628,6.93511813945362e-11,"HSP90AB1",-0.0539135784867946,0.422603322748963
"ENSG00000096872","IFT74",-0.374882113508765,0.00369140483245808,"IFT74",-0.3979585490434,0.00127821897138932
"ENSG00000097033","SH3GLB1",-0.00539807328455709,0.978836316037533,"SH3GLB1",0.0507801085749952,0.63699738202342
"ENSG00000099194","SCD",-0.845533856681318,5.54983610558922e-05,"SCD",-0.809862806963485,0.000138202708692233
"ENSG00000099377","HSD3B7",0.162497128550551,0.492580833584677,"HSD3B7",0.12407004127025,0.561984155654647
"ENSG00000099622","CIRBP",-0.342868066393042,0.0173987971564114,"CIRBP",-0.182632099921786,0.219663128918888
"ENSG00000099800","TIMM13",-0.418789469718469,2.2501280843445e-07,"TIMM13",-0.21637462915995,0.011481188827961
"ENSG00000099804","CDC34",0.372609234650196,0.00332792522988802,"CDC34",0.417861484046245,0.000771462639231986
"ENSG00000099812","MISP",2.02652666005544,0.000554694910333809,"MISP",0.74537275951708,0.0356860781614787
"ENSG00000099860","GADD45B",0.40332210521816,0.0138247895355534,"GADD45B",0.00388752785565653,0.986863382151681
"ENSG00000099889","ARVCF",2.8456233635298,3.07965742739158e-14,"ARVCF",2.01232126408179,8.44000871902813e-10
"ENSG00000099901","RANBP1",-0.322169065538123,6.08548962368417e-06,"RANBP1",-0.0813599437141795,0.365331544841185
"ENSG00000099917","MED15",-0.0992642751590632,0.47545364106741,"MED15",0.0250776529522117,0.892387476846305
"ENSG00000099942","CRKL",-0.165412549666831,0.112181995216294,"CRKL",-0.232443377744734,0.0208129814451018
"ENSG00000100014","SPECC1L",-0.0314706652409782,0.866820240686936,"SPECC1L",0.00356520476325042,0.984905469229587
"ENSG00000100139","MICALL1",0.200173357356453,0.0744968819064185,"MICALL1",0.285963998355368,0.00596098940307072
"ENSG00000100151","PICK1",0.205340589837237,0.220822079721117,"PICK1",0.70162864617909,2.10949435499465e-05
"ENSG00000100162","CENPM",-0.316939968373319,0.0251107333972694,"CENPM",-0.0460765843268777,0.821350558685009
"ENSG00000100226","GTPBP1",0.259265331253548,0.0329861536846486,"GTPBP1",0.0845620571619836,0.576311234957922
"ENSG00000100241","SBF1",0.215002914729047,0.09385933618349,"SBF1",0.215394984418254,0.0829518991249844
"ENSG00000100243","CYB5R3",0.211695061642421,0.00399179796537028,"CYB5R3",0.00791970857213751,0.948625739884222
"ENSG00000100297","MCM5",-0.493435687583265,6.0708627368282e-08,"MCM5",-0.542241614004624,2.48191731688399e-09
"ENSG00000100298","APOBEC3H",2.62997750534941,4.67121795990441e-09,"APOBEC3H",3.4367819636269,4.30334853075375e-09
"ENSG00000100304","TTLL12",-0.056081382661163,0.603152864788579,"TTLL12",0.167538601613775,0.0519155274627314
"ENSG00000100311","PDGFB",-0.276727588283489,0.345438842188838,"PDGFB",0.158720182265839,0.493237169118307
"ENSG00000100319","ZMAT5",0.677209873464256,2.15291264360302e-07,"ZMAT5",0.28213628551315,0.0422486479008742
"ENSG00000100320","RBFOX2",-0.34055072080718,8.02981970238518e-07,"RBFOX2",-0.18578844282484,0.0110888960000062
"ENSG00000100335","MIEF1",0.0883621837717223,0.312131201381232,"MIEF1",-0.100633520686176,0.244608076696248
"ENSG00000100342","APOL1",1.16457215466357,1.53521017602567e-12,"APOL1",0.867086207632216,1.76006482590691e-07
"ENSG00000100345","MYH9",-0.172145142715704,0.213065188898195,"MYH9",-0.294716679719127,0.0156066032239765
"ENSG00000100347","SAMM50",0.351325629116722,1.94104518412041e-09,"SAMM50",0.459520394793167,6.88995675649644e-15
"ENSG00000100380","ST13",-0.14821075699564,0.051745410575543,"ST13",0.0576846306592384,0.540326677568786
"ENSG00000100412","ACO2",-0.260968776472122,0.000146968295651969,"ACO2",-0.301808335147334,1.44250792971352e-05
"ENSG00000100418","DESI1",-0.237254316061123,0.0112257964403863,"DESI1",-0.0976526378469531,0.391391619578659
"ENSG00000100439","ABHD4",1.70399807074212,1.70553971345806e-16,"ABHD4",1.59870608415497,1.20074530951756e-13
"ENSG00000100441","KHNYN",0.619992380482113,1.85492175312194e-06,"KHNYN",0.301080636638176,0.0227392425532238
"ENSG00000100485","SOS2",0.463074725683178,0.000321923627551963,"SOS2",0.502391422342524,6.6057933994843e-05
"ENSG00000100554","ATP6V1D",0.316693528854604,0.000566071639324725,"ATP6V1D",0.0671589295114096,0.588807918152726
"ENSG00000100568","VTI1B",-0.104460010038378,0.211319199111635,"VTI1B",-0.0277742095939328,0.813503048757515
"ENSG00000100575","TIMM9",-0.405541738785496,8.86283227821145e-05,"TIMM9",-0.203963068815196,0.0604072970152664
"ENSG00000100578","KIAA0586",-0.397015344982363,0.00020280080518946,"KIAA0586",-0.249105497161471,0.0224828148685347
"ENSG00000100580","TMED8",-0.655978538693039,6.2085668513545e-12,"TMED8",-0.520830218360682,3.87524996515752e-08
"ENSG00000100592","DAAM1",1.35662145033573,4.62599521337213e-25,"DAAM1",0.875168146760838,4.28227049604977e-11
"ENSG00000100629","CEP128",-0.587512632679438,7.33975219526778e-05,"CEP128",-0.326560339690728,0.0189977569940965
"ENSG00000100647","SUSD6",1.31107198342405,2.24427011009893e-21,"SUSD6",1.00912141765892,1.55551501341619e-12
"ENSG00000100664","EIF5",-0.000406215413255425,0.999769847841042,"EIF5",-0.182665396956858,0.0389854192759365
"ENSG00000100714","MTHFD1",-0.602077924939199,2.66109518656331e-12,"MTHFD1",-0.528591992302671,7.43007214677993e-10
"ENSG00000100784","RPS6KA5",-1.12999626697778,1.37320459697894e-08,"RPS6KA5",-0.92020723176516,8.86828720796992e-07
"ENSG00000100802","C14orf93",-0.241172949074776,0.25099744362645,"C14orf93",0.014764262264102,0.953340845385781
"ENSG00000100811","YY1",-0.295088931448913,1.62057253072247e-09,"YY1",-0.0609888282433558,0.33537303029692
"ENSG00000100813","ACIN1",-0.0237562765016387,0.893083170256356,"ACIN1",-0.0879219966787751,0.508640139908497
"ENSG00000100883","SRP54",0.207916635145925,0.00497132854313944,"SRP54",0.108227895630938,0.204829927592529
"ENSG00000100911","PSME2",0.597974402124669,3.52407105617148e-08,"PSME2",0.10235290581102,0.447507390229134
"ENSG00000100941","PNN",-0.197271391846883,0.0862433778865986,"PNN",-0.380299698922812,0.000246843778556543
"ENSG00000100949","RABGGTA",0.595849938051246,1.20651216437331e-07,"RABGGTA",0.769599172467004,3.74340620080152e-11
"ENSG00000100983","GSS",0.281615153473007,0.00141912916583721,"GSS",0.241646471946646,0.00701415170318868
"ENSG00000101096","NFATC2",0.436580612148893,0.0833390917568709,"NFATC2",2.29174211285659,1.22313617610714e-07
"ENSG00000101126","ADNP",-0.21129445341402,0.0401389368036074,"ADNP",-0.0850328560845078,0.488712458683545
"ENSG00000101161","PRPF6",0.414184853529449,2.6225064370265e-11,"PRPF6",0.347189794023634,3.92764470639409e-08
"ENSG00000101187","SLCO4A1",-0.449793777123935,0.0104617299570611,"SLCO4A1",-0.261532525470004,0.124128257296212
"ENSG00000101190","TCFL5",-0.188769266507856,0.173283445284138,"TCFL5",-0.0456062151853963,0.821731757261711
"ENSG00000101224","CDC25B",-0.596159488101412,5.80362539557857e-08,"CDC25B",-0.370007031635907,0.000623814116245913
"ENSG00000101236","RNF24",-0.891475255143139,2.06467866464135e-18,"RNF24",-0.517568425712388,2.06076610327094e-07
"ENSG00000101246","ARFRP1",-1.02449938984586,5.18261459165458e-12,"ARFRP1",-0.574083438738544,7.60233999408271e-05
"ENSG00000101266","CSNK2A1",-0.303172857843299,1.96046885364495e-11,"CSNK2A1",-0.292369209866372,1.65801938633002e-10
"ENSG00000101290","CDS2",0.342454915853949,0.00116900410122079,"CDS2",0.438362839769569,2.02652921155669e-05
"ENSG00000101335","MYL9",0.19575425219584,0.47049884256363,"MYL9",0.091480436820139,0.719170362654898
"ENSG00000101361","NOP56",-0.213248876083702,0.0157488507002992,"NOP56",-0.322418017222603,9.90128931135095e-05
"ENSG00000101439","CST3",0.622490658381833,8.48577492550982e-14,"CST3",0.249642283602487,0.0045429307639698
"ENSG00000101443","WFDC2",0.0804865336982805,0.793883439546781,"WFDC2",0.0366833544172736,0.897523739897608
"ENSG00000101460","MAP1LC3A",2.7014940973326,5.50660247373898e-05,"MAP1LC3A",-0.0230271306985798,0.93633214151798
"ENSG00000101557","USP14",-0.316873770977286,1.18803052163329e-10,"USP14",-0.205118096840422,7.13433905945745e-05
"ENSG00000101624","CEP76",0.590583534869272,4.00999743862881e-05,"CEP76",0.740638791238986,1.51960133153144e-07
"ENSG00000101670","LIPG",-0.153640531401213,0.518055454892529,"LIPG",-0.207609036587624,0.294733659468252
"ENSG00000101695","RNF125",-0.115785938652683,0.616544165186157,"RNF125",-0.129115032052494,0.582914492998366
"ENSG00000101745","ANKRD12",0.0858207866350527,0.472611184894875,"ANKRD12",-0.0500558675357279,0.707890055867662
"ENSG00000101846","STS",-0.535184807994654,0.01162665432443,"STS",-0.99662625365653,7.3307261827851e-05
"ENSG00000101868","POLA1",-1.58140687196878,8.10560268986095e-40,"POLA1",-1.40467470922727,3.17126850125904e-33
"ENSG00000101901","ALG13",0.113865987149743,0.476884100001943,"ALG13",0.404328299267639,0.00111728729409855
"ENSG00000101928","MOSPD1",1.14325715234994,1.1609507190378e-17,"MOSPD1",0.985734791001646,2.29826921839994e-12
"ENSG00000101977","MCF2",1.39614543136814,0.000395285474902991,"MCF2",0.137172740010901,0.593350299755964
"ENSG00000102024","PLS3",0.0851207251577329,0.396019169252413,"PLS3",-0.124668535079725,0.17537105989553
"ENSG00000102103","PQBP1",0.244249182185808,0.0328789850726881,"PQBP1",0.185502367155427,0.112038994989929
"ENSG00000102125","TAFAZZIN",-0.229847823096032,0.133013754873848,"TAFAZZIN",-0.337917144415355,0.0166573876189381
"ENSG00000102174","PHEX",-0.533006556174336,0.00611804945770534,"PHEX",-1.01901206232342,1.23161653660966e-06
"ENSG00000102226","USP11",0.366630395122008,5.28932735919291e-05,"USP11",0.167489231272034,0.0939165652416095
"ENSG00000102243","VGLL1",-0.0174068239565362,0.969906602520035,"VGLL1",-0.0363984117654279,0.899991248758848
"ENSG00000102309","PIN4",0.207650142987258,0.0297148155302416,"PIN4",0.359062502404309,4.16118986939687e-05
"ENSG00000102316","MAGED2",0.285132887836168,0.012766576587388,"MAGED2",-0.0448485093544878,0.786673439781238
"ENSG00000102317","RBM3",-0.482668563186816,1.97580580809549e-05,"RBM3",-0.919565928624747,1.15069766075007e-15
"ENSG00000102362","SYTL4",0.17139508685826,0.29033108673964,"SYTL4",0.00807410371823806,0.970504691957456
"ENSG00000102452","NALCN",-0.319243626224453,0.11634165619449,"NALCN",-0.301783350406721,0.106066780998215
"ENSG00000102471","NDFIP2",0.0723544977983279,0.626343519185881,"NDFIP2",0.174440557101809,0.133902550119731
"ENSG00000102606","ARHGEF7",0.0577169096757443,0.718368589753003,"ARHGEF7",0.119080954749893,0.360732765470121
"ENSG00000102710","SUPT20H",0.215307985511005,0.0164722575609787,"SUPT20H",0.351339568797975,2.57919073685451e-05
"ENSG00000102743","SLC25A15",0.320693787158651,0.00318845377978148,"SLC25A15",0.333220647240175,0.00222826452287871
"ENSG00000102753","KPNA3",-0.647510338337996,2.04160856391567e-16,"KPNA3",-0.407631509835977,2.72905232609563e-07
"ENSG00000102760","RGCC",-0.314588181521726,0.284007283773221,"RGCC",-0.209566068216622,0.370515831160261
"ENSG00000102763","VWA8",-0.581537418972435,0.000319362129699648,"VWA8",-1.0281007759248,1.68262899520862e-09
"ENSG00000102871","TRADD",0.231090120639476,0.106544157424877,"TRADD",0.156497263230004,0.313985683620917
"ENSG00000102882","MAPK3",-0.0830689253672028,0.605395502698864,"MAPK3",-0.0724957294870542,0.655137362473691
"ENSG00000102893","PHKB",-0.809083238928604,1.74697408054212e-16,"PHKB",-0.997855005982342,4.64414414318991e-24
"ENSG00000102910","LONP2",-0.165316192036792,0.0797597686536304,"LONP2",-0.245658011587348,0.00609386227456515
"ENSG00000102967","DHODH",-0.526762125573972,0.000489324909821291,"DHODH",-0.331502426409594,0.0252788428431124
"ENSG00000102974","CTCF",0.0946404817999691,0.395911142974239,"CTCF",0.219904946161128,0.0169147094302125
"ENSG00000102981","PARD6A",0.808751112246489,0.00637127946792045,"PARD6A",0.758917322584037,0.00593361086970945
"ENSG00000102996","MMP15",1.08805284468121,2.26920329636386e-05,"MMP15",1.16464548306333,1.33289597539729e-05
"ENSG00000103035","PSMD7",-0.29079793501742,2.68779531213889e-05,"PSMD7",-0.312796560626129,4.97172552582959e-06
"ENSG00000103196","CRISPLD2",2.32843685482598,5.71849306948338e-05,"CRISPLD2",2.01236212160631,0.000838628061585242
"ENSG00000103254","ANTKMT",-0.576426982316211,0.000448479272194549,"ANTKMT",-0.502190875674463,0.00172518092149523
"ENSG00000103260","METRN",-0.0900422946798432,0.658888208785874,"METRN",-0.638086078797137,6.66999582590987e-05
"ENSG00000103266","STUB1",-0.278091899186427,0.0027598321890034,"STUB1",-0.262546018079324,0.00464489431158417
"ENSG00000103319","EEF2K",-0.676978344660041,6.72598169512946e-10,"EEF2K",-0.329247600273661,0.00261389336337095
"ENSG00000103326","CAPN15",-0.412234165844998,0.000254849017588098,"CAPN15",-0.0822222469302223,0.579253263173574
"ENSG00000103342","GSPT1",-0.192471992945338,0.00364078550556896,"GSPT1",-0.0648049336217438,0.437286845500067
"ENSG00000103351","CLUAP1",0.221754841884775,0.0336649172245181,"CLUAP1",0.158264881553362,0.141658898455644
"ENSG00000103356","EARS2",-0.18675750229458,0.166140625410587,"EARS2",0.00275961845125851,0.988784052124501
"ENSG00000103363","ELOB",0.616262607824519,4.5194794373238e-17,"ELOB",0.245719684602539,0.00158927186271134
"ENSG00000103415","HMOX2",0.423111092086512,1.04694194414841e-07,"HMOX2",0.479258778403432,2.00973829526959e-09
"ENSG00000103494","RPGRIP1L",-0.128658832107571,0.413052702414601,"RPGRIP1L",-0.253261857607045,0.0610801329220989
"ENSG00000103495","MAZ",-0.148971600929361,0.129300802450677,"MAZ",-0.0356002933984968,0.796547068059362
"ENSG00000103496","STX4",-0.0570402392549109,0.667235513599563,"STX4",-0.00686994154471242,0.964460774595016
"ENSG00000103540","CCP110",-0.264524920000529,0.00490578535866603,"CCP110",-0.145907976760737,0.150799155845252
"ENSG00000103769","RAB11A",-0.0147427825652034,0.907964354100584,"RAB11A",0.130338506062744,0.102475565547731
"ENSG00000103994","ZNF106",0.485285977417957,2.66572363530079e-10,"ZNF106",0.629522775192767,2.47866007249944e-16
"ENSG00000103995","CEP152",-0.297662030735526,0.00824854985755573,"CEP152",-0.115828147190914,0.362781055537825
"ENSG00000104067","TJP1",-0.215594108181647,0.0794872884996378,"TJP1",0.0437239324239128,0.796794696487074
"ENSG00000104129","DNAJC17",-1.13352737502028,1.14965603316938e-07,"DNAJC17",-0.197155615394881,0.263663922948936
"ENSG00000104131","EIF3J",-0.125589492403506,0.111988202202903,"EIF3J",-0.264389418133073,0.000174661837861316
"ENSG00000104290","FZD3",-0.868930762296298,5.32997970580857e-06,"FZD3",-0.0257104980535041,0.909517929778227
"ENSG00000104324","CPQ",-0.0581404638186132,0.860571292406438,"CPQ",-1.16099454706754,0.00149964023971493
"ENSG00000104331","BPNT2",-0.384085075275586,1.55637792450161e-09,"BPNT2",-0.403111754325139,1.96800194286756e-10
"ENSG00000104332","SFRP1",-0.20093850054301,0.141036308427653,"SFRP1",-1.17440308402599,1.75587054968896e-12
"ENSG00000104356","POP1",-0.000510598630624996,0.999769847841042,"POP1",-0.168441955257339,0.066611171231675
"ENSG00000104361","NIPAL2",-0.289283209618439,0.236517910824479,"NIPAL2",-0.143250390168797,0.573903196648803
"ENSG00000104368","PLAT",2.06150718740057,7.48320167788866e-23,"PLAT",2.21883678485412,5.03382894847632e-25
"ENSG00000104375","STK3",-0.858254739725502,1.69147345743083e-13,"STK3",-0.837968979820794,2.56468224519477e-13
"ENSG00000104450","SPAG1",0.340496867030892,0.0139754947802485,"SPAG1",0.472494256670743,0.000547027218494416
"ENSG00000104472","CHRAC1",-0.371749825930733,1.36706183973591e-07,"CHRAC1",-0.16744497185188,0.029392132379984
"ENSG00000104524","PYCR3",0.204347156863794,0.185402836673108,"PYCR3",0.185959358184846,0.211562326099566
"ENSG00000104549","SQLE",-0.683223410232987,2.23040936430718e-08,"SQLE",-0.459554307755491,0.000130677250328995
"ENSG00000104687","GSR",-0.0280009695302767,0.813636760776205,"GSR",0.182374630496988,0.0206734355607065
"ENSG00000104689","TNFRSF10A",1.66600533554105,0.0017885648905081,"TNFRSF10A",0.00539635867575425,0.984750484296538
"ENSG00000104695","PPP2CB",0.207880424444389,0.0142395830269654,"PPP2CB",0.308454482220115,0.000128591622071179
"ENSG00000104723","TUSC3",-0.307274322695512,4.61877763333104e-05,"TUSC3",-0.332182559472668,1.21004301577221e-05
"ENSG00000104738","MCM4",-0.311646935102983,8.60432541630387e-05,"MCM4",-0.221832706904776,0.00684266092215774
"ENSG00000104765","BNIP3L",-0.193278481408929,0.169836511623998,"BNIP3L",-0.273136513086591,0.0310250645929291
"ENSG00000104823","ECH1",0.478853753102981,1.72500761618508e-05,"ECH1",0.186363368797275,0.116715300411182
"ENSG00000104856","RELB",1.11240868055817,2.21197158577243e-09,"RELB",1.18116446549808,3.5464317715244e-10
"ENSG00000104880","ARHGEF18",0.512154015517754,0.000105190820606175,"ARHGEF18",0.13864988018814,0.377644433984369
"ENSG00000104881","PPP1R13L",-0.0351157218758187,0.858084998531789,"PPP1R13L",0.348753360953103,0.00396092582623196
"ENSG00000104892","KLC3",0.0174465392511824,0.970859216575435,"KLC3",0.038300985543259,0.895293197178192
"ENSG00000104980","TIMM44",-0.187249966385332,0.0308089894986284,"TIMM44",-0.249331264135007,0.00303483469072499
"ENSG00000105011","ASF1B",-0.169026623521376,0.142048087076371,"ASF1B",-0.271994968930356,0.00931478669198853
"ENSG00000105053","VRK3",0.760239021061146,2.15904145021215e-12,"VRK3",0.482138667063113,3.10693274190038e-05
"ENSG00000105135","ILVBL",-0.175992410925329,0.21491062063207,"ILVBL",-0.0256170817387869,0.903356704127724
"ENSG00000105137","SYDE1",0.133558176294768,0.435019954644995,"SYDE1",0.233115861748366,0.104557531718173
"ENSG00000105287","PRKD2",1.23632516907394,1.92748937861205e-21,"PRKD2",1.2784687309807,1.67884721384285e-20
"ENSG00000105290","APLP1",2.99411858488766,7.95748220947622e-14,"APLP1",2.12364436868997,1.36662002534624e-05
"ENSG00000105327","BBC3",1.18804728223976,1.08218788167042e-15,"BBC3",1.64440075348771,1.36879292662062e-28
"ENSG00000105339","DENND3",0.189048849116797,0.391050098354855,"DENND3",0.252253716083981,0.198785096821771
"ENSG00000105355","PLIN3",0.220768829247645,0.0321865987255383,"PLIN3",0.120484953580511,0.302215181297264
"ENSG00000105372","RPS19",0.207006741499235,0.0431795746026358,"RPS19",0.0294497991133678,0.85179656831238
"ENSG00000105426","PTPRS",0.100933706066726,0.630442900688103,"PTPRS",0.050167120114361,0.863922361589493
"ENSG00000105427","CNFN",1.97168439531326,9.09616626374341e-08,"CNFN",0.774334557460485,0.00817380973236655
"ENSG00000105656","ELL",0.354287255199093,0.00149296257551766,"ELL",0.285415728871586,0.0145692932348144
"ENSG00000105699","LSR",-0.0860661110680354,0.757520032003109,"LSR",-0.310296979161431,0.127835826802338
"ENSG00000105849","POLR1F",-0.017067140648347,0.868005017908471,"POLR1F",-0.126946105781317,0.066569339523224
"ENSG00000105928","GSDME",0.291556183013485,0.00736457179299143,"GSDME",0.119506051256494,0.339719505644195
"ENSG00000105929","ATP6V0A4",1.25831662643857,0.0014871463649651,"ATP6V0A4",1.81201921830343,4.14184458915079e-05
"ENSG00000105948","IFT56",0.0626174908665944,0.658253054394787,"IFT56",-0.08877948236389,0.503390367289146
"ENSG00000105976","MET",-0.220272466232923,0.0123011294315323,"MET",0.169658506624041,0.0623255177119437
"ENSG00000106003","LFNG",-0.421973875036649,0.0284898741844294,"LFNG",-0.538571494760463,0.00359865932515685
"ENSG00000106028","SSBP1",-0.10437801683454,0.118871717907261,"SSBP1",-0.183681856311278,0.00262952984395231
"ENSG00000106049","HIBADH",-1.22877696182291,1.45499773562185e-12,"HIBADH",-0.907589479830844,3.36390753862977e-08
"ENSG00000106052","TAX1BP1",0.385221464583075,6.88479758513852e-07,"TAX1BP1",0.197629082165414,0.0168546649661903
"ENSG00000106080","FKBP14",0.299733062026081,0.000615970770425137,"FKBP14",0.1145020128416,0.287819622132441
"ENSG00000106244","PDAP1",-0.314501026558508,9.78101885820122e-06,"PDAP1",-0.194958044617071,0.00931478669198853
"ENSG00000106266","SNX8",0.356242158147614,0.000760123804044102,"SNX8",0.371704074489757,0.000443148200662112
"ENSG00000106268","NUDT1",0.344024948271609,0.00101326180391031,"NUDT1",0.162059011100471,0.158247010083034
"ENSG00000106278","PTPRZ1",-0.202193634640896,0.450675776453213,"PTPRZ1",-0.600978800782173,0.0429139090811047
"ENSG00000106330","MOSPD3",0.258046513496835,0.0504931493564605,"MOSPD3",0.15263432087817,0.279706648509727
"ENSG00000106366","SERPINE1",0.0907988667614154,0.75441523269106,"SERPINE1",-0.342097088227281,0.107319823716998
"ENSG00000106415","GLCCI1",0.79658330884929,1.56890670456336e-07,"GLCCI1",0.730160325547983,1.3404090522401e-06
"ENSG00000106443","PHF14",-0.284614274684907,0.000645380180699086,"PHF14",-0.251034635358426,0.0025748425037623
"ENSG00000106460","TMEM106B",-0.370764220250319,0.000251048046602602,"TMEM106B",-0.561157584064591,4.18338458594726e-08
"ENSG00000106462","EZH2",-0.918206454792847,8.4345916889703e-23,"EZH2",-0.571760301921009,4.41446130801433e-10
"ENSG00000106605","BLVRA",0.414950937362589,0.000233598176229152,"BLVRA",0.28284745344077,0.0435805608141839
"ENSG00000106692","FKTN",-0.126915649410269,0.319464138687314,"FKTN",-0.231652319616142,0.0433406260001811
"ENSG00000106714","CNTNAP3",-0.108974225040934,0.68623010509507,"CNTNAP3",-0.65802133080766,0.00636551523531045
"ENSG00000106785","TRIM14",-0.446967470358675,7.9310839209315e-06,"TRIM14",-0.120387997557704,0.312848819358602
"ENSG00000106799","TGFBR1",0.236494169133541,0.0465970743503826,"TGFBR1",0.165835248792619,0.169465911899852
"ENSG00000106804","C5",-0.221628635265678,0.441095980919372,"C5",-0.145984505173231,0.566187986688452
"ENSG00000106829","TLE4",0.119872917759231,0.452037398138954,"TLE4",0.611441476016705,2.33719200095397e-06
"ENSG00000106853","PTGR1",0.226939260106631,0.202287293103891,"PTGR1",0.26786078417198,0.0890742114005726
"ENSG00000106992","AK1",1.29627794871044,2.06467866464135e-18,"AK1",1.12372184113474,1.1659682063014e-13
"ENSG00000107020","PLGRKT",-0.713737914497223,4.00595151959471e-05,"PLGRKT",-0.404183729164765,0.00918488450795682
"ENSG00000107036","RIC1",0.203877883064631,0.155913311617473,"RIC1",0.236156454720599,0.088941282242963
"ENSG00000107175","CREB3",0.545076805329021,9.44288447748033e-07,"CREB3",0.611629904465279,6.14212766095418e-08
"ENSG00000107262","BAG1",0.664556982838748,2.41703796755681e-13,"BAG1",0.135259005095921,0.219598623327543
"ENSG00000107438","PDLIM1",0.383162034400508,0.000834628692601384,"PDLIM1",0.722654568414113,2.68941817100559e-10
"ENSG00000107521","HPS1",0.101552201605098,0.474162979675053,"HPS1",0.150151347948791,0.232482240493037
"ENSG00000107554","DNMBP",-0.128194736635327,0.191216276568673,"DNMBP",0.0141149862337309,0.929081738009516
"ENSG00000107566","ERLIN1",-0.714738165876865,6.17974340980637e-22,"ERLIN1",-0.819378363097308,3.63924624270348e-27
"ENSG00000107738","VSIR",2.01089978277428,9.70052707593921e-13,"VSIR",0.333682290884058,0.206386392148155
"ENSG00000107745","MICU1",-0.252035242108979,0.0144102688886081,"MICU1",-0.373037800589,9.02488719626072e-05
"ENSG00000107789","MINPP1",0.000649531115018612,0.999769847841042,"MINPP1",-0.178580030838554,0.159347333711961
"ENSG00000107796","ACTA2",1.25482084477314,1.8285726121439e-07,"ACTA2",0.663443310029436,0.00322399120705082
"ENSG00000107815","TWNK",0.294851384884375,0.00187477239666998,"TWNK",0.00691318815389199,0.96448001180327
"ENSG00000107819","SFXN3",0.0757393280916603,0.625787615402436,"SFXN3",0.0929686967996489,0.512542309707439
"ENSG00000107872","FBXL15",-0.0512821162442883,0.807770338117366,"FBXL15",0.0398195837422522,0.852640303057156
"ENSG00000107949","BCCIP",-0.0416908711161711,0.794341874058671,"BCCIP",0.0302350473423853,0.860281229858285
"ENSG00000107957","SH3PXD2A",-1.16943089284227,1.32166730147547e-06,"SH3PXD2A",-0.941602365194381,4.06860147762098e-05
"ENSG00000108064","TFAM",-0.0889125851377377,0.435449200940511,"TFAM",-0.233419609347024,0.0114470951415091
"ENSG00000108219","TSPAN14",0.103399002255642,0.293833899416737,"TSPAN14",0.325118700726981,0.000140903441614513
"ENSG00000108256","NUFIP2",-0.373147949489933,3.18319541488455e-06,"NUFIP2",-0.198617549067017,0.0214780057309257
"ENSG00000108312","UBTF",-0.101698205545188,0.434146980663943,"UBTF",0.154431258039496,0.176336577396544
"ENSG00000108370","RGS9",0.303207691652751,0.166641039079374,"RGS9",0.66143539242045,0.000553294774866842
"ENSG00000108384","RAD51C",0.170973300720968,0.202839131686226,"RAD51C",0.428431898301091,0.000179014423980728
"ENSG00000108424","KPNB1",-0.545473724919592,4.54062210226108e-17,"KPNB1",-0.283105792847903,2.35650614005261e-05
"ENSG00000108439","PNPO",0.20511452530848,0.0532781406247993,"PNPO",0.141607686378952,0.21044161480365
"ENSG00000108443","RPS6KB1",-0.234241807562021,0.0313489833722817,"RPS6KB1",-0.391010246671468,0.000137614925636051
"ENSG00000108468","CBX1",-0.369523784689153,7.69698129167327e-05,"CBX1",-0.0333379698049348,0.824123335335068
"ENSG00000108506","INTS2",-0.231210872994384,0.148064793105031,"INTS2",-0.0349381712644303,0.878744141517416
"ENSG00000108578","BLMH",-0.333427763254843,0.000246679719587678,"BLMH",-0.295494871705495,0.00117551338090541
"ENSG00000108669","CYTH1",0.350747367206971,0.00882438099896992,"CYTH1",0.566163790462816,1.58088655659511e-05
"ENSG00000108759","KRT32",0.235066359129015,0.43387634224482,"KRT32",0.880794498295645,0.0189544242484391
"ENSG00000108826","MRPL27",0.307882958061701,0.00421326395144618,"MRPL27",0.421510251402572,4.21819000591501e-05
"ENSG00000108828","VAT1",0.470328240160002,1.1508322790501e-05,"VAT1",0.201142447127785,0.080124881161544
"ENSG00000108840","HDAC5",0.70750825180274,0.000252043391602284,"HDAC5",0.609092605671295,0.00146023041959567
"ENSG00000108848","LUC7L3",-0.102191290529168,0.186902293920414,"LUC7L3",-0.361912226664008,2.08120244260126e-08
"ENSG00000108924","HLF",-0.410924428855458,0.154385826350531,"HLF",-0.183755407209292,0.41656340196595
"ENSG00000108946","PRKAR1A",0.0167941151581662,0.86671134836688,"PRKAR1A",0.016747101255861,0.87607922084666
"ENSG00000108984","MAP2K6",-1.64817795180935,6.04446036966189e-09,"MAP2K6",-1.40427689763975,2.15929756212503e-07
"ENSG00000109046","WSB1",0.201384438392487,0.0620961416571301,"WSB1",0.157116934501437,0.166497411279336
"ENSG00000109062","NHERF1",0.650928866550632,1.70935658454584e-11,"NHERF1",0.577809641945017,1.99975179530522e-09
"ENSG00000109079","TNFAIP1",0.552343795273055,6.4090220392638e-12,"TNFAIP1",0.565817127590651,4.21613571466371e-12
"ENSG00000109084","TMEM97",-0.23799166786367,0.0231503711029976,"TMEM97",-0.194983550818062,0.0649500167855478
"ENSG00000109107","ALDOC",-0.0305591200796685,0.93192174659001,"ALDOC",0.293603694585991,0.156707195481509
"ENSG00000109113","RAB34",-0.161803045165972,0.0736688084550024,"RAB34",0.0233172696853369,0.868612391869839
"ENSG00000109220","CHIC2",0.307914431435773,0.0140975798761317,"CHIC2",0.278055623816289,0.019612639253581
"ENSG00000109321","AREG",3.13357331688109,3.04688552361347e-50,"AREG",1.43583580310015,1.49200680911487e-16
"ENSG00000109452","INPP4B",0.0461255341813439,0.839426332165342,"INPP4B",0.485737976129993,0.000763308559903619
"ENSG00000109501","WFS1",0.908021103609577,6.57496225361634e-14,"WFS1",0.736816116860054,6.05585272160757e-09
"ENSG00000109572","CLCN3",-0.11468694564329,0.175953255628706,"CLCN3",-0.191189887461596,0.011980545133648
"ENSG00000109670","FBXW7",0.291798456898459,0.000273830589939607,"FBXW7",0.139047178193768,0.125521131499663
"ENSG00000109911","ELP4",-1.27672677029607,8.16659914612411e-13,"ELP4",-1.22847300017918,4.8939090032377e-12
"ENSG00000109971","HSPA8",-0.143571700678476,0.190801903898394,"HSPA8",0.139427356168052,0.197704626481362
"ENSG00000110047","EHD1",0.106756647415644,0.534990908109022,"EHD1",0.0457766853329292,0.821350558685009
"ENSG00000110171","TRIM3",0.87600490766977,3.09622868549306e-05,"TRIM3",0.422004708624043,0.0264993923268034
"ENSG00000110218","PANX1",0.816227087926135,1.78933774335858e-12,"PANX1",0.594565294914018,5.36056195781687e-07
"ENSG00000110328","GALNT18",-1.98169725363113,0.000473556453974169,"GALNT18",-0.122625522269179,0.61412112701208
"ENSG00000110429","FBXO3",0.142104613226382,0.355897859248715,"FBXO3",0.295421465236983,0.0230807280345109
"ENSG00000110711","AIP",0.411267076211429,0.000150148910924028,"AIP",0.522682588121086,7.77531620155663e-07
"ENSG00000110756","HPS5",0.302950488909944,0.00381257437286394,"HPS5",0.142867786138891,0.218020718336959
"ENSG00000110876","SELPLG",3.16867888757786,9.16888457649962e-08,"SELPLG",0.658065620022814,0.0401772176983717
"ENSG00000110880","CORO1C",-0.30000844229598,0.000530466170731155,"CORO1C",0.0191357314545605,0.899121608415298
"ENSG00000110917","MLEC",0.175011542652149,0.0307135576061825,"MLEC",-0.0395066731084103,0.728785883155581
"ENSG00000110958","PTGES3",-0.433230532860493,1.32158027786123e-13,"PTGES3",-0.153732632674944,0.0177881542318803
"ENSG00000111011","RSRC2",-0.429618494493732,1.28404998524919e-07,"RSRC2",-0.582071762294884,5.72262162862965e-13
"ENSG00000111057","KRT18",-0.164346472817909,0.157137580058699,"KRT18",-0.115312983274671,0.353293866640823
"ENSG00000111145","ELK3",-0.358918091566391,0.000121360897161877,"ELK3",-0.46551908067911,2.93826851827106e-07
"ENSG00000111196","MAGOHB",-0.445238076446928,7.45482261907185e-06,"MAGOHB",-0.285811441866882,0.00434201605844509
"ENSG00000111269","CREBL2",0.138234089234657,0.215403939043764,"CREBL2",0.124830904040417,0.270382182368003
"ENSG00000111348","ARHGDIB",-0.679200533452741,2.71484802960494e-06,"ARHGDIB",-1.09996764905909,4.43943814562544e-13
"ENSG00000111540","RAB5B",0.21363406028113,0.0830075371612463,"RAB5B",0.254269176047641,0.0332079115603027
"ENSG00000111605","CPSF6",-0.285478385268849,0.000433449863632798,"CPSF6",-0.514601132300857,9.38389507034438e-11
"ENSG00000111666","CHPT1",-0.377134266217846,0.000551463856386451,"CHPT1",-0.0478705542108217,0.768921360937639
"ENSG00000111674","ENO2",0.0139767069449117,0.963559913140594,"ENO2",0.374246014670309,0.00949273495713734
"ENSG00000111678","C12orf57",0.287400808546292,0.0283803752518882,"C12orf57",-0.0159537242755592,0.937522070029674
"ENSG00000111716","LDHB",-0.227941166195677,0.00437843012266571,"LDHB",-0.163321734644626,0.0523269584488661
"ENSG00000111726","CMAS",0.0848302645174934,0.416420779197528,"CMAS",0.179808124506756,0.0425014411144118
"ENSG00000111731","C2CD5",-0.778232829623406,1.06450559562548e-06,"C2CD5",-0.174064090105576,0.265891325319536
"ENSG00000111846","GCNT2",-0.188580352946398,0.232929827449085,"GCNT2",0.171250716044777,0.269802667275926
"ENSG00000111859","NEDD9",3.06242797073746,2.22565754143604e-18,"NEDD9",2.58374172674174,3.45242195839572e-06
"ENSG00000111875","ASF1A",-0.309692001967537,0.0135439499083385,"ASF1A",-0.189919693214363,0.136440912682364
"ENSG00000111907","TPD52L1",-0.54333221464657,0.00115675229395392,"TPD52L1",-0.223079049134207,0.220665994332408
"ENSG00000112033","PPARD",-0.510572957201145,0.0018664157534396,"PPARD",-0.282566514812093,0.0824543220725895
"ENSG00000112081","SRSF3",-0.57363151316313,6.3718534356931e-14,"SRSF3",-0.480860986092573,2.93614591535421e-10
"ENSG00000112118","MCM3",-1.11103228035095,6.65911210909131e-32,"MCM3",-0.985467408896809,6.28437799867068e-26
"ENSG00000112130","RNF8",0.322466953402914,1.78519530911637e-05,"RNF8",0.0650807628680513,0.540977013835348
"ENSG00000112144","CILK1",-0.835871863883382,1.37118442106401e-06,"CILK1",-0.84026802349728,6.50410189202075e-07
"ENSG00000112146","FBXO9",-0.156108652946541,0.107286129243483,"FBXO9",-0.271724477878457,0.00195127999400515
"ENSG00000112293","GPLD1",-0.333228670688184,0.251967191077381,"GPLD1",0.223405026533837,0.359056608774412
"ENSG00000112308","C6orf62",-0.447689192762444,8.32461402636248e-07,"C6orf62",-0.393035511427444,1.46210574116856e-05
"ENSG00000112312","GMNN",-0.391093810140023,0.000958914706196057,"GMNN",-0.268922275588336,0.0227084723868702
"ENSG00000112320","SOBP",-0.684297820507435,0.00263415892767335,"SOBP",-0.661079631149759,0.00224960929438502
"ENSG00000112378","PERP",0.639547329648794,4.21216814228177e-15,"PERP",0.849099043315334,8.19021246934138e-25
"ENSG00000112406","HECA",0.474442284759021,3.66737015856238e-06,"HECA",0.577701140753998,1.8259748036742e-07
"ENSG00000112414","ADGRG6",-0.0731332566883327,0.719457938517671,"ADGRG6",-0.0457686757698574,0.834794649956205
"ENSG00000112511","PHF1",0.0813443074870567,0.647219750496656,"PHF1",0.173614044633399,0.21789460482776
"ENSG00000112599","GUCA1B",1.90848811946467,0.00029899462693453,"GUCA1B",0.220728946290459,0.37752831248509
"ENSG00000112699","GMDS",-1.48026624469461,2.95730552846728e-24,"GMDS",-1.82911786827806,1.00773314179727e-32
"ENSG00000112739","PRP4K",-0.376789935865065,1.73449734206691e-05,"PRP4K",-0.564104073954133,6.43208405432346e-11
"ENSG00000112902","SEMA5A",-0.334644386878209,0.111199285553142,"SEMA5A",-1.15237468466402,0.00122447319222434
"ENSG00000112992","NNT",-0.747096868070755,3.05789489544108e-06,"NNT",-0.723062448875448,3.09559312290594e-06
"ENSG00000113013","HSPA9",-0.424937079496213,1.99812542052173e-07,"HSPA9",-0.401373357589499,7.6156710036301e-07
"ENSG00000113048","MRPS27",-0.388438046575859,6.26984878552678e-06,"MRPS27",-0.344877253853098,5.66955671840956e-05
"ENSG00000113083","LOX",-0.248701488950927,0.0938621845729296,"LOX",-0.47621712735726,0.000354921652923578
"ENSG00000113269","RNF130",-0.394646458119965,0.00232816863580688,"RNF130",-0.354522687700679,0.00542536166063687
"ENSG00000113273","ARSB",-0.177513008326258,0.37365309748544,"ARSB",-0.321075225372315,0.0474627914761947
"ENSG00000113318","MSH3",-0.349000372885652,0.000205111925348188,"MSH3",-0.420590579189685,3.40485254066626e-06
"ENSG00000113319","RASGRF2",0.291857496646492,0.097063498293255,"RASGRF2",0.664753105991933,7.87560250934555e-05
"ENSG00000113368","LMNB1",-1.26174211877606,3.17249986994137e-30,"LMNB1",-0.744904282627802,1.34434688901204e-11
"ENSG00000113391","ARB2A",-1.25482439692746,2.51137463374787e-33,"ARB2A",-1.58468267852862,3.13434807249138e-49
"ENSG00000113552","GNPDA1",0.0796610329167575,0.497578101007492,"GNPDA1",-0.0567545859470421,0.65469544149878
"ENSG00000113578","FGF1",-1.11086938261569,5.50219505034555e-07,"FGF1",-0.530152172958832,0.00761763531475236
"ENSG00000113645","WWC1",-0.250583317539036,0.0887150535161047,"WWC1",0.0751908652004763,0.67235177961773
"ENSG00000113649","TCERG1",-0.545037166525241,6.06359771189836e-09,"TCERG1",-0.351026008555818,0.000191903859949599
"ENSG00000113719","ERGIC1",-0.389282834062911,2.79875100120292e-08,"ERGIC1",-0.72352015749158,1.5590659153732e-24
"ENSG00000113742","CPEB4",0.95871345252833,1.5843793261903e-14,"CPEB4",0.804094535376089,4.94206651916492e-10
"ENSG00000113810","SMC4",-0.957539361400848,3.85304364091693e-19,"SMC4",-0.553654333357794,1.99194494258843e-07
"ENSG00000114270","COL7A1",0.511227022799018,0.0438290466545443,"COL7A1",0.391758821796463,0.0841346123271451
"ENSG00000114302","PRKAR2A",-0.279127192029203,2.96261565054086e-05,"PRKAR2A",-0.037939867186159,0.704351015473925
"ENSG00000114316","USP4",0.177251688071029,0.0629993315024636,"USP4",0.0937696800744004,0.396694555259995
"ENSG00000114353","GNAI2",-0.167957632028721,0.0372430149954318,"GNAI2",-0.294203769025624,8.38444931270094e-05
"ENSG00000114354","TFG",-0.0835971833283778,0.279835826536039,"TFG",0.103488414546019,0.162867644745895
"ENSG00000114383","TUSC2",0.426353069297162,1.99708258676769e-07,"TUSC2",0.106698104079299,0.3006950000218
"ENSG00000114529","C3orf52",0.353143795654829,0.0230516071539124,"C3orf52",0.348465281085505,0.0202285474483804
"ENSG00000114541","FRMD4B",-0.347610145966134,0.0380513218431026,"FRMD4B",-1.01698803787874,6.01251460110712e-20
"ENSG00000114670","NEK11",-0.14076219906269,0.570267120126874,"NEK11",-0.335845955936252,0.103332724977096
"ENSG00000114999","TTL",-0.511759077599678,2.50998664432289e-12,"TTL",-0.250014116841161,0.00118852331878249
"ENSG00000115041","KCNIP3",-0.825769706429833,0.0298737269889194,"KCNIP3",-0.106059358375553,0.660900190037397
"ENSG00000115053","NCL",-0.216989181548184,0.0382578002171461,"NCL",-0.247885442491821,0.0136279181654661
"ENSG00000115091","ACTR3",-0.399132207378989,2.18474681129808e-10,"ACTR3",-0.266041824384309,3.68497658781045e-05
"ENSG00000115109","EPB41L5",0.079322527890949,0.797423454731547,"EPB41L5",0.363804953514704,0.102687551428689
"ENSG00000115112","TFCP2L1",1.18521863453114,0.00174186844037535,"TFCP2L1",-0.161084199241345,0.498753833174215
"ENSG00000115129","TP53I3",2.70834911237509,1.5003800964125e-70,"TP53I3",2.01775620766352,1.18447503435979e-39
"ENSG00000115145","STAM2",0.340822833235452,0.00207550269191811,"STAM2",0.154836025808957,0.202124767871527
"ENSG00000115159","GPD2",-0.726636795945871,2.76274727065492e-18,"GPD2",-0.239784010294971,0.00339154003365743
"ENSG00000115216","NRBP1",0.488184032944678,1.23875486505924e-06,"NRBP1",0.666949631642378,8.78490086020586e-11
"ENSG00000115221","ITGB6",-0.445713221047099,0.140194499761616,"ITGB6",-0.113918857294676,0.639738913952089
"ENSG00000115234","SNX17",-0.442726130342165,2.0966736291349e-07,"SNX17",-0.491509462018723,1.18140478227645e-08
"ENSG00000115241","PPM1G",-0.242316034847088,0.000330689839352068,"PPM1G",0.0332680955996118,0.746199274834879
"ENSG00000115290","GRB14",-0.557881829939397,0.000390087878838391,"GRB14",-0.0419839242122763,0.840780709240418
"ENSG00000115295","CLIP4",-0.112944461810263,0.639440254388675,"CLIP4",0.608931698745487,0.000431001350039604
"ENSG00000115306","SPTBN1",-0.239282849062776,0.0249319490708276,"SPTBN1",-0.169442910914161,0.126074245258554
"ENSG00000115307","AUP1",0.551733835570878,1.12266696408554e-16,"AUP1",0.511241268497783,2.78657350427797e-14
"ENSG00000115363","EVA1A",-0.129644549067631,0.343122298286784,"EVA1A",0.0232410479525226,0.901975280041568
"ENSG00000115504","EHBP1",-0.721868124330888,6.23756187152166e-13,"EHBP1",-0.679785363464054,3.28719142200078e-11
"ENSG00000115520","COQ10B",0.169023299099239,0.153109836407224,"COQ10B",0.0588688042268406,0.690287803959881
"ENSG00000115541","HSPE1",-0.349621150267951,0.000396038314879794,"HSPE1",0.0615051625526434,0.646636374459882
"ENSG00000115561","CHMP3",-0.071701373607588,0.36883298424278,"CHMP3",-0.259004697012715,5.75932777569393e-05
"ENSG00000115641","FHL2",0.93385216419624,7.631684663837e-15,"FHL2",1.011747798489,7.43897529333034e-17
"ENSG00000115652","UXS1",-0.000170892478285145,0.999797764754802,"UXS1",-0.211533815972961,0.00605070715083299
"ENSG00000115761","NOL10",-0.266627559252275,0.000209233160822708,"NOL10",-0.0811125377742694,0.367501724972155
"ENSG00000115762","PLEKHB2",0.173417806612017,0.00662030512613627,"PLEKHB2",0.240265092774056,0.00011454040064755
"ENSG00000115806","GORASP2",0.254317142197523,0.00523418351065548,"GORASP2",0.178320247100554,0.0621471997524957
"ENSG00000115808","STRN",0.0745694183965514,0.543592393095696,"STRN",0.289459981191027,0.00142374890706793
"ENSG00000115839","RAB3GAP1",0.0626078736278756,0.543756665090173,"RAB3GAP1",0.0671754818283373,0.514432783631722
"ENSG00000115840","SLC25A12",-0.214937367010931,0.113408906737886,"SLC25A12",-0.115505647774323,0.432039090826457
"ENSG00000115875","SRSF7",-0.794271898613406,1.51372485590099e-23,"SRSF7",-0.725817258814086,1.02248968593831e-19
"ENSG00000115935","WIPF1",0.409855748088653,0.000101346074803809,"WIPF1",0.744519540064068,2.50920275064127e-13
"ENSG00000115946","PNO1",-0.173577495072262,0.1325074777808,"PNO1",-0.365101414618214,0.000513692245597678
"ENSG00000115963","RND3",0.693745898866256,6.19900538758512e-06,"RND3",0.505214549019157,0.000779194616677524
"ENSG00000115970","THADA",-0.350608712275411,0.0001536011291305,"THADA",-0.458670932421383,8.59893998079925e-07
"ENSG00000116017","ARID3A",0.997253503711616,4.57324691919738e-11,"ARID3A",0.817884067022982,1.16202451477237e-06
"ENSG00000116062","MSH6",-0.634020644749648,3.7843518538325e-24,"MSH6",-0.456966697033602,2.08713830709822e-13
"ENSG00000116096","SPR",1.12940134269706,7.34129177854546e-25,"SPR",1.06075759435499,4.97377674322956e-20
"ENSG00000116117","PARD3B",-1.74853180055028,2.22668432437853e-10,"PARD3B",-2.39362901780797,1.5969450581044e-16
"ENSG00000116127","ALMS1",-0.575892250721298,4.0394398549272e-06,"ALMS1",-0.452632869276956,0.000188025803230629
"ENSG00000116141","MARK1",-0.195379129899346,0.333191374211213,"MARK1",-0.471244986395913,0.0149761618143157
"ENSG00000116191","RALGPS2",-0.341875352647814,0.00701281151180096,"RALGPS2",-0.314724640635843,0.0217999951173369
"ENSG00000116212","LRRC42",0.0178135236084499,0.911487562075033,"LRRC42",0.228488856297236,0.0128570452487898
"ENSG00000116266","STXBP3",0.633449820956041,6.49816706290827e-07,"STXBP3",0.431372732956712,0.000670341993382265
"ENSG00000116285","ERRFI1",-0.421693294844603,0.0053272325167062,"ERRFI1",-0.55061323291461,0.00030575222597888
"ENSG00000116299","ELAPOR1",1.56600528763573,4.23021843337352e-18,"ELAPOR1",1.78278442685734,1.06904941882083e-23
"ENSG00000116350","SRSF4",-0.369473861174474,5.79366223254172e-05,"SRSF4",-0.370237597661688,4.07439446943995e-05
"ENSG00000116514","RNF19B",1.27142553292898,1.52444051564148e-21,"RNF19B",1.11574470403886,1.60855967829639e-16
"ENSG00000116560","SFPQ",-0.433561028970298,8.38392775397959e-11,"SFPQ",-0.0802657435918191,0.349314492291635
"ENSG00000116584","ARHGEF2",-0.233308844802125,0.0125339873013106,"ARHGEF2",-0.373544013884003,2.22718710636884e-05
"ENSG00000116661","FBXO2",0.0259061099488166,0.948798885413924,"FBXO2",0.826191878906906,0.0270971171501278
"ENSG00000116667","C1orf21",-1.16341795217903,2.67577726527639e-22,"C1orf21",-0.783045687792489,1.87138045581156e-11
"ENSG00000116670","MAD2L2",0.527811960012667,2.77842169774173e-08,"MAD2L2",0.401156783588008,2.49227919444448e-05
"ENSG00000116678","LEPR",-1.32400158144186,3.04686154194237e-05,"LEPR",-1.47344969930227,2.1767674250072e-05
"ENSG00000116701","NCF2",0.673375050420152,0.000291595253373901,"NCF2",1.01026474673428,8.71746135917289e-08
"ENSG00000116711","PLA2G4A",0.554947807110594,0.0574312728190137,"PLA2G4A",2.01278679801454,0.000131388796859753
"ENSG00000116717","GADD45A",0.928849760065489,9.94859558643241e-15,"GADD45A",0.60794769855209,3.97054058042179e-07
"ENSG00000116741","RGS2",1.55293900400808,3.82675688205053e-11,"RGS2",1.4614143389569,5.17453346602015e-09
"ENSG00000116750","UCHL5",-0.411472879963548,1.72130438361553e-05,"UCHL5",-0.170779780646873,0.104173578873606
"ENSG00000116791","CRYZ",-0.0728570884813638,0.718153023101264,"CRYZ",0.122599273177467,0.456658149664947
"ENSG00000116830","TTF2",-0.223283623007799,0.026149944910786,"TTF2",-0.145220213348452,0.187540620341926
"ENSG00000116871","MAP7D1",0.142946994713564,0.215735575987199,"MAP7D1",0.128989653585318,0.26693361296941
"ENSG00000116922","AIRIM",0.280763507805278,0.0353517783319732,"AIRIM",0.050571983784171,0.795158200383316
"ENSG00000116962","NID1",-0.268568682584195,0.0583973695468161,"NID1",-0.540632543194374,5.10115001484376e-05
"ENSG00000116984","MTR",-0.374167323140749,0.000438817609824392,"MTR",-0.242718939249433,0.0256404045508203
"ENSG00000117054","ACADM",-0.215584920109513,0.038705100463672,"ACADM",-0.21551345038083,0.0332162349246118
"ENSG00000117226","GBP3",0.703342945553321,3.87238701187296e-07,"GBP3",0.542594078303713,7.80385954485839e-05
"ENSG00000117228","GBP1",0.48862540470993,1.38302029437274e-05,"GBP1",0.595345810372798,7.40272743129701e-08
"ENSG00000117360","PRPF3",0.101777197685341,0.385954356608353,"PRPF3",0.112622652122782,0.320134160307929
"ENSG00000117411","B4GALT2",-0.195427527110055,0.010457587509821,"B4GALT2",-0.228948705614638,0.00247051904177742
"ENSG00000117472","TSPAN1",2.33622534567044,2.88910380831162e-15,"TSPAN1",2.40099531364804,1.22480171208408e-14
"ENSG00000117475","BLZF1",0.0203513246187985,0.912187649136226,"BLZF1",-0.138516474768713,0.257756055079175
"ENSG00000117519","CNN3",-0.547990807433726,2.95990378883934e-06,"CNN3",-0.0166797601000714,0.93331241985935
"ENSG00000117525","F3",0.081285018280267,0.726484028754571,"F3",1.05835344861062,6.09428391716584e-09
"ENSG00000117598","PLPPR5",1.74579615638785,0.000526474707794691,"PLPPR5",0.713874750793356,0.0398200821265465
"ENSG00000117620","SLC35A3",-0.100476553466081,0.503560315583165,"SLC35A3",0.0212260828757182,0.917521358360267
"ENSG00000117691","NENF",0.643540056668359,2.1930542889007e-12,"NENF",0.340497131327881,0.000300990863624938
"ENSG00000117724","CENPF",-0.262280041862088,0.108474996493688,"CENPF",-0.121047521594788,0.491340916302748
"ENSG00000117748","RPA2",-0.343294872232736,0.00226289649514033,"RPA2",-0.388757347738137,0.000274904852752072
"ENSG00000117868","ESYT2",0.0414583240967347,0.70592640132357,"ESYT2",0.0562412344658328,0.58301220861785
"ENSG00000117877","POLR1G",0.0481487642708646,0.770851414012412,"POLR1G",0.0367157347049302,0.83326133184529
"ENSG00000118007","STAG1",-0.953005695324752,1.95618382736736e-31,"STAG1",-0.484171961086839,8.61061267685836e-10
"ENSG00000118217","ATF6",-0.444626566749848,8.81491309668321e-06,"ATF6",-0.446401600734382,7.42529048684568e-06
"ENSG00000118276","B4GALT6",-1.2323668765695,3.42306146236186e-16,"B4GALT6",-0.925329128790112,6.83476749163367e-10
"ENSG00000118418","HMGN3",-0.112810878939433,0.295725932275319,"HMGN3",-0.0270403056574654,0.845969001490773
"ENSG00000118496","FBXO30",-0.37975417937169,0.000516251743703982,"FBXO30",-0.23013981245806,0.0393192103235849
"ENSG00000118503","TNFAIP3",0.968365225494682,3.17859050021426e-09,"TNFAIP3",0.956537049851607,7.13684191891584e-09
"ENSG00000118507","AKAP7",-0.7705442728716,2.81267572535331e-06,"AKAP7",-0.312532970873307,0.0338614141217205
"ENSG00000118523","CCN2",0.119298457142932,0.565857538441403,"CCN2",0.135451040827385,0.461528134991341
"ENSG00000118596","SLC16A7",0.317815054682733,0.27179426545305,"SLC16A7",0.300099782027136,0.233268494726176
"ENSG00000118600","RXYLT1",0.0968453413194531,0.243115338756318,"RXYLT1",0.00245547745542604,0.984575850795219
"ENSG00000118680","MYL12B",0.0259956492713369,0.817348636185904,"MYL12B",-0.128399719719488,0.104688561430137
"ENSG00000118707","TGIF2",-0.229480078545266,0.0831746931932453,"TGIF2",0.0170628834445993,0.933945694735632
"ENSG00000118894","EEF2KMT",-0.0518644161224977,0.747478773528804,"EEF2KMT",-0.0969009785518202,0.482995731014052
"ENSG00000118900","UBN1",-0.0587767661713328,0.623198755333069,"UBN1",-0.0373422676238101,0.781588202595785
"ENSG00000119042","SATB2",-0.128292325780437,0.528847064687636,"SATB2",-0.110488614381443,0.567914390199289
"ENSG00000119139","TJP2",0.427291658591423,0.0847863949745916,"TJP2",0.396554681033349,0.0959840832292526
"ENSG00000119285","HEATR1",-0.267083177862409,0.000633128325079794,"HEATR1",-0.208321455366608,0.0102370959268646
"ENSG00000119314","PTBP3",0.267522479388861,0.000147458699735534,"PTBP3",0.67665774799513,4.91777286169905e-24
"ENSG00000119335","SET",-0.414307103482715,2.67375203154271e-09,"SET",-0.147290818737977,0.0599703389514766
"ENSG00000119392","GLE1",0.370531901265751,6.80316351114112e-05,"GLE1",0.647897544412204,1.75587054968896e-12
"ENSG00000119522","DENND1A",-0.975591399234287,7.07089917539622e-14,"DENND1A",-1.3562815819447,9.22724311839156e-22
"ENSG00000119599","DCAF4",-0.334880969445216,0.019556236477719,"DCAF4",-0.409941544845549,0.00373610768090562
"ENSG00000119630","PGF",0.467681708063885,0.000945013680924774,"PGF",0.313771566444317,0.0263298098379214
"ENSG00000119632","IFI27L2",0.564328728885147,9.87937797893225e-06,"IFI27L2",0.117918345789574,0.437032508218981
"ENSG00000119638","NEK9",-0.0465444823416137,0.785589165049521,"NEK9",-0.0988481204565478,0.475441128546623
"ENSG00000119661","DNAL1",-0.158704386031484,0.327927049545183,"DNAL1",-0.339422685979349,0.0110456904837797
"ENSG00000119729","RHOQ",-0.424258209504912,5.90028220720618e-07,"RHOQ",-0.290028276323535,0.000948402543305076
"ENSG00000119844","AFTPH",0.0211132039764797,0.879116214309348,"AFTPH",0.0708573536560124,0.498000214511785
"ENSG00000119862","LGALSL",0.524988751708263,0.0123636607420414,"LGALSL",0.890906875275311,0.000215507277013994
"ENSG00000119866","BCL11A",-0.313896644312374,0.0276306882249095,"BCL11A",-0.150342163182313,0.318366420448687
"ENSG00000119899","SLC17A5",0.0773123036781694,0.685593842994626,"SLC17A5",0.452316352061598,0.000669407000752449
"ENSG00000119917","IFIT3",1.13465223200831,1.7089844418183e-11,"IFIT3",1.2071445431701,7.43541358384986e-13
"ENSG00000119965","C10orf88",0.256861690439757,0.103262149437716,"C10orf88",0.0911700901497868,0.622416702757659
"ENSG00000119969","HELLS",-0.798498635980524,4.68333560751948e-17,"HELLS",-0.616506915629607,9.20432837646222e-11
"ENSG00000119977","TCTN3",0.0664134635179603,0.674748998174848,"TCTN3",-0.0324435838828288,0.865988735959661
"ENSG00000120162","MOB3B",-0.210993591970747,0.308120584670021,"MOB3B",0.0891744546438249,0.674999914338181
"ENSG00000120211","INSL4",3.51900699334527,1.07878232398347e-07,"INSL4",2.88443789225351,7.0791227142878e-06
"ENSG00000120217","CD274",-0.544374779147089,0.000303068665650292,"CD274",-0.600161426061198,0.000117338190366417
"ENSG00000120256","LRP11",0.320097592172155,0.182844351161995,"LRP11",0.00350667326389947,0.990297735545219
"ENSG00000120265","PCMT1",0.135949524248519,0.201003822726351,"PCMT1",0.3486358046884,0.000115393484714473
"ENSG00000120549","KIAA1217",0.865583849940441,1.15335052850933e-10,"KIAA1217",0.973335218389597,2.62999853289262e-12
"ENSG00000120594","PLXDC2",-0.230849249334077,0.425993729184942,"PLXDC2",-0.170371920129097,0.47707788302049
"ENSG00000120658","ENOX1",-1.44853580138947,7.374384667177e-06,"ENOX1",-1.93288456242771,3.78677008402494e-11
"ENSG00000120675","DNAJC15",-0.492731603502949,9.9001183321227e-08,"DNAJC15",-0.625874225862977,5.6684570939096e-12
"ENSG00000120686","UFM1",-0.0479139622222242,0.706603812213559,"UFM1",-0.062452381271432,0.615650840361519
"ENSG00000120693","SMAD9",0.253967132081567,0.194301919666812,"SMAD9",-0.681672957932677,0.00200273908972663
"ENSG00000120708","TGFBI",0.388144320012647,0.00532894205488747,"TGFBI",1.42764615439015,2.33795182460476e-20
"ENSG00000120725","SIL1",-0.349083532387405,0.00354240863998529,"SIL1",-0.602008562743072,4.65149587677716e-06
"ENSG00000120738","EGR1",1.05779664460639,0.00306602310219635,"EGR1",0.0130741230542044,0.964246979568633
"ENSG00000120802","TMPO",-0.418549655451762,3.53758908451882e-06,"TMPO",-0.0926305443357194,0.411092544044267
"ENSG00000120868","APAF1",0.689291840305268,3.40110558932181e-08,"APAF1",0.66900816597193,1.1098064661559e-07
"ENSG00000120875","DUSP4",0.169556451780659,0.259653756865333,"DUSP4",0.62086585675385,2.03110115991097e-06
"ENSG00000120885","CLU",1.5570438614548,1.4090190307502e-39,"CLU",1.42389896800398,5.92975179384031e-34
"ENSG00000120899","PTK2B",-0.469500116171469,0.0833390917568709,"PTK2B",-0.589463368552266,0.0488405324815889
"ENSG00000121289","CEP89",-0.319521821685336,0.00841237465875646,"CEP89",-0.408014382191204,0.000280928420081321
"ENSG00000121350","PYROXD1",-0.838841871446369,1.48427720493091e-08,"PYROXD1",-0.716887188652705,4.73189727918566e-07
"ENSG00000121390","PSPC1",-0.122008306475894,0.248973625394807,"PSPC1",0.247997451151627,0.00600653192455383
"ENSG00000121406","ZNF549",0.39781556496982,0.0457787584101105,"ZNF549",0.0998038120662337,0.649471457819849
"ENSG00000121542","SEC22A",0.162363230582121,0.34124235470607,"SEC22A",0.0687437312750565,0.721897527662552
"ENSG00000121578","B4GALT4",0.404376757876471,0.00515126095964785,"B4GALT4",0.111314021506086,0.521878370175694
"ENSG00000121690","DEPDC7",0.481730784982493,0.0436225164049353,"DEPDC7",1.35516543193206,2.13864234567655e-08
"ENSG00000121775","TMEM39B",-0.576432901870272,5.33557003663155e-08,"TMEM39B",-0.244903545646179,0.0213681788444785
"ENSG00000121797","CCRL2",0.896505469001183,0.000126945424588052,"CCRL2",1.16852795979422,3.09323232196455e-06
"ENSG00000121900","TMEM54",0.386926745722967,0.000273186698843839,"TMEM54",0.0518069812061487,0.751247995135457
"ENSG00000121964","GTDC1",-1.91279515663287,9.53828888940704e-14,"GTDC1",-1.83857577039811,5.51236468438307e-13
"ENSG00000121988","ZRANB3",-1.12339252178122,3.88819095977882e-08,"ZRANB3",-1.02503485901408,3.18632644790147e-07
"ENSG00000122034","GTF3A",-0.0122688945537151,0.952855537103376,"GTF3A",-0.107817512095452,0.38845696432661
"ENSG00000122042","UBL3",0.247706346558286,0.0816907544504592,"UBL3",-0.0754353142546341,0.680117691578828
"ENSG00000122218","COPA",-0.232677252423873,0.00064528318730732,"COPA",-0.261177338259526,0.000111343494583848
"ENSG00000122359","ANXA11",-0.124677024553536,0.135039664338742,"ANXA11",-0.19945512403343,0.0109432670988571
"ENSG00000122507","BBS9",0.16323804517122,0.559968189760038,"BBS9",-0.0566410334306499,0.845542210773408
"ENSG00000122550","KLHL7",0.641537582251005,2.93768721317397e-05,"KLHL7",1.05657975470893,8.58178157841067e-12
"ENSG00000122566","HNRNPA2B1",-0.602268519291616,2.88287648278994e-17,"HNRNPA2B1",-0.322263518283192,9.64840494722074e-06
"ENSG00000122641","INHBA",0.267714072096996,0.269702209735325,"INHBA",1.14252289943917,4.2415376519013e-05
"ENSG00000122674","CCZ1",-0.102768494254492,0.35319453966777,"CCZ1",-0.0164551941430492,0.919167542526978
"ENSG00000122691","TWIST1",-0.187249985347446,0.164520577166,"TWIST1",-0.100548196468058,0.497798528808408
"ENSG00000122705","CLTA",0.281742668168265,4.94575327368127e-06,"CLTA",0.142789667608946,0.0356749141720938
"ENSG00000122741","DCAF10",-0.433937601850699,0.000338161138727998,"DCAF10",-0.494809272249875,4.10252613567463e-05
"ENSG00000122870","BICC1",-0.508951185840964,0.00394815530433555,"BICC1",-0.16035580999435,0.366580802446795
"ENSG00000122882","ECD",0.211043550026551,0.00171300759760647,"ECD",0.226153887703517,0.000928379774980845
"ENSG00000123080","CDKN2C",-0.332505516106393,0.00443497240783662,"CDKN2C",0.0849313228264093,0.549472986910874
"ENSG00000123104","ITPR2",-0.510951573160423,0.00115675229395392,"ITPR2",-0.99462054382026,2.40520908668911e-09
"ENSG00000123106","CCDC91",-0.847993660545652,8.03099672140379e-21,"CCDC91",-1.02050794943153,4.13865756362032e-30
"ENSG00000123130","ACOT9",0.0629764332117629,0.559126673505916,"ACOT9",0.432010837160935,3.07008588717106e-08
"ENSG00000123143","PKN1",0.0304660587277484,0.91345259702021,"PKN1",-0.174361883678497,0.33491402002571
"ENSG00000123179","EBPL",-0.102512044685366,0.318989205931245,"EBPL",0.0224090562899324,0.881845172399221
"ENSG00000123213","NLN",-0.300888568625512,0.000361858235334469,"NLN",-0.120677918088593,0.219598623327543
"ENSG00000123240","OPTN",0.45868189504043,0.000471642513694236,"OPTN",0.133814874649664,0.372182729523819
"ENSG00000123353","ORMDL2",0.502636804088062,5.0410885218164e-06,"ORMDL2",0.517760485659762,2.71404447499798e-06
"ENSG00000123358","NR4A1",2.08316081708712,3.1270619268092e-06,"NR4A1",0.669849127539844,0.0337300039722676
"ENSG00000123384","LRP1",0.982530101614507,7.03576062448962e-07,"LRP1",0.502586469801688,0.00558405541831514
"ENSG00000123496","IL13RA2",0.145456055584054,0.639299263781773,"IL13RA2",1.52301933583029,0.000452940477649132
"ENSG00000123505","AMD1",-0.462080317453353,5.95815886194089e-16,"AMD1",-0.315206908607989,6.4336752892943e-08
"ENSG00000123609","NMI",0.51113573709405,0.000150784539425686,"NMI",0.53702320411516,4.80771730174882e-05
"ENSG00000123685","BATF3",0.0213419765160621,0.940907738309033,"BATF3",-0.131913630235555,0.448237377139898
"ENSG00000123977","DAW1",0.0690671659186156,0.83355680600458,"DAW1",0.583857080635461,0.0645189192950988
"ENSG00000123983","ACSL3",-0.328514941495674,0.000285113224569878,"ACSL3",-0.0193268275491054,0.902989296111468
"ENSG00000123989","CHPF",0.303042687779226,0.00515101796421567,"CHPF",0.250393449392299,0.0226910331155554
"ENSG00000124006","OBSL1",0.076619279345685,0.579697652032401,"OBSL1",0.196469415146376,0.0717658130090093
"ENSG00000124067","SLC12A4",0.942900437766096,1.28898506536724e-09,"SLC12A4",1.11474680605035,7.64811324744022e-13
"ENSG00000124098","FAM210B",1.10110055785915,8.96835148457745e-23,"FAM210B",0.335800806378567,0.00439901425943637
"ENSG00000124107","SLPI",1.34731749837725,0.00554798487025035,"SLPI",3.03628012243403,2.49791612532499e-07
"ENSG00000124116","WFDC3",0.214850356171107,0.428403561551417,"WFDC3",0.463548608565828,0.0491691302167468
"ENSG00000124145","SDC4",0.320405410713149,3.27569030830124e-06,"SDC4",0.123615617752969,0.125871936132758
"ENSG00000124155","PIGT",0.37115011897431,5.99257371094164e-07,"PIGT",0.0612992891996976,0.55240735513698
"ENSG00000124193","SRSF6",-0.821123101923894,1.24262220935049e-25,"SRSF6",-0.654434434575766,8.97042347562963e-17
"ENSG00000124201","ZNFX1",0.637135131107211,3.10067475351973e-08,"ZNFX1",0.180162039066282,0.154795638111362
"ENSG00000124224",NA,0.735786326079387,0.000139255504663868,NA,0.651488153192254,0.000669407000752449
"ENSG00000124226","RNF114",0.5588583838663,1.27054306553136e-07,"RNF114",0.436839314778229,3.76948490342625e-05
"ENSG00000124275","MTRR",-0.515735422120133,1.16813692279059e-08,"MTRR",-0.580840542233896,1.48833120901587e-10
"ENSG00000124299","PEPD",0.067001246588262,0.697031540173226,"PEPD",-0.328635374534941,0.00905809145478199
"ENSG00000124356","STAMBP",0.270362909490656,0.005859214558411,"STAMBP",0.222143199021171,0.0233776929857304
"ENSG00000124357","NAGK",0.498820895938566,0.000173968501634264,"NAGK",0.45183831812118,0.000480983338442138
"ENSG00000124380","SNRNP27",0.135360555199589,0.100616403312367,"SNRNP27",0.177900241320822,0.0242698649505681
"ENSG00000124383","MPHOSPH10",-0.0154810839096472,0.912378924197596,"MPHOSPH10",-0.105333916910986,0.265269687219317
"ENSG00000124422","USP22",-0.0321624688861914,0.782642215685051,"USP22",0.132167040803211,0.117830542982602
"ENSG00000124466","LYPD3",0.224502169219988,0.438422361420817,"LYPD3",-0.113235661994271,0.643201963210573
"ENSG00000124562","SNRPC",0.237714343049611,1.36622201660062e-05,"SNRPC",-0.0224834342333868,0.808181665819497
"ENSG00000124575","H1-3",0.00409182578327089,0.99899786787743,"H1-3",-0.0188874419646543,0.944761406125513
"ENSG00000124587","PEX6",0.220027387522038,0.178938699315304,"PEX6",0.515723622017072,0.000809901048136701
"ENSG00000124588","NQO2",-0.0457638515419805,0.864747474999945,"NQO2",-0.147475839520737,0.428481103881943
"ENSG00000124596","OARD1",-0.459666805584665,0.000745246848881835,"OARD1",-0.224126068579545,0.102202245418451
"ENSG00000124610","H1-1",0.000795082822875591,0.999769847841042,"H1-1",-0.021384863315193,0.939926518346072
"ENSG00000124641","MED20",0.245327612479813,0.0290829027828984,"MED20",0.166896196418884,0.159250008948458
"ENSG00000124733","MEA1",0.289650098594345,0.00123426764047498,"MEA1",0.308112354152206,0.000423666450557363
"ENSG00000124762","CDKN1A",1.38370584568841,9.9976490015241e-17,"CDKN1A",1.48038215746145,1.03104310628274e-18
"ENSG00000124839","RAB17",2.34471209580528,0.000112094610434682,"RAB17",1.72210580016363,5.29381111403918e-05
"ENSG00000124942","AHNAK",-0.23971053843079,0.149898359976576,"AHNAK",-0.550504957182741,0.000386636899491381
"ENSG00000125037","EMC3",0.702754043433176,1.87266725222708e-16,"EMC3",0.621416275480013,2.23097787220891e-12
"ENSG00000125089","SH3TC1",0.642637518482367,0.0188617195157747,"SH3TC1",1.19268913145077,0.00351499003798044
"ENSG00000125246","CLYBL",-0.642088124896903,0.0464228990674395,"CLYBL",-1.95708853252649,0.00143969157508795
"ENSG00000125247","TMTC4",-1.04754577766203,3.8915262217707e-10,"TMTC4",-0.475117004864817,0.00157818795241872
"ENSG00000125257","ABCC4",-0.629644561737304,1.40090890367015e-08,"ABCC4",-0.62184046394039,7.21117099527226e-08
"ENSG00000125304","TM9SF2",-0.000249461422766197,0.999769847841042,"TM9SF2",0.0514123906987622,0.54684459204674
"ENSG00000125319","HROB",0.820112342101882,5.27301949047207e-09,"HROB",0.598531724271047,1.82106297921825e-05
"ENSG00000125398","SOX9",-0.164431222586065,0.410422746857333,"SOX9",0.0414014434941862,0.867104032879434
"ENSG00000125484","GTF3C4",0.303273671591137,4.09557889944164e-05,"GTF3C4",0.130125687085375,0.134126515448012
"ENSG00000125520","SLC2A4RG",-0.341427965315144,2.91758222726123e-05,"SLC2A4RG",-0.336653745252849,4.15110779231702e-05
"ENSG00000125618","PAX8",-0.13989927996381,0.62469326648366,"PAX8",-0.320637203488336,0.141622693020031
"ENSG00000125630","POLR1B",-0.33607480619632,1.9556988956397e-09,"POLR1B",-0.386191081926166,4.71725230905672e-12
"ENSG00000125633","CCDC93",-0.167795828296994,0.13780557373011,"CCDC93",-0.117104100466869,0.325013222035976
"ENSG00000125657","TNFSF9",0.779807262501659,1.20078510553464e-07,"TNFSF9",1.13004477547958,2.16040340126634e-13
"ENSG00000125703","ATG4C",-0.498788546781252,0.000116844678509532,"ATG4C",-0.299342139203381,0.0167444408568988
"ENSG00000125731","SH2D3A",0.126717087774515,0.686238264498053,"SH2D3A",-0.0331115090206794,0.911398877122753
"ENSG00000125733","TRIP10",0.172556154318129,0.122094806306533,"TRIP10",0.241475501013167,0.0228976107690709
"ENSG00000125735","TNFSF14",0.066445449981066,0.839322665052608,"TNFSF14",-0.0122645500466111,0.966728038381653
"ENSG00000125746","EML2",-0.0456601063841323,0.83880212219001,"EML2",0.0880901616725825,0.625808159156696
"ENSG00000125753","VASP",-0.0349488297980011,0.81601730947023,"VASP",0.0558396703616852,0.676768245153095
"ENSG00000125775","SDCBP2",0.309488414685553,0.261942124746884,"SDCBP2",0.175442032233762,0.466782377822273
"ENSG00000125817","CENPB",-0.555898831507922,6.87718735382954e-11,"CENPB",-0.208889738571514,0.0214595109889966
"ENSG00000125821","DTD1",-1.33613956287201,1.22039731119838e-61,"DTD1",-1.23714158791275,2.65812436524562e-54
"ENSG00000125827","TMX4",0.434255829277114,0.000835067853192362,"TMX4",0.482029655439881,0.000140903441614513
"ENSG00000125844","RRBP1",-0.060526495702487,0.738244300288502,"RRBP1",-0.252002822633325,0.0486172007650502
"ENSG00000125845","BMP2",1.66256800887956,2.04290418945167e-09,"BMP2",1.15625585783706,0.000118988640938745
"ENSG00000125871","MGME1",0.255809995075507,0.00162471509573729,"MGME1",0.264094542145928,0.00116410133394347
"ENSG00000125944","HNRNPR",-0.00627096934800748,0.979375930275057,"HNRNPR",0.0592995813443984,0.633290158162596
"ENSG00000125991","ERGIC3",0.40080647031366,1.93857299628981e-08,"ERGIC3",0.326964861378083,6.95351411581199e-06
"ENSG00000125995","ROMO1",0.229794741724679,0.0630814819625051,"ROMO1",-0.0348150549773391,0.849320712059906
"ENSG00000126247","CAPNS1",0.262406325217277,0.00115832267646534,"CAPNS1",-0.0533258535500081,0.632093743220753
"ENSG00000126264","HCST",1.28373190323516,0.00497529160961047,"HCST",0.364269176141429,0.174377221410008
"ENSG00000126351","THRA",0.447158709659591,9.369043434338e-06,"THRA",0.390233562762616,8.42291738540159e-05
"ENSG00000126457","PRMT1",-0.603000031534412,2.96159746578613e-09,"PRMT1",-0.417375310072747,3.95891136220278e-05
"ENSG00000126458","RRAS",0.328130485943346,0.00876453278398695,"RRAS",0.285669983163426,0.0208129814451018
"ENSG00000126561","STAT5A",0.412658477305622,0.131489162925712,"STAT5A",0.243867373548889,0.288844267506856
"ENSG00000126602","TRAP1",-0.238744326747114,0.00581745452888583,"TRAP1",-0.251173300550109,0.00333691020342037
"ENSG00000126790","L3HYPDH",-0.41635494403598,0.0101605208282093,"L3HYPDH",-0.206598097017732,0.212290204748598
"ENSG00000126858","RHOT1",-0.972557849163732,2.86418994715499e-12,"RHOT1",-0.924495272451109,1.53447095967261e-11
"ENSG00000126870","DYNC2I1",0.294532802583737,0.0330206584181585,"DYNC2I1",-0.126028927714855,0.421917719333063
"ENSG00000127022","CANX",-0.279503294039602,2.26064018814097e-06,"CANX",-0.273221554969321,3.81622560642656e-06
"ENSG00000127129","EDN2",0.167311123139671,0.558735397353395,"EDN2",0.0286173064544543,0.923446525831743
"ENSG00000127328","RAB3IP",-0.352390765061985,0.00188188691357067,"RAB3IP",-0.0849237962671423,0.534120370200979
"ENSG00000127329","PTPRB",-0.180509592744271,0.501121902216373,"PTPRB",0.396428252140024,0.133665181623599
"ENSG00000127399","LRRC61",0.19546684988366,0.484242093878843,"LRRC61",-0.02036566718813,0.94186622791049
"ENSG00000127511","SIN3B",0.636981498917489,1.75170660876441e-11,"SIN3B",0.54871563438455,1.12636733506448e-08
"ENSG00000127603","MACF1",-0.0602886147288025,0.725483630065425,"MACF1",-0.0102339847710299,0.956113605344243
"ENSG00000127666","TICAM1",0.595556895048438,0.000160901494273246,"TICAM1",0.208802465388117,0.213235592801793
"ENSG00000127720","METTL25",-0.599936592915411,0.00115999127740361,"METTL25",-0.301770338858395,0.0719502450478795
"ENSG00000127804","METTL16",0.0154023867001936,0.925918180356036,"METTL16",0.054482361281312,0.672902330289924
"ENSG00000127824","TUBA4A",0.921146108286244,2.88475569600756e-24,"TUBA4A",0.931949778277453,1.71072154233796e-24
"ENSG00000127838","PNKD",0.118662755828507,0.38886331110232,"PNKD",0.0114594906180397,0.948959061489524
"ENSG00000127952","STYXL1",0.40096467028206,0.000277974384486708,"STYXL1",0.115469395596956,0.394479964739761
"ENSG00000127955","GNAI1",0.750196562740322,6.80945140354417e-11,"GNAI1",1.09317314933243,2.17588255829194e-21
"ENSG00000128016","ZFP36",0.194114138340668,0.443357294395094,"ZFP36",0.193232257668311,0.374018931069521
"ENSG00000128039","SRD5A3",0.171097415518262,0.467294861189513,"SRD5A3",0.25104994621844,0.216265216792701
"ENSG00000128050","PAICS",-0.434818694738952,9.35667603656226e-08,"PAICS",-0.321914950278201,9.34429035060363e-05
"ENSG00000128059","PPAT",-0.292272893879634,0.000552807426975494,"PPAT",-0.309409799687249,0.000262012411865174
"ENSG00000128185","DGCR6L",0.39676122806077,0.00123087727596081,"DGCR6L",0.387460286511563,0.00140296026084589
"ENSG00000128311","TST",1.24562137919976,1.93256334121496e-17,"TST",1.21475403178068,3.84571305566734e-16
"ENSG00000128510","CPA4",0.871892398563977,0.00140922840549883,"CPA4",1.49450380134972,6.13859771297626e-07
"ENSG00000128524","ATP6V1F",0.679408252255106,1.92601539513923e-19,"ATP6V1F",0.587315785901953,1.90591858129245e-14
"ENSG00000128578","STRIP2",0.0256116769975371,0.934627164630962,"STRIP2",-0.267369728444049,0.124867081096947
"ENSG00000128604","IRF5",1.40948688760944,1.47552653437313e-05,"IRF5",0.495338127936502,0.0682845562974778
"ENSG00000128656","CHN1",-0.519910614790441,0.00340645258814521,"CHN1",-0.330945311842823,0.0395156016513947
"ENSG00000128683","GAD1",1.25711179700762,1.18208306459891e-08,"GAD1",0.717908135198315,0.000270375380160521
"ENSG00000128699","ORMDL1",-0.204636783624157,0.0317421926706922,"ORMDL1",-0.33729949358036,0.000157199533095221
"ENSG00000128731","HERC2",-0.3613209896037,0.00111883401369574,"HERC2",-0.23353519591392,0.0419247803455482
"ENSG00000128789","PSMG2",-0.25949396448903,0.00449959631261096,"PSMG2",-0.0125873961127434,0.935822130830783
"ENSG00000128833","MYO5C",-0.681387780226249,0.0407249876012584,"MYO5C",-1.10596140848043,0.00800099118085112
"ENSG00000128923","MINDY2",0.195024518800209,0.108387415030272,"MINDY2",0.157520392656869,0.208719644878391
"ENSG00000128951","DUT",-0.856190928395789,1.43636117593047e-19,"DUT",-0.795190235501661,5.40053577386515e-17
"ENSG00000129083","COPB1",0.00523480010540155,0.979377355475575,"COPB1",0.0835239729025486,0.369442129164518
"ENSG00000129116","PALLD",0.428464866765035,2.60916198081667e-05,"PALLD",0.865864942904324,1.1455874439365e-17
"ENSG00000129158","SERGEF",-1.24512439928506,5.50600861740652e-14,"SERGEF",-1.77594377389904,2.04557349359153e-23
"ENSG00000129194","SOX15",0.151035786658301,0.623448820101666,"SOX15",-0.00289493574863604,0.992323346514356
"ENSG00000129197","RPAIN",-0.115532043470215,0.436905759765689,"RPAIN",-0.00327002168708639,0.986042344242046
"ENSG00000129351","ILF3",-0.487063657492222,1.27485130009007e-16,"ILF3",-0.334969958004631,2.17516431299334e-08
"ENSG00000129353","SLC44A2",0.974059475714689,8.96087468308148e-11,"SLC44A2",1.17874359452061,9.86830925049789e-09
"ENSG00000129534","MIS18BP1",-0.529111482760788,9.21469674395773e-07,"MIS18BP1",-0.275028445666203,0.0120840576096415
"ENSG00000129562","DAD1",0.356193428364301,3.75404438706807e-05,"DAD1",0.0219831769686332,0.884994983221063
"ENSG00000129566","TEP1",0.764018767928522,0.000146235259171536,"TEP1",0.558044608373013,0.00477668811754593
"ENSG00000129657","SEC14L1",-0.0111297151081392,0.975596275141969,"SEC14L1",0.069215914186862,0.731329946008951
"ENSG00000129667","RHBDF2",0.666250151874901,0.000124791618515555,"RHBDF2",0.674396633330271,0.000102242777215447
"ENSG00000130024","PHF10",-0.477537147603464,7.5468685243689e-05,"PHF10",-0.00336592786891072,0.985849078690517
"ENSG00000130193","THEM6",-0.471649227288912,0.000489768703598537,"THEM6",-0.320835010038866,0.013650490112138
"ENSG00000130202","NECTIN2",-0.184210524814902,0.123371781490498,"NECTIN2",-0.175872730051942,0.140878147174643
"ENSG00000130244","FAM98C",1.25001389945404,8.77836602870518e-25,"FAM98C",0.95249353893092,3.56010569329905e-14
"ENSG00000130309","COLGALT1",0.118400597872855,0.300387411069779,"COLGALT1",0.210323960728625,0.0365582927245404
"ENSG00000130311","DDA1",0.0498055883563181,0.620079170899038,"DDA1",0.0625758741969226,0.525371601763528
"ENSG00000130312","MRPL34",-0.0263340495853266,0.885490337700617,"MRPL34",-0.119351754542561,0.35726187534982
"ENSG00000130349","MTRES1",-0.0415312507167475,0.794146960365737,"MTRES1",-0.39476957978419,0.000267005370253923
"ENSG00000130396","AFDN",-0.782301580435943,2.87617234656926e-18,"AFDN",-0.343311259158703,0.000112855498770512
"ENSG00000130402","ACTN4",-0.636025722518416,5.64786037212924e-09,"ACTN4",-0.609344140594643,2.57726561066534e-08
"ENSG00000130414","NDUFA10",-0.121192864337294,0.155362856221678,"NDUFA10",-0.210955139190119,0.00834717342530185
"ENSG00000130449","ZSWIM6",-0.266056548726075,0.00939277711767388,"ZSWIM6",0.0966551460612862,0.433711484424809
"ENSG00000130479","MAP1S",0.614247439631705,8.27668205364723e-07,"MAP1S",0.238334882022071,0.0659154157234143
"ENSG00000130513","GDF15",2.16328808631659,8.33916848927181e-33,"GDF15",2.24515570396636,4.50352830609908e-35
"ENSG00000130517","PGPEP1",0.670596481352623,7.51173489926659e-05,"PGPEP1",1.01109470262542,1.12392751593293e-08
"ENSG00000130545","CRB3",0.0323200080433842,0.931771342000672,"CRB3",0.119626388315131,0.617723009779782
"ENSG00000130560","UBAC1",-0.445300484230983,1.05515458519589e-07,"UBAC1",-0.246415680828232,0.0046708046206463
"ENSG00000130589","HELZ2",1.21698292733949,4.65070835812906e-18,"HELZ2",0.933513695076379,2.39624999376964e-10
"ENSG00000130590","SAMD10",0.286500507432586,0.0346660611021079,"SAMD10",0.511624903273653,5.62972912484712e-05
"ENSG00000130638","ATXN10",-0.619860144740373,5.53718088511957e-19,"ATXN10",-0.39469489737674,1.26958333475545e-08
"ENSG00000130684","ZNF337",0.742882035411868,3.15024383617768e-10,"ZNF337",0.624990806235217,5.0904491702579e-07
"ENSG00000130724","CHMP2A",0.250281585007395,0.0218530007095097,"CHMP2A",-0.138536824705082,0.243177640849593
"ENSG00000130733","YIPF2",0.276852289853287,0.0159484217591451,"YIPF2",0.118992755043287,0.3847882033256
"ENSG00000130741","EIF2S3",-0.538767904214836,4.06299581107148e-18,"EIF2S3",-0.570484665689377,9.7832700917837e-20
"ENSG00000130766","SESN2",0.698038856865715,5.72411828719853e-07,"SESN2",0.00880829799478217,0.966214867769558
"ENSG00000130779","CLIP1",-0.0113941038408523,0.947138347605415,"CLIP1",0.0639012027953753,0.586819901557954
"ENSG00000130787","HIP1R",0.675353599546041,8.12117730061619e-05,"HIP1R",0.862333729865363,2.14194426709222e-06
"ENSG00000130826","DKC1",-0.394288279260834,4.11564918810237e-12,"DKC1",-0.210388636650037,0.000452979896933997
"ENSG00000130827","PLXNA3",0.775289200439205,7.60582342718119e-06,"PLXNA3",0.933066592799458,1.60603445703034e-07
"ENSG00000130921","MTRFR",-0.148885207653275,0.141762103990882,"MTRFR",-0.095649004176415,0.3847882033256
"ENSG00000130939","UBE4B",-0.167527931627525,0.135294872287037,"UBE4B",-0.282174004506162,0.00640627359023205
"ENSG00000130940","CASZ1",0.0674932376227728,0.844236549330583,"CASZ1",-0.0650619729825527,0.823294956585793
"ENSG00000130958","SLC35D2",-0.237081388272048,0.0767231799914336,"SLC35D2",-0.0341374925304416,0.863574884780608
"ENSG00000130962","PRRG1",0.35453123671878,0.000752546764089715,"PRRG1",0.317594682284712,0.00397787917526759
"ENSG00000130985","UBA1",0.370024151067562,0.000282753705918131,"UBA1",0.247808190317831,0.0176988826288478
"ENSG00000131015","ULBP2",0.85690350686768,2.00381269829117e-08,"ULBP2",0.855400341439324,1.79299587962323e-07
"ENSG00000131018","SYNE1",0.168980553379261,0.382758638210225,"SYNE1",0.695421387431783,5.20895379217697e-05
"ENSG00000131037","EPS8L1",0.359469395138153,0.131222331602093,"EPS8L1",0.648691985915416,0.00455971898049561
"ENSG00000131051","RBM39",-0.556973804453906,2.05089105070676e-26,"RBM39",-0.452658717001543,5.88469296632553e-18
"ENSG00000131080","EDA2R",0.617280667765469,2.107914036669e-08,"EDA2R",0.405252942462217,0.000295256319757643
"ENSG00000131100","ATP6V1E1",0.370057191079435,1.86620659894249e-07,"ATP6V1E1",0.276387089342523,0.000135591320412377
"ENSG00000131153","GINS2",-0.827595272340984,1.73212649223268e-08,"GINS2",-0.51071154895161,0.000292207463859493
"ENSG00000131165","CHMP1A",0.0531699719462621,0.721841680944956,"CHMP1A",0.15974544654019,0.162005937553272
"ENSG00000131236","CAP1",-0.175036876768288,0.0217047767545545,"CAP1",-0.245319717939916,0.000695642335628521
"ENSG00000131238","PPT1",0.249265668541112,0.0182577742947322,"PPT1",0.151541245685502,0.182053732951348
"ENSG00000131323","TRAF3",-0.40045064067047,2.2347452590427e-05,"TRAF3",-0.169485516178974,0.0999382515851144
"ENSG00000131374","TBC1D5",-1.43855313333267,9.52286136670668e-36,"TBC1D5",-2.12004348401609,2.68185183334779e-68
"ENSG00000131503","ANKHD1",0.506599169642199,0.000562234322562001,"ANKHD1",0.724180926323929,5.34524410422216e-06
"ENSG00000131507","NDFIP1",0.257189518397455,0.00115795128633816,"NDFIP1",0.263686512131984,0.00102331848055836
"ENSG00000131558","EXOC4",-1.19030522648965,9.38043941067969e-24,"EXOC4",-2.04603147661761,3.89611812303271e-55
"ENSG00000131669","NINJ1",1.31739325548196,1.46501111594474e-35,"NINJ1",0.731797241221922,6.2882759220227e-12
"ENSG00000131737","KRT34",0.363233689718408,0.202621883008872,"KRT34",1.20363045079273,0.00165640108246531
"ENSG00000131876","SNRPA1",0.282621592377722,0.0058931528186075,"SNRPA1",0.538606539853612,4.09019972508826e-08
"ENSG00000131941","RHPN2",0.0689106585514175,0.778044725057519,"RHPN2",0.0376342192419138,0.881381915672668
"ENSG00000131966","ACTR10",0.266695785032749,0.00430563176451719,"ACTR10",0.188231619767089,0.0531171167223749
"ENSG00000132003","ZSWIM4",0.505125422654701,0.0331841470570503,"ZSWIM4",0.30416278260472,0.151072017132022
"ENSG00000132122","SPATA6",0.353860958695988,0.199943930122176,"SPATA6",0.108119896388694,0.670170749565712
"ENSG00000132155","RAF1",-0.0938362884540276,0.425186395315548,"RAF1",0.0552626937241458,0.673358852689757
"ENSG00000132199","ENOSF1",-0.6789600495327,1.88068549729526e-07,"ENOSF1",-0.803427077687331,6.26793947278162e-10
"ENSG00000132274","TRIM22",1.15582934750347,1.31163170737962e-09,"TRIM22",1.28958987113729,8.72709973031748e-12
"ENSG00000132300","PTCD3",-0.0471417168305471,0.679231706895197,"PTCD3",0.0828906214042425,0.400360764483624
"ENSG00000132305","IMMT",-0.220663356286474,2.96882135832117e-05,"IMMT",-0.285703343835742,3.65700664401549e-08
"ENSG00000132313","MRPL35",-0.00629233287018168,0.974317184634821,"MRPL35",-0.15760537215232,0.0674922191434733
"ENSG00000132341","RAN",-0.472012168884502,5.38346227586256e-06,"RAN",-0.365512130597244,0.000387504214029668
"ENSG00000132359","RAP1GAP2",-0.297891936923119,0.0478638408575201,"RAP1GAP2",-0.0548952493221239,0.790485290320318
"ENSG00000132376","INPP5K",0.602780128755703,4.03713740307654e-06,"INPP5K",0.5733441387214,2.02941405755411e-05
"ENSG00000132394","EEFSEC",-0.984913001488841,8.11825968671951e-09,"EEFSEC",-0.858823711545522,3.78681373105143e-07
"ENSG00000132406","TMEM128",0.0673519298575875,0.780554897860678,"TMEM128",-0.283897406166338,0.0953947966417665
"ENSG00000132471","WBP2",0.159056395181028,0.186746657206812,"WBP2",0.337611244568561,0.00131919475945099
"ENSG00000132475","H3-3B",-0.749150031851872,2.27257689747957e-38,"H3-3B",-0.374003033323486,1.55062361710009e-10
"ENSG00000132541","RIDA",-0.0847570091596095,0.656105425167102,"RIDA",-0.201552567875843,0.206291318223357
"ENSG00000132549","VPS13B",-1.19341263550836,1.47225611524701e-12,"VPS13B",-1.10496201817144,1.6423087555604e-11
"ENSG00000132581","SDF2",0.319267038821499,0.000376200631157386,"SDF2",0.163271094413044,0.0976386215279751
"ENSG00000132603","NIP7",-0.581107562706151,1.31651598745087e-12,"NIP7",-0.471531211053582,7.893167751131e-09
"ENSG00000132612","VPS4A",0.207442992265201,0.00458164423075574,"VPS4A",0.266668889956418,0.000227253528921925
"ENSG00000132670","PTPRA",-0.604958979541046,2.26519954878495e-06,"PTPRA",-0.379803717882631,0.00210390322764663
"ENSG00000132773","TOE1",-0.537026555500331,8.45827348609686e-06,"TOE1",-0.458883449306652,0.000112549876400832
"ENSG00000132780","NASP",-0.471797532725543,4.98390810448801e-06,"NASP",-0.110552050178871,0.375874130335702
"ENSG00000132854","KANK4",-0.00109313641146373,0.999769847841042,"KANK4",-0.0234453374474463,0.935936631142923
"ENSG00000132932","ATP8A2",-0.759981064226319,0.0158356345151854,"ATP8A2",-1.33514707442032,0.000183924354500995
"ENSG00000133026","MYH10",-1.4578939651836,1.07811187135945e-24,"MYH10",-0.720815553673864,5.22041495170498e-08
"ENSG00000133027","PEMT",-0.613728884590803,1.1057771363227e-05,"PEMT",-1.05342389736515,1.25481346874709e-11
"ENSG00000133028","SCO1",-0.00567387523327132,0.966740301224219,"SCO1",-0.206101592354312,0.00109768630334073
"ENSG00000133104","SPART",0.111036293925164,0.176334656227522,"SPART",0.242633918055535,0.00064362776555592
"ENSG00000133110","POSTN",-0.197947448483796,0.477132971663169,"POSTN",0.131507304881339,0.579167524971764
"ENSG00000133111","RFXAP",-0.675342843117704,0.00142640364847814,"RFXAP",-0.454540120023944,0.0175633941479263
"ENSG00000133131","MORC4",1.00234528913547,3.89282453661852e-30,"MORC4",0.902689197306687,9.33210627469499e-25
"ENSG00000133195","SLC39A11",-1.06802887394193,1.472892456074e-08,"SLC39A11",-1.48692847277446,2.6673379391407e-13
"ENSG00000133226","SRRM1",-0.29853352685668,0.00010197870718538,"SRRM1",-0.339024176839177,7.02068852242636e-06
"ENSG00000133313","CNDP2",-0.568438402319796,1.39088591516211e-09,"CNDP2",-0.51059909905579,2.91419461334594e-08
"ENSG00000133398","MED10",0.0179325386173677,0.884677339292069,"MED10",-0.218637019686941,0.0048239572510352
"ENSG00000133639","BTG1",0.823696989959645,1.48651877669695e-24,"BTG1",0.360129254851194,1.13240293856578e-05
"ENSG00000133640","LRRIQ1",-0.496753183816792,0.0340572923927549,"LRRIQ1",-0.81638867706446,0.00235625241729712
"ENSG00000133657","ATP13A3",-0.0177671142231016,0.929721791803301,"ATP13A3",0.15247881598558,0.209310796817116
"ENSG00000133687","TMTC1",0.283743715909073,0.289547828718108,"TMTC1",0.0618145706948938,0.833860508589549
"ENSG00000133773","CCDC59",-0.153653165120306,0.144956849236826,"CCDC59",-0.237514294670839,0.0134982236282524
"ENSG00000133835","HSD17B4",-0.325492166950421,0.00334565761389087,"HSD17B4",-0.431655874041462,7.28532663784979e-05
"ENSG00000133985","TTC9",0.454145474812052,0.0814276163210078,"TTC9",1.00849017136751,0.00644326300758501
"ENSG00000134057","CCNB1",-0.748630457850488,3.82288558781363e-08,"CCNB1",-0.26663944319912,0.048457750555057
"ENSG00000134072","CAMK1",0.0877934685479726,0.619703424951389,"CAMK1",0.275226345033642,0.0359012315345959
"ENSG00000134077","THUMPD3",0.331251968170361,2.43065193217483e-05,"THUMPD3",0.111272019696324,0.235932676682858
"ENSG00000134086","VHL",-0.0528687562779682,0.729960687065642,"VHL",-0.140572336440573,0.240417233416962
"ENSG00000134138","MEIS2",-0.0732459154505949,0.624051708354365,"MEIS2",-0.322299647055486,0.00594663052959413
"ENSG00000134153","EMC7",0.433008942755677,6.46283629487655e-06,"EMC7",0.517382584866,5.93240193869043e-08
"ENSG00000134186","PRPF38B",-0.561635549181003,5.99513296957992e-10,"PRPF38B",-0.664299110622096,3.13048150683203e-13
"ENSG00000134198","TSPAN2",0.881706759006113,0.00443497240783662,"TSPAN2",2.03934823870779,2.1185259230148e-05
"ENSG00000134215","VAV3",-0.527275229098675,0.0319781396941328,"VAV3",-0.360454634262766,0.0830246954109504
"ENSG00000134222","PSRC1",-1.20873375934565,2.22416383605629e-20,"PSRC1",-0.55762331736386,5.96366745764491e-06
"ENSG00000134291","TMEM106C",-0.063122915327411,0.656826840711002,"TMEM106C",0.157922263997074,0.157182149580628
"ENSG00000134294","SLC38A2",-0.115101395688338,0.214274568061953,"SLC38A2",-0.0993405372598533,0.300158514395945
"ENSG00000134453","RBM17",-0.156791108902939,0.00918303567281973,"RBM17",-0.0122671511447969,0.907546284684494
"ENSG00000134461","ANKRD16",0.0922540062788203,0.666989191721334,"ANKRD16",0.135704944123536,0.453223768511845
"ENSG00000134490","TMEM241",-0.587355296920798,4.6244310096235e-05,"TMEM241",-0.900371845435841,1.6670153601182e-07
"ENSG00000134508","CABLES1",-0.696503361988984,0.000202438558777732,"CABLES1",-0.428404988723645,0.0127774806924354
"ENSG00000134574","DDB2",0.7718677154622,4.22946089626582e-22,"DDB2",1.0524627428666,1.70487228679963e-40
"ENSG00000134590","RTL8C",0.720076410174706,1.64318799917812e-12,"RTL8C",0.326931946539199,0.00188021169750156
"ENSG00000134668","SPOCD1",0.105769610564701,0.640605166216411,"SPOCD1",0.169561068394628,0.363039567923703
"ENSG00000134755","DSC2",0.137458085077408,0.566811775558761,"DSC2",0.569229995536556,0.00661289790854644
"ENSG00000134757","DSG3",0.0822200028342152,0.794405885009324,"DSG3",-0.0286938385782974,0.923446525831743
"ENSG00000134762","DSC3",0.0879145470507711,0.778047151462086,"DSC3",-0.214139111096056,0.362781055537825
"ENSG00000134775","FHOD3",-0.781080166158072,0.000106860370223373,"FHOD3",-0.744312042714564,0.000187591035755264
"ENSG00000134802","SLC43A3",-0.834136095192997,9.39466263105522e-10,"SLC43A3",-0.379637004024369,0.00330835653208446
"ENSG00000134830","C5AR2",0.486711606663957,0.118243542902192,"C5AR2",0.198720104162623,0.40732391723439
"ENSG00000134874","DZIP1",-0.137993047225256,0.278344225158669,"DZIP1",-0.207824770674844,0.0692065846610873
"ENSG00000134884","ARGLU1",-0.464835991819929,1.39549650724901e-08,"ARGLU1",-0.815505806131518,3.61481151195322e-23
"ENSG00000134900","TPP2",-0.232032256502122,0.00951152105183584,"TPP2",-0.184097823750942,0.0472422367577674
"ENSG00000134901","POGLUT2",0.375887521277454,0.049301587823547,"POGLUT2",0.404758717492367,0.0257048880112933
"ENSG00000134905","CARS2",-0.0973328869724786,0.473884427159353,"CARS2",-0.0720409709660894,0.61768936992331
"ENSG00000134986","NREP",0.087896545620194,0.709719655449162,"NREP",0.490402099747156,0.00310959442600102
"ENSG00000134987","WDR36",-0.251252771528831,0.00370362313750317,"WDR36",-0.016168774178379,0.915308623544894
"ENSG00000135045","C9orf40",-0.802568578547931,7.15044665770395e-12,"C9orf40",-0.681476545016697,3.56276444764615e-09
"ENSG00000135046","ANXA1",-0.250060823682162,0.025097008251347,"ANXA1",-0.24107572052924,0.0270912018573126
"ENSG00000135048","CEMIP2",0.225984456475482,0.0996783757298842,"CEMIP2",0.149590843323033,0.288196633079663
"ENSG00000135108","FBXO21",-0.121795165539383,0.257342965123885,"FBXO21",-0.187824071313718,0.0552730097538616
"ENSG00000135164","DMTF1",0.159662416293408,0.296914604081684,"DMTF1",-0.00149359210872073,0.994087997005954
"ENSG00000135205","CCDC146",-0.696597904037391,0.0318164740052939,"CCDC146",-0.0827504691791382,0.76595288819029
"ENSG00000135318","NT5E",-0.0340109211766969,0.935067586603615,"NT5E",1.45209117298233,0.000866899197952112
"ENSG00000135372","NAT10",-0.0923969622873052,0.225689876043555,"NAT10",0.0225143424738418,0.839455468903372
"ENSG00000135423","GLS2",1.12838672988772,0.0112521177303744,"GLS2",0.112150952436994,0.635928544027945
"ENSG00000135446","CDK4",-0.559223731537315,1.80196624923176e-12,"CDK4",-0.3694055376883,3.54445212489044e-06
"ENSG00000135457","TFCP2",-0.0582862161954691,0.61114703534862,"TFCP2",0.0201979051063808,0.891937497809129
"ENSG00000135473","PAN2",-0.581215035561828,0.0319455538393883,"PAN2",-0.262165402257943,0.215002825261801
"ENSG00000135486","HNRNPA1",-0.330668477902997,2.72790348395271e-05,"HNRNPA1",-0.0593573058028032,0.586620562062183
"ENSG00000135521","LTV1",-0.181280228080503,0.0134146142000858,"LTV1",-0.0498724929103251,0.612209332633938
"ENSG00000135537","AFG1L",-0.667226503298396,0.00554207110277536,"AFG1L",-0.372720771568375,0.078842751862802
"ENSG00000135596","MICAL1",0.328060967732783,0.0261871107392822,"MICAL1",0.102594598612153,0.559047564190464
"ENSG00000135597","REPS1",-0.0037082600299456,0.988013509445498,"REPS1",0.133248198659321,0.10933611456421
"ENSG00000135637","CCDC142",0.804248411794941,8.81519472215269e-07,"CCDC142",0.682832257103702,3.25246521514349e-05
"ENSG00000135679","MDM2",1.05999461645728,5.67927566556357e-14,"MDM2",1.17782783353039,9.19786633011308e-17
"ENSG00000135686","KLHL36",-0.0560626103482603,0.670638764621979,"KLHL36",0.093260407341227,0.432929148591971
"ENSG00000135698","MPHOSPH6",-0.29602535681356,6.25504684110242e-06,"MPHOSPH6",-0.348054959850132,9.62576073504817e-08
"ENSG00000135723","FHOD1",0.263830115166693,0.0172579241054984,"FHOD1",0.463253908519882,8.89006314692111e-06
"ENSG00000135750","KCNK1",0.200099688173055,0.274042391361682,"KCNK1",0.0492403676633436,0.83326133184529
"ENSG00000135776","ABCB10",-0.511838813833233,0.00440394784901868,"ABCB10",-0.215858049657426,0.20443342834502
"ENSG00000135829","DHX9",-0.287581901028552,8.53732673839816e-05,"DHX9",-0.18812569880608,0.0145762360513506
"ENSG00000135899","SP110",0.634509217968186,1.42802517940316e-19,"SP110",0.502350860874966,5.30900187183107e-12
"ENSG00000135916","ITM2C",0.347599556773384,0.0358561838273877,"ITM2C",0.452077738540457,0.00348065954242014
"ENSG00000135919","SERPINE2",0.165846226854446,0.266184549629748,"SERPINE2",0.330668971357227,0.00946447073681289
"ENSG00000135924","DNAJB2",1.21787297435262,1.0320742231145e-10,"DNAJB2",0.934591368165433,1.13365060127953e-06
"ENSG00000135926","TMBIM1",0.61304531101152,6.75889958099449e-08,"TMBIM1",0.340410990159735,0.00318701586506641
"ENSG00000135956","TMEM127",0.600517701838415,4.08968504576254e-08,"TMEM127",0.414475375376468,0.000175616701260633
"ENSG00000136003","ISCU",1.05772973051851,4.35995840932787e-31,"ISCU",0.961656613241499,4.56423922258971e-25
"ENSG00000136010","ALDH1L2",-1.28368511526396,9.47404797299138e-05,"ALDH1L2",-0.0672876816797497,0.798567004207969
"ENSG00000136026","CKAP4",-0.311457079483518,4.09219728131288e-06,"CKAP4",-0.312316277817349,3.52845025873471e-06
"ENSG00000136048","DRAM1",0.835328753814578,6.98698242485309e-16,"DRAM1",0.688981897746588,6.45455292519893e-11
"ENSG00000136051","WASHC4",-0.665185654266255,7.91532135139274e-16,"WASHC4",-0.423600296486779,2.39084136439076e-07
"ENSG00000136068","FLNB",-0.0350087696530155,0.858413682512649,"FLNB",-0.238709658341513,0.061556322245118
"ENSG00000136111","TBC1D4",-0.488925048830801,1.5398680248189e-06,"TBC1D4",-0.284142201281816,0.00400119205262074
"ENSG00000136114","THSD1",0.645441061014803,8.48540478572459e-06,"THSD1",1.30110366008202,3.00443550224428e-16
"ENSG00000136152","COG3",0.644398971767748,3.56050271005796e-07,"COG3",0.199605606220668,0.14171352322168
"ENSG00000136153","LMO7",0.526439484847173,0.000244025518390337,"LMO7",0.518091914730598,0.000256715203370397
"ENSG00000136155","SCEL",-0.0118664218748773,0.983698001114924,"SCEL",-0.0322872664887196,0.91373577636407
"ENSG00000136156","ITM2B",0.610546907739546,6.90938880352433e-16,"ITM2B",0.606000961922465,1.57354300005183e-15
"ENSG00000136167","LCP1",-0.593181560666474,6.9618186183874e-06,"LCP1",-0.0891833835372446,0.590611757221937
"ENSG00000136193","SCRN1",-0.511642863094914,2.2349086278234e-06,"SCRN1",-0.258227640712874,0.0196705740177465
"ENSG00000136244","IL6",-0.0502949830064528,0.892364094572875,"IL6",-0.0432077320431577,0.89098850002253
"ENSG00000136261","BZW2",-0.283320307174069,0.000563781409291927,"BZW2",-0.216666544942689,0.01056647124397
"ENSG00000136273","HUS1",0.711147549206414,1.15087860043462e-09,"HUS1",0.420057890862588,0.000440653443674911
"ENSG00000136295","TTYH3",0.124321255512917,0.359496486437211,"TTYH3",0.396094078532273,0.000295511509246793
"ENSG00000136378","ADAMTS7",1.90167122462365,9.33689027786072e-05,"ADAMTS7",0.29885594881701,0.242629359036649
"ENSG00000136492","BRIP1",-0.642421463165767,3.69674701805198e-08,"BRIP1",-0.174496687708526,0.150032916032708
"ENSG00000136527","TRA2B",-0.742827389149823,2.73591328714851e-25,"TRA2B",-0.621253258185173,3.29548059590555e-18
"ENSG00000136636","KCTD3",-0.555562547268786,7.56714637050414e-08,"KCTD3",-0.383476330203621,0.000182405163827164
"ENSG00000136689","IL1RN",-0.0168036852118438,0.971664464162751,"IL1RN",-0.123625938877074,0.630855436295322
"ENSG00000136717","BIN1",0.426283378207511,0.000853261883402542,"BIN1",0.44701975919427,0.000335271926788163
"ENSG00000136718","IMP4",0.005985350548945,0.974266053514676,"IMP4",-0.0987382350624563,0.279716841303579
"ENSG00000136731","UGGT1",-0.332529096033731,1.36653553355754e-05,"UGGT1",-0.545673773893198,5.42809480190145e-13
"ENSG00000136754","ABI1",0.134940023816488,0.213065188898195,"ABI1",0.240211775231167,0.0115545212053505
"ENSG00000136758","YME1L1",-0.148459388909367,0.072062918596915,"YME1L1",-0.205916405250204,0.0078872782127452
"ENSG00000136770","DNAJC1",0.0333907490386942,0.853896481733637,"DNAJC1",-0.131338804679449,0.323322091050274
"ENSG00000136802","LRRC8A",0.050358588888235,0.737908194855284,"LRRC8A",0.000556466714922593,0.997732216526789
"ENSG00000136826","KLF4",0.490536205040158,0.0683240849230756,"KLF4",0.157744815832246,0.499804012725837
"ENSG00000136830","NIBAN2",-0.54952928479156,1.46024482123751e-10,"NIBAN2",-0.433367839687752,3.79783157682927e-07
"ENSG00000136867","SLC31A2",1.17557265704133,2.01225489801402e-11,"SLC31A2",0.956075745278296,4.36240756275891e-07
"ENSG00000136869","TLR4",0.562386622883856,1.62589459853147e-06,"TLR4",0.78338627166201,2.99696306226348e-10
"ENSG00000136938","ANP32B",-0.54307888657778,1.42624775156945e-15,"ANP32B",-0.340190903329134,8.13382551531525e-07
"ENSG00000136943","CTSV",1.73995303757539,3.12466730527141e-14,"CTSV",2.38532285426661,5.83576001187353e-15
"ENSG00000137106","GRHPR",-0.261459819405384,0.00287765498033073,"GRHPR",-0.189464200407155,0.0397300165205635
"ENSG00000137145","DENND4C",0.140356517664431,0.264670050102718,"DENND4C",0.293406406015982,0.00529147886604096
"ENSG00000137177","KIF13A",-0.328635671846736,0.00795763039128925,"KIF13A",-0.364548294256721,0.00213602117466303
"ENSG00000137193","PIM1",-0.270328934681435,0.118647549955043,"PIM1",0.21201776914203,0.205733448743742
"ENSG00000137207","YIPF3",0.392484995369078,6.13326628506447e-06,"YIPF3",0.335967358447411,0.000138250736884223
"ENSG00000137267","TUBB2A",1.18256608581124,1.26503071078421e-17,"TUBB2A",0.988385994154793,3.59250280022305e-12
"ENSG00000137312","FLOT1",-0.151079414408727,0.28214790321843,"FLOT1",-0.0276489777911589,0.890452783461198
"ENSG00000137331","IER3",0.0848926266293355,0.560846590953027,"IER3",0.363259339927692,0.000866899197952112
"ENSG00000137364","TPMT",0.403834048679384,0.00145547036789593,"TPMT",0.257939838452875,0.0495604369268133
"ENSG00000137440","FGFBP1",0.656644388569238,0.0516660983365606,"FGFBP1",-0.011531679180249,0.968281342496799
"ENSG00000137449","CPEB2",-0.00205129992277454,0.999699929848992,"CPEB2",0.00557505738858296,0.982482998223554
"ENSG00000137500","CCDC90B",-0.0278225960737656,0.878904007957647,"CCDC90B",-0.0559694975844335,0.720721360218548
"ENSG00000137513","NARS2",-0.398057323459197,0.0107012544909165,"NARS2",-0.0960105841834764,0.60233614953624
"ENSG00000137575","SDCBP",0.284666135006307,0.00837369209380342,"SDCBP",0.318771249203831,0.00246556271514915
"ENSG00000137628","DDX60",-1.32198739922434,5.64310095143167e-09,"DDX60",-0.92531850218968,1.5161215938065e-05
"ENSG00000137709","POU2F3",-0.0276015190189411,0.949335238709441,"POU2F3",0.0753526061133236,0.789326334958417
"ENSG00000137764","MAP2K5",-0.7104093714789,9.43254873906741e-08,"MAP2K5",-1.00475546605049,2.33977499290742e-13
"ENSG00000137767","SQOR",0.437815741263371,0.000665527072808,"SQOR",0.341161332669274,0.00744254119377102
"ENSG00000137801","THBS1",0.219147829011349,0.360939777596947,"THBS1",0.609011293113395,0.0080752618838995
"ENSG00000137802","MAPKBP1",0.824140623840807,1.24953917903686e-08,"MAPKBP1",0.920106016076891,1.2384104122935e-09
"ENSG00000137819","PAQR5",-0.900061584879719,2.495351009857e-11,"PAQR5",-0.702060641868752,3.15199742647849e-07
"ENSG00000137821","LRRC49",-0.383292354043168,0.0393221038261013,"LRRC49",-0.263507526305265,0.119993321123064
"ENSG00000137834","SMAD6",0.438869050180125,0.0336812118622824,"SMAD6",0.362010059525347,0.0622723953551754
"ENSG00000137936","BCAR3",-0.737141995586253,2.19265083321955e-13,"BCAR3",-0.423947438810061,1.70932847498429e-05
"ENSG00000137941","TTLL7",0.0496432695946296,0.844490788707317,"TTLL7",-0.0186228795184789,0.940479512789267
"ENSG00000137955","RABGGTB",-0.817779550052691,3.52601951328038e-06,"RABGGTB",-0.556266228506949,0.00103775861091932
"ENSG00000137959","IFI44L",0.00286619552698547,0.999526554579636,"IFI44L",-0.157990329570868,0.499701658307144
"ENSG00000137962","ARHGAP29",-0.175508361499576,0.405246047490053,"ARHGAP29",-0.050671432000203,0.837464605831663
"ENSG00000137992","DBT",-0.30301408110253,0.00728430324246779,"DBT",-0.505128366548918,9.25515203172008e-06
"ENSG00000137996","RTCA",0.0681384204127296,0.579143751888077,"RTCA",0.308116597512125,0.000770415638634149
"ENSG00000138031","ADCY3",-0.943185686493092,5.56922323165764e-17,"ADCY3",-0.357325630798373,0.00154754602064975
"ENSG00000138035","PNPT1",-0.357796219539157,9.40073289148767e-06,"PNPT1",-0.209052313794581,0.0136727518830283
"ENSG00000138095","LRPPRC",-0.156502820235884,0.0173652149795309,"LRPPRC",-0.079930865242368,0.300554922929847
"ENSG00000138101","DTNB",-0.356789641519215,0.072135360875706,"DTNB",-0.0189800170546072,0.942770996256083
"ENSG00000138119","MYOF",-0.378993245928645,0.000712266975462185,"MYOF",-0.17984621322749,0.132818419779665
"ENSG00000138166","DUSP5",-0.186844964465808,0.24843655623602,"DUSP5",-0.208004048301864,0.165847790422191
"ENSG00000138175","ARL3",-0.201606164210707,0.100864213282727,"ARL3",-0.144104015434643,0.233742552500173
"ENSG00000138271","GPR87",2.11571742001227,1.42361800295494e-34,"GPR87",3.45172031514572,7.23867897440784e-39
"ENSG00000138286","FAM149B1",-1.13003513740665,7.78631979642543e-09,"FAM149B1",-1.10910488484473,1.05568134910461e-07
"ENSG00000138356","AOX1",0.263339205929826,0.111603376049102,"AOX1",0.382948960590502,0.0109015881695562
"ENSG00000138363","ATIC",0.0349037859218989,0.652795978895088,"ATIC",0.00452635974227285,0.961361555022684
"ENSG00000138386","NAB1",-0.0607987088858009,0.737908194855284,"NAB1",-0.311969770258377,0.013095743544265
"ENSG00000138399","FASTKD1",-0.0298011612096335,0.879823717938673,"FASTKD1",-0.0209946896740494,0.917725389476728
"ENSG00000138439","FAM117B",0.00242282314487698,0.999433637321825,"FAM117B",-0.0459947003218992,0.859717077550291
"ENSG00000138442","WDR12",-0.334868065981648,0.000575536097090175,"WDR12",-0.371303594743279,9.47135720060206e-05
"ENSG00000138587","MNS1",-0.285693215512908,0.0609067814128314,"MNS1",-0.15211685602921,0.333069827710658
"ENSG00000138593","SECISBP2L",0.529491055486757,5.34391188518655e-07,"SECISBP2L",0.610605986294729,8.41674080546531e-09
"ENSG00000138594","TMOD3",-0.0884607659880422,0.441660328704889,"TMOD3",-0.177177803773303,0.0685993927106165
"ENSG00000138613","APH1B",0.645500730847255,9.64390219485635e-05,"APH1B",0.663443143920367,0.000334596278654629
"ENSG00000138623","SEMA7A",-1.16409666396987,4.93133844193849e-15,"SEMA7A",-1.10314139504777,2.14144954707357e-13
"ENSG00000138640","FAM13A",-0.110090006610079,0.428861338863693,"FAM13A",-0.190090367752033,0.108830969030298
"ENSG00000138660","AP1AR",-0.112071856445658,0.323864928646482,"AP1AR",-0.0953324386831219,0.413517802644065
"ENSG00000138668","HNRNPD",-0.752687813136425,4.36589045671763e-25,"HNRNPD",-0.448389453840179,8.0667375450587e-10
"ENSG00000138685","FGF2",-0.0741758705693465,0.680020088789263,"FGF2",0.122158121665268,0.399540274633807
"ENSG00000138686","BBS7",0.560673397962039,9.11200089468214e-09,"BBS7",0.677169950378378,6.10800066645992e-12
"ENSG00000138696","BMPR1B",-0.897519740139732,4.53915301771609e-05,"BMPR1B",-0.530113100576825,0.00469942786767129
"ENSG00000138757","G3BP2",-0.10958692630072,0.287550270861221,"G3BP2",-0.0628108015239607,0.593609516848819
"ENSG00000138759","FRAS1",0.947862275838754,0.00933849114216313,"FRAS1",0.662830477439123,0.0245079477419408
"ENSG00000138760","SCARB2",0.12673669341623,0.162688716948404,"SCARB2",-0.0210744327595011,0.880826548765823
"ENSG00000138771","SHROOM3",0.985783354315546,2.66984446991693e-20,"SHROOM3",0.962711959005994,2.73420808883981e-18
"ENSG00000138772","ANXA3",-1.1128333019985,1.27014934349329e-10,"ANXA3",-0.369639610130699,0.0149913062110153
"ENSG00000138777","PPA2",-0.954738288197717,6.36086016527979e-13,"PPA2",-1.18085581093026,1.3956329731285e-18
"ENSG00000138794","CASP6",0.8705681126201,3.5182993206197e-22,"CASP6",0.888014520697305,2.79292573428461e-22
"ENSG00000138821","SLC39A8",0.0359093824077942,0.840558981970039,"SLC39A8",-0.0510072084184832,0.756116437707879
"ENSG00000138834","MAPK8IP3",0.835707493830337,2.71320336730348e-05,"MAPK8IP3",0.0629391737129617,0.798984628880262
"ENSG00000139173","TMEM117",-0.390571544755982,0.0852046465865956,"TMEM117",-0.594346758095956,0.00615927656470987
"ENSG00000139211","AMIGO2",-0.00274645535821607,0.999433637321825,"AMIGO2",0.311091234472111,0.127207537234312
"ENSG00000139218","SCAF11",-0.111995558804094,0.103310767948214,"SCAF11",-0.173593718272863,0.00654143920152375
"ENSG00000139278","GLIPR1",0.449882122302204,0.000536991012134555,"GLIPR1",0.442114243768141,0.000473555463225719
"ENSG00000139289","PHLDA1",-0.652244454509315,6.23164683638634e-08,"PHLDA1",-0.15989608549732,0.230020786524145
"ENSG00000139354","GAS2L3",-0.00273186804613412,0.999559162348204,"GAS2L3",-0.025037895675738,0.932419974245468
"ENSG00000139433","GLTP",-0.0284264201205313,0.887617906892163,"GLTP",-0.17969776531106,0.177306479617354
"ENSG00000139437","TCHP",-0.477599532429352,3.35771144398192e-06,"TCHP",-0.362194387286644,0.000433962550082745
"ENSG00000139508","SLC46A3",0.115328047551174,0.666590057197731,"SLC46A3",0.223717406474576,0.27704215623602
"ENSG00000139644","TMBIM6",0.221850633255532,0.00165592981772284,"TMBIM6",0.129626305005109,0.0926399178921911
"ENSG00000139722","VPS37B",0.320847905450584,0.000580031537371145,"VPS37B",0.50578624106599,9.41855351454276e-09
"ENSG00000139725","RHOF",0.222504718365498,0.126031248419124,"RHOF",0.314113998331516,0.0155157027989251
"ENSG00000139746","RBM26",-0.164472019236169,0.00804870050666473,"RBM26",-0.121931930033626,0.0625824470427171
"ENSG00000139793","MBNL2",0.45600493034952,6.1888752569505e-05,"MBNL2",0.22339662301929,0.0585102542010975
"ENSG00000139926","FRMD6",0.0272301510251448,0.897156315597062,"FRMD6",0.360717097895348,0.00386815542927985
"ENSG00000140025","EFCAB11",-0.890053932763614,1.39111419987885e-06,"EFCAB11",-0.820029536128107,4.71067749410736e-06
"ENSG00000140157","NIPA2",-0.18224685067863,0.0269736664396964,"NIPA2",-0.203893366415863,0.0127765020100784
"ENSG00000140199","SLC12A6",0.118458786221965,0.385370240876608,"SLC12A6",0.178157211681223,0.135173314816503
"ENSG00000140263","SORD",-0.535693032004777,0.00265556368461154,"SORD",-0.149521691705144,0.427583508358575
"ENSG00000140297","GCNT3",1.29828384801529,0.000278872540361719,"GCNT3",1.32196826411716,0.000160897978407765
"ENSG00000140350","ANP32A",-0.704422324009127,1.97597151299703e-23,"ANP32A",-0.234472746132874,0.00139562530690025
"ENSG00000140382","HMG20A",-0.210870545324702,0.0984475889176189,"HMG20A",-0.161976722839375,0.206498721387143
"ENSG00000140386","SCAPER",-0.513524893713409,5.47859182020605e-05,"SCAPER",-0.442355943786563,0.000410538227863484
"ENSG00000140391","TSPAN3",0.0117013588699342,0.931559453439008,"TSPAN3",0.0260097318191411,0.823294956585793
"ENSG00000140451","PIF1",-1.06976340353665,1.45973716225182e-07,"PIF1",-0.996630825938081,5.54859634158974e-07
"ENSG00000140455","USP3",-0.373236845950872,7.37566168639379e-06,"USP3",-0.180931481467068,0.0425014411144118
"ENSG00000140464","PML",0.637203128471744,1.25272891805271e-13,"PML",0.0422115230232119,0.757589735955339
"ENSG00000140497","SCAMP2",0.562149511358669,2.39440635758515e-08,"SCAMP2",0.69376382035109,1.06328496433619e-11
"ENSG00000140521","POLG",0.150472538847731,0.149781077982397,"POLG",0.218772406048499,0.0249131823937924
"ENSG00000140534","TICRR",-0.354126732328619,0.0390525498857207,"TICRR",-0.195464566002165,0.25414548309186
"ENSG00000140553","UNC45A",0.390693735810355,5.89296673840466e-07,"UNC45A",0.35359946086231,1.42334436313176e-05
"ENSG00000140575","IQGAP1",-0.208407298006613,0.00357350282251587,"IQGAP1",-0.193706673160883,0.00718778233284473
"ENSG00000140632","GLYR1",-0.0845615120723981,0.47362147484651,"GLYR1",-0.198639997481101,0.04155132611175
"ENSG00000140650","PMM2",-0.214172160571728,0.00535973440264201,"PMM2",-0.0251192405788177,0.839733289953394
"ENSG00000140682","TGFB1I1",-0.000723356616213046,0.999769847841042,"TGFB1I1",-0.00446193375439056,0.984108071332307
"ENSG00000140718","FTO",-1.33515250933425,1.70663695409563e-23,"FTO",-1.23155078459781,9.00886841108005e-21
"ENSG00000140740","UQCRC2",-0.709766109930526,4.39606978658805e-14,"UQCRC2",-0.753170708640852,2.81153001798296e-15
"ENSG00000140848","CPNE2",0.00771832476464804,0.976362330857382,"CPNE2",0.0447204564672333,0.768738205723672
"ENSG00000140859","KIFC3",0.243161081775701,0.0238785561628436,"KIFC3",0.216108914602593,0.0404650281582543
"ENSG00000140931","CMTM3",0.0850939609335084,0.600627355052509,"CMTM3",0.200615119269131,0.118205293697626
"ENSG00000140945","CDH13",-0.544295191800434,0.000116844678509532,"CDH13",-0.682610042532087,1.31482136833464e-06
"ENSG00000140950","MEAK7",0.232357834122412,0.0138820394301296,"MEAK7",0.22699084045386,0.0188711998778074
"ENSG00000140995","DEF8",0.508217905043518,1.40934867820449e-08,"DEF8",0.431583585831356,3.98646080761286e-06
"ENSG00000141279","NPEPPS",-0.0392598343525374,0.689624096041206,"NPEPPS",0.207764886519437,0.00308154963734016
"ENSG00000141298","SSH2",0.306001651901781,0.00526015599257518,"SSH2",0.364513420316454,0.000441682515866164
"ENSG00000141349","G6PC3",0.342964322272254,0.00015763413419991,"G6PC3",-0.0660338330145673,0.596838328599409
"ENSG00000141376","BCAS3",-0.398226381790727,0.107497823198665,"BCAS3",-1.29934319387511,0.000266753424992189
"ENSG00000141384","TAF4B",-0.174255900183393,0.392209020322717,"TAF4B",-0.237532355620273,0.205026143886831
"ENSG00000141385","AFG3L2",-0.0242215423048998,0.809161206258066,"AFG3L2",0.019055810786364,0.861364951970494
"ENSG00000141401","IMPA2",-0.49075802704676,0.0371521838691356,"IMPA2",-1.01730189065877,0.0110798909937774
"ENSG00000141404","GNAL",0.233709209282064,0.427894736193839,"GNAL",-0.208419154138832,0.403718804528384
"ENSG00000141424","SLC39A6",0.976601808094062,2.99590765142162e-49,"SLC39A6",1.07696033632727,6.65841333001339e-59
"ENSG00000141429","GALNT1",-0.189177997445867,0.0167171986924871,"GALNT1",-0.21830649735961,0.00489653817148804
"ENSG00000141452","RMC1",0.35271629294726,0.00990433695344352,"RMC1",0.442715372382696,0.00117551338090541
"ENSG00000141458","NPC1",-0.383124106496985,0.000119698886099667,"NPC1",-0.414322448351133,3.8287120024688e-05
"ENSG00000141480","ARRB2",0.242620190840757,0.0366007387676006,"ARRB2",0.418701272655149,8.39708156792543e-05
"ENSG00000141503","MINK1",0.393316102464624,0.0139184945692056,"MINK1",0.34411700628828,0.0267427457503801
"ENSG00000141524","TMC6",0.229017489917828,0.366241639974937,"TMC6",0.466713312409148,0.0574455843606977
"ENSG00000141556","TBCD",-0.511814022191253,2.6451662700771e-05,"TBCD",-0.681308927375334,8.39084931432317e-08
"ENSG00000141569","TRIM65",0.0751082410046302,0.600250485026565,"TRIM65",0.0968902949335737,0.456091813936545
"ENSG00000141574","SECTM1",-0.00975766370495952,0.98854835662345,"SECTM1",-0.271848768704407,0.267115274891495
"ENSG00000141627","DYM",-0.98487071912499,1.89538879431135e-18,"DYM",-1.01412347506511,8.46200634099512e-20
"ENSG00000141682","PMAIP1",0.815776794271561,1.92945188675656e-16,"PMAIP1",0.0672900171498626,0.6244968287811
"ENSG00000141738","GRB7",0.37070700361514,0.220064722527123,"GRB7",0.148948529237626,0.540151242732244
"ENSG00000141741","MIEN1",0.352759879601684,0.000242696329791891,"MIEN1",0.0639406305134889,0.630510419174492
"ENSG00000141934","PLPP2",-0.17116276963221,0.0516418186771071,"PLPP2",0.236623307725356,0.00397817529240652
"ENSG00000142166","IFNAR1",0.504451455549183,8.44235951229295e-11,"IFNAR1",0.440655465366058,3.21584338016473e-08
"ENSG00000142273","CBLC",0.000241061732873971,0.999939998058786,"CBLC",-0.0224785308267769,0.937522070029674
"ENSG00000142279","WTIP",0.274190796105075,0.158787214805221,"WTIP",0.375988322845619,0.0384433691816853
"ENSG00000142507","PSMB6",0.270105660888801,1.36594730372489e-05,"PSMB6",0.00926017834774594,0.935992162562651
"ENSG00000142546","NOSIP",0.560640213253101,3.75886627004904e-09,"NOSIP",0.310550016281171,0.0014715664270744
"ENSG00000142619","PADI3",0.0446006126850743,0.905290368484782,"PADI3",0.205536734245745,0.405001561833987
"ENSG00000142623","PADI1",3.27568243254934,1.22565371453357e-32,"PADI1",3.07322792773402,1.2667461866381e-18
"ENSG00000142627","EPHA2",0.0940282980996467,0.519870092056086,"EPHA2",0.554297160061817,8.07699265575381e-07
"ENSG00000142634","EFHD2",-0.359501013764749,0.000838191866145929,"EFHD2",-0.520537795000491,1.3404090522401e-06
"ENSG00000142669","SH3BGRL3",0.167654463287813,0.0522202700455558,"SH3BGRL3",-0.184709836146243,0.0294687032354482
"ENSG00000142687","KIAA0319L",-0.678850506785445,7.01892698235004e-13,"KIAA0319L",-0.845493020431476,2.67983251641478e-18
"ENSG00000142856","ITGB3BP",-0.898943162304853,1.00185567978398e-11,"ITGB3BP",-0.693017927631645,8.67884106905288e-08
"ENSG00000142864","SERBP1",-0.286544488902323,7.22568097901775e-09,"SERBP1",-0.0783554222432952,0.194887162497715
"ENSG00000142871","CCN1",0.0549948578951603,0.830884010660281,"CCN1",0.566433937312873,0.00140422879228274
"ENSG00000142875","PRKACB",-0.221982821943203,0.206629707532713,"PRKACB",-0.37213639471047,0.0176164313883178
"ENSG00000142910","TINAGL1",-0.0492103908523351,0.832058904361041,"TINAGL1",1.01754118594298,8.65501917429168e-10
"ENSG00000142949","PTPRF",-0.393380819123277,8.29905637345221e-08,"PTPRF",-0.439534219825468,1.72093613046928e-09
"ENSG00000143013","LMO4",-0.338711044443829,0.00756394846564182,"LMO4",-0.34205930210153,0.00525301026346212
"ENSG00000143079","CTTNBP2NL",0.0802501688148451,0.5463708624769,"CTTNBP2NL",0.110070710734064,0.371190113026164
"ENSG00000143162","CREG1",0.757352847721453,4.6897506955256e-06,"CREG1",0.551248627655796,0.000649448005178738
"ENSG00000143183","TMCO1",0.313692662684553,2.36453264083937e-05,"TMCO1",0.264885440277799,0.000426282868826099
"ENSG00000143217","NECTIN4",3.23857762090134,5.85818187538662e-61,"NECTIN4",2.89855598771831,2.88324116436782e-45
"ENSG00000143226","FCGR2A",0.0659503026611854,0.852711387741774,"FCGR2A",0.340667833145106,0.186865387801272
"ENSG00000143248","RGS5",-0.521013461159334,0.0466643638378057,"RGS5",-1.204891887522,0.000269811334298918
"ENSG00000143315","PIGM",-0.112245387447034,0.247847816134823,"PIGM",-0.179320838507075,0.0424083933678417
"ENSG00000143319","ISG20L2",-0.0338903607306982,0.82366356510488,"ISG20L2",-0.103184503518547,0.375874130335702
"ENSG00000143320","CRABP2",0.970680857610023,0.000874362624841452,"CRABP2",0.919241412569197,0.0014986775491705
"ENSG00000143322","ABL2",0.429938099785474,4.35896843955923e-05,"ABL2",0.507413555836628,1.08777532592979e-06
"ENSG00000143367","TUFT1",1.13915273810382,3.5691711529683e-10,"TUFT1",0.999750809173347,7.48262280102443e-08
"ENSG00000143369","ECM1",1.14433424467184,6.2795949696228e-13,"ECM1",0.586134898840693,8.40317707163213e-05
"ENSG00000143401","ANP32E",-0.503183394334457,5.50142082392568e-07,"ANP32E",-0.12160862189301,0.309779208744513
"ENSG00000143469","SYT14",-0.398989969844314,0.0186800949776571,"SYT14",-0.466583621180958,0.00489653817148804
"ENSG00000143476","DTL",-0.403396506653541,0.000415573307090301,"DTL",-0.197474243346355,0.101265583662273
"ENSG00000143493","INTS7",-0.218129129750987,0.0516544545301769,"INTS7",0.142905870316979,0.209663995653269
"ENSG00000143494","VASH2",0.436122214900816,0.0787341894508058,"VASH2",0.250807226351617,0.305581215687179
"ENSG00000143502","SUSD4",-0.1187330763493,0.691254873352075,"SUSD4",0.309068939238759,0.173068035008814
"ENSG00000143514","TP53BP2",0.27633733037247,0.00651692033706157,"TP53BP2",0.310557269440963,0.00155566332165604
"ENSG00000143631","FLG",0.652664892427308,0.0176542094402078,"FLG",2.1632737812085,1.98305761145562e-10
"ENSG00000143633","FSAF1",-0.199385680616836,0.0941927019127313,"FSAF1",-0.158490280155585,0.188787022195394
"ENSG00000143740","SNAP47",0.542323239309764,6.32830662409031e-07,"SNAP47",0.619313590111662,2.34832594546337e-08
"ENSG00000143771","CNIH4",0.0880835826541699,0.559581597949804,"CNIH4",0.11738436050239,0.389351762104878
"ENSG00000143815","LBR",-0.838626565671776,4.00847919393224e-19,"LBR",-0.403203840557444,1.65173904048599e-05
"ENSG00000143816","WNT9A",2.96302174218364,6.25337488348104e-07,"WNT9A",1.24691345739279,0.000195443941955636
"ENSG00000143819","EPHX1",1.30573252135913,3.8653910459939e-12,"EPHX1",1.04170252719597,1.90649425519039e-07
"ENSG00000143842","SOX13",0.68288723979082,0.000148174237536963,"SOX13",0.444929282479731,0.00813829741162216
"ENSG00000143850","PLEKHA6",0.387733562381054,0.191982511301317,"PLEKHA6",0.076054118861429,0.78144965760437
"ENSG00000143862","ARL8A",-0.0147293388540552,0.957553862340248,"ARL8A",0.420941955387897,0.00201209269224198
"ENSG00000143919","CAMKMT",-0.206285842170591,0.386381189045175,"CAMKMT",-0.0916861560447825,0.708480707705948
"ENSG00000143933","CALM2",-0.350362849486608,2.67586155730016e-05,"CALM2",-0.257668708617913,0.0024085507721037
"ENSG00000143951","WDPCP",-1.63530681485387,1.63202448224612e-11,"WDPCP",-1.33749383790193,1.27335681867641e-09
"ENSG00000144048","DUSP11",0.628569026970667,5.79326282361654e-06,"DUSP11",0.898341419511909,2.37843252465995e-10
"ENSG00000144118","RALB",0.081899664193047,0.513740701460362,"RALB",-0.0926465671759604,0.446794267797833
"ENSG00000144161","ZC3H8",0.134839728807764,0.229452069480334,"ZC3H8",-0.0843298926146246,0.499534430624719
"ENSG00000144283","PKP4",-0.763198946405351,8.04522291200403e-19,"PKP4",-0.462070953233384,1.52473203754668e-07
"ENSG00000144331","ZNF385B",-0.571559242578698,0.0297862014980522,"ZNF385B",-0.0358857018614823,0.903118734743735
"ENSG00000144354","CDCA7",-1.59157926124244,1.75372220004497e-28,"CDCA7",-1.28891565344861,1.52193177473969e-21
"ENSG00000144366","GULP1",-0.158535457452582,0.398838286155295,"GULP1",-0.0508787406474552,0.819175585979848
"ENSG00000144381","HSPD1",-0.200474357789109,0.0164194770592489,"HSPD1",-0.0598869062975293,0.581088976847516
"ENSG00000144455","SUMF1",-0.298700166347123,0.0031739158717377,"SUMF1",-0.968640347417652,1.83278954276979e-20
"ENSG00000144580","CNOT9",-0.455430325908903,5.98906600453763e-13,"CNOT9",-0.182745878960082,0.00660269189546033
"ENSG00000144583","MARCHF4",-0.960816830867472,3.76924810552097e-08,"MARCHF4",-0.168490759628769,0.327337858449793
"ENSG00000144591","GMPPA",0.549708922291455,2.38159372317469e-06,"GMPPA",0.356072694872563,0.00310573585506973
"ENSG00000144642","RBMS3",-2.018895518905,1.28533557997771e-24,"RBMS3",-1.74242182131228,1.13266219504558e-20
"ENSG00000144645","OSBPL10",-0.690751986637991,5.5218475550329e-12,"OSBPL10",-0.315058997945445,0.000904387266294126
"ENSG00000144655","CSRNP1",0.781673401679335,4.03118763639754e-07,"CSRNP1",0.581387260436284,0.000238324637512676
"ENSG00000144724","PTPRG",-1.63495795484681,1.73885920047506e-42,"PTPRG",-1.97508841363313,1.38999948695752e-61
"ENSG00000144824","PHLDB2",0.76990254693142,8.56182982556497e-17,"PHLDB2",1.01075962199086,2.10906774268014e-27
"ENSG00000144840","RABL3",-0.516960317440983,2.4398330088119e-05,"RABL3",-0.353171193773146,0.00389922935146942
"ENSG00000144959","NCEH1",-0.387048626374328,0.00057527651961294,"NCEH1",-0.344002944091646,0.00188446826486247
"ENSG00000145191","EIF2B5",-0.383149995911383,7.89123262033925e-09,"EIF2B5",-0.147457989856554,0.0471324086164432
"ENSG00000145284","SCD5",-0.315813883070104,0.0049187900136182,"SCD5",-0.248755947024981,0.0224557993213758
"ENSG00000145331","TRMT10A",-0.0190536717337874,0.935183530977848,"TRMT10A",-0.133933576058726,0.37174609046234
"ENSG00000145362","ANK2",-2.80089747767711,1.39135538635922e-23,"ANK2",-3.17990138944236,5.45847480341813e-25
"ENSG00000145375","AFG2A",-0.665396635530123,1.9264263840159e-10,"AFG2A",-0.505121017376293,6.89357394414069e-07
"ENSG00000145386","CCNA2",-0.547836010565742,8.67685569799587e-06,"CCNA2",-0.233097076874661,0.0659154157234143
"ENSG00000145414","NAF1",-0.155823858134952,0.22499060474905,"NAF1",-0.279146652116489,0.0173833918287241
"ENSG00000145495","MARCHF6",-0.0413385445775664,0.666990867932341,"MARCHF6",0.101254069244636,0.194213423117931
"ENSG00000145604","SKP2",-1.31376289736621,6.85596637538137e-46,"SKP2",-0.669932568275337,3.45024979813014e-13
"ENSG00000145623","OSMR",-0.145954658123922,0.273484691026253,"OSMR",-0.00381627946478501,0.983831959397693
"ENSG00000145632","PLK2",0.665957329485977,6.44371349323755e-11,"PLK2",1.20973434137782,2.00245568321253e-32
"ENSG00000145675","PIK3R1",-0.360302828440192,0.00413892823338133,"PIK3R1",-0.196601686485501,0.135714509836123
"ENSG00000145687","SSBP2",-1.00536463601644,1.28810303751264e-05,"SSBP2",-1.17560310979133,1.78343445792025e-07
"ENSG00000145703","IQGAP2",-0.0431644764964807,0.90765955422285,"IQGAP2",-0.0644676431085132,0.82243888865091
"ENSG00000145730","PAM",-0.404801660403003,3.000328493041e-06,"PAM",-0.625571332737063,3.78510064235136e-13
"ENSG00000145743","FBXL17",-1.56059894494732,7.8929503843092e-19,"FBXL17",-2.50384981029124,5.64740912447636e-40
"ENSG00000145781","COMMD10",-1.2514266106498,1.9264263840159e-10,"COMMD10",-1.75460397369635,1.04236966239499e-19
"ENSG00000145817","YIPF5",0.243495237512999,0.0413719875428512,"YIPF5",-0.0634677887748785,0.682699436178862
"ENSG00000145861","C1QTNF2",1.96261916068386,5.73454769608253e-05,"C1QTNF2",0.185889048208162,0.453577235547856
"ENSG00000145882","PCYOX1L",0.952736964599894,3.44250768691698e-05,"PCYOX1L",1.30376255938464,1.60681893329789e-05
"ENSG00000145901","TNIP1",0.348995458471534,0.000168304973542585,"TNIP1",0.287270754427023,0.00221359829925179
"ENSG00000145907","G3BP1",-0.512958862180244,2.41551119300695e-16,"G3BP1",-0.133769525980611,0.0621476043796457
"ENSG00000145919","BOD1",-0.943353954296932,1.92601539513923e-19,"BOD1",-0.659768256803887,6.32966206856421e-11
"ENSG00000145934","TENM2",-1.28759644096427,7.57703043640757e-05,"TENM2",-1.27322065062476,0.000116784113824736
"ENSG00000145979","TBC1D7",0.136624480111474,0.36905972703038,"TBC1D7",0.198496551886927,0.128892677017278
"ENSG00000145982","FARS2",-1.42941477807483,8.90288345972021e-22,"FARS2",-1.79107518418852,5.07980781382419e-29
"ENSG00000145990","GFOD1",-0.840007351379494,4.34246106902904e-08,"GFOD1",-0.399442235499228,0.0197720074968326
"ENSG00000145996","CDKAL1",-1.4966082562274,1.35814611034667e-30,"CDKAL1",-1.96450940710494,1.01671486584393e-45
"ENSG00000146112","PPP1R18",-0.426424253801817,1.20590290468634e-05,"PPP1R18",-0.263313432340542,0.0084629148555118
"ENSG00000146223","RPL7L1",-0.286843785039732,6.31104204086477e-07,"RPL7L1",-0.306632209389464,1.24027361006301e-07
"ENSG00000146232","NFKBIE",0.430321585444973,0.0117441164139199,"NFKBIE",0.0817243414524138,0.703462853326432
"ENSG00000146243","IRAK1BP1",-0.850321478237736,6.1094415020744e-06,"IRAK1BP1",-0.986042315387465,1.99561461446421e-07
"ENSG00000146281","PM20D2",-0.915028744189201,4.87344362672959e-13,"PM20D2",-0.42561135812301,0.000333501804794207
"ENSG00000146386","ABRACL",-0.118833320056341,0.365991896963564,"ABRACL",0.110832008751766,0.390413098699597
"ENSG00000146409","SLC18B1",0.785238146326913,0.000227802093973856,"SLC18B1",0.54359042589574,0.0078156209100345
"ENSG00000146416","AIG1",-0.856393899180028,2.93244079421538e-10,"AIG1",-0.904202838786349,2.14504521056373e-11
"ENSG00000146540","CHLSN",0.0820441949595055,0.278436306637238,"CHLSN",0.128168680575434,0.0703157213047805
"ENSG00000146731","CCT6A",-0.16392386763759,0.000426138817919042,"CCT6A",-0.162021617666279,0.00056222982933237
"ENSG00000146963","LUC7L2",-0.504959607245338,2.37069301718001e-13,"LUC7L2",-0.277919279852197,7.70866894091106e-05
"ENSG00000146966","DENND2A",-0.198708439241239,0.477036044255667,"DENND2A",0.170187765662756,0.451010420531541
"ENSG00000147010","SH3KBP1",-0.476363056247276,0.000695065811244523,"SH3KBP1",-0.824866463451362,1.03229693696803e-08
"ENSG00000147044","CASK",-0.382388973788274,0.00540761594027854,"CASK",-0.542299155641755,7.44472918670059e-05
"ENSG00000147123","NDUFB11",0.416134106689267,3.58205824319189e-11,"NDUFB11",0.0850022338920739,0.293438072685673
"ENSG00000147133","TAF1",-0.541917946161189,1.42592621293389e-09,"TAF1",-0.231518525112504,0.0141832615898685
"ENSG00000147144","CCDC120",0.499714645582117,0.11495106687993,"CCDC120",0.0421047038655473,0.883900827304345
"ENSG00000147202","DIAPH2",-1.94587506140002,1.05940653633711e-33,"DIAPH2",-2.29131173425706,3.75058521705688e-38
"ENSG00000147274","RBMX",-0.710386174152846,9.66055455309755e-26,"RBMX",-0.285911265840009,4.18020112929347e-05
"ENSG00000147419","CCDC25",-0.0682606709923081,0.506549032266556,"CCDC25",-0.105457675913141,0.252996178455065
"ENSG00000147459","DOCK5",-0.360166577669387,0.000373799969414659,"DOCK5",-0.215468353791519,0.0392313792708727
"ENSG00000147509","RGS20",0.525988781098043,5.51823373398496e-05,"RGS20",1.07890143367813,1.1455874439365e-17
"ENSG00000147526","TACC1",-0.253530691961274,0.011419140435763,"TACC1",-0.0591484459665245,0.656993641713197
"ENSG00000147649","MTDH",-0.275509401151874,5.06023396271927e-08,"MTDH",-0.00995052689252707,0.917714842856098
"ENSG00000147676","MAL2",0.123814335546319,0.673762237630795,"MAL2",-0.115250860396284,0.632168769374905
"ENSG00000147687","TATDN1",-0.378729463245298,0.000395285474902991,"TATDN1",-0.340215077288411,0.00122499264394972
"ENSG00000147697","GSDMC",-0.0760073446654294,0.817819455961204,"GSDMC",0.258532253218733,0.29001544952466
"ENSG00000147813","NAPRT",0.0878243187564304,0.750334606655391,"NAPRT",0.0987792269268074,0.679397829813916
"ENSG00000147862","NFIB",-1.8344758193894,9.65753981482175e-63,"NFIB",-1.27934960808466,4.51723285771024e-33
"ENSG00000147905","ZCCHC7",-0.502715185402706,9.18508272087343e-07,"ZCCHC7",-0.445265953114644,7.85241289587073e-06
"ENSG00000147955","SIGMAR1",0.196147614386845,0.00588874086966461,"SIGMAR1",0.24325991813709,0.000484783699971199
"ENSG00000148143","ZNF462",-0.0661655625969517,0.693259323376848,"ZNF462",0.134468563524375,0.327337858449793
"ENSG00000148154","UGCG",-0.68900524685726,2.61605040313369e-14,"UGCG",-0.20016302390835,0.0412247224480242
"ENSG00000148187","MRRF",-0.321000329745987,0.00155144327382191,"MRRF",-0.267265920898874,0.00846058344891539
"ENSG00000148219","ASTN2",1.21053441972442,2.72151724207636e-15,"ASTN2",1.51656022982215,3.8568668614363e-21
"ENSG00000148229","POLE3",-0.0985002691443982,0.245804857284684,"POLE3",-0.230681935683555,0.00153406281745728
"ENSG00000148358","GPR107",0.287359030413063,0.0034546964098059,"GPR107",0.194748637642249,0.0587426800029989
"ENSG00000148400","NOTCH1",0.32929380008016,0.072795091011093,"NOTCH1",0.389276761988057,0.0248285943015919
"ENSG00000148444","COMMD3",0.22850348673009,0.11491845396227,"COMMD3",0.298925805053657,0.0244100118869731
"ENSG00000148468","FAM171A1",-0.348947921431071,0.000465952878786993,"FAM171A1",-0.126309649988193,0.281873251903529
"ENSG00000148484","RSU1",-0.696613735639533,4.39606978658805e-14,"RSU1",-1.07542359971423,5.94127025706198e-30
"ENSG00000148634","HERC4",0.334149699381033,0.000976982307785623,"HERC4",0.460969572130876,4.02924488186844e-06
"ENSG00000148672","GLUD1",-0.206242827448994,0.0128400435469946,"GLUD1",-0.838424647655374,7.95657701025778e-27
"ENSG00000148677","ANKRD1",0.470301964045981,0.110200536027617,"ANKRD1",0.863545464814178,0.0113175048676446
"ENSG00000148680","HTR7",-0.17963899922827,0.395628906853679,"HTR7",0.0390515998854434,0.878939354729944
"ENSG00000148840","PPRC1",-0.112214259471519,0.34974334271286,"PPRC1",-0.128861311545369,0.263942170885847
"ENSG00000148848","ADAM12",-0.844365901751623,0.0111417311561727,"ADAM12",-0.181832965271962,0.468427524026241
"ENSG00000148908","RGS10",-0.099207443004892,0.47201140478679,"RGS10",-0.0892228350122316,0.52278220010826
"ENSG00000148925","BTBD10",0.325141935480881,5.81531419977561e-05,"BTBD10",0.492082337557464,4.7413395483434e-10
"ENSG00000148926","ADM",3.68775196109194,5.37667864715617e-08,"ADM",0.237646000954767,0.336677898253194
"ENSG00000149084","HSD17B12",-0.38683322837404,2.4469700605622e-05,"HSD17B12",-0.147051300150094,0.154196890559613
"ENSG00000149089","APIP",-0.294976796440941,0.0248816591732634,"APIP",0.0181021224937589,0.930085537693954
"ENSG00000149136","SSRP1",-0.287303546739459,1.45628758433784e-08,"SSRP1",-0.0731802017858359,0.245385190248991
"ENSG00000149179","CSTPP1",-1.13983900885796,2.11081065134139e-08,"CSTPP1",-2.09007983392848,4.01038139629563e-20
"ENSG00000149256","TENM4",-1.78524543814338,4.33253363915739e-18,"TENM4",-2.44061820672283,9.61876145481717e-33
"ENSG00000149313","AASDHPPT",0.15473641392383,0.0394821681544915,"AASDHPPT",0.07432832475392,0.405505706956648
"ENSG00000149357","LAMTOR1",0.100503967527598,0.257025169731243,"LAMTOR1",0.243519312885919,0.00116927945203685
"ENSG00000149418","ST14",1.71954284600357,0.00108133572048625,"ST14",2.90318443237053,1.81061799828592e-05
"ENSG00000149483","TMEM138",-0.153247905695545,0.0828622829177074,"TMEM138",-0.0504531856105921,0.655137362473691
"ENSG00000149485","FADS1",0.222290676880069,0.0117076967873974,"FADS1",0.415077318582527,3.64957608816275e-07
"ENSG00000149527","PLCH2",1.28006111523564,0.00613052636888495,"PLCH2",1.06137113388501,0.01006298428652
"ENSG00000149531",NA,0.0912476499724495,0.63188891280898,NA,-0.244111443340905,0.098436922540659
"ENSG00000149547","EI24",0.598894120952685,1.14802019400873e-14,"EI24",0.812333775272778,2.39601232993726e-25
"ENSG00000149636","DSN1",0.118270755832705,0.458364442177722,"DSN1",0.106911795191072,0.486734834777877
"ENSG00000149743","TRPT1",0.318557564046266,0.00582357620682583,"TRPT1",0.426952940295121,7.51022499561853e-05
"ENSG00000149792","MRPL49",0.83286540242241,3.00519916392275e-15,"MRPL49",0.515829472333218,9.81268414481844e-07
"ENSG00000149806","FAU",0.317585631221326,5.81291703410309e-06,"FAU",0.133171574725081,0.0924008889882829
"ENSG00000149809","TM7SF2",0.172621538134963,0.500871655493443,"TM7SF2",-0.114373958481243,0.627554457630711
"ENSG00000149948","HMGA2",-1.01600841255196,1.28423309095256e-13,"HMGA2",-0.561340413891046,2.87247630975385e-05
"ENSG00000150456","EEF1AKMT1",-0.0295246396485372,0.89031317218767,"EEF1AKMT1",-0.263516694627417,0.0585626097557979
"ENSG00000150471","ADGRL3",-0.00153306479340303,0.999769847841042,"ADGRL3",-0.304457920238159,0.233889186402961
"ENSG00000150627","WDR17",-1.25517449293112,0.00235577822076899,"WDR17",-0.398425888452843,0.118936562676962
"ENSG00000150667","FSIP1",0.0251294955305643,0.950744998538368,"FSIP1",-0.145986172830222,0.526716753700951
"ENSG00000150760","DOCK1",-1.12508385819736,1.31530101475792e-23,"DOCK1",-1.18401027035341,2.65416120816496e-26
"ENSG00000150938","CRIM1",-0.727464027147074,1.76170818608791e-09,"CRIM1",-0.51203562338219,2.01918717625329e-05
"ENSG00000150967","ABCB9",0.74649007931944,1.14918272789319e-06,"ABCB9",0.951935118495388,5.91444653383119e-10
"ENSG00000150991","UBC",0.224514732591025,0.00102590927315124,"UBC",0.402704781673432,4.87852270054243e-10
"ENSG00000150995","ITPR1",0.160039323780561,0.355687219402862,"ITPR1",-0.0302873341323958,0.894117441475182
"ENSG00000151012","SLC7A11",-0.216253920589687,0.42742705619342,"SLC7A11",0.116363839134087,0.635846980171735
"ENSG00000151131","NOPCHAP1",1.25514965432434,1.43220952601055e-45,"NOPCHAP1",0.637912310924831,1.94403898167713e-11
"ENSG00000151136","ABTB3",-1.28001479768293,6.79815665769933e-05,"ABTB3",-0.476345360523212,0.0523128202198746
"ENSG00000151150","ANK3",0.46782974581814,0.0621733725168421,"ANK3",0.330961671320013,0.163165378725059
"ENSG00000151229","SLC2A13",-1.53208810648479,1.88843360564705e-11,"SLC2A13",-1.75033977600326,6.77524726135312e-10
"ENSG00000151233","GXYLT1",0.231222599247268,0.00210647172766728,"GXYLT1",-0.0606723796710622,0.556777490079735
"ENSG00000151276","MAGI1",-1.55152069310092,7.00786951865474e-27,"MAGI1",-1.61872001486379,6.77170674783893e-33
"ENSG00000151320","AKAP6",-1.12753271665484,0.0112933391369913,"AKAP6",-0.227234434289468,0.350555455777641
"ENSG00000151327","FAM177A1",0.214618585820334,0.00949652684899805,"FAM177A1",0.15948178095825,0.0660696856578262
"ENSG00000151338","MIPOL1",-1.31858679731227,7.46155933202419e-11,"MIPOL1",-1.2487091731018,1.86881692140015e-09
"ENSG00000151348","EXT2",-0.0273251518063326,0.836290682339827,"EXT2",-0.0879592358579616,0.404117459178528
"ENSG00000151413","NUBPL",-1.08412439127701,1.67378060353503e-25,"NUBPL",-1.68338370934413,4.40796435562937e-47
"ENSG00000151422","FER",-0.776614005641354,2.76697598851607e-16,"FER",-0.567003397073525,1.92843487171821e-09
"ENSG00000151491","EPS8",0.334595620757275,0.0229767145008143,"EPS8",0.642343916951535,8.83210966479653e-06
"ENSG00000151502","VPS26B",-0.62236696031825,8.54151296207037e-09,"VPS26B",-0.645532708029388,5.54859670522107e-09
"ENSG00000151503","NCAPD3",-0.215491941494879,0.0195333814937916,"NCAPD3",0.138635389494025,0.14900352633778
"ENSG00000151532","VTI1A",-0.871464879904253,2.5936516837602e-11,"VTI1A",-0.721215817609146,1.26106875626795e-08
"ENSG00000151576","QTRT2",0.215848807016224,0.0157172788540244,"QTRT2",-0.1483349596451,0.133917730109955
"ENSG00000151632","AKR1C2",0.42908377213688,0.108375769271582,"AKR1C2",0.557545257178431,0.0649525956747926
"ENSG00000151651","ADAM8",-0.0563173061425268,0.866437279268646,"ADAM8",0.0892651412741082,0.722161535221232
"ENSG00000151689","INPP1",0.792388389612385,6.12442172838962e-13,"INPP1",0.613542921291322,2.74891636830199e-08
"ENSG00000151729","SLC25A4",0.469422806976978,1.819653083289e-05,"SLC25A4",0.460076651637299,2.34196980217212e-05
"ENSG00000151746","BICD1",-0.860890751958422,1.01072479545847e-11,"BICD1",-0.714278848486692,2.83506962805858e-09
"ENSG00000151773","CCDC122",0.716918469892061,4.15226048170086e-05,"CCDC122",0.723955347798135,2.47981628569163e-05
"ENSG00000151779","NBAS",-0.493355542807224,2.60073856259725e-05,"NBAS",-0.741513429687711,5.2926504748743e-10
"ENSG00000151876","FBXO4",-0.977195011685883,1.24235906233193e-06,"FBXO4",-0.860599155054265,1.85571248389994e-05
"ENSG00000151882","CCL28",-0.0103052174672633,0.987120660476087,"CCL28",-0.0229077606321371,0.936922036607694
"ENSG00000151893","CACUL1",-0.0947839773192197,0.176626750006183,"CACUL1",0.180930075705407,0.00421179001435953
"ENSG00000151917","BEND6",-1.33218733154767,2.61953201742659e-10,"BEND6",-1.63018408589739,2.42240277524656e-16
"ENSG00000151967","SCHIP1",-0.0149755666622975,0.97559393727908,"SCHIP1",0.455992396309502,0.0433889106485754
"ENSG00000152061","RABGAP1L",-0.949498969499334,1.12654491477011e-07,"RABGAP1L",-1.31673776702308,2.32513112404134e-11
"ENSG00000152229","PSTPIP2",1.11769254910695,1.05771736800057e-20,"PSTPIP2",1.24263149637441,1.24440320369949e-25
"ENSG00000152242","ARK2N",0.0436834290325299,0.779618465365741,"ARK2N",0.160272222818251,0.165482535126344
"ENSG00000152348","ATG10",-1.00738713313047,7.7731769404546e-08,"ATG10",-1.21747466858812,5.00376218711546e-11
"ENSG00000152402","GUCY1A2",-1.23025986446476,0.000419051672947108,"GUCY1A2",-1.61487767643136,0.000153618306704986
"ENSG00000152413","HOMER1",-0.314191650535137,0.00122575634181588,"HOMER1",-0.253588004944492,0.0148696251795473
"ENSG00000152422","XRCC4",0.260071288080837,0.0434862811056845,"XRCC4",0.148296478758142,0.277113424217897
"ENSG00000152492","CCDC50",-0.191381171563922,0.00725845559848188,"CCDC50",-0.225359786158417,0.00126797530890722
"ENSG00000152518","ZFP36L2",0.292308395673948,0.0484397471122471,"ZFP36L2",-0.045627025551153,0.831411731701177
"ENSG00000152556","PFKM",-0.105938497442082,0.402543932789187,"PFKM",0.0069173960425347,0.967518244567326
"ENSG00000152620","NADK2",-0.51112271568032,7.43018836838679e-06,"NADK2",-0.344699726599701,0.0018215674132158
"ENSG00000152818","UTRN",-1.13855002797873,5.61422160834108e-16,"UTRN",-0.927802017193711,3.74396830681248e-11
"ENSG00000153015","CWC27",-0.452257921569216,4.27322722014462e-10,"CWC27",-0.644663541283497,9.92794153864029e-19
"ENSG00000153029","MR1",2.02118852613345,4.82299008069614e-14,"MR1",0.80461450244363,0.00741329315929778
"ENSG00000153113",NA,-0.310761868789115,5.8443310251719e-07,NA,-0.34827990103832,1.13734293739251e-08
"ENSG00000153179","RASSF3",-0.653459527425698,4.58114236034019e-08,"RASSF3",-0.311932889389766,0.00989893930867759
"ENSG00000153214","TMEM87B",0.228428924356388,0.051442009204191,"TMEM87B",-0.0309461180987989,0.868944459241034
"ENSG00000153233","PTPRR",0.573974264474777,0.00437843012266571,"PTPRR",0.615931031248959,0.00257515784090134
"ENSG00000153250","RBMS1",-0.0390432289405384,0.754741602320805,"RBMS1",0.0827867121422578,0.424844119210243
"ENSG00000153292","ADGRF1",-0.0548686816671931,0.868237538562884,"ADGRF1",0.939203903608687,0.0138181896077029
"ENSG00000153317","ASAP1",-0.534734448480529,8.04110743246156e-11,"ASAP1",-0.225938033790693,0.00931469592124386
"ENSG00000153443","UBALD1",0.586968925391481,2.71530232184873e-08,"UBALD1",0.353841807975187,0.000986304893664347
"ENSG00000153531","ADPRHL1",5.30132575262188,8.18958403013222e-36,"ADPRHL1",3.99020262693079,1.62526193942678e-19
"ENSG00000153560","UBP1",-0.407292830414061,1.09010011627772e-08,"UBP1",-0.445630312275962,4.80547767999311e-10
"ENSG00000153574","RPIA",-0.853489592999244,1.17154014362354e-16,"RPIA",-0.791392223316221,1.94475610989974e-13
"ENSG00000153786","ZDHHC7",0.0266876780751189,0.884534006810703,"ZDHHC7",0.0265506061611363,0.887975305094425
"ENSG00000153815","CMIP",0.118847170979387,0.276403635319465,"CMIP",0.297013490435449,0.00117078733907081
"ENSG00000153885","KCTD15",-0.0946316410359286,0.653933147576528,"KCTD15",-0.224968406882387,0.163165378725059
"ENSG00000153904","DDAH1",-0.60812876659005,4.56121305504693e-05,"DDAH1",-0.279460743219562,0.057219281341975
"ENSG00000153914","SREK1",-0.281259309845654,1.42444067864309e-05,"SREK1",-0.234455259347092,0.000371875131169635
"ENSG00000153936","HS2ST1",-0.720376061252275,1.51151241248958e-16,"HS2ST1",-0.335316079153502,0.00010966100989733
"ENSG00000153976","HS3ST3A1",-1.55807311466737,6.22464076972786e-61,"HS3ST3A1",-0.913768289512821,1.06098097341432e-22
"ENSG00000154040","CABYR",0.221311283213642,0.443128527589508,"CABYR",0.0953105702981638,0.710444902694675
"ENSG00000154059","IMPACT",-0.540121269380292,3.94788796045839e-08,"IMPACT",-0.574465573406848,9.89808560437939e-09
"ENSG00000154122","ANKH",-0.512041985345916,4.598903722773e-05,"ANKH",-0.745889384244141,1.08066339784101e-09
"ENSG00000154127","UBASH3B",-0.321269518352719,0.00411266140110563,"UBASH3B",0.0789708754070737,0.578945747353336
"ENSG00000154133","ROBO4",-0.858635678482226,7.01066200356979e-06,"ROBO4",-0.620497868623426,0.000709258846141326
"ENSG00000154188","ANGPT1",-1.5363365157303,0.000180911855647455,"ANGPT1",-0.353557893940571,0.14566900977138
"ENSG00000154229","PRKCA",-0.611489658997896,6.9468403680378e-10,"PRKCA",-0.701417295510202,1.36801886125832e-12
"ENSG00000154237","LRRK1",-0.258585322018208,0.072901470400834,"LRRK1",-0.159801378630617,0.271395941131061
"ENSG00000154240","CEP112",-0.960479505789654,9.93566982619993e-06,"CEP112",-1.57554356788865,9.99823573262737e-12
"ENSG00000154309","DISP1",0.24801083392241,0.0810323230854744,"DISP1",0.533687133823494,1.60092388179476e-05
"ENSG00000154328","NEIL2",0.0906484577156872,0.517428530042379,"NEIL2",0.0863222530306415,0.537278828389872
"ENSG00000154359","LONRF1",-0.269473398660069,0.0634589623066706,"LONRF1",0.193183533618807,0.186719830935588
"ENSG00000154447","SH3RF1",0.0683610156054316,0.672345753418448,"SH3RF1",0.112368943664243,0.413345499653148
"ENSG00000154518","ATP5MC3",-0.192813603606578,0.047429536898826,"ATP5MC3",-0.173781883454909,0.0752841592076973
"ENSG00000154556","SORBS2",0.168612924083729,0.339745734817259,"SORBS2",1.02145523235165,3.39722443899772e-11
"ENSG00000154640","BTG3",-0.145720899010408,0.229217350101832,"BTG3",-0.12484634863385,0.309913601389106
"ENSG00000154642","C21orf91",0.297858437453669,0.00942687802060376,"C21orf91",0.206189386429175,0.0840622016802843
"ENSG00000154764","WNT7A",-0.103527965397323,0.731337091903248,"WNT7A",-0.156046807488416,0.504741535931114
"ENSG00000154767","XPC",0.661848173182541,6.64221410441186e-12,"XPC",0.712787833303454,1.22828856288065e-13
"ENSG00000154803","FLCN",0.6144826823062,1.1148997418548e-08,"FLCN",0.541853277905908,7.09820994007678e-07
"ENSG00000154814","OXNAD1",-0.56805165308169,2.32923290978283e-06,"OXNAD1",-0.292840361969496,0.0114247362865617
"ENSG00000154978","VOPP1",0.0104773359109668,0.959445482940364,"VOPP1",0.175072325897448,0.0987563310382245
"ENSG00000155016","CYP2U1",-0.110162442234968,0.609801393761213,"CYP2U1",-0.385081223078137,0.0229371110330538
"ENSG00000155034","FBXL18",0.424416769210143,0.000370112762945805,"FBXL18",0.301485605590929,0.0113423592832181
"ENSG00000155085","AK9",-0.256470908910907,0.216730568503668,"AK9",-0.247470521503429,0.177764718409251
"ENSG00000155097","ATP6V1C1",0.493689075044265,1.65483131277692e-07,"ATP6V1C1",0.278389143721912,0.00571291120493925
"ENSG00000155115","GTF3C6",0.31734498212013,5.7333699083758e-06,"GTF3C6",0.282020560624436,6.95368282395304e-05
"ENSG00000155158","TTC39B",-0.214889310048362,0.362321581826049,"TTC39B",-0.33612005554862,0.130482080954569
"ENSG00000155189","AGPAT5",-0.306589337121703,8.88247729635384e-06,"AGPAT5",-0.40158104400219,5.07605638805021e-09
"ENSG00000155252","PI4K2A",0.196799604902605,0.13876443682242,"PI4K2A",0.0525142406463767,0.767932987204248
"ENSG00000155324","GRAMD2B",0.259602693060489,0.214024746860904,"GRAMD2B",0.0349891501344974,0.899343141913588
"ENSG00000155363","MOV10",0.373617243332708,0.00324394984773016,"MOV10",0.124285374074743,0.395457357099493
"ENSG00000155366","RHOC",-0.0283196556337808,0.875504621244919,"RHOC",-0.252305881210538,0.0262691050783049
"ENSG00000155380","SLC16A1",-0.0513410420050025,0.53350121304159,"SLC16A1",-0.117207857232792,0.0927569209686634
"ENSG00000155393","HEATR3",-0.455404506267052,4.93862804683635e-05,"HEATR3",-0.217731527842848,0.0726604544153217
"ENSG00000155463","OXA1L",0.138961959490756,0.130298787862566,"OXA1L",0.091789056692035,0.360732765470121
"ENSG00000155506","LARP1",-0.423659546823673,1.1807744269611e-05,"LARP1",-0.0177564473102161,0.917864171297248
"ENSG00000155827","RNF20",-0.025685726465953,0.839772621376725,"RNF20",-0.0293192344938059,0.819649415721464
"ENSG00000156017","CARNMT1",0.225929702741789,0.0223277690049573,"CARNMT1",0.314854905967402,0.00104508693501397
"ENSG00000156110","ADK",-1.37172712570163,6.25834954216682e-42,"ADK",-1.45826998402845,5.11712568518069e-49
"ENSG00000156453","PCDH1",0.70165421260119,0.00133306539213784,"PCDH1",0.621133209259868,0.00605070715083299
"ENSG00000156463","SH3RF2",-0.35306147971006,0.0372403643130578,"SH3RF2",0.157777709336541,0.36370928276674
"ENSG00000156521","TYSND1",0.845385358933602,2.72568342867173e-11,"TYSND1",0.710859947044518,7.28930585270831e-07
"ENSG00000156697","UTP14A",-0.102746158548746,0.264748797676575,"UTP14A",-0.381364324294673,7.19227127942103e-07
"ENSG00000156711","MAPK13",0.724616781947536,0.0226622640255211,"MAPK13",0.300974254275281,0.201717736638679
"ENSG00000156958","GALK2",-0.370037426146985,0.00784408326979813,"GALK2",-0.320529308364507,0.0171053854513
"ENSG00000157045","NTAN1",-0.0183711165891687,0.922888924569902,"NTAN1",0.0190819152523544,0.917145995023207
"ENSG00000157110","RBPMS",0.273248653128172,0.0313184048851658,"RBPMS",0.26736997676009,0.0213205805641354
"ENSG00000157168","NRG1",0.92148452804097,6.26371160019939e-13,"NRG1",1.27192798144364,3.50652324702126e-23
"ENSG00000157193","LRP8",-1.37107966002955,1.39492336056919e-26,"LRP8",-1.17893857611724,3.6412012419435e-20
"ENSG00000157216","SSBP3",-0.122325540702294,0.255276091391471,"SSBP3",-0.000288829440218092,0.998489831781308
"ENSG00000157259","GATAD1",-0.149702513661806,0.163530232015534,"GATAD1",-0.432248445485571,3.3977636665293e-06
"ENSG00000157379","DHRS1",0.0491737788497048,0.780214388838518,"DHRS1",0.121097108513111,0.382919178790254
"ENSG00000157470","FAM81A",-0.35332856280674,0.0629846946725694,"FAM81A",-0.666754492549644,0.00418359641281513
"ENSG00000157483","MYO1E",-0.217400575451102,0.0323315919255545,"MYO1E",0.157550316466916,0.141768439528107
"ENSG00000157617","C2CD2",-0.368064860964302,0.000293371218757664,"C2CD2",-0.0176674009268867,0.921768421749217
"ENSG00000157778","PSMG3",-0.0624699666360572,0.685593842994626,"PSMG3",-0.0502793495779834,0.750880822668616
"ENSG00000158019","BABAM2",-1.0593808508052,3.03714373029343e-12,"BABAM2",-1.02783261883228,1.78459519038174e-11
"ENSG00000158055","GRHL3",3.30078129968395,2.37268883757812e-06,"GRHL3",2.50763891012299,0.000143229500358169
"ENSG00000158125","XDH",0.742346826133222,8.2980110755451e-05,"XDH",0.989344621701803,7.50631509811231e-07
"ENSG00000158246","TENT5B",2.05079316527456,0.000132173659238071,"TENT5B",-0.0414620000876743,0.885881562665833
"ENSG00000158301","GPRASP2",0.681825496726825,9.96251312173782e-06,"GPRASP2",1.08176793715203,1.24475491668227e-11
"ENSG00000158373","H2BC5",0.998594686908508,2.39018652773594e-07,"H2BC5",0.595169581907957,0.00165640108246531
"ENSG00000158406","H4C8",0.345576805574826,0.141063290529984,"H4C8",-0.0379742798848789,0.896292205052537
"ENSG00000158483","FAM86C1P",0.172746497635559,0.394905385777708,"FAM86C1P",-0.106208027490561,0.606073633833717
"ENSG00000158528","PPP1R9A",-1.59527606992742,1.66598415637403e-06,"PPP1R9A",-0.913101984471003,0.0013706325410867
"ENSG00000158615","PPP1R15B",-0.289740637463996,0.00231804697621242,"PPP1R15B",-0.118238832379307,0.275817926122314
"ENSG00000158711","ELK4",-0.31348014601906,0.00750037673013364,"ELK4",-0.350144728525137,0.00194746511915935
"ENSG00000158793","NIT1",0.0507401383723326,0.791410870567047,"NIT1",0.059417926511219,0.726312178107425
"ENSG00000158828","PINK1",0.493489648084103,7.58828367091819e-08,"PINK1",0.415630689033601,5.62139272825564e-06
"ENSG00000158856","DMTN",1.14416344665371,5.81531419977561e-05,"DMTN",1.00481431058592,9.37481302847517e-05
"ENSG00000158869","FCER1G",0.454347126565473,0.0664297144690317,"FCER1G",0.182380998892934,0.407941053637478
"ENSG00000158966","CACHD1",-0.34649223075731,0.122274542616439,"CACHD1",-0.0747178266021458,0.767717690632064
"ENSG00000159023","EPB41",-0.463998619154664,0.000131273293201188,"EPB41",-0.661726802014274,7.80601322414792e-09
"ENSG00000159128","IFNGR2",0.00691404545677077,0.979708935332886,"IFNGR2",0.3511101571039,0.000349045468069559
"ENSG00000159147","DONSON",0.200030474149383,0.0647531074726011,"DONSON",0.404753797253696,3.24831900544117e-05
"ENSG00000159176","CSRP1",-0.235627719163545,0.0347365851440203,"CSRP1",-0.44803629581498,1.64492065367723e-05
"ENSG00000159199","ATP5MC1",-0.324196999083526,0.000441303859153745,"ATP5MC1",-0.405549554816711,6.51915488680764e-06
"ENSG00000159214","CCDC24",0.349728377036644,0.0891324443514833,"CCDC24",0.36420066696242,0.0526983297242563
"ENSG00000159216","RUNX1",0.0155148920646664,0.931559453439008,"RUNX1",0.229122548484854,0.0202021617936317
"ENSG00000159267","HLCS",-0.732213306948641,7.39865970807601e-08,"HLCS",-0.997510150707584,4.43943814562544e-13
"ENSG00000159346","ADIPOR1",0.39488827462031,2.60363309029801e-05,"ADIPOR1",0.284131879873799,0.00312585651357946
"ENSG00000159348","CYB5R1",0.641726581678273,4.75952167310753e-07,"CYB5R1",0.699049008974934,9.82486526462308e-08
"ENSG00000159352","PSMD4",0.142427380302133,0.108306460922075,"PSMD4",0.150022841604092,0.0859597662827303
"ENSG00000159363","ATP13A2",-0.016667992156712,0.951086243255533,"ATP13A2",-0.0699806315343069,0.725038608778831
"ENSG00000159377","PSMB4",0.0549377958490676,0.674354575947342,"PSMB4",-0.0187651800174377,0.908614850854826
"ENSG00000159388","BTG2",1.98169216076504,2.62410267724566e-25,"BTG2",1.60425956472882,6.20624866531324e-16
"ENSG00000159445","THEM4",0.0342260005616425,0.879949923414514,"THEM4",-0.030210977039597,0.895293197178192
"ENSG00000159788","RGS12",-0.1679764109177,0.314136624532153,"RGS12",0.0817002865366057,0.646334819274472
"ENSG00000159840","ZYX",0.301866608358096,0.0128265154422517,"ZYX",0.226029504890922,0.0640250745429086
"ENSG00000159884","CCDC107",0.370391312297088,0.0164510414653793,"CCDC107",0.422643304216511,0.0047657948342314
"ENSG00000160007","ARHGAP35",-0.184706325992747,0.13418662249319,"ARHGAP35",-0.155143693632459,0.207747399998064
"ENSG00000160049","DFFA",0.00337022637844925,0.985935982803238,"DFFA",-0.0208233969422702,0.845406102061462
"ENSG00000160058","BSDC1",0.385291644973607,0.00204820422605844,"BSDC1",0.341535664713339,0.00674615367582913
"ENSG00000160131","VMA21",-0.457958688670207,7.01892698235004e-13,"VMA21",-0.248342662123947,0.000177133420564478
"ENSG00000160193","WDR4",-0.806482425268406,1.79615875979777e-16,"WDR4",-0.454198308690593,3.93710593947506e-06
"ENSG00000160255","ITGB2",1.48830682724769,2.45975254865767e-12,"ITGB2",3.40251817876909,2.21443058839152e-24
"ENSG00000160310","PRMT2",-0.0956989391019971,0.335281310310953,"PRMT2",-0.0440815403898044,0.711207794708885
"ENSG00000160633","SAFB",-0.00735267617684624,0.981961230809104,"SAFB",0.319070920520839,0.00703171708370052
"ENSG00000160679","CHTOP",-0.296140735455985,0.000232185253150928,"CHTOP",-0.243695573452215,0.00291925067043766
"ENSG00000160746","ANO10",-1.04659958106998,1.41603422859515e-23,"ANO10",-1.22579624561918,1.67324874001949e-29
"ENSG00000160753","RUSC1",0.54043175556742,1.704216858257e-07,"RUSC1",0.509537456032202,1.11959030736133e-06
"ENSG00000160789","LMNA",0.00794711961204223,0.976099181490465,"LMNA",-0.0640213257531807,0.656460380240591
"ENSG00000160886","LY6K",0.664763419982327,1.49934337153447e-07,"LY6K",0.645953477159721,4.90955518073944e-07
"ENSG00000160932","LY6E",0.765831702800949,6.18189736041568e-20,"LY6E",0.497166273455066,6.9313404147973e-09
"ENSG00000161091","MFSD12",0.640854878811668,4.50842071014872e-06,"MFSD12",0.753725638674405,1.27066261253022e-07
"ENSG00000161179","YDJC",-0.0609815878721965,0.684273591557601,"YDJC",0.301579864663698,0.00538654044577827
"ENSG00000161202","DVL3",0.93727350023618,5.01620755983613e-28,"DVL3",0.754872417005388,1.90828854835862e-18
"ENSG00000161267","BDH1",-0.779849001443716,1.13622529196369e-07,"BDH1",-0.0490122466945899,0.800962559754915
"ENSG00000161513","FDXR",2.08115633623749,2.268864055952e-44,"FDXR",2.30741232575485,1.66739160554283e-53
"ENSG00000161542","PRPSAP1",0.232802831790843,0.00318597570735876,"PRPSAP1",0.301399345297326,7.3935439167581e-05
"ENSG00000161544","CYGB",2.45141989862327,1.24285572849643e-11,"CYGB",2.21391383684041,3.5599057227545e-15
"ENSG00000161547","SRSF2",-0.74604344160644,6.33015669238274e-16,"SRSF2",-0.828387698654597,5.74579646438564e-19
"ENSG00000161618","ALDH16A1",-0.441986576451491,0.000502564036071619,"ALDH16A1",-0.207749469946488,0.111830862758534
"ENSG00000161638","ITGA5",-0.232552149991677,0.0187645596275206,"ITGA5",-0.143515136806299,0.183668787096537
"ENSG00000161642","ZNF385A",1.68329007671032,2.84157634773477e-23,"ZNF385A",1.46537995708049,3.0462341305523e-17
"ENSG00000161714","PLCD3",0.477307327508413,1.88709427215424e-05,"PLCD3",0.643576144435937,5.37260093812753e-09
"ENSG00000161921","CXCL16",2.66828514917165,9.13452485645943e-22,"CXCL16",3.56519975624297,1.00990256082195e-16
"ENSG00000161980","POLR3K",0.112541690424034,0.368106311108836,"POLR3K",0.0749571282010893,0.581088976847516
"ENSG00000162032","SPSB3",0.215801097525239,0.209896798924338,"SPSB3",0.249133410210542,0.114111869293797
"ENSG00000162073","PAQR4",-0.790191608126944,3.84734871135133e-08,"PAQR4",-0.928906989231099,2.12327935845841e-10
"ENSG00000162236","STX5",0.239931053287058,0.0460935617395573,"STX5",0.105425013510677,0.453181389079575
"ENSG00000162241","SLC25A45",2.18568168202114,1.2214918533758e-17,"SLC25A45",2.28730953433972,9.90392948542441e-18
"ENSG00000162337","LRP5",-0.385274719189267,0.0223407008274462,"LRP5",-0.362919136930943,0.0214595109889966
"ENSG00000162368","CMPK1",-0.409589841961094,9.14929582950891e-10,"CMPK1",-0.204556368754274,0.00374138485006589
"ENSG00000162377","COA7",-0.0561916095191326,0.632503666164313,"COA7",-0.150676237293097,0.114956913308904
"ENSG00000162521","RBBP4",-0.310851236838414,2.4469700605622e-05,"RBBP4",-0.375341673431365,1.73666550410734e-07
"ENSG00000162585","FAAP20",0.563934248797619,5.58407658879028e-08,"FAAP20",0.355985878733572,0.000722370483803819
"ENSG00000162599","NFIA",-0.508131338099954,6.70138732517765e-09,"NFIA",-0.899721858952723,9.80411461342817e-22
"ENSG00000162607","USP1",-0.302821760837959,0.00104119850892847,"USP1",-0.287348512034955,0.00155219316991421
"ENSG00000162613","FUBP1",-0.00496674540561115,0.981515058244673,"FUBP1",0.17479725362895,0.033779213089385
"ENSG00000162614","NEXN",0.259590958466149,0.275296705762506,"NEXN",0.608484212183146,0.00988943116034442
"ENSG00000162616","DNAJB4",1.05582695381675,3.2568077425385e-09,"DNAJB4",0.361990517177055,0.0288363171786877
"ENSG00000162643","DNAI3",2.49379888147078,2.58450473492774e-07,"DNAI3",1.70365181783665,0.00111728729409855
"ENSG00000162645","GBP2",0.908468671543729,5.19558670397179e-05,"GBP2",0.559053019357107,0.0100465734321748
"ENSG00000162694","EXTL2",-0.787246770272151,5.09287683335157e-11,"EXTL2",-0.995969909909965,8.77666161427254e-17
"ENSG00000162702","ZNF281",-0.0540080332266859,0.6988548196554,"ZNF281",-0.0860162054953178,0.488467706662772
"ENSG00000162711","NLRP3",-0.12886946831871,0.605832288265941,"NLRP3",-0.250182047358821,0.215289206242711
"ENSG00000162723","SLAMF9",0.418155947668434,0.0974643919276202,"SLAMF9",0.679111765940954,0.0164564633732891
"ENSG00000162734","PEA15",0.138384597964227,0.379373878128527,"PEA15",-0.0841925540407258,0.617007993946832
"ENSG00000162736","NCSTN",-0.0457672787426379,0.815391928583009,"NCSTN",0.0488778843959325,0.794666199112326
"ENSG00000162738","VANGL2",-0.322584849865178,0.245065763483387,"VANGL2",0.512849712428665,0.0513869153698766
"ENSG00000162772","ATF3",3.76741863769436,2.53773455758151e-59,"ATF3",2.36553523096512,2.09798777947436e-23
"ENSG00000162783","IER5",0.539799755483029,2.71317681169494e-06,"IER5",0.904544515201886,1.47826977635434e-14
"ENSG00000162814","SPATA17",-0.813686419788193,0.0140135477632892,"SPATA17",-2.05396501838824,2.01763019573645e-05
"ENSG00000162819","BROX",0.381816694031284,1.09115668929304e-09,"BROX",0.413432307339023,1.61489065246149e-10
"ENSG00000162885","B3GALNT2",-0.140153477295972,0.253682620686646,"B3GALNT2",0.0323154155605899,0.849831871953027
"ENSG00000162892","IL24",-0.00735265867895377,0.993912927738516,"IL24",0.991020189388766,0.00184055268058409
"ENSG00000162894","FCMR",0.861161663913422,9.7519479239437e-05,"FCMR",0.00498421617681771,0.985849078690517
"ENSG00000162909","CAPN2",-0.439672286212274,3.68958947403851e-07,"CAPN2",-0.51647437133199,2.10433484313328e-09
"ENSG00000162980","ARL5A",-0.195722171296196,0.169002633103746,"ARL5A",-0.163349788099704,0.258683328678479
"ENSG00000162981","LRATD1",1.76794611961338,7.87884550589291e-18,"LRATD1",1.43735791726328,1.62599584930062e-10
"ENSG00000163069","SGCB",0.0914819074259562,0.500700300923624,"SGCB",0.147897263329306,0.211136460147659
"ENSG00000163082","SGPP2",0.0204189714312757,0.962382893761928,"SGPP2",-0.0819514576050326,0.748721036051426
"ENSG00000163110","PDLIM5",-0.0158904718542909,0.939584573628083,"PDLIM5",0.506233461353487,2.12525714985084e-06
"ENSG00000163156","SCNM1",0.788163471291518,4.93603634040835e-17,"SCNM1",0.521830544319952,5.1768939731137e-08
"ENSG00000163159","VPS72",0.186891817233113,0.100864213282727,"VPS72",0.315991401014532,0.00208086844814314
"ENSG00000163171","CDC42EP3",-0.231608353578239,0.0640302833751959,"CDC42EP3",-0.0324789886377174,0.863044528225583
"ENSG00000163202","LCE3D",1.15204751918187,0.00996993430819588,"LCE3D",2.85412249771135,1.9110689844272e-05
"ENSG00000163216","SPRR2D",1.58712556510375,0.000767703711251414,"SPRR2D",0.209753383833392,0.399511696739635
"ENSG00000163235","TGFA",0.400047425393119,0.00410814946494336,"TGFA",0.628316188374476,3.40485254066626e-06
"ENSG00000163283","ALPP",0.227176814650663,0.421072316996256,"ALPP",-0.0783827812293187,0.760113283252392
"ENSG00000163328","GPR155",-0.160193540009137,0.402272831511476,"GPR155",-0.274872834937544,0.137911898234481
"ENSG00000163346","PBXIP1",1.06647495703953,1.06508885409198e-07,"PBXIP1",0.76933815571168,0.000178738579021933
"ENSG00000163347","CLDN1",0.116488768724815,0.701042301661003,"CLDN1",-0.0417753443849677,0.8843285815049
"ENSG00000163359","COL6A3",-1.07631712683542,2.78706480736803e-13,"COL6A3",-1.29281107186581,2.01636484997784e-18
"ENSG00000163362","INAVA",0.000890371586143351,0.999769847841042,"INAVA",-0.153628475093595,0.512542309707439
"ENSG00000163389","POGLUT1",-0.0124837003277714,0.946869290292453,"POGLUT1",-0.344964950695558,0.000251835526903809
"ENSG00000163428","LRRC58",-0.292449907825081,0.000305591952720962,"LRRC58",-0.10685436203119,0.264024787970843
"ENSG00000163512","AZI2",-0.28625157841343,0.00668153427848937,"AZI2",-0.403650420569271,5.28854705006085e-05
"ENSG00000163513","TGFBR2",-0.481904132896618,3.64968677068317e-06,"TGFBR2",-0.596223894982424,8.61501155518124e-09
"ENSG00000163541","SUCLG1",-0.147584481734456,0.220285407827778,"SUCLG1",-0.335798534745949,0.00117977731725577
"ENSG00000163545","NUAK2",0.904947422420167,2.71068654576423e-06,"NUAK2",0.750369946300144,0.000116611673184072
"ENSG00000163558","PRKCI",0.224047552848869,0.0197058834711099,"PRKCI",0.634652733724444,7.0329902415231e-13
"ENSG00000163564","PYHIN1",2.54646997695974,6.77915111398437e-05,"PYHIN1",3.42518313700148,9.83553258257937e-07
"ENSG00000163584","RPL22L1",-0.95126452719697,8.54349473147131e-26,"RPL22L1",-1.14583148389793,1.12380089777749e-36
"ENSG00000163590","PPM1L",-0.88908852895946,0.0034546964098059,"PPM1L",-1.06786673000324,0.00464279324569043
"ENSG00000163597","SNHG16",-0.443096111685146,1.25943363838013e-08,"SNHG16",-0.548439171680043,1.53583853871655e-12
"ENSG00000163626","COX18",-0.326585675805783,0.0053272325167062,"COX18",-0.176593219615046,0.150654135003231
"ENSG00000163637","PRICKLE2",0.482586019684789,0.000799445044099573,"PRICKLE2",0.101876544190238,0.537301067173443
"ENSG00000163638","ADAMTS9",0.820710105379531,0.0117168431460013,"ADAMTS9",0.816611629950974,0.0245659448117049
"ENSG00000163655","GMPS",-0.224428835720357,0.0576762218904197,"GMPS",-0.00732186774767666,0.966748724739489
"ENSG00000163683","SMIM14",0.203421393608407,0.346084748779401,"SMIM14",-0.0472626154853415,0.854371821715724
"ENSG00000163684","RPP14",-0.223088718170347,0.153232522234678,"RPP14",-0.197556903701309,0.197870668288368
"ENSG00000163710","PCOLCE2",-0.407935400715061,0.0382578914715351,"PCOLCE2",-0.125994685815584,0.510027770339561
"ENSG00000163810","TGM4",0.190844136052747,0.500794237931174,"TGM4",-0.0270569896926141,0.925931625198725
"ENSG00000163812","ZDHHC3",0.230718602752292,0.00294505599232978,"ZDHHC3",0.184269626537038,0.0232064296202034
"ENSG00000163814","CDCP1",-0.252142568511012,0.0532677096827076,"CDCP1",1.30357479687717,1.73443568281354e-08
"ENSG00000163840","DTX3L",0.669713699723687,8.8469845166499e-14,"DTX3L",0.427798472463008,2.03110115991097e-06
"ENSG00000163870","TPRA1",0.422515050614175,0.00032049417264314,"TPRA1",0.520547814410513,7.03540604006985e-06
"ENSG00000163898","LIPH",1.28548561713558,0.000819442378809798,"LIPH",1.13916866072221,0.00576621888967993
"ENSG00000163938","GNL3",-0.12628284269525,0.403837383767435,"GNL3",0.0186491950709769,0.92885519773273
"ENSG00000163946","TASOR",-0.49065879167168,1.09910612186669e-09,"TASOR",-0.200317522454328,0.0184603359206233
"ENSG00000163947","ARHGEF3",0.20382815458521,0.278862477605528,"ARHGEF3",0.0604818187121382,0.789975382748305
"ENSG00000163950","SLBP",-0.486157070390478,5.1209542828832e-09,"SLBP",-0.420588482987597,2.44356722929232e-07
"ENSG00000163956","LRPAP1",0.94159950507599,6.90033122485801e-23,"LRPAP1",0.70976695088508,3.02423045110166e-13
"ENSG00000163964","PIGX",-0.24740281448465,0.00501989591779268,"PIGX",-0.284262890744536,0.000692882305249476
"ENSG00000164023","SGMS2",0.112914844904639,0.4765297516747,"SGMS2",-0.125984276697492,0.417053661891252
"ENSG00000164038","SLC9B2",-0.0027461599934387,0.998050143338045,"SLC9B2",-0.195771900667575,0.142017170694875
"ENSG00000164040","PGRMC2",0.566896584315893,1.64262552796882e-13,"PGRMC2",0.568403899317078,3.02423045110166e-13
"ENSG00000164051","CCDC51",0.0233641578056037,0.925626344761047,"CCDC51",0.0645650983017188,0.734372454210891
"ENSG00000164054","SHISA5",0.412235745706438,5.95197156067649e-10,"SHISA5",0.495723496010124,8.65744182909356e-14
"ENSG00000164086","DUSP7",-0.529877229351245,3.67622185619144e-05,"DUSP7",-0.189566762635024,0.172282450506658
"ENSG00000164091","WDR82",-0.115872042923431,0.128548946509697,"WDR82",-0.0153377557586166,0.899102517303507
"ENSG00000164096","ARLN",0.450675643455708,8.5832934898076e-07,"ARLN",0.214961546743778,0.0295343252118571
"ENSG00000164104","HMGB2",-0.614836140874734,1.15656645843639e-05,"HMGB2",-0.0840064062698121,0.632771119842982
"ENSG00000164105","SAP30",-0.112913612784416,0.44713591754176,"SAP30",0.58701873556659,2.61487103845457e-07
"ENSG00000164111","ANXA5",-0.172422255119106,0.162947685536184,"ANXA5",-0.411875519396248,0.000135972389609388
"ENSG00000164125","GASK1B",2.01495473274143,1.15592791460989e-06,"GASK1B",0.742191830574409,0.015503025850787
"ENSG00000164163","ABCE1",-0.104120193939403,0.150583511053874,"ABCE1",0.0240837360710074,0.818315233248274
"ENSG00000164171","ITGA2",-0.112730097869739,0.578474511694034,"ITGA2",-0.101841993648554,0.594327157033008
"ENSG00000164182","NDUFAF2",-0.75627158586353,1.50333828690497e-12,"NDUFAF2",-0.900333617638238,7.42774460443719e-17
"ENSG00000164236","ANKRD33B",0.148779041692839,0.381762451935789,"ANKRD33B",0.0539707399798343,0.796683647675783
"ENSG00000164237","CMBL",1.19582943913541,1.04380664600942e-34,"CMBL",1.10470669442289,3.12816015197853e-30
"ENSG00000164283","ESM1",0.0495835250616492,0.884660556805234,"ESM1",0.506892157569853,0.04276218832648
"ENSG00000164291","ARSK",-0.42340521117832,8.31856659716217e-05,"ARSK",-0.719697712134191,4.45565775569657e-10
"ENSG00000164292","RHOBTB3",0.0262283099368617,0.870854297541989,"RHOBTB3",0.0480622555455509,0.738214701806668
"ENSG00000164308","ERAP2",0.198303935267152,0.0369639231569173,"ERAP2",-0.0368656228595726,0.787540068226001
"ENSG00000164323","CFAP97",-0.232416067797205,0.000851282438950316,"CFAP97",-0.143024378764373,0.0538898350613238
"ENSG00000164331","ANKRA2",1.04510708174568,3.11384515276065e-14,"ANKRA2",0.801335708983456,6.08297079103712e-09
"ENSG00000164342","TLR3",1.93892625833618,1.45720240999471e-10,"TLR3",1.70710604401242,8.54621930232542e-08
"ENSG00000164442","CITED2",1.27708874777194,1.47981235985642e-24,"CITED2",1.28879793266508,1.87352063736884e-23
"ENSG00000164494","PDSS2",-1.17390437822264,1.33385847022265e-13,"PDSS2",-1.27423896421832,2.68263982843252e-15
"ENSG00000164509","IL31RA",0.0335888139259177,0.903976153187145,"IL31RA",0.0333855539250024,0.899348033635583
"ENSG00000164574","GALNT10",-0.77370421268495,8.91608292762966e-14,"GALNT10",-0.764398306911076,7.62236352968929e-14
"ENSG00000164684","ZNF704",-1.21413573837956,5.92118838940133e-05,"ZNF704",-0.0860300902043817,0.736728205197079
"ENSG00000164687","FABP5",-0.0793108354256567,0.656604621738422,"FABP5",0.106614291535414,0.676427926125596
"ENSG00000164808","SPIDR",-1.28957937861712,1.35347877872693e-10,"SPIDR",-1.23419540341846,2.18189256166161e-10
"ENSG00000164818","DNAAF5",-0.289942159795026,3.67622185619144e-05,"DNAAF5",0.0355052550596144,0.752692858417152
"ENSG00000164828","SUN1",-0.219614265111801,0.0265717974869961,"SUN1",-0.131725927541236,0.212704948290263
"ENSG00000164938","TP53INP1",2.51640240510571,3.09479970716505e-51,"TP53INP1",2.26262413770385,1.72280270346288e-37
"ENSG00000164961","WASHC5",-0.431025640064601,0.000449668358262866,"WASHC5",-0.617011194206261,1.69615091078873e-06
"ENSG00000164985","PSIP1",-0.528088011877578,5.87042636799436e-07,"PSIP1",-0.378344312058019,0.000302295921271007
"ENSG00000164989","CCDC171",-0.680423454742846,0.00825321239560216,"CCDC171",-0.768372639950633,0.00614762322781751
"ENSG00000165030","NFIL3",0.00601693706827537,0.993261005355076,"NFIL3",0.136563068596049,0.457075938382301
"ENSG00000165046","LETM2",-0.0585029362195549,0.700668869302108,"LETM2",0.132874950388998,0.278306108679153
"ENSG00000165119","HNRNPK",-0.416104259602075,1.69140813084267e-14,"HNRNPK",-0.221598404562928,9.52523832877495e-05
"ENSG00000165156","ZHX1",0.0957291211198236,0.366167793518079,"ZHX1",0.23544824573297,0.0075362955037172
"ENSG00000165280","VCP",-0.190661935375291,0.000415101291329117,"VCP",-0.143669108763538,0.012543634813042
"ENSG00000165410","CFL2",0.161724641670144,0.211286438025477,"CFL2",0.0731631569300365,0.626786413991491
"ENSG00000165434","PGM2L1",0.589321455590153,3.85147364741357e-05,"PGM2L1",0.569860054221786,4.35212280864608e-05
"ENSG00000165449","SLC16A9",-0.0899367240321175,0.758275682589056,"SLC16A9",-0.0414450503127163,0.885502377762185
"ENSG00000165458","INPPL1",0.706959567686601,2.29938885510201e-09,"INPPL1",0.722921704926894,1.99975179530522e-09
"ENSG00000165506","DNAAF2",-0.245486134873358,0.111207917789909,"DNAAF2",-0.289564990704427,0.0396285679102205
"ENSG00000165507","DEPP1",0.103486459709131,0.74507554880791,"DEPP1",-0.00462260660092074,0.987636607580824
"ENSG00000165516","KLHDC2",0.424037320727318,8.50884431102177e-06,"KLHDC2",0.257117504858473,0.00907842222406916
"ENSG00000165526","RPUSD4",-0.166498819916215,0.0848844888788997,"RPUSD4",-0.159273659344309,0.105239486008575
"ENSG00000165626","BEND7",0.597748419313561,4.78354969086745e-05,"BEND7",0.208505269925689,0.19049979325513
"ENSG00000165632","TAF3",0.604541692733647,9.86943113329961e-13,"TAF3",0.490264723157928,1.01314819216862e-08
"ENSG00000165637","VDAC2",0.294524304291839,1.7188865580158e-06,"VDAC2",0.226074430440545,0.00043932508425299
"ENSG00000165675","ENOX2",-1.38834164460258,3.62541621517043e-39,"ENOX2",-1.32191296202385,6.25432493916889e-37
"ENSG00000165799","RNASE7",4.54593797343619,1.29464024006958e-10,"RNASE7",3.19809773799626,2.94894596026685e-06
"ENSG00000165804","ZNF219",0.385353367756143,0.0018622970687883,"ZNF219",0.303139208538005,0.0112188815036391
"ENSG00000165861","ZFYVE1",0.837382269775143,4.52978263642187e-15,"ZFYVE1",0.88755759762486,1.07081467033252e-13
"ENSG00000165886","UBTD1",-0.00603451955010668,0.990302299416616,"UBTD1",0.00575725877389687,0.978993222434577
"ENSG00000165895","ARHGAP42",-0.616796953661658,0.000527887707641106,"ARHGAP42",-0.0988536386440132,0.611682278491806
"ENSG00000165912","PACSIN3",0.423277808809601,2.44152904251569e-05,"PACSIN3",0.60861239709223,3.84148862714551e-10
"ENSG00000165949","IFI27",1.10738736087128,4.0153107553184e-10,"IFI27",1.22811645792821,9.19262768244036e-09
"ENSG00000165959","CLMN",-0.306937612857385,0.116284993499602,"CLMN",-0.158369179440715,0.413996357414843
"ENSG00000166016","ABTB2",0.573395848191067,0.000474880927036009,"ABTB2",0.462010046911559,0.00376112725173386
"ENSG00000166033","HTRA1",0.127787380584554,0.623243779284173,"HTRA1",-0.0280180132507476,0.923558278814302
"ENSG00000166086","JAM3",0.00426158319419083,0.987822001800925,"JAM3",-0.253177078216884,0.00424898522260174
"ENSG00000166133","RPUSD2",0.0162962101850028,0.943508607701437,"RPUSD2",0.0425589576130199,0.819554202664525
"ENSG00000166145","SPINT1",-0.0556312870457027,0.866820240686936,"SPINT1",0.0439593783636719,0.878744141517416
"ENSG00000166181","API5",-0.112845064983232,0.216726818737763,"API5",-0.153267665408564,0.076253620546367
"ENSG00000166197","NOLC1",-0.167693989999855,0.0166806684695335,"NOLC1",-0.154981609462865,0.0309282767445123
"ENSG00000166200","COPS2",-0.0471060657357505,0.717540429497593,"COPS2",-0.00109743800744285,0.994087997005954
"ENSG00000166224","SGPL1",0.0508955744394472,0.769220213516274,"SGPL1",0.0466115319958117,0.787901982181026
"ENSG00000166250","CLMP",-1.02075444830042,2.33411025070715e-20,"CLMP",-0.817615243986499,5.63493903145259e-14
"ENSG00000166263","STXBP4",-0.345347821305376,0.0421074603918486,"STXBP4",-0.540048044586408,0.0015389312266027
"ENSG00000166272","WBP1L",0.153774276588555,0.103326403220104,"WBP1L",0.113244027802371,0.263714785336842
"ENSG00000166289","PLEKHF1",0.448991806628364,0.00411971509749174,"PLEKHF1",0.255799816516342,0.091784943555562
"ENSG00000166311","SMPD1",0.986392675345002,2.33411025070715e-20,"SMPD1",0.458921375887107,2.86427680270672e-05
"ENSG00000166333","ILK",0.0414573651363862,0.786864142515863,"ILK",-0.0754162063974704,0.568204943902077
"ENSG00000166396","SERPINB7",0.0103499275688723,0.984726219045478,"SERPINB7",0.81125772434541,0.000395486799917534
"ENSG00000166398","GARRE1",0.348614821511137,0.00256216654386508,"GARRE1",0.385353777176303,0.000419447710061656
"ENSG00000166401","SERPINB8",0.250137720105907,0.0526493014093585,"SERPINB8",0.315602174218475,0.0072915454999594
"ENSG00000166479","TMX3",-0.850354331601811,2.90356463294867e-21,"TMX3",-0.720984460728451,7.39826128866046e-16
"ENSG00000166508","MCM7",-0.661185760290693,2.15674511083835e-10,"MCM7",-0.39996105138773,0.000107589514990298
"ENSG00000166532","RIMKLB",0.606220276129372,3.15366763823576e-05,"RIMKLB",0.552114677043795,0.000170935425730539
"ENSG00000166557","TMED3",0.565098290658299,1.49599778341946e-17,"TMED3",0.34139568677958,1.11129004433339e-06
"ENSG00000166579","NDEL1",-0.210191678943526,0.0256252109358001,"NDEL1",-0.160851778841337,0.114143589962501
"ENSG00000166589","CDH16",0.0682404779856902,0.835143771097192,"CDH16",0.371503106405765,0.163287964379071
"ENSG00000166595","CIAO2B",-0.0915608840846059,0.498036270645794,"CIAO2B",0.098010180348913,0.447810926153445
"ENSG00000166598","HSP90B1",-0.416049542225222,3.31484163385213e-06,"HSP90B1",-0.667017305653507,5.63493903145259e-14
"ENSG00000166685","COG1",0.680716367333425,2.26306398931151e-12,"COG1",0.536570517352625,6.37662266822974e-08
"ENSG00000166710","B2M",0.646146580746049,7.39756259441237e-13,"B2M",0.25217565306472,0.00734382258947009
"ENSG00000166780","BMERB1",-1.05215816250043,1.94293916108966e-09,"BMERB1",-1.75257479519335,4.19028067644841e-19
"ENSG00000166803","PCLAF",-0.488577473023285,1.9330487134171e-05,"PCLAF",-0.0021603431060456,0.990741829985389
"ENSG00000166825","ANPEP",-0.603317953673122,1.53021914322653e-06,"ANPEP",-0.723483909211004,1.01977650558432e-08
"ENSG00000166828","SCNN1G",-0.0240230104892113,0.952855537103376,"SCNN1G",-0.0431918721388279,0.881218565703534
"ENSG00000166897","ELFN2",0.802272438522999,2.99224935417636e-07,"ELFN2",0.644157901696865,3.80126154454577e-05
"ENSG00000166900","STX3",-0.162806339521231,0.219126602674656,"STX3",0.108880361356027,0.425526381287231
"ENSG00000166908","PIP4K2C",0.308403759045736,0.0248516343468577,"PIP4K2C",0.404693672659207,0.00182387507516811
"ENSG00000166920","C15orf48",0.603440564782983,0.0676955098082456,"C15orf48",0.124869911033069,0.606925378093303
"ENSG00000166938","DIS3L",-0.397553916331598,0.000149909056354079,"DIS3L",0.073749340046864,0.580003153270103
"ENSG00000166949","SMAD3",0.0203142821069258,0.911487562075033,"SMAD3",0.258787134133974,0.0168246353143037
"ENSG00000166963","MAP1A",1.40207325335676,5.256473048109e-14,"MAP1A",0.800366738226924,5.96898695915451e-05
"ENSG00000167004","PDIA3",-0.0137622361785652,0.949734259258677,"PDIA3",-0.302043030459825,0.00655395626605454
"ENSG00000167083","GNGT2",0.0373344634788182,0.912911779560291,"GNGT2",0.233949507194614,0.249452507128381
"ENSG00000167105","TMEM92",0.843101206737907,0.0024036066305308,"TMEM92",1.37904213390508,7.79580126078604e-07
"ENSG00000167110","GOLGA2",0.414568024039247,2.5928765808112e-05,"GOLGA2",0.309074133514901,0.00182387507516811
"ENSG00000167183","PRR15L",-0.119117247059894,0.691067435801446,"PRR15L",-0.0408312096196582,0.888319041017986
"ENSG00000167191","GPRC5B",1.56161386892048,2.43720409269081e-14,"GPRC5B",1.05105375165828,8.89627188456072e-07
"ENSG00000167196","FBXO22",0.527896862959233,1.09456483069115e-09,"FBXO22",0.2599912520713,0.00379101927707835
"ENSG00000167216","KATNAL2",0.0658086997616103,0.854368100142169,"KATNAL2",0.240144171431722,0.33506003040985
"ENSG00000167291","TBC1D16",-0.0615446610811234,0.702344887516961,"TBC1D16",-0.129094535261014,0.341773740060496
"ENSG00000167306","MYO5B",0.350284402218662,0.0857577805327654,"MYO5B",-0.181576545756417,0.336323848157767
"ENSG00000167380","ZNF226",0.214863867003474,0.249265532889028,"ZNF226",0.0542836053693152,0.814540109442471
"ENSG00000167460","TPM4",-0.645635577654661,6.68485667747069e-09,"TPM4",-0.53359301829382,1.43115813236365e-06
"ENSG00000167535","CACNB3",0.673714724078812,2.34759292963159e-07,"CACNB3",0.498976178917051,0.000174384596220589
"ENSG00000167543","TP53I13",0.967465942012699,6.94653968703503e-13,"TP53I13",0.756862406242678,7.42422362692839e-08
"ENSG00000167600","CYP2S1",0.65754860254197,0.00211217845752849,"CYP2S1",0.807582830071625,0.00226970471430103
"ENSG00000167632","TRAPPC9",-1.44204459496956,5.32203035681759e-06,"TRAPPC9",-2.1743496382889,1.4352999564921e-10
"ENSG00000167693","NXN",0.816900159101884,1.21730679468537e-06,"NXN",0.29314381907336,0.0922638067919192
"ENSG00000167700","MFSD3",-0.287153663537966,0.0475992743413716,"MFSD3",-0.164566126583154,0.264333901809515
"ENSG00000167705","RILP",1.05285481000576,5.54833437854702e-08,"RILP",1.04958532171781,1.61125153535855e-07
"ENSG00000167721","TSR1",-0.1150911553678,0.0318839178332144,"TSR1",-0.077668438912342,0.189062671476474
"ENSG00000167741","GGT6",0.647263990921963,0.0533735074649415,"GGT6",0.312285269803403,0.197694758836478
"ENSG00000167767","KRT80",0.636017653913451,0.00123201628534911,"KRT80",1.91742509958585,2.16089658115443e-19
"ENSG00000167770","OTUB1",0.254754365172678,0.00120506372629186,"OTUB1",0.307834121258887,6.34698270685966e-05
"ENSG00000167772","ANGPTL4",-0.0518174180476623,0.875504621244919,"ANGPTL4",-0.0641473708472825,0.81003471830367
"ENSG00000167775","CD320",0.335065373149424,0.00357512394948506,"CD320",0.105445376986723,0.446361818955889
"ENSG00000167880","EVPL",0.32950570764366,0.248735470745527,"EVPL",0.109702072159486,0.665301090419786
"ENSG00000167881","SRP68",0.277304948570462,3.71023823885989e-05,"SRP68",0.315994234638911,2.738415981078e-06
"ENSG00000167889","MGAT5B",-0.191668517219085,0.297259161494346,"MGAT5B",-0.0222510938117915,0.930164516568924
"ENSG00000167914","GSDMA",0.00702145521073988,0.994006002662269,"GSDMA",0.0540179342026407,0.843944732350106
"ENSG00000167969","ECI1",-0.0729245804910274,0.577305687625255,"ECI1",-0.233632135223364,0.0179229152627056
"ENSG00000168003","SLC3A2",0.106569548978799,0.533205949664733,"SLC3A2",0.0251126571955761,0.909873235035902
"ENSG00000168010","ATG16L2",0.0655592701998322,0.791751657398802,"ATG16L2",-0.0466903737734053,0.849309016778621
"ENSG00000168036","CTNNB1",0.0296489485428339,0.730512801838212,"CTNNB1",-0.10639125186919,0.103799429827932
"ENSG00000168078","PBK",-0.665398882026123,1.70323067965295e-05,"PBK",-0.301357497534952,0.0428879632789572
"ENSG00000168243","GNG4",-0.260856684276298,0.193109633144405,"GNG4",-0.458844740481669,0.0396285679102205
"ENSG00000168286","THAP11",-0.431873824411016,1.32470273449328e-05,"THAP11",-0.190572105644093,0.0685776152740731
"ENSG00000168288","MMADHC",0.179840544866424,0.0173218402047953,"MMADHC",0.283594206163925,6.82907359750166e-05
"ENSG00000168291","PDHB",-0.00694050020566387,0.981026162406311,"PDHB",0.119083217300839,0.350492502377274
"ENSG00000168297","PXK",-0.503754400092609,0.000554694910333809,"PXK",-0.528674651895608,0.000154472785354365
"ENSG00000168394","TAP1",1.9048400720138,2.11132789840346e-41,"TAP1",1.53649005913634,7.95657701025778e-27
"ENSG00000168397","ATG4B",0.682802718337002,9.41421856946944e-15,"ATG4B",0.735162366467013,2.56132351068497e-15
"ENSG00000168398","BDKRB2",0.499169690768181,0.10236955440106,"BDKRB2",-0.3941938987721,0.140136132031517
"ENSG00000168427","KLHL30",2.60477641083285,9.09221302947016e-05,"KLHL30",2.74607355643086,7.26175785144359e-05
"ENSG00000168575","SLC20A2",-0.179327073992862,0.202621883008872,"SLC20A2",0.0593329833489422,0.73102279139446
"ENSG00000168610","STAT3",1.04435868024361,6.25084688001177e-38,"STAT3",1.03472950155778,4.44492536110208e-36
"ENSG00000168672","LRATD2",1.07026678899671,3.82445992191762e-07,"LRATD2",0.852678061802109,0.00212433275007412
"ENSG00000168685","IL7R",0.483061020094592,0.0131250189523118,"IL7R",0.957123820467557,5.27846308593507e-06
"ENSG00000168701","TMEM208",0.549551075396024,2.1846075711224e-08,"TMEM208",0.464624505373613,2.15524171368719e-06
"ENSG00000168734","PKIG",-0.259602749150103,0.12504979116098,"PKIG",-0.103765424354722,0.614504006288182
"ENSG00000168785","TSPAN5",-0.0908969904096106,0.51932864200339,"TSPAN5",-0.0711168113731565,0.626539255071859
"ENSG00000168824","NSG1",3.05786900744582,4.94341586473594e-16,"NSG1",3.13516908578277,1.25543141992929e-07
"ENSG00000168872","DDX19A",-0.259525743046252,0.00924132622974148,"DDX19A",0.0310701667406303,0.840169925689657
"ENSG00000168874","ATOH8",0.255047845946751,0.348095137550082,"ATOH8",-0.253161739535704,0.27947882913284
"ENSG00000168883","USP39",-0.450253729907142,8.4642415974726e-07,"USP39",-0.133022507228561,0.210744719008718
"ENSG00000168894","RNF181",0.423771840874516,0.000107224746765459,"RNF181",0.0286038768110889,0.876505584874217
"ENSG00000168936","TMEM129",-0.373939954351886,0.00604453095293189,"TMEM129",-0.625063296448619,3.56257866461428e-06
"ENSG00000168961","LGALS9",0.759952314736947,0.0110089560207178,"LGALS9",0.937272220412364,0.00238500152618989
"ENSG00000168994","PXDC1",-0.236029919193112,0.178279887611773,"PXDC1",-0.17481563835636,0.31224618535671
"ENSG00000169032","MAP2K1",-0.0453437183342604,0.810987340434836,"MAP2K1",0.0464522766922324,0.800399453939205
"ENSG00000169067","ACTBL2",2.83896104231454,4.73573900955232e-12,"ACTBL2",4.49201756470675,9.07974927154694e-20
"ENSG00000169084","DHRSX",-1.33036493514846,9.8887333727527e-26,"DHRSX",-1.20837025307952,1.00757273920446e-22
"ENSG00000169093","ASMTL",-0.0653010983260816,0.757581514771628,"ASMTL",-0.106235494726108,0.568175660545851
"ENSG00000169139","UBE2V2",-0.308195822604766,2.90475776445453e-06,"UBE2V2",-0.24475253470449,0.000272199208055966
"ENSG00000169217","CD2BP2",0.193793757696522,0.0511504480445445,"CD2BP2",0.0578893258194317,0.655480114594522
"ENSG00000169247","SH3TC2",-0.913270550706736,9.34493291656909e-07,"SH3TC2",-0.262947144780441,0.111640392351355
"ENSG00000169252","ADRB2",0.114268722546782,0.702344887516961,"ADRB2",-0.069164798219081,0.794003422012457
"ENSG00000169299","PGM2",-0.406898494162766,7.03773506231045e-05,"PGM2",-0.173119325448146,0.12774210047684
"ENSG00000169375","SIN3A",-0.262220782452686,0.00487031249226182,"SIN3A",0.00183254972223775,0.990308179714014
"ENSG00000169403","PTAFR",2.1738458580771,1.39894504158029e-06,"PTAFR",0.33530438510136,0.203942874385607
"ENSG00000169410","PTPN9",-0.681318327891445,1.17856463456048e-08,"PTPN9",-0.274411935152443,0.0167769181750706
"ENSG00000169509","CRCT1",0.0646259591240566,0.842115143500926,"CRCT1",-0.0304768726461104,0.917421833895451
"ENSG00000169564","PCBP1",-0.285552090450579,3.19927172763612e-06,"PCBP1",-0.148693881275844,0.0258306029389372
"ENSG00000169570","DTWD2",-0.446654839859823,0.0218054177814686,"DTWD2",-0.487716008738524,0.00895487176315959
"ENSG00000169604","ANTXR1",-0.404543173226008,0.0012400631919624,"ANTXR1",-0.449395473296106,0.000251835526903809
"ENSG00000169641","LUZP1",0.334833830571905,2.66804083871586e-05,"LUZP1",0.0572381123580362,0.609013583615644
"ENSG00000169684","CHRNA5",0.190900810631611,0.136170283324375,"CHRNA5",0.127388211819609,0.357617077721116
"ENSG00000169692","AGPAT2",0.520192843975309,0.000299778866565721,"AGPAT2",0.660203416876855,8.65518797563028e-06
"ENSG00000169714","CNBP",-0.343428965073,7.55846493947911e-07,"CNBP",-0.41959140369762,8.15502949030717e-10
"ENSG00000169718","DUS1L",0.227100388900687,0.0213919668389491,"DUS1L",0.201231475456133,0.0523541356709224
"ENSG00000169727","GPS1",0.160852127499675,0.0716847272756854,"GPS1",0.0964168236914275,0.33764108019436
"ENSG00000169750","RAC3",-0.338477247736189,0.107365393843044,"RAC3",-0.381410370426212,0.0362189124059999
"ENSG00000169752","NRG4",-0.00216684938373359,0.999769847841042,"NRG4",-0.0238370095147394,0.935099860793083
"ENSG00000169756","LIMS1",-0.185652740745695,0.0889107435059587,"LIMS1",0.0658202982189766,0.624707871907279
"ENSG00000169813","HNRNPF",-0.530280150865683,2.45631148589423e-14,"HNRNPF",-0.322276186177792,6.03604719735691e-06
"ENSG00000169851","PCDH7",1.45422669686551,4.73324633348128e-08,"PCDH7",2.0755666084262,7.28570482638782e-15
"ENSG00000169855","ROBO1",-0.679436440168984,9.20703460374389e-07,"ROBO1",-1.13241718337248,1.63232732430537e-14
"ENSG00000169857","AVEN",-0.590404219862058,6.68079988381524e-06,"AVEN",-0.785648277430337,3.81209513469028e-09
"ENSG00000169871","TRIM56",0.0215271394954359,0.890878044151392,"TRIM56",-0.143953625346421,0.161191531915296
"ENSG00000169908","TM4SF1",-0.0557447745532449,0.796160465624839,"TM4SF1",-0.0065140271118056,0.976255824430818
"ENSG00000169991","IFFO2",0.357829889712109,0.0182644395051208,"IFFO2",0.443319642899876,0.00299474090900574
"ENSG00000170027","YWHAG",-0.316491280758822,1.95361671393567e-06,"YWHAG",-0.252194510317765,0.000199132453449239
"ENSG00000170043","TRAPPC1",0.517297335043437,3.77812394524345e-07,"TRAPPC1",0.12910527569643,0.286387898886592
"ENSG00000170142","UBE2E1",-0.226697844682704,0.0208889367345985,"UBE2E1",-0.117460020953156,0.287001829898918
"ENSG00000170234","PWWP2A",-0.46304134944039,1.21538079956931e-08,"PWWP2A",-0.436261313493944,1.06607765982111e-07
"ENSG00000170310","STX8",-1.29958593769647,5.68158468676008e-18,"STX8",-2.43258662532946,4.22609280307464e-47
"ENSG00000170315","UBB",0.018157358306408,0.903764007661395,"UBB",-0.153919894337019,0.105190602372078
"ENSG00000170364","SETMAR",0.339018326185822,0.0241040379446029,"SETMAR",0.0155148688563368,0.944754696039847
"ENSG00000170421","KRT8",0.179472145259774,0.203154917081963,"KRT8",0.199898734370958,0.132706300816622
"ENSG00000170430","MGMT",-0.522572307549028,0.00581150033554204,"MGMT",-0.121761872990736,0.616688593336068
"ENSG00000170464","DNAJC18",0.326374707851601,0.00971431807976648,"DNAJC18",0.514010646554616,3.12400945745108e-05
"ENSG00000170471","RALGAPB",0.220583584490187,0.0255511791232878,"RALGAPB",0.212422226494326,0.0316174485679912
"ENSG00000170515","PA2G4",-0.167583703689123,0.00560149148871439,"PA2G4",-0.0380439791737956,0.649372855961192
"ENSG00000170522","ELOVL6",-0.702818192823951,3.08024549360116e-14,"ELOVL6",-0.433562800887285,1.63629596016312e-06
"ENSG00000170689","HOXB9",-0.386600665541734,0.00966523864522412,"HOXB9",-0.42890740903893,0.00354152141145443
"ENSG00000170734","POLH",0.483698884230739,1.33683167950863e-05,"POLH",0.706877346105274,2.76952638581905e-10
"ENSG00000170776","AKAP13",0.335859696829306,0.00162394015902248,"AKAP13",0.215907258188441,0.0513877555304381
"ENSG00000170832","USP32",-0.0923309126835908,0.596615922244648,"USP32",-0.103682237677982,0.522737671854119
"ENSG00000170836","PPM1D",1.41435942318512,1.77791743753106e-27,"PPM1D",1.58066279312369,1.64466052448736e-33
"ENSG00000170848","PSG6",0.137235603539102,0.62239253463495,"PSG6",0.0333638368390094,0.906618299242059
"ENSG00000170854","RIOX2",-0.277186954107422,0.00181819977485259,"RIOX2",-0.131688385690376,0.196592528379123
"ENSG00000170855","TRIAP1",0.908942376905752,2.88788501189206e-15,"TRIAP1",0.970977069081873,6.11262220640068e-17
"ENSG00000170860","LSM3",0.303253567555809,6.50348798489162e-06,"LSM3",0.225476695923061,0.00112994059575499
"ENSG00000170876","TMEM43",0.139520887534422,0.0922901863377892,"TMEM43",-0.128479550562452,0.136205702810781
"ENSG00000170917","NUDT6",-0.214605365971891,0.294296413945718,"NUDT6",-0.243066304231309,0.175310585187689
"ENSG00000171004","HS6ST2",-0.476512363042023,0.131893809037918,"HS6ST2",-2.26963211872005,0.000604308889491923
"ENSG00000171124","FUT3",-0.00543987809292574,0.996995311769592,"FUT3",-0.026794251494072,0.928067512304115
"ENSG00000171169","NAIF1",-0.405020181672821,0.00216475935461835,"NAIF1",-0.191179296072709,0.174573169915426
"ENSG00000171206","TRIM8",-0.0387237415293147,0.841034401519701,"TRIM8",0.0687173174320738,0.676537358873546
"ENSG00000171208","NETO2",-0.197344716477673,0.00593927016312963,"NETO2",0.0679905327264312,0.453496830553093
"ENSG00000171223","JUNB",0.840638322633405,6.80224377017431e-12,"JUNB",0.541682732031029,1.03640641957925e-05
"ENSG00000171302","CANT1",0.0584957289269632,0.605996961526015,"CANT1",-0.087817325821826,0.414295067881659
"ENSG00000171469","ZNF561",1.06299047089297,6.59432092912742e-20,"ZNF561",0.265046333206425,0.033836262621226
"ENSG00000171522","PTGER4",0.331259027229677,0.112181995216294,"PTGER4",0.0547951150350823,0.83326133184529
"ENSG00000171530","TBCA",-0.511934966912953,2.74254016366458e-11,"TBCA",-0.290968651555228,0.000219720827230819
"ENSG00000171552","BCL2L1",0.361757165918902,0.0114406537845292,"BCL2L1",0.603785140590304,2.01485188632303e-05
"ENSG00000171574","ZNF584",0.3749463162458,0.0107023054362149,"ZNF584",-0.169425224275992,0.28343960646051
"ENSG00000171617","ENC1",-0.434855905839405,0.00105833804661352,"ENC1",0.045490453201579,0.815641292643145
"ENSG00000171723","GPHN",-1.29594528293232,2.80418023961604e-18,"GPHN",-1.37644034933965,2.80507342742961e-18
"ENSG00000171724","VAT1L",-2.01749779523162,8.14982739303354e-06,"VAT1L",0.00312022859542561,0.991015901927586
"ENSG00000171848","RRM2",-0.810973183960075,3.80013511145889e-11,"RRM2",-0.146687000767775,0.285051490446522
"ENSG00000171862","PTEN",0.199510453225366,0.026868037532905,"PTEN",0.416241048464482,5.06857659033078e-07
"ENSG00000171865","RNASEH1",-0.638882225599078,3.55160600192022e-16,"RNASEH1",-0.679026046812992,9.64022483199359e-18
"ENSG00000171914","TLN2",-1.0671939749362,5.29844159464021e-17,"TLN2",-1.18491597171416,2.03505148390705e-21
"ENSG00000171992","SYNPO",1.13714479373327,5.80709328316378e-14,"SYNPO",1.43591243399872,9.13257396054693e-20
"ENSG00000172071","EIF2AK3",0.037243439714661,0.883945063202395,"EIF2AK3",0.0896949700865734,0.646666997663058
"ENSG00000172081","MOB3A",0.157780154713896,0.234892606858397,"MOB3A",0.431225392373529,0.000121304300534208
"ENSG00000172115","CYCS",-0.0835416273379599,0.385922014057091,"CYCS",-0.128714141752455,0.14091446747382
"ENSG00000172123","SLFN12",0.429379095987557,0.00767415295662496,"SLFN12",0.147858522466802,0.400976219845193
"ENSG00000172183","ISG20",0.170264454961076,0.461241147948697,"ISG20",-0.159179606368249,0.447297968633363
"ENSG00000172260","NEGR1",-1.17649475071256,3.27726510137632e-06,"NEGR1",-1.2831315041224,7.79580126078604e-07
"ENSG00000172339","ALG14",-0.873954329963291,1.35132885415312e-08,"ALG14",-0.959982108115011,2.10337606162006e-08
"ENSG00000172340","SUCLG2",-1.33673005735211,1.22404304560223e-34,"SUCLG2",-1.32354942586178,3.19986820197434e-34
"ENSG00000172354","GNB2",0.346137721931917,0.00523415116349618,"GNB2",0.288772983953123,0.0202285474483804
"ENSG00000172379","ARNT2",0.0960794902616109,0.672881235941251,"ARNT2",0.109096425750872,0.579512586227671
"ENSG00000172428","COPS9",0.558700850049528,2.09781008263267e-14,"COPS9",0.255626354430662,0.00100719110895594
"ENSG00000172469","MANEA",-0.526667526029694,0.000321524276992012,"MANEA",-0.566588475880901,0.000140409022135059
"ENSG00000172478","MAB21L4",0.0643327455135407,0.834310562825347,"MAB21L4",0.0935898773189065,0.68781171361369
"ENSG00000172493","AFF1",0.428520247500447,0.000847085202257386,"AFF1",0.340737866997101,0.00733993747829376
"ENSG00000172531","PPP1CA",0.282503613332702,0.00973495818999634,"PPP1CA",0.130083739256728,0.29001544952466
"ENSG00000172663","TMEM134",0.800217757163457,1.09676438771025e-08,"TMEM134",0.417374953030331,0.00401168385194847
"ENSG00000172725","CORO1B",0.0500789237086825,0.752488439005599,"CORO1B",0.0681626427433943,0.640372542680019
"ENSG00000172732","MUS81",-0.188735467247261,0.0683740122493691,"MUS81",0.0989699968550867,0.382845947433264
"ENSG00000172765","TMCC1",-0.0537096250105719,0.775526743808038,"TMCC1",0.0681991383265829,0.688368548909523
"ENSG00000172819","RARG",-0.117548240996924,0.494319796746579,"RARG",0.145656100956582,0.331095128155211
"ENSG00000172831","CES2",0.862109061597774,1.70226278460151e-13,"CES2",0.640980329048294,5.01114935356427e-08
"ENSG00000172890","NADSYN1",0.634201632840887,1.06117824326908e-07,"NADSYN1",0.387194567419554,0.00123288358341177
"ENSG00000172915","NBEA",-1.42554233616591,1.50474279874358e-14,"NBEA",-1.94819403733956,3.11776868904238e-21
"ENSG00000172927","MYEOV",-0.145038780386219,0.638133093995778,"MYEOV",-0.431532627642272,0.117290319341529
"ENSG00000172985","SH3RF3",-1.71457267117017,1.98446299907556e-11,"SH3RF3",-1.07584456625813,1.78944882816137e-06
"ENSG00000172986","GXYLT2",-0.513219517047287,0.000536865045766913,"GXYLT2",-0.127183572846402,0.448237377139898
"ENSG00000173083","HPSE",0.0472188515912654,0.859081075110575,"HPSE",0.487009092404354,0.0211105053729246
"ENSG00000173085","COQ2",-0.650614632964009,7.79907839448398e-10,"COQ2",-0.162866737610012,0.167687491666133
"ENSG00000173156","RHOD",-0.00578612590438925,0.996398737644695,"RHOD",-0.0273587444190659,0.926484200644979
"ENSG00000173163","COMMD1",-0.920544462096564,1.08694758122963e-16,"COMMD1",-2.08960294769334,9.69901619859697e-55
"ENSG00000173193","PARP14",0.468860063515405,0.00213522422186303,"PARP14",0.187912673165171,0.232728475577344
"ENSG00000173221","GLRX",0.194567237788059,0.262613419588737,"GLRX",0.40611258883401,0.00659117509939699
"ENSG00000173226","IQCB1",-0.000643213031663089,0.999769847841042,"IQCB1",0.222492833863179,0.0362785395229981
"ENSG00000173264","GPR137",0.626456881679759,3.31537700337986e-09,"GPR137",0.302869320851235,0.00661791809108034
"ENSG00000173281","PPP1R3B",-0.107720190887507,0.720638389155093,"PPP1R3B",-0.0360728997701519,0.901540307203732
"ENSG00000173409","ARV1",-0.547809033594226,3.07323586294585e-05,"ARV1",-0.472034277217457,0.000218653810381232
"ENSG00000173436","MICOS10",-0.332129178744104,7.69331706617166e-06,"MICOS10",-0.371608212609804,7.01051548488086e-07
"ENSG00000173473","SMARCC1",-0.422093821573791,2.34393239344677e-10,"SMARCC1",-0.210863979774455,0.00271494432901847
"ENSG00000173482","PTPRM",-0.645325874553454,0.000200175694865261,"PTPRM",-0.7634562109272,1.05061771505937e-05
"ENSG00000173559","NABP1",0.1047609997085,0.523945606897918,"NABP1",0.206892272686913,0.128684981399209
"ENSG00000173575","CHD2",0.209429248414033,0.0556601176641694,"CHD2",0.0228966348659252,0.896292205052537
"ENSG00000173588","CEP83",-0.3649370607225,0.00548498978053036,"CEP83",-0.481158083071951,0.000131675012243127
"ENSG00000173599","PC",-0.413525286983399,0.0796125546946382,"PC",-0.749638578758144,0.00466995408590367
"ENSG00000173638","SLC19A1",-0.304140674206312,0.0136643568296447,"SLC19A1",-0.0272156539644832,0.891937497809129
"ENSG00000173674","EIF1AX",-0.286452574007591,0.000111919753787371,"EIF1AX",-0.172611289046018,0.0291031381255582
"ENSG00000173702","MUC13",4.49744334745191,9.32062272158258e-17,"MUC13",3.1393004190085,1.4839607289918e-05
"ENSG00000173706","HEG1",-0.314858106948482,0.00320676305613843,"HEG1",-0.249078148947173,0.0203394632417705
"ENSG00000173744","AGFG1",0.141092846752508,0.0358880516386133,"AGFG1",0.316442151783655,1.91028018190034e-07
"ENSG00000173801","JUP",1.9033656233147,2.68292759020894e-19,"JUP",1.69141333034025,2.84430476199059e-16
"ENSG00000173846","PLK3",1.05333176124011,8.89256933411502e-19,"PLK3",1.2842825573448,5.44499778631351e-26
"ENSG00000173950","XXYLT1",-0.50406901342024,9.03687360417414e-05,"XXYLT1",-0.657918466005675,3.49317247552379e-07
"ENSG00000173992","CCS",1.04922462255962,7.98461160209502e-13,"CCS",0.699812811928101,9.61445600032677e-07
"ENSG00000174013","FBXO45",-0.283039693961053,0.000205638539054621,"FBXO45",-0.228202730259886,0.00359693718945346
"ENSG00000174173","TRMT10C",-0.0986368184540233,0.338648863944055,"TRMT10C",-0.250652842959617,0.00342109932761886
"ENSG00000174206","KICS2",-0.247739548477825,0.186121868561038,"KICS2",-0.451286033732164,0.00874212697673103
"ENSG00000174307","PHLDA3",0.876591529652641,1.00543317075368e-10,"PHLDA3",1.24962717403041,6.86799248610983e-20
"ENSG00000174500","GCSAM",0.00585379379016121,0.996205982628029,"GCSAM",-0.0163800721793881,0.951480039765083
"ENSG00000174567","GOLT1A",-0.056179754635457,0.863113731031093,"GOLT1A",-0.0292937375929617,0.920514462897585
"ENSG00000174579","MSL2",-0.421910638479103,5.12997376931484e-08,"MSL2",-0.25673528985384,0.00136522261355511
"ENSG00000174606","ANGEL2",-0.291806078584141,0.00178222673825733,"ANGEL2",-0.175034603708813,0.0745181366462702
"ENSG00000174628","IQCK",-0.319963341583696,0.190824444575111,"IQCK",-1.33549966011905,7.21711132813431e-05
"ENSG00000174749","FAM241A",-0.537496725991878,3.67591665102258e-05,"FAM241A",-0.235674002429514,0.0739469903236108
"ENSG00000174839","DENND6A",-0.721954077355122,3.32839935498934e-05,"DENND6A",0.0161500511247023,0.944158754890925
"ENSG00000174891","RSRC1",-0.908559081480503,2.73591328714851e-25,"RSRC1",-0.916474979258352,6.71531937149619e-26
"ENSG00000174903","RAB1B",-0.0199463019896301,0.874986909842174,"RAB1B",-0.0921070064413559,0.329311759396363
"ENSG00000175048","ZDHHC14",-1.47711321133891,2.96597402954411e-28,"ZDHHC14",-1.21208481088321,4.14792448392934e-23
"ENSG00000175105","ZNF654",0.318756378564069,0.011362070548893,"ZNF654",0.517846044103327,2.75358391890458e-05
"ENSG00000175182","FAM131A",0.0322696450670806,0.862736851720308,"FAM131A",0.33236220101338,0.00348330322077194
"ENSG00000175183","CSRP2",1.0281858835574,1.38848102515852e-10,"CSRP2",1.60609317312058,4.97099719426368e-25
"ENSG00000175198","PCCA",-1.30087692104725,1.07249845113929e-08,"PCCA",-1.88067801862304,9.78872443507667e-16
"ENSG00000175224","ATG13",0.595963245690173,5.0316328836095e-10,"ATG13",0.503898242666176,2.2575824124666e-07
"ENSG00000175279","CENPS",-0.234926552374921,0.0465181122581747,"CENPS",-0.316572822783524,0.00418722596303505
"ENSG00000175283","DOLK",0.577913305605583,7.19472226548553e-06,"DOLK",0.27495110539442,0.0417500946464808
"ENSG00000175294","CATSPER1",0.155434337693119,0.387957834737605,"CATSPER1",0.350837093909864,0.0170768401244754
"ENSG00000175315","CST6",0.0809512469830305,0.798123188421933,"CST6",0.0500150677954926,0.859168594802745
"ENSG00000175354","PTPN2",-0.202739967993757,0.0180155474683338,"PTPN2",-0.153373148040175,0.0809967266547523
"ENSG00000175395","ZNF25",-1.40153939690828,8.42201227405545e-08,"ZNF25",-0.892492084088067,0.000348777505936776
"ENSG00000175416","CLTB",0.069764692509096,0.640383563118453,"CLTB",0.182806387249522,0.120437371977359
"ENSG00000175471","MCTP1",-0.838835085575934,2.55091470579317e-05,"MCTP1",-0.660193504618398,0.000616682618569657
"ENSG00000175548","ALG10B",0.0481566246537893,0.830465353591741,"ALG10B",0.231597115672075,0.111250348422004
"ENSG00000175550","DRAP1",0.032522719588088,0.798099127261023,"DRAP1",-0.232099514934501,0.00584630129581454
"ENSG00000175600","SUGCT",1.5613095813011,5.07363986407919e-18,"SUGCT",2.05069002207447,4.66678234856127e-28
"ENSG00000175602","CCDC85B",0.24911450137429,0.196304046332065,"CCDC85B",0.172728546682543,0.349035154605978
"ENSG00000175701","MTLN",-0.457978999367136,0.000125527562708832,"MTLN",-0.498313645571034,2.82653051133757e-05
"ENSG00000175782","SLC35E3",0.402584636951782,1.03651822075153e-06,"SLC35E3",0.239380744445733,0.00559352284770524
"ENSG00000175792","RUVBL1",-0.348070893231804,5.46294628956063e-07,"RUVBL1",-0.149134162051288,0.0533726054241378
"ENSG00000175793","SFN",1.46578368420108,8.54722642487816e-13,"SFN",3.11989787046507,6.33389996775438e-43
"ENSG00000175806","MSRA",-1.06975797635866,5.27192726785005e-15,"MSRA",-2.0357978303885,1.54542641938229e-41
"ENSG00000175866","BAIAP2",0.550360710864526,3.69955204936446e-06,"BAIAP2",0.408469995726187,0.000636918477427663
"ENSG00000175906","ARL4D",0.346362020643745,0.0163034710970056,"ARL4D",0.459888349868493,0.000475149597315785
"ENSG00000175970","UNC119B",0.197320203479444,0.152392144236293,"UNC119B",-0.138488833552632,0.370223001562399
"ENSG00000175984","DENND2C",1.26019379566169,0.000912569527977782,"DENND2C",1.82841475266788,0.000617857322193065
"ENSG00000176022","B3GALT6",0.138874848572514,0.17354134272169,"B3GALT6",-0.000542471528141999,0.99740457539679
"ENSG00000176040","TMPRSS7",2.50761709668254,1.04015280542982e-09,"TMPRSS7",3.39415460420129,2.05978186101482e-12
"ENSG00000176055","MBLAC2",-0.596188064214912,0.000218251180680596,"MBLAC2",-0.782968587722251,2.88923913021678e-06
"ENSG00000176058","TPRN",0.812677989284719,8.83392964003348e-14,"TPRN",0.255457912381935,0.036553030043397
"ENSG00000176092","CRYBG2",1.42298789673341,0.000270081090700833,"CRYBG2",4.15791838627421,1.21239978055732e-09
"ENSG00000176102","CSTF3",0.177686812634685,0.0394085554584371,"CSTF3",0.22229371971107,0.0063690016338075
"ENSG00000176148","TCP11L1",0.801167334847503,1.13055450219162e-06,"TCP11L1",0.437690962195924,0.00732036118727486
"ENSG00000176171","BNIP3",-0.37573932976736,0.0158356345151854,"BNIP3",-0.097278547123818,0.597801820122503
"ENSG00000176209","SMIM19",0.15506483045589,0.46867609727183,"SMIM19",0.121958217991324,0.541743855980778
"ENSG00000176406","RIMS2",0.151849872485784,0.534191025787631,"RIMS2",0.432283038014351,0.0295896702189225
"ENSG00000176410","DNAJC30",0.276474820419712,0.00927585917377906,"DNAJC30",0.185395658950643,0.112153521423338
"ENSG00000176422","SPRYD4",0.411738608842739,5.13295167645305e-05,"SPRYD4",0.245802686626019,0.0194438073006458
"ENSG00000176485","PLAAT3",0.00505827751621727,0.995219486744725,"PLAAT3",0.169476791508133,0.349468979471966
"ENSG00000176597","B3GNT5",-0.148040970317785,0.234344357754787,"B3GNT5",-0.525477609359035,7.02570044455674e-07
"ENSG00000176619","LMNB2",-0.627043492003239,2.45490795395934e-11,"LMNB2",-0.189065384446148,0.0647220431529426
"ENSG00000176658","MYO1D",-0.410200003487484,0.104533115108634,"MYO1D",0.386390576145656,0.147912021441473
"ENSG00000176697","BDNF",-0.283223444758184,0.107445509582098,"BDNF",-0.114104004171482,0.547919328542032
"ENSG00000176783","RUFY1",-0.613402452325997,1.9555005026072e-09,"RUFY1",-0.629976272692784,8.76170826803334e-11
"ENSG00000176845","METRNL",0.540015555227469,1.75325974250956e-05,"METRNL",0.486568043298298,0.000122809682610177
"ENSG00000176871","WSB2",0.0434511325276207,0.753890248648504,"WSB2",0.0513352129652391,0.706074831931015
"ENSG00000176915","ANKLE2",0.0811717086695705,0.462242915862474,"ANKLE2",-0.137923280572193,0.155847032552091
"ENSG00000176986","SEC24C",0.117485144927215,0.29701757622147,"SEC24C",0.266424391422733,0.00552285638441977
"ENSG00000177082","WDR73",0.00138606859563026,0.999769847841042,"WDR73",-0.248274062844423,0.0377798888457479
"ENSG00000177106","EPS8L2",1.1423549556106,9.12173480047082e-09,"EPS8L2",1.46229176071978,2.16040340126634e-13
"ENSG00000177119","ANO6",-0.281933311051757,0.00817799062786223,"ANO6",-0.35034662823605,0.000640419671307552
"ENSG00000177156","TALDO1",-0.161958267813889,0.107279677011181,"TALDO1",-0.101087849872792,0.357617077721116
"ENSG00000177189","RPS6KA3",-0.584218707294275,4.46197917505293e-08,"RPS6KA3",-0.382992005138179,0.000473588240350526
"ENSG00000177192","PUS1",-0.554258096125349,3.02113276914426e-06,"PUS1",-0.54545903730821,1.03640641957925e-05
"ENSG00000177283","FZD8",-0.783671096058864,3.52601951328038e-06,"FZD8",-1.07555468980692,6.16167284019224e-10
"ENSG00000177311","ZBTB38",-0.222430877669222,0.0480322621955634,"ZBTB38",0.0142584646073874,0.936922036607694
"ENSG00000177337",NA,0.505232457076992,0.0017913358992893,NA,0.318647785624618,0.0411623337435014
"ENSG00000177485","ZBTB33",0.0398794137581136,0.804011403176455,"ZBTB33",-0.456486805943865,3.06483424983012e-05
"ENSG00000177494","ZBED2",0.471562765513818,0.131297774465643,"ZBED2",2.7328808163667,2.22153913200499e-13
"ENSG00000177556","ATOX1",0.435994112162336,3.49888336086337e-07,"ATOX1",0.325088000250631,0.000165226090614132
"ENSG00000177565","TBL1XR1",-0.351569703171364,1.18577953514376e-09,"TBL1XR1",-0.116705257520973,0.0801512488972495
"ENSG00000177595","PIDD1",0.547860182163429,0.00407017633318087,"PIDD1",0.353299916284008,0.0544211009858691
"ENSG00000177600","RPLP2",0.277920634151472,4.41804602651726e-08,"RPLP2",-0.0500953914675925,0.468039738454092
"ENSG00000177606","JUN",-0.479951526065008,5.03647266306698e-05,"JUN",-0.371606114902071,0.00146095376614347
"ENSG00000177646","ACAD9",-0.575672208164527,8.53105944420968e-09,"ACAD9",-0.497205287164266,6.78829515340871e-07
"ENSG00000177683","THAP5",-0.34745000500486,5.69435112061266e-05,"THAP5",-0.362089261629755,1.70156140144229e-05
"ENSG00000177707","NECTIN3",0.260683396067752,0.0163251076798211,"NECTIN3",0.219667462526096,0.0430926801435853
"ENSG00000177731","FLII",0.0884455920000443,0.532410192930522,"FLII",0.0287023070195828,0.87573329449233
"ENSG00000177732","SOX12",-0.223641550997821,0.0104236806968797,"SOX12",-0.147775737061162,0.108669081671564
"ENSG00000177733","HNRNPA0",-0.509559656977453,1.44178282259912e-12,"HNRNPA0",-0.388540542129991,7.63674929844737e-08
"ENSG00000177738","FLJ32255",-0.134664988106583,0.602946488606637,"FLJ32255",0.207905534924184,0.314744433611818
"ENSG00000177788","RAB4A-AS1",0.247041309437252,0.219080736760421,"RAB4A-AS1",0.500141813438242,0.00283904709175725
"ENSG00000177963","RIC8A",0.314397742609439,0.00110072801168405,"RIC8A",0.174788034045771,0.091476855507859
"ENSG00000178038","ALS2CL",0.872582184149021,0.000294991405219788,"ALS2CL",1.17754633690291,9.42085605994472e-05
"ENSG00000178053","MLF1",0.646485747309714,4.21421416914009e-10,"MLF1",0.41873231256205,0.000124313480868594
"ENSG00000178057","NDUFAF3",-0.0912587318621614,0.449021901766836,"NDUFAF3",-0.275455122028273,0.00408184545272718
"ENSG00000178096","BOLA1",0.0589330350148799,0.786776454520657,"BOLA1",0.0494258614870823,0.820749758767389
"ENSG00000178105","DDX10",-0.185787149610318,0.0180832300345655,"DDX10",0.0252197059918509,0.837059626339163
"ENSG00000178177","LCORL",-0.710894166590819,3.86565844630274e-10,"LCORL",-0.623974168480092,2.83920715569704e-08
"ENSG00000178184","PARD6G",0.479392508434142,0.00437811591417263,"PARD6G",0.812044203739801,1.97971066161121e-06
"ENSG00000178209","PLEC",0.048966963439393,0.830465353591741,"PLEC",-0.142807202495773,0.393975902518284
"ENSG00000178385","PLEKHM3",-0.0797939424419557,0.73764159561201,"PLEKHM3",-0.294356934773477,0.0846759327180699
"ENSG00000178409","BEND3",-0.422400840831159,0.00934763834043499,"BEND3",-0.829062816208592,7.11542313762131e-06
"ENSG00000178425","NT5DC1",-0.676196913677339,1.03101965906068e-09,"NT5DC1",-0.50515891231576,3.06675126931326e-06
"ENSG00000178498","DTX3",0.497810454435088,0.00039084963493133,"DTX3",0.595419191751202,1.81365559031203e-05
"ENSG00000178585","CTNNBIP1",-0.701180427313805,3.44078145660134e-07,"CTNNBIP1",-0.241442400332086,0.0638248286441097
"ENSG00000178776","C5orf46",1.48407660453466,7.45268845610049e-10,"C5orf46",2.34607202371098,4.14948709671568e-21
"ENSG00000178826","TMEM139",0.113037702129352,0.709661896744401,"TMEM139",0.218804098650263,0.35726187534982
"ENSG00000178904","DPY19L3",-1.00771255420162,1.59124260392351e-10,"DPY19L3",-0.468050864427662,0.000833871300355182
"ENSG00000178922","HYI",-0.348683266900131,0.00177839347758513,"HYI",-0.220409325603001,0.055054739197678
"ENSG00000178927","CYBC1",0.274479842202323,0.0206963752170837,"CYBC1",0.30090090685894,0.00844311535517305
"ENSG00000178988","MRFAP1L1",-0.236411803680706,0.0204601649187463,"MRFAP1L1",-0.187319050906725,0.0705495134416503
"ENSG00000179041","RRS1",0.0587502491492784,0.630579023779199,"RRS1",0.25677254151832,0.00449782256887659
"ENSG00000179046","TRIML2",0.731476116844417,5.76514418912875e-05,"TRIML2",0.944780935747592,0.0022427063640062
"ENSG00000179104","TMTC2",-1.28192000938399,8.35722697790284e-07,"TMTC2",-1.46569530820099,6.57523415228589e-08
"ENSG00000179152","TCAIM",1.05092070878606,4.56134100334508e-17,"TCAIM",1.01810665246501,2.4643189955787e-14
"ENSG00000179163","FUCA1",2.49650342176337,3.99349541951718e-42,"FUCA1",1.99261865855255,4.48792794663287e-33
"ENSG00000179178","TMEM125",0.0230645234826253,0.954865740724553,"TMEM125",-0.0754956665350309,0.77031496690415
"ENSG00000179241","LDLRAD3",-0.488570346700856,4.56819021740683e-06,"LDLRAD3",-0.320606524500311,0.00340726144675354
"ENSG00000179242","CDH4",-4.98371012578153,1.3374656666578e-11,"CDH4",-3.37191920854763,1.24290600632405e-17
"ENSG00000179271","GADD45GIP1",0.276625016245143,0.000129839015870166,"GADD45GIP1",0.157288840749022,0.0456362109489863
"ENSG00000179431","FJX1",-0.315563011709822,0.0114814283115502,"FJX1",-0.0900474032788133,0.543746181569626
"ENSG00000179523","EIF3J-DT",0.460101546703653,0.00440495599656693,"EIF3J-DT",0.322841802496302,0.0407629155690917
"ENSG00000179546","HTR1D",0.688631958514706,1.01922554347946e-06,"HTR1D",0.815190637239781,2.36056025053395e-08
"ENSG00000179627","ZBTB42",0.20082996498013,0.375029322979055,"ZBTB42",0.172362143917727,0.369795156086878
"ENSG00000179820","MYADM",0.362416001043907,0.00635436606500943,"MYADM",0.34162380612348,0.00832048935572752
"ENSG00000179886","TIGD5",-0.407246206736036,0.00397261893454184,"TIGD5",0.155411016992946,0.309779208744513
"ENSG00000179912","R3HDM2",-1.02447405393793,6.22228496583293e-12,"R3HDM2",-0.486265688204727,0.00059514721661052
"ENSG00000179913","B3GNT3",0.528581619154975,0.0981498798081618,"B3GNT3",-0.0217662266782481,0.939094305881502
"ENSG00000179918","SEPHS2",-0.094770592673945,0.266070362478396,"SEPHS2",-0.0614623206804123,0.516538381194591
"ENSG00000179958","DCTPP1",-0.423307515128047,0.000239804866438782,"DCTPP1",-0.390503528401799,0.00050703721828673
"ENSG00000179981","TSHZ1",-0.315362956984219,0.0133616110629033,"TSHZ1",-0.0342618991218104,0.860361342212185
"ENSG00000180008","SOCS4",0.474750967063027,5.20185042157913e-06,"SOCS4",0.191464935008394,0.0927434486636925
"ENSG00000180011","PTGR3",-0.15818678260551,0.106445970042041,"PTGR3",-0.104074948167312,0.332121287951694
"ENSG00000180198","RCC1",-0.450627681579492,7.35915799274832e-06,"RCC1",0.0197388591022513,0.911798147567284
"ENSG00000180263","FGD6",0.28646158318576,0.0253894961116468,"FGD6",0.325928102678456,0.0096077352119609
"ENSG00000180376","CCDC66",-0.0744878927766755,0.570827344693016,"CCDC66",-0.23058532265164,0.0231815558345741
"ENSG00000180488","MIGA1",0.480834953270906,2.79563648709574e-06,"MIGA1",0.475351892005785,3.68153703976157e-06
"ENSG00000180628","PCGF5",0.217235445393921,0.0192383412924213,"PCGF5",0.17523978801947,0.0652954968552654
"ENSG00000180900","SCRIB",0.40118492657111,2.44518581258792e-05,"SCRIB",0.47924882037883,4.64968156785629e-07
"ENSG00000181026","AEN",0.255021631728145,0.0345874153877735,"AEN",0.569050227515429,5.54859634158974e-07
"ENSG00000181090","EHMT1",-0.181599892814298,0.0973048173206895,"EHMT1",-0.0819037957211163,0.522554658845213
"ENSG00000181104","F2R",-0.583827682159193,0.00115675229395392,"F2R",-0.129616336383231,0.487440072256252
"ENSG00000181143","MUC16",-0.0196334229078922,0.963499881490287,"MUC16",-0.156362789025123,0.503250469970227
"ENSG00000181163","NPM1",-0.613686207680399,1.57569316438006e-15,"NPM1",-0.613503699922198,1.75846028155879e-15
"ENSG00000181264","TLCD5",0.20966723605016,0.116069272679643,"TLCD5",0.204300111074836,0.0986558161767973
"ENSG00000181396","OGFOD3",-0.0903720673261419,0.361789173536227,"OGFOD3",-0.0498807166950081,0.667446390856862
"ENSG00000181458","TMEM45A",0.758267914600122,0.00208953368862228,"TMEM45A",1.93962928579191,1.84958316281568e-12
"ENSG00000181467","RAP2B",-0.456570920216498,4.43256135617572e-07,"RAP2B",-0.268482664713237,0.00397751788988864
"ENSG00000181634","TNFSF15",-0.00904786943618125,0.990128411449264,"TNFSF15",-0.197571433291667,0.397768083869119
"ENSG00000181704","YIPF6",0.0558164288585059,0.700728365153917,"YIPF6",0.105700134385466,0.380304088498789
"ENSG00000181722","ZBTB20",-0.124275122881209,0.519571233392219,"ZBTB20",-0.0519506870843109,0.813730657554189
"ENSG00000181894","ZNF329",0.410589560810161,0.0196834920054928,"ZNF329",0.254726426394211,0.141768439528107
"ENSG00000181938","GINS3",0.0264544940368012,0.900608371209524,"GINS3",-0.269609562960253,0.0413343918290998
"ENSG00000182010","RTKN2",-0.678423543942742,5.04414038276038e-06,"RTKN2",0.0330553484815511,0.878704284082242
"ENSG00000182022","CHST15",0.066171067576539,0.794904449825263,"CHST15",0.251192366853947,0.135173314816503
"ENSG00000182117","NOP10",0.0482655314118485,0.759296899269601,"NOP10",0.0974881638709871,0.454217502748058
"ENSG00000182154","MRPL41",0.267518809087652,0.0175248916613564,"MRPL41",0.325975677697903,0.00242485666180949
"ENSG00000182195","LDOC1",0.315306598127665,0.000109270443474073,"LDOC1",-0.0053763150103324,0.968910536424489
"ENSG00000182197","EXT1",-0.478908556070618,2.08102062856852e-10,"EXT1",0.00314993044285248,0.9808821888354
"ENSG00000182220","ATP6AP2",0.907700839075568,2.34433026906119e-25,"ATP6AP2",0.449500591901696,3.40454443601698e-07
"ENSG00000182240","BACE2",-0.533333408240118,5.41127879719858e-09,"BACE2",-0.854379845257272,1.6230435858728e-18
"ENSG00000182307","C8orf33",-0.0523003051851946,0.638683040080548,"C8orf33",-0.145303012695775,0.104589766752485
"ENSG00000182378","PLCXD1",-0.0924386602246305,0.66121020536521,"PLCXD1",-0.494386112268051,0.001906146489612
"ENSG00000182473","EXOC7",0.355906120143002,0.000677931205448958,"EXOC7",0.245018406121929,0.0234468692694697
"ENSG00000182541","LIMK2",0.320203244685766,0.0170555132418108,"LIMK2",0.154149153355886,0.296108919762691
"ENSG00000182580","EPHB3",2.65670976387596,4.77425109937732e-20,"EPHB3",1.72773381966502,1.44966038791229e-05
"ENSG00000182606","TRAK1",-0.000187723616440967,0.999939998058786,"TRAK1",-0.0323352052070703,0.846545135809631
"ENSG00000182612","TSPAN10",2.13086733366333,2.33046412183696e-22,"TSPAN10",1.92002367842527,4.34409479953317e-15
"ENSG00000182687","GALR2",2.80033158154133,2.34315723273341e-09,"GALR2",3.29095584509165,7.1265294339795e-08
"ENSG00000182718","ANXA2",-0.381786572629026,0.00178222673825733,"ANXA2",-0.571672341649884,1.93848851727014e-06
"ENSG00000182795","C1orf116",2.80572516353734,8.67834543630045e-07,"C1orf116",1.62336481003657,0.00154543547253973
"ENSG00000182809","CRIP2",0.19843219323265,0.166465564170467,"CRIP2",0.123593928714387,0.405647063808885
"ENSG00000182827","ACBD3",0.284597019596481,3.07446674757049e-05,"ACBD3",0.260922919168744,0.000163358146292375
"ENSG00000182944","EWSR1",-0.244812791799138,0.000498884325347834,"EWSR1",0.0133871873150938,0.916329294850374
"ENSG00000182952","HMGN4",-0.209957994102978,0.0564471031817102,"HMGN4",-0.237377869772365,0.0262359481385321
"ENSG00000182963","GJC1",-0.31459101305691,0.00415947273212872,"GJC1",0.00809800870708817,0.961694002715676
"ENSG00000183010","PYCR1",-0.965747230172771,4.58819312187362e-15,"PYCR1",-1.00336414681402,1.00751398278658e-15
"ENSG00000183072","NKX2-5",1.52932219945851,1.45524695720639e-31,"NKX2-5",1.05852143314135,4.96084558956987e-14
"ENSG00000183155","RABIF",0.204214286783559,0.163503722331697,"RABIF",0.402908036379258,0.00177812795159103
"ENSG00000183255","PTTG1IP",-0.0802752490520834,0.612775762930491,"PTTG1IP",0.0120149466758475,0.948757702774832
"ENSG00000183287","CCBE1",-1.91304158055967,7.24740195994165e-30,"CCBE1",-2.20031757946583,9.03574962832258e-36
"ENSG00000183421","RIPK4",1.92297353997294,2.10378554186829e-09,"RIPK4",0.499447036513536,0.0443430592135383
"ENSG00000183508","TENT5C",0.495518386450595,0.0755906927455053,"TENT5C",0.463256501938393,0.0818060070802305
"ENSG00000183520","UTP11",-0.220589123881242,0.0359956775246184,"UTP11",0.0301807194734971,0.851661447784212
"ENSG00000183527","PSMG1",-0.438125470831131,4.0279871107033e-08,"PSMG1",-0.128921262955218,0.159599386200358
"ENSG00000183605","SFXN4",0.0908292063743238,0.386974506072194,"SFXN4",0.146827652897161,0.127810896419121
"ENSG00000183624","HMCES",0.388191561027321,7.49897623886807e-05,"HMCES",0.733130076500334,1.49984076292436e-13
"ENSG00000183647","ZNF530",0.619438530297105,3.36061344759351e-06,"ZNF530",0.655387238206932,9.63933206268023e-07
"ENSG00000183726","TMEM50A",0.365367319500166,7.07946001867135e-06,"TMEM50A",0.286657428537116,0.000566589850099483
"ENSG00000183742","MACC1",0.0246358305809323,0.95068715659488,"MACC1",-0.201875795964922,0.397115060151703
"ENSG00000183778","B3GALT5",0.17870691763433,0.420267028715253,"B3GALT5",0.38069538093672,0.040760881300266
"ENSG00000183780","SLC35F3",-1.45249695038052,2.9993793726021e-10,"SLC35F3",-0.776959901058695,0.000156844067587789
"ENSG00000183826","BTBD9",-0.825491494867907,5.07810097459115e-06,"BTBD9",-0.76983140290895,7.88871712601404e-05
"ENSG00000183955","KMT5A",-0.230957964189484,0.00663182668574386,"KMT5A",-0.272964424692926,0.00101260312778137
"ENSG00000183963","SMTN",0.195101310071853,0.170843795394605,"SMTN",0.0427501694931051,0.826720435198578
"ENSG00000184005","ST6GALNAC3",-0.385841770586734,0.189946117808512,"ST6GALNAC3",-0.0180836127483017,0.947730740792265
"ENSG00000184007","PTP4A2",-0.631427187983119,3.31409137062907e-30,"PTP4A2",-0.433177515041125,6.37098423708895e-15
"ENSG00000184009","ACTG1",-0.38666103160773,0.00157875354694272,"ACTG1",-0.215053257645233,0.0890246040064876
"ENSG00000184117","NIPSNAP1",-0.137314503640469,0.461241147948697,"NIPSNAP1",-0.323186986585511,0.0335319900767377
"ENSG00000184178","SCFD2",-1.79512599376496,2.30527766601038e-51,"SCFD2",-2.64999731504397,1.45695057948648e-68
"ENSG00000184207","PGP",-0.421294531939957,1.2020892509553e-05,"PGP",-0.269604563407716,0.00573071636951872
"ENSG00000184220","CMSS1",-1.42578663370174,4.99326959128038e-79,"CMSS1",-1.37000090419441,2.09936319003554e-74
"ENSG00000184232","OAF",-0.683342027128887,9.12800930907479e-20,"OAF",-0.713151057712191,2.6220973292991e-20
"ENSG00000184254","ALDH1A3",1.0333302547148,1.11776652589817e-05,"ALDH1A3",0.193423515175918,0.434771965490462
"ENSG00000184292","TACSTD2",-0.0118397056845586,0.983772392970263,"TACSTD2",-0.0733999323743075,0.779315346657787
"ENSG00000184347","SLIT3",-0.130467038156647,0.659367325374804,"SLIT3",-0.257324576143333,0.284854638394204
"ENSG00000184349","EFNA5",-0.516822266230653,4.29230310109777e-07,"EFNA5",-0.076915845400282,0.561483573040276
"ENSG00000184470","TXNRD2",-0.196086484599566,0.189780113289761,"TXNRD2",0.266889066507367,0.0489001619115004
"ENSG00000184502","GAST",2.42428435760192,0.00015763413419991,"GAST",0.862912222511714,0.0240157343255606
"ENSG00000184557","SOCS3",-0.273367327624805,0.158086988511622,"SOCS3",-0.135943302976879,0.493006865701506
"ENSG00000184564","SLITRK6",2.00988304421847,0.000275315215049925,"SLITRK6",2.43696350383687,7.79297103988925e-05
"ENSG00000184574","LPAR5",0.378922081238097,0.202146087605567,"LPAR5",1.41869610041342,0.0001268083759002
"ENSG00000184584","STING1",0.883898697826808,4.01408076692993e-12,"STING1",0.746780197877806,1.65430815224589e-08
"ENSG00000184787","UBE2G2",-0.537913769299032,4.21431005843532e-15,"UBE2G2",-0.287414182326912,4.17191084217787e-05
"ENSG00000184792","OSBP2",-0.933942146219249,1.24755720024174e-05,"OSBP2",-0.436315598131778,0.0126706167540233
"ENSG00000184860","SDR42E1",0.361830879144353,0.0685664318529506,"SDR42E1",0.15103232562538,0.424193631705322
"ENSG00000184903","IMMP2L",-1.74906855284858,9.73242789230421e-12,"IMMP2L",-1.91655894195554,1.74907611863728e-09
"ENSG00000185000","DGAT1",0.482996395720708,0.000919417030422292,"DGAT1",0.406377121861146,0.00581836334688357
"ENSG00000185022","MAFF",-0.0776278815588504,0.625106556482216,"MAFF",-0.411017566065146,0.00046316655176486
"ENSG00000185033","SEMA4B",-0.646354065671915,5.09276772141878e-06,"SEMA4B",-0.587917160582638,4.4980461953937e-05
"ENSG00000185088","RPS27L",0.480690487537918,0.000289920573578149,"RPS27L",0.515206886639781,8.18557948594334e-05
"ENSG00000185104","FAF1",-1.33032190524419,1.76251968538674e-65,"FAF1",-1.44255795491437,1.41870898182197e-75
"ENSG00000185219","ZNF445",0.30325663753613,0.0131147146665745,"ZNF445",0.185967457057502,0.148262948281398
"ENSG00000185262","UBALD2",-0.219202134132228,0.0814276163210078,"UBALD2",-0.222367147197391,0.0671874569030442
"ENSG00000185298","CCDC137",-0.0374322433096042,0.770787159602914,"CCDC137",-0.191203808501623,0.0338365244125325
"ENSG00000185305","ARL15",-0.639879722387052,0.00741268732016033,"ARL15",-1.07324397785878,0.00382012967207376
"ENSG00000185338","SOCS1",0.058089084301713,0.867645002428146,"SOCS1",0.0322701323049483,0.917725389476728
"ENSG00000185359","HGS",-0.128250105651955,0.211919122477045,"HGS",-0.0108562279848838,0.94186622791049
"ENSG00000185361","TNFAIP8L1",-0.348928682225916,0.0223064777378971,"TNFAIP8L1",-0.400126108816661,0.00871302087312879
"ENSG00000185379","RAD51D",-0.271493838704084,0.016996880073528,"RAD51D",-0.333532238970069,0.00201720745051732
"ENSG00000185386","MAPK11",-0.0368026148018937,0.869677229500223,"MAPK11",-0.148897750500457,0.364012929435116
"ENSG00000185414","MRPL30",-0.24722682733107,0.0111321395925709,"MRPL30",-0.297839148467664,0.00145777769336275
"ENSG00000185420","SMYD3",-1.17435201440757,2.36451728375141e-13,"SMYD3",-1.62104768879014,2.8705476264429e-24
"ENSG00000185467","KPNA7",0.193368722741018,0.506812425725769,"KPNA7",0.220509326469217,0.364907905834153
"ENSG00000185479","KRT6B",-0.0185432586659701,0.966740301224219,"KRT6B",-0.0376397817367808,0.897131718402296
"ENSG00000185480","PARPBP",-0.725594549229203,4.68042642205056e-07,"PARPBP",-0.795623040371566,5.04656706421015e-08
"ENSG00000185495",NA,0.673442912140325,0.0265653215610961,NA,0.327449917347557,0.162559040797703
"ENSG00000185515","BRCC3",-0.436416562750806,6.17152873096990e-09,"BRCC3",-0.20172574718181,0.0131465275846122
"ENSG00000185561","TLCD2",1.13915285981833,3.52695895982385e-09,"TLCD2",0.471988765784594,0.00985114086575324
"ENSG00000185630","PBX1",-0.0156364565277576,0.977942774654003,"PBX1",0.0524302447223507,0.862827967724018
"ENSG00000185651","UBE2L3",-0.517318187578487,4.92027565342748e-12,"UBE2L3",-0.290861721051835,0.00016618527340258
"ENSG00000185664","PMEL",0.339250771558222,0.251749343576578,"PMEL",0.466120047145663,0.0867274337277331
"ENSG00000185716","MOSMO",-0.332074390034689,0.00239277471205302,"MOSMO",-0.310558610913278,0.00418722596303505
"ENSG00000185721","DRG1",0.212676852862851,0.0123261825913524,"DRG1",0.247500626159261,0.00275632387176762
"ENSG00000185722","ANKFY1",-0.237154948002994,0.0175371052246985,"ANKFY1",-0.420351152804313,7.98254437579222e-06
"ENSG00000185761","ADAMTSL5",0.78627842723908,2.07975838064115e-05,"ADAMTSL5",0.362792172250047,0.0297042843503214
"ENSG00000185803","SLC52A2",0.366493451366537,0.000298266569043309,"SLC52A2",0.408485759913086,4.6689042326745e-05
"ENSG00000185860","CCDC190",0.683716489926061,0.0036707938080496,"CCDC190",1.6551621259929,3.25687560695433e-08
"ENSG00000185862","EVI2B",1.0751455755862,5.5430190127745e-11,"EVI2B",1.69063091453605,8.38144721124492e-25
"ENSG00000185880","TRIM69",0.0191176228553078,0.945776975987625,"TRIM69",-0.0762329328842154,0.691798126006853
"ENSG00000185896","LAMP1",0.550212496168497,3.55698811533213e-14,"LAMP1",0.306626709570702,4.20143876570373e-05
"ENSG00000185924","RTN4RL1",-0.865260993354522,0.00860736070317267,"RTN4RL1",-0.939392306604633,0.0138362581885078
"ENSG00000185947","ZNF267",0.516897671254996,3.87238701187296e-07,"ZNF267",0.105437910529499,0.414920557434349
"ENSG00000185950","IRS2",0.778156548815561,1.04328631082153e-05,"IRS2",0.602399804504711,0.000495819006144914
"ENSG00000186166","CENATAC",0.452758002588528,0.00750743436700245,"CENATAC",0.490962916033034,0.00276720428188552
"ENSG00000186193","SAPCD2",-0.749185970658455,2.34900984918982e-06,"SAPCD2",-0.358329541504413,0.0162073939310537
"ENSG00000186222","BLOC1S4",0.0979830511237226,0.474480365640594,"BLOC1S4",-0.230069231250121,0.0434690217981456
"ENSG00000186226","LCE1E",3.86074374390146,8.49697175309607e-18,"LCE1E",4.03005064854157,5.2611055519646e-10
"ENSG00000186314","PRELID2",-0.306730333041999,0.0440667788799796,"PRELID2",-0.00862559268495103,0.967836157005032
"ENSG00000186318","BACE1",0.0378000602809602,0.874986909842174,"BACE1",-0.0788300695129196,0.685249523278966
"ENSG00000186350","RXRA",0.308929927703273,0.0033120310861457,"RXRA",0.152248437133276,0.175987535905143
"ENSG00000186416","NKRF",0.062987784304955,0.667215319214473,"NKRF",0.0503628734182284,0.749343413534026
"ENSG00000186470","BTN3A2",0.00859907929488099,0.979680087205806,"BTN3A2",-0.00295246924375563,0.9885489970389
"ENSG00000186472","PCLO",-0.154077889231136,0.502384441189931,"PCLO",-0.025196757161718,0.92885519773273
"ENSG00000186567","CEACAM19",0.0963652935688282,0.773879217084317,"CEACAM19",0.16526229595316,0.483799635792078
"ENSG00000186577","SMIM29",0.0142859683870251,0.948119282360362,"SMIM29",0.0392531347284817,0.82268130444432
"ENSG00000186594","MIR22HG",-0.0370727760598584,0.888502311626058,"MIR22HG",-0.208394714337458,0.229368598559311
"ENSG00000186635","ARAP1",-0.348370128419473,0.00195935696012364,"ARAP1",0.0396813762141437,0.817725394301372
"ENSG00000186660","ZFP91",-0.0914193768492459,0.373506888733113,"ZFP91",0.0513067786289293,0.656747740990687
"ENSG00000186665","C17orf58",-0.0826890778078005,0.593552752307499,"C17orf58",-0.129114249841291,0.345817858960619
"ENSG00000186687","LYRM7",-0.648456872511622,1.12516950291156e-17,"LYRM7",-0.75700899044451,4.72810736481545e-23
"ENSG00000186787","SPIN2B",0.413075691556166,0.0416717017363905,"SPIN2B",0.178355068027577,0.363013779892413
"ENSG00000186832","KRT16",0.0683763953420793,0.833411555811308,"KRT16",0.244615573792091,0.333049910752133
"ENSG00000186834","HEXIM1",-0.0127625242891939,0.95068715659488,"HEXIM1",-0.0092879120049705,0.95579973201691
"ENSG00000186868","MAPT",-0.00190446101864188,0.999769847841042,"MAPT",-1.02830671220017,0.0147392694786797
"ENSG00000187079","TEAD1",0.0437258675641142,0.809309901437106,"TEAD1",0.168559028526539,0.188610503867886
"ENSG00000187098","MITF",1.32126001780252,1.03000167349034e-15,"MITF",2.30577307768475,2.2440325300197e-41
"ENSG00000187109","NAP1L1",-0.382872260997128,1.58889605289098e-15,"NAP1L1",-0.387201881819179,5.54957770040728e-16
"ENSG00000187118","CMC1",-0.35588132396558,0.00262790993136131,"CMC1",-0.101732329503876,0.46575233733762
"ENSG00000187193","MT1X",0.0892347379627103,0.655976433455398,"MT1X",-0.308753241010949,0.0401119998782327
"ENSG00000187239","FNBP1",-0.0448015672903215,0.771589990185386,"FNBP1",0.113040759628492,0.350916036145747
"ENSG00000187240","DYNC2H1",-0.293673255288228,0.0195717187641853,"DYNC2H1",-0.31643466596964,0.00946117115038342
"ENSG00000187514","PTMA",-0.514616494652653,3.09920313481167e-10,"PTMA",-0.352278562572523,1.88657869162322e-05
"ENSG00000187583","PLEKHN1",0.761302121904368,3.1604088035725e-08,"PLEKHN1",1.01048103994825,1.07572205868456e-10
"ENSG00000187608","ISG15",1.95258535697614,1.01626569209588e-29,"ISG15",1.33096710147926,5.63493903145259e-14
"ENSG00000187634","SAMD11",0.334493550064971,0.256973850647361,"SAMD11",0.354371122448819,0.185848623995491
"ENSG00000187736","NHEJ1",-0.355393515556721,0.0281028201497429,"NHEJ1",-0.281296170140637,0.0703157213047805
"ENSG00000187800","PEAR1",0.2477496363328,0.288357306050721,"PEAR1",0.285547143878369,0.182606498075247
"ENSG00000187957","DNER",-0.577612964642682,4.85887232435167e-07,"DNER",-0.473985986913575,2.13036645485519e-05
"ENSG00000187994","RINL",1.17203880715935,7.78009246760657e-07,"RINL",1.16147208100855,9.19262768244036e-09
"ENSG00000188001","TPRG1",0.546335530172386,0.0908976498715757,"TPRG1",0.12645955110459,0.61768936992331
"ENSG00000188112","C6orf132",-0.162170564975426,0.567201194576427,"C6orf132",0.0780830254538816,0.761865191565698
"ENSG00000188158","NHS",-0.59285565823875,6.98314518817081e-07,"NHS",-0.00209454699154373,0.990909441796039
"ENSG00000188215","DCUN1D3",0.620601833841452,6.83168033430481e-05,"DCUN1D3",0.684376042899493,2.22725274408803e-05
"ENSG00000188312","CENPP",-0.684529851217426,1.23095017641204e-05,"CENPP",-0.642422001988865,3.21493990333928e-05
"ENSG00000188486","H2AX",-0.571308054963684,1.31742525448668e-06,"H2AX",-0.0812717658207332,0.597801820122503
"ENSG00000188529","SRSF10",-0.503912222570512,1.16293024420536e-18,"SRSF10",-0.37543206666293,3.64521486732254e-11
"ENSG00000188549","CCDC9B",-0.383667125876728,0.0637895172452896,"CCDC9B",-0.106176901940332,0.629280297999117
"ENSG00000188554","NBR1",0.227739301990854,0.0140757521647782,"NBR1",0.270234974850706,0.00267210366628699
"ENSG00000188559","RALGAPA2",-0.857027539748466,4.61463697129153e-06,"RALGAPA2",-1.50203025132356,1.29620611610834e-08
"ENSG00000188613","NANOS1",0.716160577332127,0.00700010851519306,"NANOS1",0.307881831019615,0.205026143886831
"ENSG00000188636","RTL6",-0.242210116516429,0.0680240587105839,"RTL6",-0.143387845821366,0.308195680190873
"ENSG00000188641","DPYD",-1.40890340912535,2.47522559430637e-09,"DPYD",-1.62644883626336,1.46848362430812e-13
"ENSG00000188643","S100A16",-0.297121836828365,0.000700059766365022,"S100A16",-0.442448969655226,1.50264558016963e-07
"ENSG00000188677","PARVB",-0.307234214040042,0.00192117910547232,"PARVB",-0.366359692852131,0.000119793231374467
"ENSG00000188735","TMEM120B",-0.289044000907975,0.0358955911070597,"TMEM120B",-0.453287341915615,0.000757495082940631
"ENSG00000188825","LINC00910",2.25952145840931,1.27485130009007e-16,"LINC00910",3.23278770237906,2.53410687716201e-25
"ENSG00000188859","FAM78B",-1.81651302585093,5.65114901256451e-08,"FAM78B",-1.41170019963082,0.000219612731758156
"ENSG00000188910","GJB3",0.533091389629048,0.0972391332821777,"GJB3",0.232501619883777,0.332011593415617
"ENSG00000189043","NDUFA4",0.467448310998536,5.80442243502185e-06,"NDUFA4",0.184428797120028,0.0994728581944273
"ENSG00000189057","FAM111B",-1.40513147616536,3.09975555597683e-22,"FAM111B",-1.3927663378339,5.50543034862836e-22
"ENSG00000189060","H1-0",-1.42663838358075,6.78302160058161e-21,"H1-0",-0.670792091627525,7.00288418061377e-06
"ENSG00000189077","TMEM120A",0.589263094240192,3.4119920465491e-06,"TMEM120A",0.579651073072491,1.21004301577221e-05
"ENSG00000189143","CLDN4",-0.255814475514286,0.39247485320946,"CLDN4",0.190194389556885,0.444196351273616
"ENSG00000189159","JPT1",-0.050923571158028,0.733309556316864,"JPT1",0.0731312289044466,0.590076097756341
"ENSG00000189171","S100A13",0.869066791311829,6.99048246751264e-19,"S100A13",0.703197474266976,9.01763841848163e-13
"ENSG00000189190","ZNF600",1.58204794258216,1.76112333602324e-05,"ZNF600",1.84798909013799,2.54441579127078e-05
"ENSG00000189227","C15orf61",-0.431608660142752,0.000285612515420376,"C15orf61",-0.229320536615781,0.062841619651883
"ENSG00000189275","LINC01164",5.31472999940704,1.05278391309103e-13,"LINC01164",3.57363606779603,3.96454158883596e-12
"ENSG00000189280","GJB5",0.810882458762083,0.0323532654478506,"GJB5",1.19630005292423,0.00889614810501599
"ENSG00000189283","FHIT",-0.0171734749039817,0.97045611209682,"FHIT",-0.0281192815173414,0.924207407340146
"ENSG00000189403","HMGB1",-0.309039003413979,0.00889733372319469,"HMGB1",-0.179884433268274,0.147027854451757
"ENSG00000196072","BLOC1S2",0.620761432688025,4.58819312187362e-15,"BLOC1S2",0.479795950052365,2.24391892419418e-09
"ENSG00000196074","SYCP2",0.260570984462625,0.322767046894345,"SYCP2",-0.243602538683006,0.323541777351646
"ENSG00000196116","TDRD7",0.0229004785624897,0.940077618077688,"TDRD7",0.194661690702761,0.273091134620551
"ENSG00000196152","ZNF79",1.9525314028233,2.26138589758794e-10,"ZNF79",0.730633331310984,0.011068847944788
"ENSG00000196155","PLEKHG4",1.68032755382533,3.19268781923238e-11,"PLEKHG4",1.50193623575415,2.08082380178213e-07
"ENSG00000196187","TMEM63A",0.538474531280204,0.000355714284423218,"TMEM63A",0.358871283499197,0.015687774246316
"ENSG00000196230","TUBB",-0.564465819075752,2.16898994260766e-15,"TUBB",-0.293415401011574,6.06412978098137e-05
"ENSG00000196235","SUPT5H",0.552177489941133,2.16892862647471e-13,"SUPT5H",0.38129122554339,6.86125900695946e-07
"ENSG00000196247","ZNF107",0.399867320166251,0.0166488704848696,"ZNF107",0.471388993738258,0.00354998188222408
"ENSG00000196262","PPIA",-0.409403909317823,9.25562585703621e-06,"PPIA",-0.49797832840994,4.21475938475774e-08
"ENSG00000196267","ZNF836",0.812238391540618,0.00375421300076966,"ZNF836",-0.0358825504398212,0.903282247645272
"ENSG00000196284","SUPT3H",-1.01459235381216,6.33633710953624e-06,"SUPT3H",-1.15126660547616,2.81749629873358e-07
"ENSG00000196305","IARS1",-0.653725695869554,1.37383237412395e-16,"IARS1",-0.685878875540557,1.90556620184098e-18
"ENSG00000196363","WDR5",-0.169441386855528,0.0428569063557137,"WDR5",0.0325550128941454,0.795439092726109
"ENSG00000196365","LONP1",-1.05080482503242,1.70583828430646e-16,"LONP1",-0.835806948625916,9.01652859233329e-11
"ENSG00000196372","ASB13",0.260807769098596,0.148881477308979,"ASB13",-0.0360207057972646,0.886754701418391
"ENSG00000196396","PTPN1",0.0736783948948749,0.407679157462832,"PTPN1",0.0515787173072053,0.600196551708366
"ENSG00000196411","EPHB4",0.287294046651666,0.00240979117422494,"EPHB4",0.207075179162456,0.0365296073137122
"ENSG00000196420","S100A5",0.449582155141721,0.109426642968145,"S100A5",0.115114389415231,0.648705824024299
"ENSG00000196507","TCEAL3",0.288662753653735,0.0268004710621707,"TCEAL3",0.405089420112824,0.000927407302095662
"ENSG00000196511","TPK1",-0.263826989864709,0.208411214761339,"TPK1",-0.75654957341967,0.000672777685208842
"ENSG00000196562","SULF2",2.41557675511221,3.339856731416e-08,"SULF2",2.34429754504585,4.3748505624224e-05
"ENSG00000196576","PLXNB2",0.8081594875416,1.44592519892785e-12,"PLXNB2",1.02655054785175,4.46771701205288e-19
"ENSG00000196586","MYO6",0.514231242676414,8.38015765092821e-08,"MYO6",0.29256413025901,0.00302117460091883
"ENSG00000196628","TCF4",-0.196354749012699,0.0569258956044605,"TCF4",0.3174828306603,0.000557339180423199
"ENSG00000196639","HRH1",0.255320654597331,0.0154075454869065,"HRH1",0.155805616941794,0.162963166474761
"ENSG00000196734","LCE1B",6.09930079589901,1.02979872236332e-18,"LCE1B",5.88141159303579,3.68374745713866e-18
"ENSG00000196739","COL27A1",-0.087090457177417,0.633595770189034,"COL27A1",-0.0671347967162508,0.71410460906371
"ENSG00000196743","GM2A",0.900739496793179,1.45056900999099e-13,"GM2A",0.921797623657519,1.56696868320204e-12
"ENSG00000196776","CD47",0.181057584196445,0.027839779448345,"CD47",0.15999299984113,0.0608614925344365
"ENSG00000196782","MAML3",-1.0646475295534,2.85290407387513e-15,"MAML3",-0.945619423844176,3.78510064235136e-13
"ENSG00000196872","CRACDL",0.155050879595365,0.600870164737841,"CRACDL",0.0413179555687691,0.885678150131546
"ENSG00000196878","LAMB3",0.444370240782713,0.000238691151661239,"LAMB3",0.281806813864275,0.0208288052502662
"ENSG00000196923","PDLIM7",0.160134310001763,0.261795997130318,"PDLIM7",0.190916973787418,0.147147279341001
"ENSG00000196924","FLNA",0.0898264409824825,0.693064216212543,"FLNA",-0.114768937213841,0.55644932994686
"ENSG00000196937","FAM3C",0.381771865318842,6.41956841596819e-07,"FAM3C",0.25657239924856,0.00157580578957942
"ENSG00000196954","CASP4",0.539344793335495,8.59227659402028e-08,"CASP4",0.648813217239138,1.02402681012479e-10
"ENSG00000196998","WDR45",0.509919062913648,0.000188151301226466,"WDR45",0.144714366030971,0.342058220824424
"ENSG00000197019","SERTAD1",1.92496456546687,9.53370382335146e-41,"SERTAD1",1.26192796211019,5.88469296632553e-18
"ENSG00000197043","ANXA6",-0.558755196366207,9.86422252522166e-06,"ANXA6",-0.767022288079863,3.8230900448565e-09
"ENSG00000197061","H4C3",-1.20922660936909,9.13748692139888e-11,"H4C3",-0.772379480829172,2.9356597516713e-05
"ENSG00000197070","ARRDC1",0.479621351050196,0.00280728416664269,"ARRDC1",0.487135163349653,0.00387004054735825
"ENSG00000197084","LCE1C",7.31752018563117,3.65803531414708e-24,"LCE1C",6.49073339975749,1.36070894337991e-19
"ENSG00000197157","SND1",-0.823857204212093,1.05265387366092e-33,"SND1",-1.06138550802122,1.31210518624858e-52
"ENSG00000197191","CYSRT1",1.87878871385166,2.26728447688275e-11,"CYSRT1",2.35509208716242,2.39502844901185e-14
"ENSG00000197296","FITM2",-0.0321142636146765,0.884660556805234,"FITM2",-0.277208047597121,0.0520806154451837
"ENSG00000197324","LRP10",0.274394815781667,0.0158753542579586,"LRP10",0.251421739488934,0.0246092333535266
"ENSG00000197442","MAP3K5",-0.641341862904534,1.66544357865463e-05,"MAP3K5",-0.47076234454193,0.00079516385996877
"ENSG00000197451","HNRNPAB",-0.407137090184504,1.39512998794379e-09,"HNRNPAB",-0.279644230520316,5.01140908768866e-05
"ENSG00000197632","SERPINB2",1.78288457018586,2.9826717745673e-06,"SERPINB2",2.48455487296366,7.57095329218945e-11
"ENSG00000197646","PDCD1LG2",-0.175995221500117,0.487857409914214,"PDCD1LG2",0.0192489888909569,0.943691526596428
"ENSG00000197694","SPTAN1",0.429748280529387,0.000123214591314953,"SPTAN1",0.338595328041146,0.00244372062585898
"ENSG00000197696","NMB",1.30133056087115,1.73811749911625e-16,"NMB",0.922187359446521,4.55549109070742e-11
"ENSG00000197744",NA,-0.349208583244438,0.120378392633277,NA,-0.863495365271987,0.00059132771513129
"ENSG00000197746","PSAP",0.635342718588088,6.26707090018113e-13,"PSAP",0.256943696321141,0.00545652613654586
"ENSG00000197747","S100A10",0.300351663536006,0.0131044179181475,"S100A10",0.169721079916811,0.186003376875724
"ENSG00000197756","RPL37A",0.0553488204090537,0.622390022600276,"RPL37A",-0.113674438251936,0.2297309108724
"ENSG00000197852","INKA2",2.39027755813484,2.57132779137679e-53,"INKA2",2.16727902412533,5.45162360924375e-47
"ENSG00000197879","MYO1C",0.147749322034216,0.150277171663092,"MYO1C",0.21344352534233,0.0266387299744289
"ENSG00000197885","NKIRAS1",0.0301945987234553,0.874986909842174,"NKIRAS1",0.100488375642089,0.49264889285373
"ENSG00000197948","FCHSD1",0.66008596116659,9.64390219485635e-05,"FCHSD1",0.323021880585954,0.0504375625885577
"ENSG00000197956","S100A6",-0.0320567948947352,0.876631275149065,"S100A6",-0.386302424130923,0.00216754071715026
"ENSG00000198000","NOL8",0.320560741750778,8.22235266908626e-05,"NOL8",0.127703888407329,0.176653043004619
"ENSG00000198042","MAK16",-0.0812575241456497,0.471550965283437,"MAK16",-0.137318187466301,0.165847790422191
"ENSG00000198074","AKR1B10",2.67948038012959,1.49403909743022e-15,"AKR1B10",2.01745471656992,7.92648988520214e-09
"ENSG00000198087","CD2AP",-0.201028207216579,0.0424114700799934,"CD2AP",0.0808046661727362,0.490350845175527
"ENSG00000198113","TOR4A",-0.178019303108842,0.146351926430808,"TOR4A",-0.127489436803214,0.319874036215909
"ENSG00000198146","ZNF770",0.0639861320799458,0.438302007391576,"ZNF770",-0.032181781320738,0.754892307661198
"ENSG00000198168","SVIP",-0.354491057433295,0.00861685499466075,"SVIP",-0.264643345921908,0.0461183943275198
"ENSG00000198171","DDRGK1",1.08993478436851,1.21066042220732e-44,"DDRGK1",1.343677094179,1.84213215974757e-62
"ENSG00000198258","UBL5",0.245564612346231,0.0124682405554652,"UBL5",0.0220658339822012,0.892815784818872
"ENSG00000198363","ASPH",-0.8449777534403,6.25098636468211e-35,"ASPH",-1.06168484513177,1.59795913676656e-54
"ENSG00000198380","GFPT1",-0.0440520779840513,0.763194146456733,"GFPT1",0.2268359839897,0.0239364299742593
"ENSG00000198399","ITSN2",0.217593700140793,0.0248483009213803,"ITSN2",0.165359055333285,0.100610340592031
"ENSG00000198420","TCAF1",-0.245579210053066,0.0682675471982654,"TCAF1",-0.0541252679134564,0.758382471673443
"ENSG00000198455","ZXDB",0.287679213931214,0.148128747074644,"ZXDB",-0.00765610871415042,0.976696888441892
"ENSG00000198467","TPM2",0.325648778945317,0.000463883764239503,"TPM2",0.162321632090701,0.109960356131587
"ENSG00000198522","GPN1",0.111858436453006,0.349138037505546,"GPN1",0.0201926708354857,0.906862231402007
"ENSG00000198538","ZNF28",0.449365942974004,0.0856911103383848,"ZNF28",0.988529096151247,8.09608060848579e-05
"ENSG00000198573","SPANXC",1.86949470665805,1.01336866067814e-10,"SPANXC",2.98150705669255,1.47863501114002e-24
"ENSG00000198589","LRBA",-1.00587509366687,5.90105003268448e-14,"LRBA",-1.10029390561367,7.76073582921709e-17
"ENSG00000198612","COPS8",0.361371243996613,4.05527499491122e-05,"COPS8",0.0277101001553344,0.853141155888177
"ENSG00000198626","RYR2",0.380108959258334,0.113113411327429,"RYR2",0.0534345175765372,0.840493211259806
"ENSG00000198648","STK39",-1.18214816637838,2.91970022790429e-28,"STK39",-1.32265722273485,1.79250519539676e-33
"ENSG00000198677","SKIC3",-0.506318358188311,3.99446522544888e-11,"SKIC3",-0.377102847272341,8.81776205566671e-07
"ENSG00000198695","MT-ND6",-3.04791423942807,1.14502548646294e-51,"MT-ND6",-2.84499827926548,1.68324806022926e-45
"ENSG00000198727","MT-CYB",0.137285788512497,0.439041504878543,"MT-CYB",-0.131678283509759,0.426948205645163
"ENSG00000198729","PPP1R14C",0.489985723244685,0.0613505679103354,"PPP1R14C",0.0476147625416673,0.876890430804555
"ENSG00000198732","SMOC1",1.69577381952007,1.17333464626038e-17,"SMOC1",2.85259499693433,1.80311066294839e-25
"ENSG00000198768","APCDD1L",-2.09304473567625,2.23147825130316e-09,"APCDD1L",-1.75717377853002,3.14221116333922e-15
"ENSG00000198783","ZNF830",-0.0830298863669423,0.519285442448256,"ZNF830",-0.364384557708177,0.000262012411865174
"ENSG00000198818","SFT2D1",0.483692144018895,1.04324629563454e-07,"SFT2D1",0.538721281986274,3.81463021221414e-09
"ENSG00000198830","HMGN2",-0.339228570476526,0.0173986288228068,"HMGN2",-0.169909355634502,0.253604959078267
"ENSG00000198832","SELENOM",1.35275506201857,7.00267990474045e-16,"SELENOM",1.17100434648291,2.59615885211866e-10
"ENSG00000198836","OPA1",-0.103213394345122,0.191998325155169,"OPA1",-0.13830871161743,0.0698481509347764
"ENSG00000198840","MT-ND3",-0.460315808090371,0.000440759160946832,"MT-ND3",-0.716955661034931,6.35524219521048e-08
"ENSG00000198853","RUSC2",0.250556042096689,0.201181514418284,"RUSC2",0.790474958008465,9.51293892123376e-05
"ENSG00000198854","KPLCE",1.34223196112326,0.00593023770563773,"KPLCE",0.113634644260738,0.631351371543341
"ENSG00000198860","TSEN15",-0.82495675180643,2.15706047344266e-18,"TSEN15",-0.769989265508018,2.1407319595507e-16
"ENSG00000198876","DCAF12",0.0834421142561745,0.417947793727748,"DCAF12",0.0687624143247749,0.522554658845213
"ENSG00000198886","MT-ND4",0.5175461814199,0.000254700742328872,"MT-ND4",0.398832446383482,0.00376067689742172
"ENSG00000198892","SHISA4",1.09087184582703,8.37566246904002e-09,"SHISA4",0.888678323207545,1.21004301577221e-05
"ENSG00000198899","MT-ATP6",0.460517050488801,0.0011100229622728,"MT-ATP6",0.795394390666792,3.68586109534756e-08
"ENSG00000198938","MT-CO3",0.0148014190057244,0.959445482940364,"MT-CO3",-0.142288755923774,0.380050128794667
"ENSG00000198961","PJA2",0.0255302013100398,0.860619830713419,"PJA2",-0.0299817175280064,0.835961637582792
"ENSG00000202354","RNY3",-0.368316626565725,0.132123388268535,"RNY3",-0.323974120631546,0.148392504816634
"ENSG00000203666","EFCAB2",-0.472715062606027,0.00268934527909417,"EFCAB2",-0.812406665133481,4.53856353019855e-08
"ENSG00000203668","CHML",-0.0817311107051377,0.560583494842611,"CHML",0.0311066473668135,0.857851009874488
"ENSG00000203706",NA,0.0770304198019214,0.755701743053508,NA,0.187600098077002,0.298034059487286
"ENSG00000203711","LINC02901",-0.127769628266917,0.692575144485622,"LINC02901",0.252067103373556,0.317976086910878
"ENSG00000203721","LINC00862",0.0265303669990852,0.946217029902455,"LINC00862",0.0305463416870226,0.917497531960464
"ENSG00000203760","CENPW",0.536884803784596,4.1755164055097e-05,"CENPW",0.86388370949844,1.03432454939176e-10
"ENSG00000203778","FAM229B",0.33348546825944,0.108357223321703,"FAM229B",0.0431217825405852,0.880835381405886
"ENSG00000203783","PRR9",3.11464753368906,1.80603423368107e-21,"PRR9",1.23301077492084,0.000113341167856752
"ENSG00000203879","GDI1",0.572271416683849,1.60499067162192e-08,"GDI1",0.377279459895355,0.000219559847592994
"ENSG00000203943","SAMD13",-0.241035770492991,0.405922001866595,"SAMD13",-0.026589200726,0.932925361695864
"ENSG00000203950","RTL8A",0.396557533133184,4.82911546984734e-05,"RTL8A",0.316032561370394,0.00124484127166293
"ENSG00000204084","INPP5B",-0.022854053988404,0.922433542821661,"INPP5B",-0.613223174045443,1.08806550515071e-05
"ENSG00000204120","GIGYF2",-0.0796137188452697,0.548194706603061,"GIGYF2",-0.0105546947262606,0.948751982937169
"ENSG00000204138","PHACTR4",0.210274390971473,0.0030324638154172,"PHACTR4",0.155091197900126,0.0367404257210519
"ENSG00000204147","ASAH2B",0.197235829747798,0.260778030457339,"ASAH2B",0.304069749691775,0.0484818355007469
"ENSG00000204217","BMPR2",-0.223962731277878,0.112245943589183,"BMPR2",-0.263574987060494,0.0456476624239989
"ENSG00000204227","RING1",0.429960134127132,1.62575507117965e-07,"RING1",0.439319944454582,6.37662266822974e-08
"ENSG00000204262","COL5A2",-0.804271633922627,0.0332350698546868,"COL5A2",-0.124263474864763,0.630757336565395
"ENSG00000204264","PSMB8",0.434412718245583,0.0105782508533555,"PSMB8",0.440180604841938,0.00661035627903398
"ENSG00000204351","SKIC2",0.268061068200274,0.0048502506905816,"SKIC2",0.136945652891095,0.205026143886831
"ENSG00000204356","NELFE",0.281009386203961,1.01019192695554e-05,"NELFE",0.100979122708967,0.183116666294998
"ENSG00000204397","CARD16",1.77361289684843,3.66044186920242e-11,"CARD16",1.62973799959972,2.55545775295672e-11
"ENSG00000204421","LY6G6C",0.111600454035808,0.705851139346578,"LY6G6C",-0.0712921375010193,0.7839435197956
"ENSG00000204463","BAG6",0.0608964766071273,0.548194706603061,"BAG6",0.0851856987651435,0.368153507474896
"ENSG00000204516","MICB",0.454996595082067,0.1459065055992,"MICB",0.379562291428271,0.154620958687305
"ENSG00000204525","HLA-C",0.967512460100944,7.58796280380997e-11,"HLA-C",0.546292844921217,7.12065010984646e-05
"ENSG00000204540","PSORS1C1",0.873465509994213,0.000669105983063496,"PSORS1C1",0.111182186173862,0.642251618412015
"ENSG00000204576","PRR3",-0.349692757335292,0.0552393444268568,"PRR3",-0.0807885309542479,0.697754568036476
"ENSG00000204713","TRIM27",0.0505445661061299,0.706320400844803,"TRIM27",-0.170684353479828,0.0955745308034823
"ENSG00000204758","RPL26L1-AS1",0.468418134701248,0.0974643919276202,"RPL26L1-AS1",-0.0205842486570573,0.94401497179906
"ENSG00000204839","MROH6",0.324676500027483,0.11634165619449,"MROH6",0.281018444244988,0.14382967082749
"ENSG00000204843","DCTN1",0.187437868280418,0.0640268517985063,"DCTN1",0.0636767056841617,0.62027454102075
"ENSG00000204852","TCTN1",0.242759703453663,0.174275680180752,"TCTN1",0.146104145864705,0.426147249616665
"ENSG00000204856","FAM216A",-0.21863219274781,0.135242848039856,"FAM216A",0.000386387859791395,0.998489831781308
"ENSG00000205084","TMEM231",-0.3523018659739,0.0816258240214074,"TMEM231",-0.75318432280287,0.00109394544932202
"ENSG00000205208","C4orf46",-0.533561342564741,3.84882676790378e-06,"C4orf46",-0.61207871008183,1.17335262179797e-07
"ENSG00000205302","SNX2",0.265466388968508,0.00339887194396583,"SNX2",0.144053690086502,0.142740996901207
"ENSG00000205325",NA,0.746823079758459,0.0406546758800964,NA,0.0687459939375658,0.790238051149257
"ENSG00000205336","ADGRG1",0.368525008240024,0.00669731649450185,"ADGRG1",0.115401818114764,0.471662285295531
"ENSG00000205339","IPO7",-0.261497236060608,3.01670818157423e-06,"IPO7",0.0485418106496428,0.52565671861449
"ENSG00000205413","SAMD9",0.574376862165363,1.86098179399241e-06,"SAMD9",0.499206846269356,6.15772516143083e-05
"ENSG00000205629","LCMT1",0.284980680240858,0.00528359122729451,"LCMT1",0.165724648868723,0.142190081239165
"ENSG00000205683","DPF3",-0.868286946020414,0.000321842557819174,"DPF3",-1.21178383978659,4.51852314744607e-07
"ENSG00000206053","JPT2",0.00941456956413827,0.948731397756652,"JPT2",0.100198513525272,0.25414548309186
"ENSG00000206075","SERPINB5",1.81566612114629,1.04860173414949e-54,"SERPINB5",1.64344784644177,1.40189256999257e-46
"ENSG00000206538","VGLL3",1.41328949883161,2.32700443108023e-11,"VGLL3",0.204679479822,0.384475085777114
"ENSG00000209082",NA,-0.294442990523658,0.229722011357981,NA,-2.86613839723329,3.75712642984225e-21
"ENSG00000210049",NA,0.37496681939159,0.0803019696768753,NA,-0.457654536387938,0.0247700696349463
"ENSG00000210077",NA,0.0966105105057851,0.740262052471204,NA,-1.57702956300668,3.97265964440265e-08
"ENSG00000210107",NA,-1.53185359779063,7.31667742611765e-07,NA,-1.75880235772185,1.781382883361e-08
"ENSG00000210127",NA,-3.30007937547937,1.04969866319556e-09,NA,-3.04587395449757,7.20839243750595e-12
"ENSG00000210140",NA,-3.33042736456155,4.22946089626582e-22,NA,-3.68305460564431,4.58524085304978e-29
"ENSG00000210144",NA,-3.07647681127464,7.34129177854546e-25,NA,-3.71568032764941,9.55140392448689e-36
"ENSG00000210184",NA,-2.04571836534088,6.47850672773751e-09,NA,-2.60900753226834,1.7393929202102e-12
"ENSG00000211584","SLC48A1",1.61687294263556,1.08518244202427e-33,"SLC48A1",1.32591369980691,2.95342935450818e-23
"ENSG00000211772","TRBC2",-0.106195587863858,0.725407693599346,"TRBC2",0.888691425370552,0.00230225775507849
"ENSG00000212724","KRTAP2-3",0.0154487150505564,0.977681368822555,"KRTAP2-3",0.297902669958104,0.22059438958421
"ENSG00000213015","ZNF580",0.00531109998585969,0.988013509445498,"ZNF580",-0.0419425044620382,0.797398391220757
"ENSG00000213025",NA,0.0260562276772164,0.912378924197596,NA,-0.0297884920282772,0.894274295178993
"ENSG00000213337","ANKRD39",0.532077854552797,0.000223575701727588,"ANKRD39",0.452097204132746,0.00225893652514857
"ENSG00000213398","LCAT",0.519165101618607,0.0327356962617067,"LCAT",0.404456495426398,0.0636915097072333
"ENSG00000213533","STIMATE",0.667962901968185,0.00485731352136727,"STIMATE",0.410549470631986,0.056906509063565
"ENSG00000213585","VDAC1",-0.272698230266992,1.83602554552562e-11,"VDAC1",-0.247896015850885,2.73503705252127e-09
"ENSG00000213625","LEPROT",0.0249983194738229,0.855444494808008,"LEPROT",0.0321579410245664,0.811413227018741
"ENSG00000213722","DDAH2",0.0419095380481469,0.868244989758797,"DDAH2",-0.0643355964226058,0.764398192458009
"ENSG00000213742","ZNF337-AS1",0.492364068640714,0.0251400226617077,"ZNF337-AS1",0.238013661784409,0.286416512967453
"ENSG00000213799","ZNF845",1.70592576186765,2.73291626737225e-28,"ZNF845",0.688657839715899,2.32159182760135e-05
"ENSG00000213918","DNASE1",0.912538288079822,0.000127640204787432,"DNASE1",0.28132511306147,0.161588870114867
"ENSG00000213923","CSNK1E",0.152900026152731,0.117544694043662,"CSNK1E",0.170188678363444,0.0763864856570878
"ENSG00000213928","IRF9",0.673053567989403,0.00223413616356445,"IRF9",0.350860703357398,0.0854444358641484
"ENSG00000213977","TAX1BP3",0.109456936481131,0.427059855508091,"TAX1BP3",0.000330010936603262,0.998489831781308
"ENSG00000214046","SMIM7",-0.163615804787526,0.0818071129589113,"SMIM7",-0.0588120868121525,0.62027454102075
"ENSG00000214113","LYRM4",-0.378967877609666,4.75494526462138e-05,"LYRM4",-0.488059862438603,1.90047438191047e-07
"ENSG00000214140","PRCD",0.338170904494081,0.25471015710661,"PRCD",0.731848767072336,0.0172367333411529
"ENSG00000214193","SH3D21",-0.483781938786228,0.0782056740527286,"SH3D21",0.0243993512455613,0.935329734234164
"ENSG00000214318",NA,0.896549400091206,0.0121497118018476,NA,1.35844161613451,0.00107848198895838
"ENSG00000214357","NEURL1B",-0.569014359252061,0.0620656446780829,"NEURL1B",-0.536384413842952,0.0545093325615474
"ENSG00000214530","STARD10",0.342696673289471,0.0951720950201275,"STARD10",0.826514988676584,0.000265167254707857
"ENSG00000214706","IFRD2",-0.38337820354597,2.86958051241223e-05,"IFRD2",-0.103401810820469,0.356677693388166
"ENSG00000214900","LINC01599",0.643986430681494,0.000146146095046964,"LINC01599",1.1039950410898,9.73729328501376e-11
"ENSG00000214944","ARHGEF28",0.181980839861849,0.260625492844826,"ARHGEF28",0.447883021074101,0.00127228830309917
"ENSG00000214960","CRPPA",-0.39409458282744,0.108708328218188,"CRPPA",-0.559731662492625,0.00636551523531045
"ENSG00000215021","PHB2",-0.491432424233641,7.74633215011707e-12,"PHB2",-0.299119877641767,4.51027582932774e-05
"ENSG00000215182","MUC5AC",1.96527810648525,0.00074647166059687,"MUC5AC",0.722276105524306,0.0383260388238386
"ENSG00000218336","TENM3",-1.35512250624052,1.74921717957129e-19,"TENM3",-1.53634322510939,5.49667168810947e-25
"ENSG00000218739","CEBPZOS",0.285529354591196,0.000649290797066203,"CEBPZOS",0.233279710797963,0.00643439183186893
"ENSG00000221866","PLXNA4",-2.44150516154224,8.24488439249195e-56,"PLXNA4",-2.88299869621797,4.1199731405433e-78
"ENSG00000221983","UBA52",0.240051111120003,0.000320851104789697,"UBA52",0.0850591120526699,0.291769619665841
"ENSG00000222009","BTBD19",0.14929680312692,0.493797026069689,"BTBD19",0.290492284751915,0.103050513989616
"ENSG00000222041","CYTOR",0.00479229606096928,0.988181955699542,"CYTOR",0.132372788340111,0.235426261757526
"ENSG00000223396",NA,0.112703188929994,0.705886606805383,NA,0.106658881710456,0.664745816121602
"ENSG00000223496","EXOSC6",-0.0396385839930449,0.758275682589056,"EXOSC6",0.0608322727823086,0.602385302154047
"ENSG00000223508",NA,1.48035162941059,2.48569339038178e-11,NA,1.09309194558101,2.0682172173387e-06
"ENSG00000223573","TINCR",0.621613515303944,0.0633871511372649,"TINCR",0.57254447002766,0.0674922191434733
"ENSG00000223745",NA,0.820430657006648,5.32967057355769e-05,NA,0.283222121640145,0.117361831929164
"ENSG00000223749",NA,-0.322485884698269,0.266070362478396,NA,-0.104917868270682,0.688217747369823
"ENSG00000223861","RPS10P6",1.11831642227518,0.00352761830106243,"RPS10P6",0.788323777605803,0.0258814697808179
"ENSG00000224259","LINC01133",0.595285922890467,0.0295518355489003,"LINC01133",0.0221976303563998,0.94186622791049
"ENSG00000224294","PINCR",3.18090864314571,1.85482193809322e-48,"PINCR",3.45290846085511,1.68324806022926e-45
"ENSG00000224420","ADM5",-0.302176556777511,0.191956208358657,"ADM5",-0.742760886263114,0.00316954147705688
"ENSG00000224578","HNRNPA1L3",-0.172096157218647,0.403373810815864,"HNRNPA1L3",0.0853956984236071,0.689585567764396
"ENSG00000224870","MRPL20-AS1",-0.0815081293094087,0.622390022600276,"MRPL20-AS1",-0.202329819657509,0.117422128958246
"ENSG00000224897","POT1-AS1",0.57332924265898,0.0502312240233513,"POT1-AS1",0.324031703220641,0.17945543615677
"ENSG00000225210",NA,-0.382745519065504,0.101609217988404,NA,-0.388645047206861,0.0635575913124639
"ENSG00000225269","LINC00705",-0.0916889770178673,0.788962897160431,"LINC00705",0.806659921475997,0.0123439350365644
"ENSG00000225383","SFTA1P",-1.75192375557961,0.00205187903024071,"SFTA1P",-0.300221192221544,0.245983033476828
"ENSG00000225969",NA,1.06491329696149,0.00801399142734792,NA,0.139815943577949,0.58591339165537
"ENSG00000226124","FTCDNL1",-0.669323471481049,0.0142869533572071,"FTCDNL1",-0.846304564410182,0.0114378473656944
"ENSG00000226688","ENTPD1-AS1",0.263919468546973,0.0168423335762258,"ENTPD1-AS1",0.132677416225482,0.298803120974804
"ENSG00000226824","LOC100996437",0.341977596312378,0.0337117743405043,"LOC100996437",0.465962036237331,0.00267666486843268
"ENSG00000226887","ERVMER34-1",1.60494160294582,3.38463525092021e-11,"ERVMER34-1",1.77155919784994,2.08055617123025e-10
"ENSG00000226950","DANCR",0.0782337900251999,0.511414667576823,"DANCR",0.0129981852549422,0.936498503933124
"ENSG00000227039","ITGB2-AS1",1.8699062528466,3.15798991561833e-10,"ITGB2-AS1",3.18511670846171,7.05514266258376e-20
"ENSG00000227234","SPANXB1",1.72002868535143,2.35632925811646e-05,"SPANXB1",1.75044867798018,2.01917396590151e-05
"ENSG00000228253","MT-ATP8",0.120276080608422,0.663967482560871,"MT-ATP8",0.221384497781683,0.300626640088767
"ENSG00000228300","FAM174C",0.849891792634291,2.90356463294867e-21,"FAM174C",0.751344432546261,2.68314477499861e-16
"ENSG00000228451",NA,1.1484598420649,1.23393387340958e-11,NA,0.524693179505741,0.0017869076351351
"ENSG00000228474","OST4",0.187010606308342,0.0421352057774301,"OST4",0.0423985638685998,0.740739359405468
"ENSG00000228526","MIR34AHG",-0.113122985813071,0.718441419513417,"MIR34AHG",-0.103956441542268,0.685249523278966
"ENSG00000228624","HDAC2-AS2",0.952552038527127,0.000155589579963667,"HDAC2-AS2",1.15686587606093,5.75623271680524e-06
"ENSG00000228649","SNHG26",1.40915407330515,2.38491199699365e-20,"SNHG26",1.3214089710405,3.80288960863718e-15
"ENSG00000228716","DHFR",-0.712913617691261,7.556529154507e-12,"DHFR",-0.96461789980664,1.36799065218193e-19
"ENSG00000229021",NA,0.302967631413212,0.296110253690278,NA,0.046667313089018,0.875913485500957
"ENSG00000229563","LINC01204",-1.03864904766024,7.35374103265255e-13,"LINC01204",0.170694088223538,0.222502831068346
"ENSG00000229956","ZRANB2-DT",-0.475204849886523,0.132074026050549,"ZRANB2-DT",-0.557807069862593,0.0677729373599327
"ENSG00000231298","MANCR",-0.895697188665195,2.1272803042782e-07,"MANCR",-0.241580972888676,0.132113106776373
"ENSG00000231566",NA,0.341979770253209,0.151449558704056,NA,0.0756285021098625,0.770385046577995
"ENSG00000231607","DLEU2",-0.938443249113346,1.25477403500136e-10,"DLEU2",-0.386448624279232,0.00572862423838415
"ENSG00000231742","LINC01273",1.11922458904368,0.00584165646238114,"LINC01273",0.290658270523814,0.259973261098181
"ENSG00000231925","TAPBP",0.256104539383385,0.0100559825864969,"TAPBP",-0.102904204417943,0.382513954591936
"ENSG00000232445",NA,0.44988518277952,0.0138615893081325,NA,-0.0665913069096183,0.819813742726071
"ENSG00000232533","FAM131B-AS2",0.268471141720576,0.0713269416405697,"FAM131B-AS2",0.47843225504382,0.000621600532979947
"ENSG00000233016","SNHG7",0.0381305513068774,0.801624983926179,"SNHG7",-0.13096966798796,0.248262366897283
"ENSG00000233058",NA,0.336982674007309,0.237401359444462,NA,0.643127919037241,0.0366567882859292
"ENSG00000233117",NA,0.141575999120206,0.48677754710397,NA,-0.0338552236002996,0.896670852629191
"ENSG00000233276","GPX1",0.681107463171194,7.99794027168041e-09,"GPX1",0.246173444481753,0.0423868295332852
"ENSG00000233608","TWIST2",-0.787905450967863,5.25868793342985e-09,"TWIST2",-0.326460477017214,0.0112968675016991
"ENSG00000233695",NA,1.48894710460488,9.10425110670737e-09,NA,1.54720474122146,3.22461399101603e-09
"ENSG00000233818",NA,0.666667597729453,0.00948148963132094,NA,0.890868100797928,0.000873376406804019
"ENSG00000233927","RPS28",0.212542300604061,0.00069498805924385,"RPS28",0.0033679568046912,0.974850673054762
"ENSG00000234498","RPL13AP20",2.03080184429397,5.3346939157901e-22,"RPL13AP20",2.75742353430507,5.01379068322223e-36
"ENSG00000234545","FAM133B",-0.173896817232505,0.0606429537528713,"FAM133B",-0.234845453186222,0.00765000966337172
"ENSG00000234745","HLA-B",1.16751322215348,2.47443519900449e-16,"HLA-B",0.843835354124431,2.68559260897754e-09
"ENSG00000235162","C12orf75",-0.326981562340356,0.00592117417865478,"C12orf75",-0.102989250540965,0.465765466844067
"ENSG00000235437","LINC01278",0.151338835970538,0.349439782642726,"LINC01278",0.021579216849488,0.924329422213798
"ENSG00000235750","KIAA0040",0.451711242629537,0.146549293527281,"KIAA0040",0.0480056090261125,0.865872321905149
"ENSG00000235927","NEXN-AS1",1.16962824161556,2.10232817690777e-05,"NEXN-AS1",1.89187303738899,3.00118345743606e-10
"ENSG00000236427","CCDST",2.44268573008681,1.42592621293389e-09,"CCDST",2.53717471987082,1.01490618577929e-11
"ENSG00000236751",NA,0.536643586348098,0.010698434160423,NA,1.08461259023834,6.9456125872053e-06
"ENSG00000237441","RGL2",-0.200424500590156,0.0465107917129952,"RGL2",-0.23191246516401,0.0182768012511872
"ENSG00000237512","UNC5B-AS1",-0.00323079683396342,0.999433637321825,"UNC5B-AS1",0.0946288424104687,0.682377630888213
"ENSG00000237523","LINC00857",0.597183614710133,0.0180896137598294,"LINC00857",0.63023012882239,0.0173346332311139
"ENSG00000237765","FAM200B",0.249294757463631,0.0277314808674089,"FAM200B",0.526601291439341,3.06313264860759e-07
"ENSG00000238266",NA,-0.483885434027787,0.0224017449631324,NA,-0.0141022615649206,0.956881340863406
"ENSG00000239306","RBM14",-0.949084708469674,9.29101757110501e-13,"RBM14",-0.755250214515418,4.11287271890928e-08
"ENSG00000239523","MYLK-AS1",0.234626129051127,0.239962560102758,"MYLK-AS1",0.385082210246526,0.0319355450933328
"ENSG00000240386","LCE1F",3.82142573052285,2.427767499446e-13,"LCE1F",6.72460294181065,2.34715776028643e-17
"ENSG00000240891","PLCXD2",2.06659738954132,2.28141301692409e-13,"PLCXD2",1.36087953714841,3.11746021616903e-07
"ENSG00000241288","LINC02614",1.35540124914293,0.000265846822861116,"LINC02614",0.293584015116599,0.255456634704526
"ENSG00000241316","SUCLG2-DT",-0.462704814008135,0.012094460987862,"SUCLG2-DT",-0.252148111340241,0.139474460212166
"ENSG00000241990",NA,0.00968876246087666,0.97477074793868,NA,0.0999774885776723,0.520013984249588
"ENSG00000242242",NA,1.66826134804907,6.0114781221128e-07,NA,2.02513061743493,1.70715518189083e-07
"ENSG00000242265","PEG10",-0.0253983582964232,0.899447179790268,"PEG10",0.226968066275566,0.0675031063223536
"ENSG00000243137","PSG4",0.169776695222747,0.549287798085436,"PSG4",-0.0336374880119545,0.909113961334113
"ENSG00000243225",NA,3.12175744272372,2.84092340993597e-06,NA,0.475532688807183,0.10372809043018
"ENSG00000243449","NICOL1",0.622698335732419,1.47010555425734e-05,"NICOL1",0.284686856544918,0.0485966907558531
"ENSG00000243701","DUBR",0.535278887133937,7.78354022556839e-05,"DUBR",1.0451676800851,1.52789693880669e-14
"ENSG00000244045","VMA12",0.307415659437408,0.000469913609723142,"VMA12",0.0139809648355946,0.930432898963821
"ENSG00000244119",NA,1.45143095267743,0.00399165579550355,NA,0.4217222865857,0.130833031017647
"ENSG00000244128","LINC01322",3.45200136885827,2.47643792509148e-07,"LINC01322",1.95425094457579,0.000867612691856026
"ENSG00000244165","P2RY11",-0.31437616863582,0.0844311031780543,"P2RY11",-0.285233232628615,0.0964725509472174
"ENSG00000244405","ETV5",-0.5605195602645,3.85638854661813e-06,"ETV5",-0.424968514463937,0.000336641924560364
"ENSG00000244462","RBM12",-0.200953026120963,0.026811539289263,"RBM12",-0.153051240186248,0.113164799654594
"ENSG00000244509","APOBEC3C",1.56520978067696,3.43083148921484e-58,"APOBEC3C",1.33402172378428,4.6085150718465e-42
"ENSG00000245213","GALNT7-DT",0.302457417047777,0.12755929691714,"GALNT7-DT",0.627288009099421,0.000987914441954613
"ENSG00000245522","LINC02709",0.687523090633277,0.000289267259168696,"LINC02709",1.02189978538419,2.17621754892279e-08
"ENSG00000245937","SLC12A2-DT",-0.309477098198384,0.00568617552485477,"SLC12A2-DT",-0.396002322868746,0.000216296539747741
"ENSG00000245954","LINC02273",0.824738261676621,0.00893900866286545,"LINC02273",1.09522252741192,0.00237603486880455
"ENSG00000246067","RAB30-DT",0.483590369574782,7.03576062448962e-07,"RAB30-DT",0.47359270346931,1.08701485350461e-06
"ENSG00000246228","CASC8",-0.707874523331238,0.011298641869744,"CASC8",-0.117760917224339,0.614181018440287
"ENSG00000246695","RASSF8-AS1",0.394081083184188,0.00130259895694012,"RASSF8-AS1",0.624342456394028,4.57367868421741e-07
"ENSG00000247556","OIP5-AS1",-0.646248611338543,2.95925472852091e-19,"OIP5-AS1",-0.462805328744028,1.03371020395205e-11
"ENSG00000248429","GASK1B-AS1",0.176358445583539,0.53611459730264,"GASK1B-AS1",0.0342351891698068,0.908088111946829
"ENSG00000248583",NA,0.729058413288451,0.00321421065119282,NA,1.20986584340136,7.05222742037958e-06
"ENSG00000248787",NA,2.37528847160132,5.5564255433647e-08,NA,2.29598962880159,1.94734810225508e-05
"ENSG00000249641","HOXC13-AS",0.166141669968162,0.581881017211027,"HOXC13-AS",1.0180265267514,0.0044933156446474
"ENSG00000249673",NA,0.625638097603543,1.19173995912673e-06,NA,0.254113930498646,0.052236960087658
"ENSG00000249859","PVT1",0.611417229593982,1.75804563424848e-06,"PVT1",0.725888973860073,4.06665066593232e-08
"ENSG00000250072","SH3TC2-DT",-0.551317270120738,0.0218975786874402,"SH3TC2-DT",-0.407346042563324,0.0549943191883476
"ENSG00000250208","FZD10-AS1",-0.04597430680676,0.892853804095562,"FZD10-AS1",-0.0203830613508228,0.94186622791049
"ENSG00000250337","PURPL",1.65021573997822,4.04140500184494e-20,"PURPL",1.46955327327508,6.3595710185725e-16
"ENSG00000250479","CHCHD10",-0.0537033942161509,0.872188073449782,"CHCHD10",0.0460059836570832,0.872215599157836
"ENSG00000250565","ATP6V1E2",-0.197026123421544,0.236646830766072,"ATP6V1E2",-0.227667472521581,0.148750899295491
"ENSG00000250999",NA,0.300356617925119,0.28403926094176,NA,0.589203339033588,0.034770338207203
"ENSG00000251003",NA,-0.553535459907584,0.00345748979663189,NA,-0.98803010337686,4.31222794394429e-07
"ENSG00000251095","LOC105377329",5.93063934038483,5.09674328320648e-21,"LOC105377329",5.654876970674,9.41967182329531e-17
"ENSG00000251191","LINC00589",0.190986838750888,0.524540021022529,"LINC00589",0.0994560816482017,0.709583288239531
"ENSG00000251192","ZNF674",-0.277855268438926,0.248735470745527,"ZNF674",0.0650232105102157,0.807980604288146
"ENSG00000251257",NA,1.29851455441532,0.00186984806499501,NA,0.339900410538157,0.191133099547805
"ENSG00000251442","LOC101928893",-0.549870335820751,0.0328384833770696,"LOC101928893",-0.349849220464047,0.112890007559838
"ENSG00000251493","FOXD1",-0.697823677553249,2.70281845053175e-07,"FOXD1",-0.030216749617973,0.889222998781167
"ENSG00000253293","HOXA10",-0.136616364814182,0.178318593793425,"HOXA10",-0.12585009936469,0.209292263684554
"ENSG00000253669",NA,1.30012233558998,1.62762228481051e-10,NA,0.848127441969239,4.52323791684992e-05
"ENSG00000253729","PRKDC",-0.509779818980055,5.32392705969265e-06,"PRKDC",-0.362252279214833,0.00110290769077585
"ENSG00000253736","LOC105377730",0.551296158899294,0.0824451513068101,"LOC105377730",0.0311181473624983,0.922390548641873
"ENSG00000254004","ZNF260",0.467736734491599,0.000305745835458698,"ZNF260",0.289111180195773,0.0248790600047811
"ENSG00000254635",NA,-0.0282170021459271,0.858871202847769,NA,-0.250689340100056,0.0131529852048079
"ENSG00000254726","MEX3A",0.0997582199902761,0.594388192027558,"MEX3A",0.174139496899537,0.279147121367983
"ENSG00000254842",NA,2.52085624822076,1.06528021888721e-08,NA,2.35958515423564,1.67804962434607e-06
"ENSG00000254999","BRK1",0.203930590436333,0.00853829434045822,"BRK1",0.0170726891629258,0.898427385802534
"ENSG00000255317","LOC105369558",1.31010275088796,1.98015798060685e-05,"LOC105369558",1.32757790626031,4.92374667648442e-05
"ENSG00000255857","PXN-AS1",-0.405607033789728,0.0603714388859974,"PXN-AS1",-0.257055769410189,0.189066787555576
"ENSG00000256268","LINC02454",0.716829866235316,8.46444612187718e-05,"LINC02454",1.04809891173275,5.99163108200146e-08
"ENSG00000256940","PPP1R14B-AS1",0.889699940102405,1.06473060480426e-11,"PPP1R14B-AS1",0.827912366918165,2.08270912124001e-10
"ENSG00000256980","KHDC1L",0.418790524189384,0.170612480101595,"KHDC1L",0.408337419803742,0.135899750586271
"ENSG00000256982",NA,0.679039380571035,0.0538375164615373,NA,0.400428031801211,0.144043977380256
"ENSG00000257126",NA,0.168598699429164,0.551887979269582,NA,0.510752306106261,0.0847801568367233
"ENSG00000257167","TMPO-AS1",-0.556884785630792,0.00393062225781814,"TMPO-AS1",0.0152007307375678,0.950092266844627
"ENSG00000257335","MGAM",1.30992871305664,0.00359820891106228,"MGAM",0.154857841126285,0.513773486548216
"ENSG00000257365","FNTB",-0.807606036908948,7.47652727428075e-09,"FNTB",-0.587618328050452,1.86782018088055e-05
"ENSG00000258441","LINC00641",-0.769588304926996,0.000429622253733513,"LINC00641",-0.615688244788876,0.00413513944563895
"ENSG00000258464","LOC105370409",-0.210057664543908,0.448243739736633,"LOC105370409",-0.0625171392638969,0.815632219656732
"ENSG00000258484","SPESP1",0.00016203020072197,0.999960079454347,"SPESP1",-0.106507443320614,0.66030201216725
"ENSG00000258590",NA,0.751188601550501,0.0385462458288802,NA,0.915705111419359,0.0121353454057016
"ENSG00000258602","LINC01629",3.09087898813443,1.22894111229572e-05,"LINC01629",2.17253181860552,0.00064780990540872
"ENSG00000259146","SIPA1L1-AS1",0.330824399568402,0.176334656227522,"SIPA1L1-AS1",-0.087281016188126,0.729785317151491
"ENSG00000259153","MAP3K9-DT",0.67153849722823,2.53531960031781e-05,"MAP3K9-DT",0.832583662107446,6.00378131832878e-06
"ENSG00000259178",NA,2.9108723467531,8.69688713575358e-08,NA,2.29662270668839,0.000163057485384534
"ENSG00000259207","ITGB3",-0.144079442326516,0.616382160668761,"ITGB3",-0.26944856356114,0.265592210595833
"ENSG00000259527","LINC00052",0.483906679815044,0.123287701395871,"LINC00052",0.571134431105812,0.0675336782487772
"ENSG00000259727",NA,1.14281351193277,0.00244478184006085,NA,0.970425189141954,0.00611934489797555
"ENSG00000260025","CRIM1-DT",0.19598555179109,0.360597749446568,"CRIM1-DT",0.503251987315865,0.00893879803308586
"ENSG00000260442","ATP2A1-AS1",-0.272051280750183,0.122503718912308,"ATP2A1-AS1",0.0160259159752551,0.944801585406864
"ENSG00000260581",NA,0.0111738860869654,0.983616573880592,NA,-0.00852418887478451,0.973858395603315
"ENSG00000260604",NA,2.39568304016672,6.34331290971225e-09,NA,3.11006515035156,5.13115226722035e-11
"ENSG00000260804","LINC01963",-0.922660851240816,7.57980241871175e-06,"LINC01963",-1.22242846889581,1.99624574322651e-08
"ENSG00000260912",NA,1.58070490705691,1.34220857510805e-09,NA,1.17735939490213,2.51245782513315e-05
"ENSG00000261092",NA,1.23857071331708,0.00795120906933819,NA,0.942094112126906,0.018920038283945
"ENSG00000261150","EPPK1",0.173688022657558,0.545909491615816,"EPPK1",0.500603657881942,0.092905015333645
"ENSG00000261167",NA,-0.996586641167237,0.000163057197586643,NA,-0.751831626218326,0.002453408195231
"ENSG00000261373","VPS9D1-AS1",0.0352161690139549,0.923838465398793,"VPS9D1-AS1",0.0787798819470351,0.758757461035909
"ENSG00000261455","LINC01003",-0.224520613152116,0.403837383767435,"LINC01003",-0.218089477741634,0.346918125059118
"ENSG00000261488","TBILA",0.52083208426897,0.0538776240614298,"TBILA",0.652339239342702,0.0176717183811131
"ENSG00000262001",NA,-0.0565683687606451,0.857151395214383,NA,-0.332600554187093,0.126112870496341
"ENSG00000262454","MIR193BHG",-0.767896901211177,0.00121857370731837,"MIR193BHG",-0.622871614093529,0.00536447574316338
"ENSG00000263001","GTF2I",-0.243825402798982,0.105856836329646,"GTF2I",0.0375352374085929,0.862043753757597
"ENSG00000265107","GJA5",-0.0199753537838877,0.96316466283632,"GJA5",-0.0386611146029975,0.894010819082994
"ENSG00000265763","ZNF488",0.998637013524398,0.000496440106761785,"ZNF488",0.241637621909474,0.337672486220573
"ENSG00000265972","TXNIP",0.597153983484842,0.0146240099786409,"TXNIP",0.897898909556881,0.000798109426242658
"ENSG00000266028","SRGAP2",-0.148618615480859,0.339129535946677,"SRGAP2",-0.0278175604128717,0.895460024289886
"ENSG00000266088","LOC105371773",0.407024973775484,0.0245614523912398,"LOC105371773",0.942281099608654,4.62895668463581e-07
"ENSG00000266094","RASSF5",-0.222869797522103,0.239047206633596,"RASSF5",0.169271327637673,0.347904586020138
"ENSG00000266278","LINC01910",0.318431166644756,0.145953741241794,"LINC01910",0.365786212249143,0.0541996717820008
"ENSG00000267060","PTGES3L",0.794517753295105,0.027714670927774,"PTGES3L",0.654107957181113,0.0427849675346111
"ENSG00000267213","DPY19L3-DT",0.0911341767829783,0.783009070725368,"DPY19L3-DT",0.45327983967242,0.0923032317542455
"ENSG00000267575","LINC02987",-0.149548961865527,0.335648881662397,"LINC02987",-0.167640967924465,0.242388431709292
"ENSG00000268460","LOC93429",1.11732012259097,0.0116477368749237,"LOC93429",1.4083984438267,0.00533819783103222
"ENSG00000268621","IGFL2-AS1",1.18937587261391,0.00759192148300315,"IGFL2-AS1",3.68684065861939,2.97152378684417e-15
"ENSG00000269729","LOC105372424",3.14606224328521,1.41314151943122e-26,"LOC105372424",2.82638123269849,1.34782804632292e-27
"ENSG00000269927",NA,1.58740412901403,6.20757604164689e-12,NA,0.989074668965306,8.81660337802444e-06
"ENSG00000269989",NA,2.12671910475595,1.11948503713121e-07,NA,1.50340192819128,2.36684447784858e-05
"ENSG00000270002",NA,2.85034640841361,3.05477265941492e-12,NA,2.87264682621753,3.79795655722451e-12
"ENSG00000270170","NCBP2AS2",0.291923169472587,0.00133760994348027,"NCBP2AS2",-0.319815500357151,0.000419002835417917
"ENSG00000270640",NA,0.0238856068894704,0.953370069492699,NA,0.188949457770936,0.401529063173136
"ENSG00000270647","TAF15",-0.261953608263007,0.0138229982035436,"TAF15",0.0361371953193026,0.823250390337203
"ENSG00000270681",NA,3.30656882310519,4.70824564144349e-08,NA,1.08075738546257,0.00957733902683172
"ENSG00000271447","MMP28",-0.0433550291307502,0.899901633961324,"MMP28",-0.0182584024716526,0.94693964473955
"ENSG00000272047","GTF2H5",0.158269516152259,0.0479846052607005,"GTF2H5",0.159808360704882,0.0443095513091609
"ENSG00000272142","LYRM4-AS1",-0.385161426732275,0.169002633103746,"LYRM4-AS1",-0.780224989744386,0.0315442545192514
"ENSG00000272293",NA,-0.720534940806069,0.0290931311307317,NA,-0.0053863559143207,0.985691018204976
"ENSG00000272325","NUDT3",-0.929912404196562,9.8603355306627e-13,"NUDT3",-0.709880533309717,5.40210261445902e-08
"ENSG00000272599",NA,0.657547596538923,0.000817426606384304,NA,0.956587170819191,6.73669047336666e-06
"ENSG00000272695","GAS6-DT",0.03868342072593,0.884534006810703,"GAS6-DT",0.142529859925675,0.431743140629734
"ENSG00000272703",NA,1.37598848074847,0.000824159302707348,NA,0.231318074533914,0.347883114740237
"ENSG00000272734",NA,0.0418424587016759,0.869636390138131,NA,-0.285017189670329,0.075643283681596
"ENSG00000273102","LOC124905013",0.579295756225066,0.0263992453732736,"LOC124905013",0.472863634425738,0.0497240515747318
"ENSG00000273132","LOC124901427",0.300686011464858,0.00999859104026958,"LOC124901427",0.0301165066909732,0.873900350041149
"ENSG00000273437",NA,-0.624574331362776,0.0254692906000757,NA,-0.761447981695097,0.0114247362865617
"ENSG00000273486",NA,0.231741792827243,0.373506888733113,NA,0.156845419662969,0.497580019979867
"ENSG00000274038",NA,0.195538232970745,0.492688829843891,NA,0.205236312604136,0.39079420308445
"ENSG00000274428","LOC124904634",-0.302171888904948,0.164520577166,"LOC124904634",0.159198301644248,0.445887973700748
"ENSG00000275023","MLLT6",-0.40822593980939,0.000468896586094572,"MLLT6",-0.323944546975837,0.00512598306736515
"ENSG00000275052","PPP4R3B",-0.122315749337576,0.119217837364466,"PPP4R3B",-0.133342001611092,0.0875585931745942
"ENSG00000275183","LENG9",0.0156886547474556,0.975530957494836,"LENG9",0.0534602289509604,0.849862000548709
"ENSG00000275216",NA,-0.724932068818891,0.0175157991369319,NA,0.217455083785877,0.313647977947676
"ENSG00000275342","PRAG1",0.391210453335932,0.00234557634598828,"PRAG1",0.772026196207046,2.0994026479858e-09
"ENSG00000275632",NA,-0.821362943965653,2.51438741451963e-07,NA,-0.462608471536387,0.00172785516408193
"ENSG00000275964",NA,0.190336974238761,0.488322116843009,NA,0.0323307587336014,0.917145995023207
"ENSG00000276023","DUSP14",1.13319407040445,1.31163487359897e-18,"DUSP14",0.95798222064371,3.0128092292632e-13
"ENSG00000276107",NA,0.0950521402610692,0.775799213717548,NA,0.27974384611591,0.250868486699089
"ENSG00000276170","LOC101929494",0.00559933456740159,0.989093889964837,"LOC101929494",-0.124809205221404,0.382412004256945
"ENSG00000276368","H2AC14",-1.25609412158635,8.14982739303354e-06,"H2AC14",-0.530123129066574,0.0234146707512525
"ENSG00000276600","RAB7B",0.993749814430419,0.0129422813813913,"RAB7B",1.06478722484673,0.0131774234920853
"ENSG00000276850","ANXA8",1.59342094134801,0.00221124017769931,"ANXA8",1.07965412148325,0.0123125115827092
"ENSG00000277147",NA,0.0355398943498067,0.928706556782745,NA,0.437754717632704,0.0622227975959678
"ENSG00000277496",NA,3.06567778618367,6.51817718142455e-07,NA,1.12858120941316,0.0108610031433065
"ENSG00000277639","CHD9NB",1.48183940538559,4.58281224664064e-10,"CHD9NB",1.10937800102225,2.87361122677241e-06
"ENSG00000277972","CISD3",0.027389646588902,0.827134692200709,"CISD3",-0.1922337708376,0.0231928868538488
"ENSG00000278259","MYO19",-0.618152324809216,6.1094804071218e-09,"MYO19",-0.405046395022805,8.489496188368e-05
"ENSG00000278291",NA,0.0631855744059956,0.835514078410425,NA,-0.186067352363835,0.37938159452498
"ENSG00000278540","ACACA",-0.766804613754623,1.30163195464558e-13,"ACACA",-0.63464059456515,1.1926961812155e-09
"ENSG00000278626",NA,0.904472790013747,0.021919122199485,NA,0.133630438058922,0.600653243694249
"ENSG00000278709","NKILA",1.73519060825945,6.80841256646715e-08,"NKILA",1.42227388155821,1.99922203058834e-06
"ENSG00000279208",NA,1.09452959445124,1.58130672079284e-06,NA,0.851142678215463,0.000111742143164341
"ENSG00000279384",NA,1.46811087333752,3.04947406958569e-06,NA,1.86325800440372,7.04472009153381e-08
"ENSG00000279591",NA,0.607229905763883,0.0453881414068787,NA,0.723542543828031,0.0192225390995675
"ENSG00000279806",NA,0.465680682867572,0.138952433906057,NA,1.46173950150774,0.00418088158080605
"ENSG00000279821",NA,0.376907450742419,0.169836511623998,NA,1.05654884088814,0.00229408307480532
"ENSG00000280132",NA,0.385414165850396,0.0706371537267077,NA,0.281593013440108,0.147186782501179
"ENSG00000280789","PAGR1",-0.689360132974042,5.35364347358577e-07,"PAGR1",-0.465006581082216,0.000563756107904061
"ENSG00000280798","LINC00294",0.231865470730041,0.162835532649748,"LINC00294",0.228183600196677,0.155464647287001
"ENSG00000281162",NA,-0.00589828336724281,0.996163822943065,NA,0.253579977396334,0.295553996408173
"ENSG00000281344",NA,-0.413968625734003,0.0363422701414433,NA,-0.485951036824429,0.0103348097883186
"ENSG00000281398","SNHG4",-0.0468212911814706,0.816755563344527,"SNHG4",-0.0264375610844695,0.904730969118568
"ENSG00000282057",NA,1.00185493490351,2.48627871056776e-06,NA,1.43343278413535,2.80987606837911e-10
"ENSG00000282386",NA,0.756752537902423,0.000212281440974575,NA,0.210526139076988,0.26158317008316
"ENSG00000282849","LOC124900414",0.141415723795253,0.65297785000749,"LOC124900414",1.40757971403156,0.00181884743105829
"ENSG00000283078","LOC105372705",2.51643055809639,8.29442020835873e-12,"LOC105372705",1.54127740162638,2.24313230496196e-05
"ENSG00000284753","EEF1AKMT4",0.85590258192896,1.70935658454584e-11,"EEF1AKMT4",0.704233855231746,1.66601536606192e-07
"ENSG00000284968",NA,0.552982763581232,0.00419077068973306,NA,0.142417235673876,0.473330757481751
"ENSG00000285159",NA,0.56050179187266,0.089394246429025,NA,0.87391420684175,0.0222413214722406
"ENSG00000285244","DINOL",3.25359035357529,5.7145402331006e-07,"DINOL",0.741023585039504,0.0240611168976941
"ENSG00000286219","NOTCH2NLC",-0.312874505684337,0.157339074087203,"NOTCH2NLC",-0.12458495209778,0.582584652396163
"ENSG00000286288","LOC100289473",2.04979203472958,0.000603727909346313,"LOC100289473",-0.0212953298115196,0.939926518346072
"ENSG00000286369","LOC105369363",3.17717171268871,1.50136867150381e-11,"LOC105369363",3.10567562885522,3.65433596039823e-12
"ENSG00000286406",NA,0.684461361423351,0.00456975519046545,NA,1.45479194592985,4.78663298341012e-08
"ENSG00000287185",NA,0.655062158388111,0.0103696254372319,NA,0.58095919093105,0.0230461045700201
"ENSG00000287712",NA,0.407449576508964,0.179086860936889,NA,0.104941708506331,0.691416321535445
"ENSG00000287733",NA,0.00383834765133371,0.999361380268385,NA,-0.0753121042373784,0.779278775444886
"ENSG00000287778",NA,0.29565598071006,0.288751565634444,NA,-0.0251875574321908,0.931095121493305
"ENSG00000288649","ACTL10",0.0913025591400181,0.76817961510699,"ACTL10",-0.0218756611233367,0.939058234543942
"ENSG00000288792",NA,0.221907928725041,0.458338884999037,NA,0.00517638991731593,0.986167759560529
"ENSG00000288924",NA,-0.213866867104501,0.244769790351793,NA,0.00237318989423715,0.992176059550387
"ENSG00000289004",NA,0.094560493613946,0.732176250794122,NA,0.0628882790464779,0.826720435198578
"ENSG00000289047","LOC100294145",0.969648309264748,7.05637693105546e-12,"LOC100294145",0.521125866936331,0.000134995857071966
"ENSG00000289194",NA,-0.526677038363376,2.39018652773594e-07,NA,-0.0392269569827112,0.807022751057869
"ENSG00000289275",NA,1.00682161164113,0.000249355458400299,NA,1.22886652775558,7.40717619753835e-05
"ENSG00000289365",NA,1.0375493059154,0.00158962423226026,NA,1.16185900457019,0.00108220351234749
"ENSG00000289418",NA,-0.0147751612060209,0.976901507985409,NA,-0.0343117925353647,0.907433200854203
"ENSG00000289426",NA,2.20361638484366,4.77634681495563e-06,NA,1.99639044092671,0.00059360711988535
"ENSG00000289520",NA,-1.01583986655945,0.0120481655382128,NA,-1.10048144869774,0.011218363497781
"ENSG00000289526",NA,1.75021761011905,1.57725711344174e-19,NA,1.88619948778456,1.71072154233796e-24
"ENSG00000289627",NA,0.170166559959334,0.569869636225933,NA,0.299992259464883,0.226219843199054
"ENSG00000289839","LOC102725231",0.225829671027531,0.413874396942139,"LOC102725231",0.043941155278782,0.87607922084666
"ENSG00000290032",NA,0.742788346293883,8.18951965341584e-07,NA,0.339167930746323,0.0194370594109911
