"ENSEMBL","SYMBOL","log2FoldChange","padj"
"ENSG00000000460","FIRRM",-0.74678846638288,5.30021230391601e-07
"ENSG00000001631","KRIT1",-0.401563822682593,0.016183363936645
"ENSG00000004478","FKBP4",-0.217724419070952,0.00654124179323451
"ENSG00000004534","RBM6",-0.265862284830319,0.00445985747993254
"ENSG00000004700","RECQL",-0.266307241048392,0.00693837550043437
"ENSG00000004776","HSPB6",-0.70010527739851,0.0168694501972531
"ENSG00000004864","SLC25A13",-0.28869971054074,0.000696048176798992
"ENSG00000004897","CDC27",-0.332621197782965,1.37299656080021e-06
"ENSG00000005007","UPF1",-0.555228584172723,6.37757567078394e-08
"ENSG00000005059","MCUB",-0.360478799536965,0.00154326077795017
"ENSG00000005175","RPAP3",-0.263198490241527,0.00421739208133642
"ENSG00000005339","CREBBP",-0.425504897179605,0.000509296544063191
"ENSG00000005812","FBXL3",-0.25129467035654,0.0450140835047762
"ENSG00000006377","DLX6",-0.587710708073161,0.0240288909861433
"ENSG00000006453","BAIAP2L1",-0.283071231124247,0.00434810245323925
"ENSG00000006576","PHTF2",-0.371165223864146,0.000107395640877676
"ENSG00000006607","FARP2",-0.297721831480467,0.0135517409863661
"ENSG00000006831","ADIPOR2",-0.189227675285519,0.00693905842599445
"ENSG00000008710","PKD1",-0.327558839358434,0.0450078163363166
"ENSG00000008853","RHOBTB2",-0.362985742023805,0.0165115878855234
"ENSG00000009954","BAZ1B",-0.795712096867136,8.61312611513535e-18
"ENSG00000010017","RANBP9",-0.416080029322961,0.000142588510286653
"ENSG00000010361","FUZ",-0.343652198438837,0.000778350584063978
"ENSG00000011275","RNF216",-0.358229914339082,0.000106631972029526
"ENSG00000011332","DPF1",-0.451363086459728,0.00213049648394332
"ENSG00000011426","ANLN",-1.29521050859746,1.16741072229935e-23
"ENSG00000012048","BRCA1",-0.854211104708094,2.24669710272705e-18
"ENSG00000012963","UBR7",-0.74626395787207,2.87722463263486e-18
"ENSG00000013503","POLR3B",-0.28544636252932,0.00478673878661539
"ENSG00000013810","TACC3",-1.01737611901278,1.19519638820092e-17
"ENSG00000014138","POLA2",-0.52843443332639,7.36944849424506e-05
"ENSG00000015171","ZMYND11",-0.398486706353863,5.61951891135544e-08
"ENSG00000018510","AGPS",-0.179011155730718,0.0343971703208227
"ENSG00000018699","TTC27",-0.242050526491408,0.0317658796144377
"ENSG00000019995","ZRANB1",-0.207432387272186,0.0213111232934814
"ENSG00000020922","MRE11",-0.691628023867385,3.23565062339233e-12
"ENSG00000023041","ZDHHC6",-0.31036041289696,0.00224529091969847
"ENSG00000023516","AKAP11",-0.284979931165388,0.00294041772119844
"ENSG00000025770","NCAPH2",-0.572856559829727,1.95740214119323e-05
"ENSG00000029725","RABEP1",-0.358747774981777,6.62626573367497e-05
"ENSG00000029993","HMGB3",-0.598047925118367,9.01785124415058e-06
"ENSG00000031003","FAM13B",-0.387912606719449,0.018003507528363
"ENSG00000031823","RANBP3",-0.178927929915259,0.0488414106142346
"ENSG00000033030","ZCCHC8",-0.37531940386926,0.00128887181181026
"ENSG00000033170","FUT8",-0.353159750422069,0.00537385561265015
"ENSG00000035115","SH3YL1",-0.642203299794529,0.0125437443220299
"ENSG00000035141","FAM136A",-0.165908509877013,0.0257071637730081
"ENSG00000035403","VCL",-0.306878294548182,0.000577963401969248
"ENSG00000035928","RFC1",-0.595567920558484,1.16059670170183e-16
"ENSG00000036257","CUL3",-0.554535673090379,2.42534231726675e-14
"ENSG00000037897","METTL1",-0.294204101180119,0.0102089240142408
"ENSG00000038210","PI4K2B",-0.31105919306567,0.0353358437541955
"ENSG00000038219","BOD1L1",-0.430409409844625,2.21217008198672e-05
"ENSG00000040199","PHLPP2",-0.420759838464715,0.0263374686435065
"ENSG00000040275","SPDL1",-0.797244282480451,2.87364969482972e-16
"ENSG00000042088","TDP1",-0.31536831626853,0.00484052536292835
"ENSG00000044459","CNTLN",-0.567424118080366,4.15044240682196e-09
"ENSG00000047365","ARAP2",-0.64621970179637,0.00191698327710282
"ENSG00000047410","TPR",-0.577854001495228,2.46650688210923e-07
"ENSG00000047579","DTNBP1",-0.197979982734942,0.0494317414465933
"ENSG00000047634","SCML1",-0.444187831013968,0.00101929991466786
"ENSG00000047644","WWC3",-0.335978698869832,0.0178581896771098
"ENSG00000048028","USP28",-0.400681585464556,0.000158108949673907
"ENSG00000048405","ZNF800",-0.23906961565292,0.0169022200054822
"ENSG00000048991","R3HDM1",-0.280779662182505,0.00203483971960511
"ENSG00000049192","ADAMTS6",-0.393966211138309,0.036122493405852
"ENSG00000049618","ARID1B",-0.334373812487538,0.000252836224610912
"ENSG00000050344","NFE2L3",-0.317823884243462,0.0185955731665858
"ENSG00000050393","MCUR1",-0.274432487844803,0.000140654936503684
"ENSG00000050438","SLC4A8",-0.49065755063808,0.0255985329980348
"ENSG00000050748","MAPK9",-0.256390541109516,0.0036852999769331
"ENSG00000051180","RAD51",-0.651931386990932,2.14371599353746e-05
"ENSG00000051341","POLQ",-1.18011780903445,1.83898401198097e-16
"ENSG00000051382","PIK3CB",-0.230077357156707,0.0231632443241683
"ENSG00000051825","MPHOSPH9",-0.732382100530312,1.42244239705466e-09
"ENSG00000054598","FOXC1",-0.36403444334369,0.000316985731681899
"ENSG00000054654","SYNE2",-1.06465172719119,3.16051393251505e-13
"ENSG00000054967","RELT",-0.479480051132505,0.000289242086619945
"ENSG00000056097","ZFR",-0.250326790897858,0.00259263788726587
"ENSG00000056277","ZNF280C",-0.390771304950617,0.0156378429733934
"ENSG00000058056","USP13",-0.516286993784479,1.26841489447318e-09
"ENSG00000058091","CDK14",-0.316686429919864,0.00863524949274625
"ENSG00000058729","RIOK2",-0.235796249697779,0.0308439792169153
"ENSG00000060237","WNK1",-0.194992047522085,0.0463161010560665
"ENSG00000060339","CCAR1",-0.287564648415688,5.29465136195268e-05
"ENSG00000060749","QSER1",-0.587718781558041,1.42819923335657e-08
"ENSG00000061936","SFSWAP",-0.244586645761865,0.00853422574745217
"ENSG00000062194","GPBP1",-0.328323923326854,4.28060107434107e-07
"ENSG00000062650","WAPL",-0.39149910020827,4.7755795251363e-06
"ENSG00000062822","POLD1",-0.637259122265121,0.000138499158224978
"ENSG00000064419","TNPO3",-0.242145929520066,0.00339557520571607
"ENSG00000064607","SUGP2",-0.451184247429489,1.13211461879343e-07
"ENSG00000064703","DDX20",-0.432196498046915,9.13325010325412e-06
"ENSG00000065060","BLTP3A",-0.975149757875944,8.43906329955803e-09
"ENSG00000065243","PKN2",-0.356181398702613,0.000154738621598219
"ENSG00000065526","SPEN",-0.586502774216326,3.29978268172667e-07
"ENSG00000065613","SLK",-0.387310195024897,7.34804102159972e-05
"ENSG00000065618","COL17A1",-0.473209902311719,0.00982673042577969
"ENSG00000065883","CDK13",-0.453751176604606,1.99569384053537e-06
"ENSG00000065970","FOXJ2",-0.258328867167154,0.0261657661091845
"ENSG00000066044","ELAVL1",-0.24656988250951,0.00973113032647759
"ENSG00000066117","SMARCD1",-0.375177928176317,0.000231729453039003
"ENSG00000066279","ASPM",-1.3950294357917,4.22860973636857e-19
"ENSG00000066629","EML1",-0.466274991953899,0.0249647957225154
"ENSG00000066654","THUMPD1",-0.333711519251405,8.59183863677496e-07
"ENSG00000067141","NEO1",-1.07742970546722,0.000292588949138406
"ENSG00000067248","DHX29",-0.202990122138834,0.0105343887812935
"ENSG00000067900","ROCK1",-0.189515654979474,0.0499635919318959
"ENSG00000067955","CBFB",-0.631439505107919,1.16674790239437e-18
"ENSG00000067992","PDK3",-0.350513975839393,0.0231190329848846
"ENSG00000068489","PRR11",-0.70631566498756,1.58196196784821e-10
"ENSG00000068784","SRBD1",-0.475578060810235,1.87700243343482e-06
"ENSG00000069011","PITX1",-0.446242277612341,3.75664636349096e-05
"ENSG00000069248","NUP133",-0.295038235093671,0.0142295487412676
"ENSG00000069275","NUCKS1",-0.451083173057175,1.49975866010348e-06
"ENSG00000069696","DRD4",-0.882047034833856,0.00388494034620021
"ENSG00000069869","NEDD4",-0.5548596781344,1.030845148292e-05
"ENSG00000070047","PHRF1",-0.619467166693781,8.13793612540445e-09
"ENSG00000070366","SMG6",-0.268004074863353,0.0149074629549694
"ENSG00000070423","RNF126",-0.24497040270729,0.033293097822401
"ENSG00000070476","ZXDC",-0.304527066749039,0.0122415165539142
"ENSG00000070756","PABPC1",-0.413659261822821,4.68564507167863e-05
"ENSG00000070770","CSNK2A2",-0.50316602078605,5.64757701911808e-10
"ENSG00000070831","CDC42",-0.478057410636688,0.0411081753201253
"ENSG00000070950","RAD18",-0.603187780444499,1.14578507330552e-09
"ENSG00000071054","MAP4K4",-0.280624379055128,0.0139387314385506
"ENSG00000071205","ARHGAP10",-0.316637872529584,0.000175331861547255
"ENSG00000071539","TRIP13",-0.680147324230632,1.62760362296739e-09
"ENSG00000071564","TCF3",-0.364393094164606,7.85739586319026e-06
"ENSG00000071655","MBD3",-0.366929426751806,0.00308559254344166
"ENSG00000072518","MARK2",-0.376239469179522,0.000772392961629174
"ENSG00000072571","HMMR",-1.05654626642679,3.63887490212353e-08
"ENSG00000072864","NDE1",-0.450799480946448,0.00018926368115168
"ENSG00000073417","PDE8A",-0.601751780584834,8.22696279495923e-06
"ENSG00000073584","SMARCE1",-0.527709027971948,0.0100934134979263
"ENSG00000074266","EED",-0.308164346396796,0.00262200443539899
"ENSG00000074356","NCBP3",-0.268945341035004,0.00222222567183784
"ENSG00000075218","GTSE1",-0.977104957321922,2.41231865075775e-24
"ENSG00000075292","ZNF638",-0.250994218290103,0.0158960840322925
"ENSG00000075336","TIMM21",-0.363876660081075,3.84626661797216e-05
"ENSG00000075407","ZNF37A",-0.362728680939152,0.000103767043757694
"ENSG00000075539","FRYL",-0.332160325807113,0.000165722012783748
"ENSG00000075624","ACTB",-0.183580089885672,0.0478631628370728
"ENSG00000075702","WDR62",-0.689096733652103,0.000534891281470991
"ENSG00000075711","DLG1",-0.333193130983512,0.0016192737815755
"ENSG00000076242","MLH1",-0.270897751462398,0.00730467093480626
"ENSG00000076356","PLXNA2",-0.739376249925091,0.000234596282877395
"ENSG00000076382","SPAG5",-0.915166848308067,3.87054623694933e-11
"ENSG00000077097","TOP2B",-0.299016111042739,0.000101421097180014
"ENSG00000077152","UBE2T",-0.813899782847759,1.74333033203755e-07
"ENSG00000077312","SNRPA",-0.404175932156757,5.9299081095959e-06
"ENSG00000077458","FAM76B",-0.865863209340877,1.54016664944905e-09
"ENSG00000077514","POLD3",-0.895354478270295,3.14017482820841e-15
"ENSG00000077782","FGFR1",-0.403346542038604,0.00145572187271726
"ENSG00000078043","PIAS2",-0.226539839110981,0.0208273286573041
"ENSG00000078140","UBE2K",-0.247641363651363,0.000421751367546417
"ENSG00000078177","N4BP2",-0.362228629244398,0.00453622827452238
"ENSG00000078674","PCM1",-0.471592783268373,1.26484638353389e-08
"ENSG00000079134","THOC1",-0.602482015314871,1.14139604480988e-06
"ENSG00000079156","OSBPL6",-0.312208107946652,0.0010251425537893
"ENSG00000079387","SENP1",-0.475128748509299,5.00748368400724e-07
"ENSG00000079616","KIF22",-0.978866066261636,2.64891019522781e-17
"ENSG00000080200","CRYBG3",-0.339021543389791,0.0213032420998861
"ENSG00000080824","HSP90AA1",-0.362942205018415,0.000144534371313295
"ENSG00000080839","RBL1",-0.772744314593306,2.52845756968777e-11
"ENSG00000081026","MAGI3",-0.363631694637494,0.00216702851053658
"ENSG00000082153","BZW1",-0.313630732434481,0.000288353563685053
"ENSG00000082397","EPB41L3",-0.253192513314827,0.0292889724617092
"ENSG00000082438","COBLL1",-0.384332468577139,0.000998699819450178
"ENSG00000082516","GEMIN5",-0.427975567837314,5.41371964393493e-06
"ENSG00000083093","PALB2",-0.470262013039078,3.30320321685128e-05
"ENSG00000083168","KAT6A",-0.593716199047882,2.7901872930088e-14
"ENSG00000083312","TNPO1",-0.215319065505155,0.00176252726962323
"ENSG00000083635","NUFIP1",-0.362136184335483,7.00794571331034e-07
"ENSG00000083642","PDS5B",-0.72522628344652,6.80691151599403e-15
"ENSG00000083857","FAT1",-0.339200890552232,0.015167654746072
"ENSG00000084093","REST",-0.30491448535005,0.00179593600312294
"ENSG00000084463","WBP11",-0.736889208996326,1.24952927734301e-17
"ENSG00000085224","ATRX",-0.2382826259922,0.00911432119528409
"ENSG00000085449","WDFY1",-0.356726739209472,0.0108474096806793
"ENSG00000085491","SLC25A24",-0.288035089564293,0.00223463016373828
"ENSG00000085511","MAP3K4",-0.27919704631357,0.0013862803788565
"ENSG00000085840","ORC1",-0.918145399761189,1.67849939497521e-09
"ENSG00000085982","USP40",-0.185602186245128,0.0325865730462955
"ENSG00000085999","RAD54L",-0.584394815001877,0.000820312259091841
"ENSG00000086061","DNAJA1",-0.392753075372301,4.65305785072515e-07
"ENSG00000086200","IPO11",-0.422303648722313,3.84365615089221e-05
"ENSG00000086827","ZW10",-0.474061499239194,5.36902650145824e-06
"ENSG00000087053","MTMR2",-0.246739366441044,0.007547500549627
"ENSG00000087301","TXNDC16",-0.580068489163181,0.00408264888033816
"ENSG00000087338","GMCL1",-0.288510850207631,0.00399186737130627
"ENSG00000087470","DNM1L",-0.196369316005529,0.00244344715335448
"ENSG00000088038","CNOT3",-0.623342065823213,0.000276763183110139
"ENSG00000088247","KHSRP",-0.587134866044983,3.45080861022997e-14
"ENSG00000088256","GNA11",-0.255364508435692,0.0353245094178896
"ENSG00000088325","TPX2",-1.29790979048351,1.86924339734523e-35
"ENSG00000088356","PDRG1",-0.272376455211359,0.0163530024550379
"ENSG00000088448","ANKRD10",-0.270962329901109,0.0148835552302897
"ENSG00000088808","PPP1R13B",-0.328656862303419,0.0335668225857943
"ENSG00000089048","ESF1",-0.209031486283402,0.00312626032209157
"ENSG00000089057","SLC23A2",-0.297452025457878,0.0162109926892633
"ENSG00000089094","KDM2B",-0.352159936076982,0.00277964801102473
"ENSG00000089737","DDX24",-0.321910778751706,1.02979308138718e-07
"ENSG00000089902","RCOR1",-0.448956160957219,3.39597325014951e-06
"ENSG00000090470","PDCD7",-0.228218562782186,0.00786714745329542
"ENSG00000090565","RAB11FIP3",-0.434244648939551,0.00498835903937182
"ENSG00000090621","PABPC4",-0.424763381014861,1.21044576729074e-07
"ENSG00000090889","KIF4A",-1.06008807936621,4.02942795607252e-22
"ENSG00000090905","TNRC6A",-0.226502608002226,0.00903717683400189
"ENSG00000091436","MAP3K20",-0.250169853885876,0.000162869443817654
"ENSG00000092201","SUPT16H",-0.48490032593672,4.8513696845987e-09
"ENSG00000092820","EZR",-0.246048219693679,0.00288663484267654
"ENSG00000092847","AGO1",-0.314126943065691,0.00474862536452636
"ENSG00000092853","CLSPN",-1.02638653308955,2.55746643618965e-19
"ENSG00000092964","DPYSL2",-0.229692567517056,0.028841730774753
"ENSG00000093000","NUP50",-0.673678303986188,7.79992744147892e-17
"ENSG00000093217","XYLB",-0.342757746136296,0.0129358269014995
"ENSG00000094880","CDC23",-0.266244723455594,0.0135969517872478
"ENSG00000094914","AAAS",-0.362311675962979,0.00135246821917594
"ENSG00000094916","CBX5",-0.415477467699118,1.47554983691209e-05
"ENSG00000095015","MAP3K1",-0.308064714091895,0.0427630302026814
"ENSG00000095319","NUP188",-0.634456871214292,1.81657209088478e-08
"ENSG00000095485","CWF19L1",-0.361105035530358,0.00556765403887333
"ENSG00000095564","BTAF1",-0.635708765754238,1.02825490121714e-08
"ENSG00000095637","SORBS1",-0.540400794140844,0.0450078163363166
"ENSG00000095787","WAC",-0.225033932302939,1.62444947677881e-06
"ENSG00000096060","FKBP5",-1.02118468472099,1.0451387572179e-09
"ENSG00000096063","SRPK1",-0.21292644937915,3.11556400534737e-06
"ENSG00000096401","CDC5L",-0.502657596955759,1.56403408423644e-13
"ENSG00000096654","ZNF184",-0.558556089712122,0.00744814595427964
"ENSG00000096717","SIRT1",-0.643546413149769,1.63536631801353e-06
"ENSG00000097096","SYDE2",-0.521866146471724,0.00839632523025181
"ENSG00000099284","MACROH2A2",-0.587113335607265,0.0389798060307392
"ENSG00000099942","CRKL",-0.424212569890836,7.78886105713652e-06
"ENSG00000099956","SMARCB1",-0.159298129316521,0.0423812710372131
"ENSG00000100162","CENPM",-1.04505247024706,6.42692318552214e-13
"ENSG00000100207","TCF20",-0.427997770523916,8.5388829304742e-05
"ENSG00000100266","PACSIN2",-0.343796685256135,0.000551949375989654
"ENSG00000100401","RANGAP1",-0.593450916646627,1.32443246643915e-10
"ENSG00000100416","TRMU",-0.766570978537171,1.72547642149256e-08
"ENSG00000100425","BRD1",-0.393708391311985,0.007547500549627
"ENSG00000100426","ZBED4",-0.429902396178443,0.000193501630777822
"ENSG00000100503","NIN",-0.86754769141979,4.36288659787057e-14
"ENSG00000100504","PYGL",-0.241036845640051,0.0232982013595963
"ENSG00000100578","KIAA0586",-0.547657326636776,2.28227006858309e-07
"ENSG00000100580","TMED8",-0.368078639673582,0.0001098612750322
"ENSG00000100629","CEP128",-0.716931403214473,1.4914333403757e-06
"ENSG00000100697","DICER1",-0.361504288412218,0.000171282153684904
"ENSG00000100722","ZC3H14",-0.255740922154939,6.67135864938888e-05
"ENSG00000100749","VRK1",-0.625625693506889,2.21956626532175e-11
"ENSG00000100784","RPS6KA5",-0.764592931969573,2.92899882569532e-05
"ENSG00000100796","PPP4R3A",-0.466625175850767,5.54218582919218e-07
"ENSG00000100811","YY1",-0.335052093573865,5.90884127008324e-12
"ENSG00000100813","ACIN1",-0.396410799200491,0.000159111445915425
"ENSG00000100908","EMC9",-0.430151241075303,0.0034109744991248
"ENSG00000100994","PYGB",-0.184173807194963,0.0450571787938945
"ENSG00000100997","ABHD12",-0.209530105590977,0.0145435869943824
"ENSG00000101003","GINS1",-0.541868081864271,4.8557324402547e-05
"ENSG00000101126","ADNP",-0.394004442344191,4.73687616462285e-05
"ENSG00000101191","DIDO1",-0.505993415743895,2.88420558484761e-06
"ENSG00000101224","CDC25B",-0.252542841570733,0.0290737619790559
"ENSG00000101230","ISM1",-0.483788805847443,0.0413404115487077
"ENSG00000101246","ARFRP1",-0.443401655952845,0.0014827300066792
"ENSG00000101307","SIRPB1",-0.467331102398337,0.0384462057888953
"ENSG00000101346","POFUT1",-0.271441117991841,4.30094670373574e-05
"ENSG00000101407","TTI1",-0.241802666031592,0.0471941416277685
"ENSG00000101557","USP14",-0.228793272890756,5.06497308340885e-06
"ENSG00000101558","VAPA",-0.254601421662949,0.000292463835224198
"ENSG00000101596","SMCHD1",-1.07328681321518,1.80776652756942e-24
"ENSG00000101624","CEP76",-0.679303934554101,7.61746499540116e-05
"ENSG00000101639","CEP192",-0.768341272875887,3.06727942724374e-08
"ENSG00000101773","RBBP8",-0.500865988011884,4.9729655688447e-08
"ENSG00000101811","CSTF2",-0.221240164042805,0.0350447281689426
"ENSG00000101974","ATP11C",-0.389150174463813,2.93705131490346e-05
"ENSG00000102189","EEA1",-0.270467762166567,0.00977025741831471
"ENSG00000102221","JADE3",-0.497841602244146,0.00457747835002797
"ENSG00000102241","HTATSF1",-0.350455120085189,0.000112588519854052
"ENSG00000102384","CENPI",-0.477301031855362,1.18339488055077e-05
"ENSG00000102753","KPNA3",-0.483758418392086,8.4043064507995e-10
"ENSG00000102780","DGKH",-0.247309151233204,0.0267718589176631
"ENSG00000102908","NFAT5",-0.413941129374194,0.00754019472330176
"ENSG00000102974","CTCF",-0.570006914396986,7.09223863369198e-11
"ENSG00000102977","ACD",-0.26559034664492,0.0213187102286821
"ENSG00000103064","SLC7A6",-0.426090534265402,0.000389013689970794
"ENSG00000103121","CMC2",-0.292979747005852,0.00141285252748905
"ENSG00000103145","HCFC1R1",-0.268269640140773,0.00599685512544424
"ENSG00000103194","USP10",-0.327979299211666,1.07559119636678e-07
"ENSG00000103274","NUBP1",-0.480165173410822,1.41352177819219e-05
"ENSG00000103275","UBE2I",-0.307481846484015,0.000153089035783076
"ENSG00000103319","EEF2K",-0.225286711415967,0.0485050187823501
"ENSG00000103335","PIEZO1",-0.293919541504462,0.0231630627553344
"ENSG00000103342","GSPT1",-0.440396205272884,1.17088517493132e-12
"ENSG00000103356","EARS2",-0.420648198408407,0.000787146328913932
"ENSG00000103365","GGA2",-0.35674963645728,0.0029814151971357
"ENSG00000103479","RBL2",-0.341695827935456,0.0105724189777769
"ENSG00000103495","MAZ",-0.335595184369869,0.000130331441775898
"ENSG00000103510","KAT8",-0.291283741773898,0.0469486701485016
"ENSG00000103540","CCP110",-0.534721957715929,3.01066805621751e-09
"ENSG00000103994","ZNF106",-0.179593858436035,0.0357418982205317
"ENSG00000103995","CEP152",-0.871508467932445,5.31323959729759e-15
"ENSG00000104067","TJP1",-0.38222257436737,0.000885915891316503
"ENSG00000104177","MYEF2",-0.667631704491592,6.67346767974636e-07
"ENSG00000104356","POP1",-0.276256280674232,0.00112345941691734
"ENSG00000104375","STK3",-0.367842428399474,0.00098005723723393
"ENSG00000104442","ARMC1",-0.256221850271879,0.00128669351933411
"ENSG00000104450","SPAG1",-0.741223014952612,1.08285101040186e-06
"ENSG00000104517","UBR5",-0.20353259316807,0.0455801378886595
"ENSG00000104626","ERI1",-0.674843710236566,5.44113972744282e-11
"ENSG00000104731","KLHDC4",-0.38407810998782,0.00457426488889616
"ENSG00000104852","SNRNP70",-0.369097985830983,7.15683461729189e-06
"ENSG00000104859","CLASRP",-0.489488352098933,0.00173242755733004
"ENSG00000104885","DOT1L",-0.430879141389721,0.00256530745069069
"ENSG00000104899","AMH",-0.50868621321258,0.0402181153669179
"ENSG00000104969","SGTA",-0.871860063648411,9.2059904487145e-08
"ENSG00000105011","ASF1B",-0.854757887881615,1.71357066936978e-16
"ENSG00000105127","AKAP8",-0.271997343083769,0.00143877790125353
"ENSG00000105202","FBL",-0.58882201636037,6.71359290406517e-09
"ENSG00000105248","YJU2",-0.337918619521119,0.015167654746072
"ENSG00000105298","CACTIN",-0.328642683202289,0.0127624484520676
"ENSG00000105323","HNRNPUL1",-0.482980406026716,1.37442458133087e-09
"ENSG00000105426","PTPRS",-0.36237787921887,0.0382148951633398
"ENSG00000105486","LIG1",-0.613426193835362,2.21386953811115e-05
"ENSG00000105656","ELL",-0.322412616708793,0.00820478799998928
"ENSG00000105810","CDK6",-0.255737852320051,0.0416626068162264
"ENSG00000105866","SP4",-0.586710355572559,0.000605072249843824
"ENSG00000105939","ZC3HAV1",-0.191327919098026,0.0459029318859394
"ENSG00000106144","CASP2",-0.561966508276721,3.01288270082326e-08
"ENSG00000106278","PTPRZ1",-1.01959178188293,0.000857788877827229
"ENSG00000106299","WASL",-0.201618105718046,0.0313473268744999
"ENSG00000106344","RBM28",-0.457023743131657,1.6847186032288e-06
"ENSG00000106399","RPA3",-0.30819671268381,0.0177666669492317
"ENSG00000106477","CEP41",-0.360517678263196,6.29350890426272e-06
"ENSG00000106571","GLI3",-0.498979384845044,3.16824565272486e-05
"ENSG00000106588","PSMA2",-0.693605228221873,0.0184771018826482
"ENSG00000106804","C5",-0.574952829499361,0.0403968201311502
"ENSG00000107263","RAPGEF1",-0.359605888864951,0.00285437156131584
"ENSG00000107362","ABHD17B",-0.360385087674975,0.0017813162919763
"ENSG00000107554","DNMBP",-0.236364578324696,0.0078097118123708
"ENSG00000107581","EIF3A",-0.366716639884329,0.00102072216718835
"ENSG00000107611","CUBN",-0.482786882060161,0.0447854043667092
"ENSG00000107672","NSMCE4A",-0.447451289162845,1.08144496890949e-05
"ENSG00000107938","EDRF1",-0.434038613803081,1.96909655823153e-05
"ENSG00000108021","TASOR2",-0.530020962920036,2.36542039884928e-07
"ENSG00000108094","CUL2",-0.365129096711931,0.0016019571889909
"ENSG00000108106","UBE2S",-1.04954408823052,1.62492173616623e-09
"ENSG00000108219","TSPAN14",-0.482960737871384,3.33654858916614e-09
"ENSG00000108256","NUFIP2",-0.266896674436853,0.00115559109399877
"ENSG00000108312","UBTF",-0.658862451277533,1.27089942966282e-10
"ENSG00000108349","CASC3",-0.237954525498446,0.00121025872023334
"ENSG00000108379","WNT3",-0.513927401381762,0.0167636762094959
"ENSG00000108384","RAD51C",-0.292422032780307,0.0197870435166289
"ENSG00000108424","KPNB1",-0.542242187612498,6.0644140235363e-17
"ENSG00000108443","RPS6KB1",-0.319976955145152,0.00253782156340252
"ENSG00000108468","CBX1",-0.396164576804473,2.04611413111779e-05
"ENSG00000108506","INTS2",-0.384580330840034,0.0120821088792051
"ENSG00000108510","MED13",-0.261070703362611,0.00844680036145112
"ENSG00000109062","NHERF1",-0.227717061280882,0.0460631008054091
"ENSG00000109084","TMEM97",-0.666515496713655,1.33529771503764e-11
"ENSG00000109184","DCUN1D4",-0.231663602695828,0.0498843038439296
"ENSG00000109189","USP46",-0.252232026884893,0.0236602873774854
"ENSG00000109320","NFKB1",-0.516413940476889,6.16005339229768e-08
"ENSG00000109381","ELF2",-0.268771242663568,0.0110433726023925
"ENSG00000109674","NEIL3",-0.915840242073959,1.69369593471274e-08
"ENSG00000109685","NSD2",-1.13495829829512,1.48040842861349e-43
"ENSG00000109805","NCAPG",-1.13580831926985,2.86647989614079e-28
"ENSG00000110104","CCDC86",-0.296024477659706,0.0253159198093803
"ENSG00000110400","NECTIN1",-0.573110983099734,3.14290406754596e-06
"ENSG00000110721","CHKA",-0.374121856057179,0.00582067799250222
"ENSG00000110917","MLEC",-0.20748142746282,0.00878850146566631
"ENSG00000110987","BCL7A",-0.470964084144969,0.00088601190863192
"ENSG00000111011","RSRC2",-0.23793345029553,0.00530389059077139
"ENSG00000111057","KRT18",-0.264847206479272,0.0134101154854732
"ENSG00000111196","MAGOHB",-0.562356618479048,1.29012161299861e-08
"ENSG00000111206","FOXM1",-0.763709346581973,1.00749441500962e-07
"ENSG00000111231","GPN3",-0.273938634247022,0.0268279704432433
"ENSG00000111247","RAD51AP1",-0.728632082822638,2.43766764007032e-11
"ENSG00000111371","SLC38A1",-0.628812616354009,0.000275234714034964
"ENSG00000111490","TBC1D30",-0.430202751451015,0.0490070082445219
"ENSG00000111602","TIMELESS",-0.527971250558901,4.02750276644629e-07
"ENSG00000111642","CHD4",-0.194264986145022,0.0428607914157113
"ENSG00000111665","CDCA3",-1.10883460365779,1.76744435497777e-15
"ENSG00000111731","C2CD5",-0.462596796384441,0.00232033452649932
"ENSG00000111737","RAB35",-0.370669064500749,0.000127104317890777
"ENSG00000111877","MCM9",-0.528461382236093,0.0217583216129071
"ENSG00000111880","RNGTT",-0.261201756360537,0.0105111175780524
"ENSG00000112033","PPARD",-0.423814696540069,0.00935412659762645
"ENSG00000112130","RNF8",-0.23299236459376,0.00480365321059409
"ENSG00000112208","BAG2",-0.234202379956819,0.0210699471239877
"ENSG00000112365","ZBTB24",-0.470863589718073,0.000113049325507152
"ENSG00000112379","ARFGEF3",-0.497112813089779,0.0365219164743461
"ENSG00000112559","MDFI",-0.711118882161238,0.00418307862694533
"ENSG00000112701","SENP6",-0.332537732207703,0.0013142267422837
"ENSG00000112742","TTK",-0.940751615570827,3.61603480965947e-11
"ENSG00000112877","CEP72",-0.940411223001356,5.40345775393678e-07
"ENSG00000112941","TENT4A",-0.502960321463183,2.8373507541316e-05
"ENSG00000113300","CNOT6",-0.299691602731617,0.000430485021801188
"ENSG00000113558","SKP1",-0.313885308520389,0.0153542913362547
"ENSG00000113575","PPP2CA",-0.495162988567123,1.20850715981708e-05
"ENSG00000113578","FGF1",-0.392798482538309,0.0474147631134585
"ENSG00000113645","WWC1",-0.452274463116476,0.00109801885642489
"ENSG00000113658","SMAD5",-0.164441069483046,0.0164922787182968
"ENSG00000113810","SMC4",-1.21953474387171,1.39329025895783e-30
"ENSG00000114107","CEP70",-0.374892190378882,0.00419360812072218
"ENSG00000114120","SLC25A36",-0.261431154303736,0.000705716156153149
"ENSG00000114346","ECT2",-1.00766693656285,1.05681262760013e-23
"ENSG00000114416","FXR1",-0.21373646546174,0.0444541841394989
"ENSG00000114631","PODXL2",-0.861305591590461,0.000496544617695386
"ENSG00000114739","ACVR2B",-0.713169659147575,6.70868014516693e-05
"ENSG00000114790","ARHGEF26",-0.873675079747269,1.49419236121195e-07
"ENSG00000114857","NKTR",-0.343252765914478,0.00348831449425396
"ENSG00000114861","FOXP1",-0.278516709920792,0.00226200454591904
"ENSG00000114867","EIF4G1",-0.437220427087488,4.13334274848787e-06
"ENSG00000114904","NEK4",-0.363661509253771,0.00674802177086184
"ENSG00000114978","MOB1A",-0.18643896013261,0.0230489472743547
"ENSG00000115159","GPD2",-0.216309080742062,0.011958385958905
"ENSG00000115464","USP34",-0.198189378045205,0.0157587089308894
"ENSG00000115526","CHST10",-0.499832836279699,0.00692185747809744
"ENSG00000115604","IL18R1",-0.789291275061173,0.00597878384862359
"ENSG00000115687","PASK",-0.563268847857641,0.00749823235764884
"ENSG00000115825","PRKD3",-0.361506004188756,1.88816532172875e-05
"ENSG00000116044","NFE2L2",-0.198717065059077,0.0492281979541008
"ENSG00000116127","ALMS1",-0.631281498241451,4.85539487432819e-07
"ENSG00000116128","BCL9",-0.351095266987892,0.034043492646286
"ENSG00000116141","MARK1",-0.500517221613919,0.00833587093808822
"ENSG00000116237","ICMT",-0.602326113497295,9.9673679490231e-14
"ENSG00000116273","PHF13",-0.358112001247447,0.000900017143550771
"ENSG00000116350","SRSF4",-0.565295738832392,4.19106174000419e-10
"ENSG00000116539","ASH1L",-0.272711314309358,0.0367929221377808
"ENSG00000116641","DOCK7",-0.292035947251397,0.0301634960766179
"ENSG00000116670","MAD2L2",-0.225770217520049,0.0347351775206384
"ENSG00000116679","IVNS1ABP",-0.308276580109932,0.00912354670009122
"ENSG00000116688","MFN2",-0.179503666642321,0.0182927842148664
"ENSG00000116698","SMG7",-0.45518955748516,0.000129929901608223
"ENSG00000116731","PRDM2",-0.2702637081564,0.0452796219394312
"ENSG00000116741","RGS2",-0.601348464108851,0.00848897248065606
"ENSG00000116750","UCHL5",-0.422975934338792,9.47367876709592e-06
"ENSG00000116830","TTF2",-0.606433627258326,1.59647919325113e-10
"ENSG00000116852","KIF21B",-0.645298068535706,0.00137489408886081
"ENSG00000116922","AIRIM",-0.312120921409151,0.0247410399883294
"ENSG00000117020","AKT3",-0.334494283152423,0.00418569400280612
"ENSG00000117155","SSX2IP",-0.631318681495128,5.49233497495186e-11
"ENSG00000117174","ZNHIT6",-0.409632390731344,7.22457114698266e-05
"ENSG00000117360","PRPF3",-0.309480223823456,0.00142060375569488
"ENSG00000117399","CDC20",-1.31715496144017,8.11650357002013e-27
"ENSG00000117505","DR1",-0.253443792523532,0.000705427576399026
"ENSG00000117523","PRRC2C",-0.45972742875254,0.000120140541459074
"ENSG00000117593","DARS2",-0.382879711512369,0.00032000147426095
"ENSG00000117597","UTP25",-0.229728389985991,0.0472989489067575
"ENSG00000117650","NEK2",-0.957034536390095,1.7518504053111e-09
"ENSG00000117697","NSL1",-0.298929865210499,0.00678046609443864
"ENSG00000117713","ARID1A",-0.397695028667488,1.61629865254148e-05
"ENSG00000117724","CENPF",-1.47314243571188,4.57471052719933e-21
"ENSG00000118058","KMT2A",-0.238424497590569,0.0471815903930971
"ENSG00000118193","KIF14",-1.19190658982726,1.80010238192597e-18
"ENSG00000118217","ATF6",-0.355634145678634,0.000439944349570959
"ENSG00000118412","CASP8AP2",-0.495012764296075,4.08309048375679e-08
"ENSG00000118482","PHF3",-0.504791190660669,8.68454815161611e-07
"ENSG00000118655","DCLRE1B",-0.475270227409939,0.000316558582621309
"ENSG00000118900","UBN1",-0.273763987358561,0.00192673127155685
"ENSG00000118971","CCND2",-0.7264770905748,0.0105366696086447
"ENSG00000119004","CYP20A1",-0.232598723922787,0.0151323226831214
"ENSG00000119203","CPSF3",-0.358076159690928,1.489443317966e-05
"ENSG00000119280","C1orf198",-0.507711262381237,0.000972277109691736
"ENSG00000119333","DYNC2I2",-0.342887679365858,0.00215785237731243
"ENSG00000119397","CNTRL",-1.03488281094542,6.92600516203059e-12
"ENSG00000119403","PHF19",-0.745729497872601,9.3136219518583e-11
"ENSG00000119596","YLPM1",-0.311890735610359,0.00149172519473152
"ENSG00000119630","PGF",-0.305971107177252,0.0435785677413108
"ENSG00000119640","ACYP1",-0.459481598088124,0.00120313356089107
"ENSG00000119707","RBM25",-0.28062177038053,0.0013639316973287
"ENSG00000119778","ATAD2B",-0.299346065152652,0.0464611376611064
"ENSG00000119865","CNRIP1",-0.283495013379778,0.00441604000088605
"ENSG00000119953","SMNDC1",-0.26189446883665,0.000956615597913583
"ENSG00000120055","C10orf95",-0.541172417274434,0.0235168140654184
"ENSG00000120071","KANSL1",-0.35589424711398,0.00509390513948152
"ENSG00000120253","NUP43",-0.364512571558929,3.62777356382934e-05
"ENSG00000120254","MTHFD1L",-0.191313102919004,0.0352595444714773
"ENSG00000120539","MASTL",-0.549606422275581,4.61342403787812e-06
"ENSG00000120647","CCDC77",-0.431739822698906,0.000966326689070112
"ENSG00000120685","PROSER1",-0.339615388614148,0.00790715857796001
"ENSG00000120694","HSPH1",-0.504617741570307,1.87991419416868e-07
"ENSG00000120733","KDM3B",-0.340700718890378,0.00569481940666916
"ENSG00000120738","EGR1",-0.787453368540468,0.00851099434350578
"ENSG00000120800","UTP20",-0.550125931832398,1.34315572080624e-07
"ENSG00000121058","COIL",-0.282104208801716,0.000824394174685457
"ENSG00000121060","TRIM25",-0.265095940527339,0.00149831056080411
"ENSG00000121152","NCAPH",-1.14563304496806,1.24882023974038e-23
"ENSG00000121210","TMEM131L",-0.211569769542311,0.0486049009303076
"ENSG00000121274","TENT4B",-0.263934408514878,0.00854242720624205
"ENSG00000121388",NA,-0.540593489661303,6.28554591139617e-06
"ENSG00000121390","PSPC1",-0.574909125914025,2.01821505444989e-10
"ENSG00000121621","KIF18A",-1.19083134092695,3.35799256477527e-15
"ENSG00000121774","KHDRBS1",-0.277233780774589,2.46740892726233e-06
"ENSG00000121775","TMEM39B",-0.334067787766292,0.0017027817325876
"ENSG00000121957","GPSM2",-0.805396287047072,3.27204569011181e-12
"ENSG00000122483","CCDC18",-0.731512498040167,8.09021974892009e-10
"ENSG00000122490","SLC66A2",-0.272246319838633,0.0127624484520676
"ENSG00000122691","TWIST1",-0.419937319129036,0.00067304222829371
"ENSG00000122779","TRIM24",-0.602575715966894,8.65652513798124e-10
"ENSG00000122783","CYREN",-0.250988528965255,0.0447854043667092
"ENSG00000122952","ZWINT",-0.787539179608738,4.46784003893166e-12
"ENSG00000122965","RBM19",-0.244899278239533,0.0391684787640197
"ENSG00000122966","CIT",-1.00724099199601,1.06863406854149e-11
"ENSG00000123064","DDX54",-0.264462459148315,0.00141234956353367
"ENSG00000123066","MED13L",-0.385234031980453,0.00108762920451399
"ENSG00000123080","CDKN2C",-0.938511238562943,2.84550388029057e-15
"ENSG00000123200","ZC3H13",-0.311231644841652,0.0043483404529424
"ENSG00000123219","CENPK",-0.677014416732749,2.2204725169872e-07
"ENSG00000123374","CDK2",-0.603897292698851,2.0228939692845e-09
"ENSG00000123473","STIL",-0.981080147287732,9.50802617013248e-23
"ENSG00000123485","HJURP",-0.871807122078268,3.99101691194954e-14
"ENSG00000123607","TTC21B",-0.633121368707014,1.46059399100515e-05
"ENSG00000123684","LPGAT1",-0.375320869284022,7.20105398151842e-05
"ENSG00000123737","EXOSC9",-0.432501098156754,9.38078288260749e-08
"ENSG00000123908","AGO2",-0.707770585329206,2.87989233605538e-10
"ENSG00000124164","VAPB",-0.194475573639353,0.0163520243390045
"ENSG00000124214","STAU1",-0.295853854767246,1.42430228468093e-05
"ENSG00000124535","WRNIP1",-0.23612253177839,0.0486910334703263
"ENSG00000124702","KLHDC3",-0.244170514093881,0.0216012481865516
"ENSG00000124767","GLO1",-0.34895573444514,2.55581433457676e-05
"ENSG00000124782","RREB1",-0.413589908216204,0.00875618235190418
"ENSG00000124831","LRRFIP1",-0.21669799254203,0.0037586773043549
"ENSG00000125247","TMTC4",-0.324852844942447,0.0334562181450901
"ENSG00000125319","HROB",-0.329549272193284,0.0485050187823501
"ENSG00000125386","FAM193A",-0.284393976716592,0.00600713748722444
"ENSG00000125450","NUP85",-0.411547741434086,1.34033207847615e-07
"ENSG00000125454","SLC25A19",-0.604891764104831,1.5769482543583e-05
"ENSG00000125457","MIF4GD",-0.427720248185777,0.016535939585118
"ENSG00000125485","DDX31",-0.32934920470369,0.00780599037456893
"ENSG00000125633","CCDC93",-0.282107341510013,0.00716240295726831
"ENSG00000125676","THOC2",-0.261411995012965,0.000304173062755225
"ENSG00000125686","MED1",-0.278746100768556,3.96843460140067e-06
"ENSG00000125772","GPCPD1",-0.438570011680449,0.000650207153383321
"ENSG00000125817","CENPB",-0.476077971471184,2.27310142009687e-08
"ENSG00000125834","STK35",-0.242603536561813,0.0295089599254939
"ENSG00000125871","MGME1",-0.474679534646588,1.88840808836152e-08
"ENSG00000125885","MCM8",-0.981298623651911,1.4256097677574e-25
"ENSG00000125898","FAM110A",-0.445325406144197,0.0110400874527449
"ENSG00000125901","MRPS26",-0.311179128317828,0.00203641274189108
"ENSG00000125970","RALY",-0.283009946998012,0.000234596282877395
"ENSG00000126003","PLAGL2",-0.547355128432405,0.000764988223566237
"ENSG00000126215","XRCC3",-0.784038063446323,1.23130635053258e-08
"ENSG00000126453","BCL2L12",-0.460468226006737,1.55126031623188e-05
"ENSG00000126602","TRAP1",-0.199675964813105,0.0237826119700247
"ENSG00000126773","PCNX4",-0.32415681884376,0.000446470033193458
"ENSG00000126777","KTN1",-0.223733513964392,0.00253693251896784
"ENSG00000126822","PLEKHG3",-0.291329435372955,0.0183992790412755
"ENSG00000126883","NUP214",-0.412424150217081,3.84360595644253e-05
"ENSG00000127191","TRAF2",-0.443367714433831,0.00954001129799633
"ENSG00000127328","RAB3IP",-0.30925514028299,0.00697358130379864
"ENSG00000127423","AUNIP",-1.07147079247764,1.22180883170435e-09
"ENSG00000127483","HP1BP3",-0.227206430330908,0.0170613946527551
"ENSG00000127564","PKMYT1",-0.855482879504594,6.66811185307626e-11
"ENSG00000127586","CHTF18",-0.537427016472564,0.000210280533613259
"ENSG00000127616","SMARCA4",-0.249967539827551,0.00117628778809423
"ENSG00000127804","METTL16",-0.24871548612583,0.00911098713890554
"ENSG00000128165","ADM2",-0.537229992143687,0.0369772865129428
"ENSG00000128191","DGCR8",-0.514630894138906,0.000690599885023515
"ENSG00000128245","YWHAH",-0.218712977118891,0.0229945414066305
"ENSG00000128512","DOCK4",-0.378713361993298,0.000998182148437145
"ENSG00000128656","CHN1",-0.352861761025087,0.0452883717012864
"ENSG00000128692",NA,-0.56886395448663,0.0112056931324858
"ENSG00000128908","INO80",-0.350838196939215,0.000993476534292623
"ENSG00000128915","ICE2",-0.422066871873845,0.000101411022417888
"ENSG00000128944","KNSTRN",-0.558580649082787,3.61856582487378e-10
"ENSG00000128989","ARPP19",-0.306135480968642,8.62646771961813e-05
"ENSG00000129173","E2F8",-2.09639990394089,2.49124727582073e-17
"ENSG00000129195","PIMREG",-0.792229355710482,0.000124669813784772
"ENSG00000129355","CDKN2D",-0.322483244651146,0.00965081984074138
"ENSG00000129484","PARP2",-0.495158677341461,1.57010295329613e-06
"ENSG00000129514","FOXA1",-1.18160732032405,0.000236917221602983
"ENSG00000129810","SGO1",-0.912976898960971,4.33362347889083e-19
"ENSG00000130052","STARD8",-1.17741465036645,8.62945413775696e-05
"ENSG00000130227","XPO7",-0.344351899628805,8.18026567882721e-08
"ENSG00000130254","SAFB2",-0.509365696934822,8.94032208671496e-07
"ENSG00000130270","ATP8B3",-0.737987579213582,3.01879991682681e-06
"ENSG00000130348","QRSL1",-0.235536144493822,0.0152621905681014
"ENSG00000130396","AFDN",-0.560469928006465,2.54919179297016e-10
"ENSG00000130520","LSM4",-0.2906869705441,0.00140532503579026
"ENSG00000130559","CAMSAP1",-0.409550628065224,1.41409889014661e-05
"ENSG00000130695","CEP85",-0.606242120254709,0.000108966852770129
"ENSG00000130699","TAF4",-0.789421337786657,3.49605551998898e-06
"ENSG00000130717","UCK1",-0.330833556529245,0.0056635675258934
"ENSG00000130726","TRIM28",-0.448042334076679,1.99799778509945e-08
"ENSG00000130749","ZC3H4",-0.51425898272824,3.23574318896544e-08
"ENSG00000130940","CASZ1",-0.64311080038073,0.0263244811126963
"ENSG00000131016","AKAP12",-0.717016728226806,0.0034109744991248
"ENSG00000131023","LATS1",-0.310517057068835,0.00388766829201982
"ENSG00000131127","ZNF141",-0.652225173905138,0.0119280795188533
"ENSG00000131323","TRAF3",-0.29090714322379,0.00257554153776231
"ENSG00000131351","HAUS8",-1.04062554355216,2.62486713787579e-15
"ENSG00000131470","PSMC3IP",-0.681841691836564,4.30257815841985e-09
"ENSG00000131504","DIAPH1",-0.284401041994577,7.78411220106043e-05
"ENSG00000131626","PPFIA1",-0.364434866607663,1.42430228468093e-05
"ENSG00000131652","THOC6",-0.45219328157209,0.0242634088315
"ENSG00000131747","TOP2A",-0.651209216404866,9.97508222980815e-09
"ENSG00000131773","KHDRBS3",-0.595297164684349,0.000774746664306612
"ENSG00000132016","BRME1",-0.600294783573314,0.0339495973685063
"ENSG00000132017","DCAF15",-0.602317012063657,0.000242217962414938
"ENSG00000132153","DHX30",-0.290120114279889,5.71268840805744e-05
"ENSG00000132305","IMMT",-0.166519582605373,0.00216371637143198
"ENSG00000132326","PER2",-0.487863835496664,0.00214245575812866
"ENSG00000132361","CLUH",-0.441110226912005,8.9555575490277e-05
"ENSG00000132383","RPA1",-0.282971035559159,0.0136816799580725
"ENSG00000132388","UBE2G1",-0.383079347331306,2.26718057517016e-06
"ENSG00000132405","TBC1D14",-0.288444878455836,0.00538331703190929
"ENSG00000132436","FIGNL1",-0.897983835602781,3.63260224037698e-16
"ENSG00000132600","PRMT7",-0.326775555467189,0.01252952763379
"ENSG00000132646","PCNA",-0.285048493601755,0.00525481741412356
"ENSG00000132792","CTNNBL1",-0.162174524207401,0.0480470170658612
"ENSG00000132819","RBM38",-0.51360951101782,0.00302603681021337
"ENSG00000132964","CDK8",-0.40999801693878,0.00166149218414091
"ENSG00000132967",NA,-1.19391327385651,2.39998100152918e-06
"ENSG00000132970","WASF3",-0.252647010136109,0.0357418982205317
"ENSG00000132972","RNF17",-0.519052469899345,0.000383972874235708
"ENSG00000133026","MYH10",-0.543210607022392,4.31152111483273e-05
"ENSG00000133111","RFXAP",-0.572377325899225,0.00468234644753432
"ENSG00000133226","SRRM1",-0.392547417201232,1.75113452727483e-07
"ENSG00000133302","SLF1",-0.514828468236559,7.2626768967798e-08
"ENSG00000133657","ATP13A3",-0.286783534276641,0.0108111543807577
"ENSG00000133704","IPO8",-0.249425834743631,0.0028015812401627
"ENSG00000133739","LRRCC1",-0.430337487660662,0.00139212782229936
"ENSG00000134046","MBD2",-0.276083080220174,2.88800966985982e-06
"ENSG00000134222","PSRC1",-0.817936878523126,4.57643001853738e-11
"ENSG00000134291","TMEM106C",-0.393680351145461,0.000136643054329946
"ENSG00000134318","ROCK2",-0.233531727689053,0.00298806847669658
"ENSG00000134531","EMP1",-0.448146992446527,4.50848750988013e-05
"ENSG00000134644","PUM1",-0.315634950744227,0.000126395907291143
"ENSG00000134697","GNL2",-0.225578639584419,0.00125633412317163
"ENSG00000134744","TUT4",-0.419275495167559,0.000235460838852551
"ENSG00000134802","SLC43A3",-0.425060107989668,0.0013748451488697
"ENSG00000134815","DHX34",-0.323980996287661,0.03240129424766
"ENSG00000134900","TPP2",-0.443586686563355,1.94779040676055e-07
"ENSG00000134954","ETS1",-0.423266913708322,0.000867244256141354
"ENSG00000135045","C9orf40",-0.420990002428542,0.000226212947756453
"ENSG00000135250","SRPK2",-0.278571986632292,1.04264770395207e-05
"ENSG00000135387","CAPRIN1",-0.268101553564167,1.5093940512209e-05
"ENSG00000135451","TROAP",-1.04685926454297,4.36310339501167e-12
"ENSG00000135476","ESPL1",-0.860322007253996,6.56554706149702e-06
"ENSG00000135486","HNRNPA1",-0.446250789874527,7.66376432907399e-09
"ENSG00000135525","MAP7",-0.496120598010096,0.0354752936959397
"ENSG00000135597","REPS1",-0.33700651742278,6.93479812092313e-06
"ENSG00000135837","CEP350",-0.300905291167882,0.00182430190634114
"ENSG00000135913","USP37",-0.70079823834211,2.55600987250764e-11
"ENSG00000135945","REV1",-0.42675167746098,0.000165340058475171
"ENSG00000135976","ANKRD36",-0.549104893247597,0.0104850106515024
"ENSG00000136068","FLNB",-0.263556722583155,0.0426515994997442
"ENSG00000136104","RNASEH2B",-0.471298998736636,5.37447899683231e-05
"ENSG00000136108","CKAP2",-1.33424433610012,5.31799136567514e-24
"ENSG00000136122","BORA",-0.730599985660013,2.08814813577652e-05
"ENSG00000136141","LRCH1",-0.395132923204619,0.0016684940571275
"ENSG00000136146","MED4",-0.242979333212351,0.0110833672514674
"ENSG00000136159","NUDT15",-0.661708218568874,7.4722736894286e-10
"ENSG00000136237","RAPGEF5",-0.559630497377044,0.041437858436007
"ENSG00000136381","IREB2",-0.16295009284293,0.0239990308832603
"ENSG00000136492","BRIP1",-0.993807859499672,3.63267000602885e-16
"ENSG00000136504","KAT7",-0.414199936618527,7.0684718997571e-05
"ENSG00000136536","MARCHF7",-0.232833436012837,0.00846825594048069
"ENSG00000136636","KCTD3",-0.330417998676992,0.00172386462189706
"ENSG00000136699","SMPD4",-0.331990283465644,0.00689989029445718
"ENSG00000136715","SAP130",-0.345697371408525,0.00142298455353704
"ENSG00000136717","BIN1",-0.281590854239297,0.0396317330674021
"ENSG00000136720","HS6ST1",-1.03169262177245,4.67063806320014e-10
"ENSG00000136813","ECPAS",-0.23475720348223,0.00326043815768714
"ENSG00000136824","SMC2",-0.972314325343014,1.38275059086394e-21
"ENSG00000136826","KLF4",-0.568395563651486,0.0440441723974012
"ENSG00000136908","DPM2",-0.358279641403762,0.000135231817017152
"ENSG00000136944","LMX1B",-0.634801583386033,0.0281316011663201
"ENSG00000137040","RANBP6",-0.258886604717362,0.00719100872840892
"ENSG00000137161","CNPY3",-0.24242216899402,0.0393860166998942
"ENSG00000137166","FOXP4",-0.372174378900038,0.0203113088500247
"ENSG00000137269","LRRC1",-0.522769988160017,0.00261464032815527
"ENSG00000137309","HMGA1",-0.191120986014753,0.00934156321431577
"ENSG00000137310","TCF19",-0.711604660544983,3.86033079244784e-10
"ENSG00000137337","MDC1",-0.920003930074442,2.71063029238721e-15
"ENSG00000137404","NRM",-0.331783893203398,0.00255053650938439
"ENSG00000137513","NARS2",-0.401427594680862,0.0100852254962254
"ENSG00000137563","GGH",-0.307010480200558,0.00729573796271442
"ENSG00000137656","BUD13",-0.401691178189378,0.000275234714034964
"ENSG00000137710","RDX",-0.192829340048,0.010959630588471
"ENSG00000137776","SLTM",-0.362016035550901,3.90227050841143e-07
"ENSG00000137807","KIF23",-1.21341236739901,9.38505273284584e-34
"ENSG00000137812","KNL1",-1.35422390745422,8.33650470851211e-30
"ENSG00000137814","HAUS2",-0.415404285697617,2.58116545779595e-05
"ENSG00000137815","RTF1",-0.254571814807116,5.05755846233802e-05
"ENSG00000137822","TUBGCP4",-0.434174884060124,1.2693904389081e-06
"ENSG00000138050","THUMPD2",-0.315934251239324,0.0237476486434935
"ENSG00000138074","SLC5A6",-0.322390330335621,0.00221243347770798
"ENSG00000138081","FBXO11",-0.56557708736784,1.93479449482645e-11
"ENSG00000138092","CENPO",-0.703345180814629,4.51380051602432e-11
"ENSG00000138160","KIF11",-1.45051706896646,1.53261190053562e-37
"ENSG00000138162","TACC2",-0.344461541192839,0.0174988828683326
"ENSG00000138180","CEP55",-1.02813857323298,2.30184275131819e-19
"ENSG00000138182","KIF20B",-0.964712821612117,1.12914998718811e-20
"ENSG00000138190","EXOC6",-0.52336043092298,0.00061395974268041
"ENSG00000138193","PLCE1",-0.340158647707473,0.0366118526769091
"ENSG00000138246","DNAJC13",-0.357103131294828,0.00313331457613151
"ENSG00000138346","DNA2",-0.538167034465681,0.00157237790309227
"ENSG00000138376","BARD1",-0.824824998172838,6.55630629941675e-20
"ENSG00000138398","PPIG",-0.359030415633899,9.41675565892901e-07
"ENSG00000138434","ITPRID2",-0.34747363673257,0.000935351573564172
"ENSG00000138443","ABI2",-0.277299444419132,0.000929316251315313
"ENSG00000138587","MNS1",-0.414600004947893,0.00486347517917665
"ENSG00000138604","GLCE",-0.504792678077631,0.00256089041084739
"ENSG00000138658","ZGRF1",-0.961306647263124,8.63911286407972e-09
"ENSG00000138709","LARP1B",-0.410996299590021,2.00470385706345e-06
"ENSG00000138767","CNOT6L",-0.530130799864144,9.38620977840205e-07
"ENSG00000138778","CENPE",-1.25007191907823,8.41364305959136e-20
"ENSG00000138780","GSTCD",-0.519309196961996,9.95001995333545e-05
"ENSG00000138795","LEF1",-0.338880044143545,0.0257274395974249
"ENSG00000138796","HADH",-0.290312330235287,0.043721830865049
"ENSG00000138944","SHISAL1",-1.08076616631938,0.000455788203916686
"ENSG00000139133","ALG10",-0.50393811803626,0.0105247484997635
"ENSG00000139146","SINHCAF",-0.320758776377431,0.0224185628797146
"ENSG00000139154","AEBP2",-0.35210977240411,0.00425348703954499
"ENSG00000139218","SCAF11",-0.156393116526933,0.0151796178184018
"ENSG00000139350","NEDD1",-0.566574016871383,1.86393176208863e-13
"ENSG00000139437","TCHP",-0.646461050419959,3.43513970782933e-10
"ENSG00000139496","NUP58",-0.535107907794423,5.59057546450546e-10
"ENSG00000139517","LNX2",-0.296724028231558,0.0469835701006578
"ENSG00000139618","BRCA2",-1.04159729648051,1.2252682157635e-16
"ENSG00000139687","RB1",-0.475002598169548,9.41647059478359e-11
"ENSG00000139734","DIAPH3",-0.70943061940209,2.10838322349919e-12
"ENSG00000139800","ZIC5",-0.589367719055397,0.0239098798404089
"ENSG00000139946","PELI2",-0.544358297260349,0.016026195124325
"ENSG00000140262","TCF12",-0.407744377036507,6.62183165486618e-07
"ENSG00000140455","USP3",-0.490910422073119,3.26414844111649e-09
"ENSG00000140511","HAPLN3",-0.917421396940591,0.00151032176698355
"ENSG00000140525","FANCI",-0.705012070575562,3.14017482820841e-15
"ENSG00000140534","TICRR",-0.901154838139899,6.06724407429175e-07
"ENSG00000140577","CRTC3",-0.292387482623978,0.0110008451255648
"ENSG00000140743","CDR2",-0.490964008150556,0.000518232453293267
"ENSG00000140750","ARHGAP17",-0.341023931738662,0.00622551975033651
"ENSG00000140948","ZCCHC14",-0.386683377595176,0.00804299745615254
"ENSG00000140983","RHOT2",-0.183538437380439,0.0399293521987918
"ENSG00000141027","NCOR1",-0.352093285855065,9.4106544685125e-06
"ENSG00000141456","PELP1",-0.220392075328274,0.0132584279471506
"ENSG00000141480","ARRB2",-0.381706909693816,0.000825969932158935
"ENSG00000141560","FN3KRP",-0.508130936214361,5.18947371817966e-06
"ENSG00000141577","CEP131",-0.380860625734247,0.0435785677413108
"ENSG00000141664","ZCCHC2",-0.348379751381169,0.00292446647337565
"ENSG00000141858","SAMD1",-0.48685381128688,7.80531205486245e-10
"ENSG00000141867","BRD4",-0.295190708877789,0.00217455327660644
"ENSG00000141873","SLC39A3",-0.313244073306533,0.0306526012109745
"ENSG00000141965","FEM1A",-0.522733600763839,0.000128970987421403
"ENSG00000141985","SH3GL1",-0.345352601885248,0.000185457064829246
"ENSG00000142208","AKT1",-0.217996637659182,0.0253465449328536
"ENSG00000142279","WTIP",-0.402496502457548,0.0390188256191255
"ENSG00000142409","ZNF787",-0.423037058661516,1.47712500060807e-05
"ENSG00000142453","CARM1",-0.215592504399093,0.00850489134652896
"ENSG00000142731","PLK4",-0.997594565727911,8.99767036485865e-13
"ENSG00000142945","KIF2C",-1.16713785955544,3.04576266014801e-25
"ENSG00000143033","MTF2",-0.325493293839147,1.79281601587263e-05
"ENSG00000143126","CELSR2",-0.908561230344764,1.16223386401395e-05
"ENSG00000143153","ATP1B1",-0.211277650459849,0.0397376816350622
"ENSG00000143157","POGK",-0.412516894133151,8.49337238034141e-05
"ENSG00000143190","POU2F1",-0.554222860780851,5.1858912569295e-06
"ENSG00000143228","NUF2",-0.914068095032403,2.28772219444536e-07
"ENSG00000143294","PRCC",-0.401085683235499,0.00375080473379504
"ENSG00000143321","HDGF",-0.307307437240762,9.04978759568556e-05
"ENSG00000143442","POGZ",-0.343461928209385,0.00681321563779236
"ENSG00000143458","GABPB2",-0.911831405711442,5.23186382906543e-06
"ENSG00000143476","DTL",-1.00494594381862,3.55518768664606e-18
"ENSG00000143494","VASH2",-0.698934573640818,0.0133401077448819
"ENSG00000143549","TPM3",-0.328871042557161,7.75435923927792e-06
"ENSG00000143569","UBAP2L",-0.366700500766291,7.43561928941879e-06
"ENSG00000143590","EFNA3",-0.674673873321924,0.00328577738430413
"ENSG00000143621","ILF2",-0.590448170452588,2.30279590654113e-08
"ENSG00000143674","MAP3K21",-0.459828932678883,0.00654165847804998
"ENSG00000143702","CEP170",-0.501143589303419,0.000443960634232047
"ENSG00000143727","ACP1",-0.200144866238686,0.00803666272250372
"ENSG00000143870","PDIA6",-0.214155053283893,0.0104095616490612
"ENSG00000143924","EML4",-0.315225768008427,0.000385234627308195
"ENSG00000143970","ASXL2",-0.370420993962777,1.67003571380017e-05
"ENSG00000143971","ETAA1",-0.307659218625971,0.0276850528903327
"ENSG00000144283","PKP4",-0.569486363681106,2.22880305664866e-11
"ENSG00000144355","DLX1",-0.567882273086666,9.89711206710359e-05
"ENSG00000144357","UBR3",-0.355051435172011,0.0107630005444733
"ENSG00000144395","CCDC150",-1.27016497392962,2.46671150027253e-08
"ENSG00000144485","HES6",-0.567312337901683,0.00141340885624326
"ENSG00000144524","COPS7B",-0.218349886915084,0.0312773536679802
"ENSG00000144554","FANCD2",-0.665610671139481,7.74443576104519e-07
"ENSG00000144647","POMGNT2",-0.311359956021319,0.0235168140654184
"ENSG00000144677","CTDSPL",-0.203567427563146,0.0142742201125724
"ENSG00000144724","PTPRG",-0.331592767388472,0.00312352087753832
"ENSG00000144848","ATG3",-0.220614551237995,0.00514577985821534
"ENSG00000144893","MED12L",-0.740788753969502,0.00485567402408577
"ENSG00000144909","OSBPL11",-0.386317918693676,1.51191188177057e-05
"ENSG00000144959","NCEH1",-0.298341240602795,0.00950498220128963
"ENSG00000145041","DCAF1",-0.283961632786263,0.00666688184764777
"ENSG00000145220","LYAR",-0.373977380710874,9.12814230821852e-07
"ENSG00000145241","CENPC",-0.581704206063439,4.85539487432819e-07
"ENSG00000145375","AFG2A",-0.513872282404814,6.40019355762464e-07
"ENSG00000145545","SRD5A1",-0.377769463328039,0.00996480201064983
"ENSG00000145555","MYO10",-0.536387069431902,7.37578166927738e-06
"ENSG00000145569","OTULINL",-0.907217331562429,0.000363773820517417
"ENSG00000145734","BDP1",-0.321731953157109,0.00174989350314643
"ENSG00000145819","ARHGAP26",-0.656499854141314,0.000479478313340604
"ENSG00000145833","DDX46",-0.519522241824956,1.78894298949748e-11
"ENSG00000146143","PRIM2",-0.429916461476704,0.000974715703184763
"ENSG00000146247","PHIP",-0.439695919578809,6.19121157681781e-08
"ENSG00000146410","MTFR2",-1.03041433191368,3.35388086516542e-11
"ENSG00000146414","SHPRH",-0.467574768256979,0.000315971756992978
"ENSG00000146587","RBAK",-0.306404969520803,0.0260604415354228
"ENSG00000146670","CDCA5",-0.752063357837825,7.55686318576003e-11
"ENSG00000146842","TMEM209",-0.542355469606592,0.000514294285518962
"ENSG00000146918","NCAPG2",-0.994554718307462,4.05738073096585e-20
"ENSG00000147316","MCPH1",-0.217776299060145,0.0358808765934849
"ENSG00000147324","MFHAS1",-0.648538546392198,1.11718577358411e-07
"ENSG00000147536","GINS4",-0.514049394203115,0.0001166306902196
"ENSG00000147548","NSD3",-0.337781980729319,1.57730230832435e-07
"ENSG00000147601","TERF1",-0.25921791729028,0.00425384373906767
"ENSG00000147649","MTDH",-0.115899488036694,0.0367687237880671
"ENSG00000147854","UHRF2",-0.251568199680928,0.0243563720717681
"ENSG00000147862","NFIB",-0.725622804542819,2.08209487341259e-12
"ENSG00000147874","HAUS6",-0.496127431312636,3.77205091307817e-08
"ENSG00000147955","SIGMAR1",-0.224009255816513,0.00151256167097583
"ENSG00000148019","CEP78",-0.874730379589694,7.46022222541967e-20
"ENSG00000148110","MFSD14B",-0.218355153295728,0.0299127042002473
"ENSG00000148297","MED22",-0.358330159290707,0.0175299287189298
"ENSG00000148308","GTF3C5",-0.236025623449788,0.0353025632678222
"ENSG00000148339","SLC25A25",-0.557555980989597,0.000713432347693871
"ENSG00000148362","PAXX",-0.511055124696375,2.17768980962829e-05
"ENSG00000148426","PROSER2",-0.401654752461134,0.00552345116071479
"ENSG00000148468","FAM171A1",-0.253853677474823,0.0136339010999964
"ENSG00000148672","GLUD1",-0.202762345038849,0.0144653081244527
"ENSG00000148688","RPP30",-0.321919124473945,0.00111152315408391
"ENSG00000148719","DNAJB12",-0.387052300998096,2.52368118713684e-06
"ENSG00000148773","MKI67",-1.8571798367009,2.86045019820895e-34
"ENSG00000148835","TAF5",-0.784345380418336,5.8639564962956e-11
"ENSG00000149091","DGKZ",-0.307517670554758,0.0201743815534009
"ENSG00000149177","PTPRJ",-0.288396443434099,0.0414438245763656
"ENSG00000149187","CELF1",-0.225823846970448,0.00595713594414233
"ENSG00000149218","ENDOD1",-0.243972417575676,0.0218030219380174
"ENSG00000149289","ZC3H12C",-0.330200400581153,0.0255479063449311
"ENSG00000149503","INCENP",-1.04356014228099,1.54355768586179e-15
"ENSG00000149548","CCDC15",-0.415836121931088,0.00028064073226836
"ENSG00000149554","CHEK1",-0.361368070396323,0.00014989360241179
"ENSG00000149573","MPZL2",-0.405210808812495,0.0298986296831439
"ENSG00000149636","DSN1",-0.358595851876329,0.0065633198962527
"ENSG00000149639","MTCL2",-0.442746554806572,0.000920882126949264
"ENSG00000149657","LSM14B",-0.367908580520178,0.000395058888308038
"ENSG00000149658","YTHDF1",-0.266859130764396,0.0069399470282796
"ENSG00000149929","HIRIP3",-0.841062122232625,1.05208093540075e-08
"ENSG00000149970","CNKSR2",-0.817311566258223,1.94109165586214e-06
"ENSG00000150712","MTMR12",-0.499885118247539,1.44848354080054e-05
"ENSG00000150938","CRIM1",-0.390440045345082,0.00131326168534657
"ENSG00000150990","DHX37",-0.3599453529807,0.00399948018667722
"ENSG00000151229","SLC2A13",-0.542692844061358,0.00353356862695139
"ENSG00000151233","GXYLT1",-0.327556780428644,1.2113935795859e-05
"ENSG00000151287","TEX30",-0.453788473875438,0.00298227891371895
"ENSG00000151292","CSNK1G3",-0.268663505774707,0.00341733136430959
"ENSG00000151304","SRFBP1",-0.288840388761206,0.0024112510366259
"ENSG00000151338","MIPOL1",-0.375447648379349,0.0285756542230468
"ENSG00000151422","FER",-0.21324176211882,0.0321593090691026
"ENSG00000151461","UPF2",-0.339222357056125,0.000198601320819414
"ENSG00000151491","EPS8",-0.412022566595338,0.00464345941297597
"ENSG00000151503","NCAPD3",-0.986995163159126,5.814955341301e-27
"ENSG00000151576","QTRT2",-0.252719752883575,0.00536330219032388
"ENSG00000151718","WWC2",-0.381406567705985,0.000106922703375198
"ENSG00000151835","SACS",-0.723334467102476,2.5245698874778e-09
"ENSG00000151849","CPAP",-0.980901049105997,1.56486398875383e-13
"ENSG00000151893","CACUL1",-0.145901070786795,0.0235480882122944
"ENSG00000151967","SCHIP1",-0.701450060823406,0.00629575536783875
"ENSG00000152117",NA,-0.290610872970921,0.0305770813676687
"ENSG00000152253","SPC25",-1.11892302640217,4.24668540240486e-20
"ENSG00000152382","TADA1",-0.555440818151536,0.00157099543334566
"ENSG00000152404","CWF19L2",-0.217296640987857,0.00127346456325
"ENSG00000152422","XRCC4",-0.296245365108941,0.023508487484052
"ENSG00000152455","SUV39H2",-1.23586307862913,8.01778293048765e-19
"ENSG00000152465","NMT2",-0.320831962653634,0.0121420285803056
"ENSG00000152484","USP12",-0.404868206834403,1.87146685835598e-05
"ENSG00000152495","CAMK4",-0.452205571266502,0.000594340782644962
"ENSG00000152518","ZFP36L2",-0.488175259846297,0.00093447388649129
"ENSG00000152601","MBNL1",-0.274744116102171,5.81440138165268e-05
"ENSG00000152804","HHEX",-0.720185186095923,0.00213890622964397
"ENSG00000152990","ADGRA3",-0.330381998951776,0.0102360394619825
"ENSG00000153044","CENPH",-0.844606027020066,1.22391791591591e-08
"ENSG00000153048","CARHSP1",-0.650903087605153,5.48707000760076e-07
"ENSG00000153147","SMARCA5",-0.597345120613353,1.64876914210215e-12
"ENSG00000153201","RANBP2",-0.251750335733551,0.00697236053771147
"ENSG00000153207","AHCTF1",-0.73075881715573,7.52684784143176e-12
"ENSG00000153234","NR4A2",-0.561268349099511,0.0413963301125406
"ENSG00000153443","UBALD1",-0.457002841729864,5.19777433973931e-05
"ENSG00000153487","ING1",-0.456046770188961,0.00023709022242286
"ENSG00000153707","PTPRD",-0.373056662904533,0.0249288024595313
"ENSG00000153914","SREK1",-0.258931006556773,7.18245735963637e-05
"ENSG00000153933","DGKE",-0.380505595016268,0.00188509930842986
"ENSG00000153936","HS2ST1",-0.273666043608897,0.00170726160332626
"ENSG00000154001","PPP2R5E",-0.221183836115082,0.00210822967290965
"ENSG00000154146","NRGN",-0.438092153547536,0.00390700565315495
"ENSG00000154429","CCSAP",-0.384649702583419,0.00305408713012814
"ENSG00000154479","CFAP210",-0.524392593194644,0.0251338670693467
"ENSG00000154640","BTG3",-0.300575991464195,0.00538246470427651
"ENSG00000154839","SKA1",-0.933748604643013,1.34075652083315e-14
"ENSG00000154845","PPP4R1",-0.259120220023932,0.0066534545258707
"ENSG00000154920","EME1",-1.0057678551957,5.70745283286606e-10
"ENSG00000155100","OTUD6B",-0.581761216321829,1.21704283333779e-08
"ENSG00000155313","USP25",-0.293375467982855,0.0190823717645374
"ENSG00000155506","LARP1",-0.256726438259027,0.0111613639959711
"ENSG00000155827","RNF20",-0.293333563550831,0.000215143668489746
"ENSG00000156030","MIDEAS",-0.488678251549586,5.21501566438795e-05
"ENSG00000156374","PCGF6",-0.421699919371929,0.00997512836647533
"ENSG00000156398","SFXN2",-0.487730124273448,0.00173621430216782
"ENSG00000156502","SUPV3L1",-0.262599204476633,0.0420886234252381
"ENSG00000156509","FBXO43",-1.81717484801117,9.92735284436361e-09
"ENSG00000156531","PHF6",-0.36442766238378,0.00017767783418158
"ENSG00000156735","BAG4",-0.2379227476053,0.0152189404141445
"ENSG00000156787","TBC1D31",-0.668568924506933,7.72627442529434e-08
"ENSG00000156876","SASS6",-0.688143164029286,1.03363329398781e-10
"ENSG00000156983","BRPF1",-0.253602394363645,0.0465561569690402
"ENSG00000157106","SMG1",-0.239987735932249,0.0457211969443569
"ENSG00000157470","FAM81A",-0.934119814406059,7.46720642222847e-06
"ENSG00000157500","APPL1",-0.392189413927522,7.55456093132701e-11
"ENSG00000157540","DYRK1A",-0.421636336841245,1.39048711028168e-05
"ENSG00000157557","ETS2",-0.552273837276671,4.34507071028147e-06
"ENSG00000157734","SNX22",-0.655035400153252,0.00454024831735382
"ENSG00000157933","SKI",-0.256835622286375,0.0425026229178835
"ENSG00000157985","AGAP1",-0.591006595516891,2.97583772508472e-07
"ENSG00000158089","GALNT14",-0.384020163607126,0.010632910860428
"ENSG00000158164","TMSB15A",-0.659045720261739,0.0229011903767966
"ENSG00000158321","AUTS2",-0.551236588524849,1.54435486012379e-06
"ENSG00000158402","CDC25C",-0.935172947266723,2.14926175087005e-10
"ENSG00000158526","TSR2",-0.611558009397411,1.3515496019831e-12
"ENSG00000158545","ZC3H18",-0.335372794625531,0.000310211277559716
"ENSG00000158711","ELK4",-0.383103289599545,0.000904349981938263
"ENSG00000158966","CACHD1",-0.526433363422294,0.0191345780833495
"ENSG00000158987","RAPGEF6",-0.56769245429087,0.00923125749102315
"ENSG00000159055","MIS18A",-0.886001051039901,2.20709610299946e-14
"ENSG00000159140","SON",-0.349412099607525,1.40934574145873e-06
"ENSG00000159147","DONSON",-0.6039488926167,4.34410828427271e-09
"ENSG00000159216","RUNX1",-0.259517699789227,0.0110634014482064
"ENSG00000159217","IGF2BP1",-0.290681735333131,0.00824406146147893
"ENSG00000159259","CHAF1B",-0.768650247729184,6.46586913210258e-08
"ENSG00000159335","PTMS",-0.339256010574389,0.017700526545191
"ENSG00000159753","CARMIL2",-0.619121343035689,0.000527274508137238
"ENSG00000159788","RGS12",-0.334690695703715,0.0279852521377265
"ENSG00000159873","CCDC117",-0.261887185815015,0.0317596278071274
"ENSG00000160072","ATAD3B",-0.88234373147014,2.26286933362842e-05
"ENSG00000160201","U2AF1",-0.817894154747333,0.000269639229836842
"ENSG00000160208","RRP1B",-0.513934771455014,3.44318729556338e-11
"ENSG00000160214","RRP1",-0.635068974342286,5.96259475762259e-09
"ENSG00000160255","ITGB2",-0.536783066893418,0.0174879072456147
"ENSG00000160256","SLX9",-0.412212032600051,0.000903221145287821
"ENSG00000160298","C21orf58",-1.43724415138071,6.0644140235363e-17
"ENSG00000160299","PCNT",-0.943116529665723,8.5137549214829e-12
"ENSG00000160318","CLDND2",-0.796881376345515,0.00885906631190657
"ENSG00000160352","ZNF714",-0.39348157251649,0.00233506445343838
"ENSG00000160633","SAFB",-0.881296180580316,7.18114442914326e-13
"ENSG00000160917","CPSF4",-0.165498096603677,0.0441688771905617
"ENSG00000160957","RECQL4",-0.578499158683483,4.17515033042392e-05
"ENSG00000161542","PRPSAP1",-0.227278338348229,0.00646068823209828
"ENSG00000161618","ALDH16A1",-0.265156148970281,0.0444058921292605
"ENSG00000161647","MPP3",-0.434322112536794,0.0325461131921651
"ENSG00000161800","RACGAP1",-0.947218578134466,2.51852019096758e-14
"ENSG00000161813","LARP4",-0.248442573710463,0.000135039229046568
"ENSG00000161888","SPC24",-1.03501666243326,9.23110485848035e-14
"ENSG00000161912",NA,-0.476049150487719,0.0348630818568615
"ENSG00000162062","TEDC2",-0.760625768874596,5.87227859150389e-07
"ENSG00000162104","ADCY9",-0.409301038600517,0.0226536864481784
"ENSG00000162174","ASRGL1",-0.374312802996866,0.0317672844340662
"ENSG00000162231","NXF1",-0.300694262110385,0.0146737530124969
"ENSG00000162402","USP24",-0.233491352697748,0.0268262716497006
"ENSG00000162545","CAMK2N1",-0.346565340802324,0.00758898920487531
"ENSG00000162599","NFIA",-0.505430549076212,7.86302532296111e-09
"ENSG00000162601","MYSM1",-0.34392726287208,0.0111453940420471
"ENSG00000162613","FUBP1",-0.595067277647975,1.55826607518155e-15
"ENSG00000162664","ZNF326",-0.823802491696863,1.5145371694692e-18
"ENSG00000163029","SMC6",-0.429745327811082,9.1997754696596e-07
"ENSG00000163125","RPRD2",-0.281655990638666,0.0151270663610283
"ENSG00000163166","IWS1",-0.247719334924198,0.000799618784576953
"ENSG00000163251","FZD5",-0.422839405260098,0.0409279925782014
"ENSG00000163297","ANTXR2",-0.277681435288933,0.0472989489067575
"ENSG00000163374","YY1AP1",-0.300874986226357,0.00792608389354481
"ENSG00000163507","CIP2A",-0.994585931193756,2.13467823191476e-20
"ENSG00000163527","STT3B",-0.250394549598025,0.00183108759311151
"ENSG00000163539","CLASP2",-0.427870474778315,5.81526988496377e-05
"ENSG00000163624","CDS1",-0.516887169193674,0.00141875640134658
"ENSG00000163655","GMPS",-0.647062436303087,2.89475010508305e-09
"ENSG00000163781","TOPBP1",-0.65441774966391,9.75145173878297e-21
"ENSG00000163785","RYK",-0.183855330668854,0.0171620248763331
"ENSG00000163808","KIF15",-1.41128942316743,4.22508254406013e-22
"ENSG00000163872","YEATS2",-0.270623594946404,0.0113014984768646
"ENSG00000163935","SFMBT1",-0.61453440264586,1.11783696187183e-06
"ENSG00000163939","PBRM1",-0.315929666192414,1.13836180258724e-06
"ENSG00000163964","PIGX",-0.423065127320607,6.70519382176185e-07
"ENSG00000164023","SGMS2",-0.341586758215131,0.01442600429201
"ENSG00000164045","CDC25A",-0.908777126167812,7.40707083426436e-11
"ENSG00000164053","ATRIP",-0.416018996113637,0.000180230649964812
"ENSG00000164087","POC1A",-0.36252917057871,0.00677603012657805
"ENSG00000164104","HMGB2",-1.09944282306179,5.56580072095621e-15
"ENSG00000164116","GUCY1A1",-0.689900890195815,0.0191774825588871
"ENSG00000164118","CEP44",-0.403624861076401,0.00332981424293733
"ENSG00000164161","HHIP",-0.586549828356003,2.51105625166553e-05
"ENSG00000164164","OTUD4",-0.382951584396416,1.02792347321974e-06
"ENSG00000164167","LSM6",-0.421705728875102,0.00182461972106524
"ENSG00000164168","TMEM184C",-0.346185369446264,0.00750734389765761
"ENSG00000164190","NIPBL",-0.441642541792573,7.26558581752791e-07
"ENSG00000164283","ESM1",-0.763853391293664,0.00399291910994122
"ENSG00000164338","UTP15",-0.299045328726014,0.00208474702541429
"ENSG00000164362","TERT",-0.794698742206874,0.00248481174770877
"ENSG00000164403","SHROOM1",-0.386020438416536,0.000861034333206894
"ENSG00000164576","SAP30L",-0.262128108882596,0.0327382240444768
"ENSG00000164611","PTTG1",-0.681527965709136,4.46739446597549e-07
"ENSG00000164684","ZNF704",-0.577447817008596,0.0162870237066461
"ENSG00000164758","MED30",-0.436097231892071,0.0295580602750272
"ENSG00000164916","FOXK1",-0.231818691224023,0.0470566794435936
"ENSG00000164932","CTHRC1",-0.478334489361196,0.0365589201267351
"ENSG00000164989","CCDC171",-0.730967158599257,0.0035880195953929
"ENSG00000165113","GKAP1",-0.622846264721522,0.000212167185527132
"ENSG00000165138","ANKS6",-0.278132036370569,0.00151994066776455
"ENSG00000165185","KIAA1958",-0.463705567208523,0.0129358269014995
"ENSG00000165209","STRBP",-0.498855177689858,3.40265682767745e-07
"ENSG00000165219","GAPVD1",-0.20208030975767,0.0132178922846122
"ENSG00000165304","MELK",-0.706148824974713,5.42362067858936e-10
"ENSG00000165392","WRN",-0.52375020750737,6.70556183234335e-05
"ENSG00000165490","DDIAS",-0.814457141978971,6.95415949397922e-09
"ENSG00000165494","PCF11",-0.394278998446836,0.000378886232865088
"ENSG00000165501","LRR1",-0.40017509712325,0.0025770533043573
"ENSG00000165521","EML5",-1.31128551680631,0.000107521297301953
"ENSG00000165632","TAF3",-0.246941237597337,0.00804005250854633
"ENSG00000165650","PDZD8",-0.578572766452935,3.25855981424395e-09
"ENSG00000165671","NSD1",-0.25384590826366,0.0324734296921382
"ENSG00000165724","ZMYND19",-0.508236306173341,2.50805551368323e-06
"ENSG00000165934","CPSF2",-0.218938288801146,0.00151482620742242
"ENSG00000166002","SMCO4",-0.841700108237622,1.0911185495597e-06
"ENSG00000166004","CEP295",-0.54926367810715,4.71954098701927e-06
"ENSG00000166025","AMOTL1",-0.293254818400283,0.00393263652616699
"ENSG00000166037","CEP57",-0.535033500141114,1.91740985765188e-07
"ENSG00000166130","IKBIP",-0.254037277973831,0.0114510362776894
"ENSG00000166402","TUB",-0.964236690340268,0.000812724108776511
"ENSG00000166439","RNF169",-0.251250124315348,0.0218271451820501
"ENSG00000166451","CENPN",-0.679604751560633,4.56182972403946e-08
"ENSG00000166477","LEO1",-0.266643242113589,0.00851785541265056
"ENSG00000166503","HDGFL3",-0.318939253134206,1.49443731959094e-07
"ENSG00000166532","RIMKLB",-0.592343855241271,0.000122735239446646
"ENSG00000166801","FAM111A",-1.07330849133449,3.81736559761549e-29
"ENSG00000166803","PCLAF",-0.854016940014664,6.43346313122946e-14
"ENSG00000166845","C18orf54",-0.641659343607484,1.45503463019782e-06
"ENSG00000166860","ZBTB39",-0.408758092082032,0.00692185747809744
"ENSG00000166881","NEMP1",-0.442700373561055,0.00590886914828883
"ENSG00000167081","PBX3",-0.424450544699128,0.000759511584857753
"ENSG00000167173","C15orf39",-0.318258436700953,0.0470294419005452
"ENSG00000167186","COQ7",-0.321636411004402,0.0352495198032358
"ENSG00000167191","GPRC5B",-0.639536397331903,0.00328775348183282
"ENSG00000167216","KATNAL2",-0.527983132524243,0.0290208086177001
"ENSG00000167258","CDK12",-0.343503015097687,0.000876617228376206
"ENSG00000167325","RRM1",-0.697753995090404,3.4443036605942e-13
"ENSG00000167393","PPP2R3B",-0.568374961416361,0.00214490589972815
"ENSG00000167491","GATAD2A",-0.364769233944209,0.0017240296784029
"ENSG00000167513","CDT1",-0.8204543102833,7.79731112826614e-15
"ENSG00000167522","ANKRD11",-0.456936542176285,0.000496739652706115
"ENSG00000167523","SPATA33",-0.345445299865328,0.0222001497203397
"ENSG00000167670","CHAF1A",-1.22408967894089,2.21651083632456e-27
"ENSG00000167693","NXN",-0.60769020904032,0.00194100984380349
"ENSG00000167747",NA,-0.486126840665395,3.19867685969471e-05
"ENSG00000167775","CD320",-0.379379410003255,0.00136999280211924
"ENSG00000167842","MIS12",-0.477226197725514,0.00105190580122926
"ENSG00000167900","TK1",-0.707592580832397,3.80714418558997e-08
"ENSG00000167978","SRRM2",-0.247906391112621,0.0143854703758586
"ENSG00000168005","SPINDOC",-0.793301088963752,1.01702551854016e-09
"ENSG00000168061","SAC3D1",-0.365465426896057,0.00457832684060015
"ENSG00000168077","SCARA3",-0.416380647030292,0.00175082440111997
"ENSG00000168078","PBK",-0.868679212985309,1.75846930845831e-08
"ENSG00000168137","SETD5",-0.262144127638517,0.000217831739913366
"ENSG00000168172","HOOK3",-0.160792417908483,0.0370065962534072
"ENSG00000168175","MAPK1IP1L",-0.212678166957115,0.0116968725906194
"ENSG00000168246","UBTD2",-0.241535408846765,0.0233661179831296
"ENSG00000168411","RFWD3",-0.891881597224052,1.71955713068328e-22
"ENSG00000168439","STIP1",-0.38036623134751,4.68832215268058e-07
"ENSG00000168476","REEP4",-0.612708121339591,5.77851139852932e-08
"ENSG00000168505","GBX2",-0.628046719712783,0.0177637935005116
"ENSG00000168564","CDKN2AIP",-0.574147974258807,1.08285101040186e-06
"ENSG00000168763","CNNM3",-0.86382369459698,2.35127173252026e-07
"ENSG00000168818","STX18",-0.394846726177148,0.00154607412465016
"ENSG00000168883","USP39",-0.268835416450501,0.00439561687516845
"ENSG00000168944","CEP120",-0.420312052166314,5.03211699679878e-05
"ENSG00000169379","ARL13B",-0.344221512010745,0.000217551382762464
"ENSG00000169398","PTK2",-0.331285084035757,0.00147360455881342
"ENSG00000169403","PTAFR",-0.617768953017923,0.014487906234167
"ENSG00000169607","CKAP2L",-0.906139004676402,4.4279058539422e-16
"ENSG00000169635","HIC2",-0.343299919890008,0.0140687147953395
"ENSG00000169679","BUB1",-1.25120871109187,1.38462486192176e-27
"ENSG00000169762","TAPT1",-0.404904880256109,0.000952051708702877
"ENSG00000169783","LINGO1",-0.989540601209048,0.00167927140107277
"ENSG00000169914","OTUD3",-0.563595637189504,0.000846485073007438
"ENSG00000169925","BRD3",-0.336171833474496,4.29073123291593e-05
"ENSG00000169991","IFFO2",-0.709502008950455,5.63347183673153e-06
"ENSG00000170017","ALCAM",-0.225494148609659,0.0492340232523137
"ENSG00000170037","CNTROB",-0.27609998876176,0.0386756882465125
"ENSG00000170085","SIMC1",-0.348448340564219,0.0296519443678792
"ENSG00000170234","PWWP2A",-0.239545897611725,0.00438362226495051
"ENSG00000170312","CDK1",-0.631107711759313,3.08094831637142e-06
"ENSG00000170365","SMAD1",-0.41617815782563,9.89690988523698e-05
"ENSG00000170500","LONRF2",-0.791103800484288,0.00324313168324687
"ENSG00000170549","IRX1",-0.778698239117521,0.000581179002361213
"ENSG00000170604","IRF2BP1",-0.393971355485531,0.037036390338724
"ENSG00000170633","RNF34",-0.322139311357119,2.28855034810726e-05
"ENSG00000170759","KIF5B",-0.461353309961338,3.71661685235688e-11
"ENSG00000170802","FOXN2",-0.377632320595578,0.00258970102143635
"ENSG00000170860","LSM3",-0.402115677448151,3.51063424670951e-09
"ENSG00000171016","PYGO1",-0.410736246605051,0.0222740614250947
"ENSG00000171241","SHCBP1",-0.734881037384973,1.89331118285098e-12
"ENSG00000171246","NPTX1",-0.710969101772496,0.0142821562106488
"ENSG00000171262","FAM98B",-0.501858958018223,8.91948010302326e-08
"ENSG00000171316","CHD7",-0.724362503189015,1.06603518716856e-12
"ENSG00000171320","ESCO2",-1.30261011827504,3.9564102330622e-21
"ENSG00000171456","ASXL1",-0.468838976698125,9.20984739668479e-09
"ENSG00000171488","LRRC8C",-0.419516453105648,0.00151138462887483
"ENSG00000171634","BPTF",-0.204872220257482,0.0430350409725274
"ENSG00000171681","ATF7IP",-0.635672593745069,2.52766419597769e-08
"ENSG00000171723","GPHN",-0.46262453580299,0.000447579684607743
"ENSG00000171791","BCL2",-0.923536726638478,2.75779223303189e-08
"ENSG00000171792","RHNO1",-0.43000649097383,9.43440573665098e-05
"ENSG00000171793","CTPS1",-0.384614259542657,6.39657973040996e-08
"ENSG00000171848","RRM2",-1.03117372655639,2.88912146930528e-17
"ENSG00000172009","THOP1",-0.447289564611664,8.78312841198391e-07
"ENSG00000172059","KLF11",-0.586251909581437,0.00359985481851287
"ENSG00000172167","MTBP",-0.768773503443959,6.40662797029387e-05
"ENSG00000172175","MALT1",-0.728090785641513,2.35061245857704e-11
"ENSG00000172197","MBOAT1",-1.06963058729687,4.38258608243665e-06
"ENSG00000172469","MANEA",-0.293372603380832,0.0480470170658612
"ENSG00000172534","HCFC1",-0.416132235760165,0.000166221348978373
"ENSG00000172716","SLFN11",-0.670337359342527,0.00127345600712325
"ENSG00000172766","NAA16",-0.674640089146085,1.04272427800708e-08
"ENSG00000172775","PSME3IP1",-0.182539741525611,0.00617098835182748
"ENSG00000172795","DCP2",-0.586209393971572,2.40459973281694e-09
"ENSG00000172845","SP3",-0.667270997679316,2.90713511266113e-08
"ENSG00000172939","OXSR1",-0.197035833353841,0.0193837775973801
"ENSG00000172954","LCLAT1",-0.434029921755741,0.000751155959128188
"ENSG00000172977","KAT5",-0.210110831527956,0.0179691689556129
"ENSG00000173166","RAPH1",-0.356428252273087,0.00243034363433275
"ENSG00000173207","CKS1B",-0.545796848235296,0.000295092236247967
"ENSG00000173226","IQCB1",-0.374006597233632,0.000517220629543202
"ENSG00000173402","DAG1",-0.305827223727668,0.0134883467260148
"ENSG00000173456","RNF26",-0.491803229755331,4.94754232826014e-09
"ENSG00000173517","PEAK1",-0.33172773148371,0.00174557428427408
"ENSG00000173598","NUDT4",-0.313385435360773,0.000617689702286585
"ENSG00000173757","STAT5B",-0.333476903944135,0.00583738965241268
"ENSG00000173905","GOLIM4",-0.241543601962384,0.0215230089417535
"ENSG00000173960","UBXN2A",-0.297099912382195,0.00199725084487128
"ENSG00000174010","KLHL15",-0.365106752355705,0.0356245639462748
"ENSG00000174106","LEMD3",-0.30261953590529,0.00457747835002797
"ENSG00000174177","CTU2",-0.430389193415418,0.00256582243027603
"ENSG00000174231","PRPF8",-0.295029799265971,0.000146092938871411
"ENSG00000174371","EXO1",-1.03711245560582,1.50737984419454e-15
"ENSG00000174501","ANKRD36C",-0.356314494984807,0.0253496802812256
"ENSG00000174720","LARP7",-0.227257094611492,0.00229383168773567
"ENSG00000174839","DENND6A",-0.690611010966873,5.04514015614979e-05
"ENSG00000174840","PDE12",-0.228340438577409,0.00323015580656888
"ENSG00000174842","GLMN",-0.339672685918097,0.00581136925488946
"ENSG00000175029","CTBP2",-0.162459479100733,0.00535156587489369
"ENSG00000175054","ATR",-0.332847437954857,0.00075979474770826
"ENSG00000175063","UBE2C",-0.550840125849186,6.1555558397167e-06
"ENSG00000175087","PDIK1L",-0.630508377832134,0.00171630467214102
"ENSG00000175216","CKAP5",-0.797136604416035,3.01509401505745e-14
"ENSG00000175322","ZNF519",-0.588346215349891,0.0214575218851182
"ENSG00000175455","CCDC14",-0.428950522223073,1.95740214119323e-05
"ENSG00000175467","SART1",-0.219460278330837,0.0329417477953623
"ENSG00000175548","ALG10B",-0.470199047131678,0.00267710131079108
"ENSG00000175592","FOSL1",-0.443352010524368,0.000108429295357523
"ENSG00000175643","RMI2",-0.636995046518466,1.91212956745425e-05
"ENSG00000175826","CTDNEP1",-0.173247037831973,0.00787028156752097
"ENSG00000176105","YES1",-0.31057525551349,0.000668865208816208
"ENSG00000176108","CHMP6",-0.398721586680684,0.00605858486689881
"ENSG00000176155","CCDC57",-0.545610683896527,0.02266635485464
"ENSG00000176208","ATAD5",-1.27089603720528,2.87652180800867e-24
"ENSG00000176225","RTTN",-0.662834419801355,0.000186496061929415
"ENSG00000176396","EID2",-0.316735806560483,0.012641094083238
"ENSG00000176401","EID2B",-0.405071714424553,0.0143837934917689
"ENSG00000176407","KCMF1",-0.206742175021483,0.00594867016542523
"ENSG00000176714","CCDC121",-0.607041550493586,0.0302537295094446
"ENSG00000176834","VSIG10",-0.497244441990698,0.00014989360241179
"ENSG00000176842","IRX5",-0.849045392980146,0.000655743478005216
"ENSG00000176853","FAM91A1",-0.220952695651475,0.00628650191982001
"ENSG00000176890","TYMS",-0.74038296578153,2.037069138666e-12
"ENSG00000176915","ANKLE2",-0.397778200900977,5.14232798941404e-06
"ENSG00000176946","THAP4",-0.231754330933627,0.0294730652763619
"ENSG00000176974","SHMT1",-0.471522993007068,0.00238577106206037
"ENSG00000177045","SIX5",-0.37973602400088,0.0132701476543246
"ENSG00000177084","POLE",-0.949492978303594,5.10846676102919e-13
"ENSG00000177225","GATD1",-0.391474132035443,0.00283435819388799
"ENSG00000177302","TOP3A",-0.629830154690459,6.04566583131455e-11
"ENSG00000177463","NR2C2",-0.30546015523094,0.0112426710418367
"ENSG00000177602","HASPIN",-1.13396294290563,2.47205189740789e-06
"ENSG00000177853","ZNF518A",-0.342570858106768,0.00700581243133335
"ENSG00000177873","ZNF619",-0.412515327300227,0.0139187617403173
"ENSG00000178074","C2orf69",-0.342210687430111,0.00067304222829371
"ENSG00000178096","BOLA1",-0.348283634852685,0.0303362960563447
"ENSG00000178295","GEN1",-0.971844973627069,1.94695327002826e-13
"ENSG00000178307","TMEM11",-0.284880676024025,0.00239219247779138
"ENSG00000178752","ERFE",-0.739451331542479,0.00112971640862986
"ENSG00000178921","PFAS",-0.513493239780443,2.64031327338207e-06
"ENSG00000178974","FBXO34",-0.533616189901081,0.000118549565380854
"ENSG00000178977","LINC00324",-0.461121649205168,0.015645670917498
"ENSG00000178999","AURKB",-0.987885307011389,1.70674260229283e-14
"ENSG00000179051","RCC2",-0.622374667748839,3.99101691194954e-14
"ENSG00000179195","ZNF664",-0.316732133805263,0.000933304039868438
"ENSG00000179295","PTPN11",-0.4972304831371,1.49071991577836e-06
"ENSG00000179361","ARID3B",-0.437055473889601,0.0312787353330279
"ENSG00000179456","ZBTB18",-0.285723607299924,0.043296200215391
"ENSG00000179981","TSHZ1",-0.72669726302445,1.29012161299861e-08
"ENSG00000180011","PTGR3",-0.302518892677498,0.000804285170550647
"ENSG00000180182","MED14",-0.247180076413346,0.0245328169757552
"ENSG00000180376","CCDC66",-0.40808532783227,4.93865008140983e-05
"ENSG00000180385",NA,-0.551078214312852,4.02946300338309e-05
"ENSG00000180530","NRIP1",-0.707569267975971,1.14062118610862e-05
"ENSG00000180628","PCGF5",-0.426198758799588,2.05515142364568e-06
"ENSG00000180769","WDFY3-AS2",-0.489973920312049,0.04025597072871
"ENSG00000180776","ZDHHC20",-0.674938615950361,6.15871987473113e-09
"ENSG00000180998","GPR137C",-0.56892309764801,0.043721830865049
"ENSG00000181090","EHMT1",-0.252025148224287,0.0156831150097257
"ENSG00000181472","ZBTB2",-0.295046458570128,0.0398031107435467
"ENSG00000181544","FANCB",-0.929248748346609,4.06275424916746e-10
"ENSG00000181555","SETD2",-0.64288971518363,6.09435500530192e-11
"ENSG00000181588","MEX3D",-0.789294111122864,4.1869088728003e-09
"ENSG00000181826","RELL1",-0.552504698901548,1.32853375841027e-05
"ENSG00000181873","IBA57",-0.961523295080304,2.0668104416947e-07
"ENSG00000181915","ADO",-0.233497049179957,0.0376080781702521
"ENSG00000182010","RTKN2",-0.681403252645572,3.58298588019048e-06
"ENSG00000182095","TNRC18",-0.337705195256128,0.0323360175066209
"ENSG00000182173","TSEN54",-0.394025359749208,0.00330176503025297
"ENSG00000182308","DCAF4L1",-0.583988024505304,0.0400954058318708
"ENSG00000182379","NXPH4",-0.41423262599477,0.0152486162719376
"ENSG00000182504","CEP97",-0.329736616701239,0.00152085427305229
"ENSG00000182628","SKA2",-0.544919911044639,2.2268621082325e-11
"ENSG00000182774","RPS17",-0.68366721197076,0.0197038515577594
"ENSG00000182841",NA,-0.662780583756109,1.35114222971258e-05
"ENSG00000182872","RBM10",-0.198506163499746,0.0340476477261022
"ENSG00000182903","ZNF721",-0.317797570010767,0.0105676653941833
"ENSG00000182923","CEP63",-0.529787188399541,1.25525328530059e-05
"ENSG00000182934","SRPRA",-0.148290411346916,0.0346478494662581
"ENSG00000183137","CEP57L1",-0.260635054690585,0.00757978963995493
"ENSG00000183431","SF3A3",-0.286515616191758,1.43884856953226e-09
"ENSG00000183495","EP400",-0.414599219891468,0.000198064105105429
"ENSG00000183520","UTP11",-0.288232317984943,0.00444099969357711
"ENSG00000183576","SETD3",-0.242516974965014,0.00264038906145029
"ENSG00000183579","ZNRF3",-0.298824292635788,0.0126906546219394
"ENSG00000183647","ZNF530",-0.574607410370957,0.000146724524834977
"ENSG00000183684","ALYREF",-0.520513099408442,4.59107899950744e-06
"ENSG00000183723","CMTM4",-0.437487794569996,0.0024802091495205
"ENSG00000183741","CBX6",-0.347202617578877,0.00120730712974485
"ENSG00000183763","TRAIP",-0.911767452708276,4.16248438649464e-06
"ENSG00000183808","RBM12B",-0.365486766074276,0.00298505301277434
"ENSG00000183814","LIN9",-0.461255913075701,0.00404076833399609
"ENSG00000183856","IQGAP3",-1.04597885231037,3.35015169277075e-12
"ENSG00000183873","SCN5A",-0.553162773109002,0.0411449237769418
"ENSG00000183955","KMT5A",-0.478100670601975,3.80052680700982e-09
"ENSG00000184162","NR2C2AP",-0.538998447748413,0.000240890969766233
"ENSG00000184208",NA,-0.363463233236079,0.0428207800619258
"ENSG00000184216","IRAK1",-0.240297851877485,0.0357418982205317
"ENSG00000184349","EFNA5",-0.352098348426704,0.000663634930017278
"ENSG00000184445","KNTC1",-0.72066545938626,3.11723589612738e-06
"ENSG00000184661","CDCA2",-1.35882544856259,7.28047435934831e-42
"ENSG00000184675","AMER1",-0.640939000725917,0.00148102838299716
"ENSG00000184786","DYNLT2",-0.599813855040012,0.0353719718587291
"ENSG00000184863","RBM33",-0.548046759816602,3.69837095048163e-12
"ENSG00000185024","BRF1",-0.509115486946939,0.000615751592266805
"ENSG00000185104","FAF1",-0.25445795727574,0.000900008637289011
"ENSG00000185219","ZNF445",-0.319364589111959,0.0143225439061641
"ENSG00000185262","UBALD2",-0.348392027879521,0.00326750658503888
"ENSG00000185278","ZBTB37",-0.504634634397893,0.00310680662040656
"ENSG00000185298","CCDC137",-0.247735642231361,0.00443584638215984
"ENSG00000185347","TEDC1",-0.814064140725263,2.43469222741152e-07
"ENSG00000185480","PARPBP",-0.685090423028832,1.33365345250456e-06
"ENSG00000185504","FAAP100",-0.387606507599477,0.0146071711627671
"ENSG00000185658","BRWD1",-0.201598481017944,0.014862397215477
"ENSG00000185760","KCNQ5",-0.564559536191508,2.14725925349491e-05
"ENSG00000185818","NAT8L",-0.91176652284581,1.2012987771273e-06
"ENSG00000185862","EVI2B",-0.414074457458958,0.0190396999621335
"ENSG00000185864","NPIPB4",-0.611007402070522,0.0330016743236477
"ENSG00000185900","POMK",-0.358254580697798,3.46068093275648e-05
"ENSG00000185963","BICD2",-0.270719538968482,0.0198321468431689
"ENSG00000186314","PRELID2",-0.312404853964273,0.0408194805460182
"ENSG00000186416","NKRF",-0.303952376406209,0.0067288243229283
"ENSG00000186432","KPNA4",-0.325231575602161,0.000100366259210555
"ENSG00000186522","SEPTIN10",-0.267137966615391,0.0343589415577304
"ENSG00000186532","SMYD4",-0.489820535676245,2.42668486510328e-05
"ENSG00000186564","FOXD2",-0.457370996158874,0.0400669571183322
"ENSG00000186566","GPATCH8",-0.270287791748544,0.00359909718830881
"ENSG00000186638","KIF24",-0.708456361672805,0.000925121871961442
"ENSG00000186665","C17orf58",-0.283714749998707,0.0211518739601591
"ENSG00000186854","TRABD2A",-0.540199174833312,8.59183863677496e-07
"ENSG00000186871","ERCC6L",-1.31544120058359,1.71301998817529e-18
"ENSG00000186918","ZNF395",-0.637829811586288,0.000127237884230554
"ENSG00000187068","C3orf70",-0.583136240383357,0.03782422074921
"ENSG00000187079","TEAD1",-0.267728937218679,0.0298316816421355
"ENSG00000187164","SHTN1",-0.303467634877623,0.0149867090013851
"ENSG00000187231","SESTD1",-0.348844390815449,0.0046715945821007
"ENSG00000187257","RSBN1L",-0.226690661018696,0.0151270663610283
"ENSG00000187741","FANCA",-1.02223501647675,3.35291669294337e-15
"ENSG00000187764","SEMA4D",-0.619081810724778,1.61101034334338e-05
"ENSG00000187790","FANCM",-0.669285754043991,6.43634546112455e-07
"ENSG00000188229","TUBB4B",-0.401686156807537,7.48353092562656e-05
"ENSG00000188312","CENPP",-0.335255405365033,0.0292889724617092
"ENSG00000188613","NANOS1",-0.628558167816359,0.0282764308140169
"ENSG00000188807","TMEM201",-0.761126855055716,1.27896538921564e-08
"ENSG00000188938","FAM120AOS",-0.322697055141447,3.79013390303418e-05
"ENSG00000188986","NELFB",-0.369146539983362,0.000336910408035512
"ENSG00000189079","ARID2",-0.662001463340022,3.04040943637404e-12
"ENSG00000189091","SF3B3",-0.267607402913237,0.000225722716306602
"ENSG00000189180","ZNF33A",-0.219613584089438,0.0435033255002882
"ENSG00000189306","RRP7A",-0.306533284408412,0.000328793031818739
"ENSG00000189308","LIN54",-0.396336113104474,0.0049133683774624
"ENSG00000196182","STK40",-0.270152775759286,0.0381909215973682
"ENSG00000196233","LCOR",-0.379801443386071,9.08841584607845e-05
"ENSG00000196323","ZBTB44",-0.251079530025133,0.00902325124745995
"ENSG00000196365","LONP1",-0.502496256781424,4.52004000226896e-05
"ENSG00000196367","TRRAP",-0.497437021026376,0.000876591868519866
"ENSG00000196405","EVL",-0.365214272208122,0.0100059659747467
"ENSG00000196419","XRCC6",-0.173893734165196,0.0194270034507424
"ENSG00000196422","PPP1R26",-0.330308219528355,0.0219473954416748
"ENSG00000196453","ZNF777",-0.501844315432734,0.000866382668317656
"ENSG00000196504","PRPF40A",-0.272627208874764,3.08094831637142e-06
"ENSG00000196642","RABL6",-0.400847851814181,2.91336585590558e-07
"ENSG00000196700","ZNF512B",-0.326571793162171,0.00655925246027665
"ENSG00000196705","ZNF431",-0.3559401051514,0.0241700048461462
"ENSG00000196739","COL27A1",-0.313068400924378,0.028841730774753
"ENSG00000196754","S100A2",-0.383321347264287,0.00247939626692365
"ENSG00000196782","MAML3",-0.352682028444882,0.00516501484545717
"ENSG00000196787","H2AC11",-0.920953688730124,0.0033705592919163
"ENSG00000196810","CTBP1-DT",-0.448643316118537,0.00243161123194297
"ENSG00000196850","PPTC7",-0.315630657852952,0.00128602101976013
"ENSG00000196865","NHLRC2",-0.230145948061209,0.0325508048690689
"ENSG00000196914","ARHGEF12",-0.27631539409114,0.0221003383645378
"ENSG00000197111","PCBP2",-0.229947715576066,0.00031131085979811
"ENSG00000197170","PSMD12",-0.439266291770168,1.09762093958015e-09
"ENSG00000197223","C1D",-0.318454721878878,0.0125786245869359
"ENSG00000197256","KANK2",-0.318119889914387,0.0013639316973287
"ENSG00000197299","BLM",-1.10154787145592,5.28298832826606e-21
"ENSG00000197323","TRIM33",-0.227435303786428,0.00415034499929738
"ENSG00000197442","MAP3K5",-0.685645960441639,4.0840862336245e-06
"ENSG00000197457","STMN3",-0.669282530975744,4.92779484255291e-05
"ENSG00000197461","PDGFA",-0.357394768778043,0.0451173755889903
"ENSG00000197483","ZNF628",-0.440283633362943,0.0352595444714773
"ENSG00000197588",NA,-0.678002843177342,0.00754510014150924
"ENSG00000197724","PHF2",-0.581005373348709,6.46914790506541e-07
"ENSG00000197744",NA,-0.970227434514603,0.000131136693244482
"ENSG00000197785","ATAD3A",-0.360193479117426,0.0037136248921418
"ENSG00000197969","VPS13A",-0.45604228695498,0.00075429300345619
"ENSG00000198000","NOL8",-0.337516607699556,4.8607936527474e-05
"ENSG00000198033","TUBA3C",-0.705432171856961,5.5923412622364e-11
"ENSG00000198055","GRK6",-0.631484322548487,9.13578317846123e-08
"ENSG00000198087","CD2AP",-0.389253844871588,2.66845824034199e-05
"ENSG00000198108","CHSY3",-0.451333276102323,0.0462363833421557
"ENSG00000198142","SOWAHC",-0.414289016728778,8.0107772042335e-05
"ENSG00000198231","DDX42",-0.349670960917728,4.61342403787812e-06
"ENSG00000198331","HYLS1",-0.894304408211739,3.52681150035151e-08
"ENSG00000198355","PIM3",-0.350508391340539,0.00288655291750824
"ENSG00000198435","NRARP",-0.721295697884509,0.0151100740986004
"ENSG00000198554","WDHD1",-0.72199786031011,1.13835362633767e-10
"ENSG00000198563","DDX39B",-0.566806286082046,0.0202960371003983
"ENSG00000198586","TLK1",-0.219775457105667,0.0373784962422964
"ENSG00000198604","BAZ1A",-0.253254257070335,7.06106394011871e-05
"ENSG00000198680","TUSC1",-0.31370043190741,0.0208171208224367
"ENSG00000198700","IPO9",-0.393212858845761,8.99804614505921e-06
"ENSG00000198732","SMOC1",-0.997052120067573,0.000312490541736276
"ENSG00000198791","CNOT7",-0.251626261586109,0.0144059793613982
"ENSG00000198815","FOXJ3",-0.235229056925517,0.0188381739880761
"ENSG00000198824","CHAMP1",-0.447440921713107,2.12144348795547e-06
"ENSG00000198825","INPP5F",-0.398086774928391,0.000896916410886144
"ENSG00000198826","ARHGAP11A",-1.27812527516363,1.06804317419285e-33
"ENSG00000198830","HMGN2",-0.858581946474161,1.2042342198298e-09
"ENSG00000198833","UBE2J1",-0.275946644876635,0.0001073100050249
"ENSG00000198876","DCAF12",-0.237356088572021,0.00586517141832921
"ENSG00000198900","TOP1",-0.518478167543256,5.51384412663355e-13
"ENSG00000198924","DCLRE1A",-0.569767019783321,0.000276763183110139
"ENSG00000198929","NOS1AP",-0.416612491360324,0.0370113279963049
"ENSG00000198952","SMG5",-0.323704643435131,0.0210294002033073
"ENSG00000200164",NA,-0.554311124525157,0.0461061753033879
"ENSG00000201098","RNY1",-0.735929419550918,0.00485567402408577
"ENSG00000201882",NA,-0.946276927620884,0.000865331363296056
"ENSG00000201998","SNORA23",-0.676983286202525,0.0208655238479681
"ENSG00000202347","RNU1-16P",-0.767258779911917,0.0112087301050537
"ENSG00000202354","RNY3",-0.946545248937544,0.000671866012505742
"ENSG00000203791","EEF1AKMT2",-0.392297194400305,0.00211545973021533
"ENSG00000204060","FOXO6",-0.686701462672986,0.0191197744378577
"ENSG00000204138","PHACTR4",-0.174588312347714,0.0181748185622815
"ENSG00000204160","ZDHHC18",-0.358439277071359,0.02990134392385
"ENSG00000204172","AGAP9",-0.720524859588292,0.0136830620541441
"ENSG00000204444","APOM",-0.614886765975061,0.0247626042680396
"ENSG00000204536","CCHCR1",-0.38089918060574,0.0148835552302897
"ENSG00000204574","ABCF1",-0.282651816291373,0.000265634610458427
"ENSG00000204642","HLA-F",-0.597845825407469,0.0278653874171914
"ENSG00000204764","RANBP17",-0.696491997496467,0.00688250706359627
"ENSG00000204839","MROH6",-0.694444155693217,0.00351876824871578
"ENSG00000204946","ZNF783",-0.626813164491768,0.0147995493764304
"ENSG00000205041",NA,-0.630350678994239,0.0288441074619927
"ENSG00000205476","CCDC85C",-0.351070391595127,0.00925771936081808
"ENSG00000205531","NAP1L4",-0.218860473752941,0.00400678968314691
"ENSG00000206053","JPT2",-0.405149339192178,2.0439460716443e-08
"ENSG00000206418","RAB12",-0.294703853749489,0.00157913852122114
"ENSG00000206527","HACD2",-0.711217573945757,1.83071596726509e-14
"ENSG00000206535","LNP1",-0.398973076512363,0.0334562181450901
"ENSG00000206659",NA,-0.708721158038812,0.00523043937294099
"ENSG00000211448","DIO2",-0.940231550099728,0.00344981477158949
"ENSG00000212123","PRR22",-0.633440559456109,0.0179230974483748
"ENSG00000212719","LINC02693",-0.337460975027135,0.0380168447377394
"ENSG00000213024","NUP62",-0.304505256794028,4.72754548748171e-05
"ENSG00000213064","SFT2D2",-0.238803287968535,0.0178374595868053
"ENSG00000213347","MXD3",-1.0790468492678,7.51466406731677e-06
"ENSG00000213390","ARHGAP19",-1.15656862566815,2.65157689730728e-09
"ENSG00000213707",NA,-0.713987515800432,0.00946052045862288
"ENSG00000213967","ZNF726",-0.531852541705594,0.0439463063056541
"ENSG00000214114","MYCBP",-0.268467096047337,0.0159836566600212
"ENSG00000214193","SH3D21",-1.03413178103749,0.00131056030297114
"ENSG00000214367","HAUS3",-0.543971313692963,1.49122718649155e-05
"ENSG00000214706","IFRD2",-0.251722208682311,0.00799106657091538
"ENSG00000214717","ZBED1",-0.355504171737442,1.02595639732689e-05
"ENSG00000214753","HNRNPUL2",-0.430351388082587,0.000326885050950595
"ENSG00000214765",NA,-0.3974477434844,0.0149601558411221
"ENSG00000214796",NA,-1.04136558512109,0.000482827487856871
"ENSG00000215262","KCNU1",-0.859680930786877,0.00597878384862359
"ENSG00000215417","MIR17HG",-1.1830528333098,0.000166567585974576
"ENSG00000215421","ZNF407",-0.448899856992302,0.00263237708302405
"ENSG00000215784","FAM72D",-1.17302518491001,2.67279963371977e-06
"ENSG00000218283",NA,-0.614881783079439,0.014782532518035
"ENSG00000218596",NA,-0.813910042605156,0.00404076833399609
"ENSG00000218682",NA,-0.433989981544475,0.0486910334703263
"ENSG00000221829","FANCG",-0.374453537843221,0.00960929452589039
"ENSG00000221914","PPP2R2A",-0.199324581188803,0.00278956866034593
"ENSG00000223525",NA,-0.437639792478561,0.0447854043667092
"ENSG00000223573","TINCR",-0.598071749215793,0.0140701550085905
"ENSG00000223959",NA,-0.489442196766297,0.000947534328933738
"ENSG00000224420","ADM5",-0.686508745063095,0.00416896789577051
"ENSG00000224609","HSD52",-0.588762738426805,0.0388359399878406
"ENSG00000224699","LAMTOR5-AS1",-0.547468338886011,0.0394292910566653
"ENSG00000225077","ICMT-DT",-0.553428562184828,0.0490070082445219
"ENSG00000225200","RPS8P1",-0.477791205629795,0.0200385147060953
"ENSG00000225733","FGD5-AS1",-0.389378955198961,2.12144348795547e-06
"ENSG00000225761",NA,-0.517737108398238,0.0236420809685872
"ENSG00000226057",NA,-1.14804412957839,0.000538248556726729
"ENSG00000226419","SLC16A1-AS1",-0.361620923697272,0.00182821317293937
"ENSG00000226688","ENTPD1-AS1",-0.280621466229618,0.0173550062741875
"ENSG00000227308","LOC105373888",-0.625940403250579,0.0235804358902123
"ENSG00000227345","PARG",-0.563210007145886,1.2374360825371e-06
"ENSG00000227560","RPS15AP30",-0.646165114108871,0.022543402513534
"ENSG00000228049","POLR2J2",-0.581932968408515,0.0370212507937299
"ENSG00000228065",NA,-0.646905977740067,0.000144596053969719
"ENSG00000228109","MELTF-AS1",-1.15689827898853,0.000597467939102986
"ENSG00000228223","HCG11",-0.627870933716783,0.0148643864901517
"ENSG00000228451",NA,-0.526916215456255,0.00477726006512618
"ENSG00000228801","PCMTD1-DT",-0.583419902669385,0.00419953076059378
"ENSG00000229320","KRT8P12",-0.567238340292247,0.0414710678515292
"ENSG00000229375","USP24P1",-0.555441355731396,0.0282764308140169
"ENSG00000229820",NA,-0.566756016253704,0.0343971703208227
"ENSG00000230359",NA,-0.494366153452483,0.048870634968728
"ENSG00000230409",NA,-0.564075127196323,0.0272496141624871
"ENSG00000230426","LINC01036",-0.549067744404148,0.0101554738196067
"ENSG00000230453","ANKRD18B",-0.594412313575257,3.84360595644253e-05
"ENSG00000230732",NA,-0.534476296751928,0.0279892557399071
"ENSG00000231466",NA,-0.542152431385365,0.0197922715513967
"ENSG00000231607","DLEU2",-1.02986111162112,1.42163599627591e-12
"ENSG00000232732","LOC101927687",-0.676099607564734,0.00837785119435743
"ENSG00000232931",NA,-0.548097048210452,0.0112863605865963
"ENSG00000232956","SNHG15",-0.36092783533212,0.00883470541746772
"ENSG00000234420",NA,-1.05108373358745,1.1285970096447e-07
"ENSG00000234498","RPL13AP20",-0.451831830435029,0.0249647957225154
"ENSG00000234518",NA,-0.679355591407699,0.0120283693709327
"ENSG00000234965","SHISA8",-1.51707333076054,5.34926366835027e-05
"ENSG00000235180","LINC00601",-1.44405291611282,3.04710116969195e-06
"ENSG00000235194","PPP1R3E",-0.5200353089829,0.0211108485399868
"ENSG00000235672",NA,-0.57998320390535,0.0195644122586039
"ENSG00000235748",NA,-0.652486838460705,0.0184324455413678
"ENSG00000235954","TTC28-AS1",-0.551700782633042,0.000299909646945123
"ENSG00000236021",NA,-0.785725098645533,0.00927602705280668
"ENSG00000236200",NA,-0.755521147949534,0.00170428109047702
"ENSG00000236255",NA,-0.627136644985666,0.0294767626056691
"ENSG00000236359","OR51B8P",-0.705149359814707,0.0136007639779086
"ENSG00000237077",NA,-0.493188557941963,0.0415999314127202
"ENSG00000237135","DDX10P1",-0.791854628774586,0.00338666289072831
"ENSG00000237190","CDKN2AIPNL",-0.315091536201066,0.00477272270945251
"ENSG00000237424","FOXD2-AS1",-1.03203399842591,5.98863675399384e-05
"ENSG00000237436",NA,-0.600022517196533,0.0346272481657819
"ENSG00000237505","PKN2-AS1",-0.439623435949612,0.0492281979541008
"ENSG00000237523","LINC00857",-0.608541732322564,0.0266219323285571
"ENSG00000237649","KIFC1",-1.32243242700892,3.83604253211153e-20
"ENSG00000237732",NA,-0.80786119984273,0.00344765097406331
"ENSG00000238390","LOC124900469",-0.730215099482019,0.0143124854620745
"ENSG00000239272","RPL21P10",-0.559568462997339,0.0444743906026596
"ENSG00000239306","RBM14",-0.659912272440965,2.60836668862982e-07
"ENSG00000239883",NA,-0.635100269778238,0.0116968725906194
"ENSG00000241015",NA,-0.561340975782438,0.00294164729218476
"ENSG00000241280",NA,-0.766965288272837,0.0111564536610181
"ENSG00000242697","RPL5P12",-0.403794347984834,0.0360250262859151
"ENSG00000243156","MICAL3",-0.636630036739854,5.44610334465203e-05
"ENSG00000243314","RPS12P7",-0.588781740779071,0.0369226350824879
"ENSG00000243753",NA,-0.497682480812014,0.0269778447436177
"ENSG00000244300",NA,-0.748355972226236,0.00718338031997126
"ENSG00000244486","SCARF2",-0.353867170384189,0.0478631628370728
"ENSG00000244701",NA,-0.590327578397372,0.0371241161614417
"ENSG00000245293","CYP2U1-AS1",-0.639336769822966,0.0272195396342713
"ENSG00000246273","SBF2-AS1",-0.496289359852041,0.00613300821376106
"ENSG00000247240","UBL7-DT",-0.324481383817637,0.0284598583286399
"ENSG00000247572","CKMT2-AS1",-0.509736395900029,0.0103299823441282
"ENSG00000248333","CDK11B",-0.246713404391845,0.0408594671754565
"ENSG00000248840",NA,-0.625659075206064,0.0100852254962254
"ENSG00000248956","HMGB1P44",-0.504792644086218,0.0270667806020529
"ENSG00000249353",NA,-1.20616504410694,1.23210242555005e-05
"ENSG00000250067","YJEFN3",-0.660721358943635,0.0196759387672094
"ENSG00000250280",NA,-0.526766393806893,0.0491049748209117
"ENSG00000250802","ZBED3-AS1",-0.64316925142152,0.0189085301846394
"ENSG00000251127",NA,-0.511131032740416,0.0343589415577304
"ENSG00000251493","FOXD1",-0.325370709564407,0.018740711892934
"ENSG00000251703","RNU6-998P",-0.439598304350193,0.0481071642431743
"ENSG00000253304","TMEM200B",-0.653318477551066,0.0239348468610498
"ENSG00000253729","PRKDC",-0.74428247041874,2.15782127929774e-11
"ENSG00000254470","AP5B1",-0.312063926266067,0.0166142169283017
"ENSG00000255121",NA,-0.958856348385835,0.0030840084497133
"ENSG00000256571",NA,-0.813568870544844,0.00620655672334347
"ENSG00000257167","TMPO-AS1",-1.17450343457228,6.16005339229768e-08
"ENSG00000257354","MIRLET7IHG",-0.64842617872456,0.0100852254962254
"ENSG00000257365","FNTB",-0.347901615326103,0.0094129702145811
"ENSG00000257913","DDN-AS1",-0.441391261469765,0.0477663466140952
"ENSG00000257954",NA,-0.760641764102057,0.00534501808698901
"ENSG00000258366","RTEL1",-0.625462359984073,0.0186602421901323
"ENSG00000258568",NA,-0.69120747842411,0.0184243614474923
"ENSG00000258881",NA,-0.475135011847915,0.0406736208634954
"ENSG00000259248","USP3-AS1",-0.481167056899496,0.0346990154526876
"ENSG00000259396",NA,-0.432410369221719,0.0434053495935022
"ENSG00000259426","KIF23-AS1",-0.607036612159104,0.0265855881451086
"ENSG00000259571","BLID",-0.63980572192664,0.0264898316675371
"ENSG00000259768","ZFHX3-AS1",-0.690743737268178,0.00130514843494529
"ENSG00000259781",NA,-0.55676757315891,0.0367573284303601
"ENSG00000259956","RBM15B",-0.310923158733198,2.04611413111779e-05
"ENSG00000260442","ATP2A1-AS1",-0.729506265566721,3.02805640020604e-05
"ENSG00000260691","ANKRD20A1",-0.739407302392705,0.0128957296663916
"ENSG00000260992",NA,-0.704372395335784,0.00696453717876714
"ENSG00000261087","ZNNT1",-1.46140523109599,0.000180230649964812
"ENSG00000261220",NA,-0.784974598591455,0.00775220262833967
"ENSG00000261236","BOP1",-0.40821092679879,6.77106461651658e-05
"ENSG00000261335","LOC105274304",-0.75866718059426,0.00648315975835378
"ENSG00000261578",NA,-0.70535001849752,0.0143495055746484
"ENSG00000261609","GAN",-0.329662208501291,0.010618647998553
"ENSG00000262049",NA,-0.617503481473677,0.0070856266232036
"ENSG00000262380",NA,-0.607118716685747,0.033161573249257
"ENSG00000263001","GTF2I",-0.584714322840156,4.93936480447077e-05
"ENSG00000263731",NA,-0.627893344708684,3.20700698919482e-05
"ENSG00000264112",NA,-0.556451529714643,0.0462208760988701
"ENSG00000264350",NA,-0.632267505152967,0.0282764308140169
"ENSG00000264364","DYNLL2",-0.170238945672908,0.046509138330659
"ENSG00000264666",NA,-0.794900151607844,0.00924775660372537
"ENSG00000264895",NA,-0.517545050958518,0.0348679322203303
"ENSG00000265241","RBM8A",-0.281564694773576,8.42603711742768e-05
"ENSG00000265800",NA,-0.672197226323304,0.0215896338182037
"ENSG00000265817","FSBP",-1.2750676693403,1.84066264828427e-07
"ENSG00000266094","RASSF5",-0.735364794188042,4.83855361800655e-05
"ENSG00000267041","ZNF850",-0.389815407825317,0.0402385135946442
"ENSG00000267127",NA,-0.92141686539815,0.00321344968914658
"ENSG00000267249",NA,-0.517493818820907,0.030667979803225
"ENSG00000269713","NBPF9",-0.371529171784866,0.0337613960881331
"ENSG00000269825","LOC122539214",-0.670114721172227,0.01007900529834
"ENSG00000269951",NA,-0.98162779254837,0.00244774548612409
"ENSG00000270062",NA,-0.646235852229861,0.0221184706760238
"ENSG00000270419",NA,-0.635298869400326,0.0267516314767069
"ENSG00000270558",NA,-0.553121219319799,0.00578963909727047
"ENSG00000270629","NBPF14",-0.512377465441464,0.026511487196841
"ENSG00000270640",NA,-0.571219919570442,0.0299927000748052
"ENSG00000271781",NA,-1.02273211400689,0.000803555058092624
"ENSG00000271888",NA,-0.607104101347092,0.0341636632045061
"ENSG00000271936",NA,-0.473544973258147,0.0339052998357979
"ENSG00000272077",NA,-0.551179750274442,0.048656443169
"ENSG00000272205",NA,-0.780276975294021,0.0038874436418258
"ENSG00000272277",NA,-0.618344222646666,0.017630330217179
"ENSG00000272501",NA,-0.619662158963197,0.0117017996015505
"ENSG00000272512",NA,-0.859529812057415,0.00556951390185834
"ENSG00000272599",NA,-0.553248652887946,0.0110750191391233
"ENSG00000272931",NA,-0.551949634036321,0.0404873295901601
"ENSG00000272936",NA,-1.00996396998373,0.00192597860740348
"ENSG00000273066",NA,-0.911356267592203,0.000874738159334836
"ENSG00000273117","INSIG1-DT",-0.640100038899781,0.000862294766787748
"ENSG00000273156",NA,-0.954370635611774,0.000517306897944086
"ENSG00000273162","LOC107984262",-0.574741614243456,0.0423334616779061
"ENSG00000273314",NA,-0.490943898163544,0.0257898376384834
"ENSG00000273559","CWC25",-0.266510907338413,0.00279880909437639
"ENSG00000273703","H2BC14",-0.928529810840459,0.00164995747015687
"ENSG00000273786",NA,-0.597792596441353,0.0220949260242433
"ENSG00000274422",NA,-0.473645445697942,0.0325835288690439
"ENSG00000274425",NA,-0.49942942512277,0.0498142206666821
"ENSG00000274428","LOC124904634",-0.524033994074098,0.0136106819976472
"ENSG00000275056",NA,-0.604474614300117,0.0290737619790559
"ENSG00000275092",NA,-1.15028748671095,0.000888320637557958
"ENSG00000275185",NA,-0.756080600189456,0.00683735647403252
"ENSG00000275202",NA,-0.522835185738858,0.0202093396800863
"ENSG00000275441",NA,-0.475641655237424,0.0412973825045069
"ENSG00000275632",NA,-0.95583669184627,2.12942994250581e-09
"ENSG00000275700","AATF",-0.349887426154593,6.4023685587729e-05
"ENSG00000275835","TUBGCP5",-0.412299461226892,0.000983967692059431
"ENSG00000276234","TADA2A",-0.418686527959787,1.9617613023724e-07
"ENSG00000276672",NA,-1.1332410298931,8.39867652527043e-06
"ENSG00000276853",NA,-0.765046578655516,0.0112851224344968
"ENSG00000277693",NA,-0.745890154835179,0.00199281547229662
"ENSG00000277945",NA,-0.951543830831647,0.00219534618175157
"ENSG00000278023","RDM1",-0.824907889427108,0.000143222606518676
"ENSG00000278053","DDX52",-0.141262233284548,0.0490070082445219
"ENSG00000278177",NA,-0.574639176767975,0.0398217280252715
"ENSG00000278341",NA,-0.627982709243849,0.02881062176201
"ENSG00000278463","H2AC4",-1.50008069216279,0.000104091011334827
"ENSG00000278765",NA,-0.595831645431421,0.0369496816594369
"ENSG00000278970","ZFP62",-0.314971655202056,0.0415011203727521
"ENSG00000278991",NA,-0.537478558173516,0.0471854101787662
"ENSG00000279133",NA,-1.24195095829747,7.75659106217937e-06
"ENSG00000279265",NA,-0.787485673783542,0.0060727527552424
"ENSG00000279348",NA,-0.57633744493126,0.0372326259471129
"ENSG00000279354",NA,-0.552353844557714,0.0189370928175848
"ENSG00000279443",NA,-0.83279586611567,0.00201136371470517
"ENSG00000279738",NA,-0.450285807242962,0.0294730652763619
"ENSG00000279838",NA,-0.678978842707669,0.00878963530723715
"ENSG00000280206",NA,-0.658158202450587,1.25705954733519e-06
"ENSG00000280383",NA,-0.729218678214406,0.00285737922984286
"ENSG00000280417",NA,-0.54426307361222,0.0472023007138904
"ENSG00000280543","ASAP1-IT2",-0.625878151514947,0.0298143024462403
"ENSG00000281183","NPTN-IT1",-0.562587426152194,0.0388728640684344
"ENSG00000281344",NA,-1.0489602450808,7.32005149908845e-07
"ENSG00000283078","LOC105372705",-0.570554517364755,0.0402385135946442
"ENSG00000285730",NA,-0.816320103149949,0.00439270067922484
"ENSG00000286284",NA,-0.490908209559344,0.0129358269014995
"ENSG00000286314",NA,-0.695320006538482,0.0166607878351699
"ENSG00000286786",NA,-0.618744080354641,0.0311906325414672
"ENSG00000286808",NA,-0.456105871787948,0.0417583360373475
"ENSG00000287016","LOC124902546",-0.579284136308135,0.0192604318890582
"ENSG00000287080","H3C3",-1.26547514063455,0.000109523843777782
"ENSG00000287110","ACAD9-DT",-0.651205285823105,0.0243563720717681
"ENSG00000287222",NA,-0.462882023169247,0.0483733460567316
"ENSG00000287710",NA,-0.518494361894606,0.042096987403731
"ENSG00000288016",NA,-0.661241142917949,0.00726688848395874
"ENSG00000288701","PRRC2B",-0.265717307182004,0.00354718678882917
"ENSG00000288928",NA,-0.592910740405982,0.0329562317299832
"ENSG00000288948",NA,-0.89346954130845,0.00188637789665214
"ENSG00000288973",NA,-0.924989708453214,0.000858112878377601
"ENSG00000288983",NA,-0.98914082190805,4.4704839472905e-05
"ENSG00000289005",NA,-0.545587837874809,0.0430255982160041
"ENSG00000289043",NA,-0.853701752174089,0.00616746114589429
"ENSG00000289094",NA,-0.923243921119749,0.00346129430771002
"ENSG00000289155",NA,-0.666713302661472,0.022543402513534
"ENSG00000289194",NA,-1.01360838931807,1.79118848299316e-21
"ENSG00000289247",NA,-0.708176364493331,0.00683735647403252
"ENSG00000289277",NA,-0.482781163549801,0.0472023007138904
"ENSG00000289314",NA,-0.697824556541722,0.00986343949843117
"ENSG00000289579",NA,-0.828109969732171,0.00222222567183784
"ENSG00000289585",NA,-0.801184297326867,0.00404345968708116
"ENSG00000290012",NA,-0.915495850571391,0.00382412394343411
