"ENSEMBL","SYMBOL_wt","log2FC_wt","padj_wt","SYMBOL_KO","log2FC_KO","padj_KO"
"ENSG00000001167","NFYA",-0.266346192296341,0.0376080781702521,"NFYA",-0.317093184355777,0.00990773855296748
"ENSG00000001497","LAS1L",-0.460111394428355,1.35004620355288e-05,"LAS1L",-0.35173181465642,0.00113814896297874
"ENSG00000003056","M6PR",-0.287357189917511,1.07764770844166e-05,"M6PR",-0.287296667659729,1.42336059193337e-05
"ENSG00000003989","SLC7A2",-0.963880353430136,8.35659109982127e-07,"SLC7A2",-0.792371463438347,2.94602060445523e-05
"ENSG00000004455","AK2",-0.231454857555448,0.0057997228001526,"AK2",-0.434799549434239,4.73585800670887e-08
"ENSG00000004487","KDM1A",-0.834315860127118,4.28332901435263e-17,"KDM1A",-0.250154601117066,0.0127971147933755
"ENSG00000005100","DHX33",-0.624005860302934,1.51026338749593e-14,"DHX33",-0.465506113849151,1.58586164422241e-08
"ENSG00000006625","GGCT",-0.450641586155163,2.68829791644345e-05,"GGCT",-0.549964771919024,1.96259345792488e-07
"ENSG00000006634","DBF4",-1.09084306554678,2.8884503180182e-28,"DBF4",-0.430939136204676,8.97113517241556e-06
"ENSG00000006652","IFRD1",-0.66530806850782,5.16901682416862e-05,"IFRD1",-0.51097025340546,0.00101510019420369
"ENSG00000007392","LUC7L",-0.515839399808407,3.74976523389093e-09,"LUC7L",-0.444572151768681,3.25115341406481e-07
"ENSG00000007968","E2F2",-2.60267502415935,6.33592343380422e-19,"E2F2",-1.67184496192514,2.09878447191566e-12
"ENSG00000009307","CSDE1",-0.130121573439462,0.00558991777399171,"CSDE1",-0.110600866996483,0.0252564466371719
"ENSG00000010244","ZNF207",-0.344906123980522,5.84166012389862e-08,"ZNF207",-0.441415355720453,6.91426912306327e-12
"ENSG00000010292","NCAPD2",-1.13585307006086,2.20024915754957e-25,"NCAPD2",-0.266397346558801,0.0178223196212186
"ENSG00000011007","ELOA",-0.35484814220676,9.59399954426695e-05,"ELOA",-0.34368248205509,0.000181673029326649
"ENSG00000011260","UTP18",-0.566801075577966,4.21838622762393e-10,"UTP18",-0.269838609644652,0.00357917695909674
"ENSG00000011304","PTBP1",-0.666680226045367,6.9264089554391e-19,"PTBP1",-0.300857498764585,0.000119845802301163
"ENSG00000012660","ELOVL5",-0.432679531613566,4.58001808164096e-06,"ELOVL5",-0.309148773422627,0.00155604995352863
"ENSG00000013573","DDX11",-0.743361203503481,5.47227648349628e-08,"DDX11",-0.268579147372898,0.0328004433329402
"ENSG00000013588","GPRC5A",-0.722638789963118,0.000108829985134156,"GPRC5A",-0.544928994520063,0.00254486109248485
"ENSG00000020633","RUNX3",-0.527412610292142,0.000574486921490346,"RUNX3",-0.455344393532787,0.00180551345856307
"ENSG00000021776","AQR",-0.344469399761784,3.09956953289422e-06,"AQR",-0.18254469042901,0.0202522391376163
"ENSG00000023171","GRAMD1B",-0.485221764086104,0.00301968128837573,"GRAMD1B",-0.518695130088391,0.00101510019420369
"ENSG00000023287","RB1CC1",-0.372605711587206,1.02595639732689e-05,"RB1CC1",-0.283295393143249,0.00102384974816312
"ENSG00000024526","DEPDC1",-1.1349481334154,7.70104760997556e-19,"DEPDC1",-0.445560160984072,0.000307253666241091
"ENSG00000025796","SEC63",-0.35268169064091,0.000216385595178328,"SEC63",-0.275329139324582,0.00451837131955487
"ENSG00000026559","KCNG1",-0.593631335566162,2.81280786235426e-05,"KCNG1",-0.573314282088673,6.16736078700157e-05
"ENSG00000029363","BCLAF1",-0.894876919963754,2.23902738528475e-29,"BCLAF1",-0.327567575121567,6.03326509647797e-05
"ENSG00000031691","CENPQ",-0.990633435950193,3.04397837768008e-12,"CENPQ",-0.290408855569396,0.0342976104441144
"ENSG00000035499","DEPDC1B",-0.929644112303454,2.92029148731967e-08,"DEPDC1B",-0.361716128462105,0.0194941252381404
"ENSG00000035687","ADSS2",-0.23255380617019,0.0402385135946442,"ADSS2",-0.280414925535919,0.0101335774511401
"ENSG00000037474","NSUN2",-0.367400077688929,2.15876861223757e-06,"NSUN2",-0.411302157248054,1.21090949193329e-07
"ENSG00000039123","MTREX",-0.336227471994926,3.34264496664727e-05,"MTREX",-0.284752358524948,0.000539326884034606
"ENSG00000039560","RAI14",-0.354933764052386,0.000276763183110139,"RAI14",-0.377500207428529,9.41368711684352e-05
"ENSG00000040608","RTN4R",-0.581559563528674,0.0236072762520178,"RTN4R",-0.566455065957418,0.0219460747079878
"ENSG00000043355","ZIC2",-1.03555005401974,2.87989233605538e-10,"ZIC2",-0.375197410459763,0.0107111063664365
"ENSG00000044574","HSPA5",-0.266140519477091,0.00118711460729076,"HSPA5",-0.590164101579603,5.45776363856821e-14
"ENSG00000049541","RFC2",-0.644093406317304,1.18934817640709e-10,"RFC2",-0.326432941229644,0.000924375772059236
"ENSG00000049656","CLPTM1L",-0.21836625472265,0.0222169647182158,"CLPTM1L",-0.394778874618525,1.06861690494271e-05
"ENSG00000053372","MRTO4",-0.505898436826878,1.13467178306739e-10,"MRTO4",-0.572784054621414,2.70411489622813e-13
"ENSG00000054118","THRAP3",-0.495815109820709,9.28695694707003e-15,"THRAP3",-0.333647531532033,3.77048984261842e-07
"ENSG00000055044","NOP58",-0.641253582433094,1.26265664656993e-20,"NOP58",-0.564112777417152,3.24378740696736e-16
"ENSG00000055130","CUL1",-0.49797092251038,3.7405729766859e-13,"CUL1",-0.293810202197934,2.42020896658847e-05
"ENSG00000055483","USP36",-0.344479453311104,0.00444099969357711,"USP36",-0.26274223308221,0.0322357994228929
"ENSG00000055917","PUM2",-0.480832404211811,8.76247502876547e-11,"PUM2",-0.218822309383495,0.00402160831946184
"ENSG00000057608","GDI2",-0.178600267260526,0.0129445579105284,"GDI2",-0.278357845764603,5.34177146338696e-05
"ENSG00000058804","NDC1",-0.960204692024417,2.73628942924591e-21,"NDC1",-0.420722699703133,3.032069633595e-05
"ENSG00000059573","ALDH18A1",-0.287815165737449,0.00612588516623158,"ALDH18A1",-0.316447157560722,0.00241747578951383
"ENSG00000060688","SNRNP40",-0.300903573038461,0.0202043977157915,"SNRNP40",-0.402067762664705,0.00103515842376786
"ENSG00000060982","BCAT1",-0.524330999167593,2.72865111068793e-17,"BCAT1",-0.69430813533119,2.22968566054039e-29
"ENSG00000061794","MRPS35",-0.351719814082278,1.3008854256674e-06,"MRPS35",-0.371058387713754,2.79903561327452e-07
"ENSG00000063244","U2AF2",-0.285777219460611,0.00264625672745326,"U2AF2",-0.199716336240238,0.0457543787770801
"ENSG00000064651","SLC12A2",-0.561725137077495,8.76247502876547e-11,"SLC12A2",-0.22967168433764,0.0109628635763734
"ENSG00000065150","IPO5",-0.51947303341561,1.03563486648372e-13,"IPO5",-0.353596743221172,6.16621073059694e-07
"ENSG00000065183","WDR3",-0.2840791961734,7.32127149688148e-06,"WDR3",-0.478239234828037,2.04521443360611e-14
"ENSG00000065328","MCM10",-1.2782971433366,2.54996712845759e-47,"MCM10",-0.467475871521668,3.97966480241003e-08
"ENSG00000065427","KARS1",-0.188428201280059,0.00102010211971298,"KARS1",-0.268357980983638,2.08813971432856e-06
"ENSG00000065548","ZC3H15",-0.356687913193398,5.50744393064233e-07,"ZC3H15",-0.397546279913708,2.06460501205248e-08
"ENSG00000065809","FAM107B",-0.504792184407363,0.000891302548030093,"FAM107B",-1.10700015543095,1.56325580573745e-12
"ENSG00000065911","MTHFD2",-1.07655472877352,2.97502915743723e-27,"MTHFD2",-1.00229431395203,6.83107883721718e-24
"ENSG00000066583","ISOC1",-0.490659167172434,2.75163955859374e-05,"ISOC1",-0.380349590447623,0.00209943921007888
"ENSG00000067048","DDX3Y",-0.32124904193454,2.85973767337312e-07,"DDX3Y",-0.336880649944204,4.28963544825349e-08
"ENSG00000067334","DNTTIP2",-0.365709819791673,0.000366655109762162,"DNTTIP2",-0.290341128273847,0.00512637967719746
"ENSG00000067533","RRP15",-0.341815957680611,3.21600662827445e-05,"RRP15",-0.276657650874872,0.000987462973548555
"ENSG00000068796","KIF2A",-0.501471638877625,1.19578916901145e-11,"KIF2A",-0.175570552404485,0.0302106706099562
"ENSG00000070718","AP3M2",-0.327045323283327,0.00428486545885709,"AP3M2",-0.353280974173527,0.00153479197850839
"ENSG00000070814","TCOF1",-0.934921257810186,9.6432764850623e-25,"TCOF1",-0.31019048810937,0.000932789754964157
"ENSG00000071243","ING3",-0.535920099281995,6.50950319226269e-09,"ING3",-0.503078211900127,2.00173527051277e-08
"ENSG00000071626","DAZAP1",-0.505926617513115,5.5567287044639e-16,"DAZAP1",-0.411803773319422,8.83622502084672e-11
"ENSG00000072071","ADGRL1",-0.399688747878646,0.0326298741604396,"ADGRL1",-0.543100986722138,0.00248566241019799
"ENSG00000072274","TFRC",-0.450357000804376,2.97922096845372e-05,"TFRC",-0.847912217890291,4.27761044253365e-15
"ENSG00000072501","SMC1A",-0.7818126179287,8.94728164123359e-18,"SMC1A",-0.258161508102033,0.00681780849156237
"ENSG00000072756","TRNT1",-0.401494640523023,3.76438129611841e-05,"TRNT1",-0.40829695846826,2.36439189022651e-05
"ENSG00000073008","PVR",-0.343612490264024,0.0074640611658626,"PVR",-0.474493917815871,0.000159817266486026
"ENSG00000073111","MCM2",-1.35421236778613,4.82348162757255e-30,"MCM2",-0.55975567784851,1.62840704767674e-06
"ENSG00000073792","IGF2BP2",-0.45641626698874,1.1339061775823e-06,"IGF2BP2",-0.203578141809652,0.0450588096670076
"ENSG00000074201","CLNS1A",-0.290056776932916,0.00101820762887936,"CLNS1A",-0.638137758116712,8.09237065451865e-14
"ENSG00000074590","NUAK1",-0.397799703090004,0.00786153890398606,"NUAK1",-0.350129701114937,0.0148212686072539
"ENSG00000074800","ENO1",-0.289466720461749,0.000102584017112022,"ENO1",-0.316516850447138,1.98735951831971e-05
"ENSG00000075131","TIPIN",-1.00722028806777,3.67117093960936e-15,"TIPIN",-0.629462398472065,2.37358511572401e-07
"ENSG00000075856","SART3",-0.411268918934623,2.8063351272415e-08,"SART3",-0.181899404442592,0.0232178918107624
"ENSG00000076003","MCM6",-1.77698640925962,9.98480163481933e-50,"MCM6",-1.55571530784934,1.78826319649557e-40
"ENSG00000076248","UNG",-1.25230548291262,1.87021686193492e-38,"UNG",-1.20694815098596,1.41057637812201e-36
"ENSG00000077348","EXOSC5",-0.201922851048544,0.0244159207816593,"EXOSC5",-0.387655255647702,5.45679351613115e-06
"ENSG00000077684","JADE1",-0.804676405198655,1.20647694842499e-18,"JADE1",-0.210599933259601,0.0260108558021974
"ENSG00000079246","XRCC5",-0.143021507492872,0.0162356575096516,"XRCC5",-0.244794459222993,1.54550305626193e-05
"ENSG00000079819","EPB41L2",-0.719730756673463,4.90323638935454e-19,"EPB41L2",-0.20487692814714,0.0197499186592967
"ENSG00000080345","RIF1",-0.875895152415293,3.1043505833631e-34,"RIF1",-0.303957313237373,3.84822294804718e-05
"ENSG00000080608","PUM3",-0.442507199787643,3.99185146852198e-13,"PUM3",-0.456097058370551,9.47670028275566e-14
"ENSG00000080986","NDC80",-1.11732745241054,2.55275623344537e-22,"NDC80",-0.369589722494014,0.000940028664037341
"ENSG00000081721","DUSP12",-0.275239717474218,0.0330502619467373,"DUSP12",-0.376734247555375,0.00224898612186658
"ENSG00000082497","SERTAD4",-0.993734935879939,1.65680146633756e-09,"SERTAD4",-0.402736732474739,0.00714730172162392
"ENSG00000082898","XPO1",-0.720937835040444,2.10824741664544e-30,"XPO1",-0.298685614403511,3.08379203791445e-06
"ENSG00000083535","PIBF1",-0.360757833894524,0.00692054385813863,"PIBF1",-0.300599921914388,0.0201879405418643
"ENSG00000083544","TDRD3",-0.488600470012336,0.000277462354849832,"TDRD3",-0.267522181542223,0.0467844340966774
"ENSG00000083896","YTHDC1",-0.295329570258007,7.18078630465557e-05,"YTHDC1",-0.161082946059025,0.0461842504968542
"ENSG00000085377","PREP",-0.236553182046822,0.0250456087271466,"PREP",-0.402678559283572,6.39121580545606e-05
"ENSG00000085415","SEH1L",-0.381319389271162,0.000106806811087722,"SEH1L",-0.625834089562405,1.68944369384674e-10
"ENSG00000085872","CHERP",-0.506722745906522,1.18248242950227e-08,"CHERP",-0.341303563898842,0.000173865263265709
"ENSG00000086475","SEPHS1",-0.34201242118183,1.46059399100515e-05,"SEPHS1",-0.373269850203098,3.08902053114955e-06
"ENSG00000086712","TXLNG",-0.517232198850249,4.03036328657495e-09,"TXLNG",-0.399653405412091,3.84516350177838e-06
"ENSG00000087087","SRRT",-0.649038168147837,6.09949743435989e-18,"SRRT",-0.18798235081223,0.0231061775521593
"ENSG00000087206","UIMC1",-0.366350273373941,2.97644770508662e-05,"UIMC1",-0.201556307961299,0.0283145767030179
"ENSG00000087269","NOP14",-0.577792218729717,8.87209844440253e-24,"NOP14",-0.366508289819323,5.34848630720645e-10
"ENSG00000087586","AURKA",-1.02991861602988,4.92122403608679e-26,"AURKA",-0.213266334636063,0.0425354716207257
"ENSG00000088205","DDX18",-0.565944037566319,2.348153618565e-32,"DDX18",-0.651123007816178,1.68459685252081e-42
"ENSG00000088826","SMOX",-0.481085440000797,0.00602230436558288,"SMOX",-1.01330941114434,2.58690081768296e-08
"ENSG00000088930","XRN2",-0.190450472446248,0.000608454890438223,"XRN2",-0.252838878153637,3.60348424924899e-06
"ENSG00000089006","SNX5",-0.606530001135459,2.80044901886364e-24,"SNX5",-0.418119544871835,4.85302417375899e-12
"ENSG00000089280","FUS",-0.7702635024302,1.54699168743089e-26,"FUS",-0.470639195615463,9.87877608405536e-11
"ENSG00000089685","BIRC5",-1.22391759390759,1.0537766294504e-22,"BIRC5",-0.42319676669113,0.000545175285861329
"ENSG00000090060","PAPOLA",-0.552846746207685,1.42656718497485e-24,"PAPOLA",-0.376257714065394,6.06307616854896e-12
"ENSG00000090447","TFAP4",-0.682374838554489,4.84003218705995e-10,"TFAP4",-0.5052861529431,3.01253150969184e-06
"ENSG00000090857","PDPR",-0.222569978011512,0.0299225405028285,"PDPR",-0.323570891866297,0.000917815059107037
"ENSG00000090861","AARS1",-0.596708711295935,5.44534635063665e-10,"AARS1",-0.241040511714806,0.0174958444441674
"ENSG00000091127","PUS7",-0.684167031948169,5.49233497495186e-11,"PUS7",-0.445631404186228,1.29329693504798e-05
"ENSG00000091483","FH",-0.357012955455385,0.000450056610730617,"FH",-0.234443324422136,0.0268305417262688
"ENSG00000091527","CDV3",-0.269733301438757,0.0068428048005785,"CDV3",-0.211943801538486,0.0395537483886388
"ENSG00000091651","ORC6",-0.922041275132961,2.81430541988924e-16,"ORC6",-0.331770151989701,0.00222757187046091
"ENSG00000092140","G2E3",-0.736751625274031,5.37579851261547e-12,"G2E3",-0.349161163620464,0.00122869062081524
"ENSG00000092199","HNRNPC",-0.444699801629335,3.29978268172667e-07,"HNRNPC",-0.439048750238274,4.49115795508211e-07
"ENSG00000092470","WDR76",-1.31912751353303,1.34067568601782e-32,"WDR76",-0.665732433665917,1.36054248703122e-11
"ENSG00000092969","TGFB2",-0.637821400888159,0.00300711217878577,"TGFB2",-1.26660285481192,6.00958752136058e-07
"ENSG00000093009","CDC45",-1.31952840946249,8.01778293048765e-19,"CDC45",-0.424380292475542,0.00162472822717873
"ENSG00000094804","CDC6",-1.17378407703915,1.28106545612088e-28,"CDC6",-0.307933825027177,0.00299339304118919
"ENSG00000095002","MSH2",-0.751797481625858,7.86078202659965e-14,"MSH2",-0.251076508532485,0.0133236346337985
"ENSG00000096384","HSP90AB1",-0.209472573635842,5.0093006398877e-05,"HSP90AB1",-0.250892032481073,1.10992436776649e-06
"ENSG00000096746","HNRNPH3",-0.566427195356331,1.50339633203326e-12,"HNRNPH3",-0.528309803015278,4.4589134957603e-11
"ENSG00000097046","CDC7",-0.936144979268447,1.80341628191074e-10,"CDC7",-0.574834323487598,1.57339983276633e-05
"ENSG00000099783","HNRNPM",-0.637306429672175,2.00099550003285e-26,"HNRNPM",-0.225933790314351,0.000424235222129893
"ENSG00000099800","TIMM13",-0.226514644501486,0.00789985111978311,"TIMM13",-0.297552169907208,0.000336379551509514
"ENSG00000099860","GADD45B",-0.549226354624981,0.000827525850768358,"GADD45B",-0.392028413906288,0.0133261541267409
"ENSG00000099901","RANBP1",-0.672472087095921,2.60798533637515e-22,"RANBP1",-0.22182136992115,0.00284514308980485
"ENSG00000099995","SF3A1",-0.406832488923545,1.00484308398696e-08,"SF3A1",-0.168785076398021,0.0316461897256921
"ENSG00000100028","SNRPD3",-0.21818673187201,0.0136001911431332,"SNRPD3",-0.206646817764218,0.0217590313024928
"ENSG00000100242","SUN2",-0.681250469663631,8.78271505826989e-11,"SUN2",-0.409178983271204,9.17474874050189e-05
"ENSG00000100281","HMGXB4",-0.263386761618714,2.0564445066744e-05,"HMGXB4",-0.16930042930997,0.00946762563098434
"ENSG00000100297","MCM5",-1.03574823628487,2.50138920939147e-29,"MCM5",-0.413271180785463,5.58015756112056e-06
"ENSG00000100304","TTLL12",-0.31844111182307,6.54962106578745e-05,"TTLL12",-0.428957392319571,1.27035594463344e-07
"ENSG00000100376","FAM118A",-0.51222458350192,0.00161961334523276,"FAM118A",-0.516411467768462,0.00115392000070255
"ENSG00000100410","PHF5A",-0.355143519653055,0.000381175006796989,"PHF5A",-0.462970065156296,2.19107810770135e-06
"ENSG00000100479","POLE2",-0.776694965404189,1.36919596029789e-05,"POLE2",-0.460730242077237,0.00422291564668245
"ENSG00000100522","GNPNAT1",-0.299450041701871,0.0017240296784029,"GNPNAT1",-0.198252344841043,0.0478404724048395
"ENSG00000100526","CDKN3",-1.03697728124844,1.01670915216205e-10,"CDKN3",-0.659384399352382,1.83456515222938e-05
"ENSG00000100591","AHSA1",-0.305272771507992,0.00086648785783431,"AHSA1",-0.444342790821366,6.4996211500515e-07
"ENSG00000100603","SNW1",-0.201458683012071,0.00472245808285825,"SNW1",-0.177879316725064,0.0146779727703668
"ENSG00000100605","ITPK1",-0.490082978809913,1.59467821032282e-07,"ITPK1",-0.369607972758063,8.11364138531276e-05
"ENSG00000100632","ERH",-0.268797734333199,0.00453622827452238,"ERH",-0.352785939861537,0.0001180895661704
"ENSG00000100650","SRSF5",-0.323099647202244,9.50878731663446e-05,"SRSF5",-0.360156021445228,1.1689127195242e-05
"ENSG00000100664","EIF5",-0.578960451402677,7.29745493389423e-13,"EIF5",-0.66666242616151,1.89716645358214e-16
"ENSG00000100714","MTHFD1",-0.531625844439232,5.7566424869928e-10,"MTHFD1",-0.429278987955586,5.54033101246563e-07
"ENSG00000100867","DHRS2",-1.88237793345384,4.78620763941571e-14,"DHRS2",-1.50984773779599,5.83376513556786e-09
"ENSG00000100941","PNN",-1.13656799640517,1.18776574690086e-27,"PNN",-0.464517940861658,7.27069929755087e-06
"ENSG00000101040","ZMYND8",-0.947223476908908,1.67505078061529e-26,"ZMYND8",-0.619305042910129,3.5416971908112e-12
"ENSG00000101057","MYBL2",-1.5444443755589,8.42981299511767e-23,"MYBL2",-0.300722216837611,0.0449433214221932
"ENSG00000101132","PFDN4",-0.289860446164748,0.00253933660220166,"PFDN4",-0.266737134036539,0.00568970667769515
"ENSG00000101146","RAE1",-0.317616620245053,0.000418373546903981,"RAE1",-0.409260328110703,4.01418131098504e-06
"ENSG00000101187","SLCO4A1",-1.11996915117648,1.14578507330552e-09,"SLCO4A1",-0.488299877862699,0.00372553033275391
"ENSG00000101266","CSNK2A1",-0.437567756990992,2.08984229918653e-22,"CSNK2A1",-0.497830249302631,2.47012550237257e-28
"ENSG00000101343","CRNKL1",-0.378653092194394,8.81265298908584e-06,"CRNKL1",-0.227777541746304,0.00877255014413854
"ENSG00000101361","NOP56",-0.717708668997378,1.03803523709088e-18,"NOP56",-0.500440401123941,8.08940919029512e-10
"ENSG00000101412","E2F1",-1.3333953779366,1.26946060316906e-17,"E2F1",-0.311723285967393,0.0337497372237094
"ENSG00000101447","FAM83D",-1.02253993089456,1.44209622533754e-11,"FAM83D",-0.49307330448411,0.000534918443013442
"ENSG00000101544","ADNP2",-0.631488490721177,2.72653823153886e-12,"ADNP2",-0.23587409355405,0.012436550440781
"ENSG00000101546","RBFA",-0.437586403483479,0.000302372240295919,"RBFA",-0.365374192579884,0.00233469852971466
"ENSG00000101654","RNMT",-0.251161476896206,0.00241766245874481,"RNMT",-0.499284586313886,2.76901808120377e-10
"ENSG00000101849","TBL1X",-0.732095777204034,1.26112105037661e-05,"TBL1X",-0.761214018535237,5.48952541752027e-06
"ENSG00000101868","POLA1",-1.73275115888381,5.89268084234632e-47,"POLA1",-0.840172055048173,1.30500077471543e-13
"ENSG00000101911","PRPS2",-0.492624051218989,5.81290823693237e-06,"PRPS2",-0.358347467082094,0.00105787723044394
"ENSG00000101935","AMMECR1",-0.382888465417068,1.15161123377471e-05,"AMMECR1",-0.308448486759422,0.000221574087933906
"ENSG00000101945","SUV39H1",-1.13326258692931,1.9843016303599e-09,"SUV39H1",-0.32402839843898,0.039815600659558
"ENSG00000101972","STAG2",-0.463415083986574,8.87591064381367e-11,"STAG2",-0.269515437740503,0.000248506386421997
"ENSG00000102054","RBBP7",-0.57137905521364,7.08660041214565e-18,"RBBP7",-0.265747739603236,9.62266645393111e-05
"ENSG00000102081","FMR1",-0.926639604240675,1.26635522802635e-21,"FMR1",-0.340193369405556,0.0002871528592447
"ENSG00000102172","SMS",-0.411678383436378,6.43609439615075e-06,"SMS",-0.279665931727069,0.0029341161282832
"ENSG00000102572","STK24",-0.25720666211178,0.00979480026700619,"STK24",-0.362192468041468,0.000139379055579253
"ENSG00000102595","UGGT2",-0.399767263334119,0.00216133863481234,"UGGT2",-0.446121307453171,0.000321117064911954
"ENSG00000103187","COTL1",-0.367822918553674,0.000496749940737644,"COTL1",-0.753667207140325,1.10943735078377e-12
"ENSG00000103257","SLC7A5",-1.90345890388784,2.47559213101172e-32,"SLC7A5",-1.17544204467176,5.11515968501687e-13
"ENSG00000103326","CAPN15",-0.648234553579159,6.34356481406406e-09,"CAPN15",-0.322252362424641,0.00512637967719746
"ENSG00000103423","DNAJA3",-0.224694171635541,0.0235804358902123,"DNAJA3",-0.376373489990526,8.0527468490318e-05
"ENSG00000103550","KNOP1",-0.4110155066407,3.07993737917829e-12,"KNOP1",-0.432018126291536,1.98726036089184e-13
"ENSG00000103811","CTSH",-0.64411224233083,0.00370292885698194,"CTSH",-0.508627736484496,0.00849744504556324
"ENSG00000104064","GABPB1",-0.471946071454395,6.45582494778113e-05,"GABPB1",-0.379616030836266,0.000998107131693597
"ENSG00000104131","EIF3J",-0.631009529536647,1.12914998718811e-20,"EIF3J",-0.586693221916347,6.48572542346273e-18
"ENSG00000104140","RHOV",-0.554237955975485,0.0479196639420706,"RHOV",-1.29303790497091,0.000788509853555449
"ENSG00000104147","OIP5",-0.974890662924574,1.24197697369591e-10,"OIP5",-0.466311613283691,0.000985749027320215
"ENSG00000104218","CSPP1",-0.313876680774964,0.00241983300252338,"CSPP1",-0.259102104301953,0.0117966189361663
"ENSG00000104320","NBN",-0.418982814127276,1.42819923335657e-08,"NBN",-0.197327275388317,0.011623695572951
"ENSG00000104332","SFRP1",-0.913558246134037,2.37019135348764e-12,"SFRP1",-0.451811876081978,0.00133917335350163
"ENSG00000104369","JPH1",-1.07551906191191,6.21356016805109e-12,"JPH1",-0.425844022920756,0.00310988644366408
"ENSG00000104472","CHRAC1",-0.407030479498305,7.4960524985362e-09,"CHRAC1",-0.304470020471422,2.23524290843462e-05
"ENSG00000104635","SLC39A14",-0.33163035349119,4.73468443678295e-05,"SLC39A14",-0.495136713296943,5.34848630720645e-10
"ENSG00000104738","MCM4",-1.13767213978661,7.10722457779157e-48,"MCM4",-0.42616162308624,4.6042212341497e-08
"ENSG00000104824","HNRNPL",-0.698884912963303,6.91792951086907e-16,"HNRNPL",-0.456080678025278,1.21333605729702e-07
"ENSG00000104980","TIMM44",-0.327797400459628,6.0539213129464e-05,"TIMM44",-0.403815642721907,7.56565015728412e-07
"ENSG00000105176","URI1",-0.216994903521588,0.0312671986888633,"URI1",-0.320974493746825,0.0007963194508285
"ENSG00000105185","PDCD5",-0.260429412999534,0.0193115086104292,"PDCD5",-0.452773419252165,1.62206128717427e-05
"ENSG00000105281","SLC1A5",-0.979966092154466,6.52761061374487e-16,"SLC1A5",-1.08792098502765,8.3584241490508e-19
"ENSG00000105447","GRWD1",-0.323534692821695,0.000226932081990391,"GRWD1",-0.320650793152022,0.000282101853263823
"ENSG00000105771","SMG9",-0.384062943572708,0.00147998633121277,"SMG9",-0.327295889976982,0.00500056348502436
"ENSG00000105821","DNAJC2",-0.366334718429877,6.22474330363354e-08,"DNAJC2",-0.274365113001373,8.11516357143123e-05
"ENSG00000105849","POLR1F",-0.214432894769083,0.00066302852428268,"POLR1F",-0.214798523472948,0.000800607027434366
"ENSG00000105879","CBLL1",-0.316232538424608,0.00404076833399609,"CBLL1",-0.278071649324027,0.014264802930351
"ENSG00000105926","PALS2",-0.342610395333389,5.00387407750355e-06,"PALS2",-0.289636882381516,0.000156872557956032
"ENSG00000105968","H2AZ2",-0.760380925307,3.35799256477527e-15,"H2AZ2",-0.273774932741356,0.0065188510803704
"ENSG00000106003","LFNG",-0.923327719246997,7.91040200137218e-06,"LFNG",-0.956809423419907,1.62871255076924e-06
"ENSG00000106070","GRB10",-0.739457941523342,1.4148201380481e-06,"GRB10",-0.701393825816527,4.80613473932285e-06
"ENSG00000106105","GARS1",-0.509135355895356,2.32462748261274e-05,"GARS1",-0.573416484821057,1.50762373495584e-06
"ENSG00000106244","PDAP1",-0.363141073757308,2.4923618976934e-07,"PDAP1",-0.254469286482904,0.000481322305277328
"ENSG00000106263","EIF3B",-0.325486250090987,4.53956809121124e-05,"EIF3B",-0.310346020946956,0.000133161748978021
"ENSG00000106355","LSM5",-0.453498753668917,3.3838761228346e-06,"LSM5",-0.259315332624077,0.0100671788584075
"ENSG00000106443","PHF14",-0.345061381352642,2.64826690569667e-05,"PHF14",-0.274938664337756,0.000940613490124739
"ENSG00000106459","NRF1",-0.750760202378349,7.52397108555612e-07,"NRF1",-0.75137165496451,8.45666234535108e-07
"ENSG00000106462","EZH2",-1.39525314139046,1.14486551558197e-48,"EZH2",-0.531464251732677,5.08240420196683e-09
"ENSG00000106554","CHCHD3",-0.21215189586516,0.0448192260354991,"CHCHD3",-0.382428473217272,0.000121838817142423
"ENSG00000106603","COA1",-0.434879492696856,3.53743287838472e-05,"COA1",-0.731366792875306,4.80498780235438e-12
"ENSG00000106615","RHEB",-0.407360504533331,4.8265540843939e-06,"RHEB",-0.298386867727588,0.00104638228241289
"ENSG00000106682","EIF4H",-0.324475836141219,0.00250721974030579,"EIF4H",-0.254319135644502,0.0210077372592128
"ENSG00000106948","AKNA",-0.594542602944016,0.00475240935897934,"AKNA",-0.351833244828167,0.0465318182690786
"ENSG00000107371","EXOSC3",-0.363849508156337,0.00127008881399918,"EXOSC3",-0.414359546503187,0.000170710309036339
"ENSG00000107566","ERLIN1",-0.616172134893993,7.0193107938181e-17,"ERLIN1",-0.165251051043842,0.0408856255382787
"ENSG00000107614","TRDMT1",-0.430531272585582,0.00293282668890355,"TRDMT1",-0.395180577244549,0.00335869045674413
"ENSG00000107643","MAPK8",-0.643574370888773,4.11023959289891e-10,"MAPK8",-0.510317972621635,1.73226927674255e-07
"ENSG00000107731","UNC5B",-1.01363974138093,0.000132577451917966,"UNC5B",-2.13098642451524,1.95907259472304e-14
"ENSG00000107758","PPP3CB",-0.246636284595878,0.00217401647796153,"PPP3CB",-0.37748095911247,1.38783901560681e-06
"ENSG00000107815","TWNK",-0.347351962173337,0.000323302731733661,"TWNK",-0.439551092337894,4.25346122134686e-06
"ENSG00000107929","LARP4B",-0.41343936530447,4.05462253530738e-07,"LARP4B",-0.271647454107286,0.00139971126122493
"ENSG00000107937","GTPBP4",-0.226174198091557,0.000392670276234329,"GTPBP4",-0.326273346027498,1.67219485738413e-07
"ENSG00000107949","BCCIP",-0.313211961586888,0.00313380683532924,"BCCIP",-0.387665779565028,0.000171990720912514
"ENSG00000107951","MTPAP",-0.242085030953067,0.0251141435045235,"MTPAP",-0.300779145910946,0.00436333619941588
"ENSG00000108055","SMC3",-0.901477635418891,1.72654763708382e-26,"SMC3",-0.239474101103198,0.00775884620851091
"ENSG00000108064","TFAM",-0.752330990622228,7.30483566521599e-18,"TFAM",-0.553668488268893,2.35182557563269e-10
"ENSG00000108091","CCDC6",-0.26541674837842,0.00177090307119846,"CCDC6",-0.280626695442745,0.000996982109102817
"ENSG00000108518","PFN1",-0.353596361653267,0.00325085053922183,"PFN1",-0.327900926322363,0.00564534393269817
"ENSG00000108559","NUP88",-0.705548184295922,4.65571456614707e-20,"NUP88",-0.31677747582253,3.78891088289252e-05
"ENSG00000108578","BLMH",-0.461005042738286,2.50966170588485e-07,"BLMH",-0.298504034587351,0.00112831235781467
"ENSG00000108588","CCDC47",-0.465120345118988,2.0892278942631e-08,"CCDC47",-0.233195109942887,0.00739928730737863
"ENSG00000108592","FTSJ3",-0.270557163195472,4.46817204653921e-05,"FTSJ3",-0.209344964244363,0.00233751925492112
"ENSG00000108654","DDX5",-0.310653461794272,9.23153109292171e-07,"DDX5",-0.25393675786031,8.80617986996693e-05
"ENSG00000108821","COL1A1",-0.68839806303438,0.00924817529547898,"COL1A1",-0.555015595761694,0.0159880131223815
"ENSG00000108848","LUC7L3",-0.395745459180407,9.62578514898735e-10,"LUC7L3",-0.388093261222571,2.08545059462849e-09
"ENSG00000108883","EFTUD2",-0.164092340510931,0.00957344363157961,"EFTUD2",-0.194867054319093,0.0020275228325405
"ENSG00000108953","YWHAE",-0.221448232929808,0.0249133980063424,"YWHAE",-0.493979679833836,6.64858755779652e-08
"ENSG00000108984","MAP2K6",-0.681644201483234,0.00240230617663741,"MAP2K6",-0.441966789850621,0.0251569365733883
"ENSG00000109519","GRPEL1",-0.21244630141429,0.00691242391025391,"GRPEL1",-0.188373352677372,0.021176210961468
"ENSG00000109534","GAR1",-0.245868849707213,0.00543856005200147,"GAR1",-0.392444875960564,4.6115483817301e-06
"ENSG00000109606","DHX15",-0.531042640852229,1.50415318105523e-12,"DHX15",-0.601365950666319,3.55492699623849e-15
"ENSG00000109689","STIM2",-0.364482362666528,2.31903377884038e-05,"STIM2",-0.33457235835469,4.35042429216627e-05
"ENSG00000109920","FNBP4",-0.528410202340002,1.27055102724205e-07,"FNBP4",-0.254004117269737,0.0151543571256642
"ENSG00000110042","DTX4",-0.803577564296697,0.00082023675976501,"DTX4",-0.77612724665266,0.00683580006739181
"ENSG00000110075","PPP6R3",-0.5283894199674,1.00214296844194e-15,"PPP6R3",-0.220758510042078,0.00134608680453828
"ENSG00000110107","PRPF19",-0.496005809935386,2.07325065920576e-11,"PRPF19",-0.313210405336356,4.10276696900462e-05
"ENSG00000110108","TMEM109",-0.762629708935886,1.76948099606319e-20,"TMEM109",-0.387112649587657,3.57902979425338e-06
"ENSG00000110172","CHORDC1",-0.462925954390754,5.5404286293191e-07,"CHORDC1",-0.392743206757238,3.20033547116098e-05
"ENSG00000110200","ANAPC15",-0.328837904311422,0.00142009260215012,"ANAPC15",-0.519371076677807,2.52574759926226e-07
"ENSG00000110619","CARS1",-0.270392612596094,0.0322657046510064,"CARS1",-0.508634700123003,1.65641624991297e-05
"ENSG00000110660","SLC35F2",-0.934094884341733,1.90227537878889e-18,"SLC35F2",-0.478813134701583,3.49415731841469e-06
"ENSG00000110713","NUP98",-0.472060469173535,3.46147335262487e-08,"NUP98",-0.269248449925907,0.0025900175641574
"ENSG00000110958","PTGES3",-0.509762128180396,1.97692587677904e-18,"PTGES3",-0.241769908996613,8.10421584905146e-05
"ENSG00000111142","METAP2",-0.235097036850868,3.24993177222611e-05,"METAP2",-0.425023143780885,8.92750101219109e-15
"ENSG00000111203","ITFG2",-0.616620696888386,0.00022505343642628,"ITFG2",-0.507724401020152,0.00162905263620043
"ENSG00000111364","DDX55",-0.223171212151763,0.00504098324235878,"DDX55",-0.305444007820797,5.52321003118327e-05
"ENSG00000111424","VDR",-0.545599437926356,0.00168789906719444,"VDR",-1.27147089766234,1.22356232026744e-09
"ENSG00000111445","RFC5",-0.583525530221664,2.10737221185743e-06,"RFC5",-0.292371398710086,0.0169160837773745
"ENSG00000111530","CAND1",-0.408917989914401,1.14153931782313e-10,"CAND1",-0.258088916970444,6.63982223952003e-05
"ENSG00000111581","NUP107",-0.700815692828855,3.7008960496787e-15,"NUP107",-0.209307795411378,0.0246766804866465
"ENSG00000111605","CPSF6",-0.466924118142802,3.95510802634037e-09,"CPSF6",-0.226933561246262,0.00634909789002623
"ENSG00000111799","COL12A1",-0.445375715339796,0.0335390045227568,"COL12A1",-1.14269843411551,1.51276872292895e-06
"ENSG00000111845","PAK1IP1",-0.349404529636288,5.81440138165268e-05,"PAK1IP1",-0.612487676202047,4.89531060263595e-13
"ENSG00000112029","FBXO5",-1.18282613973693,1.09089673622921e-20,"FBXO5",-0.25542390487744,0.0438821788293331
"ENSG00000112039","FANCE",-0.938141955434486,1.20106711411114e-11,"FANCE",-0.456640947316166,0.000335345264814471
"ENSG00000112081","SRSF3",-0.809019398610297,2.18883488877447e-26,"SRSF3",-0.545712259061679,8.84448820841431e-13
"ENSG00000112118","MCM3",-1.33894871529954,4.58979439795616e-45,"MCM3",-0.976938415171756,6.97960047087561e-26
"ENSG00000112159","MDN1",-0.580242608797236,9.68378640222668e-08,"MDN1",-0.367613943734855,0.000787162779593747
"ENSG00000112242","E2F3",-0.237731691064602,0.0177658065976148,"E2F3",-0.267148045156965,0.00682636980246532
"ENSG00000112290","WASF1",-0.367359430910415,0.00676422793055293,"WASF1",-0.413218765376747,0.00130295192454344
"ENSG00000112312","GMNN",-0.924479325282858,4.75265014280773e-15,"GMNN",-0.267318216175529,0.0253398674263557
"ENSG00000112531","QKI",-0.463019112675049,2.70418549241956e-10,"QKI",-0.465802586584918,3.95056784009102e-10
"ENSG00000112658","SRF",-0.50921026423104,3.29512622312444e-05,"SRF",-0.648497347564339,1.21260626890389e-07
"ENSG00000112739","PRP4K",-0.345566889112681,8.83846282996809e-05,"PRP4K",-0.30713611375694,0.000536102878431327
"ENSG00000112759","SLC29A1",-0.728951344443583,4.18983150838093e-10,"SLC29A1",-0.35502672972587,0.00246488922340155
"ENSG00000112983","BRD8",-0.620895399560487,1.26012019066225e-10,"BRD8",-0.482189803172947,4.96895631199252e-07
"ENSG00000112984","KIF20A",-1.50010262639273,2.76117927002366e-21,"KIF20A",-0.973162853335279,5.4186205678507e-10
"ENSG00000113013","HSPA9",-0.492487217982894,1.24776961284203e-09,"HSPA9",-0.375763854197174,4.75179076829864e-06
"ENSG00000113272","THG1L",-0.35141332885072,8.58482162883187e-05,"THG1L",-0.33629828865684,0.000173786827097378
"ENSG00000113282","CLINT1",-0.235562756857559,0.00155444466883797,"CLINT1",-0.168252838791848,0.0325436400350884
"ENSG00000113368","LMNB1",-1.56979622913838,2.389432888805e-45,"LMNB1",-0.380772765317647,0.000401740029421842
"ENSG00000113407","TARS1",-0.223671724335086,0.00419716013669028,"TARS1",-0.549004502873526,5.86606834772357e-14
"ENSG00000113456","RAD1",-0.302793755233004,0.000238008916936179,"RAD1",-0.252219102394049,0.00207446911127007
"ENSG00000113460","BRIX1",-0.532651512799021,3.55173814218587e-10,"BRIX1",-0.339400869093238,7.91516879069627e-05
"ENSG00000113569","NUP155",-0.681439058624353,6.78164631162429e-16,"NUP155",-0.250425262840105,0.00423262770906029
"ENSG00000113649","TCERG1",-0.48295410497125,2.49706803544352e-07,"TCERG1",-0.355743065394931,0.00017726036289492
"ENSG00000114062","UBE3A",-0.534342079792442,3.3042186614162e-19,"UBE3A",-0.257319982655912,3.42251089611511e-05
"ENSG00000114554","PLXNA1",-0.299338970633354,0.00712139624030825,"PLXNA1",-0.337277206580542,0.00162840771704832
"ENSG00000114686","MRPL3",-0.170775988644438,0.0392612293021849,"MRPL3",-0.46207495223899,1.14092431634629e-09
"ENSG00000114767","RRP9",-0.303472071009158,0.00173742485814151,"RRP9",-0.356036602475867,0.000256875398428019
"ENSG00000115053","NCL",-0.800963647283457,5.30002178209303e-17,"NCL",-0.43751724428261,5.57156002081401e-06
"ENSG00000115163","CENPA",-0.899333004794385,7.88916161912434e-09,"CENPA",-0.29387116778359,0.0491839220659088
"ENSG00000115241","PPM1G",-0.410123048822271,2.57100214722826e-10,"PPM1G",-0.179748466789612,0.0113404743016073
"ENSG00000115368","WDR75",-0.163004299838554,0.0412958261097791,"WDR75",-0.338762990388412,7.62580072149103e-06
"ENSG00000115380","EFEMP1",-0.440698174553198,0.00200563330871989,"EFEMP1",-1.30495747839775,8.52785326299795e-19
"ENSG00000115392","FANCL",-0.723017462758736,1.31038585936519e-11,"FANCL",-0.788381563060921,3.397362083019e-14
"ENSG00000115524","SF3B1",-0.395823926763322,1.09975534373588e-08,"SF3B1",-0.196415314254516,0.00793354972435372
"ENSG00000115541","HSPE1",-0.461974687254672,1.83091657956384e-06,"HSPE1",-0.635549391153127,3.89860328191361e-11
"ENSG00000115548","KDM3A",-0.386034520779961,0.000509263569677102,"KDM3A",-0.482593216917197,1.4901141504363e-05
"ENSG00000115738","ID2",-0.379152765454626,0.0222837795478334,"ID2",-1.16722880915988,5.67243776873851e-10
"ENSG00000115761","NOL10",-0.469664205065421,1.84757973768493e-11,"NOL10",-0.330202364093281,4.40259382338902e-06
"ENSG00000115816","CEBPZ",-0.259056640122183,0.000826325166935148,"CEBPZ",-0.272378573525698,0.00040559020070693
"ENSG00000115875","SRSF7",-0.567365507807858,6.93477819958222e-13,"SRSF7",-0.579590410662103,2.33992082220004e-13
"ENSG00000115902","SLC1A4",-1.43630248516607,4.7151446541821e-09,"SLC1A4",-0.867989059025423,0.000140913790097163
"ENSG00000116001","TIA1",-0.521693568897938,2.80466612550817e-05,"TIA1",-0.338399221225858,0.00412673382254972
"ENSG00000116030","SUMO1",-0.176556454702099,0.0499151805420115,"SUMO1",-0.451973186363258,3.57982439919731e-08
"ENSG00000116062","MSH6",-1.07800910565641,7.71295252274072e-64,"MSH6",-0.729878474026478,1.01588152696725e-31
"ENSG00000116120","FARSB",-0.289713340886838,0.00137422417459871,"FARSB",-0.210304499106472,0.0258368489882001
"ENSG00000116133","DHCR24",-0.454113683536138,0.000166021951402516,"DHCR24",-0.787406009368399,7.71559458792624e-11
"ENSG00000116161","CACYBP",-0.583533730533336,6.44888688087086e-09,"CACYBP",-0.390854656837231,0.000111532874045408
"ENSG00000116455","WDR77",-0.437032868581765,5.83636647617979e-05,"WDR77",-0.361340608717262,0.00127495657920158
"ENSG00000116560","SFPQ",-0.907505173752435,5.56537611038842e-43,"SFPQ",-0.388538633937502,8.09052197011824e-09
"ENSG00000116984","MTR",-0.567887046598013,5.85357979682591e-08,"MTR",-0.432395335906562,3.42147956502093e-05
"ENSG00000117000","RLF",-0.415033350940417,2.71575222067526e-07,"RLF",-0.324019644110172,5.94313796269334e-05
"ENSG00000117143","UAP1",-0.454868904744216,0.00019962750617024,"UAP1",-0.365551519995098,0.00295676433876714
"ENSG00000117148","ACTL8",-0.680538883652918,0.00678046609443864,"ACTL8",-2.67792065933226,4.59284371846553e-11
"ENSG00000117395","EBNA1BP2",-0.26186285166101,0.000257215774734027,"EBNA1BP2",-0.527246964019713,2.47952659463361e-14
"ENSG00000117632","STMN1",-0.675630371163784,3.90594475945741e-10,"STMN1",-0.238059189499072,0.037625968055614
"ENSG00000117748","RPA2",-0.702101034305813,3.48881753286682e-10,"RPA2",-0.452773000238217,2.19875587383177e-05
"ENSG00000117751","PPP1R8",-0.249760950004905,0.00481272239204806,"PPP1R8",-0.379003264478505,5.69754443703227e-06
"ENSG00000117877","POLR1G",-0.826762831341708,5.87010872213667e-14,"POLR1G",-0.534325921036714,1.03202173367861e-06
"ENSG00000117899","MESD",-0.241099841184631,0.000273785588383394,"MESD",-0.189821237043059,0.00585186204929827
"ENSG00000118007","STAG1",-0.79336021971114,7.56805552268167e-23,"STAG1",-0.416683230893825,1.30721035169896e-07
"ENSG00000118513","MYB",-0.583615671695263,0.0401896889933672,"MYB",-0.549416299303991,0.0285818935385778
"ENSG00000118523","CCN2",-0.608440616497155,0.000305621126508369,"CCN2",-1.24123341233326,5.07035415251362e-12
"ENSG00000118600","RXYLT1",-0.161116876900858,0.0362439702332476,"RXYLT1",-0.4412192591286,1.62612492469558e-09
"ENSG00000118705","RPN2",-0.235136146613451,9.1601961624759e-05,"RPN2",-0.299823489997051,3.97453754455632e-07
"ENSG00000118707","TGIF2",-0.561451139957626,8.92615326004596e-06,"TGIF2",-0.398623945816238,0.00129587533904045
"ENSG00000119048","UBE2B",-0.208146352379295,0.0108054406002649,"UBE2B",-0.183665068776856,0.0274741236411765
"ENSG00000119285","HEATR1",-0.265265359701134,0.000700105088751649,"HEATR1",-0.378575752746213,8.95688495389966e-07
"ENSG00000119318","RAD23B",-0.397172093688664,6.93419547650117e-11,"RAD23B",-0.228651731644236,0.000364550540495929
"ENSG00000119326","CTNNAL1",-0.506674993170176,1.14980927277461e-06,"CTNNAL1",-0.450241797947444,1.42336059193337e-05
"ENSG00000119335","SET",-0.53804963490277,5.31323959729759e-15,"SET",-0.299442835774047,2.76557487736443e-05
"ENSG00000119616","FCF1",-0.141658649660565,0.0143854703758586,"FCF1",-0.342948879883735,2.55149348113498e-10
"ENSG00000119787","ATL2",-0.488125093041889,1.04541360651586e-05,"ATL2",-0.440604378245102,3.42944966959846e-05
"ENSG00000119820","YIPF4",-0.211091710600737,0.0152503648883744,"YIPF4",-0.216991133499111,0.01272619270618
"ENSG00000119866","BCL11A",-0.860065975821926,1.70223856748397e-09,"BCL11A",-0.99654776774723,3.98813325422511e-12
"ENSG00000119900","OGFRL1",-0.585898878199518,3.32610520686636e-09,"OGFRL1",-0.388173249123143,0.000102170285274883
"ENSG00000119969","HELLS",-1.32946367742332,1.14267901896109e-43,"HELLS",-0.457471135539841,1.26935294538533e-06
"ENSG00000120137","PANK3",-0.346920368765293,2.6985687040335e-05,"PANK3",-0.316553249402578,0.000128366207137274
"ENSG00000120158","RCL1",-0.367059434406711,0.00200870607388327,"RCL1",-0.732029012006804,1.09321263340647e-09
"ENSG00000120334","CENPL",-0.97926290667864,6.13922837623167e-13,"CENPL",-0.521843842929512,3.62984898942497e-05
"ENSG00000120438","TCP1",-0.410909949052841,3.78879179809344e-11,"TCP1",-0.287921974457547,6.74157037252692e-06
"ENSG00000120526","NUDCD1",-0.419406899083985,5.69162869866354e-05,"NUDCD1",-0.459169092610726,6.97961226311798e-06
"ENSG00000120533","ENY2",-0.316955927027373,0.000288791000359815,"ENY2",-0.447469035462333,1.32482947360122e-07
"ENSG00000120699","EXOSC8",-0.762159414278509,9.43990940055355e-12,"EXOSC8",-0.300013588335345,0.00750774889225582
"ENSG00000120705","ETF1",-0.479456752069095,1.30781186366285e-16,"ETF1",-0.414992544178197,1.49974238896499e-12
"ENSG00000120708","TGFBI",-0.75507569896103,1.13027420567515e-07,"TGFBI",-1.86981018569071,6.39372476803529e-19
"ENSG00000120802","TMPO",-1.13848560921485,3.08593329484432e-36,"TMPO",-0.269338753454961,0.00373177626237676
"ENSG00000120837","NFYB",-0.691976169472457,3.47887697978383e-13,"NFYB",-0.335641161707746,0.00028404890926092
"ENSG00000120942","UBIAD1",-0.34415504491831,0.000200553908792839,"UBIAD1",-0.426124664000919,3.64040645417395e-06
"ENSG00000120948","TARDBP",-0.497564508037431,1.44079894334145e-11,"TARDBP",-0.342323222030077,5.41243775871825e-06
"ENSG00000121057","AKAP1",-0.616027765285451,4.02616911530839e-13,"AKAP1",-0.204816575131935,0.0223693997365926
"ENSG00000121579","NAA50",-0.315659294849337,4.13092468470553e-06,"NAA50",-0.280983500559227,5.46931734903813e-05
"ENSG00000121644","DESI2",-0.406977298173997,2.06119081479485e-07,"DESI2",-0.175098469806202,0.0430254956251172
"ENSG00000121749","TBC1D15",-0.411310244944592,1.89487450197395e-06,"TBC1D15",-0.373393175200049,1.18156280225598e-05
"ENSG00000121864","ZNF639",-0.57402561638544,6.85963760003269e-10,"ZNF639",-0.617720192042806,4.09413196718337e-11
"ENSG00000121892","PDS5A",-0.574778286221562,1.08384070997045e-25,"PDS5A",-0.21519717693621,0.000165757797834448
"ENSG00000121897","LIAS",-0.379832930805237,0.0114908296698206,"LIAS",-0.293876562153814,0.0472575083784383
"ENSG00000122068","FYTTD1",-0.268161103847936,0.000306216111964452,"FYTTD1",-0.182821648970022,0.0185519215803109
"ENSG00000122140","MRPS2",-0.330264352123826,1.78674200159056e-05,"MRPS2",-0.215841877397612,0.00963791473569326
"ENSG00000122257","RBBP6",-0.531288819207372,1.04741274415275e-09,"RBBP6",-0.191872238662686,0.0454196892798261
"ENSG00000122376","SHLD2",-0.407743599042052,1.83484531366944e-05,"SHLD2",-0.487839521738858,8.0247005487724e-08
"ENSG00000122435","TRMT13",-0.337728145759028,0.00573352660295404,"TRMT13",-0.434396615561344,0.000183576726469246
"ENSG00000122482","ZNF644",-0.430697577993943,5.34074733973834e-08,"ZNF644",-0.236198317305091,0.00359809987165622
"ENSG00000122545","SEPTIN7",-0.391235019082876,3.35637403801856e-06,"SEPTIN7",-0.24746084372552,0.0047361424277619
"ENSG00000122565","CBX3",-0.519937981808692,8.25850199612952e-14,"CBX3",-0.593421233858188,1.4774751536079e-17
"ENSG00000122566","HNRNPA2B1",-0.696338395045906,9.50802617013248e-23,"HNRNPA2B1",-0.357310223664517,9.8954992372397e-07
"ENSG00000122643","NT5C3A",-0.451575607082995,1.99956846586124e-05,"NT5C3A",-0.317190182480329,0.00235023095141356
"ENSG00000122644","ARL4A",-0.695049494915933,5.81512441660548e-07,"ARL4A",-0.45892242906516,0.000877696492943792
"ENSG00000123136","DDX39A",-0.725417903947525,3.21518032580061e-16,"DDX39A",-0.37420441434106,3.37992328739961e-05
"ENSG00000123268","ATF1",-0.313131842606952,0.00542477065783025,"ATF1",-0.229692952690034,0.0384474405565315
"ENSG00000123505","AMD1",-0.300943328040591,2.3469118890678e-07,"AMD1",-0.469298942025539,3.93918481286563e-16
"ENSG00000123545","NDUFAF4",-0.274804226255922,0.00678259309671101,"NDUFAF4",-0.496637065056216,7.47536753586564e-07
"ENSG00000123552","USP45",-0.337125846415296,0.0159111791199575,"USP45",-0.357387776434178,0.00707354016949153
"ENSG00000123975","CKS2",-0.626663604483274,1.614923049316e-06,"CKS2",-0.622349992522334,1.56475052650609e-06
"ENSG00000123983","ACSL3",-0.25842345404609,0.00530389059077139,"ACSL3",-0.243191328556516,0.00917168616270033
"ENSG00000124160","NCOA5",-0.638885972286991,1.38570173832923e-05,"NCOA5",-0.309921139313422,0.0320454191427246
"ENSG00000124191","TOX2",-0.426178273790115,0.0184269384782752,"TOX2",-0.65128891864684,0.000248506386421997
"ENSG00000124193","SRSF6",-0.657276330359054,3.0808249746062e-17,"SRSF6",-0.632917906007877,5.58066017165689e-16
"ENSG00000124207","CSE1L",-0.563480687364774,6.95415949397922e-09,"CSE1L",-0.232774207514633,0.024810345367442
"ENSG00000124275","MTRR",-0.450966984372324,6.16211826306667e-07,"MTRR",-0.487229786915551,4.36178859732074e-08
"ENSG00000124383","MPHOSPH10",-0.360969094719984,4.9548861371025e-06,"MPHOSPH10",-0.250644982754121,0.00209725016939906
"ENSG00000124422","USP22",-0.32684115865344,1.17636955607592e-05,"USP22",-0.172597211331913,0.0336269253753538
"ENSG00000124571","XPO5",-0.401716396423863,5.73914621750876e-06,"XPO5",-0.568141335949882,1.76177685091227e-10
"ENSG00000124635","H2BC11",-0.948438213703139,0.000511341461494647,"H2BC11",-0.516607267216616,0.0252560520914418
"ENSG00000124784","RIOK1",-0.392550219269925,1.26901115389565e-09,"RIOK1",-0.469828493633535,4.57876173381168e-13
"ENSG00000124789","NUP153",-0.584556527238065,3.78141494204654e-10,"NUP153",-0.263544645640095,0.00559993596236943
"ENSG00000124795","DEK",-1.06422395848549,2.82572714120227e-38,"DEK",-0.329780654238872,0.000100445192881769
"ENSG00000124802","EEF1E1",-0.302953424408221,0.0106998717299412,"EEF1E1",-0.500094926541464,1.11700744802312e-05
"ENSG00000125107","CNOT1",-0.385791386597662,3.90674370903978e-08,"CNOT1",-0.251791892411118,0.000590018599414804
"ENSG00000125266","EFNB2",-0.425936094532463,0.00640003486442953,"EFNB2",-0.345172050944968,0.0219681758025491
"ENSG00000125351","UPF3B",-0.604833676525209,1.56825836614908e-10,"UPF3B",-0.250111498448341,0.0112227173829477
"ENSG00000125482","TTF1",-0.480496181484186,1.88843598147168e-15,"TTF1",-0.158219201624928,0.0165269700774258
"ENSG00000125484","GTF3C4",-0.319644676854306,3.27852939706335e-05,"GTF3C4",-0.199422486978962,0.015675978302486
"ENSG00000125630","POLR1B",-0.250993420648313,1.03730473462739e-05,"POLR1B",-0.464591105022082,7.85518025134198e-17
"ENSG00000125835","SNRPB",-0.248400838711058,0.00656406990820949,"SNRPB",-0.275290181467401,0.00219704420805959
"ENSG00000125944","HNRNPR",-0.784475966447559,4.22860973636857e-19,"HNRNPR",-0.20033649180477,0.0369281506225736
"ENSG00000125968","ID1",-0.322922936805239,0.00421739208133642,"ID1",-0.324040154776301,0.00357146465777313
"ENSG00000125977","EIF2S2",-0.445923851743725,8.52003148213868e-12,"EIF2S2",-0.636162794667909,9.89533445502575e-23
"ENSG00000126216","TUBGCP3",-0.596859540364797,1.02790467920255e-10,"TUBGCP3",-0.192665809236703,0.0456836462567531
"ENSG00000126261","UBA2",-0.600052021299129,1.9264823727078e-16,"UBA2",-0.471678480654756,7.71559458792624e-11
"ENSG00000126787","DLGAP5",-1.3702324798962,6.24541768284478e-21,"DLGAP5",-0.324702143295328,0.0203603248946387
"ENSG00000126860","EVI2A",-0.469518710458151,0.0253496802812256,"EVI2A",-0.458992597650827,0.0178167941198428
"ENSG00000126953","TIMM8A",-0.309592769114566,0.00850719965784521,"TIMM8A",-0.756352715726668,8.2086967472471e-11
"ENSG00000127337","YEATS4",-0.703595320116712,6.36131252282953e-10,"YEATS4",-0.398529234032087,0.000373078936865743
"ENSG00000127418","FGFRL1",-0.316710138309938,0.00244526987518595,"FGFRL1",-0.221301971409269,0.0417079015899324
"ENSG00000128050","PAICS",-0.747259920542554,2.51058252489685e-20,"PAICS",-0.660956904096306,4.35652802252666e-16
"ENSG00000128059","PPAT",-0.584583946508537,2.83492627516769e-12,"PPAT",-0.34690527274912,3.93961748198067e-05
"ENSG00000128272","ATF4",-0.768853236039693,5.00728639699483e-11,"ATF4",-0.623647799071101,8.36483596152888e-08
"ENSG00000128283","CDC42EP1",-0.667304448844729,2.43653310255959e-07,"CDC42EP1",-0.478231173737231,0.000156872557956032
"ENSG00000128708","HAT1",-0.52669789888853,2.5666240500565e-07,"HAT1",-0.211164126332196,0.0460315520052392
"ENSG00000128789","PSMG2",-0.467992745303378,1.26411202764608e-07,"PSMG2",-0.19187066508147,0.0445551329670484
"ENSG00000128951","DUT",-0.853501440985398,1.18373011880417e-19,"DUT",-0.773781932307014,1.9901725328343e-16
"ENSG00000128973","CLN6",-0.668183494407519,0.00395484536338904,"CLN6",-0.392971274041441,0.0483171117013197
"ENSG00000129347","KRI1",-0.336994122615967,0.000416647155082006,"KRI1",-0.214948031880402,0.030798737856852
"ENSG00000129351","ILF3",-0.510814617116006,3.52558412971501e-18,"ILF3",-0.13708703763143,0.0410932861739811
"ENSG00000129422","MTUS1",-0.473070961149472,0.00520456912671453,"MTUS1",-0.355768468156164,0.0297023197550173
"ENSG00000129534","MIS18BP1",-1.18769864003098,9.90891187335528e-28,"MIS18BP1",-0.313534141733533,0.00404592968539715
"ENSG00000130024","PHF10",-0.731155599677562,2.26853862967564e-09,"PHF10",-0.415253929493393,0.00039424378874886
"ENSG00000130054","NALF2",-0.487510202612136,0.0152449901484221,"NALF2",-0.403769191399644,0.033007437286722
"ENSG00000130119","GNL3L",-0.301023179665115,0.00638019675105309,"GNL3L",-0.286593869284309,0.00903949085900466
"ENSG00000130193","THEM6",-0.558540131392423,3.53735529026595e-05,"THEM6",-0.342302338904821,0.0084431235100526
"ENSG00000130204","TOMM40",-0.525841437923284,2.85574152905314e-07,"TOMM40",-0.280026074013872,0.00882426195910456
"ENSG00000130713","EXOSC2",-0.63640987954083,9.45890311104716e-14,"EXOSC2",-0.385452604825883,7.27151714932717e-06
"ENSG00000130720","FIBCD1",-0.741711913131761,0.0104175202984849,"FIBCD1",-0.902790988215017,0.000966539534067547
"ENSG00000130816","DNMT1",-0.872002414398184,5.47314396611669e-27,"DNMT1",-0.334466286163898,5.76708390669627e-05
"ENSG00000130826","DKC1",-0.717720545679172,3.70194501965326e-37,"DKC1",-0.709240223042679,4.2615887059161e-36
"ENSG00000130935","NOL11",-0.549059095032264,1.84362818598423e-13,"NOL11",-0.459135229493309,1.16117747871817e-09
"ENSG00000131043","AAR2",-0.331789210990911,0.000947534328933738,"AAR2",-0.235944113156693,0.0242695324163832
"ENSG00000131051","RBM39",-0.390953084086849,1.24044436555423e-13,"RBM39",-0.306661061374297,1.13302795832952e-08
"ENSG00000131153","GINS2",-1.27270148894815,9.45238233932799e-18,"GINS2",-0.840959578230267,6.5624192336489e-09
"ENSG00000131263","RLIM",-0.306082245783307,4.29424448082175e-05,"RLIM",-0.180546555198055,0.0263735674925582
"ENSG00000131368","MRPS25",-0.532467388838668,0.000193479005457257,"MRPS25",-0.631520640368467,7.92260467108183e-06
"ENSG00000131876","SNRPA1",-0.471648142063593,3.03628938607889e-06,"SNRPA1",-0.707213283086376,5.33594156683552e-12
"ENSG00000132323","ILKAP",-0.514721090963228,7.15064716355854e-07,"ILKAP",-0.381696069367152,0.000121834687977769
"ENSG00000132341","RAN",-0.254103482882533,0.0201811334529596,"RAN",-0.528377018945425,2.51342155220446e-07
"ENSG00000132424","PNISR",-0.428858238611952,5.06102539300525e-07,"PNISR",-0.394405309600839,3.86175300475209e-06
"ENSG00000132475","H3-3B",-0.384985449751282,5.73062114254949e-11,"H3-3B",-0.383176083830962,7.53302667147382e-11
"ENSG00000132507","EIF5A",-0.309233722652526,0.0129343597354424,"EIF5A",-0.252917607745971,0.0429593879620498
"ENSG00000132768","DPH2",-0.458050161943893,5.09847315718661e-08,"DPH2",-0.535945028697114,5.63281525368282e-10
"ENSG00000132773","TOE1",-0.596018663364984,7.77681528948552e-07,"TOE1",-0.498580171693653,2.38014403404812e-05
"ENSG00000132780","NASP",-1.00580569896009,1.39722429186381e-22,"NASP",-0.52607602194677,2.45425633589289e-07
"ENSG00000132953","XPO4",-0.494912982994283,2.82788662072038e-05,"XPO4",-0.319980766613196,0.00673054157292788
"ENSG00000133028","SCO1",-0.173255711419261,0.00656041812790626,"SCO1",-0.358234894093519,3.5363318746714e-09
"ENSG00000133083","DCLK1",-0.594589086463929,0.0340476477261022,"DCLK1",-1.10720848116982,0.000955266866109456
"ENSG00000133119","RFC3",-1.23448817446006,1.94857147778605e-28,"RFC3",-0.357494314384056,0.00113768080819663
"ENSG00000133393","CEP20",-0.360620832161969,6.97856009178354e-05,"CEP20",-0.207924912425259,0.028273605071783
"ENSG00000133398","MED10",-0.192304961448011,0.0127422764342488,"MED10",-0.208095332273619,0.00786514781353983
"ENSG00000133641","RLIG1",-0.286010744156229,0.0173649700548516,"RLIG1",-0.406461661030512,0.000302024204083894
"ENSG00000133706","LARS1",-0.367272217309291,1.36919596029789e-05,"LARS1",-0.349139289962721,3.21722953066361e-05
"ENSG00000133773","CCDC59",-0.443425223409128,1.50654861520096e-06,"CCDC59",-0.387169915509615,2.76088454392309e-05
"ENSG00000134001","EIF2S1",-0.145642774528054,0.0293166714087201,"EIF2S1",-0.177753846611637,0.00704036068525343
"ENSG00000134049","IER3IP1",-0.22400562376276,0.0079969853282646,"IER3IP1",-0.215030094014977,0.010854675798166
"ENSG00000134057","CCNB1",-0.986920945165261,3.36368005125129e-13,"CCNB1",-0.43119198405072,0.00104677892780138
"ENSG00000134138","MEIS2",-0.33143372846467,0.00368078170928479,"MEIS2",-0.363208834211589,0.00182201257534892
"ENSG00000134186","PRPF38B",-0.509260692402443,1.83569399913046e-08,"PRPF38B",-0.33208624254357,0.000323358296867306
"ENSG00000134333","LDHA",-0.488567962615391,3.54535832408327e-06,"LDHA",-0.765831409912412,3.62519095980184e-13
"ENSG00000134440","NARS1",-0.420570412530146,5.22535439016987e-06,"NARS1",-0.485538733356523,1.05885140589812e-07
"ENSG00000134453","RBM17",-0.52996396604113,1.2892910348629e-21,"RBM17",-0.260805540198912,5.67298923266871e-06
"ENSG00000134569","LRP4",-0.573593612838986,0.0127335431659716,"LRP4",-0.582855714551434,0.00559494006258392
"ENSG00000134588","USP26",-1.28516660602095,5.59543695131113e-24,"USP26",-0.909709759067788,2.51766302596946e-12
"ENSG00000134684","YARS1",-0.583086897218314,3.72691764907719e-10,"YARS1",-0.610019723097062,4.59284371846553e-11
"ENSG00000134690","CDCA8",-1.10774225630497,1.44353014394465e-26,"CDCA8",-0.223702381639638,0.0408272592627353
"ENSG00000134748","PRPF38A",-0.380209244838926,1.03933607172862e-07,"PRPF38A",-0.280466251526289,8.55018032697916e-05
"ENSG00000134758","RNF138",-0.674394570886694,3.87958197623017e-09,"RNF138",-0.500031234425973,1.34853858702802e-05
"ENSG00000134809","TIMM10",-0.271560985728814,0.0282764308140169,"TIMM10",-0.523102617660584,7.64938655409285e-06
"ENSG00000134851","TMEM165",-0.273496739715503,0.0180605835899478,"TMEM165",-0.244232241785381,0.0335003282182417
"ENSG00000134871","COL4A2",-0.442482953245098,0.00155982671349201,"COL4A2",-0.641739050045702,3.24529300223283e-06
"ENSG00000134884","ARGLU1",-0.661303717507845,4.67944711183772e-16,"ARGLU1",-0.551344336550225,1.09900030334734e-11
"ENSG00000134987","WDR36",-0.334166338845531,8.03971745992385e-05,"WDR36",-0.24224217573119,0.00608597425463438
"ENSG00000135052","GOLM1",-0.544141686317869,2.83689115164407e-12,"GOLM1",-0.288670190052408,0.000747174692210019
"ENSG00000135069","PSAT1",-1.15296018991436,7.02366482298092e-14,"PSAT1",-1.39773022885743,5.70817559911706e-19
"ENSG00000135108","FBXO21",-0.403504265725818,1.33416221899744e-05,"FBXO21",-0.428371051654162,2.7750014270077e-06
"ENSG00000135245","HILPDA",-0.297236209159746,0.00443584638215984,"HILPDA",-0.416178829359831,3.07192235996624e-05
"ENSG00000135316","SYNCRIP",-0.560494113980721,2.01217347238006e-14,"SYNCRIP",-0.469697017807249,2.02714014107503e-10
"ENSG00000135372","NAT10",-0.249055915301453,0.000132135666799249,"NAT10",-0.21395755224792,0.00180551345856307
"ENSG00000135480","KRT7",-1.05939228185703,2.47033534023225e-06,"KRT7",-1.97163162121066,4.24532645695577e-14
"ENSG00000135521","LTV1",-0.274767514551964,8.18242828063683e-05,"LTV1",-0.396601886070894,8.89825282713265e-09
"ENSG00000135541","AHI1",-0.345317438043096,0.0015296855653519,"AHI1",-0.241464872779966,0.0282498618576427
"ENSG00000135698","MPHOSPH6",-0.214066323136396,0.00150288718080789,"MPHOSPH6",-0.20652161413097,0.00266785211412586
"ENSG00000135763","URB2",-0.642555784075035,2.09132923457498e-07,"URB2",-0.56684328255445,4.81326938784054e-06
"ENSG00000135801","TAF5L",-0.417595956655598,4.61362498819511e-05,"TAF5L",-0.350307074719889,0.000846962828146532
"ENSG00000135829","DHX9",-0.677391745076775,1.2648208560209e-21,"DHX9",-0.209863313852698,0.00589631054778141
"ENSG00000135999","EPC2",-0.581540584702093,2.07283063996977e-08,"EPC2",-0.34063315774066,0.000699035959205329
"ENSG00000136238","RAC1",-0.279917107951968,8.82963430486635e-05,"RAC1",-0.387872769358806,3.00083891313438e-08
"ENSG00000136261","BZW2",-0.370525195118673,4.13059493394107e-06,"BZW2",-0.403525051513925,5.31618039158663e-07
"ENSG00000136450","SRSF1",-0.605739691098279,5.68037530389054e-14,"SRSF1",-0.506878056543145,3.95640296630895e-10
"ENSG00000136518","ACTL6A",-0.729057125213351,3.94678221411382e-15,"ACTL6A",-0.35566934868243,0.000114377929291541
"ENSG00000136527","TRA2B",-0.778876172224422,9.90891187335528e-28,"TRA2B",-0.65841574360708,2.24277181340164e-20
"ENSG00000136603","SKIL",-0.658118208336163,9.36583407566413e-06,"SKIL",-0.615230949352765,2.89740214031131e-05
"ENSG00000136628","EPRS1",-0.402491611935969,0.000152437771003419,"EPRS1",-0.336691458975494,0.00155982213943195
"ENSG00000136731","UGGT1",-0.201435367652891,0.0120389390809967,"UGGT1",-0.168218515715558,0.0418885290249395
"ENSG00000136758","YME1L1",-0.225586282156671,0.00349704974581021,"YME1L1",-0.185525239045964,0.0192490943057775
"ENSG00000136770","DNAJC1",-0.414363177997259,0.000296699642328957,"DNAJC1",-0.397349932628764,0.000501285224726789
"ENSG00000136811","ODF2",-0.732200446391518,3.28293449069819e-11,"ODF2",-0.365602853667676,0.000638582207243307
"ENSG00000136875","PRPF4",-0.353714524674087,6.93479812092313e-06,"PRPF4",-0.20353976688636,0.0148502761027446
"ENSG00000136891","TEX10",-0.434783228211439,7.47106418700613e-09,"TEX10",-0.541048152366592,3.43151571858877e-13
"ENSG00000136897","MRPL50",-0.319858578271747,0.0106712016539277,"MRPL50",-0.620959654664457,4.84463510791949e-07
"ENSG00000136937","NCBP1",-0.470816554484496,5.90731509825245e-10,"NCBP1",-0.522117851708826,6.17876678258474e-12
"ENSG00000136938","ANP32B",-0.875803882626719,2.33208352607837e-38,"ANP32B",-0.379651883375232,4.03958226410811e-08
"ENSG00000136950","ARPC5L",-0.256114091108728,0.00207110455622003,"ARPC5L",-0.322436070530108,8.01555712688031e-05
"ENSG00000136982","DSCC1",-0.873532955826961,1.66199026123269e-12,"DSCC1",-0.465646370291549,4.66460741217099e-05
"ENSG00000136997","MYC",-0.773971401359605,5.01523497259247e-05,"MYC",-1.82521455390227,1.0823410667552e-13
"ENSG00000137054","POLR1E",-0.349897892517124,0.00011697615130661,"POLR1E",-0.230340021657958,0.0141631574826579
"ENSG00000137124","ALDH1B1",-0.217837532170277,0.0145526422792515,"ALDH1B1",-0.433168782255546,9.16283336336933e-07
"ENSG00000137135","ARHGEF39",-1.14818394935435,6.34876579817561e-10,"ARHGEF39",-0.321151162550821,0.0460786113582359
"ENSG00000137193","PIM1",-0.940445084886808,8.50562998761151e-08,"PIM1",-0.763351807283107,2.16938958993427e-05
"ENSG00000137273","FOXF2",-0.432613041506353,0.0138420616440968,"FOXF2",-0.359990603705503,0.030046564336913
"ENSG00000137312","FLOT1",-0.920545793906117,4.02650555945859e-14,"FLOT1",-0.548929227698958,4.17106034140174e-06
"ENSG00000137492","THAP12",-0.727517453288638,1.83786299750245e-10,"THAP12",-0.400639834687641,0.000308107152837964
"ENSG00000137504","CREBZF",-0.497064230611241,5.82085980291386e-05,"CREBZF",-0.33419862297898,0.00683580006739181
"ENSG00000137574","TGS1",-0.334404324628276,5.60739199292737e-05,"TGS1",-0.293012999796094,0.000416603978293508
"ENSG00000137770","CTDSPL2",-0.489181258529724,4.48648566768236e-08,"CTDSPL2",-0.233714653678133,0.00965541031894146
"ENSG00000137834","SMAD6",-0.660455988044624,0.00303469573386054,"SMAD6",-1.22394170592064,2.97295244111559e-06
"ENSG00000138031","ADCY3",-0.494733806859555,3.23903023264872e-06,"ADCY3",-0.370163563758164,0.000998107131693597
"ENSG00000138035","PNPT1",-0.536813552889197,1.99335891982739e-11,"PNPT1",-0.460277775311681,8.33645161531418e-09
"ENSG00000138095","LRPPRC",-0.364129103611884,2.88986535604896e-09,"LRPPRC",-0.489341539638645,3.31257497371944e-15
"ENSG00000138385","SSB",-0.361921341095189,1.88406280708681e-07,"SSB",-0.232328100604904,0.00139992048567611
"ENSG00000138442","WDR12",-0.342765810143402,0.000414528840745249,"WDR12",-0.452405554980841,1.87875595661404e-06
"ENSG00000138660","AP1AR",-0.21462007441273,0.0327002358245038,"AP1AR",-0.249824326939114,0.0107661404960744
"ENSG00000138668","HNRNPD",-0.895328774069009,5.61273646543376e-35,"HNRNPD",-0.354177258346222,2.00938456626789e-06
"ENSG00000138750","NUP54",-0.557047876255173,1.44863662772152e-07,"NUP54",-0.292453106672905,0.00593396007518937
"ENSG00000139174","PRICKLE1",-0.45135407829497,0.00102798469916277,"PRICKLE1",-0.478640962367666,0.000604999961049022
"ENSG00000139269","INHBE",-2.02995574020432,3.47203255486478e-06,"INHBE",-1.73641156036588,1.6032358937077e-06
"ENSG00000139343","SNRPF",-0.371957499728868,2.65713919946505e-05,"SNRPF",-0.410306114108304,3.08902053114955e-06
"ENSG00000139438","FAM222A",-1.38996811674877,4.41999474875074e-05,"FAM222A",-1.34529490384801,0.000685983415627511
"ENSG00000139514","SLC7A1",-0.861205806826481,1.29069243367556e-16,"SLC7A1",-0.733335388815383,2.12200656334263e-12
"ENSG00000139697","SBNO1",-0.292281845413258,1.08285101040186e-06,"SBNO1",-0.238156149114764,0.000120194463774395
"ENSG00000139726","DENR",-0.219807187216118,0.00191274896339869,"DENR",-0.25219260287643,0.000350317467592659
"ENSG00000139746","RBM26",-0.288806497728818,8.88255133186523e-07,"RBM26",-0.192671120565208,0.00160885894501968
"ENSG00000139921","TMX1",-0.528889594875755,1.20967339040655e-11,"TMX1",-0.259991027399871,0.00134608680453828
"ENSG00000140006","WDR89",-0.311677569448259,0.000557709614455112,"WDR89",-0.34631734420199,8.27252138964728e-05
"ENSG00000140044","JDP2",-0.856370805769759,9.64691342445762e-08,"JDP2",-0.418813637302764,0.0036386721304662
"ENSG00000140157","NIPA2",-0.211069667233677,0.00873158356703319,"NIPA2",-0.30959934297346,8.03613400489426e-05
"ENSG00000140299","BNIP2",-0.157058886002443,0.0174753308358303,"BNIP2",-0.205938868200877,0.00141806922346273
"ENSG00000140332","TLE3",-0.767955546340385,3.25686506158983e-10,"TLE3",-0.334975677371081,0.00621905824187678
"ENSG00000140350","ANP32A",-0.205712529908089,0.00597133966732489,"ANP32A",-0.210689258928161,0.0048803427116512
"ENSG00000140451","PIF1",-1.6130052706694,4.47315305232692e-14,"PIF1",-0.924487587246241,1.072219884833e-06
"ENSG00000140600","SH3GL3",-0.878283512532945,0.00331907059530142,"SH3GL3",-0.750422455578025,0.0104311654733473
"ENSG00000140650","PMM2",-0.202427246482552,0.00878850146566631,"PMM2",-0.404596038941081,4.68232609581915e-08
"ENSG00000140694","PARN",-0.399435440794638,7.33197934340556e-09,"PARN",-0.365941068463559,7.19157660839053e-08
"ENSG00000140807","NKD1",-0.727021125741642,0.00751841101690976,"NKD1",-0.665472571629181,0.0100033361460066
"ENSG00000141030","COPS3",-0.299495105488153,0.00696453717876714,"COPS3",-0.406766619849976,0.000134336915607029
"ENSG00000141384","TAF4B",-0.939379090144201,3.17501652532488e-06,"TAF4B",-0.967575063002968,1.88661549854975e-05
"ENSG00000141385","AFG3L2",-0.358211770936056,1.10255235370647e-08,"AFG3L2",-0.450423019445831,4.63477268911725e-13
"ENSG00000141429","GALNT1",-0.282544894066723,0.000172371546724778,"GALNT1",-0.328107699343964,1.18424156498683e-05
"ENSG00000141543","EIF4A3",-0.35756282730837,5.78277018266588e-05,"EIF4A3",-0.368209234917176,3.20949556062824e-05
"ENSG00000141580","WDR45B",-0.444262561177528,1.55481112819802e-09,"WDR45B",-0.353778692321258,2.39642137010704e-06
"ENSG00000141642","ELAC1",-0.363818703762635,0.0164755043649903,"ELAC1",-0.451174404388034,0.00213039775777537
"ENSG00000142230","SAE1",-0.613445228245088,6.71988011053063e-12,"SAE1",-0.234005287946761,0.0141545889506438
"ENSG00000142528","ZNF473",-0.422286168017985,0.0056213786600814,"ZNF473",-0.349622961400346,0.0167911472253789
"ENSG00000142634","EFHD2",-0.56726145312884,7.00367263926818e-08,"EFHD2",-0.239894263668388,0.0336432882217047
"ENSG00000142864","SERBP1",-0.593438666899349,6.34697284161228e-35,"SERBP1",-0.344356948705143,3.10596267314441e-12
"ENSG00000143013","LMO4",-0.443346581529875,0.000353415438466536,"LMO4",-0.368672950081438,0.00262039771697513
"ENSG00000143179","UCK2",-0.436325579993366,2.29019064572767e-05,"UCK2",-0.522547085493694,4.13249967666297e-07
"ENSG00000143384","MCL1",-0.315917418944128,0.000950919228796945,"MCL1",-0.421138825921446,6.2061673298337e-06
"ENSG00000143401","ANP32E",-0.887689197530703,1.17648298953749e-18,"ANP32E",-0.285775563657175,0.00588289881412835
"ENSG00000143493","INTS7",-0.331195922168515,0.00203971989140968,"INTS7",-0.386828634942819,0.000168330363931295
"ENSG00000143742","SRP9",-0.267722725863769,0.0140543249290547,"SRP9",-0.541946234322176,1.72769709043774e-07
"ENSG00000143799","PARP1",-0.613593940792269,1.185098977557e-10,"PARP1",-0.307170135246429,0.00178891345032842
"ENSG00000143815","LBR",-0.924537242600705,5.54998188928136e-23,"LBR",-0.262206505300146,0.00727500499665249
"ENSG00000144034","TPRKB",-0.299935996178895,0.00184636068510972,"TPRKB",-0.235978952543274,0.0164193291533713
"ENSG00000144043","TEX261",-0.45966863670143,3.50213720337573e-05,"TEX261",-0.388994062786594,0.000552289735512911
"ENSG00000144161","ZC3H8",-0.365698494658748,0.00026016332330403,"ZC3H8",-0.41439697713337,2.32258107672566e-05
"ENSG00000144231","POLR2D",-0.347238375870686,1.85562306605274e-07,"POLR2D",-0.336586726400676,4.55835623334644e-07
"ENSG00000144354","CDCA7",-1.68562435134355,1.060790652193e-31,"CDCA7",-1.12816834593229,1.85961097988046e-17
"ENSG00000144381","HSPD1",-0.901036343411165,3.60312006011016e-32,"HSPD1",-0.505072618873731,4.97231228185354e-11
"ENSG00000144401","METTL21A",-0.379972923865144,0.0153028348980753,"METTL21A",-0.297747675791734,0.0423094298585226
"ENSG00000144580","CNOT9",-0.491076769313179,1.00390289699425e-14,"CNOT9",-0.226223698367829,0.000563229693683228
"ENSG00000144655","CSRNP1",-0.466877176270867,0.00428486545885709,"CSRNP1",-0.543986156337365,0.000960746625603581
"ENSG00000144736","SHQ1",-0.282196584749024,0.0112301102154556,"SHQ1",-0.316478600566929,0.00366788694119873
"ENSG00000144824","PHLDB2",-0.46666481984131,8.03541312701036e-07,"PHLDB2",-0.379351819315102,7.55211361553358e-05
"ENSG00000145191","EIF2B5",-0.20573096543437,0.00297796865510037,"EIF2B5",-0.399485742206529,2.89638107322227e-09
"ENSG00000145293","ENOPH1",-0.405833238562455,0.000183126664699046,"ENOPH1",-0.330719548196211,0.00224078399984253
"ENSG00000145332","KLHL8",-0.259567267952603,0.00344642056190347,"KLHL8",-0.320488941980365,0.000218268698753471
"ENSG00000145365","TIFA",-0.300894987111794,0.0375225495817114,"TIFA",-0.370344545564953,0.00509259604056361
"ENSG00000145386","CCNA2",-1.27357315810435,1.41363226981126e-24,"CCNA2",-0.258953768128341,0.0406111888586304
"ENSG00000145391","SETD7",-0.196711482280223,0.0182406807931212,"SETD7",-0.201615742690901,0.018954939785677
"ENSG00000145414","NAF1",-0.80728352440514,2.49085666765335e-11,"NAF1",-0.419394651788318,0.000272631826387055
"ENSG00000145604","SKP2",-0.93596477642715,2.62966529786041e-25,"SKP2",-0.427490553356892,2.24360068473465e-06
"ENSG00000145736","GTF2H2",-0.332512029289177,0.0174269625888559,"GTF2H2",-0.386556477901616,0.00383227970960784
"ENSG00000145907","G3BP1",-0.365704762859661,7.57362654858071e-09,"G3BP1",-0.254953835288903,0.000102254667643886
"ENSG00000146047","H2BC1",-0.661466085790958,0.00983509253332527,"H2BC1",-1.25540151247458,0.000803729749911968
"ENSG00000146094","DOK3",-0.84283138997205,0.00595178048370961,"DOK3",-0.547177391491374,0.031881350584929
"ENSG00000146223","RPL7L1",-0.204187016931938,0.000569119274463121,"RPL7L1",-0.305482560863597,1.72769709043774e-07
"ENSG00000146263","MMS22L",-0.948009843200741,1.70007771587469e-13,"MMS22L",-0.400933855335848,0.000998107131693597
"ENSG00000146281","PM20D2",-0.779671745691607,2.69815128321057e-10,"PM20D2",-0.519324794546712,1.18424156498683e-05
"ENSG00000146592","CREB5",-0.317484770620477,0.0249791529134254,"CREB5",-0.371289412888197,0.00837333016310407
"ENSG00000146676","PURB",-0.356598444704828,0.000584708958150237,"PURB",-0.343703206781904,0.000821551792893045
"ENSG00000146731","CCT6A",-0.479870230176905,4.26429012427515e-28,"CCT6A",-0.321162561864997,4.89531060263595e-13
"ENSG00000146909","NOM1",-0.597956668626333,2.8049055710707e-09,"NOM1",-0.270549535103557,0.00957855648365738
"ENSG00000146963","LUC7L2",-0.217822538335695,0.00250896025993492,"LUC7L2",-0.290559862861935,3.62680626264814e-05
"ENSG00000147133","TAF1",-0.253448428325062,0.00662745163669995,"TAF1",-0.282818618398591,0.00227287465601589
"ENSG00000147140","NONO",-0.338578600138462,1.18941367188038e-11,"NONO",-0.158807578279925,0.00328559371728162
"ENSG00000147224","PRPS1",-0.286024904837953,0.015266137074707,"PRPS1",-0.477004010161264,2.27491391945876e-05
"ENSG00000147274","RBMX",-0.450032934789135,3.86806184007969e-11,"RBMX",-0.289906339699881,3.7858977456395e-05
"ENSG00000147408","CSGALNACT1",-0.468575879839237,0.0460796687999485,"CSGALNACT1",-1.0974379798978,2.32479891934993e-05
"ENSG00000147454","SLC25A37",-0.401892553061387,5.88831648276139e-07,"SLC25A37",-0.806101946909711,6.17301139986536e-24
"ENSG00000147457","CHMP7",-0.352851902164764,0.00235405930838112,"CHMP7",-0.249825095455899,0.0371712811965534
"ENSG00000147459","DOCK5",-0.307988890016921,0.00267381334834771,"DOCK5",-0.259042853861232,0.0116191562996359
"ENSG00000147592","LACTB2",-0.310083679470305,0.0199919650264398,"LACTB2",-0.521153573908006,3.78118274938232e-05
"ENSG00000147679","UTP23",-0.254692555215923,0.00225609939828501,"UTP23",-0.275847754969782,0.000965425208122887
"ENSG00000147813","NAPRT",-0.508829808303275,0.0302797445284236,"NAPRT",-0.771590590699388,0.00371882492581327
"ENSG00000147852","VLDLR",-1.17303598163489,2.52907008682003e-08,"VLDLR",-0.525943215269285,0.00267359262112461
"ENSG00000148229","POLE3",-0.381722501889459,5.0010044468986e-08,"POLE3",-0.298225604607519,2.98572004217103e-05
"ENSG00000148344","PTGES",-2.48158572132786,1.11172607400451e-16,"PTGES",-3.99263639364745,1.9503621451535e-11
"ENSG00000148459","PDSS1",-0.46073031828535,0.000100709236561251,"PDSS1",-0.504051075837489,1.68519190623625e-05
"ENSG00000148737","TCF7L2",-0.438863365332466,4.52436099314428e-07,"TCF7L2",-0.218640876591046,0.0185203556845929
"ENSG00000148840","PPRC1",-0.561256645435653,1.87530511072445e-08,"PPRC1",-0.590114738837525,3.84685581445777e-09
"ENSG00000148943","LIN7C",-0.143903587894098,0.0426647268217188,"LIN7C",-0.323592932759408,5.07422128661996e-07
"ENSG00000149136","SSRP1",-0.653969193113028,7.74866735132746e-40,"SSRP1",-0.349869543341794,4.36516266592906e-12
"ENSG00000149308","NPAT",-0.559834889956937,1.40281647233463e-12,"NPAT",-0.210081984031589,0.00800369445531089
"ENSG00000149313","AASDHPPT",-0.231469424524319,0.00154134947006246,"AASDHPPT",-0.246521007619641,0.000732557954059637
"ENSG00000149532","CPSF7",-0.490049342778014,1.68610704154377e-08,"CPSF7",-0.274165446299764,0.00178814792386671
"ENSG00000150093","ITGB1",-0.326689345925721,0.00664178870217816,"ITGB1",-0.482297324304644,2.84946756631097e-05
"ENSG00000150753","CCT5",-0.331990317244946,1.85875967303066e-12,"CCT5",-0.343636319429512,4.07199861169341e-13
"ENSG00000151247","EIF4E",-0.43695599912812,2.57210484499692e-09,"EIF4E",-0.537365010668351,8.13281927918576e-13
"ENSG00000151353","TMEM18",-0.240413723681274,0.0315847834326008,"TMEM18",-0.261665319426029,0.0165401963549612
"ENSG00000151466","SCLT1",-0.785655263335434,1.43621817024116e-10,"SCLT1",-0.264662893010819,0.0315526519854736
"ENSG00000151725","CENPU",-1.42646640902497,8.66807239498236e-41,"CENPU",-0.335007027924646,0.00101492056054663
"ENSG00000151806","GUF1",-0.391338119228007,6.66829747043171e-05,"GUF1",-0.244766583103494,0.01596614472471
"ENSG00000151923","TIAL1",-0.19923489630634,0.00356086893572349,"TIAL1",-0.382624017967198,4.97225010393111e-09
"ENSG00000152102","FAM168B",-0.460584944160251,3.826705659809e-06,"FAM168B",-0.278964851212052,0.00655131847275703
"ENSG00000152193","OBI1",-0.64121404011584,4.89578150231471e-12,"OBI1",-0.39842411562364,1.03653192549539e-05
"ENSG00000152240","HAUS1",-0.533846844605308,7.20127375594344e-07,"HAUS1",-0.26702167204284,0.0105450332365354
"ENSG00000152242","ARK2N",-0.238169139480267,0.0319638149988871,"ARK2N",-0.227902060530931,0.0429341399628967
"ENSG00000152409","JMY",-0.454469590958704,0.00141998836416184,"JMY",-0.351129913996998,0.0122470902417779
"ENSG00000152413","HOMER1",-0.399205758040373,3.5149055288945e-05,"HOMER1",-0.929685723552028,1.33407793897243e-17
"ENSG00000152558","TMEM123",-0.541748089111964,1.06666024441923e-17,"TMEM123",-0.312453483453555,1.38694773732077e-06
"ENSG00000152620","NADK2",-0.263805951264561,0.0240761842682371,"NADK2",-0.350163898579631,0.00150827236832261
"ENSG00000152795","HNRNPDL",-0.566730832123415,7.09682157155025e-13,"HNRNPDL",-0.516760282082191,6.587324436262e-11
"ENSG00000153094","BCL2L11",-1.2376496374373,2.67043928523293e-10,"BCL2L11",-0.578082686046238,0.000442928270491124
"ENSG00000153107","ANAPC1",-0.414410164754193,0.00113755844527449,"ANAPC1",-0.388697689374039,0.00160835454953958
"ENSG00000153162","BMP6",-1.35371908281773,2.50805551368323e-06,"BMP6",-1.38821112839065,0.000184725792657018
"ENSG00000153187","HNRNPU",-0.776203456788051,9.81067243942077e-35,"HNRNPU",-0.375840329050306,5.60843032478496e-09
"ENSG00000153317","ASAP1",-0.232359795082013,0.00757620904840798,"ASAP1",-0.346600414894542,3.394710908255e-05
"ENSG00000153560","UBP1",-0.497002632750302,3.03409919312541e-12,"UBP1",-0.465753849143012,7.28944815413304e-11
"ENSG00000153561","RMND5A",-0.430910583276926,4.9548861371025e-06,"RMND5A",-0.291612523443445,0.00275444693917345
"ENSG00000153574","RPIA",-0.452438098791103,5.95510301405651e-06,"RPIA",-0.314316904109392,0.0022999119223887
"ENSG00000153879","CEBPG",-1.17151927914481,9.03911166719186e-19,"CEBPG",-0.862100516019244,5.03130144892617e-12
"ENSG00000153885","KCTD15",-0.648104336511495,0.000136689197131082,"KCTD15",-0.454776754029583,0.00357715564069893
"ENSG00000153922","CHD1",-0.609622562273694,2.51223846875489e-12,"CHD1",-0.231287904460239,0.0127246220623006
"ENSG00000153989","NUS1",-0.273855972945623,0.0250204191740799,"NUS1",-0.47106691931025,7.22132855791534e-05
"ENSG00000154473","BUB3",-0.319632614539712,1.27129238482266e-08,"BUB3",-0.248395143436102,1.65521428836678e-05
"ENSG00000154727","GABPA",-0.357693018290314,0.00462816295669974,"GABPA",-0.384118140458265,0.00159885455449098
"ENSG00000154832","CXXC1",-0.404480867319068,9.82943229703188e-07,"CXXC1",-0.358863757310137,1.81884388359104e-05
"ENSG00000154928","EPHB1",-0.517314380508992,0.0333351561146427,"EPHB1",-1.60098563340432,1.48018878361497e-06
"ENSG00000155096","AZIN1",-0.487603068851074,5.31432357647711e-10,"AZIN1",-0.334237817389318,2.45350400916189e-05
"ENSG00000155189","AGPAT5",-0.596929760152467,1.79859642799824e-18,"AGPAT5",-0.290008919983673,3.62680626264814e-05
"ENSG00000155304","HSPA13",-0.481607238693307,2.63699596114547e-05,"HSPA13",-0.316161035339072,0.00567491672281664
"ENSG00000155380","SLC16A1",-0.456816735511415,2.28568120638355e-14,"SLC16A1",-0.568933414265491,2.02930862292411e-21
"ENSG00000155438","NIFK",-0.222450847618357,0.000140503209813088,"NIFK",-0.523297721980272,4.88276643953858e-20
"ENSG00000155561","NUP205",-0.650489270871236,9.7804025092522e-10,"NUP205",-0.240783459286022,0.030046564336913
"ENSG00000155846","PPARGC1B",-0.504760497067499,0.00103752211717319,"PPARGC1B",-0.421190882215613,0.00556981172408212
"ENSG00000156256","USP16",-0.163518990269652,0.0365178469531247,"USP16",-0.164427757443756,0.0374114202654581
"ENSG00000156261","CCT8",-0.183772668401566,0.0163632525904446,"CCT8",-0.275590520515238,0.000179514203541179
"ENSG00000156304","SCAF4",-0.691364439661094,1.44101584697393e-07,"SCAF4",-0.325959256342224,0.0169187030332881
"ENSG00000156313","RPGR",-0.448088607107658,0.000929316251315313,"RPGR",-0.380654293629,0.00284282370343976
"ENSG00000156453","PCDH1",-1.09925687097472,1.80773494601822e-06,"PCDH1",-0.972620573804014,0.0001530714407298
"ENSG00000156471","PTDSS1",-0.291116209911604,0.00120587743615614,"PTDSS1",-0.404650929667,4.77090069039558e-06
"ENSG00000156642","NPTN",-0.219812826545671,0.00693905842599445,"NPTN",-0.396017643638385,3.6260088710591e-07
"ENSG00000156697","UTP14A",-0.390286834443087,4.27563091180366e-07,"UTP14A",-0.619759017815197,9.85406027226538e-16
"ENSG00000156802","ATAD2",-1.34636382773213,7.75412965768035e-58,"ATAD2",-0.390035319940431,1.9516862415723e-06
"ENSG00000156853","ZNF689",-0.377712857924253,0.00143906465127767,"ZNF689",-0.276689953352633,0.0147628401041151
"ENSG00000156970","BUB1B",-1.32275764210086,8.27936660392979e-28,"BUB1B",-0.276348798398153,0.0222195449981767
"ENSG00000157212","PAXIP1",-0.915171393965686,1.66080747295318e-10,"PAXIP1",-0.318868131079238,0.0193410408830652
"ENSG00000157240","FZD1",-0.596220624304422,0.0031315704518634,"FZD1",-0.360958530202916,0.0435650504731179
"ENSG00000157456","CCNB2",-0.951084905833768,1.69945512670304e-10,"CCNB2",-0.426823688731382,0.00261971383173468
"ENSG00000157693","TMEM268",-0.425991490465614,0.0106548913450636,"TMEM268",-0.317796713605057,0.0406268905645114
"ENSG00000158161","EYA3",-0.271176756697052,0.00525952405158289,"EYA3",-0.285060595181959,0.0027210039602361
"ENSG00000158169","FANCC",-0.942152948489059,6.7584472167578e-10,"FANCC",-0.294927185190203,0.0315582202638916
"ENSG00000158417","EIF5B",-0.352120463179878,9.87089809129538e-12,"EIF5B",-0.205621436289832,0.000163649881432109
"ENSG00000158615","PPP1R15B",-0.444613717280992,1.873003127531e-06,"PPP1R15B",-0.255832320845873,0.00723686908265658
"ENSG00000158710","TAGLN2",-0.258045723429302,0.0348540687200724,"TAGLN2",-0.308371988018881,0.00854659631577185
"ENSG00000159086","PAXBP1",-1.00595955413388,7.26030241997903e-15,"PAXBP1",-0.354563348332523,0.004144315050108
"ENSG00000159131","GART",-0.491764667701199,1.58805305846496e-13,"GART",-0.580912392620927,1.67882342357532e-18
"ENSG00000160124","MIX23",-0.323593097024804,0.00198498808626345,"MIX23",-0.348985723506078,0.000655352403295442
"ENSG00000160131","VMA21",-0.350628607592267,5.17700899320506e-08,"VMA21",-0.651747274423311,2.40531227452505e-24
"ENSG00000160193","WDR4",-0.413534530389653,1.39616887669858e-05,"WDR4",-0.229884947441854,0.0244558043314656
"ENSG00000160199","PKNOX1",-0.437832615159043,4.38398106852108e-05,"PKNOX1",-0.241503548302696,0.0265352278136852
"ENSG00000160799","CCDC12",-0.381895218656146,1.55339810769612e-05,"CCDC12",-0.251594106347469,0.00526620607417242
"ENSG00000160818","GPATCH4",-0.204010256198179,0.0135789589862696,"GPATCH4",-0.336881506845535,1.80206589968488e-05
"ENSG00000161547","SRSF2",-0.537920564386689,4.79535504975713e-09,"SRSF2",-0.643695155550419,2.51766302596946e-12
"ENSG00000161960","EIF4A1",-0.770475278753097,0.000107712815685315,"EIF4A1",-0.626601509133512,0.001101045196237
"ENSG00000161980","POLR3K",-0.670395514522036,5.69043149358081e-11,"POLR3K",-0.27729633273879,0.00858441212441566
"ENSG00000162063","CCNF",-1.46656937784193,5.99917068349398e-35,"CCNF",-0.376106182611342,0.000865055537779803
"ENSG00000162073","PAQR4",-1.00965431362785,5.27109965624433e-12,"PAQR4",-0.445886133284026,0.00076959311753019
"ENSG00000162377","COA7",-0.266146172864722,0.00246556390794085,"COA7",-0.308682417241338,0.000381958109892372
"ENSG00000162385","MAGOH",-0.475671521668403,3.23951480611485e-10,"MAGOH",-0.178152721915338,0.0315526519854736
"ENSG00000162408","NOL9",-0.620849152774139,4.47038809020891e-15,"NOL9",-0.303347236917846,0.000247524787386153
"ENSG00000162496","DHRS3",-1.04347336907342,0.000288285564390296,"DHRS3",-1.26771701308795,0.00114328592643444
"ENSG00000162521","RBBP4",-0.348509126439031,2.00172077164044e-06,"RBBP4",-0.206380196850106,0.00675336161373658
"ENSG00000162607","USP1",-1.17510590400061,5.29484970864055e-39,"USP1",-0.293673537724989,0.00133917335350163
"ENSG00000162714","ZNF496",-0.416711287610872,0.000577963401969248,"ZNF496",-0.356619281718138,0.00237176939278917
"ENSG00000162775","RBM15",-0.64214701008739,1.12432799986079e-10,"RBM15",-0.257138298469332,0.0121983815866676
"ENSG00000162885","B3GALNT2",-0.395425227627818,0.000247449855413958,"B3GALNT2",-0.306721316809656,0.00486778320864393
"ENSG00000163002","NUP35",-0.547037480159983,1.20091271254715e-05,"NUP35",-0.52123041492002,2.00008411335854e-05
"ENSG00000163006","CCDC138",-0.508430460387189,0.000381654578783664,"CCDC138",-0.425100553707925,0.00055270955594654
"ENSG00000163083","INHBB",-1.51990935489455,2.59659193585578e-09,"INHBB",-1.45352441924685,1.29753728612121e-05
"ENSG00000163257","DCAF16",-0.420440467972986,0.000263067617709608,"DCAF16",-0.472623188587273,2.74110845236309e-05
"ENSG00000163428","LRRC58",-0.509556049233852,6.96555192839721e-11,"LRRC58",-0.282740047812095,0.000511515080398809
"ENSG00000163510","CWC22",-0.262998850057027,0.000866724867076671,"CWC22",-0.244424590193577,0.00210167193124177
"ENSG00000163535","SGO2",-1.15842103405304,3.44705059432008e-26,"SGO2",-0.279175470331035,0.012306877352319
"ENSG00000163605","PPP4R2",-0.212118525821472,0.000952701893170838,"PPP4R2",-0.258460714355002,5.31581659410512e-05
"ENSG00000163634","THOC7",-0.212004606251265,0.0101642709158643,"THOC7",-0.188026811524842,0.0253078752031589
"ENSG00000163660","CCNL1",-0.526507510986373,5.06977593970021e-05,"CCNL1",-0.284042747695796,0.030798737856852
"ENSG00000163714","U2SURP",-0.546852279447369,8.80345121237339e-13,"U2SURP",-0.367413492045558,2.37586559499103e-06
"ENSG00000163811","WDR43",-0.260925042316677,0.000244974089135368,"WDR43",-0.327224738873427,3.35471798829291e-06
"ENSG00000163888","CAMK2N2",-0.482348502271453,0.00195960614327763,"CAMK2N2",-0.590937493948516,4.14505194445221e-05
"ENSG00000163918","RFC4",-0.601563721996744,1.94378868875087e-07,"RFC4",-0.29747664088126,0.0100773597432642
"ENSG00000163938","GNL3",-0.531538269891131,1.55772434182497e-05,"GNL3",-0.58376130301771,1.65879465781445e-06
"ENSG00000163950","SLBP",-1.03789061186452,2.54188671569973e-32,"SLBP",-0.755340308904954,8.75054031914372e-20
"ENSG00000163961","RNF168",-0.484497636144847,1.72170180160291e-09,"RNF168",-0.233161953727364,0.00431495731079918
"ENSG00000164032","H2AZ1",-0.796002167312315,7.87668725108846e-10,"H2AZ1",-0.541750864677711,2.19225923361718e-05
"ENSG00000164091","WDR82",-0.324107394693153,1.1347177912868e-06,"WDR82",-0.175916078777235,0.0142370066081495
"ENSG00000164109","MAD2L1",-1.0101091470986,5.31323959729759e-15,"MAD2L1",-0.608921395881772,1.26935294538533e-06
"ENSG00000164134","NAA15",-0.403531576863626,3.33061782736768e-15,"NAA15",-0.19345525647666,0.000445804942380324
"ENSG00000164151","ICE1",-0.636913883586692,7.74830954219135e-16,"ICE1",-0.172136747415879,0.0477136070617362
"ENSG00000164163","ABCE1",-0.277837428482932,9.91228948752903e-06,"ABCE1",-0.329455889004193,1.35319317317875e-07
"ENSG00000164284","GRPEL2",-0.240283035141794,0.0294730652763619,"GRPEL2",-0.38614241865371,0.000247325878702242
"ENSG00000164294","GPX8",-0.385121218215692,9.96953087655142e-05,"GPX8",-0.284480236610629,0.00466033397721562
"ENSG00000164305","CASP3",-0.297210925183744,0.00868997914579503,"CASP3",-0.255628502645397,0.0192586007114165
"ENSG00000164306","PRIMPOL",-0.673688433553003,2.08814813577652e-05,"PRIMPOL",-0.329509811151432,0.0218312714380911
"ENSG00000164466","SFXN1",-0.375523692028688,2.0892278942631e-08,"SFXN1",-0.371674337601033,3.82439302867016e-08
"ENSG00000164610","RP9",-0.352218519494318,0.000115919266840406,"RP9",-0.245800675030267,0.00915449116725921
"ENSG00000164649","CDCA7L",-1.06377589013051,2.34882720482376e-35,"CDCA7L",-0.537190881961428,1.25867076104608e-10
"ENSG00000164683","HEY1",-0.725271550648736,0.00711037726434778,"HEY1",-0.433708914842274,0.0413955367818067
"ENSG00000164741","DLC1",-0.930296570442511,1.25417901673467e-10,"DLC1",-0.91284401280518,7.14742014586465e-10
"ENSG00000164754","RAD21",-0.962313103563722,2.24377031565006e-36,"RAD21",-0.435008168127674,1.44436552893985e-08
"ENSG00000164815","ORC5",-0.392693539359986,0.000128001250097396,"ORC5",-0.495696979296318,1.2565059098236e-06
"ENSG00000164902","PHAX",-0.248320421076778,0.000218371253317386,"PHAX",-0.18362600757442,0.0093898012589057
"ENSG00000164985","PSIP1",-0.955544354750184,1.19609400222331e-19,"PSIP1",-0.226368635694979,0.0430517548039949
"ENSG00000165060","FXN",-0.30239965456156,0.00170174405559973,"FXN",-0.510500092818831,1.98164735462789e-07
"ENSG00000165071","TMEM71",-0.968932449605836,0.00281319399679067,"TMEM71",-0.769099643045068,0.00952363439596096
"ENSG00000165119","HNRNPK",-0.395767031606594,3.23765669021552e-13,"HNRNPK",-0.269169823356663,1.70391983174567e-06
"ENSG00000165244","ZNF367",-1.52995626319283,2.79901199571956e-28,"ZNF367",-0.360308930975303,0.00481539808040274
"ENSG00000165417","GTF2A1",-0.388450117412739,2.50438141656533e-06,"GTF2A1",-0.341383092598919,2.29880842863604e-05
"ENSG00000165480","SKA3",-1.26514660484397,8.40972058857996e-25,"SKA3",-0.244121367354396,0.0469689313077067
"ENSG00000165675","ENOX2",-0.207805993262255,0.0444354313622951,"ENOX2",-0.468933699405199,8.79379832287297e-07
"ENSG00000165732","DDX21",-0.506131103161286,5.01947481970855e-24,"DDX21",-0.507312376622154,5.28432237390545e-24
"ENSG00000165733","BMS1",-0.50682911124403,4.38804307899962e-13,"BMS1",-0.343255157098942,1.72547243503196e-06
"ENSG00000166123","GPT2",-0.86487815244629,1.96902703560424e-09,"GPT2",-0.896294521269997,6.09408883441709e-10
"ENSG00000166164","BRD7",-0.559556263777187,1.08781168303267e-21,"BRD7",-0.244169533421713,5.84084094961905e-05
"ENSG00000166166","TRMT61A",-0.399894191309574,0.00349842762707703,"TRMT61A",-0.355762958716164,0.00887147773082516
"ENSG00000166170","BAG5",-0.427795652647347,5.36310028794568e-07,"BAG5",-0.204501408440734,0.0240433346623863
"ENSG00000166181","API5",-0.466919554710807,1.99950767201332e-09,"API5",-0.208211601912846,0.0116693527467878
"ENSG00000166197","NOLC1",-0.68552317982998,1.38518903872035e-26,"NOLC1",-0.588374997460391,9.7193641997723e-20
"ENSG00000166200","COPS2",-0.234743423017934,0.0113329879895777,"COPS2",-0.242302952351104,0.00852294409306799
"ENSG00000166226","CCT2",-0.174846188699078,0.0313999894353625,"CCT2",-0.35125920134201,3.15805329833904e-06
"ENSG00000166450","PRTG",-0.779606610102286,1.28622305893638e-05,"PRTG",-0.343894462321566,0.0305113203839442
"ENSG00000166454","ATMIN",-0.159984331094455,0.0317596278071274,"ATMIN",-0.18655490646357,0.0118539399528519
"ENSG00000166483","WEE1",-1.33401123225126,9.39300334675147e-23,"WEE1",-0.336857566085778,0.00796034703346614
"ENSG00000166508","MCM7",-1.45763203654335,5.75483246499051e-44,"MCM7",-0.638982981334226,6.21397989028023e-10
"ENSG00000166582","CENPV",-0.854040398698682,5.66986919594848e-13,"CENPV",-0.549732354006354,1.88751995783312e-06
"ENSG00000166788","SAAL1",-0.635821026014889,8.9917475021988e-13,"SAAL1",-0.247643904653983,0.00775881382049959
"ENSG00000166851","PLK1",-1.32167179240076,2.53544268387372e-24,"PLK1",-0.559032062463707,1.15040385929499e-05
"ENSG00000166913","YWHAB",-0.155370677519122,0.00651008983894256,"YWHAB",-0.262623222458738,1.62840704767674e-06
"ENSG00000166938","DIS3L",-0.349092475224392,0.000955733852103382,"DIS3L",-0.264633514229396,0.0116950047439297
"ENSG00000166986","MARS1",-0.255342602290548,0.0200258493898887,"MARS1",-0.408980821322045,7.79105175656817e-05
"ENSG00000167005","NUDT21",-0.669436158710941,3.77816091754274e-09,"NUDT21",-0.400189153530872,0.000407013577317867
"ENSG00000167034","NKX3-1",-0.480766741717825,7.14912851670553e-05,"NKX3-1",-0.278025580767598,0.0245010938766067
"ENSG00000167088","SNRPD1",-0.411234327526765,5.42336603279283e-06,"SNRPD1",-0.566196751059357,2.19163652943364e-10
"ENSG00000167384","ZNF180",-0.381789985596714,0.00622561361692047,"ZNF180",-0.31032306784775,0.0201315585939211
"ENSG00000167553","TUBA1C",-0.37766542299635,1.66750213966521e-05,"TUBA1C",-0.415217505506123,1.84178890138021e-06
"ENSG00000167635","ZNF146",-0.578815087733301,1.16475645947117e-10,"ZNF146",-0.686043925735743,3.4584287342564e-14
"ENSG00000167695","TLCD3A",-0.270643514467628,0.0189793917532429,"TLCD3A",-0.274750448825109,0.0202609221162444
"ENSG00000167703","SLC43A2",-0.487536803134655,0.0299623360358456,"SLC43A2",-0.579389239987479,0.0238671328431365
"ENSG00000167721","TSR1",-0.348443366057004,4.96435044374328e-13,"TSR1",-0.373677145254662,1.3867530035967e-14
"ENSG00000167740","CYB5D2",-0.386255413569092,0.0134683636777809,"CYB5D2",-0.698585558113366,1.0850871307371e-05
"ENSG00000167767","KRT80",-1.14091545887443,4.00599835065995e-08,"KRT80",-0.589506647226588,0.00229493738854344
"ENSG00000168003","SLC3A2",-0.660041264191061,9.44493713360149e-07,"SLC3A2",-0.477050726574607,0.000296010219614154
"ENSG00000168056","LTBP3",-0.550062104011098,0.00186477671817304,"LTBP3",-0.974644703618578,4.96895631199252e-07
"ENSG00000168066","SF1",-0.521973468651434,4.18798814243822e-14,"SF1",-0.408921837007028,5.14546799593414e-09
"ENSG00000168209","DDIT4",-0.688403402938273,0.00202935709221087,"DDIT4",-0.872258696205099,0.000394881058471123
"ENSG00000168286","THAP11",-0.250289041360716,0.0152956339077194,"THAP11",-0.288293083730868,0.0037949586496006
"ENSG00000168298","H1-4",-2.52157357688649,1.84766112477015e-18,"H1-4",-0.51258672824475,0.0175072421604285
"ENSG00000168385","SEPTIN2",-0.140993085234269,0.0196547317201766,"SEPTIN2",-0.12810165316373,0.0393888625553666
"ENSG00000168393","DTYMK",-0.616370475777077,4.95393565963846e-08,"DTYMK",-0.243567349696561,0.0390451250071144
"ENSG00000168496","FEN1",-0.926387465989997,6.50886199452639e-18,"FEN1",-0.277924847028544,0.0122930604337396
"ENSG00000168566","SNRNP48",-0.41811059689149,1.74524064742209e-07,"SNRNP48",-0.357394126302724,7.30104837877985e-06
"ENSG00000168615","ADAM9",-0.218718309696799,0.0140119124283114,"ADAM9",-0.259746538858583,0.00449688889480688
"ENSG00000168710","AHCYL1",-0.149089311873153,0.0462363833421557,"AHCYL1",-0.164041922914563,0.0280887073484581
"ENSG00000168813","ZNF507",-0.628075703829059,9.44493713360149e-07,"ZNF507",-0.383259087589551,0.00205668113755764
"ENSG00000168906","MAT2A",-0.425340737095272,0.000134939462789181,"MAT2A",-0.66501099281169,1.8718787778028e-09
"ENSG00000168924","LETM1",-0.182912807513931,0.0273452633015424,"LETM1",-0.171717808749817,0.0462014401779817
"ENSG00000169016","E2F6",-0.340941450782876,0.00913428874136485,"E2F6",-0.328098147365522,0.0100329340435537
"ENSG00000169045","HNRNPH1",-0.62807366354574,4.02047630252554e-27,"HNRNPH1",-0.281338807997736,3.57147388898238e-06
"ENSG00000169230","PRELID1",-0.179311804243741,0.0277805644633507,"PRELID1",-0.254774898414673,0.00116179588840949
"ENSG00000169288","MRPL1",-0.351126634927549,0.00021361372848395,"MRPL1",-0.446892710600421,1.41068940029364e-06
"ENSG00000169375","SIN3A",-0.494432464067431,3.60624508649901e-08,"SIN3A",-0.194316770493551,0.043092814502492
"ENSG00000169439","SDC2",-0.635564780640261,0.0180059071166317,"SDC2",-1.10002837748783,0.00161780945345288
"ENSG00000169504","CLIC4",-0.318374820881741,0.00286547557409639,"CLIC4",-0.454372145548937,1.10625764974443e-05
"ENSG00000169684","CHRNA5",-0.928305658284907,1.04857098680654e-12,"CHRNA5",-0.369559240793309,0.00258966209840588
"ENSG00000169714","CNBP",-0.233241783069686,0.00114215233342751,"CNBP",-0.406514006731086,3.38750066074584e-09
"ENSG00000169813","HNRNPF",-0.385822217884742,3.85565908300816e-08,"HNRNPF",-0.434594250407591,6.94207687422826e-10
"ENSG00000169860","P2RY1",-0.431808849922766,0.00777218859250714,"P2RY1",-0.3492811307005,0.0331111863263835
"ENSG00000170074","FAM153A",-0.58427541009594,0.0396421379556802,"FAM153A",-0.631486465512115,0.0168670660139094
"ENSG00000170144","HNRNPA3",-0.588928648281837,6.73428103668201e-14,"HNRNPA3",-0.351790800422475,1.24698532796121e-05
"ENSG00000170345","FOS",-1.23629452072629,0.000136643054329946,"FOS",-0.858429989908044,0.00372553033275391
"ENSG00000170442","KRT86",-1.25158380448552,3.88026323394843e-06,"KRT86",-2.07443611063394,2.1818318122011e-11
"ENSG00000170515","PA2G4",-0.337629513304671,2.06735152939955e-09,"PA2G4",-0.220064037060101,0.000193797525594643
"ENSG00000170540","ARL6IP1",-0.705416075473944,8.20743496987846e-11,"ARL6IP1",-0.241209390765203,0.0337497372237094
"ENSG00000170558","CDH2",-0.418432888682502,0.00583553773800608,"CDH2",-0.310065798050901,0.0370364292061779
"ENSG00000170561","IRX2",-0.909259758656572,1.19578916901145e-11,"IRX2",-0.472933325260935,0.00018132896061049
"ENSG00000170577","SIX2",-0.715371970195164,9.22690385148863e-05,"SIX2",-0.586919497178283,0.00105399211484326
"ENSG00000170584","NUDCD2",-0.249794930875001,0.0339184728842544,"NUDCD2",-0.319384543260691,0.00406313185824606
"ENSG00000170606","HSPA4",-0.16373430123244,0.00181711786715683,"HSPA4",-0.262028382705859,3.45355853632694e-07
"ENSG00000170779","CDCA4",-0.499942323213047,5.51321529648691e-07,"CDCA4",-0.44948935809405,5.79081085528535e-06
"ENSG00000170846","MRFAP1L2",-0.514936093995504,0.000225461387742736,"MRFAP1L2",-0.564792464187141,4.51518445772324e-05
"ENSG00000170852","KBTBD2",-0.455703732069329,9.71904413305196e-07,"KBTBD2",-0.211918321875776,0.0282498618576427
"ENSG00000171132","PRKCE",-0.615775730770278,5.20246213844429e-07,"PRKCE",-0.662355353073415,7.78085803994124e-08
"ENSG00000171208","NETO2",-1.03419151105928,1.97596825399521e-50,"NETO2",-0.649599993567658,9.29274004087038e-21
"ENSG00000171388","APLN",-1.09642532620469,1.65784794958602e-05,"APLN",-0.433998561804654,0.0454196892798261
"ENSG00000171408","PDE7B",-0.628912649762067,0.0163688043611788,"PDE7B",-1.54054015196321,1.07560831896299e-06
"ENSG00000171490","RSL1D1",-0.450559951240332,1.62213675995848e-14,"RSL1D1",-0.487491613189314,1.04001172742785e-16
"ENSG00000171566","PLRG1",-0.329429418957705,7.71150693679527e-06,"PLRG1",-0.324051190061509,1.2424682797394e-05
"ENSG00000171612","SLC25A33",-0.488373093042496,3.30060035201308e-05,"SLC25A33",-0.376624280028697,0.00162122457443231
"ENSG00000171865","RNASEH1",-0.243634129016526,0.00301568378427606,"RNASEH1",-0.316595562596582,7.93720689782212e-05
"ENSG00000171951","SCG2",-1.10077065289078,1.15938328516939e-05,"SCG2",-1.68373396481684,2.50858213795691e-10
"ENSG00000171960","PPIH",-0.427090779325737,0.0013385271577258,"PPIH",-0.412885861035577,0.00139558492093782
"ENSG00000172062","SMN1",-0.43996180773833,0.0117244024056353,"SMN1",-0.512137051841975,0.00200712577393976
"ENSG00000172115","CYCS",-0.322982213896869,2.32431534847251e-05,"CYCS",-0.467478321268447,5.03179801621609e-10
"ENSG00000172201","ID4",-0.617488183302416,0.0262105457041039,"ID4",-0.407860119590269,0.0399183308109023
"ENSG00000172260","NEGR1",-0.462234297490638,0.0327722798140515,"NEGR1",-0.971500923570205,4.23819470136159e-05
"ENSG00000172336","POP7",-0.267024586046448,0.00322142785550503,"POP7",-0.205535549012266,0.0283439832397836
"ENSG00000173085","COQ2",-0.683005542513175,8.99251888927369e-11,"COQ2",-0.239035200522379,0.0320808653291058
"ENSG00000173145","NOC3L",-0.258658063688672,0.00219698826787548,"NOC3L",-0.447032820326454,3.61942714112511e-08
"ENSG00000173473","SMARCC1",-0.415037397457219,4.56296035937391e-10,"SMARCC1",-0.352377400526814,1.68611967565004e-07
"ENSG00000173588","CEP83",-0.583270001189059,7.60524965807379e-06,"CEP83",-0.292167305702074,0.0218848015064125
"ENSG00000173638","SLC19A1",-0.858289788777466,4.11780375365766e-12,"SLC19A1",-0.31370397638476,0.0104624387983576
"ENSG00000173674","EIF1AX",-0.496075969309169,4.89511603418259e-12,"EIF1AX",-0.5030524144009,2.81015937906931e-12
"ENSG00000173705","SUSD5",-0.341092522603127,0.014487906234167,"SUSD5",-0.330902954638985,0.00811083478430549
"ENSG00000173852","DPY19L1",-0.271950075466872,0.0102089240142408,"DPY19L1",-0.329416776638872,0.00117312831536026
"ENSG00000173894","CBX2",-0.942091365054307,3.40636858815784e-07,"CBX2",-0.412220807341284,0.0100211908180467
"ENSG00000174013","FBXO45",-0.433274124316261,5.29075548272278e-09,"FBXO45",-0.207115596854459,0.00957855648365738
"ENSG00000174442","ZWILCH",-0.728103895718065,1.81779561769835e-16,"ZWILCH",-0.333021193577617,0.000197652455089492
"ENSG00000174579","MSL2",-0.685658849688922,2.35461919941161e-18,"MSL2",-0.256477262108937,0.00143053945390081
"ENSG00000174738","NR1D2",-0.484537971975742,6.52060555684094e-08,"NR1D2",-0.466147501997371,9.77306204800139e-08
"ENSG00000174799","CEP135",-0.89525669821781,8.75301303663642e-21,"CEP135",-0.249643950601803,0.00818343912592515
"ENSG00000175265","GOLGA8A",-0.653283604384606,0.00117659679615551,"GOLGA8A",-0.612542503488918,0.00143138407934773
"ENSG00000175279","CENPS",-0.408194923367914,0.000299164147061811,"CENPS",-0.307762353843927,0.00562454743960444
"ENSG00000175305","CCNE2",-1.2112079482336,3.28567981473814e-15,"CCNE2",-0.35950783920109,0.00946386328954758
"ENSG00000175334","BANF1",-0.210453302307818,0.015666898400954,"BANF1",-0.209175562668101,0.0167766382854902
"ENSG00000175354","PTPN2",-0.377194727778981,3.74803824206403e-06,"PTPN2",-0.439539812282162,3.01600306177621e-08
"ENSG00000175387","SMAD2",-0.263425083461735,0.000315351683270078,"SMAD2",-0.23877260773091,0.00159157300628066
"ENSG00000175611","ERCC6L2-AS1",-0.426626377397322,0.0178016611066299,"ERCC6L2-AS1",-0.402395674842059,0.0160314916891427
"ENSG00000175768","TOMM5",-0.831161774279084,0.000905554270358719,"TOMM5",-0.636829925689972,0.00585285397063683
"ENSG00000175792","RUVBL1",-0.236885601848472,0.000949941139496124,"RUVBL1",-0.424940857538903,7.77603530833457e-10
"ENSG00000175931","UBE2O",-0.452213297405986,8.73712259013049e-06,"UBE2O",-0.217700195628108,0.0418883783990681
"ENSG00000176102","CSTF3",-0.182019414630977,0.0367341655780867,"CSTF3",-0.266287387232625,0.00113856958976312
"ENSG00000176124","DLEU1",-0.443698753237056,0.0012612987523113,"DLEU1",-0.560386888050526,1.91912559970339e-05
"ENSG00000176619","LMNB2",-0.88164576829327,7.09974071960141e-21,"LMNB2",-0.285223762546383,0.00339925240328717
"ENSG00000176894","PXMP2",-0.589680913017122,2.29935840318101e-05,"PXMP2",-0.514271416281352,8.3559969495753e-05
"ENSG00000177150","FAM210A",-0.180005340907108,0.0321071468372495,"FAM210A",-0.181733802805001,0.0325714372825369
"ENSG00000177189","RPS6KA3",-0.472547446552871,8.65772877474482e-06,"RPS6KA3",-0.389685387115055,0.000363873717926214
"ENSG00000177192","PUS1",-0.3575322698876,0.0026884376909536,"PUS1",-0.55294878892369,5.17074384944289e-06
"ENSG00000177234","LINC01561",-0.779879479535748,0.00501190808239672,"LINC01561",-0.706154359847122,0.00690237575481666
"ENSG00000177425","PAWR",-0.629357390494214,5.25935825019652e-13,"PAWR",-0.470137723553032,7.3558767518508e-08
"ENSG00000177508","IRX3",-0.413208841697431,0.0114488009007475,"IRX3",-0.681505427244405,3.71707702116366e-05
"ENSG00000177565","TBL1XR1",-0.456371637976984,1.97924767990352e-15,"TBL1XR1",-0.181038919318827,0.00357409808206167
"ENSG00000177613","CSTF2T",-0.392006650526856,7.01924241916581e-05,"CSTF2T",-0.444974765167726,3.88499650178033e-06
"ENSG00000177733","HNRNPA0",-0.641984328965774,4.66272266018065e-19,"HNRNPA0",-0.450446014339814,4.48290234609956e-10
"ENSG00000177889","UBE2N",-0.202107337311902,0.0410656133393273,"UBE2N",-0.462866758291253,3.82714152760399e-07
"ENSG00000177917","ARL6IP6",-0.93299964053566,3.30857327486229e-11,"ARL6IP6",-0.382085720875586,0.00344637154870143
"ENSG00000178177","LCORL",-0.657279604722923,4.91094757401203e-09,"LCORL",-0.232924902995282,0.0416594997971882
"ENSG00000178409","BEND3",-0.9820201869631,3.32085621186691e-08,"BEND3",-0.502555194980412,0.00168290311682417
"ENSG00000178691","SUZ12",-0.663429766975136,3.27753746059638e-30,"SUZ12",-0.225325661305384,0.000179302827294237
"ENSG00000178695","KCTD12",-0.731344452404509,1.86188974137958e-06,"KCTD12",-0.882165477095214,2.74337834979046e-07
"ENSG00000178966","RMI1",-0.934331268614464,6.346611829382e-13,"RMI1",-0.334469697559721,0.00518369692503038
"ENSG00000178980","SELENOW",-0.342972118385015,0.0110368825757589,"SELENOW",-0.634478340950648,1.35937524085705e-06
"ENSG00000179241","LDLRAD3",-0.261581471798257,0.0178341539099644,"LDLRAD3",-0.315067133515504,0.004147502306072
"ENSG00000179242","CDH4",-1.44945265312545,6.48366779414131e-07,"CDH4",-1.70798533730316,1.23606077882503e-08
"ENSG00000179409","GEMIN4",-0.63745983977156,5.42275325784334e-09,"GEMIN4",-0.471852710022148,1.72851172670889e-05
"ENSG00000179431","FJX1",-0.406277597403948,0.000952051708702877,"FJX1",-0.453178155196275,0.000104810088772864
"ENSG00000179673","RPRML",-0.895576184840358,0.00451141920729595,"RPRML",-0.499079486983725,0.0355241864994809
"ENSG00000179743","SPEN-AS1",-0.854194510565014,3.23089247546093e-07,"SPEN-AS1",-0.838720620228252,1.30473691539966e-07
"ENSG00000179958","DCTPP1",-0.273905722110652,0.0217048282612802,"DCTPP1",-0.416409327914817,0.000207770585803789
"ENSG00000180044","C3orf80",-1.30103551055329,0.000178256374953253,"C3orf80",-1.31935612759612,0.000405240216026514
"ENSG00000180178",NA,-0.664398427494401,0.0149362537588076,NA,-0.537854158259833,0.0231104092305894
"ENSG00000180198","RCC1",-0.844131573120129,5.23802878602119e-17,"RCC1",-0.576006539418305,1.01369619274417e-08
"ENSG00000180346","TIGD2",-0.418473663122099,0.00165432609186904,"TIGD2",-0.320115296974705,0.0116191562996359
"ENSG00000180370","PAK2",-0.555156052306405,4.47897299090442e-15,"PAK2",-0.16306275593921,0.0389942847738011
"ENSG00000180596","H2BC4",-1.63892242010824,1.19542365995403e-11,"H2BC4",-0.401324788999048,0.0312257356079356
"ENSG00000180611","MB21D2",-0.665053151940232,1.47174230503162e-06,"MB21D2",-0.853769002782904,1.6044764518879e-08
"ENSG00000180957","PITPNB",-0.320467961640404,2.41083809842743e-08,"PITPNB",-0.275524944689452,2.55062185835433e-06
"ENSG00000181163","NPM1",-0.644325380840336,4.23654337773912e-17,"NPM1",-0.651550403808806,2.46106129572899e-17
"ENSG00000181218","H2AC25",-0.861201999979693,1.39496173994801e-05,"H2AC25",-1.63292791280642,4.19900408417708e-14
"ENSG00000181274","FRAT2",-0.413874736835511,0.0176987962496129,"FRAT2",-0.440921398632823,0.00652730775487265
"ENSG00000181744","DIPK2A",-0.310184655834964,0.00432291161816539,"DIPK2A",-0.264592847337398,0.017553862320087
"ENSG00000181788","SIAH2",-0.302994471051966,0.0140138499065907,"SIAH2",-0.31037627664649,0.0101807106221603
"ENSG00000181938","GINS3",-0.685348233551624,3.45472074391356e-07,"GINS3",-0.345968769662175,0.00782898971132938
"ENSG00000182150","ERCC6L2",-0.302447502787237,0.00324472936251714,"ERCC6L2",-0.230215124569401,0.0258798537402536
"ENSG00000182199","SHMT2",-0.242868661890021,0.00403789031808422,"SHMT2",-0.241420012015041,0.00421314681578485
"ENSG00000182307","C8orf33",-0.227627548599368,0.00604643251076036,"C8orf33",-0.315758245614131,9.28755543381532e-05
"ENSG00000182459","TEX19",-0.604652125293974,0.0298014579404578,"TEX19",-0.921263345340853,0.000888111951002009
"ENSG00000182481","KPNA2",-0.840301570132538,6.23937593828344e-17,"KPNA2",-0.451335227614965,6.77683502257762e-06
"ENSG00000182512","GLRX5",-0.440243149744771,2.87214201825756e-09,"GLRX5",-0.424214018983024,1.14095493031145e-08
"ENSG00000182810","DDX28",-0.36452375585558,0.0108342393903632,"DDX28",-0.426218218927804,0.00169545227289544
"ENSG00000182944","EWSR1",-0.641506425360008,2.73628942924591e-21,"EWSR1",-0.475364020626777,3.80518973401844e-12
"ENSG00000182957","SPATA13",-0.915504485186494,1.47013966019729e-05,"SPATA13",-0.616346617122494,0.00133715124562566
"ENSG00000183010","PYCR1",-0.366924599261993,0.00246192535768491,"PYCR1",-0.587134272420193,7.59765235301058e-07
"ENSG00000183186","C2CD4C",-0.796917359041649,0.00678046609443864,"C2CD4C",-0.907228682629959,0.00383524686472172
"ENSG00000183255","PTTG1IP",-0.406996796385937,0.000606647175614296,"PTTG1IP",-0.291228653353104,0.0155072910409862
"ENSG00000183337","BCOR",-1.03986524818191,7.31996111162423e-13,"BCOR",-0.678019800580671,1.18633907156796e-06
"ENSG00000183527","PSMG1",-0.494009049026082,5.9999968362571e-10,"PSMG1",-0.238610631254171,0.00408505768282102
"ENSG00000183605","SFXN4",-0.274212531376349,0.00191274896339869,"SFXN4",-0.293626941159212,0.00113642399142509
"ENSG00000183688","RFLNB",-0.447872120542049,1.16223386401395e-05,"RFLNB",-0.291063720711427,0.00673054157292788
"ENSG00000183779","ZNF703",-0.66274594651003,3.97642232257367e-05,"ZNF703",-0.463244889795888,0.00373892251094792
"ENSG00000184007","PTP4A2",-0.409887341223213,2.01682547711819e-13,"PTP4A2",-0.371826221241839,4.13778288290093e-11
"ENSG00000184220","CMSS1",-0.45197377707938,2.99771375170742e-10,"CMSS1",-0.293611502955886,5.72968927145072e-05
"ENSG00000184260","H2AC20",-2.0941299137214,6.09466782180825e-16,"H2AC20",-0.756391735940779,0.000519668697842864
"ENSG00000184270","H2AC21",-2.07217884837066,2.31230723617826e-08,"H2AC21",-1.18164388459887,6.27839561587894e-05
"ENSG00000184557","SOCS3",-0.660050581196603,0.000433684130709106,"SOCS3",-0.401974743900829,0.0231983212450005
"ENSG00000184575","XPOT",-0.717110011839858,6.86967025593699e-16,"XPOT",-0.716678987456653,1.14811221370297e-15
"ENSG00000184897","H1-10",-1.41921520791397,2.21651083632456e-27,"H1-10",-0.42299200956544,0.000934837998115583
"ENSG00000184990","SIVA1",-0.520125005743988,3.90128214069318e-05,"SIVA1",-0.260108443659129,0.0454103914089386
"ENSG00000184992","BRI3BP",-0.707053231093613,1.84839604413237e-15,"BRI3BP",-0.517472691332112,2.89638107322227e-09
"ENSG00000185022","MAFF",-0.426613437622453,0.000367969330662265,"MAFF",-0.678259224346795,1.29479045130902e-08
"ENSG00000185085","INTS5",-0.3106733995879,0.0154301056919318,"INTS5",-0.459481824559574,0.000229065837346145
"ENSG00000185163","DDX51",-0.893570978829281,3.01016527810741e-10,"DDX51",-0.44395233342762,0.00109203083745036
"ENSG00000185238","PRMT3",-0.378717506394091,0.00893608965218355,"PRMT3",-0.70717978364365,8.9355426126581e-07
"ENSG00000185246","PRPF39",-0.561499375554874,5.73332613577069e-05,"PRPF39",-0.569966455164658,2.74221130189775e-05
"ENSG00000185344","ATP6V0A2",-0.374700447730276,0.00340962747663437,"ATP6V0A2",-0.45023971879207,0.00016139441966542
"ENSG00000185515","BRCC3",-0.402502268435492,9.24552624894682e-08,"BRCC3",-0.341705780639139,1.06360974139046e-05
"ENSG00000185591","SP1",-0.551664671616086,1.84314145904847e-09,"SP1",-0.27153606090584,0.00371656551908316
"ENSG00000185651","UBE2L3",-0.166063053753662,0.0425252003462856,"UBE2L3",-0.166324301209009,0.0464825776280344
"ENSG00000185860","CCDC190",-1.27217949237723,1.18012616048447e-05,"CCDC190",-0.558155478574291,0.0253361790448485
"ENSG00000185904","LINC00839",-0.279609000616506,0.0328134921544293,"LINC00839",-1.1645047875149,1.89716645358214e-16
"ENSG00000186185","KIF18B",-1.15067060090692,1.06747067800206e-13,"KIF18B",-0.299604924449319,0.0381243347486325
"ENSG00000186193","SAPCD2",-1.8759008937863,9.1223594918472e-30,"SAPCD2",-0.794025464866038,3.42816209327636e-07
"ENSG00000186298","PPP1CC",-0.345492985315529,1.00705510566272e-07,"PPP1CC",-0.234799699306958,0.000547912993199243
"ENSG00000186687","LYRM7",-0.228978764644524,0.00416688258054258,"LYRM7",-0.502502123001196,3.28446632545947e-11
"ENSG00000186767","SPIN4",-0.751102808553334,7.55316142218343e-13,"SPIN4",-0.549492077379628,1.33424068904536e-07
"ENSG00000187109","NAP1L1",-0.118423068251606,0.0266544750262904,"NAP1L1",-0.344270096833552,1.34267788511828e-12
"ENSG00000187147","RNF220",-0.326010849144701,1.13027420567515e-07,"RNF220",-0.178370290800956,0.00679253575488362
"ENSG00000187498","COL4A1",-0.618215513148928,0.000176010782678755,"COL4A1",-0.922287467687898,5.96907886591299e-08
"ENSG00000187514","PTMA",-0.786198931183581,2.55286838649193e-22,"PTMA",-0.342771249509649,3.89021683455498e-05
"ENSG00000187522","HSPA14",-0.367374241400016,0.00674802177086184,"HSPA14",-0.305833390165498,0.0230209067754977
"ENSG00000187555","USP7",-0.58275276674926,4.76318538765209e-15,"USP7",-0.179579038260095,0.0296872412225388
"ENSG00000187676","B3GLCT",-0.322736047956032,0.00672172938572913,"B3GLCT",-0.393597135202423,0.000661032250623146
"ENSG00000187735","TCEA1",-0.404121992999655,0.000904349981938263,"TCEA1",-0.256946101978676,0.0379640302820658
"ENSG00000187736","NHEJ1",-0.439033709234189,0.00643895159143006,"NHEJ1",-0.404556283024074,0.00852012654456725
"ENSG00000187837","H1-2",-1.46434592283893,3.49727385054271e-21,"H1-2",-1.00334370971483,1.6260690912575e-10
"ENSG00000187840","EIF4EBP1",-0.408853900158392,0.000100846772972507,"EIF4EBP1",-0.356641639847015,0.000664511315692746
"ENSG00000187908","DMBT1",-0.808849336456398,0.00324780457969872,"DMBT1",-1.38469567568319,0.000846962828146532
"ENSG00000188290","HES4",-1.16881067176295,1.08285101040186e-06,"HES4",-0.46213327032894,0.0231734660702345
"ENSG00000188313","PLSCR1",-0.612262091580881,1.94496037794069e-08,"PLSCR1",-0.324921230385248,0.00209606525201665
"ENSG00000188486","H2AX",-1.50544196305093,1.57475586679358e-35,"H2AX",-0.375864303306826,0.00141693745857509
"ENSG00000188529","SRSF10",-0.646569054710645,2.81788897399093e-29,"SRSF10",-0.581896503024683,6.97636846499573e-25
"ENSG00000188818","ZDHHC11",-0.973758302730534,0.00267710131079108,"ZDHHC11",-0.721721118134415,0.0121946353897018
"ENSG00000188976","NOC2L",-0.268023052726703,0.000320154786695771,"NOC2L",-0.394775444841699,1.14400338837415e-07
"ENSG00000188994","ZNF292",-0.421321946035694,1.98968711252094e-06,"ZNF292",-0.240902107324668,0.00868333619068191
"ENSG00000189057","FAM111B",-1.8778049217009,1.96827266711091e-38,"FAM111B",-1.06881306996053,8.3979148790183e-14
"ENSG00000189060","H1-0",-1.65371631295484,2.06826243675389e-28,"H1-0",-1.37562389045913,1.03853550907814e-19
"ENSG00000189212",NA,-0.788970249516475,0.00330426272887654,NA,-0.444559455646404,0.0346511892848966
"ENSG00000189229","LOC105376944",-0.885292879833328,0.000145587437617214,"LOC105376944",-0.433030535212203,0.0241410957587466
"ENSG00000189266","PNRC2",-0.381971490163593,0.000236342358426348,"PNRC2",-0.350393699813538,0.000730095116145933
"ENSG00000189299","FOXR2",-0.495891534680018,0.000236086095674937,"FOXR2",-0.417885356435069,0.00161669752065308
"ENSG00000189403","HMGB1",-0.873966856497368,1.30878083436543e-14,"HMGB1",-0.32098559270496,0.00532895127894069
"ENSG00000196290","NIF3L1",-0.335712491978433,0.0194598785303496,"NIF3L1",-0.29146576647105,0.0330459727658003
"ENSG00000196363","WDR5",-0.58536638125696,5.48719120511557e-14,"WDR5",-0.185351563374447,0.0294760680760674
"ENSG00000196418","ZNF124",-0.559055316404113,0.000810823929347564,"ZNF124",-0.575113758915794,0.000429910505140288
"ENSG00000196584","XRCC2",-1.25353231037413,3.06509480614016e-21,"XRCC2",-0.411140358101723,0.000754326936416403
"ENSG00000196591","HDAC2",-0.514735260219994,2.43157864018856e-20,"HDAC2",-0.147935248107178,0.0173842094081257
"ENSG00000196593",NA,-0.858852085152491,2.16919918402354e-05,NA,-0.981330336686175,2.57734446759929e-07
"ENSG00000196604","POTEF",-0.560526334259145,0.0398031107435467,"POTEF",-0.799280636528103,0.00347984849954955
"ENSG00000196715","VKORC1L1",-0.495705404473711,1.59516046408172e-10,"VKORC1L1",-0.304237409729505,0.000113307648477172
"ENSG00000196756","SNHG17",-0.447499782211619,4.3003564752576e-05,"SNHG17",-0.672721329234047,7.60435158163758e-10
"ENSG00000197061","H4C3",-1.44283472524531,1.55826607518155e-15,"H4C3",-0.699963617003996,6.00918666259223e-05
"ENSG00000197381","ADARB1",-0.282508872860077,0.0255479063449311,"ADARB1",-0.326219591121851,0.00854995050488098
"ENSG00000197451","HNRNPAB",-0.720728955832929,2.2288262661118e-27,"HNRNPAB",-0.228453603519686,0.0013225273323897
"ENSG00000197498","RPF2",-0.355814301829679,2.51241906240001e-08,"RPF2",-0.441086734391497,3.06558526524105e-12
"ENSG00000197594","ENPP1",-0.426944677481707,0.0496707861141934,"ENPP1",-0.939317587168516,4.53799292635161e-05
"ENSG00000197601","FAR1",-0.542344080960121,3.33317469254159e-11,"FAR1",-0.350799707048212,3.0129470462314e-05
"ENSG00000197771","MCMBP",-1.03253860674806,2.28519673481126e-26,"MCMBP",-0.578036369432122,4.31022755443514e-10
"ENSG00000197930","ERO1A",-0.509400662099298,5.67792444476071e-13,"ERO1A",-0.284346768575739,0.000102284938507003
"ENSG00000197978","GOLGA6L9",-0.836942569147052,0.00447200540202602,"GOLGA6L9",-0.602880778079919,0.0197860886999203
"ENSG00000197989","SNHG12",-0.678441128559458,3.23819324538158e-06,"SNHG12",-0.870668357188282,5.64952037425449e-09
"ENSG00000198015","MRPL42",-0.166536816718498,0.0153981229550072,"MRPL42",-0.329728890492529,5.48071975422494e-07
"ENSG00000198042","MAK16",-0.453315793225705,1.91978647357923e-07,"MAK16",-0.52836106561665,8.80905273504587e-10
"ENSG00000198053","SIRPA",-1.05623105207353,1.78112492300418e-13,"SIRPA",-0.413985511431987,0.00310391842264705
"ENSG00000198056","PRIM1",-1.47037898641208,1.1034774458543e-17,"PRIM1",-0.689439830669674,2.03510011801077e-05
"ENSG00000198146","ZNF770",-0.351490362476362,4.91941332067548e-08,"ZNF770",-0.313907999590998,2.92323953140685e-06
"ENSG00000198176","TFDP1",-0.746873824254684,5.31323959729759e-15,"TFDP1",-0.230169340893929,0.0239063962271088
"ENSG00000198301","SDAD1",-0.194285396895194,0.000294677309218525,"SDAD1",-0.25421592013453,2.04502930502431e-06
"ENSG00000198393","ZNF26",-0.536551491796951,0.000273859604080063,"ZNF26",-0.442956410884399,0.00159492959360852
"ENSG00000198498","TMA16",-0.30598192763723,4.50481772597821e-05,"TMA16",-0.33866583808066,5.69754443703227e-06
"ENSG00000198546","ZNF511",-0.240860797341642,0.00669266289834128,"ZNF511",-0.314533247138664,0.000242206005978619
"ENSG00000198625","MDM4",-0.372269132542888,0.00127943594176549,"MDM4",-0.382213480071671,0.000592329460804717
"ENSG00000198695","MT-ND6",-0.862867381342112,5.17879544056491e-06,"MT-ND6",-1.37346232367439,5.02565218527878e-12
"ENSG00000198890","PRMT6",-0.537715044783098,7.74830239654861e-05,"PRMT6",-0.337094517216353,0.0121631573409008
"ENSG00000198901","PRC1",-1.27576066486906,5.23585048523777e-18,"PRC1",-0.290789503207757,0.039717613583677
"ENSG00000198912","C1orf174",-0.44570695146623,4.90810855802306e-05,"C1orf174",-0.394476960915049,0.000329151701935216
"ENSG00000198959","TGM2",-0.46505781281339,0.0199919650264398,"TGM2",-1.56080766870579,3.97976500652688e-12
"ENSG00000200534","SNORA33",-0.923090170647858,0.00260807207686023,"SNORA33",-0.481544543481803,0.0451230754089048
"ENSG00000202515","VTRNA1-3",-1.11681344856414,4.72618350786067e-06,"VTRNA1-3",-0.892501863256132,0.00022875584230416
"ENSG00000203668","CHML",-0.692434121021234,7.0654648299885e-11,"CHML",-0.291516419057425,0.0068874005925406
"ENSG00000203706",NA,-0.546847357254396,0.00452412422812375,NA,-0.71343949397302,0.000155654912703831
"ENSG00000204209","DAXX",-0.169387116335666,0.019589734707676,"DAXX",-0.281136994208671,4.05771504035294e-05
"ENSG00000204519","ZNF551",-0.524142264613798,4.68552973854579e-06,"ZNF551",-0.659171944517298,9.8470989830019e-09
"ENSG00000204899","MZT1",-0.342371100939166,0.00221243347770798,"MZT1",-0.241690509779356,0.0334858331999464
"ENSG00000204922","UQCC3",-0.450624971893527,0.000263817210375518,"UQCC3",-0.376968964380298,0.00198919863299917
"ENSG00000205208","C4orf46",-0.795557707507485,2.35539120185466e-11,"C4orf46",-0.382377971569447,0.000584422602093674
"ENSG00000205212",NA,-1.73621774296508,5.88803255749869e-11,NA,-1.41706025266102,1.74624761584516e-08
"ENSG00000205339","IPO7",-0.412978745252374,4.04462772081594e-14,"IPO7",-0.324045191642053,5.14450862383166e-09
"ENSG00000205426","KRT81",-0.384608276800897,0.0129955556465632,"KRT81",-1.49615457708197,3.82851172844278e-21
"ENSG00000205581","HMGN1",-0.22538593448873,0.0065633198962527,"HMGN1",-0.17280669772055,0.0450789953877274
"ENSG00000205937","RNPS1",-0.667133568820623,2.05441911723052e-12,"RNPS1",-0.456160197774796,1.47238122200554e-06
"ENSG00000206192",NA,-1.15768609810882,3.94522999645763e-12,NA,-0.670715143323374,1.9130790678193e-05
"ENSG00000206573","THUMPD3-AS1",-0.532874433816678,0.00110021098106655,"THUMPD3-AS1",-0.967381555469692,1.36506216320202e-08
"ENSG00000210194",NA,-0.867091643209526,0.00492252111004745,NA,-0.612930185928526,0.0152539591023239
"ENSG00000211460","TSN",-0.139317693096336,0.0481283885048391,"TSN",-0.146277151543688,0.0434132359835293
"ENSG00000213079","SCAF8",-0.466639896707531,1.41352177819219e-05,"SCAF8",-0.345939435105546,0.00124622623701443
"ENSG00000213160","KLHL23",-0.653562682727671,3.51360801039822e-15,"KLHL23",-0.706673454637365,4.94875150239904e-18
"ENSG00000213186","TRIM59",-0.790904213243449,1.06963955429106e-05,"TRIM59",-0.528762396943849,0.0015609060540353
"ENSG00000213551","DNAJC9",-0.590622169775088,6.00571061110743e-11,"DNAJC9",-0.236387293510578,0.0121983815866676
"ENSG00000213585","VDAC1",-0.27789028741558,7.83281150840561e-12,"VDAC1",-0.270605044401697,7.70867518475534e-11
"ENSG00000213853","EMP2",-0.958953775532996,1.95129784156598e-17,"EMP2",-0.295928719432158,0.00979636365781924
"ENSG00000213917","RPL5P8",-0.413956685773493,0.0159111791199575,"RPL5P8",-0.393757110994989,0.0195006343675378
"ENSG00000214401","KANSL1-AS1",-0.440397922947525,0.045053635537486,"KANSL1-AS1",-0.49365626498089,0.0167172953977049
"ENSG00000214888",NA,-0.572137116974723,0.00599839720422346,NA,-0.776197750034822,0.000167058365451571
"ENSG00000215012","RTL10",-0.30057421802437,0.0179769841947329,"RTL10",-0.311517449378441,0.0109717131283655
"ENSG00000215301","DDX3X",-0.315551325969336,1.70179513922003e-06,"DDX3X",-0.195528033562356,0.00572678287183436
"ENSG00000220323","H2BC19P",-1.30274637985439,2.12171926560314e-08,"H2BC19P",-0.98581303242561,1.5152066913981e-05
"ENSG00000221823","PPP3R1",-0.243039037334558,0.000772342331317219,"PPP3R1",-0.210439006186833,0.00446138185226402
"ENSG00000221883",NA,-0.58476916680005,0.0399303456627575,NA,-0.54138778763251,0.0334203418205473
"ENSG00000221944","TIGD1",-0.409433465712245,0.00649870723977461,"TIGD1",-0.603037559791378,7.43438557010966e-05
"ENSG00000222022",NA,-0.703625275535105,0.0123393619247147,NA,-1.55314898707949,1.82403199058103e-05
"ENSG00000222032",NA,-0.967418361631653,0.00198037440343018,NA,-1.19258686334574,0.000323592606991068
"ENSG00000223496","EXOSC6",-0.293816669505666,0.00068012439609972,"EXOSC6",-0.189922921940094,0.0377245180035093
"ENSG00000224531","SMIM13",-0.218273022175858,0.0269942428077191,"SMIM13",-0.419429704615919,1.31870985190298e-05
"ENSG00000225224","RPS27AP12",-0.525891643216724,0.0225983768461202,"RPS27AP12",-0.667838396914795,0.00363613519245757
"ENSG00000225470","JPX",-0.20889507445399,0.00985726214616465,"JPX",-0.242617999305827,0.00197044348107387
"ENSG00000225648",NA,-0.411754982963743,0.000512972025996222,NA,-0.321239619201875,0.00606973687795259
"ENSG00000225921","NOL7",-0.268419202724456,2.26180625862401e-05,"NOL7",-0.208738178926854,0.00159226184989928
"ENSG00000226887","ERVMER34-1",-1.27008764279887,0.000395058888308038,"ERVMER34-1",-1.20439543176518,0.00142406024399314
"ENSG00000226950","DANCR",-0.270595230106633,0.00430598406751529,"DANCR",-0.559519485178229,1.96674977737951e-09
"ENSG00000227039","ITGB2-AS1",-0.946150244836134,0.0023773736373358,"ITGB2-AS1",-0.714052160606492,0.0124372420463711
"ENSG00000227591","HSD11B1-AS1",-0.551783142051252,0.0423276207749392,"HSD11B1-AS1",-0.834803849754817,0.00412673382254972
"ENSG00000227704",NA,-0.99500031767146,0.00200322418805556,NA,-0.597904505904624,0.0240710114553051
"ENSG00000228649","SNHG26",-0.377638790576406,0.0395277728613407,"SNHG26",-0.634259361513705,0.00119049893070572
"ENSG00000228716","DHFR",-1.22106338472397,7.2552828317337e-30,"DHFR",-0.486653337561316,1.75293222038322e-06
"ENSG00000229124","VIM-AS1",-1.23434663250285,1.16076000778524e-05,"VIM-AS1",-1.38268885267492,3.34372464936881e-06
"ENSG00000229539",NA,-0.450489367218627,0.0134004613904787,NA,-0.323965954079971,0.0461889687831762
"ENSG00000230551",NA,-0.36683403908073,0.0328506151960019,NA,-0.422419112796627,0.0112449555623302
"ENSG00000232445",NA,-1.34331850416144,2.04921965215505e-06,NA,-0.695633065119931,0.0087610286498277
"ENSG00000233016","SNHG7",-0.373390316418776,0.000141238001615886,"SNHG7",-0.686280864271063,1.93919668191995e-12
"ENSG00000233098","LOC339260",-1.30720027321075,1.22739902150138e-46,"LOC339260",-1.02806642973098,3.84994333887668e-31
"ENSG00000233611","GBX2-AS1",-0.671429628560649,1.28133792565038e-05,"GBX2-AS1",-0.309414351975216,0.0398163344447781
"ENSG00000233654","NEMP2-DT",-0.668031186851114,0.00972674364296002,"NEMP2-DT",-0.449316320069883,0.036618505379779
"ENSG00000233828","MIR4280HG",-0.765233839186686,0.00379946520217245,"MIR4280HG",-1.16408003058941,4.30599459991367e-05
"ENSG00000234155","LINC02535",-0.602184873611149,0.00348831449425396,"LINC02535",-0.795760288014082,0.000244301031053194
"ENSG00000234171","RNASEH1-DT",-0.649840541011762,2.11076035402938e-10,"RNASEH1-DT",-0.498566868562713,3.40295160430721e-07
"ENSG00000234545","FAM133B",-0.71805435991922,3.56969226445471e-17,"FAM133B",-0.679881905587024,1.36052130649447e-15
"ENSG00000234616","JRK",-0.715524741818574,5.5478697284562e-08,"JRK",-0.41665100149883,0.00145949630209972
"ENSG00000234771",NA,-0.74120729865973,0.0132904200397642,NA,-0.625655721870084,0.0204082921683811
"ENSG00000235448","LURAP1L-AS1",-1.48420423594422,1.42163599627591e-12,"LURAP1L-AS1",-2.02592411887119,6.38651542139871e-20
"ENSG00000235919","ASH1L-AS1",-0.619266262138998,0.0138004900765231,"ASH1L-AS1",-0.500333051911641,0.0248296247769748
"ENSG00000237057",NA,-0.275153163564505,0.0398031107435467,NA,-0.380960507575811,0.00219245477616332
"ENSG00000237943","PRKCQ-AS1",-0.330272897545029,0.0447160889026675,"PRKCQ-AS1",-0.552176980658063,0.000195766265029701
"ENSG00000239569","LHFPL3-AS2",-0.613315146509473,0.00946052045862288,"LHFPL3-AS2",-0.731433036885355,0.00104732047246928
"ENSG00000240230","COX19",-0.36327884887698,0.000320512938019995,"COX19",-0.31671871055691,0.00227382355713226
"ENSG00000240695",NA,-1.15976338731126,4.4741663749637e-05,NA,-0.464118082787423,0.0358681270528315
"ENSG00000241058","NSUN6",-0.474915104987597,0.000971402563490262,"NSUN6",-0.279295724029962,0.0355217610603023
"ENSG00000242125","SNHG3",-0.653450002874927,3.22140765889196e-07,"SNHG3",-0.896192572385504,6.23330175290352e-12
"ENSG00000242265","PEG10",-0.749579002593101,3.25546765488787e-10,"PEG10",-0.369418027251581,0.00206137713456442
"ENSG00000242474","LINC03015",-0.875272713300797,0.000637227294696028,"LINC03015",-1.03459871772092,0.000179302827294237
"ENSG00000242622","GSK3B-DT",-0.527856750833829,0.0400836123367145,"GSK3B-DT",-0.501849398251316,0.028294359146815
"ENSG00000244405","ETV5",-0.278068440045888,0.0277713747388965,"ETV5",-0.342226922547912,0.00433510341763169
"ENSG00000244462","RBM12",-0.517309745731628,9.96359826560464e-10,"RBM12",-0.283530133072142,0.00138795671655856
"ENSG00000244879",NA,-0.374520429924305,0.0269935418482421,NA,-0.429173449245729,0.00738640077288778
"ENSG00000245248","USP2-AS1",-0.549652110401535,0.023834607627093,"USP2-AS1",-1.8828075271395,2.1848099979317e-05
"ENSG00000245694","CRNDE",-0.540535371844,0.000132319672784598,"CRNDE",-0.848226949002018,2.58450306569904e-09
"ENSG00000245848","CEBPA",-1.18748079771191,0.000230385643174098,"CEBPA",-1.27420096345986,0.000111549417254498
"ENSG00000246334",NA,-0.77343700170777,8.48412230403125e-06,NA,-0.794992064653768,2.78151773044414e-06
"ENSG00000247077","PGAM5",-0.413474157582623,1.65342940818457e-05,"PGAM5",-0.370506749116224,0.000144701609059895
"ENSG00000247092","SNHG10",-0.917164542916631,2.37410716289564e-06,"SNHG10",-0.970662455973513,7.22592001561133e-07
"ENSG00000249637","ANKHD1-DT",-0.72412608170952,0.00871758272170956,"ANKHD1-DT",-0.676579569256891,0.00780936815344175
"ENSG00000249915","PDCD6",-0.413543990502096,0.0413209222012184,"PDCD6",-0.705941775081673,0.000545650823821166
"ENSG00000250565","ATP6V1E2",-0.981411635985597,2.97098270841845e-09,"ATP6V1E2",-0.712325132576112,1.24982605993817e-05
"ENSG00000250899",NA,-0.773299871186503,1.75846930845831e-08,NA,-0.49912153817937,0.00013911502129734
"ENSG00000251022","THAP9-AS1",-0.524912403354441,9.13325010325412e-06,"THAP9-AS1",-0.38390723252365,0.000916706878720862
"ENSG00000251136","PARAIL",-0.437807131106953,0.0129358269014995,"PARAIL",-0.615561522943287,0.000210780401548361
"ENSG00000252759",NA,-0.874992892348784,0.00175185772147351,NA,-0.493771439906435,0.0332680401886393
"ENSG00000253352","TUG1",-0.303969976606123,0.00134899529964492,"TUG1",-0.330515691697847,0.000419888101389529
"ENSG00000254087","LYN",-0.295404104316478,0.00566687523464619,"LYN",-0.232274801140421,0.0374559634069467
"ENSG00000254093","PINX1",-0.422954640916396,0.000864877686708466,"PINX1",-0.360672656923049,0.00412673382254972
"ENSG00000255135","EMSY-DT",-0.60337324507976,0.00187975757725904,"EMSY-DT",-0.62371362794539,0.000729441291213833
"ENSG00000255198",NA,-0.346146163553951,0.00793949521513901,NA,-0.916130717168601,2.92387327419906e-12
"ENSG00000255717","SNHG1",-0.833572989172144,5.04773466450997e-11,"SNHG1",-0.712766239013737,1.77483649795196e-08
"ENSG00000255857","PXN-AS1",-0.437363921703775,0.0408594671754565,"PXN-AS1",-0.436653779473628,0.0251079957726531
"ENSG00000257103","LSM14A",-0.396894895699814,4.97156276270481e-06,"LSM14A",-0.360552873503303,3.01125489033922e-05
"ENSG00000257621","PSMA3-AS1",-0.439939041643867,3.44704916098244e-05,"PSMA3-AS1",-0.421169477662244,4.55042922044644e-05
"ENSG00000257894",NA,-0.637614575317696,0.0227423934510002,NA,-1.27235975671137,0.000306420547921306
"ENSG00000258890","CEP95",-0.558474942586276,1.56273980467035e-06,"CEP95",-0.352103792037275,0.00162984343431095
"ENSG00000259659",NA,-0.568021897007457,0.037647850578786,NA,-0.521306358292867,0.0354925104165732
"ENSG00000259877","ZNF778-DT",-1.26338470717532,1.61109177695661e-06,"ZNF778-DT",-0.774525396710186,0.000811581138972081
"ENSG00000259891",NA,-0.891716965784335,0.000129270798304526,NA,-0.685793423477241,0.000925622533356087
"ENSG00000260260","SNHG19",-0.34340026931016,0.0116599692173945,"SNHG19",-1.03620488533377,2.39779347727184e-14
"ENSG00000260708","TBC1D22A-DT",-0.42739133222956,0.0139776778630534,"TBC1D22A-DT",-1.34695703362694,4.49796199960635e-12
"ENSG00000260924",NA,-0.923069569178512,0.00346385227811086,NA,-0.496191075416577,0.0416890035265841
"ENSG00000261008","LINC01572",-0.608732327717774,0.0232982013595963,"LINC01572",-0.748284997928342,0.00320472610077956
"ENSG00000261094",NA,-0.495887298268967,0.0485050187823501,NA,-1.05386062496271,0.000386720630868903
"ENSG00000261167",NA,-1.01039184625866,6.75699070369558e-05,NA,-0.716341326405875,0.00157936197174552
"ENSG00000261526",NA,-0.611691513935064,0.0167999720435973,NA,-1.24228031471588,3.03818587267656e-05
"ENSG00000261716","H2BC20P",-0.771807546384378,0.00113163179019681,"H2BC20P",-0.830642957836484,0.000353158576443217
"ENSG00000261889",NA,-0.854064921827159,0.00110861037209679,NA,-0.464512224226587,0.0306972088675228
"ENSG00000262050",NA,-0.590114375361857,0.0323835522164049,NA,-0.529981379821964,0.0313922444141143
"ENSG00000263272",NA,-0.680814407765047,0.000173114575637628,NA,-0.413531526034143,0.0165260713790714
"ENSG00000263513","FAM72C",-0.536006737724988,0.0320605960884903,"FAM72C",-0.742818594265605,0.00436333619941588
"ENSG00000263563",NA,-0.815761755613905,1.27432103273192e-11,NA,-1.12648897168575,9.93895795124976e-21
"ENSG00000264538",NA,-0.720853899974303,8.30305418804375e-06,NA,-0.44833895802512,0.002515943818778
"ENSG00000265354","TIMM23",-0.228842387451155,0.0017495793549263,"TIMM23",-0.230898042931186,0.0018189738820904
"ENSG00000265843","LINC01029",-0.161629647563616,0.00482002173484896,"LINC01029",-0.758856876785664,3.08145459602673e-45
"ENSG00000266278","LINC01910",-0.716226946158094,0.00365717668235576,"LINC01910",-1.35695973913698,4.51454131209664e-07
"ENSG00000266402","SNHG25",-0.401732972322737,0.00290580858925848,"SNHG25",-0.745384072738229,2.48616527961361e-08
"ENSG00000267100","ILF3-DT",-0.567450597588237,4.82101063551564e-10,"ILF3-DT",-0.669265093514147,1.43480528303107e-13
"ENSG00000267226","MALT1-AS1",-0.732084722049045,0.0125872823279474,"MALT1-AS1",-0.511673964956677,0.0340123937292615
"ENSG00000267374","MIR924HG",-0.580562974561133,0.00259015075296297,"MIR924HG",-0.542730677112987,0.00163988663636792
"ENSG00000267655",NA,-1.0749756854504,0.00105827802800808,NA,-0.829589489635601,0.00556940466524674
"ENSG00000267858","CENPBD2P",-0.586787169776216,0.00709962911333706,"CENPBD2P",-0.571958396229318,0.00419220350068116
"ENSG00000269343","ZNF587B",-0.675831186211223,2.17243107611405e-05,"ZNF587B",-0.395053822710281,0.011008464303694
"ENSG00000269688",NA,-0.894063727615082,0.000581179002361213,NA,-0.757583641707914,0.00174874955521242
"ENSG00000269929","MIRLET7A1HG",-0.81370678401594,0.000155472022392351,"MIRLET7A1HG",-1.19460105162184,1.50652180660595e-07
"ENSG00000270647","TAF15",-0.654123615966776,9.06196422352538e-11,"TAF15",-0.215351216616904,0.0470005096793845
"ENSG00000272468",NA,-0.888596018017569,0.00403738420989911,NA,-1.18671971242914,0.000480373216119781
"ENSG00000272525",NA,-0.627523813104777,0.0245328169757552,NA,-0.65510734121749,0.0116709388861614
"ENSG00000272606","PPP4R3B-DT",-0.755730079719108,0.00801969527751348,"PPP4R3B-DT",-1.24926866170738,0.000284171620018261
"ENSG00000272677",NA,-0.698109683210741,0.0131622563685189,NA,-0.55456525393714,0.0259065403341309
"ENSG00000272716","SLC30A6-DT",-0.564504750680911,0.0359218324318915,"SLC30A6-DT",-1.4293299697956,5.8178127166667e-05
"ENSG00000272888",NA,-0.339382844674182,4.80282763319744e-05,NA,-0.23536896312377,0.00604113081650201
"ENSG00000272994",NA,-0.792686090822838,0.000446914052946438,NA,-0.56785572628584,0.00549609695965411
"ENSG00000273064",NA,-0.887784542807405,0.00483009252220502,NA,-0.545451408434613,0.0301368406679944
"ENSG00000273338",NA,-0.623758094041179,0.025184532989649,NA,-0.524542775381719,0.0196060073205413
"ENSG00000273344","PAXIP1-DT",-0.932587351037413,1.47102930717576e-05,"PAXIP1-DT",-0.429520356491878,0.0176414194637304
"ENSG00000273604","EPOP",-0.962103482779108,2.91336585590558e-07,"EPOP",-0.818391075368166,3.20803844996647e-05
"ENSG00000273812",NA,-0.71730031485539,0.000373909723093009,NA,-0.831157481167194,9.70637321490047e-06
"ENSG00000274213",NA,-0.63907478067296,0.0123393619247147,NA,-1.07978411771206,0.000179928121060062
"ENSG00000274997","H2AC12",-1.2792390999629,0.000318055444705831,"H2AC12",-1.22011515312017,0.000754326936416403
"ENSG00000275180",NA,-0.564744677592214,0.0399303456627575,NA,-0.680018750593778,0.0104023707645427
"ENSG00000275457",NA,-0.694261560147389,0.00754702867142823,NA,-0.489368778571477,0.0257094765982043
"ENSG00000275464","LOC102724159",-0.598525518477788,2.26718057517016e-06,"LOC102724159",-0.363699868762355,0.00446210281026726
"ENSG00000276043","UHRF1",-1.02762896065224,4.71904804733703e-11,"UHRF1",-0.557502854969921,0.000365466257517772
"ENSG00000276131",NA,-0.875805403481275,0.000197274827244096,NA,-0.57494098711374,0.00608597425463438
"ENSG00000276368","H2AC14",-2.82471046752557,3.76714330348933e-20,"H2AC14",-1.1496240472964,1.89667085430274e-05
"ENSG00000276529",NA,-0.499423289212091,0.000189420172737458,NA,-0.405447748550582,0.00230063523745379
"ENSG00000277075","H2AC8",-1.04817999499753,0.000217632049027029,"H2AC8",-1.10271401527405,0.000158864027021568
"ENSG00000277161","PIGW",-0.372219616758269,0.00463128136028873,"PIGW",-0.659824431604785,2.78612439609038e-07
"ENSG00000277268","LHX1-DT",-0.46642164860478,0.00525252291438577,"LHX1-DT",-0.375460454295526,0.0203123868034991
"ENSG00000277938",NA,-1.17392660944014,0.000269984761670994,NA,-0.461198764826346,0.0419865795713759
"ENSG00000278022",NA,-0.479045290635942,0.0398913364012229,NA,-0.427816419673124,0.0425354716207257
"ENSG00000278041",NA,-0.55289977656329,0.0492223332727176,NA,-0.698441185091733,0.0128832067170413
"ENSG00000278133",NA,-0.430774188679554,0.017325311566952,NA,-0.631673846183522,0.000278803971631075
"ENSG00000278540","ACACA",-0.377024739077295,0.000225074806779091,"ACACA",-0.374787286495445,0.000229483479379802
"ENSG00000278932","LOC101930100",-0.406786946757109,0.0472255956641591,"LOC101930100",-0.432509206200364,0.0215764071997481
"ENSG00000279092",NA,-1.19741162000795,5.70012258768804e-05,NA,-1.02349507110905,0.000709521046075732
"ENSG00000279347",NA,-0.755445519764045,0.011656529602565,NA,-0.624332754303869,0.0203036362955274
"ENSG00000279691",NA,-0.818705872658881,0.00554397189463105,NA,-1.2252919332719,0.000584667825525139
"ENSG00000279799",NA,-0.668155892077301,0.0211213092931273,NA,-0.84122536319996,0.00430834398052562
"ENSG00000279864",NA,-0.846539379712607,1.79158024924876e-08,NA,-1.2557409002887,3.76674086848327e-17
"ENSG00000280239",NA,-1.46096177481297,1.71323652963693e-07,NA,-1.04365316185824,0.00035011501099758
"ENSG00000280620","SCAANT1",-0.675554064840706,0.0168956146784645,"SCAANT1",-0.54142238054844,0.0249684468412826
"ENSG00000281398","SNHG4",-0.683497239711097,5.2879428768641e-07,"SNHG4",-1.11535286636985,6.52447416371187e-14
"ENSG00000283205","LOC122394732",-1.53673484897952,9.6244973014598e-06,"LOC122394732",-0.668983315873296,0.0110231115074503
"ENSG00000283498","MIR1244-2",-0.831079357418165,8.59081553660753e-08,"MIR1244-2",-0.371530708614927,0.0113906250205239
"ENSG00000285531",NA,-0.609400351542527,0.0151947687093305,NA,-0.834389256756184,0.00149077701717941
"ENSG00000285822",NA,-1.02706273353824,2.3888969509184e-08,NA,-1.34546575831757,3.3226753809783e-13
"ENSG00000285967","NIPBL-DT",-0.835299728266541,2.60062356915309e-09,"NIPBL-DT",-1.03717897692456,4.31873289140226e-13
"ENSG00000286058","FAR2P1",-1.10040314405386,0.000899223310234187,"FAR2P1",-0.530481489997993,0.0349009712697453
"ENSG00000286835",NA,-1.67934360833875,2.44320881197212e-06,NA,-1.37990461953676,0.000172629707641
"ENSG00000287064",NA,-1.16946747461033,0.00061395974268041,NA,-1.48076211983473,2.21274210636238e-05
"ENSG00000287530","LOC105370115",-0.690110959295359,1.70528488947824e-07,"LOC105370115",-0.598351533046407,3.37239506219454e-06
"ENSG00000287861","LOC107984132",-1.48822832167459,3.13617859725941e-16,"LOC107984132",-0.745504081144358,6.72204145618015e-06
"ENSG00000287966",NA,-0.481591045523999,0.0404225214914587,NA,-0.77644942485044,0.00190704437670276
"ENSG00000288876",NA,-1.31939389182787,0.000166531246961861,NA,-0.63626457379762,0.0135014149628575
"ENSG00000288934",NA,-0.696360042633813,0.0178514011590658,NA,-0.638780869793169,0.0184924058017978
"ENSG00000289154",NA,-0.803696741829975,0.00747692535222854,NA,-1.11975889701172,0.00110870797621232
"ENSG00000289159",NA,-0.748856974819325,0.0127802065382456,NA,-0.495968606281532,0.0433777230344013
"ENSG00000289234","ZNF496-DT",-0.515734834741688,0.00174154153443194,"ZNF496-DT",-0.731519119638063,1.57339983276633e-05
"ENSG00000289357",NA,-0.94151115992828,2.64963888590823e-08,NA,-0.387984765106895,0.00972934610040728
"ENSG00000289459",NA,-0.553277248190846,0.0250142643356482,NA,-0.465810628903813,0.0340074821297248
"ENSG00000289526",NA,-0.649341733934929,0.00171866880681511,NA,-0.726262563076932,0.000129842973085182
"ENSG00000289609","LOC124901321",-1.90063373170909,6.37757567078394e-08,"LOC124901321",-1.94111209810977,7.98090576492463e-08
"ENSG00000289688","LOC124903135",-0.56113048695656,0.0199364505822507,"LOC124903135",-0.805616633777268,0.00737913573190397
"ENSG00000289971",NA,-0.468916538910209,0.0337375865226159,NA,-0.899273040362615,0.000420022139624831
"ENSG00000290032",NA,-0.541683413286002,0.000263056671547128,NA,-1.23108651201272,2.62148174467962e-15
"ENSG00000290058",NA,-1.69093432458166,4.65866629351685e-06,NA,-0.525805146324909,0.0247421188309736
"ENSG00000290085",NA,-0.828864539351308,0.00133759328443034,NA,-0.46120611571915,0.0333252450972797
"ENSG00000290102",NA,-0.724237663877447,0.0147995493764304,NA,-0.590557818351688,0.0204297509828145
