"ENSEMBL","SYMBOL","log2FoldChange","padj"
"ENSG00000000003","TSPAN6",0.354570392378346,0.00416078237682351
"ENSG00000001617","SEMA3F",0.41323910174363,0.00912864026318775
"ENSG00000002746","HECW1",1.15333941749273,6.91847149257094e-05
"ENSG00000004139","SARM1",0.475605640147059,0.022543402513534
"ENSG00000004142","POLDIP2",0.287253129952088,1.42430228468093e-05
"ENSG00000004961","HCCS",0.288858363021106,0.00281430789982676
"ENSG00000004975","DVL2",0.386552429118833,0.000623547966309283
"ENSG00000005194","CIAPIN1",0.192729620904626,0.0352514691687814
"ENSG00000005243","COPZ2",0.563232754346163,0.00073096233921579
"ENSG00000005882","PDK2",0.445148934004535,0.0457705699404348
"ENSG00000005884","ITGA3",0.377522513803499,0.00141699609953588
"ENSG00000006007","GDE1",0.224766048481291,0.00832741033084246
"ENSG00000006282","SPATA20",0.434795322145726,0.000784205902772508
"ENSG00000006451","RALA",0.446118070295553,5.13020235140813e-09
"ENSG00000006534","ALDH3B1",0.773577729307292,5.06102539300525e-07
"ENSG00000006757","PNPLA4",0.561335620808031,0.000117319582748702
"ENSG00000007384","RHBDF1",0.578481081152649,6.71017132720224e-06
"ENSG00000007520","TSR3",0.26569844075298,0.00188867498614252
"ENSG00000008083","JARID2",0.746902599269233,2.00714177077077e-09
"ENSG00000008382","MPND",0.517891371327512,0.0085869404762116
"ENSG00000008988","RPS20",0.179457065109588,0.00171666782103765
"ENSG00000010256","UQCRC1",0.339065145036499,7.44598365022583e-05
"ENSG00000010270","STARD3NL",0.33335917425709,0.00896651717937704
"ENSG00000010278","CD9",0.821083689958912,0.000404712384358642
"ENSG00000010626","LRRC23",0.794783028927571,9.43549644466112e-05
"ENSG00000010704","HFE",0.557068281132231,0.00972674364296002
"ENSG00000011143","MKS1",0.333644594771933,0.020416065029133
"ENSG00000011198","ABHD5",0.234384950958173,0.0327342143028378
"ENSG00000011638","LDAF1",0.417051467379515,0.0094084955832614
"ENSG00000012061","ERCC1",0.294810178490039,0.0001166306902196
"ENSG00000013288","MAN2B2",0.571825162813718,0.000145594143706861
"ENSG00000013306","SLC25A39",0.19417890749003,0.0224075301820078
"ENSG00000013392","RWDD2A",0.755711546844979,0.00171194185151916
"ENSG00000013441","CLK1",0.321285340091084,0.0450129117093366
"ENSG00000013561","RNF14",0.753112079399339,5.00940713561913e-17
"ENSG00000014641","MDH1",0.256248662698356,0.00860679683422638
"ENSG00000014919","COX15",0.261533949773122,0.0149867090013851
"ENSG00000016082","ISL1",0.731594510691876,0.00363911458773228
"ENSG00000016864","GLT8D1",0.353719134440192,0.0016193336384424
"ENSG00000019549","SNAI2",0.850919293332536,1.50654861520096e-06
"ENSG00000020256","ZFP64",0.239622267624782,0.0219668572966527
"ENSG00000021355","SERPINB1",0.843207900417266,3.656581041957e-05
"ENSG00000022277","RTF2",0.153706929841542,0.00452491595198275
"ENSG00000023191","RNH1",0.206750547395983,0.0123670664877898
"ENSG00000023697","DERA",0.252336711680245,0.0443110642436894
"ENSG00000023839","ABCC2",0.701722122646042,0.00894875239770759
"ENSG00000025434","NR1H3",0.938198884647216,2.93705131490346e-05
"ENSG00000026508","CD44",0.144744489358326,0.0370113279963049
"ENSG00000026652","AGPAT4",0.317117896022545,0.0174035186222551
"ENSG00000026950","BTN3A1",0.86058982583834,7.11394875403132e-06
"ENSG00000027001","MIPEP",0.338303933457225,0.0203489997352601
"ENSG00000027847","B4GALT7",0.611856487732784,9.90127301945038e-10
"ENSG00000028310","BRD9",0.322703789342673,0.00013552850728942
"ENSG00000028528","SNX1",0.164061002245241,0.0397188863605919
"ENSG00000032389","EIPR1",0.395327551716257,2.61774251612266e-05
"ENSG00000033100","CHPF2",0.701330684315991,6.93419547650117e-11
"ENSG00000034713","GABARAPL2",0.293463150316786,0.00173617874197464
"ENSG00000037749","MFAP3",0.347240406988152,0.00197716138908249
"ENSG00000040531","CTNS",0.408621377245269,0.00674802177086184
"ENSG00000040633","PHF23",0.338343478848472,1.3708384117048e-05
"ENSG00000047932","GOPC",0.264368129822643,0.00189536655720356
"ENSG00000048342","CC2D2A",0.265333590541832,0.0267948466022708
"ENSG00000050130","JKAMP",0.482863406564434,2.12854085047056e-07
"ENSG00000050327","ARHGEF5",0.840702992823798,0.000103428680272808
"ENSG00000052723","SIKE1",0.216031127162325,0.0144688590924192
"ENSG00000052802","MSMO1",0.39724026531699,0.0133100064588328
"ENSG00000053501","USE1",0.629213446446121,2.2248931172599e-08
"ENSG00000053770","AP5M1",0.254964580485678,0.0180059071166317
"ENSG00000054116","TRAPPC3",0.237220091297944,0.0194890666043036
"ENSG00000054277","OPN3",0.507310274688651,0.00309705789859185
"ENSG00000055950","MRPL43",0.382381943588827,0.000142187733403
"ENSG00000057019","DCBLD2",0.274789038975558,0.00254395088978636
"ENSG00000057704","TMCC3",0.5414853209806,0.00699656090959165
"ENSG00000057935","MTA3",0.329715642609259,0.0217259660508495
"ENSG00000058799","YIPF1",0.798631433232908,9.87089809129538e-12
"ENSG00000059377","TBXAS1",0.443871806422095,0.0222001497203397
"ENSG00000059691","GATB",0.31857648428287,0.00896188670276756
"ENSG00000060971","ACAA1",0.534359849302392,2.0668104416947e-07
"ENSG00000064490","RFXANK",0.613520696827163,6.68558838532498e-08
"ENSG00000064547","LPAR2",1.43128395080577,3.19633290086082e-05
"ENSG00000064652","SNX24",0.307761808906118,0.00861081562177038
"ENSG00000064961","HMG20B",0.416942670340117,1.24619712187827e-05
"ENSG00000065308","TRAM2",0.308984331570406,0.0134832812061412
"ENSG00000065518","NDUFB4",0.253002979448351,0.000904349981938263
"ENSG00000065802","ASB1",0.41940905941676,3.60039320716811e-05
"ENSG00000065833","ME1",0.54677360628586,7.82827688246695e-07
"ENSG00000066379","POLR1H",0.561928302733705,1.37173771536518e-07
"ENSG00000066926","FECH",0.486008341772443,7.19837290711087e-05
"ENSG00000067167","TRAM1",0.218513924953559,0.00738113401892908
"ENSG00000067221","STOML1",0.3807141001429,0.0142505312819572
"ENSG00000067365","METTL22",0.373758635054378,0.00614304312391941
"ENSG00000067445","TRO",0.852554047681621,0.000950919228796945
"ENSG00000067715","SYT1",0.682707384096589,0.00287376841114869
"ENSG00000068308","OTUD5",0.272004593915007,0.0029497586685389
"ENSG00000068323","TFE3",0.302976986501381,0.0221306522479991
"ENSG00000068354","TBC1D25",0.479662843728917,1.55013394665337e-05
"ENSG00000068394","GPKOW",0.415607359121955,0.00317525779711367
"ENSG00000068438","FTSJ1",0.355794430829821,0.000202123277910797
"ENSG00000068697","LAPTM4A",0.338328932644463,1.02170594022274e-05
"ENSG00000068985","PAGE1",0.71246597622883,0.00295993190657578
"ENSG00000069424","KCNAB2",1.03343976260045,2.42240066895692e-09
"ENSG00000069702","TGFBR3",0.433796233525416,0.00108006666510294
"ENSG00000069943","PIGB",0.657942651016019,1.27951386777423e-05
"ENSG00000070087","PFN2",0.49379449328297,9.94165171911759e-07
"ENSG00000070404","FSTL3",0.543275729353697,0.000980111016379992
"ENSG00000070610","GBA2",0.423030982241819,0.000406194356800723
"ENSG00000070614","NDST1",0.273782138495446,0.0226998071236026
"ENSG00000071082","RPL31",0.293145469681538,0.0104111993137046
"ENSG00000071242","RPS6KA2",0.613175008953967,0.00130663679265814
"ENSG00000071553","ATP6AP1",0.591196365395331,1.00391780739263e-10
"ENSG00000072195","SPEG",0.824710291566776,7.50596720244876e-06
"ENSG00000072422","RHOBTB1",0.692408896770938,1.01861169461939e-05
"ENSG00000072506","HSD17B10",0.251777546531736,0.00297691105948682
"ENSG00000072818","ACAP1",0.584470040793464,0.017519077036268
"ENSG00000073756","PTGS2",0.552341398512662,0.0360444544939847
"ENSG00000073803","MAP3K13",0.52579665630579,1.55826607518155e-15
"ENSG00000074181","NOTCH3",0.606719541945027,0.027910227558098
"ENSG00000074319","TSG101",0.400418969447749,3.17186518104761e-05
"ENSG00000074410","CA12",0.505785630610443,9.50114854569775e-05
"ENSG00000075223","SEMA3C",0.410477846597286,0.00515337629137828
"ENSG00000075785","RAB7A",0.136333157307124,0.021749818973822
"ENSG00000076706","MCAM",0.963616791091583,5.18357120794725e-05
"ENSG00000076944","STXBP2",0.746116455844225,0.0107521711139849
"ENSG00000077380","DYNC1I2",0.333256265344676,5.56931030073439e-06
"ENSG00000077463","SIRT6",0.38647442032803,0.00277314037808757
"ENSG00000077984","CST7",0.545828963418498,0.0492525085702036
"ENSG00000078070","MCCC1",0.404221323545645,0.00213857162873026
"ENSG00000079739","PGM1",0.790300858068922,2.52221913537862e-12
"ENSG00000080815","PSEN1",0.280910053545734,0.0109769576062407
"ENSG00000081051","AFP",0.677142802032275,0.0114548899814897
"ENSG00000081087","OSTM1",0.349413490395479,0.00495708467772529
"ENSG00000081138","CDH7",0.685700875410279,0.0125446986111251
"ENSG00000082014","SMARCD3",0.449973518779304,0.0239958862445025
"ENSG00000083099","LYRM2",0.253425214366525,0.00277964801102473
"ENSG00000083817","ZNF416",0.54422363409498,0.0123425283931557
"ENSG00000083844","ZNF264",0.484719254019006,6.17171625850649e-06
"ENSG00000083845","RPS5",0.269721564668831,0.0179521208794749
"ENSG00000083937","CHMP2B",0.179419618164356,0.0479494679248066
"ENSG00000084623","EIF3I",0.200844643141921,0.0123692688694847
"ENSG00000085733","CTTN",0.413669519220606,1.66092241657878e-05
"ENSG00000086065","CHMP5",0.522672287419274,2.30224033239848e-05
"ENSG00000086544","ITPKC",1.06236179385449,2.4305047944698e-08
"ENSG00000087111","PIGS",0.276601617825596,0.00841472231525913
"ENSG00000087302","RTRAF",0.256332153581466,0.00598277191803896
"ENSG00000087884","AAMDC",0.409552479482337,0.00442640390314269
"ENSG00000088298","EDEM2",0.739377584929238,6.4155730772694e-06
"ENSG00000088543","C3orf18",0.767575937592177,0.0108342393903632
"ENSG00000088726","TMEM40",0.672769214587747,0.0129358269014995
"ENSG00000088899","LZTS3",1.0401157252221,2.95652407883587e-08
"ENSG00000089063","TMEM230",0.325439471983953,0.00425348703954499
"ENSG00000089091","DZANK1",0.536907259400115,0.023858208567314
"ENSG00000089127","OAS1",0.727852128351113,0.00214348131663216
"ENSG00000089157","RPLP0",0.228332605365964,0.00453622827452238
"ENSG00000089220","PEBP1",0.222619181306029,0.000618479256085299
"ENSG00000089818","NECAP1",0.419998914859631,0.00150271074233567
"ENSG00000090266","NDUFB2",0.230994063380279,0.0210555276457393
"ENSG00000090487","SPG21",0.327344200493046,0.000123788373585093
"ENSG00000090581","GNPTG",0.420933403905934,0.0035489490902418
"ENSG00000090612","ZNF268",0.381664844228934,0.00369885223944071
"ENSG00000090932","DLL3",0.564845319096977,0.00181923282471321
"ENSG00000090971","NAT14",0.375180693969578,0.00534965781090393
"ENSG00000090989","EXOC1",0.231338613575495,0.00246556390794085
"ENSG00000091140","DLD",0.170478959228543,0.0447854043667092
"ENSG00000091490","SEL1L3",0.732349384924921,2.00721506256026e-08
"ENSG00000091640","SPAG7",0.256863958141481,0.0345136624848053
"ENSG00000091732","ZC3HC1",0.269635128705315,0.0247626042680396
"ENSG00000091947","TMEM101",0.513499395558919,8.99489511914822e-06
"ENSG00000092010","PSME1",0.383864186227638,0.00478177354670485
"ENSG00000092108","SCFD1",0.35920490216334,1.37131892550462e-05
"ENSG00000092295","TGM1",0.884346864327012,0.00475240935897934
"ENSG00000092330","TINF2",0.753464000163475,4.85622688587136e-10
"ENSG00000092841","MYL6",0.462027156147982,0.000156555255160352
"ENSG00000092931","MFSD11",0.602157554015102,1.55112222303595e-06
"ENSG00000093010","COMT",0.686411267719687,1.68913175908569e-14
"ENSG00000094841","UPRT",0.461209331451713,0.00569896779329909
"ENSG00000095261","PSMD5",0.324587479618397,0.00350457376992412
"ENSG00000095794","CREM",0.452745012976137,0.000179951636727883
"ENSG00000099203","TMED1",0.40284127911306,0.000420370867967605
"ENSG00000099246","RAB18",0.192961845790454,0.0136816799580725
"ENSG00000099290","WASHC2A",0.314704283549641,0.0130009497377374
"ENSG00000099399","MAGEB2",0.331580327168388,9.41867473114512e-06
"ENSG00000099625","CBARP",0.44979462575366,0.0249153845894333
"ENSG00000099949","LZTR1",0.42932097518258,0.000753266184711923
"ENSG00000099992","TBC1D10A",0.613127994777031,0.00787288329189696
"ENSG00000099999","RNF215",0.612255924940296,0.0104419873962611
"ENSG00000100003","SEC14L2",0.589253621427408,0.0024393731903336
"ENSG00000100055","CYTH4",1.35383935510728,5.3208463111413e-06
"ENSG00000100097","LGALS1",0.238932879037749,0.0200290289625597
"ENSG00000100100","PIK3IP1",0.8310103671948,0.00580001669318527
"ENSG00000100106","TRIOBP",0.522541465115837,1.68062365505323e-05
"ENSG00000100116","GCAT",0.498412083650191,0.00504485973014727
"ENSG00000100209","HSCB",0.330704450120111,0.0191774825588871
"ENSG00000100316","RPL3",0.284702677063697,0.00417756942077454
"ENSG00000100325","ASCC2",0.272347967235808,0.000994535118328053
"ENSG00000100344","PNPLA3",0.548211893191788,0.0125727657931504
"ENSG00000100348","TXN2",0.381188066217091,1.139790261897e-09
"ENSG00000100353","EIF3D",0.223416737735633,0.000775149042493609
"ENSG00000100380","ST13",0.164540601343062,0.0253827902226091
"ENSG00000100387","RBX1",0.225339332857731,0.046579274348898
"ENSG00000100412","ACO2",0.348282117511058,5.64924831489311e-08
"ENSG00000100441","KHNYN",0.289310935099673,0.0373303011059067
"ENSG00000100554","ATP6V1D",0.342575663024141,0.00016838659654597
"ENSG00000100568","VTI1B",0.310538096682846,6.36628514454586e-06
"ENSG00000100592","DAAM1",0.303943908536262,0.0258515008639683
"ENSG00000100600","LGMN",0.622516163871211,7.39780867131007e-05
"ENSG00000100744","GSKIP",0.377857334652622,0.00371326139544336
"ENSG00000100802","C14orf93",0.455199320862875,0.0145930149759536
"ENSG00000100865","CINP",0.385992284734013,2.05882027550875e-05
"ENSG00000100883","SRP54",0.227153238802256,0.00186991370829742
"ENSG00000100897","DCAF11",0.342375581778831,0.00217231922906245
"ENSG00000100911","PSME2",0.321261973307251,0.00432607861761281
"ENSG00000100934","SEC23A",0.358509180259539,0.000120032875943654
"ENSG00000100938","GMPR2",0.614382529157518,4.0489327155632e-09
"ENSG00000100991","TRPC4AP",0.273154017268992,0.00535156587489369
"ENSG00000101019","UQCC1",0.251931803079802,0.0241700048461462
"ENSG00000101052","IFT52",0.425029518598429,0.00857320519604531
"ENSG00000101084","RAB5IF",0.503460585542603,1.66120962536863e-06
"ENSG00000101182","PSMA7",0.201764528926383,0.0110875530097433
"ENSG00000101310","SEC23B",0.496672982761097,9.09425068094724e-09
"ENSG00000101337","TM9SF4",0.250131877702158,0.0239653190427897
"ENSG00000101439","CST3",0.294310467077568,0.000809088534048036
"ENSG00000101457","DNTTIP1",0.473296700590446,1.15990388895617e-05
"ENSG00000101473","ACOT8",0.66174403543515,6.751133335605e-09
"ENSG00000101608","MYL12A",0.248848781469038,0.00175595087622535
"ENSG00000101680","LAMA1",0.372071538339648,0.0293400617901714
"ENSG00000101882","NKAP",0.268667288177125,0.00362133132235326
"ENSG00000101928","MOSPD1",0.628722782180813,2.84542671406671e-06
"ENSG00000101986","ABCD1",0.545616325543121,0.0269935418482421
"ENSG00000102030","NAA10",0.155630999342609,0.0285840706752637
"ENSG00000102057","KCND1",1.35753325822624,0.000241797068076831
"ENSG00000102100","SLC35A2",0.599504156901362,3.51273437617153e-09
"ENSG00000102181","CD99L2",0.300587927182426,0.0389909313549296
"ENSG00000102312","PORCN",0.983563955934733,1.51191188177057e-05
"ENSG00000102359","SRPX2",0.604310539615252,0.000823452736563308
"ENSG00000102471","NDFIP2",0.35539425836051,0.00102419757023314
"ENSG00000102796","DHRS12",0.723782786153323,0.0135385056374838
"ENSG00000102897","LYRM1",0.518881669823664,2.15569891298304e-05
"ENSG00000103005","USB1",0.266177546421022,0.0152850191719647
"ENSG00000103024","NME3",0.718846268027124,0.000317607997391265
"ENSG00000103043","VAC14",0.588157246600567,6.48288826112664e-06
"ENSG00000103091","WDR59",0.275159901445359,0.0110479203815443
"ENSG00000103111","MON1B",0.218906911412292,0.0119702218529795
"ENSG00000103152","MPG",0.291521607903702,0.042610258034925
"ENSG00000103197","TSC2",0.20344224047511,0.0471289227099152
"ENSG00000103202","NME4",0.381133686511694,2.20105001532333e-05
"ENSG00000103248","MTHFSD",0.324222393737061,0.0367901006445515
"ENSG00000103254","ANTKMT",0.316508918478338,0.0431578119610127
"ENSG00000103363","ELOB",0.298116487222944,9.83983805905176e-05
"ENSG00000103381","CPPED1",0.263097418362208,0.0185736158361921
"ENSG00000103490","PYCARD",1.04129250534623,0.00143956062695327
"ENSG00000103522","IL21R",0.531783525241288,0.022368875169111
"ENSG00000103544","VPS35L",0.250736851236124,0.0102513065871231
"ENSG00000103591","AAGAB",0.216829261277319,0.033498799042039
"ENSG00000103671","TRIP4",0.448104442879968,0.000138499158224978
"ENSG00000103769","RAB11A",0.278041085541089,7.96732412146945e-05
"ENSG00000103852","TTC23",0.35152389502021,0.0408949914095514
"ENSG00000103876","FAH",0.696204720281711,1.24840753616912e-11
"ENSG00000103932","RPAP1",0.223404647610666,0.0255864201118801
"ENSG00000104081","BMF",0.542507794084788,0.0486910334703263
"ENSG00000104142","VPS18",0.375560181447799,0.00584873746740946
"ENSG00000104154","SLC30A4",0.697575763306772,0.000952051708702877
"ENSG00000104164","BLOC1S6",0.192052228343674,0.00994459789596011
"ENSG00000104312","RIPK2",0.355463309571264,0.000523608934970875
"ENSG00000104325","DECR1",0.533696741978177,2.84542671406671e-06
"ENSG00000104343","UBE2W",0.278745431854089,0.0116562012210651
"ENSG00000104518","GSDMD",0.42951605807254,0.00848951451202627
"ENSG00000104522","GFUS",0.289700684780522,0.00850489134652896
"ENSG00000104660","LEPROTL1",0.294813235363698,0.00079163865755281
"ENSG00000104671","DCTN6",0.292740398630405,0.00812344450746103
"ENSG00000104723","TUSC3",0.246562104650509,0.000765232657081669
"ENSG00000104763","ASAH1",0.73856387503475,5.94911829594575e-13
"ENSG00000104812","GYS1",0.343416365112157,0.0174219468481567
"ENSG00000104823","ECH1",0.633663277106696,7.23890610304154e-09
"ENSG00000104946","TBC1D17",0.640065891483019,5.43564167172463e-05
"ENSG00000104998","IL27RA",0.388501625388078,0.000153573774952759
"ENSG00000105053","VRK3",0.329411751773134,0.00397265361533629
"ENSG00000105136","ZNF419",0.417984803924251,0.00719740344987787
"ENSG00000105223","PLD3",0.508540630363786,0.00322866275960158
"ENSG00000105254","TBCB",0.307408559000736,0.000489079556125989
"ENSG00000105258","POLR2I",0.213188973967795,0.0163433972440492
"ENSG00000105355","PLIN3",0.402420789526962,2.73913238720071e-05
"ENSG00000105372","RPS19",0.327991516740155,0.00065743519121402
"ENSG00000105379","ETFB",0.347618753500903,0.000152501440182123
"ENSG00000105393","BABAM1",0.262485581830023,0.000194062564431903
"ENSG00000105419","MEIS3",1.06415766858754,0.000980539286981538
"ENSG00000105429","MEGF8",0.40290419143097,0.0265883249398893
"ENSG00000105443","CYTH2",0.292308608885794,0.0128479590879869
"ENSG00000105499","PLA2G4C",1.30163777156121,8.18242828063683e-05
"ENSG00000105559","PLEKHA4",2.21262236914785,2.86608573477499e-09
"ENSG00000105607","GCDH",0.301292874341137,0.0271804046834978
"ENSG00000105619","TFPT",0.519863249263331,1.49839152391652e-05
"ENSG00000105669","COPE",0.248226256517107,0.0365342592554903
"ENSG00000105677","TMEM147",0.305179872421685,0.00485055376508611
"ENSG00000105696","TMEM59L",0.650016084171319,0.0134084609814234
"ENSG00000105705","SUGP1",0.264008474292571,0.0142963840990754
"ENSG00000105854","PON2",0.195211102005088,0.0330502619467373
"ENSG00000105855","ITGB8",1.02099857567351,0.000193082739516979
"ENSG00000105856","HBP1",0.482557029832696,0.00586907885299864
"ENSG00000106052","TAX1BP1",0.254319093554284,0.00160165792724945
"ENSG00000106066","CPVL",0.745238827518781,0.0127073551017276
"ENSG00000106261","ZKSCAN1",0.294031003146171,0.000312490541736276
"ENSG00000106397","PLOD3",0.168319838538237,0.0497823107603169
"ENSG00000106400","ZNHIT1",0.419417905714497,1.12836031945283e-05
"ENSG00000106636","YKT6",0.17868260651077,0.0452597248519679
"ENSG00000106683","LIMK1",0.346525895739275,0.00676113527019629
"ENSG00000106803","SEC61B",0.432280352902556,1.23713427473239e-07
"ENSG00000106993","CDC37L1",0.393403421560817,0.000157733963550578
"ENSG00000107185","RGP1",0.634129392019491,5.12923527064702e-08
"ENSG00000107521","HPS1",0.330707112452531,0.00317127750975452
"ENSG00000108298","RPL19",0.246345852519522,8.01535246989134e-05
"ENSG00000108479","GALK1",0.392132283987562,0.00614094773625284
"ENSG00000108641","B9D1",0.763914921752125,9.19243938170395e-08
"ENSG00000108679","LGALS3BP",0.358362799030376,0.0160771544518537
"ENSG00000108733","PEX12",0.424842192900925,0.00669731389676147
"ENSG00000108784","NAGLU",0.31872608115219,0.0445610815188372
"ENSG00000108788","MLX",0.766605871260511,1.3945696476767e-11
"ENSG00000108826","MRPL27",0.345055325187084,0.00114949249963809
"ENSG00000108846","ABCC3",1.07987706564174,1.29631386932961e-06
"ENSG00000108946","PRKAR1A",0.146320756511139,0.0197882668629266
"ENSG00000108961","RANGRF",0.388208199249183,0.000264217187586602
"ENSG00000109065","NAT9",0.359154433722748,0.0224064389045839
"ENSG00000109066","TMEM104",0.377305995419447,0.0134286582801545
"ENSG00000109083","IFT20",0.302396016622631,0.0242764629625658
"ENSG00000109103","UNC119",0.234828398347877,0.0470553807441209
"ENSG00000109180","OCIAD1",0.458979583157805,3.05143021774058e-07
"ENSG00000109270","LAMTOR3",0.568045282402582,2.46445193140739e-05
"ENSG00000109390","NDUFC1",0.250666641719691,0.000421863768772767
"ENSG00000109452","INPP4B",0.67273438290504,2.64031327338207e-06
"ENSG00000109472","CPE",0.46889615459249,0.00944684162731331
"ENSG00000109654","TRIM2",0.549216629638131,0.00152718799935711
"ENSG00000109680","TBC1D19",0.971452282447786,0.000360136206328319
"ENSG00000109917","ZPR1",0.378314225353993,1.11250000106303e-06
"ENSG00000109919","MTCH2",0.19244932004755,0.0258548279486301
"ENSG00000110203","FOLR3",0.788036497333728,0.00897923878398907
"ENSG00000110237","ARHGEF17",0.734301838422437,1.38027249655552e-08
"ENSG00000110330","BIRC2",0.227989530604456,0.0473745113555388
"ENSG00000110442","COMMD9",0.342838903216392,0.00178503423691187
"ENSG00000110700","RPS13",0.1934821361189,0.0426553793324096
"ENSG00000110768","GTF2H1",0.180325524061346,0.0337613960881331
"ENSG00000110844","PRPF40B",0.357793116287971,0.0145774009721417
"ENSG00000110852","CLEC2B",0.566753505202726,0.0425973019965313
"ENSG00000110876","SELPLG",0.748017822716711,0.0116463785482632
"ENSG00000110906","KCTD10",0.302068545964022,0.00647857638418383
"ENSG00000111144","LTA4H",0.501610188700459,1.37224948121831e-06
"ENSG00000111229","ARPC3",0.414006250172812,1.45580169113838e-06
"ENSG00000111335","OAS2",1.06075321453374,0.0001166306902196
"ENSG00000111652","COPS7A",0.437130503217731,1.31668901871355e-08
"ENSG00000111653","ING4",0.542445332212269,0.00356589281985752
"ENSG00000111728","ST8SIA1",0.82198068530484,0.00339557520571607
"ENSG00000111775","COX6A1",0.386936026074697,0.000251060367173863
"ENSG00000111801","BTN3A3",0.605524643870089,0.00650140228385453
"ENSG00000111802","TDP2",0.320490728998251,0.00636233800309685
"ENSG00000111843","TMEM14C",0.259391707829396,0.0394860098115626
"ENSG00000111897","SERINC1",0.269494012984189,0.0184243614474923
"ENSG00000111906","HDDC2",0.278323482863369,0.0041430536434407
"ENSG00000112096",NA,0.348746079784077,0.0313822230619182
"ENSG00000112146","FBXO9",0.182508813582101,0.0457065003338686
"ENSG00000112186","CAP2",0.502574095455564,1.50080236902252e-06
"ENSG00000112304","ACOT13",0.746368308968151,4.57879265618218e-08
"ENSG00000112306","RPS12",0.2186567162956,0.0111453940420471
"ENSG00000112357","PEX7",0.567266205115304,0.00266553838938817
"ENSG00000112514","CUTA",0.420354981798977,1.62042620146857e-08
"ENSG00000112667","DNPH1",0.329061157360205,0.0060297668079731
"ENSG00000112685","EXOC2",0.400980871565711,5.32366874711237e-05
"ENSG00000112695","COX7A2",0.431056125062825,0.000107025321638453
"ENSG00000112855","HARS2",0.300629110155251,0.0108054406002649
"ENSG00000113240","CLK4",0.356400923362918,0.0451173755889903
"ENSG00000113312","TTC1",0.429144420777506,2.54781733000094e-09
"ENSG00000113327","GABRG2",0.58969518557314,0.0357140449157406
"ENSG00000113552","GNPDA1",0.402131965571823,5.40772554456207e-06
"ENSG00000113583","C5orf15",0.203760948706574,0.0430255982160041
"ENSG00000113595","TRIM23",0.5106802128613,5.17023384464742e-05
"ENSG00000113621","TXNDC15",0.441041968516525,8.80407638245584e-06
"ENSG00000113732","ATP6V0E1",0.518665391534155,9.7398902111043e-07
"ENSG00000113805","CNTN3",0.838362992223511,0.000787081914598734
"ENSG00000113845","TIMMDC1",0.47984667404882,1.76404393176229e-11
"ENSG00000113971","NPHP3",0.24693721562728,0.0378978736051476
"ENSG00000114021","NIT2",0.507039124283118,1.11450109517598e-07
"ENSG00000114023","FAM162A",0.31483453558902,0.0153028348980753
"ENSG00000114054","PCCB",0.425906263340251,8.07660081545317e-06
"ENSG00000114125","RNF7",0.371608959279769,3.16875087311576e-05
"ENSG00000114388","NPRL2",0.544651412542266,0.000100284193174538
"ENSG00000114395","CYB561D2",0.402803217121138,0.000516605192564746
"ENSG00000114446","IFT57",0.28009530617813,0.0265483026765542
"ENSG00000114473","IQCG",0.602220844239893,0.0032961470607874
"ENSG00000114544","SLC41A3",0.351830296219999,0.00266377264918125
"ENSG00000114735","HEMK1",0.612480580283421,3.82866290538844e-05
"ENSG00000114850","SSR3",0.290541498911318,0.00390942811805193
"ENSG00000114902","SPCS1",0.323998872203035,0.000455788203916686
"ENSG00000115073","ACTR1B",0.487384226107943,7.36812753210699e-09
"ENSG00000115128","SF3B6",0.213312398096213,0.00844703589793477
"ENSG00000115204","MPV17",0.231457872862738,0.0292889724617092
"ENSG00000115255","REEP6",0.909734465781643,0.00185109032749003
"ENSG00000115318","LOXL3",0.329747781871067,0.017047419182802
"ENSG00000115325","DOK1",0.496021843817575,2.26964382400346e-05
"ENSG00000115363","EVA1A",0.443833047372929,4.96808583889658e-05
"ENSG00000115365","LANCL1",0.219788451608123,0.0269935418482421
"ENSG00000115486","GGCX",0.290948203401117,0.00269537753607826
"ENSG00000115514","TXNDC9",0.378023478855899,0.00120468569913186
"ENSG00000115520","COQ10B",0.351535361047478,0.000811210389746031
"ENSG00000115661","STK16",0.562141639257089,4.30923835454728e-06
"ENSG00000115685","PPP1R7",0.229341928041683,0.00124658084686744
"ENSG00000115694","STK25",0.353554859112323,1.09238572578474e-05
"ENSG00000115705","TPO",0.811606348093364,0.00765355004078091
"ENSG00000115756","HPCAL1",0.3777164976251,0.00192735950003031
"ENSG00000115944","COX7A2L",0.275313750460536,0.00543949947735419
"ENSG00000116209","TMEM59",0.430268450627878,7.98891255537873e-05
"ENSG00000116212","LRRC42",0.454937943404167,1.53618126920896e-07
"ENSG00000116260","QSOX1",0.245451746323736,0.0143295752040941
"ENSG00000116337","AMPD2",0.515099820181361,2.22387602474407e-07
"ENSG00000116663","FBXO6",0.504662005034648,0.0390678889667849
"ENSG00000116774","OLFML3",0.5452241067919,0.0451586579368838
"ENSG00000116791","CRYZ",0.794811326607666,1.25931338096648e-08
"ENSG00000116857","TMEM9",0.504495131072144,8.35659109982127e-07
"ENSG00000116885","OSCP1",0.533863309746285,0.0337613960881331
"ENSG00000116898","MRPS15",0.206754302657862,0.0316770213506156
"ENSG00000116906","GNPAT",0.235247748775974,0.0233214744965092
"ENSG00000116918","TSNAX",0.230435708918675,0.0478631628370728
"ENSG00000117016","RIMS3",0.687626449642016,0.015968570856526
"ENSG00000117153","KLHL12",0.493864762781623,3.56139167238218e-05
"ENSG00000117228","GBP1",0.302873252187752,0.00985803095162984
"ENSG00000117305","HMGCL",0.793000769341043,0.00013327826525623
"ENSG00000117308","GALE",0.263092758114132,0.00597067274042246
"ENSG00000117450","PRDX1",0.203712101988432,0.00395951105484821
"ENSG00000117475","BLZF1",0.317299315014953,0.0026634084515976
"ENSG00000117533","VAMP4",0.436028230076089,0.00421250468005266
"ENSG00000117543","DPH5",0.251376811957945,0.0161559256160686
"ENSG00000117592","PRDX6",0.208353729641804,0.0249744101297961
"ENSG00000118181","RPS25",0.169997576399399,0.0253465449328536
"ENSG00000118292","C1orf54",1.53449984121011,5.1025709942078e-06
"ENSG00000118369","USP35",0.523594196260836,0.0175961199211535
"ENSG00000118508","RAB32",0.335082338755852,0.00616612907668131
"ENSG00000118873","RAB3GAP2",0.237215117338026,0.0124796691297038
"ENSG00000118985","ELL2",0.336619604105229,0.0279852521377265
"ENSG00000118997","DNAH7",0.684316333588505,0.0158671334050304
"ENSG00000119013","NDUFB3",0.312335889195984,0.00797678604394152
"ENSG00000119401","TRIM32",0.306972742775576,0.00129800731792106
"ENSG00000119421","NDUFA8",0.295554290801089,0.00611130399664797
"ENSG00000119431","HDHD3",0.485292185067159,0.0188381739880761
"ENSG00000119446","RBM18",0.288920757959627,0.00820800902704492
"ENSG00000119514","GALNT12",0.984444141450894,0.00233910805353169
"ENSG00000119599","DCAF4",0.40605906196099,0.00150575556768052
"ENSG00000119650","IFT43",1.16611465007958,1.31309713399405e-15
"ENSG00000119681","LTBP2",0.32530823249219,0.0399989916068903
"ENSG00000119686","FLVCR2",0.855021386849232,0.00464345941297597
"ENSG00000119714","GPR68",0.535718372987953,0.0306474365905498
"ENSG00000119723","COQ6",0.378553303700849,0.00222851517113812
"ENSG00000119729","RHOQ",0.367848696823784,7.77625336896815e-06
"ENSG00000119782","FKBP1B",0.768163424063835,0.0111700277219732
"ENSG00000119878","CRIPT",0.35282407348725,0.00218841433113576
"ENSG00000119917","IFIT3",0.528111110375118,0.00132719429148671
"ENSG00000119979","DENND10",0.394675136215073,0.000864545442624567
"ENSG00000120075","HOXB5",0.4054304098389,0.00569471841514347
"ENSG00000120265","PCMT1",0.222577225476127,0.0211783828561433
"ENSG00000120314","WDR55",0.371295480198142,0.000839667098209584
"ENSG00000120509","PDZD11",0.554699753586078,1.22706802723238e-10
"ENSG00000120656","TAF12",0.387101400393945,0.000156177627999616
"ENSG00000120690","ELF1",0.297929462716386,0.00400205275347766
"ENSG00000120725","SIL1",0.455200729177539,2.8380360239128e-05
"ENSG00000120798","NR2C1",0.377365718065299,0.00269537753607826
"ENSG00000120805","ARL1",0.393286664803132,1.62444947677881e-06
"ENSG00000120860","WASHC3",0.701336138950019,2.26468695871549e-10
"ENSG00000120875","DUSP4",0.372421091724079,0.00502522664354644
"ENSG00000120885","CLU",0.274200540632156,0.0298303423352179
"ENSG00000120925","RNF170",0.463238530455765,0.000185084345015541
"ENSG00000121064","SCPEP1",0.663014467339256,0.000100598962046772
"ENSG00000121281","ADCY7",0.28259566559858,0.0132810723245368
"ENSG00000121671","CRY2",0.814755326028492,0.000250768669102374
"ENSG00000121691","CAT",0.718503168736397,4.00381747083955e-09
"ENSG00000121766","ZCCHC17",0.230756881854451,0.0107626054040574
"ENSG00000121903","ZSCAN20",0.480193176078185,0.033498799042039
"ENSG00000122026","RPL21",0.231645763512189,0.045034246800138
"ENSG00000122033","MTIF3",0.4612937960534,4.20280798183986e-06
"ENSG00000122203","KIAA1191",0.292789083747905,0.000116733333013868
"ENSG00000122420","PTGFR",0.509595362293094,0.0144625578670028
"ENSG00000122507","BBS9",1.31324571605781,1.1271020196834e-06
"ENSG00000122862","SRGN",0.520044621073339,0.00694089303343454
"ENSG00000123130","ACOT9",0.307740173835579,9.96953087655142e-05
"ENSG00000123415","SMUG1",0.465200594680582,4.92299804692558e-05
"ENSG00000123595","RAB9A",0.536379346051253,5.08798992357671e-05
"ENSG00000123836","PFKFB2",0.524179219427021,0.00990383946637153
"ENSG00000123933","MXD4",1.15055548800447,2.52845756968777e-11
"ENSG00000123992","DNPEP",0.351744290075787,0.000250693808405981
"ENSG00000124006","OBSL1",0.588818132807925,3.0088392260768e-09
"ENSG00000124116","WFDC3",0.596465261717415,0.0194598785303496
"ENSG00000124120","TTPAL",0.523831913894095,1.23843116403909e-06
"ENSG00000124140","SLC12A5",0.554028993753212,0.0104371050704692
"ENSG00000124172","ATP5F1E",0.317121717682116,4.18542308923574e-05
"ENSG00000124181","PLCG1",0.272944112959307,0.0483289409188406
"ENSG00000124222","STX16",0.197887871396113,0.0399955887427305
"ENSG00000124299","PEPD",0.32258091916977,0.00923125749102315
"ENSG00000124313","IQSEC2",0.512387572090057,0.00868997914579503
"ENSG00000124356","STAMBP",0.53162159435471,7.38363668552085e-09
"ENSG00000124444","ZNF576",0.453394985038668,4.53956809121124e-05
"ENSG00000124508","BTN2A2",0.84591510159667,2.08117943848041e-05
"ENSG00000124541","RRP36",0.159086066022581,0.0427437302092394
"ENSG00000124574","ABCC10",0.592804140577322,0.000333812009417343
"ENSG00000124688","MAD2L1BP",0.558768546485948,1.04800158575945e-05
"ENSG00000125122",NA,1.28185636626374,3.84626661797216e-05
"ENSG00000125124","BBS2",0.570764905421139,0.000929316251315313
"ENSG00000125246","CLYBL",0.564764186677003,0.0324748367019838
"ENSG00000125304","TM9SF2",0.245033233770705,5.10714576667548e-05
"ENSG00000125356","NDUFA1",0.235625086335692,0.0431741663499819
"ENSG00000125503","PPP1R12C",0.257192896014975,0.0340968526943194
"ENSG00000125538","IL1B",0.903903080431652,0.0036048329893424
"ENSG00000125733","TRIP10",0.253083667617301,0.0149546607312648
"ENSG00000125753","VASP",0.281875858664185,0.00352906764253242
"ENSG00000125845","BMP2",0.542590211100217,0.0222740614250947
"ENSG00000125846","ZNF133",0.402938072754952,0.0219324145389012
"ENSG00000125848","FLRT3",0.992675763244494,1.97057103660703e-07
"ENSG00000125877","ITPA",0.496136700395488,3.99152300572288e-11
"ENSG00000125991","ERGIC3",0.342722364980311,2.14982973219312e-06
"ENSG00000125995","ROMO1",0.637761020936478,1.68827471509142e-08
"ENSG00000126005","MMP24OS",0.602921603702097,2.66811114407796e-07
"ENSG00000126016","AMOT",0.420300999500715,0.0270450137561222
"ENSG00000126062","TMEM115",0.305628582191476,0.00399186737130627
"ENSG00000126088","UROD",0.79929917983919,1.35697386697081e-13
"ENSG00000126247","CAPNS1",0.335980926444531,1.92641695596199e-05
"ENSG00000126264","HCST",0.601583492837951,0.0300476807795735
"ENSG00000126267","COX6B1",0.395260282829817,1.29841160415306e-05
"ENSG00000126351","THRA",0.250661023919944,0.0211518739601591
"ENSG00000126432","PRDX5",0.683767468926298,5.91894189813821e-12
"ENSG00000126458","RRAS",0.859552373131207,7.31996111162423e-13
"ENSG00000126785","RHOJ",0.403717756823612,0.0335533760708583
"ENSG00000126870","DYNC2I1",0.52082973106763,6.44447758198696e-05
"ENSG00000126890","CTAG2",0.281049304543811,0.00408279911565433
"ENSG00000127415","IDUA",0.544202526983283,0.0199440916600984
"ENSG00000127452","FBXL12",0.438407119058935,0.016107657226182
"ENSG00000127540","UQCR11",0.407975537073726,1.04237121331793e-05
"ENSG00000127838","PNKD",0.537119775929674,6.19703734544783e-07
"ENSG00000127884","ECHS1",0.217418890078717,0.000532887800108921
"ENSG00000127920","GNG11",0.517723297569401,0.0152621905681014
"ENSG00000127922","SEM1",0.296898294416266,0.000428847142856138
"ENSG00000127952","STYXL1",0.437445202481659,6.32232370696864e-05
"ENSG00000127995","CASD1",0.600841774625266,0.000177025899181888
"ENSG00000128016","ZFP36",0.516561305763975,0.0240402278363437
"ENSG00000128294","TPST2",0.310989853796209,0.0097521995640598
"ENSG00000128311","TST",0.444915716651551,0.00281885649897517
"ENSG00000128342","LIF",0.779208615227504,0.000726979344878936
"ENSG00000128564","VGF",0.888755305080762,4.6792306347845e-06
"ENSG00000128590","DNAJB9",0.738693837869225,7.34804102159972e-05
"ENSG00000128891","CCDC32",0.485290749437676,0.000295569572027576
"ENSG00000128928","IVD",0.204945093245273,0.0400018576624438
"ENSG00000129038","LOXL1",1.04157267052456,3.32610520686636e-09
"ENSG00000129084","PSMA1",0.362539197057915,5.01175019296194e-05
"ENSG00000129103","SUMF2",0.266397567292917,0.0269710644174647
"ENSG00000129187","DCTD",0.180341440504328,0.0269935418482421
"ENSG00000129194","SOX15",0.773553434022096,0.0102768894208876
"ENSG00000129219","PLD2",0.613604693262628,0.00417756942077454
"ENSG00000129245","FXR2",0.210575898333103,0.0449546105830082
"ENSG00000129515","SNX6",0.309362700673295,0.00132690090779986
"ENSG00000129559","NEDD8",0.246822287718013,0.0121562206641109
"ENSG00000129625","REEP5",0.345927100497797,8.60824210669229e-07
"ENSG00000129667","RHBDF2",0.680715114015929,6.44491066775974e-05
"ENSG00000129675","ARHGEF6",0.696026042946007,0.00112888021892974
"ENSG00000129933","MAU2",0.321590255813063,0.00125780224021402
"ENSG00000130150","MOSPD2",0.359721266348955,0.00658399195418766
"ENSG00000130312","MRPL34",0.478884692613123,8.71343489846289e-06
"ENSG00000130363","RSPH3",0.595190190510607,1.77881613903003e-05
"ENSG00000130638","ATXN10",0.42647483133126,4.52549803765509e-11
"ENSG00000130724","CHMP2A",0.511254795646435,4.65305785072515e-07
"ENSG00000130770","ATP5IF1",0.449000420977513,2.83055714586986e-06
"ENSG00000130772","MED18",0.417165324473715,0.00547552340612898
"ENSG00000130811","EIF3G",0.143031463899372,0.0475241287286844
"ENSG00000130818","ZNF426",0.339761580215019,0.0190008182524501
"ENSG00000130821","SLC6A8",0.3001771420947,0.0442200674477076
"ENSG00000130962","PRRG1",0.341437872347283,0.00131056030297114
"ENSG00000131015","ULBP2",0.492113773853124,0.00125910774306779
"ENSG00000131143","COX4I1",0.228881167952976,0.0073841295978355
"ENSG00000131171","SH3BGRL",0.598055270710644,1.62558881470944e-06
"ENSG00000131188","PRR7",0.483726983561043,0.00626741632186232
"ENSG00000131236","CAP1",0.159331483620259,0.0370006867457822
"ENSG00000131269","ABCB7",0.26702341147533,0.0210446041966377
"ENSG00000131373","HACL1",0.5892609758885,3.23903023264872e-06
"ENSG00000131495","NDUFA2",0.380271470031318,0.00275039244465128
"ENSG00000131507","NDFIP1",0.226801778633605,0.00490773944017742
"ENSG00000131558","EXOC4",0.320741012596063,0.00251894674546175
"ENSG00000131732","ZCCHC9",0.256626746760124,0.00989605302849987
"ENSG00000131746","TNS4",0.971586026172443,0.00132881725624063
"ENSG00000131871","SELENOS",0.253938454301943,0.0043062427620564
"ENSG00000131943","C19orf12",0.456055588156153,3.87672103599123e-06
"ENSG00000132254","ARFIP2",0.28967600697915,0.00265964526494099
"ENSG00000132535","DLG4",0.380531717388046,0.0271240665347297
"ENSG00000132581","SDF2",0.301011023170546,0.000885915891316503
"ENSG00000132623","ANKEF1",0.491441882876296,0.0181748185622815
"ENSG00000132635","PCED1A",0.581413407159938,1.25499490274804e-05
"ENSG00000132676","DAP3",0.285044892576454,0.000917699479355394
"ENSG00000132716","DCAF8",0.24730880654034,0.0236268278848038
"ENSG00000132821","VSTM2L",0.547905107409453,0.0497823107603169
"ENSG00000132881","CPLANE2",0.834911359739279,0.00165217690833442
"ENSG00000132963","POMP",0.226187924135653,0.00696074466229424
"ENSG00000133027","PEMT",0.383660645358844,0.00340998074248849
"ENSG00000133103","COG6",0.387560482089076,0.0137158827636468
"ENSG00000133112","TPT1",0.35794586845826,0.000156104669138056
"ENSG00000133121","STARD13",0.334201827844406,0.0391689347330443
"ENSG00000133135","RNF128",1.1342994736618,0.000972552369718088
"ENSG00000133195","SLC39A11",0.833901079750906,1.27360428002357e-07
"ENSG00000133313","CNDP2",0.229037088634566,0.0163632525904446
"ENSG00000133665","DYDC2",0.55712097588912,0.0328792776431807
"ENSG00000133678","TMEM254",0.412649250145016,0.00544273943880753
"ENSG00000133731","IMPA1",0.258687701804665,0.0249288024595313
"ENSG00000133805","AMPD3",0.838973398578713,3.15195850469606e-06
"ENSG00000133816","MICAL2",0.314880016569246,0.0136273076484632
"ENSG00000133872","SARAF",0.216045568582989,0.0177630430541788
"ENSG00000133884","DPF2",0.203710070062832,0.026389213505461
"ENSG00000133935","ERG28",0.477835035931246,0.000715133048075436
"ENSG00000134056","KGD4",0.275054955175589,0.0109043283439096
"ENSG00000134070","IRAK2",0.65717484288233,0.0023919894639541
"ENSG00000134153","EMC7",0.240192106128232,0.018999516428262
"ENSG00000134248","LAMTOR5",0.508029969610278,2.02222713585264e-07
"ENSG00000134262","AP4B1",0.369668245069222,0.002725274743971
"ENSG00000134287","ARF3",0.252691612840001,3.96936602000369e-05
"ENSG00000134294","SLC38A2",0.196032397255144,0.0179691689556129
"ENSG00000134330","IAH1",0.95909322445742,1.39400821757211e-12
"ENSG00000134452","FBH1",0.193258624396514,0.017630330217179
"ENSG00000134490","TMEM241",0.40137273035118,0.0016722512692637
"ENSG00000134504","KCTD1",0.328559846346144,0.00689772270864354
"ENSG00000134575","ACP2",0.454371247608948,0.00123248063685104
"ENSG00000134897","BIVM",0.32662155984107,0.000229661883628433
"ENSG00000134986","NREP",0.565211425661175,0.0011436013157732
"ENSG00000135046","ANXA1",0.266499825936551,0.0151783483843091
"ENSG00000135114","OASL",1.15105701877118,0.000419919908447739
"ENSG00000135297","MTO1",0.343664171392646,0.00970685257317379
"ENSG00000135341","MAP3K7",0.146669127234247,0.0426553793324096
"ENSG00000135390","ATP5MC2",0.23735465675006,0.0136843615843289
"ENSG00000135441","BLOC1S1",0.251109104587089,0.0385758959348985
"ENSG00000135452","TSPAN31",1.17116862815593,6.40635404213484e-14
"ENSG00000135677","GNS",0.282880051303019,0.00116840832430954
"ENSG00000135678","CPM",0.585842744756927,0.0238807212969012
"ENSG00000135723","FHOD1",0.314741683877363,0.00363734031229563
"ENSG00000135740","SLC9A5",0.788033544970933,0.00417756942077454
"ENSG00000135749","PCNX2",0.558294074074013,3.35919613416951e-05
"ENSG00000135916","ITM2C",0.463945828171556,0.00399586209623188
"ENSG00000135919","SERPINE2",0.315360181850625,0.0181408882139294
"ENSG00000135940","COX5B",0.301387875018332,0.00244110122715309
"ENSG00000135974","C2orf49",0.361307479864271,0.00415925305761843
"ENSG00000136002","ARHGEF4",0.712029495310365,0.0164659254851832
"ENSG00000136021","SCYL2",0.280433397386517,0.000420644685428254
"ENSG00000136040","PLXNC1",0.611917371817339,0.0319841306751414
"ENSG00000136059","VILL",0.648286746558076,0.0211783828561433
"ENSG00000136156","ITM2B",0.277835177369028,0.000501913958416413
"ENSG00000136247","ZDHHC4",0.38987395480819,0.000143019036681459
"ENSG00000136271","DDX56",0.241539022577988,0.0013557910385324
"ENSG00000136274","NACAD",1.14245931865576,0.000788635153910848
"ENSG00000136319","TTC5",0.268067032302189,0.0372880889064815
"ENSG00000136367","ZFHX2",0.867497020264225,0.000582610379264912
"ENSG00000136378","ADAMTS7",0.587238399652067,0.0386179112343213
"ENSG00000136448","NMT1",0.157926433544136,0.032533559171867
"ENSG00000136521","NDUFB5",0.279104508886269,0.037036390338724
"ENSG00000136631","VPS45",0.304401832491117,0.0312158155666067
"ENSG00000136689","IL1RN",0.653142668140613,0.0140785532133977
"ENSG00000136754","ABI1",0.198933022229931,0.0461015006938999
"ENSG00000136830","NIBAN2",0.364253966695222,2.43858374887867e-05
"ENSG00000136840","ST6GALNAC4",0.287063669038224,0.0289200545371802
"ENSG00000136888","ATP6V1G1",0.564855962386885,4.69521946389373e-14
"ENSG00000136930","PSMB7",0.350704713002299,1.42430228468093e-05
"ENSG00000137076","TLN1",0.290882733735286,0.00691464120700942
"ENSG00000137100","DCTN3",0.280785621834732,0.0239348468610498
"ENSG00000137103","TMEM8B",0.605191500307946,0.0141775840524269
"ENSG00000137106","GRHPR",0.459618934776082,6.08849500948712e-09
"ENSG00000137171","KLC4",0.741593355376837,0.000193190600051361
"ENSG00000137207","YIPF3",0.53167592905599,3.65633313566629e-10
"ENSG00000137218","FRS3",0.87857294524674,0.00451905453333608
"ENSG00000137288","UQCC2",0.351207723329707,0.0234565396900566
"ENSG00000137343","ATAT1",0.737173068153181,0.000105236662041882
"ENSG00000137393","RNF144B",0.377111716784873,0.0369261488071565
"ENSG00000137494","ANKRD42",0.650603069823735,7.47952873677746e-05
"ENSG00000137502","RAB30",0.404263601798939,0.0156340101256706
"ENSG00000137509","PRCP",0.473176329824909,5.47227648349628e-08
"ENSG00000137547","MRPL15",0.221819375763772,0.0254611585039915
"ENSG00000137691","CFAP300",1.18550883798083,0.000443376742555117
"ENSG00000137752","CASP1",1.11992567430321,9.12984497090598e-08
"ENSG00000137806","NDUFAF1",0.254101806811332,0.0280586759203504
"ENSG00000137818","RPLP1",0.167132907891929,0.0346990154526876
"ENSG00000137944","KYAT3",0.43824635699773,0.00273956729465011
"ENSG00000137965","IFI44",1.12625282162305,4.31266790325104e-06
"ENSG00000138029","HADHB",0.510033071467595,4.67907029497691e-09
"ENSG00000138073","PREB",0.207555867067848,0.0450791247548655
"ENSG00000138085","ATRAID",0.491534042998841,1.02262042624155e-06
"ENSG00000138138","ATAD1",0.26276097562882,0.00275345810726553
"ENSG00000138279","ANXA7",0.331228559082223,0.000394498223760227
"ENSG00000138326","RPS24",0.117622566336171,0.0328506151960019
"ENSG00000138356","AOX1",0.636656744472518,3.55147963974141e-05
"ENSG00000138411","HECW2",0.384865408305646,0.0279666397460665
"ENSG00000138413","IDH1",0.679085867329661,3.60084007229196e-07
"ENSG00000138433","CIR1",0.236683101934885,0.0127269547759517
"ENSG00000138617","PARP16",0.62878069607374,0.000183832795218193
"ENSG00000138642","HERC6",0.513461572612528,0.00689172794997391
"ENSG00000138663","COPS4",0.275895034505602,0.0367901006445515
"ENSG00000138738","PRDM5",0.545969784104991,0.0347447079876093
"ENSG00000138764","CCNG2",0.359204883893086,0.0267658167914268
"ENSG00000138768","USO1",0.270589613999498,0.000316985731681899
"ENSG00000138801","PAPSS1",0.311835072003839,0.000411544592693823
"ENSG00000138835","RGS3",0.836820167844662,5.79740824996894e-09
"ENSG00000139112","GABARAPL1",1.09378131539015,4.38244228100045e-11
"ENSG00000139132","FGD4",0.581767873019966,0.00170722931740072
"ENSG00000139168","ZCRB1",0.164753000381322,0.00422243823949541
"ENSG00000139173","TMEM117",0.580514696678058,0.00419953076059378
"ENSG00000139178","C1RL",0.823798505959738,1.92872050391758e-10
"ENSG00000139192","TAPBPL",0.47916921539823,0.0169638478492196
"ENSG00000139323","POC1B",0.581018439934433,2.08830000485121e-05
"ENSG00000139410","SDSL",0.731404165670351,0.000369354018025887
"ENSG00000139546","TARBP2",0.262633562616281,0.0177659927307894
"ENSG00000139636","LMBR1L",0.795146526666327,8.74342080120906e-08
"ENSG00000139641","ESYT1",0.296109502403009,0.00105946387832106
"ENSG00000139915","MDGA2",0.444982304181854,0.0231190329848846
"ENSG00000139974","SLC38A6",0.734272566868423,4.684123993651e-08
"ENSG00000139985","ADAM21",0.86185148137425,0.00338909103734432
"ENSG00000139990","DCAF5",0.609607226213145,2.2171154469219e-12
"ENSG00000140264","SERF2",0.393375486038215,0.000310211277559716
"ENSG00000140265","ZSCAN29",0.269961080343263,0.0196685126690831
"ENSG00000140319","SRP14",0.396572352274348,5.96968162951737e-06
"ENSG00000140395","SKIC8",0.281607809006185,0.0189189868821064
"ENSG00000140463","BBS4",0.410605562184304,0.00363734031229563
"ENSG00000140474","ULK3",0.364481805567665,0.00207758948325468
"ENSG00000140563","MCTP2",0.526116369526338,0.0241360427487733
"ENSG00000140688","RUSF1",0.380409388849747,0.000406810257111982
"ENSG00000140718","FTO",0.359531956752472,0.0026322984509108
"ENSG00000140740","UQCRC2",0.274274438095354,0.0042213950379743
"ENSG00000140987","ZSCAN32",0.241222479797859,0.0422283447141955
"ENSG00000140995","DEF8",0.256478164659361,0.00796205169065699
"ENSG00000141002","TCF25",0.276830233555655,0.000345481956395291
"ENSG00000141012","GALNS",0.619068132929236,0.000305447549733873
"ENSG00000141179","PCTP",0.554285517626853,0.000222491661885612
"ENSG00000141279","NPEPPS",0.179126770139551,0.0101301685842627
"ENSG00000141349","G6PC3",0.319894263846035,0.000473343951492962
"ENSG00000141367","CLTC",0.235468418893279,0.00333772671679772
"ENSG00000141376","BCAS3",0.564720459423467,0.0122918855000715
"ENSG00000141441","GAREM1",0.494778048330471,0.018003507528363
"ENSG00000141551","CSNK1D",0.257487478518354,0.000535273943333677
"ENSG00000141552","ANAPC11",0.206538175744691,0.0365342000263572
"ENSG00000141741","MIEN1",0.560969958839711,1.42023631921588e-09
"ENSG00000142065","ZFP14",0.620485228342535,0.0112087301050537
"ENSG00000142082","SIRT3",0.389729919190329,0.0124710472012064
"ENSG00000142102","PGGHG",0.565154958724119,0.0127721631495582
"ENSG00000142168","SOD1",0.189031339022288,0.000772444078175845
"ENSG00000142192","APP",0.210481015510727,0.00570465591481645
"ENSG00000142235","LMTK3",0.712893251892808,0.0160348870803951
"ENSG00000142534","RPS11",0.284699722573102,0.00634904341485032
"ENSG00000142541","RPL13A",0.269049672095268,0.0121194407898216
"ENSG00000142684","ZNF593",0.287756890148053,0.0145001544846023
"ENSG00000142686","C1orf216",0.328012751008362,0.00224421874251205
"ENSG00000142687","KIAA0319L",0.27497367147576,0.00388112890844884
"ENSG00000142733","MAP3K6",0.67873515683872,6.448965418197e-05
"ENSG00000142920","AZIN2",0.566929774044499,0.0316367025727323
"ENSG00000142961","MOB3C",0.873875151138714,9.88445432458627e-05
"ENSG00000143106","PSMA5",0.236412243919471,0.0403891462043698
"ENSG00000143156","NME7",0.554058795031486,3.06651634232055e-10
"ENSG00000143158","MPC2",0.437267290858631,4.22697746099631e-05
"ENSG00000143164","DCAF6",0.236001088986828,0.00590886914828883
"ENSG00000143178","TBX19",1.11974043764541,0.00046023390458169
"ENSG00000143183","TMCO1",0.272347045596934,0.00028972587215707
"ENSG00000143198","MGST3",0.795634728033803,1.49250858056052e-13
"ENSG00000143222","UFC1",0.398632281718595,8.61172624876608e-05
"ENSG00000143224","PPOX",1.11814404571689,9.78913742596231e-09
"ENSG00000143252","SDHC",0.575924324059943,5.72978185210108e-06
"ENSG00000143353","LYPLAL1",0.503046854189677,8.47038546980652e-05
"ENSG00000143363","PRUNE1",0.330156413036065,0.0330543453594957
"ENSG00000143486","EIF2D",0.24160346112198,0.0245328169757552
"ENSG00000143545","RAB13",0.454193992661564,0.000892490825921738
"ENSG00000143612","C1orf43",0.252206782210088,0.0176787103939826
"ENSG00000143653","SCCPDH",0.206120915384987,0.0415601733955223
"ENSG00000143774","GUK1",0.237737728152857,0.00901650027158843
"ENSG00000143786","CNIH3",0.546009876536871,0.000137100872383246
"ENSG00000143816","WNT9A",1.1754482884258,0.000799753269946279
"ENSG00000143845","ETNK2",1.08046324916841,3.73773763473426e-07
"ENSG00000143878","RHOB",0.377433201871727,0.0374628061439544
"ENSG00000143919","CAMKMT",0.43858412970905,0.0310275129190814
"ENSG00000143947","RPS27A",0.319855496265673,0.00134317126058265
"ENSG00000144136","SLC20A1",0.50932982041821,4.03876788375444e-07
"ENSG00000144331","ZNF385B",0.552010503559317,0.0192899491173965
"ENSG00000144451","SPAG16",0.316355041079469,0.000891302548030093
"ENSG00000144452","ABCA12",0.896884123106395,0.00352114492174715
"ENSG00000144566","RAB5A",0.165206540574094,0.00684691866799289
"ENSG00000144597","EAF1",0.446016583706763,8.17784332721828e-05
"ENSG00000145014","TMEM44",0.449520990701251,0.0150152748955213
"ENSG00000145022","TCTA",0.491594428986941,8.81265298908584e-06
"ENSG00000145214","DGKQ",0.820679078602914,3.92237952041546e-06
"ENSG00000145246","ATP10D",0.798098331803759,7.23239961192189e-09
"ENSG00000145247","OCIAD2",0.589623082091356,5.8779406251751e-07
"ENSG00000145494","NDUFS6",0.268039286205645,5.20597134156354e-07
"ENSG00000145592","RPL37",0.18061935800299,0.0497303901601159
"ENSG00000145743","FBXL17",0.383723878170365,0.0122543625692143
"ENSG00000145781","COMMD10",0.335304392150707,0.0454289789134946
"ENSG00000145817","YIPF5",0.412889307116561,0.000228839276578684
"ENSG00000145901","TNIP1",0.271478418119684,0.00444814263360054
"ENSG00000145979","TBC1D7",0.381681177922941,0.00241684033507087
"ENSG00000145982","FARS2",0.339284383731606,0.00387122220733706
"ENSG00000146066","HIGD2A",0.305123450406161,0.000369985051856524
"ENSG00000146232","NFKBIE",0.457137576188433,0.00688945872305452
"ENSG00000146278","PNRC1",0.66817485567173,0.000473735966258301
"ENSG00000146386","ABRACL",0.532784033976265,2.07516530482963e-07
"ENSG00000146409","SLC18B1",0.789913639728005,0.000128378682646937
"ENSG00000146416","AIG1",0.312191423291394,0.0163427621157947
"ENSG00000147100","SLC16A2",0.438701347085313,0.0124784846833919
"ENSG00000147144","CCDC120",0.587781429325948,0.0376622997613552
"ENSG00000147403","RPL10",0.262326218480783,0.00380947671722261
"ENSG00000147419","CCDC25",0.184008200793538,0.0253496802812256
"ENSG00000147684","NDUFB9",0.30553456994225,1.68307336159894e-05
"ENSG00000147687","TATDN1",0.234137803470558,0.0332998317355758
"ENSG00000148154","UGCG",0.245983098336315,0.0100852254962254
"ENSG00000148290","SURF1",0.457408380410846,7.77967955083288e-05
"ENSG00000148303","RPL7A",0.161877191341929,0.0368501773017365
"ENSG00000148358","GPR107",0.345694760274837,0.000319843710289522
"ENSG00000148444","COMMD3",0.299226027152594,0.0312446084616404
"ENSG00000148450","MSRB2",0.653049847789633,3.72848841425521e-07
"ENSG00000148481","MINDY3",0.373183830654622,0.00111629048301035
"ENSG00000148484","RSU1",0.196329094388701,0.0447854043667092
"ENSG00000148572","NRBF2",0.357873093783065,0.000309579247278806
"ENSG00000148634","HERC4",0.430061644557422,1.38570173832923e-05
"ENSG00000148690","FRA10AC1",0.258601598315751,0.01252952763379
"ENSG00000148803","FUOM",0.574905827290399,2.31584967800521e-05
"ENSG00000148824","MTG1",0.35125562115761,0.000650054103790258
"ENSG00000148834","GSTO1",0.701817176006284,4.01791160332818e-10
"ENSG00000149357","LAMTOR1",0.388725551706612,6.73296368786614e-08
"ENSG00000149489","ROM1",0.503372989067767,0.0362511283194487
"ENSG00000149499","EML3",0.413527495291508,0.00329776211188151
"ENSG00000149600","COMMD7",0.475677704141637,1.83415928350172e-06
"ENSG00000149792","MRPL49",0.284575102181579,0.0111771821962954
"ENSG00000149806","FAU",0.296888725456761,2.45386213248497e-05
"ENSG00000150455","TIRAP",0.62854020497331,8.01535246989134e-05
"ENSG00000150456","EEF1AKMT1",0.347293445101437,0.00756929095428999
"ENSG00000150625","GPM6A",0.59956477253082,0.0352359371557523
"ENSG00000150687","PRSS23",0.380529764996863,0.0356872712990317
"ENSG00000150779","TIMM8B",0.361354206229697,0.000183509295593781
"ENSG00000150787","PTS",0.275883868637838,0.0270667806020529
"ENSG00000151093","OXSM",0.349171226487504,0.0429996839892034
"ENSG00000151150","ANK3",0.494666385970077,0.0423276207749392
"ENSG00000151413","NUBPL",0.275213540155017,0.00156518058617099
"ENSG00000151445","VIPAS39",0.630115225965375,1.76414805498881e-08
"ENSG00000151500","THYN1",0.394299208684878,0.000597992089143414
"ENSG00000151552","QDPR",0.237885278437936,0.0151270663610283
"ENSG00000151575","TEX9",0.434409457714862,0.038416360570613
"ENSG00000151611","MMAA",0.428088482092838,0.0307542818110203
"ENSG00000151612","ZNF827",0.294267009151204,0.0139509068733882
"ENSG00000151617","EDNRA",0.68058731916179,3.96936602000369e-05
"ENSG00000151632","AKR1C2",0.624432261806657,0.0176987962496129
"ENSG00000151694","ADAM17",0.196532790928519,0.0142370653746677
"ENSG00000151743","AMN1",0.480487959105492,0.00590203710348699
"ENSG00000151746","BICD1",0.306237324772203,0.0094084955832614
"ENSG00000151917","BEND6",0.409609470797024,0.0143284032072018
"ENSG00000152234","ATP5F1A",0.183580442262305,0.0233775542150709
"ENSG00000152348","ATG10",0.379753403611254,0.0152373254660274
"ENSG00000152556","PFKM",0.49818210912477,1.35276947236351e-07
"ENSG00000152669","CCNO",0.500979162818203,0.0210319817013372
"ENSG00000152684","PELO",0.421040015214649,0.000639406494380185
"ENSG00000152778","IFIT5",0.393085761724569,0.00226672401017397
"ENSG00000153006","SREK1IP1",0.221840312995814,0.0171316132045413
"ENSG00000153029","MR1",1.88882685997257,6.54114117431202e-14
"ENSG00000153130","SCOC",0.319566621048658,0.00263237708302405
"ENSG00000153233","PTPRR",0.441097113839068,0.0257511672526501
"ENSG00000153294","ADGRF4",0.756847493957587,2.74857086004905e-05
"ENSG00000153363","LINC00467",0.369713320716626,0.0291090911806204
"ENSG00000153404","PLEKHG4B",0.586492493999942,0.00429790408117338
"ENSG00000153531","ADPRHL1",1.30880774983315,9.20233130566923e-05
"ENSG00000153823","PID1",0.669270418498349,0.00133240193948339
"ENSG00000153898","MCOLN2",0.319141099223103,0.0415822302230017
"ENSG00000153982","GDPD1",0.723832482258473,0.00542477065783025
"ENSG00000154079","SDHAF4",0.483002505280963,0.0124710472012064
"ENSG00000154102","C16orf74",0.350388587690481,0.00433366633649612
"ENSG00000154188","ANGPT1",0.523042616994023,0.0436975282763969
"ENSG00000154222","CC2D1B",0.55790904604772,1.00193972157767e-05
"ENSG00000154493","C10orf90",0.649294721334486,0.0249763105905654
"ENSG00000154710","RABGEF1",0.34699131975033,0.00876656530870104
"ENSG00000154764","WNT7A",0.565432007511041,0.0303335426401153
"ENSG00000154889","MPPE1",0.509326816732088,0.00126964871925582
"ENSG00000154917","RAB6B",0.55715707362105,0.0112898678486824
"ENSG00000155158","TTC39B",0.789100410850164,0.000126878497875207
"ENSG00000155229","MMS19",0.211734816824123,0.0198881705213353
"ENSG00000155463","OXA1L",0.463574342468601,2.66872539537851e-09
"ENSG00000155508","CNOT8",0.280863039441278,0.0256315214773787
"ENSG00000155876","RRAGA",0.551047111014779,2.09500749691895e-08
"ENSG00000155957","TMBIM4",0.333454365737224,0.00663565828714989
"ENSG00000156103","MMP16",0.430289120404511,0.00454836751422242
"ENSG00000156110","ADK",0.200762160619719,0.0494788583079225
"ENSG00000156171","DRAM2",0.681391209369393,2.79841768260776e-07
"ENSG00000156253","RWDD2B",0.456044638914307,3.40285413899437e-08
"ENSG00000156411","ATP5MJ",0.243705464833767,0.00392245450259438
"ENSG00000156467","UQCRB",0.331108702042244,5.28934345603323e-05
"ENSG00000156482","RPL30",0.232694877271148,0.000783909717871215
"ENSG00000156508","EEF1A1",0.467838569167416,2.39518980930108e-05
"ENSG00000156603","MED19",0.163856633855911,0.0404873295901601
"ENSG00000156804","FBXO32",0.646473257816405,0.00456564899534914
"ENSG00000156958","GALK2",0.275515217062438,0.0380442128734845
"ENSG00000156976","EIF4A2",0.344460386777579,0.00431654715522962
"ENSG00000156990","RPUSD3",0.254523512127715,0.00207536492400938
"ENSG00000157020","SEC13",0.366605881379068,1.10792713835282e-05
"ENSG00000157111","TMEM171",0.657804154188251,0.0168694501972531
"ENSG00000157191","NECAP2",0.581134585999391,5.25407526134884e-07
"ENSG00000157224","CLDN12",0.410035106274731,0.00172030981656779
"ENSG00000157353","FCSK",0.677241609583193,0.00106048907073182
"ENSG00000157538","VPS26C",0.525771360767253,8.65772877474482e-06
"ENSG00000157551","KCNJ15",0.851902141844047,0.000568478140933992
"ENSG00000157593","SLC35B2",0.338770452772793,0.000647750137937491
"ENSG00000157600","TMEM164",0.303594533980679,0.00609799973718952
"ENSG00000157823","AP3S2",0.590494554014943,2.93705131490346e-05
"ENSG00000157911","PEX10",0.50952938895263,8.24294643221367e-06
"ENSG00000157916","RER1",0.399579333526843,7.32127149688148e-06
"ENSG00000157954","WIPI2",0.324462652928905,2.05515142364568e-06
"ENSG00000158006","PAFAH2",0.624942860423903,1.13530750101969e-07
"ENSG00000158023","CFAP251",0.589766360381287,0.0066534545258707
"ENSG00000158411","MITD1",0.323782523333198,0.00524884848122618
"ENSG00000158639","PAGE5",0.479069645143354,0.000262111244730201
"ENSG00000158796","DEDD",0.253860114105962,0.0253496802812256
"ENSG00000158805","ZNF276",0.305377466476437,0.0436581599728595
"ENSG00000158864","NDUFS2",0.302822602092772,0.0207047730341311
"ENSG00000159111","MRPL10",0.277745654749542,0.000931785955775653
"ENSG00000159210","SNF8",0.163530838721891,0.0293502226244375
"ENSG00000159377","PSMB4",0.35990100780131,7.83296804451501e-05
"ENSG00000159403","C1R",0.613899041599357,0.0312054556295403
"ENSG00000159423","ALDH4A1",0.500996219363726,0.00894678113556182
"ENSG00000159596","TMEM69",0.221628908885809,0.0391472694767014
"ENSG00000159720","ATP6V0D1",0.533443717979714,6.30002742917172e-08
"ENSG00000159733","ZFYVE28",0.480010464468241,0.0170001606869179
"ENSG00000159792","PSKH1",0.340954224505692,0.0116463785482632
"ENSG00000159885","ZNF222",0.50977623539934,0.0366187496848226
"ENSG00000159921","GNE",0.310110884256907,0.0348540687200724
"ENSG00000160055","TMEM234",0.569908207358603,0.000351560921423358
"ENSG00000160325","CACFD1",1.08456775818403,0.00103784292910872
"ENSG00000160445","ZER1",0.682464036761942,0.000888320637557958
"ENSG00000160471","COX6B2",0.736208846503765,0.00990383946637153
"ENSG00000160588","MPZL3",0.431271174613989,0.0411731320575629
"ENSG00000160688","FLAD1",0.50804392978642,1.47629649470409e-05
"ENSG00000160714","UBE2Q1",0.211852755210047,0.017089715816522
"ENSG00000161013","MGAT4B",0.397094911121434,3.63325309364287e-05
"ENSG00000161016","RPL8",0.242732564633044,0.00175595087622535
"ENSG00000161057","PSMC2",0.313826532138356,0.000671567893837155
"ENSG00000161202","DVL3",0.336636006243435,0.000196379403132068
"ENSG00000161203","AP2M1",0.180630382703291,0.0117759717970795
"ENSG00000161395","PGAP3",0.711330635648415,0.000892490825921738
"ENSG00000161671","EMC10",0.398732774776651,8.68681406138329e-05
"ENSG00000162191","UBXN1",0.413841733194062,5.09042138484062e-06
"ENSG00000162222","TTC9C",0.408869283637589,0.00140372321910369
"ENSG00000162244","RPL29",0.24255749548293,0.0277937208480104
"ENSG00000162341","TPCN2",0.391588572132339,0.0233469899260759
"ENSG00000162396","PARS2",0.641072289071904,0.000327742526246496
"ENSG00000162542","TMCO4",0.512369804107209,0.00147576252003492
"ENSG00000162585","FAAP20",0.247073602506817,0.0283102251681445
"ENSG00000162604","TM2D1",0.398774790820033,2.83999991530996e-05
"ENSG00000162618","ADGRL4",0.192085296135757,0.0252035446525392
"ENSG00000162643","DNAI3",0.838977170264531,0.00678046609443864
"ENSG00000162688","AGL",0.369076751175199,0.00026722639928365
"ENSG00000162704","ARPC5",0.242139401473826,0.00570465591481645
"ENSG00000162735","PEX19",0.512495330750983,6.87075016904486e-07
"ENSG00000162736","NCSTN",0.325115646523051,0.0124796691297038
"ENSG00000162738","VANGL2",0.989012175960187,0.00066482369995871
"ENSG00000162813","BPNT1",0.305599523528546,0.0200906687915533
"ENSG00000162825","NBPF20",0.496705036722834,0.011358587345741
"ENSG00000162836","ACP6",0.420758106190098,0.00440803197765474
"ENSG00000162849","KIF26B",1.2373286182484,9.17580641494912e-05
"ENSG00000162923","WDR26",0.477633161716458,6.83892417224317e-07
"ENSG00000162961","DPY30",0.340432688384248,0.00361204845430775
"ENSG00000162976","SLC66A3",0.799301515090105,8.43064956234347e-05
"ENSG00000162999","DUSP19",0.540826819665516,0.00749963797703928
"ENSG00000163001","CFAP36",0.703795068637096,5.22841107040318e-08
"ENSG00000163155","LYSMD1",0.420118317229466,0.0257845956786956
"ENSG00000163156","SCNM1",0.456361899963512,2.33217289083e-06
"ENSG00000163159","VPS72",0.249832309935657,0.020797966557528
"ENSG00000163322","ABRAXAS1",0.480865485905621,0.000956615597913583
"ENSG00000163382","NAXE",0.368102001435089,0.00359661644955742
"ENSG00000163482","STK36",0.636544530848633,9.15871498164199e-08
"ENSG00000163568","AIM2",0.907156207164089,0.000508431876250287
"ENSG00000163584","RPL22L1",0.232723753972263,0.0153728125399803
"ENSG00000163596","ICA1L",0.51204510206969,0.00407210621924702
"ENSG00000163617","CCDC191",0.515118133615151,0.0299127042002473
"ENSG00000163626","COX18",0.290719818591137,0.00852492204699854
"ENSG00000163661","PTX3",0.471228448614837,0.00263206978051673
"ENSG00000163682","RPL9",0.281721406102458,0.0271131412475873
"ENSG00000163719","MTMR14",0.377252289221362,0.00178540851765264
"ENSG00000163734","CXCL3",0.457375533017738,0.0469437436157442
"ENSG00000163738","MTHFD2L",0.27124482037633,0.0399955887427305
"ENSG00000163794","UCN",0.514660179683139,0.00553510194898812
"ENSG00000163795","ZNF513",0.575021131813177,0.0111613639959711
"ENSG00000163975","MELTF",0.68226584890378,3.39888850555187e-18
"ENSG00000164039","BDH2",0.913261642849495,2.43753095078369e-06
"ENSG00000164050","PLXNB1",0.445779387605131,0.0210230652653329
"ENSG00000164062","APEH",0.43007893719999,2.10634989207726e-07
"ENSG00000164068","RNF123",0.485032373536387,0.000128970987421403
"ENSG00000164081","TEX264",0.291736891148473,0.0123574257482579
"ENSG00000164088","PPM1M",1.05428812701687,6.59466998622017e-06
"ENSG00000164096","ARLN",0.764211269620114,1.10251837649854e-17
"ENSG00000164125","GASK1B",1.29186450116694,0.000107732437723855
"ENSG00000164169","PRMT9",0.409302645079048,0.0409843540997936
"ENSG00000164176","EDIL3",0.389492346926065,0.0371202545296449
"ENSG00000164209","SLC25A46",0.46760331813454,5.15266840150396e-06
"ENSG00000164220","F2RL2",0.621605942588455,0.00360657070492824
"ENSG00000164253","WDR41",0.376926229452531,0.000144058938203332
"ENSG00000164258","NDUFS4",0.271396290258449,0.0105226410058885
"ENSG00000164308","ERAP2",0.388362918542509,7.79657315560309e-06
"ENSG00000164332","UBLCP1",0.317046133786704,0.000596564502875916
"ENSG00000164346","NSA2",0.174138264664396,0.0297087569482829
"ENSG00000164347","GFM2",0.420254860299757,0.000857768929755184
"ENSG00000164366","CCDC127",0.338503229362193,0.00113286543732511
"ENSG00000164405","UQCRQ",0.277199853935727,0.0101237932139239
"ENSG00000164442","CITED2",0.600874487831485,1.56587306255246e-06
"ENSG00000164465","DCBLD1",0.408856341372307,0.000728948141093667
"ENSG00000164603","SAMTOR",0.369241347376486,0.0232099418276936
"ENSG00000164620","RELL2",0.595683374534547,0.00575295758036091
"ENSG00000164733","CTSB",0.397493453392906,6.46602123388518e-08
"ENSG00000164867","NOS3",0.394010439358345,0.000362662721279575
"ENSG00000164919","COX6C",0.363533871912934,0.000277909702652153
"ENSG00000164951","PDP1",0.749837421538095,2.62309561708729e-08
"ENSG00000164970","FAM219A",0.419064110679302,0.00289611985680634
"ENSG00000164978","NUDT2",0.668087404839831,1.5413379661349e-07
"ENSG00000165030","NFIL3",0.398606435868258,0.0237891414415447
"ENSG00000165102","HGSNAT",0.366852156177998,0.000366903182190821
"ENSG00000165233","CARD19",0.363115597802043,0.00795982013204411
"ENSG00000165283","STOML2",0.239775408566659,0.0292625086102595
"ENSG00000165502","RPL36AL",0.2955208011655,0.00336847638453762
"ENSG00000165637","VDAC2",0.16009204528561,0.0156340101256706
"ENSG00000165644","COMTD1",0.411899237055799,0.00412033344453693
"ENSG00000165678","GHITM",0.361213041870295,1.36711654840518e-06
"ENSG00000165698","SPACA9",0.461805710682988,0.0433974487551423
"ENSG00000165795","NDRG2",0.506219482067622,0.0078513871872443
"ENSG00000165801","ARHGEF40",0.548758855550921,0.00230995293661177
"ENSG00000165943","MOAP1",0.348079004632225,0.0393732316599108
"ENSG00000165948","IFI27L1",0.387563349330036,0.0226499178790638
"ENSG00000165996","HACD1",0.413123641642522,0.00042326397924466
"ENSG00000166046","TCP11L2",0.829555335933479,0.00459042225659798
"ENSG00000166135","HIF1AN",0.236832044171518,0.0124431581473262
"ENSG00000166136","NDUFB8",0.398741821702353,0.000122411854161257
"ENSG00000166140","ZFYVE19",0.47454964979125,0.00418307862694533
"ENSG00000166169","POLL",0.431615788331472,0.00142884690848976
"ENSG00000166173","LARP6",0.55906030630546,2.80129660366538e-06
"ENSG00000166189","HPS6",0.269018633810444,0.00323749605962375
"ENSG00000166199","ALKBH3",0.36710521381853,0.00274023743975286
"ENSG00000166260","COX11",0.307822646813587,0.00704678704826492
"ENSG00000166262","FAM227B",0.403738050566798,0.0462472346277181
"ENSG00000166275","BORCS7",0.221987943140622,0.0355754308453119
"ENSG00000166333","ILK",0.541167481309316,1.53036625786333e-08
"ENSG00000166337","TAF10",0.391429750695488,0.0182156113121368
"ENSG00000166352","IFTAP",0.617924427206714,7.77625336896815e-06
"ENSG00000166441","RPL27A",0.297959737564862,0.00195415037311674
"ENSG00000166575","TMEM135",0.351661329741284,0.0490070082445219
"ENSG00000166595","CIAO2B",0.294505165810908,0.00585688418391038
"ENSG00000166710","B2M",0.306153609839741,0.00106731946829208
"ENSG00000166750","SLFN5",0.596365020069377,7.66443329556403e-06
"ENSG00000166821","PEX11A",0.611679464125741,8.0828565624081e-05
"ENSG00000166825","ANPEP",0.304381599226539,0.0181203681802283
"ENSG00000166847","DCTN5",0.321935656412729,2.81480182836789e-06
"ENSG00000166887","VPS39",0.488325884156778,2.27172840104788e-05
"ENSG00000166897","ELFN2",0.320086212474747,0.0436072351855876
"ENSG00000166902","MRPL16",0.312150238510895,0.000312647646775964
"ENSG00000166946","CCNDBP1",0.638853826935426,4.77371365928834e-07
"ENSG00000167077","MEI1",0.689422826097699,0.00854242720624205
"ENSG00000167112","TRUB2",0.179557954562539,0.00629144409773303
"ENSG00000167123","CERCAM",0.506578444766231,4.62695318535392e-06
"ENSG00000167136","ENDOG",0.282112098389486,0.00543357349141392
"ENSG00000167220","HDHD2",0.279396773458879,0.0236847723117861
"ENSG00000167232","ZNF91",0.64891472218179,0.00549864284011276
"ENSG00000167272","POP5",0.277654724047145,0.0200258493898887
"ENSG00000167283","ATP5MG",0.256323105475064,0.0107112619078542
"ENSG00000167291","TBC1D16",0.24335659167445,0.0376080781702521
"ENSG00000167315","ACAA2",0.206640480155796,0.0482689526598304
"ENSG00000167323","STIM1",0.279491641166474,0.0184666997860117
"ENSG00000167355","OR51B5",0.433742433633633,0.0174879072456147
"ENSG00000167380","ZNF226",1.06689802911895,5.14985653445558e-10
"ENSG00000167515","TRAPPC2L",0.389003140290654,0.000152466936945438
"ENSG00000167526","RPL13",0.259735650109062,0.00121432150083051
"ENSG00000167549","CORO6",0.592741873016264,0.0325959871933332
"ENSG00000167552","TUBA1A",1.25984128944646,1.35464770210812e-06
"ENSG00000167555","ZNF528",0.889129028054872,0.00086648785783431
"ENSG00000167565","SERTAD3",0.546318838172995,0.0106586121919723
"ENSG00000167566","NCKAP5L",0.317346304547939,0.0248415511426639
"ENSG00000167671","UBXN6",0.369503138907823,0.000202632144997595
"ENSG00000167700","MFSD3",0.591469693793693,7.66443329556403e-06
"ENSG00000167705","RILP",0.487240162397802,0.00997465945391948
"ENSG00000167770","OTUB1",0.245835686924538,0.00186115283229884
"ENSG00000167778","SPRYD3",0.292117615082134,0.0269935418482421
"ENSG00000167815","PRDX2",0.274378416224684,0.0240566301859295
"ENSG00000167863","ATP5PD",0.362309854189666,1.23210242555005e-05
"ENSG00000167985","SDHAF2",0.199461795491269,0.0296658613938531
"ENSG00000167992","VWCE",1.06662308809013,0.00151330770958682
"ENSG00000168002","POLR2G",0.41200751174381,4.24338970031479e-05
"ENSG00000168062","BATF2",0.551131200970459,0.0198166838233158
"ENSG00000168101","NUDT16L1",0.660779932949363,9.04547774224758e-10
"ENSG00000168140","VASN",0.532757294037019,0.00798071204253361
"ENSG00000168216","LMBRD1",0.691810077926995,9.61079241429296e-09
"ENSG00000168256","NKIRAS2",0.271315750781715,0.00951796151287209
"ENSG00000168275","COA6",0.372837251940261,0.00141885029275529
"ENSG00000168288","MMADHC",0.172773568704674,0.0223366420553737
"ENSG00000168291","PDHB",0.326307630128978,0.00256423606874142
"ENSG00000168297","PXK",0.325737235343857,0.0253624842208997
"ENSG00000168300","PCMTD1",0.640998821324698,4.24834903808362e-06
"ENSG00000168374","ARF4",0.312969552010413,0.00678046858265485
"ENSG00000168398","BDKRB2",0.772471709783263,0.00991997426880274
"ENSG00000168522","FNTA",0.183373404889112,0.0491579487184926
"ENSG00000168538","TRAPPC11",0.454827241880295,0.00053071127827207
"ENSG00000168653","NDUFS5",0.356110443388466,0.000121336013481088
"ENSG00000168679","SLC16A4",0.905236379548365,0.00379202097790009
"ENSG00000168701","TMEM208",0.42649199408607,1.80390561358338e-05
"ENSG00000168887","C2orf68",0.38498935048357,0.000233575036629953
"ENSG00000168890","TMEM150A",1.15902351164245,8.19987766740382e-09
"ENSG00000168916","ZNF608",0.471559444479647,0.0488414106142346
"ENSG00000168936","TMEM129",0.417021646963227,0.00102358434372613
"ENSG00000168938","PPIC",0.437251191777535,3.85336976510991e-05
"ENSG00000168958","MFF",0.262275877333156,0.00173604734081245
"ENSG00000168961","LGALS9",0.774074792207756,0.00536980650399274
"ENSG00000169019","COMMD8",0.303966896369762,0.0175925468892471
"ENSG00000169020","ATP5ME",0.233152204648499,0.0119716967699543
"ENSG00000169047","IRS1",0.460885635401226,0.00724736628006232
"ENSG00000169059","VCX3A",0.667073630806488,0.0141409821196047
"ENSG00000169084","DHRSX",0.239522893772443,0.0225929465038293
"ENSG00000169093","ASMTL",0.570826058685967,4.69845090525096e-05
"ENSG00000169100","SLC25A6",0.330757891573612,3.52806046641665e-09
"ENSG00000169217","CD2BP2",0.380934727832433,2.76632616511253e-05
"ENSG00000169223","LMAN2",0.264718003097055,0.000236792459440202
"ENSG00000169231","THBS3",1.02876865489883,0.000176923682388531
"ENSG00000169242","EFNA1",0.944703818091725,0.000242058239709774
"ENSG00000169249","ZRSR2",0.455153597475446,0.000273114543331792
"ENSG00000169519","METTL15",0.340209280912388,0.00903717683400189
"ENSG00000169548","ZNF280A",0.807188240292828,0.00411797593250292
"ENSG00000169567","HINT1",0.353651665788927,0.00447200540202602
"ENSG00000169583","CLIC3",1.0186039682041,4.25004804218665e-05
"ENSG00000169902","TPST1",0.32014715113568,0.0015995162510154
"ENSG00000169964","TMEM42",0.780773304905682,0.00014989360241179
"ENSG00000169976","SF3B5",0.286253253830851,8.95422475397789e-05
"ENSG00000170088","TMEM192",0.276773566159987,0.000846485073007438
"ENSG00000170222","ADPRM",0.498080238442538,0.00851099434350578
"ENSG00000170266","GLB1",0.38014649519568,0.000304947878721967
"ENSG00000170275","CRTAP",0.225044209073511,0.00613412045813508
"ENSG00000170310","STX8",0.581342524406111,2.80129660366538e-06
"ENSG00000170417","TMEM182",0.719969345167403,0.0003538463013317
"ENSG00000170445","HARS1",0.299517849701388,1.17636955607592e-05
"ENSG00000170775","GPR37",0.91219418340967,0.000129059569932423
"ENSG00000170892","TSEN34",0.32897076698335,0.000385495825454272
"ENSG00000170906","NDUFA3",0.399386784004714,0.000163990885292065
"ENSG00000170909","OSCAR",0.890130143134605,0.000249609162923906
"ENSG00000170915","PAQR8",0.468542341224095,0.0450078163363166
"ENSG00000170919",NA,0.585892718131512,0.00671709427285018
"ENSG00000170921","TANC2",0.478596147720999,0.00237674482116643
"ENSG00000170961","HAS2",0.808806844217596,0.0010459442803579
"ENSG00000171055","FEZ2",0.162233613964203,0.012595201502776
"ENSG00000171109","MFN1",0.195111982990582,0.00515265123955395
"ENSG00000171148","TADA3",0.253587641344656,0.0255405834314492
"ENSG00000171150","SOCS5",0.243215039678352,0.0425699082593171
"ENSG00000171202","TMEM126A",0.497623726975877,1.88823767465676e-07
"ENSG00000171223","JUNB",0.354666628367777,0.00492252111004745
"ENSG00000171236","LRG1",0.515895433866855,0.0313467168738364
"ENSG00000171307","ZDHHC16",0.338543342572146,0.00384993444893285
"ENSG00000171421","MRPL36",0.499958525961104,2.12144348795547e-06
"ENSG00000171443","ZNF524",0.496219027120262,0.00399948018667722
"ENSG00000171451","DSEL",0.774152918147899,1.02904043812566e-07
"ENSG00000171469","ZNF561",0.760020339319219,1.20345685714925e-10
"ENSG00000171574","ZNF584",0.30647882806784,0.0430084252849035
"ENSG00000171606","ZNF274",0.348006352335306,0.0129069884863062
"ENSG00000171608","PIK3CD",0.753843173769906,2.12854085047056e-07
"ENSG00000171658",NA,1.13987213104843,4.67759944266427e-05
"ENSG00000171827","ZNF570",1.0338142628984,0.00107678267252135
"ENSG00000171853","TRAPPC12",0.262222132188533,0.0213386186612331
"ENSG00000171858","RPS21",0.362987118680755,0.00253545060642181
"ENSG00000171872","KLF17",0.653506030290741,0.0237476486434935
"ENSG00000171953","ATPAF2",0.394753532391715,0.00169911656227253
"ENSG00000172031","EPHX4",0.477184975744701,0.0271804055660239
"ENSG00000172046","USP19",0.294716097904325,0.00373275088985011
"ENSG00000172171","TEFM",0.36404868971114,0.0180917581087951
"ENSG00000172216","CEBPB",0.374455606132424,0.00234694683162931
"ENSG00000172315","TP53RK",0.347333065784553,0.0102538689243113
"ENSG00000172428","COPS9",0.210574192176768,0.00837681688912295
"ENSG00000172466","ZNF24",0.199305422917755,0.00064290115603421
"ENSG00000172500","FIBP",0.246230817066232,0.00242651531229818
"ENSG00000172586","CHCHD1",0.212673250531828,0.0390508986843257
"ENSG00000172590","MRPL52",0.392893579694508,1.45407294461964e-05
"ENSG00000172638","EFEMP2",0.594986780642634,2.56484585792617e-06
"ENSG00000172830","SSH3",1.45240336083401,3.55485639243168e-13
"ENSG00000172840","PDP2",0.272665649404932,0.0104175202984849
"ENSG00000173113","TRMT112",0.26605722922093,0.0297338881295287
"ENSG00000173153","ESRRA",0.566871222225622,9.32696218246172e-11
"ENSG00000173264","GPR137",0.457152584925148,2.40184553345463e-05
"ENSG00000173451","THAP2",0.503618511368096,0.0294767626056691
"ENSG00000173482","PTPRM",0.34728831987862,0.0373764167375868
"ENSG00000173545","ZNF622",0.275060675468104,0.000715648235786574
"ENSG00000173575","CHD2",0.414178342419341,3.62200865649703e-05
"ENSG00000173727",NA,0.359066200195294,0.0166660924030502
"ENSG00000173875","ZNF791",0.26789714950374,0.000416245815312318
"ENSG00000173915","ATP5MK",0.359428089307925,3.37691403903693e-06
"ENSG00000174032","SLC25A30",0.434001740038534,0.0344281178707579
"ENSG00000174080","CTSF",0.795390045914631,5.03783209148407e-05
"ENSG00000174276","ZNHIT2",0.41341882185997,0.00112186744689896
"ENSG00000174332","GLIS1",0.607058070070589,0.00854242720624205
"ENSG00000174446","SNAPC5",0.60954189112973,1.85515134024748e-05
"ENSG00000174456","C12orf76",0.609980335678269,0.000941029229718972
"ENSG00000174574","AKIRIN1",0.342832101018484,3.40655592623889e-06
"ENSG00000174705","SH3PXD2B",0.417886078419847,0.0387654372696082
"ENSG00000174748","RPL15",0.210199722122332,0.00369052689261114
"ENSG00000174837","ADGRE1",1.047939515285,0.00157466210312069
"ENSG00000174851","YIF1A",0.612740851448182,1.23929574519438e-11
"ENSG00000174886","NDUFA11",0.272398640024047,0.0064520632452242
"ENSG00000174938","SEZ6L2",0.742869249354424,0.00084781397508783
"ENSG00000174939","ASPHD1",0.485615512862678,0.010959630588471
"ENSG00000174943","KCTD13",0.588252821886576,7.77030842946688e-05
"ENSG00000174989","FBXW8",0.379516533043027,0.0157704322743908
"ENSG00000175061","SNHG29",0.481304149847835,3.91551406976456e-05
"ENSG00000175137","SH3BP5L",0.602993644100172,1.47983560376175e-05
"ENSG00000175283","DOLK",0.332457200941954,0.0137173312886418
"ENSG00000175294","CATSPER1",0.613340326366491,4.35896083940858e-05
"ENSG00000175575","PAAF1",0.509730462086113,0.000846485073007438
"ENSG00000176142","TMEM39A",0.362025619337978,0.0010979387267313
"ENSG00000176182","MYPOP",0.489937901615311,0.000186458763822207
"ENSG00000176222","ZNF404",0.789046498361274,0.00691038424159787
"ENSG00000176248","ANAPC2",0.443883997295318,0.029912283941733
"ENSG00000176261","ZBTB8OS",0.234578553741592,0.0145443355126781
"ENSG00000176371","ZSCAN2",0.407674662687194,0.0161463172971262
"ENSG00000176383","B3GNT4",0.778807431297159,0.00941005309879709
"ENSG00000176399","DMRTA1",0.59679063883474,0.0109230301773818
"ENSG00000176422","SPRYD4",0.679138190489319,5.64278612625367e-12
"ENSG00000176454","LPCAT4",1.17114666170517,2.29646668394299e-05
"ENSG00000176473","WDR25",0.545051772691174,0.0016281959927756
"ENSG00000176485","PLAAT3",0.441779887955577,0.0117134466287679
"ENSG00000176623","RMDN1",0.20449560936389,0.0342861099728956
"ENSG00000176658","MYO1D",0.59938137808819,0.00695961318390039
"ENSG00000176731","RBIS",0.273644771120044,0.00233032318983943
"ENSG00000176771","NCKAP5",0.414931581336764,0.0373704244517179
"ENSG00000176783","RUFY1",0.230819433823277,0.0224249245985246
"ENSG00000176896","TCEANC",0.673047195943984,0.0170269705486858
"ENSG00000176986","SEC24C",0.385551932480984,2.72439843482749e-05
"ENSG00000177082","WDR73",0.258997199526077,0.0273869235944383
"ENSG00000177283","FZD8",0.798627978635781,2.61376898994669e-07
"ENSG00000177352","CCDC71",0.264912928023715,0.0346518713056524
"ENSG00000177380","PPFIA3",0.515393069207611,0.0424541571164126
"ENSG00000177542","SLC25A22",0.358851222531505,0.00129800731792106
"ENSG00000177556","ATOX1",0.330350154070963,0.000152821615227914
"ENSG00000177628","GBA1",0.598750410426258,0.0362271420436453
"ENSG00000177663","IL17RA",0.423904829376876,8.60044541365558e-05
"ENSG00000177700","POLR2L",0.253646993169772,0.000741525532530717
"ENSG00000177854","TMEM187",0.548701650976869,0.00212835254607788
"ENSG00000177875","CCDC184",0.754100775371575,0.0111508955251108
"ENSG00000177951","BET1L",0.468035934223861,0.000201624769210992
"ENSG00000177954","RPS27",0.314017149284234,0.00673527736842898
"ENSG00000177981","ASB8",0.24758309692555,0.00957170568926556
"ENSG00000178038","ALS2CL",1.4429996908493,2.81267984236385e-10
"ENSG00000178057","NDUFAF3",0.215487019822716,0.0289601970017015
"ENSG00000178234","GALNT11",0.378054089194595,0.00237672041964634
"ENSG00000178385","PLEKHM3",0.394768920136622,0.0232029058080966
"ENSG00000178401","DNAJC22",0.402789866504134,0.0208229222161519
"ENSG00000178585","CTNNBIP1",0.4049354176031,0.00164211380306988
"ENSG00000178694","NSUN3",0.300806214210606,0.0197002227974695
"ENSG00000178761","FAM219B",0.363622011202625,0.00359678829005798
"ENSG00000178802","MPI",0.374539704112228,0.00260958008323797
"ENSG00000178860","MSC",0.491032121183224,0.0417583360373475
"ENSG00000178896","EXOSC4",0.280057975154293,0.00066482369995871
"ENSG00000179083","FAM133A",0.551532067886849,0.0401191475659594
"ENSG00000179151","EDC3",0.229013400270981,0.0497317440356136
"ENSG00000179364","PACS2",0.364042917743646,0.00533164959622501
"ENSG00000179454","KLHL28",0.556096382818408,0.00103965292413233
"ENSG00000179476","DORIP1",0.55967826458012,0.0299695467574561
"ENSG00000179542","SLITRK4",0.549022782407522,0.037528434284583
"ENSG00000179546","HTR1D",0.315463077828631,0.0345054314340824
"ENSG00000179933","C14orf119",0.394546910492645,0.000120078342968108
"ENSG00000179965","ZNF771",0.506933434994037,0.000276772246985028
"ENSG00000180098","TRNAU1AP",0.360077710825545,0.00902870618288884
"ENSG00000180185","FAHD1",0.295878343020384,0.000804200284672877
"ENSG00000180353","HCLS1",0.385804467818041,0.000593934759321584
"ENSG00000180423","HARBI1",0.404287440209243,0.0364203462149294
"ENSG00000180879","SSR4",0.381520845260686,0.000313691316077728
"ENSG00000180917","CMTR2",0.336029614832375,0.0293502226244375
"ENSG00000181004","BBS12",1.2145618330173,2.70399419515756e-08
"ENSG00000181035","SLC25A42",1.36246097803229,5.66535780282895e-05
"ENSG00000181045","SLC26A11",0.813768531025732,0.00503945211531499
"ENSG00000181192","DHTKD1",0.622791538808206,6.8250810072224e-05
"ENSG00000181264","TLCD5",0.359227956708591,0.0033409297694501
"ENSG00000181409","AATK",0.872881109759651,0.00513050369669713
"ENSG00000181513","ACBD4",0.763061881130389,0.00138937816488097
"ENSG00000181523","SGSH",0.619252199005598,3.84365615089221e-05
"ENSG00000181610","MRPS23",0.321736015336393,0.00782378191466753
"ENSG00000181704","YIPF6",0.332561147054464,0.000843844461146924
"ENSG00000181751","MACIR",0.400318169103582,0.00202935709221087
"ENSG00000181804","SLC9A9",0.919112862429375,0.00103312565600485
"ENSG00000181817","LSM10",0.316135343372458,0.00300344287142362
"ENSG00000181852","RNF41",0.492786112649031,5.44055563230264e-05
"ENSG00000181904","C5orf24",0.316864772489262,8.82022714636095e-05
"ENSG00000182093","GET1",0.539789771903705,0.000108880378499619
"ENSG00000182108","DEXI",0.281598186225497,0.0147348416689417
"ENSG00000182154","MRPL41",0.417850804802897,9.62427137684507e-05
"ENSG00000182179","UBA7",0.946342928098195,1.42422064895297e-05
"ENSG00000182180","MRPS16",0.268532480855711,0.00165613030615498
"ENSG00000182195","LDOC1",0.477626610883125,1.2686238367382e-09
"ENSG00000182326","C1S",1.0054733356051,0.00120560756743528
"ENSG00000182362","YBEY",0.414172257466808,0.00783240853625099
"ENSG00000182400","TRAPPC6B",0.369766627462971,0.00194602212239782
"ENSG00000182534","MXRA7",0.53826152461702,8.62646771961813e-05
"ENSG00000182552","RWDD4",0.27481103760191,0.0205830359634806
"ENSG00000182667","NTM",0.218286797207172,0.0413753527679016
"ENSG00000182670","TTC3",0.189657769369266,0.0112053009054075
"ENSG00000182700","IGIP",0.649166414143399,0.0187411108707108
"ENSG00000182718","ANXA2",0.258632710345706,0.0421176222735923
"ENSG00000182752","PAPPA",0.539252898745466,0.015266137074707
"ENSG00000182796",NA,0.491703932645158,0.0265528649040325
"ENSG00000182831","HAPSTR1",0.319475251745778,0.00404076833399609
"ENSG00000182858","ALG12",0.25217360506269,0.019733720474592
"ENSG00000182952","HMGN4",0.306003683594527,0.00261941555946555
"ENSG00000183011","NAA38",0.362209058403023,0.000740938511288023
"ENSG00000183077","AFMID",0.2584817404707,0.0473176436419714
"ENSG00000183161","FANCF",0.358634858013114,0.01402904317271
"ENSG00000183172","SMDT1",0.293481934978716,0.00504005695765232
"ENSG00000183251","OR51B4",0.79597212312078,0.000443376742555117
"ENSG00000183283","DAZAP2",0.298976290375326,9.6244973014598e-06
"ENSG00000183309","ZNF623",0.319080383380272,0.0216643013558705
"ENSG00000183386","FHL3",0.461233496883387,0.000856950732772428
"ENSG00000183401","CCDC159",0.93651715137585,0.00357171210501896
"ENSG00000183421","RIPK4",1.1645147983944,5.42724062065807e-05
"ENSG00000183513","COA5",0.324067237682455,0.0214738808984459
"ENSG00000183648","NDUFB1",0.372231577336182,0.000804200284672877
"ENSG00000183671","CMKLR2",0.91249976595432,0.000714482110647345
"ENSG00000183715","OPCML",0.719955185459611,0.0134348373542226
"ENSG00000183726","TMEM50A",0.301415551168755,0.000276938915591411
"ENSG00000183978","COA3",0.488604164100887,4.73473271835956e-08
"ENSG00000184076","UQCR10",0.212297960664556,0.00941173510261828
"ENSG00000184164","CRELD2",0.262323630941625,0.024681846575572
"ENSG00000184182","UBE2F",0.272483465783201,0.00421739208133642
"ENSG00000184232","OAF",0.28498078101818,0.000138003985552436
"ENSG00000184254","ALDH1A3",1.00407354944492,7.71150693679527e-06
"ENSG00000184277","TM2D3",0.250517557847635,0.01833879275163
"ENSG00000184481","FOXO4",0.653154292500501,0.00356589281985752
"ENSG00000184634","MED12",0.338788186725926,0.0347351775206384
"ENSG00000184831","APOO",0.237074860327509,0.0469630081335074
"ENSG00000184840","TMED9",0.27104892702207,3.88512638115361e-05
"ENSG00000184887","BTBD6",0.317693264142063,0.0305912718943885
"ENSG00000185122","HSF1",0.278355703576374,0.00431769159348355
"ENSG00000185189","NRBP2",0.525324705255117,0.018738278744136
"ENSG00000185236","RAB11B",0.259034245392433,0.00416103182257174
"ENSG00000185247","MAGEA11",0.297671561726591,0.00698276439141774
"ENSG00000185305","ARL15",0.590293803268323,0.00360706181589181
"ENSG00000185359","HGS",0.194549383294205,0.0364418608608031
"ENSG00000185404","SP140L",0.331428174727284,0.0015306023687192
"ENSG00000185475","TMEM179B",0.331327539192084,0.00102072216718835
"ENSG00000185495",NA,0.627910509594425,0.023508487484052
"ENSG00000185519","FAM131C",0.651499389406328,0.0122762474051915
"ENSG00000185561","TLCD2",1.29888074186518,3.07993737917829e-12
"ENSG00000185621","LMLN",0.390688592761287,0.0149672331297171
"ENSG00000185627","PSMD13",0.224656886361761,0.0325134697235906
"ENSG00000185761","ADAMTSL5",0.736927913829894,4.19606447953511e-05
"ENSG00000185808","PIGP",0.294897565189506,0.0303362960563447
"ENSG00000185825","BCAP31",0.21524274900485,0.0326298741604396
"ENSG00000185896","LAMP1",0.2573526163453,0.000778350584063978
"ENSG00000186017","ZNF566",0.396068302740711,0.0313459829689054
"ENSG00000186020","ZNF529",0.447265279352042,0.0192899491173965
"ENSG00000186026","ZNF284",0.714666209368234,2.21386953811115e-05
"ENSG00000186106","ANKRD46",0.356084078726112,0.035269391337975
"ENSG00000186130","ZBTB6",0.326706482619189,0.0165528460167369
"ENSG00000186395","KRT10",0.391082229877533,0.00027161792065375
"ENSG00000186409","CCDC30",0.525297367404797,0.0490391632300023
"ENSG00000186468","RPS23",0.259719121792295,0.00373952874453112
"ENSG00000186469","GNG2",0.42781072819659,0.0463161010560665
"ENSG00000186470","BTN3A2",0.470226779710853,0.000204256076360188
"ENSG00000186480","INSIG1",0.595009436479368,0.000802015010047886
"ENSG00000186577","SMIM29",0.380070891342565,0.000637187028774944
"ENSG00000186594","MIR22HG",0.680260072360131,5.13133107669548e-05
"ENSG00000186666","BCDIN3D",0.649810084168437,0.000715648235786574
"ENSG00000186866","POFUT2",0.356246646863,0.00719106462207162
"ENSG00000186889","TMEM17",0.614293005545253,0.00117734487437864
"ENSG00000187323","DCC",0.687489498682001,0.0193226397484938
"ENSG00000187609","EXD3",0.75096660873046,0.000234596282877395
"ENSG00000187621","LOC124903372",0.749841753672796,0.00700483007765574
"ENSG00000187626","ZKSCAN4",0.719351737542436,8.60973165127375e-06
"ENSG00000187860","CCDC157",0.817175051562751,0.00203448778266254
"ENSG00000187954","ZFTRAF1",0.571280901916045,1.85974653304408e-06
"ENSG00000187957","DNER",0.570106652907948,3.55481395036116e-07
"ENSG00000188010","MORN2",0.782887150530745,1.72001529250925e-08
"ENSG00000188042","ARL4C",0.649981202115334,0.00182908815518975
"ENSG00000188130","MAPK12",0.431372106819831,0.000185279051790855
"ENSG00000188157","AGRN",0.397916378682185,0.0334088645533408
"ENSG00000188243","COMMD6",0.514373976334955,9.85167036381971e-09
"ENSG00000188283","ZNF383",0.599292617505159,0.0039497669739638
"ENSG00000188321","ZNF559",0.653420218743308,0.00626741632186232
"ENSG00000188342","GTF2F2",0.513936763175773,7.39210924772065e-19
"ENSG00000188554","NBR1",0.296437396147534,0.000925121871961442
"ENSG00000188681",NA,0.412303136475008,3.28324504481334e-05
"ENSG00000188735","TMEM120B",0.404725310982002,0.00102880765807673
"ENSG00000188997","KCTD21",0.973141994271475,1.78978567452787e-06
"ENSG00000189043","NDUFA4",0.455754679094776,9.53833470007507e-06
"ENSG00000189067","LITAF",0.237521386994224,0.00509430019077414
"ENSG00000189171","S100A13",0.6651366600859,9.0544850907038e-12
"ENSG00000189190","ZNF600",0.80170348919293,0.00605858486689881
"ENSG00000189252","SPANXN3",0.830757585346415,0.00615189741690214
"ENSG00000189298","ZKSCAN3",0.71513397164643,0.00042401896975553
"ENSG00000189410","SH2D5",0.409274529747155,0.0246474972547891
"ENSG00000196123","MATCAP1",0.628789034658581,0.00113709920803034
"ENSG00000196139","AKR1C3",0.681294628181105,0.00543949947735419
"ENSG00000196177","ACADSB",0.381187033117221,0.00766198051194867
"ENSG00000196227","FAM217B",0.325945446572111,0.000196990344265444
"ENSG00000196267","ZNF836",1.4216107462395,1.77757775159178e-07
"ENSG00000196284","SUPT3H",0.584821896297743,0.000465604753473678
"ENSG00000196406","SPANXD",1.69874372687538,2.45090520060226e-07
"ENSG00000196437","ZNF569",0.655350763931757,0.00418142676610096
"ENSG00000196459","TRAPPC2",0.342859086841515,0.0206512159596802
"ENSG00000196465","MYL6B",0.489940548206419,9.75718705621873e-08
"ENSG00000196639","HRH1",0.325259023683752,0.0014402097592658
"ENSG00000196646","ZNF136",0.386911530519503,0.0356291318189651
"ENSG00000196683","TOMM7",0.25887123329546,0.0124732909529298
"ENSG00000196812","ZSCAN16",0.546882503873871,0.0430084252849035
"ENSG00000196911","KPNA5",0.322058239549075,0.022249917999921
"ENSG00000196954","CASP4",0.407903958997168,6.6168768439531e-05
"ENSG00000196998","WDR45",0.805979673494176,1.71907571230089e-09
"ENSG00000197045","GMFB",0.267463872806672,0.00552113763724263
"ENSG00000197050","ZNF420",0.537193900391118,0.00324112109687351
"ENSG00000197157","SND1",0.146476331127072,0.0476354887864093
"ENSG00000197208","SLC22A4",0.760825457020301,0.0110377134236754
"ENSG00000197261","C6orf141",0.557635669270684,0.00160739435756539
"ENSG00000197302","KRBOX5",0.314653747361709,0.0176808759230088
"ENSG00000197448","GSTK1",0.715646594582391,1.40321308062249e-18
"ENSG00000197530","MIB2",0.443170675072455,0.0198057899916512
"ENSG00000197622","CDC42SE1",0.218489972704735,0.00563510081554713
"ENSG00000197696","NMB",0.530189331793136,0.00125941507301283
"ENSG00000197746","PSAP",0.655145595152204,8.406009912489e-14
"ENSG00000197756","RPL37A",0.244530548521278,0.00318354679316415
"ENSG00000197774","EME2",0.609469290971255,0.00506647205054471
"ENSG00000197780","TAF13",0.448642920275785,0.000432025962115383
"ENSG00000197860","SGTB",0.661066954533577,3.14627213882534e-06
"ENSG00000197863","ZNF790",0.605832905296058,0.0283462756607569
"ENSG00000197956","S100A6",0.796924205218194,3.86033079244784e-10
"ENSG00000197958","RPL12",0.23331983884423,0.000324162660788064
"ENSG00000197993","KEL",0.582431959137741,0.0216006360053297
"ENSG00000198018","ENTPD7",0.340401456353083,0.0189048905346572
"ENSG00000198028","ZNF560",0.876962575843392,0.00454722480929418
"ENSG00000198034","RPS4X",0.16082767498368,0.0354752936959397
"ENSG00000198130","HIBCH",0.370946384773764,0.000240182847783534
"ENSG00000198133","TMEM229B",0.729167468791129,0.00528361696318277
"ENSG00000198162","MAN1A2",0.306590445592512,0.000947534328933738
"ENSG00000198242","RPL23A",0.151828724280373,0.0395905676175825
"ENSG00000198258","UBL5",0.372158492656149,7.11107599374201e-05
"ENSG00000198356","GET3",0.47706079240835,8.68681406138329e-05
"ENSG00000198363","ASPH",0.240967186278568,0.000823317079515979
"ENSG00000198440","ZNF583",1.14291465813017,6.54962106578745e-05
"ENSG00000198522","GPN1",0.214157054135229,0.0386466279406386
"ENSG00000198561","CTNND1",0.322061731216631,0.0327833336058821
"ENSG00000198585","NUDT16",0.262367420243711,0.00719316734358533
"ENSG00000198633","ZNF534",0.574623086387651,0.0426813515776501
"ENSG00000198663","C6orf89",0.318324251860471,2.30751881144966e-08
"ENSG00000198712","MT-CO2",0.588960504172643,5.26166086115475e-05
"ENSG00000198718","TOGARAM1",0.319392993802135,0.0162109926892633
"ENSG00000198727","MT-CYB",0.533908714904301,0.00025443013571187
"ENSG00000198736","MSRB1",0.572670320403406,5.19062101603326e-05
"ENSG00000198794","SCAMP5",0.58572115453772,0.0253764890346593
"ENSG00000198799","LRIG2",0.486538773148812,0.00516501484545717
"ENSG00000198807","PAX9",0.718930148506409,0.00573352660295404
"ENSG00000198818","SFT2D1",0.232302964529322,0.0189734786163279
"ENSG00000198839","ZNF277",0.313835288917835,0.0338146635347047
"ENSG00000198841","KTI12",0.348701461208311,0.010460570466275
"ENSG00000198856","OSTC",0.419811396177849,1.51713002172892e-05
"ENSG00000198886","MT-ND4",0.599686592300477,1.80942401924414e-05
"ENSG00000198894","CIPC",0.422031674525677,0.00904443881957152
"ENSG00000198918","RPL39",0.238806834183137,0.0317778704785293
"ENSG00000198930","CSAG1",0.5944276030887,1.6420905070612e-09
"ENSG00000198933","TBKBP1",0.485046150540682,0.0489336183694878
"ENSG00000198938","MT-CO3",0.353333542781809,0.0175096076947264
"ENSG00000203865","ATP1A1-AS1",0.565677956511204,0.0224075301820078
"ENSG00000203930","LINC00632",0.564761297406604,0.00579573221823253
"ENSG00000203950","RTL8A",0.328318617746705,0.000941075028523117
"ENSG00000204054","LOC124900275",0.37614224920781,0.00375672205096152
"ENSG00000204070","SYS1",0.275969771447198,0.00430757749939805
"ENSG00000204116","CHIC1",0.373093224210088,0.024241976567812
"ENSG00000204237","OXLD1",0.33972898743423,0.0126749452312685
"ENSG00000204257","HLA-DMA",0.578557395932786,0.00312859996688027
"ENSG00000204264","PSMB8",0.89252710092453,1.4812176289028e-07
"ENSG00000204272","NBDY",0.573489888115951,9.91125715042509e-08
"ENSG00000204315","FKBPL",0.324210244486454,0.0419065395473617
"ENSG00000204381","LAYN",0.435948026519283,6.18552106767587e-07
"ENSG00000204397","CARD16",0.833184020314798,0.000691584727867003
"ENSG00000204406","MBD5",0.410292485181753,0.00078395670793288
"ENSG00000204435","CSNK2B",0.32691854090701,0.0252035446525392
"ENSG00000204525","HLA-C",0.953825334535071,7.55686318576003e-11
"ENSG00000204540","PSORS1C1",1.00326589760169,4.75642262439511e-05
"ENSG00000204815","ODAD4",0.485902233302413,0.0446521672500585
"ENSG00000204954","UQCC6",0.440337096856055,0.00160329532566551
"ENSG00000205544","TMEM256",0.63817515797299,3.2247956124426e-06
"ENSG00000205683","DPF3",0.419395940242268,0.0338872900010168
"ENSG00000205707","ETFRF1",0.500734586430272,0.000153573774952759
"ENSG00000205758","CRYZL1",0.332263661405756,0.0122543762457788
"ENSG00000206052","DOK6",0.561112986362805,0.0422283447141955
"ENSG00000206195","DUXAP8",0.348776411511974,0.00630384328046989
"ENSG00000206503","HLA-A",0.303480891894731,0.0294767626056691
"ENSG00000206562","METTL6",0.356883456139633,0.0016281959927756
"ENSG00000210154",NA,1.35716097529178,7.10726689533893e-05
"ENSG00000212724","KRTAP2-3",0.916378776308717,0.00231999449429443
"ENSG00000212802","RPL15P3",0.487148534611153,0.0192349064303052
"ENSG00000212978",NA,0.29909516938862,0.00113441967614247
"ENSG00000213015","ZNF580",0.515750149721246,6.29381683542615e-07
"ENSG00000213380","COG8",0.301323102326511,0.0169568544610335
"ENSG00000213401","MAGEA12",0.338154585832064,0.00889491227733237
"ENSG00000213563","C8orf82",0.695531201019189,3.95824980347164e-08
"ENSG00000213614","HEXA",0.439652662728411,1.7875503209435e-05
"ENSG00000213619","NDUFS3",0.264925072245896,0.00422243823949541
"ENSG00000213625","LEPROT",0.559749780879212,1.43020876118386e-12
"ENSG00000213859","KCTD11",0.597043918023178,0.00199725084487128
"ENSG00000213885",NA,0.521414021863771,0.0354752936959397
"ENSG00000213889","PPM1N",0.637842401520563,0.023508487484052
"ENSG00000213918","DNASE1",0.807706068631046,0.00034444029447892
"ENSG00000214050","FBXO16",1.48897990962633,2.11590445195022e-06
"ENSG00000214194","SMIM30",0.518952869587164,3.4951050834948e-05
"ENSG00000214253","FIS1",0.380908329367703,7.5885227736172e-05
"ENSG00000214293","APTR",0.423631272083737,0.0136109973909989
"ENSG00000214413","BBIP1",0.273607165936115,0.0319533583253678
"ENSG00000214941","ZSWIM7",0.386653421472339,2.40679221844967e-05
"ENSG00000215021","PHB2",0.159054869243708,0.04430130774941
"ENSG00000215039","CD27-AS1",0.800534434847787,1.78340360150881e-05
"ENSG00000215193","PEX26",0.180767978960808,0.0147611607710283
"ENSG00000215305","VPS16",0.485629695363242,4.94058531019916e-07
"ENSG00000215375","MYL5",1.14018847607947,1.36711654840518e-06
"ENSG00000215717","TMEM167B",0.67987144613185,1.27151119231629e-08
"ENSG00000215788","TNFRSF25",1.15075258634073,3.95510802634037e-09
"ENSG00000217801",NA,0.797293552671489,0.000992638544075568
"ENSG00000219626","FAM228B",0.553338247505433,0.0328506151960019
"ENSG00000220130",NA,0.567476770549876,0.0245709745970952
"ENSG00000221988","PPT2",0.354857022983497,0.0285036946818895
"ENSG00000223485","LINC01615",0.785500582856037,0.00556016775655742
"ENSG00000223745",NA,0.42964142534382,0.0286346753672728
"ENSG00000223768","LINC00205",0.486378022432772,0.000996384281499144
"ENSG00000223797",NA,0.760680675646283,0.000545351503995766
"ENSG00000223803",NA,0.516947901424087,8.95422475397789e-05
"ENSG00000224141","MIR548XHG",0.699270529642957,0.00280374357686337
"ENSG00000224292","PORCN-DT",0.700016976627783,0.0162109926892633
"ENSG00000224786",NA,0.854916007130468,0.00605152742505044
"ENSG00000224805","LINC00853",1.21356541761426,0.00061111510265705
"ENSG00000224870","MRPL20-AS1",0.259705867704685,0.0399527145414207
"ENSG00000224877","NDUFAF8",0.410445543593318,8.64546695753967e-08
"ENSG00000225173",NA,0.613584527524064,0.0160616715586493
"ENSG00000225663","MCRIP1",0.38510397255934,4.83855361800655e-05
"ENSG00000225693",NA,0.558237979932233,0.044076849819385
"ENSG00000225968","ELFN1",1.43315440600025,2.14163483429153e-10
"ENSG00000226328","NUP50-DT",0.733351256914619,5.61036215990441e-05
"ENSG00000226465",NA,0.598030653333564,0.0355754308453119
"ENSG00000226824","LOC100996437",0.420704019458146,0.00754019472330176
"ENSG00000226965",NA,0.621793628221659,0.0307183121593102
"ENSG00000228340","LINC02910",0.632224061564716,0.000876591868519866
"ENSG00000228436","RRAGC-DT",0.847499932972515,0.00640527234943831
"ENSG00000228474","OST4",0.636574144205396,9.66181668104748e-15
"ENSG00000228623","ZNF883",0.573370918880578,0.000550578735696502
"ENSG00000229119",NA,0.502220462077646,0.00294039949246152
"ENSG00000229334",NA,1.2197597060019,6.15415327371839e-05
"ENSG00000229344","MTCO2P12",0.657103238603694,0.0103967439790548
"ENSG00000231233","CFAP58-DT",0.548361337002536,0.0493799574122052
"ENSG00000231290","APCDD1L-DT",0.699466847862306,6.69274531468116e-06
"ENSG00000231298","MANCR",0.50866321531244,0.00159766632347467
"ENSG00000231500","RPS18",0.392603008060689,0.00990653439741035
"ENSG00000231666","LINC01704",0.876226388891151,0.00171076805956992
"ENSG00000231789","PIK3CD-AS2",0.647146100939946,0.0253159198093803
"ENSG00000231908","IDH1-AS1",0.640740122662912,0.0239761676996832
"ENSG00000232053","LOC105375523",0.653724270557038,0.0242437432793387
"ENSG00000232112","TMA7",0.277686381096581,0.00990383946637153
"ENSG00000232388","SMIM26",0.617878997843795,3.53227073956037e-06
"ENSG00000233321","LINC02669",0.865193148831968,0.00312000682320288
"ENSG00000233452","STXBP5-AS1",0.615584126438155,0.00669365771923692
"ENSG00000233515","LINC01518",0.507095256232299,0.0264161381296791
"ENSG00000233527","ZNF529-AS1",0.450800967328798,0.0240402278363437
"ENSG00000233621","LITATS1",0.614066266740018,0.0170815254998311
"ENSG00000233818",NA,0.614387718472334,0.0116599692173945
"ENSG00000234147",NA,0.746737877878559,4.48815205178384e-06
"ENSG00000234222","LIX1L-AS1",0.775769786872955,0.0055872634184951
"ENSG00000234327","ZNF232-AS1",0.455519923690699,0.00267326740517255
"ENSG00000234409","CCDC188",0.673355559648946,0.0209970800376788
"ENSG00000234741","GAS5",0.443407064018496,0.000989465873993179
"ENSG00000234745","HLA-B",0.748020286394814,1.07125764194238e-07
"ENSG00000234851","RPL23AP42",0.277131043205419,0.00581210793233847
"ENSG00000235109","ZSCAN31",1.13662457598565,1.05438528609618e-06
"ENSG00000235169","SMIM1",0.938360589759492,0.00286793204726296
"ENSG00000235437","LINC01278",0.386388733523038,0.00471815093309325
"ENSG00000235453","SMIM27",0.36007544126915,0.0367687237880671
"ENSG00000235885","LOC101927661",0.617246951921857,0.0315773673357361
"ENSG00000236256","DIAPH2-AS1",0.585464212591343,0.0255505504388093
"ENSG00000236453",NA,0.510559439463645,0.0158884959450249
"ENSG00000236552","RPL13AP5",0.376988347649428,0.0153028348980753
"ENSG00000237441","RGL2",0.397895023641568,3.87170239343284e-06
"ENSG00000237484","LINC01684",0.521042342324859,0.0462208760988701
"ENSG00000237550",NA,0.745497165403815,7.07463858861748e-05
"ENSG00000237595","LINC01275",0.620565922942598,0.0311465843271855
"ENSG00000237596","PDE7B-AS1",1.62751530857969,1.00248113491561e-05
"ENSG00000238045",NA,1.40613750877592,4.27158211921535e-05
"ENSG00000238178",NA,0.389867718564366,0.0436581599728595
"ENSG00000239282","CASTOR1",0.919480982448122,0.00149166691976897
"ENSG00000239521",NA,0.867335967088409,0.00020828533313173
"ENSG00000240065","PSMB9",0.52430974092868,0.0132949311787633
"ENSG00000240225",NA,0.940282151603367,0.000259756945725501
"ENSG00000240350",NA,0.687252134513765,0.0149867090013851
"ENSG00000240476","LINC00973",0.354587819737219,0.0261419166384546
"ENSG00000240652",NA,0.523626496102121,0.0412854065784296
"ENSG00000240694","PNMA2",0.442855537057372,0.0185892615006624
"ENSG00000240857","RDH14",0.276536063313659,0.00433300846604367
"ENSG00000240891","PLCXD2",0.700187846744713,0.00456564899534914
"ENSG00000241288","LINC02614",0.980855804064796,0.00138067993361589
"ENSG00000241553","ARPC4",0.198981101390606,0.0112851224344968
"ENSG00000241685","ARPC1A",0.158693311158677,0.0426750545540279
"ENSG00000241837","ATP5PO",0.267712330000487,0.00699395735378436
"ENSG00000241839","PLEKHO2",0.336657014543795,0.0269999861510459
"ENSG00000242299","RPS18P5",0.443350868083038,0.046850937326529
"ENSG00000242498","ARPIN",0.446680913559313,0.0127524218015702
"ENSG00000242612","DECR2",0.516958943289923,0.000205114293767777
"ENSG00000242715","CCDC169",1.19668271221503,1.79600026752814e-05
"ENSG00000242802","AP5Z1",0.335964536832818,0.0202601544494607
"ENSG00000243024",NA,0.656613528462195,0.0241256796944646
"ENSG00000243147","MRPL33",0.286792435398701,0.00850449997178993
"ENSG00000243279","PRAF2",0.849749898750113,1.66741639893612e-12
"ENSG00000243646","IL10RB",0.668243119384009,0.0137858305205044
"ENSG00000243742",NA,1.63434457492198,1.72717523415175e-08
"ENSG00000244398","RPL36AP37",0.336356895484904,0.0102089240142408
"ENSG00000244459",NA,0.72180288586372,0.0148835552302897
"ENSG00000245532","NEAT1",0.578601110860967,0.00505264931207899
"ENSG00000245680","ZNF585B",0.653926504216749,0.0229608306941407
"ENSG00000245910",NA,0.237911715245242,0.0269149059138132
"ENSG00000245937","SLC12A2-DT",0.293330269991663,0.00634444596873387
"ENSG00000247081","LOC105369147",0.67631789050284,0.00745579544817741
"ENSG00000247134",NA,0.339959760173501,0.0143340335477975
"ENSG00000247595","MISFA",0.583790276161792,0.0122691575129324
"ENSG00000248049","UBA6-DT",0.419911147878675,0.00754702867142823
"ENSG00000248360","LINC00504",0.691934713573785,0.0128820303188418
"ENSG00000248508","SRP14-DT",0.73370388510223,0.000210280533613259
"ENSG00000248527","MTATP6P1",0.58490621823935,0.000296969860173122
"ENSG00000248698","KLF17P2",0.971998197426548,0.000741544904159338
"ENSG00000248712","DRC12",0.992993473737091,0.00214293300370207
"ENSG00000248964","LOC101929470",0.636458248433565,0.0234056967391261
"ENSG00000249196","TMEM132D-AS1",0.873550555586126,0.000254791076568136
"ENSG00000249550","LINC01234",0.375940785794426,2.94432555057743e-06
"ENSG00000249684",NA,0.755308734392463,0.0121847716202994
"ENSG00000250222",NA,0.566855500931796,0.000499390996950132
"ENSG00000251003",NA,0.774961111025828,3.84300643413391e-06
"ENSG00000251381","LINC00958",1.0807356743748,0.000166531246961861
"ENSG00000251442","LOC101928893",0.469498329915264,0.0344350156121918
"ENSG00000253227",NA,0.844097303053832,0.00486976397432871
"ENSG00000253368","TRNP1",0.474626687233505,0.0170613946527551
"ENSG00000253642",NA,0.428335196402166,7.47376452335605e-05
"ENSG00000253746",NA,0.706828794661445,8.49337238034141e-05
"ENSG00000253819",NA,0.694701542156625,0.0028308664075876
"ENSG00000254004","ZNF260",0.474641053439663,0.000236342358426348
"ENSG00000254302",NA,0.615668587958706,0.0297808884250894
"ENSG00000254614","CAPN1-AS1",0.53629410628543,0.00405176012836519
"ENSG00000254685","FPGT",0.443792881594366,0.0315847834326008
"ENSG00000254986","DPP3",0.342138236356003,0.000563324192239193
"ENSG00000254999","BRK1",0.276227906830952,0.000202131093796086
"ENSG00000255517",NA,0.477335233669404,0.0226256202693397
"ENSG00000256043","CTSO",0.608244196100845,0.0185927491455413
"ENSG00000256060","TRAPPC2B",0.535395605987223,0.00171812275992975
"ENSG00000256061","DNAAF4",1.15513109227171,0.000768622975858642
"ENSG00000256235","SMIM3",0.440982455705234,0.0135682275886352
"ENSG00000256525","POLG2",0.363726488270522,0.0230219358987559
"ENSG00000256940","PPP1R14B-AS1",0.745436285875708,7.98272865505963e-09
"ENSG00000257556","LOC124903398",0.604776211367838,0.0347351775206384
"ENSG00000257727","CNPY2",0.238243636542708,0.0116188651494946
"ENSG00000258602","LINC01629",0.510200652545212,0.0352022416270021
"ENSG00000258733","LINC02328",0.717017042783321,0.0149292235502901
"ENSG00000258788",NA,0.498317756083143,0.0356756481793687
"ENSG00000259129","LINC00648",0.540181240943338,0.0498075200717119
"ENSG00000259230","LINC02323",0.879625396941288,0.00522782365691003
"ENSG00000259642",NA,0.810878850095648,0.000695878774932596
"ENSG00000259828",NA,0.589292373913941,0.0195344835230975
"ENSG00000260193","LINC02846",0.537261953092657,0.0444602213121641
"ENSG00000260428","SCX",0.76604726589122,0.0112014659138963
"ENSG00000260552","COSMOC",0.669245495972895,0.00517558514787928
"ENSG00000260630","SNAI3-AS1",0.847717392050118,0.00480256405788379
"ENSG00000260916","CCPG1",0.369619679638138,0.0239958862445025
"ENSG00000260917","LOC103344931",0.535857104120403,0.04430130774941
"ENSG00000261040",NA,1.32045110619542,3.88290424701123e-06
"ENSG00000261327","LOC105371401",0.769895945816515,0.00602033995496281
"ENSG00000261468",NA,0.625025462496709,0.0185207190828921
"ENSG00000261652","PIERCE2",0.7510689987748,0.00901650027158843
"ENSG00000261706","LINC00165",0.423170386094633,0.00861081562177038
"ENSG00000261801","LOXL1-AS1",0.295473541890657,0.0263821283022128
"ENSG00000263266","RPS7P1",0.428266672089805,0.0195484722281339
"ENSG00000263528","IKBKE",0.469592613427206,0.00789743652861787
"ENSG00000263711","LINC02864",0.739252097672537,3.79774998597432e-05
"ENSG00000263934",NA,0.6679697708554,0.0224075301820078
"ENSG00000264067",NA,0.477727237200752,1.65355092493076e-05
"ENSG00000264301","LINC01444",1.42355726807357,2.19522723147719e-12
"ENSG00000264334",NA,0.411904851366366,0.0012821449210719
"ENSG00000265808","SEC22B",0.235767742969826,0.00916965363376598
"ENSG00000265933","LINC00668",1.10685410445172,2.33086505477899e-06
"ENSG00000266472","MRPS21",0.249578351069114,0.0435810118989316
"ENSG00000266602",NA,0.441940263781666,0.0135401591635038
"ENSG00000266835","GAPLINC",0.493472675925829,0.038173648559783
"ENSG00000266962","HSD17B1-AS1",0.532434097381809,5.20246213844429e-07
"ENSG00000267058","LOC100505715",0.714749396411648,0.0035275007607155
"ENSG00000267060","PTGES3L",0.684251763868013,0.0197403794938871
"ENSG00000267107","PCAT19",0.556127476425235,0.0486049009303076
"ENSG00000267278",NA,1.70500985143686,6.48709647667228e-05
"ENSG00000267317",NA,0.587392440474429,0.000601094123452244
"ENSG00000267764",NA,0.58228705759266,0.0390188256191255
"ENSG00000268362",NA,0.602005371984739,1.13534255975892e-05
"ENSG00000268895","A1BG-AS1",0.634945045599003,0.00360745188652754
"ENSG00000269386","RAB11B-AS1",0.479824117770098,0.0352359371557523
"ENSG00000269439","PGLS-DT",0.475296878609122,0.0447592345289525
"ENSG00000269834","ZNF528-AS1",0.676861618165486,0.00629144409773303
"ENSG00000269952",NA,0.93230440698288,0.00131252216572704
"ENSG00000270804",NA,0.678092285740917,0.000196522258467039
"ENSG00000271601","LIX1L",0.329949513318511,0.00267991319646387
"ENSG00000272031","ANKRD34A",0.650793581333058,0.00614398653550435
"ENSG00000272047","GTF2H5",0.295855772420894,5.23760228080903e-05
"ENSG00000272157",NA,0.812456296253674,0.00805241459636576
"ENSG00000272288","ILRUN-AS1",0.484473370274363,0.0480127334277788
"ENSG00000272338",NA,0.81577712091743,0.00342198040968084
"ENSG00000272831",NA,0.362450704371392,0.00961033905671133
"ENSG00000273132","LOC124901427",0.742311040307494,9.46815788332706e-12
"ENSG00000273145","LOC124905134",0.597796468381146,0.0161463172971262
"ENSG00000273297","LOC105375517",0.457076966211018,0.0371202545296449
"ENSG00000273382",NA,0.558413108278075,0.0055134334173791
"ENSG00000274605",NA,0.419968628343165,0.00042326397924466
"ENSG00000275874","PICSAR",0.368710915492436,0.0064520632452242
"ENSG00000276141",NA,0.631386545219348,0.00628482532130899
"ENSG00000276293","PIP4K2B",0.272121752103747,0.00620467808170228
"ENSG00000276600","RAB7B",0.907792725811547,0.0042976376718255
"ENSG00000276851",NA,0.592007636896374,0.00377277719992443
"ENSG00000277972","CISD3",0.260277810126018,0.000744752934833455
"ENSG00000278266",NA,0.472632230924791,0.0020121791972772
"ENSG00000278318","ZNF229",0.597571512679299,0.0063072639920535
"ENSG00000278535","DHRS11",0.4084091934534,0.00251850009341987
"ENSG00000278845","MRPL45",0.318564768708189,0.00160652561090148
"ENSG00000279170","TSTD3",0.349311177635547,0.0334964974864026
"ENSG00000280187",NA,0.452247191779461,0.00556523295756684
"ENSG00000280208",NA,1.30159378568253,0.000258453745561153
"ENSG00000280832","GSEC",1.09089331419648,9.06968852237079e-06
"ENSG00000281706","LINC01012",0.512104639864171,0.0420526851425689
"ENSG00000283023",NA,0.322696130779069,0.0057965149338414
"ENSG00000283103","LOC105372480",0.509515764308315,0.000764899023733049
"ENSG00000283196",NA,0.440086135781601,0.0371024017002999
"ENSG00000283646","LINC02009",0.633193125582595,0.00682883990825232
"ENSG00000283930",NA,0.630145417482254,0.0288420028925329
"ENSG00000284194","SCO2",0.449381747942963,1.08892328531461e-05
"ENSG00000285867",NA,0.775840973569699,0.00353173692992215
"ENSG00000286791",NA,0.59446011841563,0.0119280795188533
"ENSG00000287394",NA,0.497228380606297,0.00338481050522501
"ENSG00000288398",NA,0.459258604373433,0.0282764308140169
"ENSG00000288743",NA,1.22183988826175,0.000336660079321482
"ENSG00000288920","RPSA2",0.600803091167215,0.0143854703758586
"ENSG00000288982",NA,0.757825230509719,0.0117099785287983
"ENSG00000289344",NA,0.814441418233738,0.00780655347103981
"ENSG00000289423",NA,0.580544434031967,0.0330784620540384
"ENSG00000289426",NA,0.711891802986417,0.0163991897526598
"ENSG00000289460","LOC124909362",0.694881312395314,0.0178586963133789
"ENSG00000289574",NA,0.817250527156879,0.00713139139402426
"ENSG00000290003",NA,0.930810698947259,0.00212078967162789
