"ENSEMBL","SYMBOL_wt","log2FC_wt","padj_wt","SYMBOL_KO","log2FC_KO","padj_KO"
"ENSG00000001036","FUCA2",0.306535319291679,0.00219449638487398,"FUCA2",0.265953333155516,0.00576768098701937
"ENSG00000001084","GCLC",0.456900693265044,0.00163612998607374,"GCLC",0.484274003779186,0.000483647145588991
"ENSG00000001167","NFYA",0.279370324269031,0.0193281529718798,"NFYA",-0.151023891991607,0.2663840525301
"ENSG00000001460","STPG1",0.30421149725721,0.0370067039042915,"STPG1",0.61663668555657,1.90651286347239e-05
"ENSG00000001461","NIPAL3",0.0348916852628478,0.879091914256695,"NIPAL3",0.0592744673877129,0.771024923529146
"ENSG00000001497","LAS1L",-0.187666328920324,0.104827615168106,"LAS1L",0.0250719462166408,0.890521071765223
"ENSG00000002330","BAD",-0.137132588256238,0.361295327619401,"BAD",-0.0627738664600026,0.718702043541975
"ENSG00000002586","CD99",-0.0492011811963343,0.68802829225012,"CD99",-0.258573830721684,0.00249899336899357
"ENSG00000003056","M6PR",0.277361462723127,1.56426823133389e-05,"M6PR",0.130563400361991,0.0722917647927979
"ENSG00000003249","DBNDD1",-0.00323253801820536,0.999426996738855,"DBNDD1",-0.150722625594849,0.462940683337009
"ENSG00000003400","CASP10",0.530893953729567,0.0317970210958588,"CASP10",0.196720080174232,0.374664149356661
"ENSG00000003402","CFLAR",-0.157976676839945,0.284510708087031,"CFLAR",0.125898953619698,0.396631219905669
"ENSG00000003989","SLC7A2",0.371575477293983,0.0439431741212866,"SLC7A2",0.283528541123467,0.102996452335721
"ENSG00000004455","AK2",-0.0763487005466039,0.466018189582136,"AK2",-0.127654180895185,0.168001337907856
"ENSG00000004487","KDM1A",0.00710243950899324,0.976362330857382,"KDM1A",0.218708712384834,0.0266864548398992
"ENSG00000005020","SKAP2",-0.00157292373174111,0.999433637321825,"SKAP2",-0.699904057362748,6.00986405238165e-10
"ENSG00000005100","DHX33",-0.00999040645550699,0.950944313470453,"DHX33",0.0602271247754325,0.593932119732616
"ENSG00000005238","ATOSB",0.555026572585669,0.000227802093973856,"ATOSB",0.310539110608551,0.0411453836581841
"ENSG00000005469","CROT",0.401315677864662,0.00353657732642678,"CROT",-0.0495048916618873,0.808181665819497
"ENSG00000005486","RHBDD2",1.43517197002877,1.00291796423589e-27,"RHBDD2",1.19800521688553,2.23644494967882e-19
"ENSG00000006015","REX1BD",0.0522566958179812,0.773235270296268,"REX1BD",0.140762856798071,0.31018687948386
"ENSG00000006125","AP2B1",-0.686464663807461,1.30449943925158e-20,"AP2B1",-0.556257159628534,6.14633792808755e-14
"ENSG00000006453","BAIAP2L1",0.551498492415767,2.5757767789652e-10,"BAIAP2L1",0.753843453508042,1.67765294783088e-14
"ENSG00000006625","GGCT",-0.381355710369632,0.000433643821135991,"GGCT",-0.142618087754613,0.239533148821914
"ENSG00000006634","DBF4",-0.601885993711832,6.86007055429134e-10,"DBF4",-0.363306352907742,0.000185394732274569
"ENSG00000006638","TBXA2R",0.917608835710669,0.000592886416522932,"TBXA2R",0.868116861256195,0.00402281143817424
"ENSG00000006652","IFRD1",0.0464697147310768,0.844742578120284,"IFRD1",0.155758277092883,0.352130922208024
"ENSG00000006715","VPS41",-0.577235655229809,1.588143157104e-08,"VPS41",-1.08926908021566,3.42589421397339e-24
"ENSG00000006756","ARSD",0.490928581139959,0.00294531283252822,"ARSD",-0.169220379960183,0.477679706933543
"ENSG00000007047","MARK4",0.328552928784061,0.0158668969670315,"MARK4",0.263573868876763,0.0513886733348178
"ENSG00000007392","LUC7L",-0.164055584774924,0.0918869223175056,"LUC7L",-0.476482846084559,4.37894600170734e-08
"ENSG00000007866","TEAD3",1.23593500947831,9.43146587410432e-20,"TEAD3",1.02665906970671,1.37649262385328e-12
"ENSG00000007968","E2F2",-0.846876830608614,3.45538273439769e-05,"E2F2",-0.980854240649395,6.21076619275626e-06
"ENSG00000008283","CYB561",0.904792346892113,2.30551573327032e-13,"CYB561",0.69575394653279,5.96366745764491e-06
"ENSG00000008300","CELSR3",-0.100127708643674,0.708749406599896,"CELSR3",-0.144702211754763,0.475431796479983
"ENSG00000008394","MGST1",0.201191659976955,0.0419849277506256,"MGST1",0.249332751955309,0.00762286017158804
"ENSG00000008517","IL32",0.489205073962409,0.0921555653438569,"IL32",0.15085202364192,0.550907499611889
"ENSG00000008838","MED24",0.16482607331629,0.260060813927576,"MED24",0.402248969691515,0.00132282781848765
"ENSG00000008869","HEATR5B",0.39535458777224,0.00297337505836705,"HEATR5B",0.29164459968224,0.0287008814952974
"ENSG00000009307","CSDE1",-0.271746858966541,6.16693941583334e-10,"CSDE1",-0.308447253573331,1.66058963223794e-12
"ENSG00000009780","FAM76A",0.015613627429229,0.949755306766137,"FAM76A",-0.00137077072778755,0.994320097224252
"ENSG00000010244","ZNF207",-0.258093637958228,6.64514716823886e-05,"ZNF207",-0.247471927122036,0.000191009718141037
"ENSG00000010292","NCAPD2",-0.315402181504924,0.00473882818897822,"NCAPD2",-0.0442317371774809,0.789084144505441
"ENSG00000010295","IFFO1",0.597943738811235,1.25296342134343e-06,"IFFO1",0.181544108933508,0.203884952649973
"ENSG00000011007","ELOA",-0.0403247245062554,0.769686757445034,"ELOA",0.0895466979429793,0.433009828261431
"ENSG00000011009","LYPLA2",0.278608245079986,0.000964862414655287,"LYPLA2",0.393423578571942,1.5350048272243e-06
"ENSG00000011132","APBA3",0.304803143732858,0.0569529070798905,"APBA3",0.688147178064003,1.96662137341892e-05
"ENSG00000011260","UTP18",-0.261804203940024,0.0055183553230967,"UTP18",0.0214351050217419,0.891937497809129
"ENSG00000011295","TTC19",-0.546819772481197,2.69143207763517e-08,"TTC19",-0.315369343410119,0.001473129482817
"ENSG00000011304","PTBP1",-0.288385525687985,0.000223575701727588,"PTBP1",0.0111667449452579,0.935987768251914
"ENSG00000011332","DPF1",0.28358365746516,0.0460973515162672,"DPF1",0.526878148844881,0.000228090043534676
"ENSG00000011454","RABGAP1",-0.547463240894578,9.69532299910288e-15,"RABGAP1",-0.260733390632722,0.000200965370623455
"ENSG00000012171","SEMA3B",1.43348836884968,5.65114901256451e-08,"SEMA3B",1.41030899162206,8.08824297686165e-10
"ENSG00000012211","PRICKLE3",0.335831801878499,0.043004292082917,"PRICKLE3",0.594681909888301,0.000254840747321685
"ENSG00000012660","ELOVL5",-0.442766275880253,2.71560269477442e-06,"ELOVL5",-0.266604930832218,0.00681031473629261
"ENSG00000012822","CALCOCO1",0.920570152319059,0.000108996604335602,"CALCOCO1",0.2129899345759,0.320054970225745
"ENSG00000013016","EHD3",0.47042729879015,0.000852545119568298,"EHD3",0.560657630173821,5.34248667421611e-05
"ENSG00000013364","MVP",0.243390178162366,0.153026212701455,"MVP",-0.124109408277461,0.496110332709639
"ENSG00000013375","PGM3",0.220030137998107,0.000470269397732926,"PGM3",0.266238287942704,1.28022746711058e-05
"ENSG00000013563","DNASE1L1",0.329131563851425,0.0159276937339714,"DNASE1L1",0.0566497542805288,0.766566092364683
"ENSG00000013573","DDX11",-0.283521022090138,0.0346333737343313,"DDX11",-0.0868920355394825,0.576974916443741
"ENSG00000013583","HEBP1",0.0295222735119446,0.849248810030061,"HEBP1",-0.199429825350241,0.0584230236696595
"ENSG00000013588","GPRC5A",1.89047103649199,1.04617609079957e-21,"GPRC5A",1.9574349321791,1.73144408247823e-22
"ENSG00000014216","CAPN1",-0.108039646708453,0.458012971087903,"CAPN1",-0.0909499606544662,0.536192541425785
"ENSG00000014914","MTMR11",0.0937685163267725,0.53270948805253,"MTMR11",0.184053359081562,0.139058494728421
"ENSG00000015532","XYLT2",-0.00989617259637044,0.964691427230734,"XYLT2",-0.0690015168627468,0.630048896705966
"ENSG00000018189","RUFY3",0.186574803147355,0.160711124300554,"RUFY3",-0.111044739244522,0.457325188617552
"ENSG00000018510","AGPS",-0.126939188570982,0.159642612495761,"AGPS",0.205486105710251,0.0117321899113573
"ENSG00000019144","PHLDB1",0.729530930804934,9.84802526929155e-09,"PHLDB1",0.789425522055735,1.71775967333785e-09
"ENSG00000020633","RUNX3",-0.248229326246966,0.128238334214017,"RUNX3",-0.159130913844702,0.327337858449793
"ENSG00000021776","AQR",-0.341687717098661,3.46600438237631e-06,"AQR",-0.438720245069604,2.47157923044089e-09
"ENSG00000023171","GRAMD1B",0.0681925388772418,0.761245686372821,"GRAMD1B",0.097361057173504,0.610806024581249
"ENSG00000023287","RB1CC1",0.332086767145566,8.02577576345795e-05,"RB1CC1",0.201906412112793,0.0230104221677143
"ENSG00000023330","ALAS1",0.269383282599001,0.0450247277528741,"ALAS1",0.399553222358777,0.00170401644361046
"ENSG00000023902","PLEKHO1",0.0579601584859725,0.743957049385625,"PLEKHO1",0.149003708458839,0.275739322736782
"ENSG00000024422","EHD2",0.119484869328552,0.438226996073678,"EHD2",-0.0361165182912984,0.854371821715724
"ENSG00000024526","DEPDC1",-0.599728658741457,2.08457029451773e-06,"DEPDC1",-0.302237377821518,0.0160159706494571
"ENSG00000025770","NCAPH2",0.191298249314139,0.18717297830024,"NCAPH2",0.0842490644075332,0.613445664750072
"ENSG00000025796","SEC63",-0.237348134077415,0.0173652149795309,"SEC63",-0.23725718626775,0.0155091432540397
"ENSG00000026103","FAS",1.24640057787972,2.22416383605629e-20,"FAS",1.04938467655916,1.59537019312634e-14
"ENSG00000026297","RNASET2",0.636057884431753,1.48363469210948e-06,"RNASET2",0.433553570394954,0.00215888656918958
"ENSG00000026559","KCNG1",-0.393106755623779,0.00609923089694107,"KCNG1",-0.567162765127997,0.000113158582644641
"ENSG00000026751","SLAMF7",0.798467866951384,9.83111467856846e-05,"SLAMF7",0.716179437830153,0.000709258846141326
"ENSG00000028203","VEZT",-0.0982167791382906,0.273663346977392,"VEZT",0.143682918323238,0.0824654627235411
"ENSG00000028277","POU2F2",-0.558880773028579,0.00293613861314918,"POU2F2",-0.311490916290815,0.0700564222097806
"ENSG00000029363","BCLAF1",0.0129850325218223,0.933964719214992,"BCLAF1",-0.129862098026578,0.163994993600311
"ENSG00000030110","BAK1",0.672205066200518,3.05254333922421e-08,"BAK1",0.563997391919041,4.37157059970928e-06
"ENSG00000030582","GRN",0.990037604296752,1.51628785101599e-17,"GRN",0.512896938626081,8.88894760910373e-06
"ENSG00000031691","CENPQ",-0.0243787696129364,0.91781116047959,"CENPQ",-0.259305982419855,0.0593678417539796
"ENSG00000032219","ARID4A",0.346333189304557,0.00124056146288783,"ARID4A",0.254804577028535,0.019141226423286
"ENSG00000032444","PNPLA6",0.0319700668339401,0.8922529387631,"PNPLA6",0.000854382912085338,0.997118228061261
"ENSG00000033327","GAB2",-0.0412345260579969,0.89488403614905,"GAB2",0.178832290042896,0.396694555259995
"ENSG00000033627","ATP6V0A1",0.557524997556504,8.6527802184537e-06,"ATP6V0A1",0.7228278036386,8.775592572798e-08
"ENSG00000035499","DEPDC1B",-0.321606636928297,0.0489984521510685,"DEPDC1B",-0.34662430418047,0.0256959529567757
"ENSG00000035687","ADSS2",-0.400868404418007,0.000195628508276624,"ADSS2",-0.150035160981528,0.209615423208356
"ENSG00000037042","TUBG2",0.10001578377621,0.649530730930749,"TUBG2",-0.0721291184191298,0.738697771886988
"ENSG00000037474","NSUN2",-0.0348166459778619,0.772378170739367,"NSUN2",0.128178455885368,0.15190382318092
"ENSG00000037749","MFAP3",0.220358362196018,0.0668177003961556,"MFAP3",-0.00241429107606194,0.989536046737337
"ENSG00000039123","MTREX",-0.268668165076674,0.00116407859130205,"MTREX",-0.0722983279690164,0.49544829713348
"ENSG00000039523","RIPOR1",0.351826139079877,0.00142793338401267,"RIPOR1",0.3220976289791,0.00307034936526322
"ENSG00000039560","RAI14",-0.590114449488364,7.28184336433627e-10,"RAI14",-0.422135196348557,1.01898336742597e-05
"ENSG00000040487","SLC66A1",0.43763198579425,0.00068491777313426,"SLC66A1",0.446726147081095,0.000657693751714126
"ENSG00000040608","RTN4R",0.221330714938235,0.377285500146518,"RTN4R",0.594514946519885,0.0172915318763206
"ENSG00000041353","RAB27B",-0.061668513982189,0.800189870349414,"RAB27B",0.149691934174997,0.397443493159297
"ENSG00000041880","PARP3",0.172547272594117,0.177952843568893,"PARP3",-0.194359749745786,0.118541317128418
"ENSG00000042286","AIFM2",0.594077656282738,7.82194009967464e-05,"AIFM2",0.348936144892184,0.0189893399334617
"ENSG00000042317","SPATA7",1.10098132492099,4.78712445180603e-06,"SPATA7",0.309757769885891,0.132783928853512
"ENSG00000042445","RETSAT",0.947078255633602,1.5443471725174e-25,"RETSAT",1.09687502984521,6.14935949703581e-34
"ENSG00000042493","CAPG",-0.270779835497782,0.0638674908887544,"CAPG",-0.465525620898397,0.000461129512416624
"ENSG00000043355","ZIC2",0.147536457039767,0.386253661837999,"ZIC2",-0.125959045793507,0.4565131591268
"ENSG00000044090","CUL7",0.270342165258094,0.101917627588395,"CUL7",-0.0349714292680188,0.88410797169007
"ENSG00000044574","HSPA5",-0.824938351926821,5.75079544094861e-26,"HSPA5",-0.862906117793528,6.53357159019866e-28
"ENSG00000046604","DSG2",0.394686383519827,6.6790862725032e-06,"DSG2",0.334694825488132,0.00012157359298754
"ENSG00000047249","ATP6V1H",0.162404537265378,0.127086817070929,"ATP6V1H",0.36235509814008,0.000173023189514425
"ENSG00000047346","ATOSA",1.17658770967854,1.06563332040197e-13,"ATOSA",0.995967810023858,1.10599700849871e-09
"ENSG00000048052","HDAC9",-0.11936024345614,0.614870091217845,"HDAC9",0.218959920001397,0.243530328642054
"ENSG00000048140","TSPAN17",0.219987417854063,0.0505941692988393,"TSPAN17",0.124904909561523,0.332068485348091
"ENSG00000048392","RRM2B",0.531503162907352,0.000256749563191276,"RRM2B",1.12919842738875,4.90555394436824e-14
"ENSG00000048471","SNX29",-0.163973111439176,0.384410896881722,"SNX29",-0.534500265451454,0.00192239777039708
"ENSG00000049130","KITLG",1.08550768405035,1.60262183318449e-10,"KITLG",0.721673724069394,4.60459376470932e-05
"ENSG00000049245","VAMP3",0.0688912307293708,0.556850965698429,"VAMP3",-0.0759171302227285,0.523902058365869
"ENSG00000049541","RFC2",-0.312475263674654,0.00212035246461074,"RFC2",-0.107960134914518,0.359580329689926
"ENSG00000049656","CLPTM1L",0.112167291548567,0.303145827528269,"CLPTM1L",0.265267056925723,0.00373610768090562
"ENSG00000050165","DKK3",-0.776261272124704,1.14273376411324e-09,"DKK3",-1.06438290119409,1.57203191484403e-14
"ENSG00000050405","LIMA1",0.57959149580743,6.96433895093308e-08,"LIMA1",0.860610250363239,2.26019322201539e-15
"ENSG00000051620","HEBP2",0.132566610708767,0.119896395530864,"HEBP2",-0.0677761269195944,0.498349702295907
"ENSG00000052802","MSMO1",-0.968765862649706,6.32692451479145e-09,"MSMO1",-1.10785279668637,5.83422707157349e-11
"ENSG00000053372","MRTO4",-0.336781418076205,2.66081448875533e-05,"MRTO4",-0.292248770491815,0.000275176410398111
"ENSG00000054118","THRAP3",-0.512601075593945,1.13327795770952e-15,"THRAP3",-0.489324303416323,2.35296098852561e-14
"ENSG00000054148","PHPT1",0.659235188730478,2.83296453282296e-06,"PHPT1",0.420355875475736,0.00207339552704087
"ENSG00000054654","SYNE2",-1.0321867017452,2.89043497674154e-12,"SYNE2",-0.953762212161453,9.67067785484547e-11
"ENSG00000054793","ATP9A",-0.0453128396308911,0.842617317265274,"ATP9A",-0.439825036056759,0.0221140869543773
"ENSG00000055044","NOP58",-0.313767797174383,9.86336100190685e-06,"NOP58",-0.363008103563775,1.87808367733572e-07
"ENSG00000055130","CUL1",-0.0705165775725466,0.416327723027875,"CUL1",0.143959991389161,0.0507803707002149
"ENSG00000055163","CYFIP2",0.504852334582383,0.00317415552572488,"CYFIP2",0.451132152914341,0.00637805720007545
"ENSG00000055483","USP36",0.206419062739003,0.106850955490891,"USP36",-0.0189762965305504,0.925050843061113
"ENSG00000055917","PUM2",-0.0288584413511926,0.803234871893518,"PUM2",-0.0868890419452868,0.334475037587173
"ENSG00000056558","TRAF1",1.74718826410941,1.34353999788534e-14,"TRAF1",1.17817349957663,1.84712941726557e-06
"ENSG00000056972","TRAF3IP2",0.479858684508779,2.61663332854565e-05,"TRAF3IP2",0.669252716192151,2.24367426375926e-08
"ENSG00000057608","GDI2",-0.290879137590566,2.04798896276569e-05,"GDI2",-0.222377763013503,0.00150957774382746
"ENSG00000058091","CDK14",-0.976789016934691,7.85403790860422e-15,"CDK14",-1.07564160541195,3.76729554550168e-17
"ENSG00000058668","ATP2B4",-0.389808886436433,0.0463212259247235,"ATP2B4",-0.813080202485911,0.000120423101686121
"ENSG00000058804","NDC1",-0.29473904138112,0.00427961688316711,"NDC1",0.0401666227524265,0.79720733845103
"ENSG00000058866","DGKG",0.058721943571002,0.80529323776208,"DGKG",-0.0921233336405461,0.62027454102075
"ENSG00000059122","FLYWCH1",1.31815659326353,2.90602136565018e-23,"FLYWCH1",1.14245272790745,8.77404985940434e-16
"ENSG00000059573","ALDH18A1",-0.281537531383478,0.00737146753800156,"ALDH18A1",-0.150913911090721,0.191066232394078
"ENSG00000059691","GATB",-0.184415551058616,0.186661936678004,"GATB",-0.538937093913804,2.16305905943308e-05
"ENSG00000059804","SLC2A3",-0.394615407816967,0.00373390010934366,"SLC2A3",-0.263000502547574,0.0562273076608326
"ENSG00000060140","STYK1",1.22687401584333,2.56087770503048e-05,"STYK1",2.08914814815676,1.00831710507323e-09
"ENSG00000060688","SNRNP40",-0.372086494133015,0.00352350376768563,"SNRNP40",-0.244352832454688,0.0530124813227111
"ENSG00000060982","BCAT1",-1.63727463326279,2.03807759330142e-144,"BCAT1",-1.58686792729454,8.95520844304063e-137
"ENSG00000061794","MRPS35",0.00808480472775916,0.957704149102912,"MRPS35",0.0521934874021701,0.605030958041241
"ENSG00000061938","TNK2",-0.16852715147172,0.231973957856919,"TNK2",-0.200538708814335,0.127103133625585
"ENSG00000062598","ELMO2",0.420259774993931,0.0025556667758029,"ELMO2",0.325639290811187,0.0187050811727955
"ENSG00000062725","APPBP2",-0.0182862454160181,0.920061272077961,"APPBP2",-0.00565350683039925,0.973741403932724
"ENSG00000063244","U2AF2",0.0367749394331019,0.800197068562102,"U2AF2",0.150156687619521,0.149209339970083
"ENSG00000063322","MED29",0.235077455276654,0.0283870544765235,"MED29",0.198214816602488,0.0637520988218983
"ENSG00000063660","GPC1",1.02494754983617,4.68280363990941e-16,"GPC1",0.932594638097744,3.02423045110166e-13
"ENSG00000064115","TM7SF3",0.0948677377754327,0.514490155785629,"TM7SF3",0.338315221603295,0.00236106249985282
"ENSG00000064313","TAF2",-0.222683485672009,0.00127087273034985,"TAF2",-0.261416374971965,0.00016143795700675
"ENSG00000064393","HIPK2",-0.339346258865333,0.0162261580909225,"HIPK2",-0.44101352816919,0.00108349197619114
"ENSG00000064545","TMEM161A",0.456106418435848,7.94274304246028e-06,"TMEM161A",0.469215509468859,7.14824206827257e-06
"ENSG00000064601","CTSA",0.621169911999791,4.47562937689825e-12,"CTSA",0.297576780583741,0.00201699661322475
"ENSG00000064651","SLC12A2",0.0129027028516296,0.937782493807325,"SLC12A2",0.171707803144608,0.0610633208754143
"ENSG00000065054","NHERF2",0.429249897950819,9.369043434338e-06,"NHERF2",0.150706618872783,0.174728696445625
"ENSG00000065150","IPO5",-0.504894210842416,5.25261264384065e-13,"IPO5",-0.374309589040303,9.50256542348405e-08
"ENSG00000065183","WDR3",-0.113321281270989,0.113534532581122,"WDR3",-0.100184810443904,0.179693227714721
"ENSG00000065328","MCM10",-0.173744508024675,0.0690160211736894,"MCM10",0.0548274105110588,0.649504924417212
"ENSG00000065357","DGKA",0.771641945146682,1.18947268511107e-21,"DGKA",0.982805801706796,1.10258950921488e-34
"ENSG00000065427","KARS1",0.000963552822527968,0.999433637321825,"KARS1",-0.0912593013745264,0.168766391428212
"ENSG00000065491","TBC1D22B",0.515952014193833,0.000552763083740634,"TBC1D22B",0.361634715355187,0.018360784054878
"ENSG00000065534","MYLK",-0.315352521818968,0.00870087128903296,"MYLK",-0.583521131137863,5.03586615677635e-07
"ENSG00000065548","ZC3H15",0.23262351076638,0.00164312083887511,"ZC3H15",0.157432559876121,0.0442821923043108
"ENSG00000065809","FAM107B",0.216373139797737,0.187299415363097,"FAM107B",-0.166904321526642,0.297734036656697
"ENSG00000065911","MTHFD2",-0.530039084045563,9.41980969224367e-08,"MTHFD2",-0.379202996732226,0.000118988640938745
"ENSG00000065923","SLC9A7",-0.604144886362059,9.19514157838802e-10,"SLC9A7",-0.888380712248171,2.99174810199437e-18
"ENSG00000066056","TIE1",-1.63149951020503,3.91277083452791e-16,"TIE1",-1.6602823054394,1.64928672616153e-16
"ENSG00000066322","ELOVL1",0.306511317651048,0.00795120906933819,"ELOVL1",0.0949573120261928,0.505065408858423
"ENSG00000066583","ISOC1",0.17583275114395,0.153026212701455,"ISOC1",0.154508469286802,0.242978321825438
"ENSG00000066933","MYO9A",-1.0852375525341,1.2557477853356e-22,"MYO9A",-0.834928338465464,6.82794076579136e-15
"ENSG00000067048","DDX3Y",0.158832092040443,0.0132928992453992,"DDX3Y",0.138888652972022,0.0343711659611215
"ENSG00000067082","KLF6",-0.447734927934737,0.000975468273083572,"KLF6",-0.558763307825842,3.41077249114331e-05
"ENSG00000067113","PLPP1",0.80395090620931,5.38735306820878e-07,"PLPP1",0.85344497558788,1.31723980144326e-06
"ENSG00000067208","EVI5",0.4179427101023,0.00075290661221226,"EVI5",0.0277866790950872,0.893161627283286
"ENSG00000067334","DNTTIP2",0.114075407700573,0.360841506954645,"DNTTIP2",-0.103614658328421,0.404117459178528
"ENSG00000067369","TP53BP1",0.0688389977566763,0.554039344049399,"TP53BP1",0.195196487355274,0.0362092002085704
"ENSG00000067533","RRP15",-0.123660998099139,0.195183446907056,"RRP15",-0.0164188035580858,0.91240572424042
"ENSG00000067829","IDH3G",0.388956068008585,7.93707198699318e-05,"IDH3G",0.113027771860131,0.352631265840267
"ENSG00000067836","ROGDI",1.47263223757079,1.65085804972791e-14,"ROGDI",1.55305013989212,2.00367932535538e-12
"ENSG00000067992","PDK3",-0.0187899871694168,0.944388393051944,"PDK3",0.340272597874351,0.0169820070476563
"ENSG00000068079","IFI35",0.597704727447135,0.000404243362018769,"IFI35",0.270694102010681,0.0858431878949044
"ENSG00000068120","COASY",0.110383639649526,0.268534175335286,"COASY",0.104205190027832,0.307176184338539
"ENSG00000068400","GRIPAP1",0.148024019874652,0.181616492951491,"GRIPAP1",0.274112298078062,0.00434495922222248
"ENSG00000068745","IP6K2",0.720266662366418,1.84417583051871e-16,"IP6K2",0.494210067855877,3.12559225231457e-08
"ENSG00000068796","KIF2A",-0.495581435801449,2.20847114445366e-11,"KIF2A",-0.251758309516927,0.000987914441954613
"ENSG00000068903","SIRT2",0.0805243107803845,0.717150673121756,"SIRT2",0.348066657484137,0.0308717610984123
"ENSG00000068971","PPP2R5B",0.856913444726843,0.000123988252409252,"PPP2R5B",0.66249444100408,0.00364395938279099
"ENSG00000069020","MAST4",-0.0535236323389122,0.769615903511913,"MAST4",-0.039256868612403,0.834869264621291
"ENSG00000069812","HES2",3.92885011627151,2.94548187099108e-19,"HES2",2.56082479236086,7.2383961440948e-07
"ENSG00000069966","GNB5",-0.182946291862177,0.0696951146073959,"GNB5",-0.0719145264804995,0.535438325815274
"ENSG00000070010","UFD1",0.26519360770128,0.000234628121674843,"UFD1",0.132033205032949,0.102028850038379
"ENSG00000070081","NUCB2",-0.286219402893495,0.0126986372004979,"NUCB2",-0.389301086854159,0.000356269298594693
"ENSG00000070501","POLB",0.573017463239528,4.8176257974539e-07,"POLB",0.654546700887173,1.44029453495142e-08
"ENSG00000070540","WIPI1",-0.249821151042474,0.188952166619967,"WIPI1",-0.3563554717164,0.034322828679989
"ENSG00000070718","AP3M2",0.282820828905865,0.0107566502931045,"AP3M2",0.22208716000418,0.0485187865041102
"ENSG00000070814","TCOF1",-0.0720285221889166,0.560576204131285,"TCOF1",0.0408251217031072,0.774065395183886
"ENSG00000070882","OSBPL3",0.0654870343576335,0.647719602396187,"OSBPL3",0.179258988564797,0.105602285641106
"ENSG00000071082","RPL31",-0.100257567312168,0.478257985975302,"RPL31",-0.280908155540217,0.0120248735552014
"ENSG00000071243","ING3",-0.635131773783869,8.43610047618111e-12,"ING3",-0.172965449728501,0.0782563883379669
"ENSG00000071626","DAZAP1",-0.582059074029868,1.0263093897673e-20,"DAZAP1",-0.317497059642714,7.11572990230882e-07
"ENSG00000071859","FAM50A",0.594840252418836,5.80362539557857e-08,"FAM50A",0.666658315300093,3.80865560521639e-09
"ENSG00000071889","FAM3A",0.213178639307092,0.0839675676073295,"FAM3A",0.090728526664441,0.539374468091703
"ENSG00000071967","CYBRD1",0.30028320859186,0.0272069707142147,"CYBRD1",0.00327136260910768,0.986510840729457
"ENSG00000072071","ADGRL1",-0.260554300556965,0.182269733603865,"ADGRL1",-0.0451098691372379,0.85968088492396
"ENSG00000072121","ZFYVE26",0.576738757437056,0.000302820617275822,"ZFYVE26",0.284132841472108,0.0736952699382739
"ENSG00000072134","EPN2",0.291558480660535,0.0111285638039155,"EPN2",0.120962787323073,0.360993693973548
"ENSG00000072210","ALDH3A2",-0.314477485598621,0.00946571580144282,"ALDH3A2",0.0684699730664995,0.658038773062424
"ENSG00000072274","TFRC",-0.313149986236208,0.00491621247942854,"TFRC",-0.370555976477285,0.000530988199092521
"ENSG00000072501","SMC1A",-0.168406380704722,0.102758691307248,"SMC1A",-0.023467194124949,0.883058002934414
"ENSG00000072682","P4HA2",0.713460759021324,4.46136625878533e-08,"P4HA2",0.948490720879402,3.48325906892166e-12
"ENSG00000072756","TRNT1",0.0376444310247799,0.794146960365737,"TRNT1",-0.347514190663755,0.000344073641040851
"ENSG00000072778","ACADVL",0.0325380264258607,0.800407438262327,"ACADVL",-0.137362455818945,0.130774529058725
"ENSG00000073008","PVR",0.159819350525683,0.269702209735325,"PVR",0.249558182219148,0.0532746563488016
"ENSG00000073050","XRCC1",-0.0690716122530331,0.666814636963829,"XRCC1",-0.0806191951519144,0.586208018897199
"ENSG00000073111","MCM2",-0.337758268497602,0.00537145055102663,"MCM2",-0.236221240758531,0.0531597290535557
"ENSG00000073150","PANX2",0.752638460728777,0.00065932153134403,"PANX2",0.17845976279712,0.396707767173307
"ENSG00000073756","PTGS2",0.942438440831671,0.00263463187204489,"PTGS2",1.14583832237048,0.000430738370389544
"ENSG00000073792","IGF2BP2",-1.0504758810532,3.25114100943662e-29,"IGF2BP2",-0.945509982789047,9.67376826850123e-24
"ENSG00000074201","CLNS1A",-0.288475988981046,0.00110976740448659,"CLNS1A",-0.09430170205005,0.37968584654935
"ENSG00000074590","NUAK1",0.426381816286329,0.00344582626775775,"NUAK1",0.592617864063337,3.87277532447088e-05
"ENSG00000074800","ENO1",-0.417348031557453,9.47985241915096e-09,"ENO1",-0.557450706936926,8.2116705112451e-15
"ENSG00000074842","MYDGF",0.528774780310894,7.40713077433509e-09,"MYDGF",0.327474039804364,0.00082563671627697
"ENSG00000074855","ANO8",-0.160441524677878,0.3451607721888,"ANO8",0.104218817133143,0.543832891721003
"ENSG00000074964","ARHGEF10L",-0.181676688068904,0.367828689803641,"ARHGEF10L",0.0510234257377677,0.837059626339163
"ENSG00000075131","TIPIN",-0.441938102944713,0.000299431134693864,"TIPIN",-0.281697107129094,0.0209232511242644
"ENSG00000075391","RASAL2",-0.760080696922515,4.0644306542498e-15,"RASAL2",-0.153117599563027,0.146008541157746
"ENSG00000075399","VPS9D1",-0.269681510771375,0.122145228141792,"VPS9D1",0.0625609908633867,0.774065395183886
"ENSG00000075651","PLD1",-0.188325139903835,0.4067479576599,"PLD1",-0.114912968180027,0.592240904191089
"ENSG00000075702","WDR62",-0.278003690130133,0.158430610022317,"WDR62",0.182250825709325,0.332121287951694
"ENSG00000075856","SART3",-0.0686060836638318,0.480247413113257,"SART3",-0.0746130709802709,0.435984935999029
"ENSG00000075945","KIFAP3",-0.235786092579442,0.0856288123294359,"KIFAP3",-0.218138469421179,0.105541903630177
"ENSG00000076003","MCM6",-1.36428582384216,2.11246250582695e-31,"MCM6",-1.20186694784014,2.93913095157865e-25
"ENSG00000076108","BAZ2A",0.62558674090852,5.1168927087597e-14,"BAZ2A",0.455569163593714,6.16511022523366e-08
"ENSG00000076201","PTPN23",0.242124309519111,0.00800571579712951,"PTPN23",0.321084800148476,0.000262818660605304
"ENSG00000076248","UNG",-0.539210995865815,7.99482633403582e-09,"UNG",-0.828637309609001,2.73420808883981e-18
"ENSG00000076321","KLHL20",-0.079876815672448,0.532674339897219,"KLHL20",-0.0249608344153638,0.8843285815049
"ENSG00000076604","TRAF4",0.842637572093456,2.83355560170209e-13,"TRAF4",0.942515812130062,6.66485612095338e-16
"ENSG00000076641","PAG1",-0.208621252277045,0.157274153003847,"PAG1",0.11180975242631,0.438598788405963
"ENSG00000076662","ICAM3",0.895457008641483,8.31386623757999e-11,"ICAM3",0.331779952333141,0.0142608702350234
"ENSG00000077150","NFKB2",0.916869438536497,5.06688520191635e-11,"NFKB2",1.01857540094931,2.92478082471761e-13
"ENSG00000077232","DNAJC10",-0.171255766108854,0.0350750651818306,"DNAJC10",-0.371607422854979,5.3880619446414e-07
"ENSG00000077348","EXOSC5",0.210189866762057,0.0149863310722913,"EXOSC5",0.102553190718822,0.310315642409758
"ENSG00000077684","JADE1",-0.5384807391105,2.36791805805674e-09,"JADE1",-0.239742280740602,0.0093873541236879
"ENSG00000077721","UBE2A",0.728218073710316,2.73443755178159e-15,"UBE2A",0.55947305231612,1.99137822815518e-09
"ENSG00000078018","MAP2",-1.15785722785121,0.00187477239666998,"MAP2",-1.23984729443454,0.00159129565917027
"ENSG00000078237","TIGAR",0.481565840345785,0.00202388461321767,"TIGAR",0.139807928339842,0.419630061218943
"ENSG00000078902","TOLLIP",0.704076864347429,9.60991057778619e-13,"TOLLIP",0.5326051520619,2.01298011179848e-07
"ENSG00000078967","UBE2D4",-0.44601722280025,0.00364376354361384,"UBE2D4",-0.0140685475049722,0.948751982937169
"ENSG00000079246","XRCC5",-0.323264452430797,4.17004805668145e-09,"XRCC5",-0.117803585811974,0.0596039805412754
"ENSG00000079277","MKNK1",0.403027690698058,0.00120827683892082,"MKNK1",0.88075386963283,7.35556106653223e-13
"ENSG00000079432","CIC",0.251847157035297,0.0823412314985787,"CIC",0.0322609234874148,0.881429220901636
"ENSG00000079819","EPB41L2",-0.852480939096214,9.69675979345036e-26,"EPB41L2",-0.640707147872916,4.41570112525745e-15
"ENSG00000079950","STX7",-0.000871058452516189,0.999769847841042,"STX7",0.0443103093713266,0.81003471830367
"ENSG00000079974","RABL2B",0.0815790787153291,0.618281883696291,"RABL2B",0.251297600496502,0.0540651872496372
"ENSG00000080345","RIF1",-0.2244436513401,0.00321009136562528,"RIF1",-0.132561792890638,0.109895841033867
"ENSG00000080546","SESN1",1.26369216857755,5.64590336975145e-24,"SESN1",0.989617100900736,2.46294501423612e-14
"ENSG00000080561","MID2",0.222448434538586,0.187509210319325,"MID2",0.242618243715222,0.135197993065983
"ENSG00000080608","PUM3",-0.35447892711409,8.64463219028997e-09,"PUM3",-0.19884631340659,0.00227606950330185
"ENSG00000080986","NDC80",-0.38871979369524,0.00066376950175323,"NDC80",-0.299039500654195,0.00799297616552754
"ENSG00000081026","MAGI3",-0.680324535061519,1.44006696033171e-08,"MAGI3",-0.489190161004979,1.58551168811174e-05
"ENSG00000081177","EXD2",0.2335555850248,0.155055712708538,"EXD2",0.0613928701271074,0.768203231382454
"ENSG00000081189","MEF2C",-0.622131178009358,0.00218193134879831,"MEF2C",-0.378507148379242,0.0324184732448538
"ENSG00000081721","DUSP12",-0.145346021044557,0.311097040896864,"DUSP12",-0.00058046401978548,0.997993292062286
"ENSG00000082438","COBLL1",0.223957074998109,0.0585352208732878,"COBLL1",0.279322528770196,0.0128392740970819
"ENSG00000082497","SERTAD4",-0.4429656818876,0.00535964842952159,"SERTAD4",-0.00428711935597809,0.984971741079883
"ENSG00000082898","XPO1",-0.374982986203929,2.39330400630314e-09,"XPO1",-0.119279552018917,0.0994393557153792
"ENSG00000083223","TUT7",-0.0050337585372741,0.990302299416616,"TUT7",-0.0930685568826289,0.523996396768027
"ENSG00000083535","PIBF1",-0.206519605062774,0.149720508900124,"PIBF1",-0.351560296553435,0.00568677801319914
"ENSG00000083544","TDRD3",-0.740529266564435,9.86056857925979e-08,"TDRD3",-0.648465435887663,3.19352808468088e-06
"ENSG00000083799","CYLD",0.42899246781894,9.75117691827517e-05,"CYLD",0.376566203107911,0.00055559190376078
"ENSG00000083896","YTHDC1",0.079901005034197,0.386616652189503,"YTHDC1",0.00417376533298986,0.973706702282457
"ENSG00000084070","SMAP2",0.304838939158903,0.00177839347758513,"SMAP2",0.386533204577992,3.37203247821779e-05
"ENSG00000084112","SSH1",0.0606056468563846,0.728292397167593,"SSH1",-0.0158306820688197,0.937248461862684
"ENSG00000084207","GSTP1",0.398875212812349,1.96728444777749e-07,"GSTP1",0.268768542622211,0.000634690841650849
"ENSG00000084623","EIF3I",-0.0744706422479496,0.455249589160784,"EIF3I",-0.172556661062639,0.0373686234325248
"ENSG00000084693","AGBL5",0.348064120172625,0.00057788946565365,"AGBL5",0.191182833556234,0.0861702522688697
"ENSG00000084731","KIF3C",0.136824485730259,0.465329215082799,"KIF3C",0.299023381145985,0.0471592995533473
"ENSG00000084754","HADHA",-0.143243537387787,0.0317008802456799,"HADHA",-0.319367651373326,2.18326539018457e-07
"ENSG00000084764","MAPRE3",0.469357746389539,0.00332586017448516,"MAPRE3",0.1834365002426,0.289487504329673
"ENSG00000085117","CD82",0.806151792817833,1.93186008786842e-08,"CD82",0.192161280937049,0.198009872476178
"ENSG00000085185","BCORL1",0.749615289535456,3.04159682012482e-07,"BCORL1",0.858607272873088,3.86040104047176e-08
"ENSG00000085365","SCAMP1",-0.13341921374075,0.126741838968404,"SCAMP1",-0.185900380992214,0.0249544495927355
"ENSG00000085377","PREP",-0.439440507389252,1.39596226095197e-05,"PREP",-0.216469303778805,0.0410133485578006
"ENSG00000085415","SEH1L",-0.327243181194575,0.000986662985156826,"SEH1L",-0.0940520287285631,0.437858335620977
"ENSG00000085433","WDR47",0.568812424450652,0.000880843650045221,"WDR47",0.389990788829452,0.0216703378886057
"ENSG00000085662","AKR1B1",0.382876090852634,7.10511315557571e-09,"AKR1B1",0.0544341356676979,0.562688235940168
"ENSG00000085871","MGST2",0.297038722369736,0.30578768841077,"MGST2",0.860824841618622,0.0189286524564915
"ENSG00000085872","CHERP",0.127279848617909,0.213837706187419,"CHERP",0.154548783742591,0.117888929661065
"ENSG00000085998","POMGNT1",0.149237983180782,0.178938699315304,"POMGNT1",0.259257561511174,0.00953545571970813
"ENSG00000086102","NFX1",0.249819937414756,6.01200905817674e-05,"NFX1",0.41271513077342,6.69049210366439e-12
"ENSG00000086289","EPDR1",0.307845735185133,0.000812238990287349,"EPDR1",0.147023663834176,0.160529064240683
"ENSG00000086475","SEPHS1",-0.258858816635773,0.00129444068003513,"SEPHS1",-0.107289250333284,0.259399035023053
"ENSG00000086712","TXLNG",-0.150630676136519,0.130167189394739,"TXLNG",-0.0813246444325391,0.464018709977935
"ENSG00000087008","ACOX3",-0.202387840260742,0.152360066555198,"ACOX3",-0.380461583299038,0.0078011336782208
"ENSG00000087077","TRIP6",0.441359238408986,1.07466520610496e-08,"TRIP6",0.367332444114358,2.14194426709222e-06
"ENSG00000087086","FTL",0.410201001121239,0.000517297680721084,"FTL",0.00756139288276246,0.967518244567326
"ENSG00000087087","SRRT",0.322057275690564,2.21547080538517e-05,"SRRT",0.312310783263911,3.84659143194717e-05
"ENSG00000087088","BAX",0.1520467443285,0.437969978871304,"BAX",0.19936433306314,0.239094082376358
"ENSG00000087206","UIMC1",0.0697850563053946,0.53501111493967,"UIMC1",0.271231830664685,0.00132282781848765
"ENSG00000087269","NOP14",0.123352537231299,0.0543790512370923,"NOP14",0.0443214539967492,0.598706100630944
"ENSG00000087586","AURKA",-0.395176816999973,6.24726116443486e-05,"AURKA",-0.236596216442428,0.0210117150333737
"ENSG00000087842","PIR",-0.795738690605814,9.20703460374389e-07,"PIR",-0.636410826147101,2.28358717505422e-05
"ENSG00000088205","DDX18",-0.2182138810468,1.20428000956571e-05,"DDX18",-0.110646257283094,0.045756855003765
"ENSG00000088256","GNA11",0.11368963032279,0.425769134340024,"GNA11",0.103780130221253,0.460485158282344
"ENSG00000088367","EPB41L1",0.145261246777688,0.284064123793682,"EPB41L1",-0.293631060225535,0.0137337837714286
"ENSG00000088826","SMOX",0.0879383882183136,0.701489992231533,"SMOX",-0.282145926724287,0.0906674635846579
"ENSG00000088854","DNAAF9",-0.364823112240259,0.0973945340906487,"DNAAF9",-0.278468655660501,0.153842573861808
"ENSG00000088888","MAVS",0.136229646549971,0.265729897945642,"MAVS",0.252131270061011,0.0175777593356081
"ENSG00000088930","XRN2",-0.116717625478525,0.0510191461542296,"XRN2",-0.0150896843435304,0.876853922233008
"ENSG00000088986","DYNLL1",-0.210547440818227,0.0022121752399778,"DYNLL1",-0.206844872117486,0.00263254536302866
"ENSG00000089006","SNX5",-0.49004994624084,2.08102530948827e-16,"SNX5",-0.312930714022113,2.98054433237668e-07
"ENSG00000089063","TMEM230",-0.054870443890803,0.739887101299759,"TMEM230",-0.20812430222504,0.0785563878772468
"ENSG00000089280","FUS",-0.156310123246029,0.0555032187861515,"FUS",-0.0475001317051125,0.655480114594522
"ENSG00000089289","IGBP1",0.226276794076368,0.018607963873235,"IGBP1",0.00015704382239095,0.998976286455315
"ENSG00000089351","GRAMD1A",0.293348184272067,0.00222006719422851,"GRAMD1A",0.221274203976114,0.0248863473108391
"ENSG00000089486","CDIP1",1.26236416985194,3.26143519478173e-31,"CDIP1",1.16331333145012,4.85107803625903e-25
"ENSG00000089639","GMIP",1.06365766767566,3.28352265965206e-07,"GMIP",1.52304087609393,1.55413735931441e-11
"ENSG00000089685","BIRC5",-0.374376856814258,0.00307703026917763,"BIRC5",-0.220572585831197,0.0884054212777449
"ENSG00000089693","MLF2",0.473279080523659,4.03811055877183e-10,"MLF2",0.540325552154531,1.00397118880944e-12
"ENSG00000089723","OTUB2",0.440643353033938,0.0168034049080029,"OTUB2",0.776939501375899,2.06626243452485e-05
"ENSG00000089916","GPATCH2L",0.28109696085511,0.00426025911735087,"GPATCH2L",0.119846126077071,0.292809901315134
"ENSG00000090013","BLVRB",0.614245831318404,1.47795713343941e-07,"BLVRB",0.341339335478405,0.0047620032180235
"ENSG00000090020","SLC9A1",0.865487648672231,1.60537891979918e-09,"SLC9A1",0.368100852706505,0.00894726758878734
"ENSG00000090060","PAPOLA",-0.264402781230209,1.79098594339424e-06,"PAPOLA",-0.0856622030595642,0.197333659186233
"ENSG00000090097","PCBP4",0.05309343393048,0.759243569457173,"PCBP4",0.0989321614587835,0.496591995486389
"ENSG00000090238","YPEL3",2.66615958397556,1.3225360616025e-38,"YPEL3",1.21438932732521,5.71937281412053e-09
"ENSG00000090266","NDUFB2",0.406334115814763,1.6070152960941e-05,"NDUFB2",0.0590971785648579,0.655480114594522
"ENSG00000090447","TFAP4",-0.738999202684172,2.60334669838398e-11,"TFAP4",-0.264645999182129,0.016861527860667
"ENSG00000090512","FETUB",2.32141667057275,8.3210859649442e-11,"FETUB",2.53635624865012,1.81283818646539e-13
"ENSG00000090776","EFNB1",1.15360531862331,9.88579857017825e-27,"EFNB1",0.384237513925761,0.00055377771059353
"ENSG00000090857","PDPR",0.083152267741527,0.505885478734936,"PDPR",-0.0839152915397342,0.49821977011181
"ENSG00000090861","AARS1",-0.434895114055267,7.57446980640263e-06,"AARS1",-0.274285184166234,0.00544894973024178
"ENSG00000091127","PUS7",-0.154239539662462,0.172610551044756,"PUS7",0.267943235192379,0.0064679728857999
"ENSG00000091129","NRCAM",-0.54774666433662,0.0163108761581387,"NRCAM",-0.812939150533132,0.000219720827230819
"ENSG00000091483","FH",-0.296356494009132,0.00419822627815822,"FH",-0.0617361217228527,0.656580625591765
"ENSG00000091527","CDV3",-0.28916564416076,0.00354833830377229,"CDV3",-0.191520571237702,0.0645754463603077
"ENSG00000091651","ORC6",-0.190986779881341,0.11057941808842,"ORC6",-0.414036614963167,0.000114699610406071
"ENSG00000091844","RGS17",-1.23802869414209,5.33384620961302e-12,"RGS17",-0.572168459450402,0.00012703064342521
"ENSG00000092140","G2E3",-0.0584885489394019,0.700733440071995,"G2E3",0.113886206473841,0.372137590354142
"ENSG00000092199","HNRNPC",-0.401262812455324,4.8843483887513e-06,"HNRNPC",-0.273561319795578,0.00222046129701008
"ENSG00000092203","TOX4",0.501723020543027,1.29729472500412e-15,"TOX4",0.213313280327995,0.00189654509466811
"ENSG00000092470","WDR76",-1.14655537464876,6.10933151941382e-26,"WDR76",-0.941359946329984,5.31875602766552e-20
"ENSG00000092531","SNAP23",0.462970531763915,1.03325343605523e-05,"SNAP23",0.507618565931,1.11747981928897e-06
"ENSG00000092969","TGFB2",0.433800648709109,0.0374929164585487,"TGFB2",1.15210719637094,8.3293822368061e-07
"ENSG00000093009","CDC45",-0.875344891560888,1.38240725880534e-09,"CDC45",-0.340491493761207,0.0120207457547128
"ENSG00000094804","CDC6",-0.217129148376436,0.0498826326849343,"CDC6",-0.20092215534151,0.0649508130285139
"ENSG00000095002","MSH2",-0.526384121969821,1.16334903765277e-07,"MSH2",-0.23150715164595,0.0230104221677143
"ENSG00000095059","DHPS",-0.0906726426420778,0.607642319683037,"DHPS",-0.281179062515292,0.0356860781614787
"ENSG00000095139","ARCN1",0.170600233772632,0.0224845959528437,"ARCN1",0.195166622145822,0.00803254308170349
"ENSG00000095321","CRAT",0.398100470178654,0.00887411085756539,"CRAT",0.301357111157794,0.050358509688589
"ENSG00000095383","TBC1D2",-0.151384019654485,0.366849831886828,"TBC1D2",0.221820764422236,0.135145840445082
"ENSG00000095539","SEMA4G",0.323669133762584,0.233934967055753,"SEMA4G",0.687655264784623,0.02559138342744
"ENSG00000095970","TREM2",6.76878286245392,6.35360340604823e-20,"TREM2",3.51926084600389,1.45692143933861e-17
"ENSG00000096384","HSP90AB1",-0.326258293363628,6.93511813945362e-11,"HSP90AB1",-0.0539135784867946,0.422603322748963
"ENSG00000096746","HNRNPH3",-0.392847453843945,1.31742525448668e-06,"HNRNPH3",0.0669570998419357,0.540174297526697
"ENSG00000097046","CDC7",0.130018927359378,0.416251611799774,"CDC7",0.11136079506272,0.469316749336145
"ENSG00000099337","KCNK6",0.232946621153792,0.228592763544297,"KCNK6",-0.239493871016835,0.225765653295465
"ENSG00000099364","FBXL19",0.203121615274787,0.26211688988081,"FBXL19",0.231182532428258,0.162450333062113
"ENSG00000099377","HSD3B7",0.162497128550551,0.492580833584677,"HSD3B7",0.12407004127025,0.561984155654647
"ENSG00000099399","MAGEB2",-0.0887392064722964,0.349784999518454,"MAGEB2",-0.150570281848011,0.0729969678507357
"ENSG00000099783","HNRNPM",-0.114650123354522,0.103976687857108,"HNRNPM",0.0533026442485088,0.530175415927147
"ENSG00000099800","TIMM13",-0.418789469718469,2.2501280843445e-07,"TIMM13",-0.21637462915995,0.011481188827961
"ENSG00000099814","CEP170B",0.859299399005367,1.35913039200708e-11,"CEP170B",0.733928961535507,1.78428256507216e-08
"ENSG00000099860","GADD45B",0.40332210521816,0.0138247895355534,"GADD45B",0.00388752785565653,0.986863382151681
"ENSG00000099889","ARVCF",2.8456233635298,3.07965742739158e-14,"ARVCF",2.01232126408179,8.44000871902813e-10
"ENSG00000099901","RANBP1",-0.322169065538123,6.08548962368417e-06,"RANBP1",-0.0813599437141795,0.365331544841185
"ENSG00000099940","SNAP29",0.211763539227222,0.0033035757154043,"SNAP29",0.0527049339070704,0.590079798946893
"ENSG00000099956","SMARCB1",-0.111065434819964,0.18626796741584,"SMARCB1",0.276740278721981,0.000134353189826408
"ENSG00000099968","BCL2L13",0.23914231461755,0.00221550744493138,"BCL2L13",0.48570022184442,8.41795389399865e-11
"ENSG00000099995","SF3A1",0.0594349242624591,0.533474174204305,"SF3A1",0.145878072080366,0.065516434105539
"ENSG00000100028","SNRPD3",0.139033625366022,0.140243435071643,"SNRPD3",0.0922964501636301,0.375047299397833
"ENSG00000100075","SLC25A1",0.0732490672428469,0.624657829496607,"SLC25A1",0.0689438429043919,0.647489985397419
"ENSG00000100092","SH3BP1",0.0786392459210107,0.637704202016294,"SH3BP1",0.253932130045551,0.0380437154746335
"ENSG00000100151","PICK1",0.205340589837237,0.220822079721117,"PICK1",0.70162864617909,2.10949435499465e-05
"ENSG00000100196","KDELR3",0.412018019332513,0.014740153714016,"KDELR3",0.149063643704615,0.421128944607839
"ENSG00000100242","SUN2",-0.550713225067667,1.67389522281344e-07,"SUN2",-0.367350864600352,0.000446748121498694
"ENSG00000100243","CYB5R3",0.211695061642421,0.00399179796537028,"CYB5R3",0.00791970857213751,0.948625739884222
"ENSG00000100246","DNAL4",0.773330421133246,1.74077770895807e-06,"DNAL4",0.254742529094693,0.173426149339081
"ENSG00000100281","HMGXB4",-0.179162403665916,0.00536526817257907,"HMGXB4",-0.0151621449690275,0.891924519355433
"ENSG00000100284","TOM1",0.98321148281145,7.13359010502605e-10,"TOM1",1.1656932232417,2.78572247619557e-11
"ENSG00000100292","HMOX1",0.4395471681707,0.0964377718053707,"HMOX1",-0.114986423429384,0.641069389283794
"ENSG00000100297","MCM5",-0.493435687583265,6.0708627368282e-08,"MCM5",-0.542241614004624,2.48191731688399e-09
"ENSG00000100299","ARSA",0.312550972691556,0.118455265731426,"ARSA",0.177897575215673,0.366735900356482
"ENSG00000100300","TSPO",0.029489045086324,0.810987340434836,"TSPO",-0.269105641055103,0.000772643163420701
"ENSG00000100304","TTLL12",-0.056081382661163,0.603152864788579,"TTLL12",0.167538601613775,0.0519155274627314
"ENSG00000100319","ZMAT5",0.677209873464256,2.15291264360302e-07,"ZMAT5",0.28213628551315,0.0422486479008742
"ENSG00000100321","SYNGR1",0.0231158227411221,0.944874660818141,"SYNGR1",0.06585059452831,0.790308111371099
"ENSG00000100342","APOL1",1.16457215466357,1.53521017602567e-12,"APOL1",0.867086207632216,1.76006482590691e-07
"ENSG00000100347","SAMM50",0.351325629116722,1.94104518412041e-09,"SAMM50",0.459520394793167,6.88995675649644e-15
"ENSG00000100359","SGSM3",0.108301371587592,0.697923283369541,"SGSM3",0.0755505308293905,0.77009094380137
"ENSG00000100364","KIAA0930",0.138043702726182,0.165419391193692,"KIAA0930",0.287343522406636,0.00150718321297335
"ENSG00000100376","FAM118A",0.357203676861038,0.0202368400908128,"FAM118A",0.116734350244894,0.514159859231706
"ENSG00000100379","KCTD17",0.0917233656970162,0.54216708332376,"KCTD17",0.189350920622801,0.140977765513531
"ENSG00000100410","PHF5A",-0.423619829938127,1.89208462031264e-05,"PHF5A",-0.419727458213152,1.78538636445312e-05
"ENSG00000100417","PMM1",0.152461830233069,0.290806001391365,"PMM1",-0.0229309211142217,0.914308950638517
"ENSG00000100418","DESI1",-0.237254316061123,0.0112257964403863,"DESI1",-0.0976526378469531,0.391391619578659
"ENSG00000100429","HDAC10",0.244857091265962,0.201145317817128,"HDAC10",0.193151457964671,0.289966964443842
"ENSG00000100439","ABHD4",1.70399807074212,1.70553971345806e-16,"ABHD4",1.59870608415497,1.20074530951756e-13
"ENSG00000100479","POLE2",-0.674118183983112,0.000159940758371521,"POLE2",-0.38180338495052,0.0186963757522411
"ENSG00000100485","SOS2",0.463074725683178,0.000321923627551963,"SOS2",0.502391422342524,6.6057933994843e-05
"ENSG00000100504","PYGL",-0.22193281790912,0.0394239285323407,"PYGL",-0.269918218025191,0.0130017401061723
"ENSG00000100522","GNPNAT1",-0.372859659638737,7.13461503546988e-05,"GNPNAT1",-0.332678438712105,0.000363551708666825
"ENSG00000100526","CDKN3",-0.954460964260053,4.7658203093328e-09,"CDKN3",-0.493022465974105,0.00128558413549011
"ENSG00000100591","AHSA1",0.181918414566631,0.0641795935805399,"AHSA1",0.352775351622083,7.30200969034777e-05
"ENSG00000100603","SNW1",0.0421667415912653,0.667929711673677,"SNW1",0.0990041758394917,0.218230682264778
"ENSG00000100605","ITPK1",-0.313998629704941,0.000872522302066973,"ITPK1",-0.311810369683533,0.000975847296674511
"ENSG00000100612","DHRS7",1.16554564635058,3.27751980239898e-22,"DHRS7",1.21034779458306,1.46684278871181e-23
"ENSG00000100629","CEP128",-0.587512632679438,7.33975219526778e-05,"CEP128",-0.326560339690728,0.0189977569940965
"ENSG00000100632","ERH",-0.269281366992463,0.00455612552049562,"ERH",-0.244574479019044,0.00959677468551443
"ENSG00000100647","SUSD6",1.31107198342405,2.24427011009893e-21,"SUSD6",1.00912141765892,1.55551501341619e-12
"ENSG00000100650","SRSF5",-0.0780716059992313,0.464715825547423,"SRSF5",0.14536624801209,0.113106705449151
"ENSG00000100664","EIF5",-0.000406215413255425,0.999769847841042,"EIF5",-0.182665396956858,0.0389854192759365
"ENSG00000100697","DICER1",-0.0585695526410668,0.662659354504442,"DICER1",-0.0515270407301436,0.706286724189257
"ENSG00000100714","MTHFD1",-0.602077924939199,2.66109518656331e-12,"MTHFD1",-0.528591992302671,7.43007214677993e-10
"ENSG00000100767","PAPLN",0.358179708000335,0.179938255379322,"PAPLN",0.123470957369421,0.62052908678796
"ENSG00000100804","PSMB5",-0.0844542930435122,0.328353375548924,"PSMB5",-0.0647711673122258,0.48241948256172
"ENSG00000100867","DHRS2",-0.671119815419456,0.00468436823902372,"DHRS2",0.0249954148004889,0.93183124691646
"ENSG00000100941","PNN",-0.197271391846883,0.0862433778865986,"PNN",-0.380299698922812,0.000246843778556543
"ENSG00000100949","RABGGTA",0.595849938051246,1.20651216437331e-07,"RABGGTA",0.769599172467004,3.74340620080152e-11
"ENSG00000100983","GSS",0.281615153473007,0.00141912916583721,"GSS",0.241646471946646,0.00701415170318868
"ENSG00000101000","PROCR",1.10841254712341,7.69249890741243e-25,"PROCR",1.24246390693042,1.04573945910749e-28
"ENSG00000101040","ZMYND8",-0.248218575906146,0.00792955077226478,"ZMYND8",-0.023214214150425,0.881564983814623
"ENSG00000101057","MYBL2",-0.440691600227788,0.00379661203508676,"MYBL2",0.0188449656516489,0.936228915557056
"ENSG00000101079","NDRG3",-0.126234829104615,0.352064191958983,"NDRG3",-0.0386248899685917,0.828212760651756
"ENSG00000101132","PFDN4",0.137226979639514,0.20234139614583,"PFDN4",0.125325506365503,0.248801535095346
"ENSG00000101146","RAE1",0.0470549122558819,0.717353851556528,"RAE1",0.00423574263650483,0.977079174675777
"ENSG00000101187","SLCO4A1",-0.449793777123935,0.0104617299570611,"SLCO4A1",-0.261532525470004,0.124128257296212
"ENSG00000101224","CDC25B",-0.596159488101412,5.80362539557857e-08,"CDC25B",-0.370007031635907,0.000623814116245913
"ENSG00000101266","CSNK2A1",-0.303172857843299,1.96046885364495e-11,"CSNK2A1",-0.292369209866372,1.65801938633002e-10
"ENSG00000101290","CDS2",0.342454915853949,0.00116900410122079,"CDS2",0.438362839769569,2.02652921155669e-05
"ENSG00000101307","SIRPB1",-0.955006337103287,0.000311963777281308,"SIRPB1",-1.22824023164539,0.000230946403252551
"ENSG00000101343","CRNKL1",0.300667205616021,0.000254202772934832,"CRNKL1",-0.0307707639857146,0.819813742726071
"ENSG00000101361","NOP56",-0.213248876083702,0.0157488507002992,"NOP56",-0.322418017222603,9.90128931135095e-05
"ENSG00000101400","SNTA1",-0.0750289810490721,0.742969163497632,"SNTA1",-0.310686135995381,0.0754318292596784
"ENSG00000101412","E2F1",-0.934875747233191,1.97564518035718e-09,"E2F1",-0.96713058926412,9.68733995248792e-10
"ENSG00000101417","PXMP4",0.242476757117231,0.123044711402093,"PXMP4",-0.0546893020109371,0.800399453939205
"ENSG00000101447","FAM83D",-0.34699599732858,0.019358448938499,"FAM83D",-0.155231699974162,0.327431827919895
"ENSG00000101544","ADNP2",-0.114411150248785,0.283963032581499,"ADNP2",0.138189603706565,0.170812443226635
"ENSG00000101546","RBFA",-0.105307827120485,0.474480365640594,"RBFA",0.0756845411529706,0.622407277999266
"ENSG00000101608","MYL12A",-0.446537805356585,6.20964009610534e-09,"MYL12A",-0.543417645880261,9.01763841848163e-13
"ENSG00000101654","RNMT",0.291036711456887,0.00025618266587185,"RNMT",0.10158780899398,0.289136080865608
"ENSG00000101844","ATG4A",0.540053933851345,9.07818600938873e-05,"ATG4A",0.443704716649974,0.00225544962775058
"ENSG00000101849","TBL1X",-0.715294969536011,2.8317034046973e-05,"TBL1X",-0.107059463385287,0.579000487365713
"ENSG00000101868","POLA1",-1.58140687196878,8.10560268986095e-40,"POLA1",-1.40467470922727,3.17126850125904e-33
"ENSG00000101911","PRPS2",-0.612188608050983,2.20193209373422e-08,"PRPS2",-0.226124227647903,0.0473683404396117
"ENSG00000101935","AMMECR1",-0.187240599150821,0.0435527413941019,"AMMECR1",0.150176422863555,0.0933652995177637
"ENSG00000101940","WDR13",0.0343108610637231,0.824837096512636,"WDR13",-0.169740562258141,0.125742619233636
"ENSG00000101945","SUV39H1",-0.345936922709053,0.0383637650204974,"SUV39H1",-0.163388662407477,0.337598503198704
"ENSG00000101972","STAG2",0.0384905208342669,0.722629833553117,"STAG2",0.124932547680089,0.127810896419121
"ENSG00000101997","CCDC22",0.499294575091364,0.00042468898303253,"CCDC22",0.33739524061445,0.0211915776524984
"ENSG00000102030","NAA10",-0.140766594130704,0.0585723166583308,"NAA10",-0.289734236012558,2.12183148951447e-05
"ENSG00000102038","SMARCA1",-0.415187381236155,0.00185594313642377,"SMARCA1",-0.164667924815443,0.248227283085495
"ENSG00000102054","RBBP7",-0.332035606632587,7.87110487493277e-07,"RBBP7",-0.191235027390532,0.00668034656197877
"ENSG00000102081","FMR1",0.0277510594144177,0.855095903534364,"FMR1",0.0960788889591028,0.398645754339198
"ENSG00000102172","SMS",-0.775235002721466,9.61395517671996e-18,"SMS",-0.527028951849051,5.51525962638599e-09
"ENSG00000102174","PHEX",-0.533006556174336,0.00611804945770534,"PHEX",-1.01901206232342,1.23161653660966e-06
"ENSG00000102178","UBL4A",-0.101663259488022,0.348450319375116,"UBL4A",-0.216533072741656,0.0202317616482379
"ENSG00000102225","CDK16",0.0173477827695214,0.921428107791884,"CDK16",-0.104392521444913,0.378830811668318
"ENSG00000102226","USP11",0.366630395122008,5.28932735919291e-05,"USP11",0.167489231272034,0.0939165652416095
"ENSG00000102271","KLHL4",-1.52422895379104,1.04324629563454e-07,"KLHL4",-1.99385671455571,5.9851393673063e-11
"ENSG00000102316","MAGED2",0.285132887836168,0.012766576587388,"MAGED2",-0.0448485093544878,0.786673439781238
"ENSG00000102384","CENPI",-0.278623254194533,0.0128265154422517,"CENPI",0.104573618763175,0.419496055965327
"ENSG00000102385","DRP2",0.060590037124674,0.773879217084317,"DRP2",0.080021675333639,0.662528993423592
"ENSG00000102393","GLA",0.693116672868032,6.44371349323755e-11,"GLA",0.677014767138411,5.2611055519646e-10
"ENSG00000102401","ARMCX3",0.15639898937843,0.246990959362717,"ARMCX3",0.21773789364694,0.07966265995002
"ENSG00000102452","NALCN",-0.319243626224453,0.11634165619449,"NALCN",-0.301783350406721,0.106066780998215
"ENSG00000102524","TNFSF13B",1.41414621245588,2.0319648524243e-13,"TNFSF13B",1.5513253074686,2.06344302235001e-09
"ENSG00000102547","CAB39L",-0.865156328737563,0.00137686871538412,"CAB39L",-1.86633681730987,1.56393411035301e-07
"ENSG00000102554","KLF5",1.37575074659725,3.69830064875311e-27,"KLF5",1.08807784281176,8.46687626478566e-18
"ENSG00000102572","STK24",-0.236132607343048,0.0193034697292692,"STK24",-0.0208247675558051,0.899709334656851
"ENSG00000102575","ACP5",0.644141180938585,0.0491427971847314,"ACP5",-0.294283957816627,0.253268319916877
"ENSG00000102595","UGGT2",-0.517777084032301,6.75984810416546e-05,"UGGT2",-0.71344073658471,4.42886567849144e-08
"ENSG00000102781","KATNAL1",0.101933173271418,0.477390773916087,"KATNAL1",0.31189716138606,0.00695145949786208
"ENSG00000102804","TSC22D1",0.147476239708148,0.403986380077176,"TSC22D1",0.207263748532546,0.171634616622712
"ENSG00000102870","ZNF629",0.209882684174761,0.147277020424539,"ZNF629",0.0529809356920672,0.780318357302419
"ENSG00000102871","TRADD",0.231090120639476,0.106544157424877,"TRADD",0.156497263230004,0.313985683620917
"ENSG00000102882","MAPK3",-0.0830689253672028,0.605395502698864,"MAPK3",-0.0724957294870542,0.655137362473691
"ENSG00000102893","PHKB",-0.809083238928604,1.74697408054212e-16,"PHKB",-0.997855005982342,4.64414414318991e-24
"ENSG00000102931","ARL2BP",0.146857367477007,0.228905968271221,"ARL2BP",0.287338540681089,0.00637826933833779
"ENSG00000102934","PLLP",1.09983662650893,0.00345748979663189,"PLLP",0.280574382610015,0.259834322639346
"ENSG00000103034","NDRG4",1.03173589496757,2.83251528501118e-05,"NDRG4",1.38990748336873,4.14665002322713e-06
"ENSG00000103042","SLC38A7",0.411011012438186,0.00961737064980292,"SLC38A7",0.22442794466562,0.167487042601682
"ENSG00000103066","PLA2G15",0.453358757432499,0.00110180185039701,"PLA2G15",0.278849743432075,0.0485249489921229
"ENSG00000103160","HSDL1",0.177629685888635,0.119204637669993,"HSDL1",0.0697608202273775,0.623219671032023
"ENSG00000103187","COTL1",0.0929965814755991,0.489009080670696,"COTL1",0.113553323281693,0.369961223767002
"ENSG00000103253","HAGHL",-0.073231062090306,0.766639663685765,"HAGHL",-0.293995204945139,0.0969907946573865
"ENSG00000103257","SLC7A5",-0.732452525365656,4.39562942421697e-06,"SLC7A5",-0.975421488883632,2.97516944811941e-09
"ENSG00000103266","STUB1",-0.278091899186427,0.0027598321890034,"STUB1",-0.262546018079324,0.00464489431158417
"ENSG00000103326","CAPN15",-0.412234165844998,0.000254849017588098,"CAPN15",-0.0822222469302223,0.579253263173574
"ENSG00000103351","CLUAP1",0.221754841884775,0.0336649172245181,"CLUAP1",0.158264881553362,0.141658898455644
"ENSG00000103415","HMOX2",0.423111092086512,1.04694194414841e-07,"HMOX2",0.479258778403432,2.00973829526959e-09
"ENSG00000103423","DNAJA3",-0.251256232474884,0.0103473586215598,"DNAJA3",-0.0602317394068816,0.644198028204828
"ENSG00000103485","QPRT",-0.458488555053647,0.123572159974125,"QPRT",-1.07494664279166,0.00599681501534814
"ENSG00000103496","STX4",-0.0570402392549109,0.667235513599563,"STX4",-0.00686994154471242,0.964460774595016
"ENSG00000103502","CDIPT",0.924679359184114,4.62610076902387e-25,"CDIPT",0.709279617460427,6.88995675649644e-15
"ENSG00000103507","BCKDK",-0.183369040225845,0.0757985094107125,"BCKDK",0.018099792108846,0.914284211999347
"ENSG00000103522","IL21R",0.543659840924299,0.0235984567650587,"IL21R",0.283806033503523,0.117658065849773
"ENSG00000103550","KNOP1",0.270510754683093,4.2189177993237e-06,"KNOP1",0.0499869937819012,0.541882732894442
"ENSG00000103811","CTSH",0.926430287636763,7.57911823413972e-06,"CTSH",0.0768402812797205,0.739209425703857
"ENSG00000103994","ZNF106",0.485285977417957,2.66572363530079e-10,"ZNF106",0.629522775192767,2.47866007249944e-16
"ENSG00000104064","GABPB1",-0.171470175257769,0.188717652191638,"GABPB1",-0.161351329259386,0.204886469070485
"ENSG00000104131","EIF3J",-0.125589492403506,0.111988202202903,"EIF3J",-0.264389418133073,0.000174661837861316
"ENSG00000104140","RHOV",1.36740818734855,2.8260194821439e-05,"RHOV",0.0935775692852379,0.718413401622723
"ENSG00000104147","OIP5",0.126585675399946,0.468487583183091,"OIP5",0.484953142110359,0.000480240826235194
"ENSG00000104218","CSPP1",-0.111568432951445,0.367324751265778,"CSPP1",-0.26645784342856,0.00885193512796954
"ENSG00000104237","RP1",0.0677758646336669,0.837549904317128,"RP1",-0.204461136126362,0.395287576032138
"ENSG00000104320","NBN",-0.231535876214327,0.00266487491731109,"NBN",-0.0112951449310101,0.932925361695864
"ENSG00000104332","SFRP1",-0.20093850054301,0.141036308427653,"SFRP1",-1.17440308402599,1.75587054968896e-12
"ENSG00000104365","IKBKB",0.431114458399524,0.000918520546276854,"IKBKB",0.41828598418095,0.00121834948988773
"ENSG00000104369","JPH1",-0.419977166742941,0.00400288912599961,"JPH1",-0.572181430223727,0.000165050429970299
"ENSG00000104419","NDRG1",-0.26520582153728,0.208002428442584,"NDRG1",0.0318498384815555,0.908970173816647
"ENSG00000104427","ZC2HC1A",0.229087831499686,0.104165427566912,"ZC2HC1A",0.0486294530472713,0.79833237090419
"ENSG00000104472","CHRAC1",-0.371749825930733,1.36706183973591e-07,"CHRAC1",-0.16744497185188,0.029392132379984
"ENSG00000104635","SLC39A14",-0.410586204912528,3.45647613701858e-07,"SLC39A14",-0.610722432384275,3.42963181447496e-14
"ENSG00000104660","LEPROTL1",0.0470118526882688,0.716224359147333,"LEPROTL1",0.123814572769019,0.217075846257926
"ENSG00000104687","GSR",-0.0280009695302767,0.813636760776205,"GSR",0.182374630496988,0.0206734355607065
"ENSG00000104738","MCM4",-0.311646935102983,8.60432541630387e-05,"MCM4",-0.221832706904776,0.00684266092215774
"ENSG00000104783","KCNN4",-0.194173885849424,0.0604607285192863,"KCNN4",0.0789826944348304,0.508517313725858
"ENSG00000104805","NUCB1",0.206364775143687,0.0785879313495798,"NUCB1",-0.0752653222996014,0.599971631086956
"ENSG00000104824","HNRNPL",-0.324477768400718,0.000223575701727588,"HNRNPL",-0.152606885066067,0.115114324079307
"ENSG00000104833","TUBB4A",0.58972348992948,0.0733280223906443,"TUBB4A",-0.319064493797412,0.200973517245987
"ENSG00000104856","RELB",1.11240868055817,2.21197158577243e-09,"RELB",1.18116446549808,3.5464317715244e-10
"ENSG00000104870","FCGRT",-0.148129893322541,0.619703424951389,"FCGRT",-0.223206547808183,0.324937255389077
"ENSG00000104957","YJU2B",0.21795643636506,0.139496516829863,"YJU2B",-0.0829657566933946,0.630002791126641
"ENSG00000104960","PTOV1",0.0984359755991102,0.494871371200818,"PTOV1",-0.00418988393056916,0.98224093575895
"ENSG00000104964","TLE5",0.019218230143538,0.896536888470894,"TLE5",-0.257626658514552,0.00328737145009861
"ENSG00000104973","MED25",0.153472235842293,0.393803683213446,"MED25",0.285958852870446,0.05807036982564
"ENSG00000104976","SNAPC2",0.12824930483029,0.294265549746296,"SNAPC2",0.0491033832668164,0.748476013580542
"ENSG00000104980","TIMM44",-0.187249966385332,0.0308089894986284,"TIMM44",-0.249331264135007,0.00303483469072499
"ENSG00000105048","TNNT1",-0.196491994656863,0.206826148705362,"TNNT1",-0.156410502144121,0.309587750745121
"ENSG00000105171","POP4",0.24192824077566,0.0160546766425344,"POP4",0.139298180625877,0.212644124695103
"ENSG00000105176","URI1",-0.415813964854872,1.07373709159698e-05,"URI1",-0.186380398023707,0.0677729373599327
"ENSG00000105185","PDCD5",0.0272052500548732,0.876188937655572,"PDCD5",0.0206839210471237,0.911066207019413
"ENSG00000105245","NUMBL",0.12636274235868,0.437969978871304,"NUMBL",0.0601498863114976,0.750750241867762
"ENSG00000105246","EBI3",1.47482609922686,0.00048837917326979,"EBI3",1.1120669876471,0.00307166105747399
"ENSG00000105255","FSD1",0.282833374886351,0.113146087237257,"FSD1",0.231321974801655,0.231062278245571
"ENSG00000105281","SLC1A5",-0.469057557771631,0.00011632512322903,"SLC1A5",-0.229176945950066,0.0679029990791218
"ENSG00000105287","PRKD2",1.23632516907394,1.92748937861205e-21,"PRKD2",1.2784687309807,1.67884721384285e-20
"ENSG00000105290","APLP1",2.99411858488766,7.95748220947622e-14,"APLP1",2.12364436868997,1.36662002534624e-05
"ENSG00000105327","BBC3",1.18804728223976,1.08218788167042e-15,"BBC3",1.64440075348771,1.36879292662062e-28
"ENSG00000105373","NOP53",0.120086687882475,0.219056338279073,"NOP53",0.0937126187552435,0.366580935602348
"ENSG00000105383","CD33",-0.150332155582786,0.426872140339961,"CD33",-0.225429460368571,0.144545477229852
"ENSG00000105397","TYK2",0.0720255230518217,0.505072560152406,"TYK2",0.0662471162482046,0.555147879077437
"ENSG00000105404","RABAC1",0.179720917499223,0.24753423540334,"RABAC1",-0.00680899947954392,0.974484838787931
"ENSG00000105438","KDELR1",0.267135487135454,0.00402971945512133,"KDELR1",0.139382453912952,0.174736871076157
"ENSG00000105447","GRWD1",0.0971029817051181,0.363512916828116,"GRWD1",0.183938277734138,0.0474325276351484
"ENSG00000105483","CARD8",-0.305436503794964,0.0223325657805949,"CARD8",-0.0840203243290176,0.612870991680313
"ENSG00000105518","TMEM205",0.325831833427473,0.0424709740714073,"TMEM205",-0.299462662204367,0.104688561430137
"ENSG00000105519","CAPS",0.504050806683233,0.0974643919276202,"CAPS",0.0450154604328057,0.884344379304847
"ENSG00000105520","PLPPR2",1.10845504425167,2.24192171573768e-09,"PLPPR2",0.216321752657432,0.25209577325046
"ENSG00000105556","MIER2",0.0205896167353481,0.937458847816837,"MIER2",0.0519970451462728,0.790485290320318
"ENSG00000105612","DNASE2",0.783071514037048,0.000121360897161877,"DNASE2",0.0883933197693152,0.736828147624319
"ENSG00000105649","RAB3A",0.373475194456648,0.124941301767412,"RAB3A",0.210479897967968,0.392544702423344
"ENSG00000105699","LSR",-0.0860661110680354,0.757520032003109,"LSR",-0.310296979161431,0.127835826802338
"ENSG00000105701","FKBP8",0.212122082209189,0.121526209699736,"FKBP8",0.0593215365024165,0.738917751038323
"ENSG00000105755","ETHE1",0.177634301617377,0.173525164988232,"ETHE1",0.120042980908236,0.399398463204276
"ENSG00000105771","SMG9",0.402240568751551,0.000260331926457616,"SMG9",0.273098860778582,0.0145406260439873
"ENSG00000105821","DNAJC2",-0.0556315626973695,0.546968194464778,"DNAJC2",-0.162332335203134,0.0287588957904295
"ENSG00000105849","POLR1F",-0.017067140648347,0.868005017908471,"POLR1F",-0.126946105781317,0.066569339523224
"ENSG00000105851","PIK3CG",0.0363630129415909,0.923529112690873,"PIK3CG",0.346254748509025,0.113821416064166
"ENSG00000105879","CBLL1",-0.04027342011963,0.803960342720817,"CBLL1",-0.255331993438671,0.0252093341123719
"ENSG00000105926","PALS2",-0.243785496528677,0.00142793338401267,"PALS2",-0.0563039695565813,0.587887899839796
"ENSG00000105928","GSDME",0.291556183013485,0.00736457179299143,"GSDME",0.119506051256494,0.339719505644195
"ENSG00000105953","OGDH",-0.300645085599481,0.018504697566487,"OGDH",-0.174061671497221,0.190449471001663
"ENSG00000105968","H2AZ2",-0.358245460980469,0.000299778866565721,"H2AZ2",-0.29703393641385,0.00258561220772589
"ENSG00000105971","CAV2",0.0790122645637565,0.535634634868275,"CAV2",0.051136970469496,0.713066890974907
"ENSG00000106003","LFNG",-0.421973875036649,0.0284898741844294,"LFNG",-0.538571494760463,0.00359865932515685
"ENSG00000106070","GRB10",-0.11538634658249,0.529610770318275,"GRB10",-0.190934898354868,0.22163510646839
"ENSG00000106080","FKBP14",0.299733062026081,0.000615970770425137,"FKBP14",0.1145020128416,0.287819622132441
"ENSG00000106105","GARS1",-0.938146682825155,1.69140813084267e-14,"GARS1",-1.07824880757275,1.6559026958726e-18
"ENSG00000106244","PDAP1",-0.314501026558508,9.78101885820122e-06,"PDAP1",-0.194958044617071,0.00931478669198853
"ENSG00000106263","EIF3B",0.131989673728765,0.144332438184022,"EIF3B",0.170700895859563,0.0485187865041102
"ENSG00000106330","MOSPD3",0.258046513496835,0.0504931493564605,"MOSPD3",0.15263432087817,0.279706648509727
"ENSG00000106355","LSM5",-0.267539846832271,0.00860923095995308,"LSM5",-0.206568942823343,0.0453345600362234
"ENSG00000106367","AP1S1",0.471338463540205,0.00319660928977636,"AP1S1",0.0528008345074105,0.811505638794695
"ENSG00000106443","PHF14",-0.284614274684907,0.000645380180699086,"PHF14",-0.251034635358426,0.0025748425037623
"ENSG00000106459","NRF1",-0.444656012789204,0.00255042289026116,"NRF1",-0.182501566113317,0.233634996972371
"ENSG00000106462","EZH2",-0.918206454792847,8.4345916889703e-23,"EZH2",-0.571760301921009,4.41446130801433e-10
"ENSG00000106524","ANKMY2",0.178444609238272,0.0546391035708159,"ANKMY2",0.279705099605858,0.00139116988686157
"ENSG00000106554","CHCHD3",-0.923508483524343,4.77425109937732e-20,"CHCHD3",-0.552512799601574,3.38428561062116e-08
"ENSG00000106603","COA1",-0.547244886355472,1.90491401118182e-07,"COA1",-0.241670571089214,0.0254372747741826
"ENSG00000106605","BLVRA",0.414950937362589,0.000233598176229152,"BLVRA",0.28284745344077,0.0435805608141839
"ENSG00000106615","RHEB",-0.320686982104836,0.000392881887394797,"RHEB",-0.214816964762445,0.0224557993213758
"ENSG00000106682","EIF4H",-0.0400133747021399,0.802930066635336,"EIF4H",-0.0733320881761432,0.602420792452743
"ENSG00000106733","NMRK1",-0.346101865016009,0.139868717643682,"NMRK1",0.0159198246023384,0.954995782287712
"ENSG00000106780","MEGF9",-0.488422828188523,0.00203617621150508,"MEGF9",-0.187481957793053,0.22138855636077
"ENSG00000106789","CORO2A",0.0469047304749058,0.781242267980703,"CORO2A",0.270027628322569,0.0136172128181646
"ENSG00000106853","PTGR1",0.226939260106631,0.202287293103891,"PTGR1",0.26786078417198,0.0890742114005726
"ENSG00000106948","AKNA",0.119191536780068,0.608902749434528,"AKNA",-0.0794123679306708,0.717608511459448
"ENSG00000106992","AK1",1.29627794871044,2.06467866464135e-18,"AK1",1.12372184113474,1.1659682063014e-13
"ENSG00000107021","TBC1D13",0.149909506648132,0.243064822378634,"TBC1D13",0.235556857939606,0.0480198701556927
"ENSG00000107105","ELAVL2",-0.462086326794902,0.121745946862767,"ELAVL2",-0.118144501945029,0.62027454102075
"ENSG00000107175","CREB3",0.545076805329021,9.44288447748033e-07,"CREB3",0.611629904465279,6.14212766095418e-08
"ENSG00000107223","EDF1",0.18486931067354,0.00752130351781649,"EDF1",0.106417588245216,0.168001337907856
"ENSG00000107263","RAPGEF1",-0.0763736889814733,0.631665954610485,"RAPGEF1",0.206983091855529,0.0931794251474523
"ENSG00000107281","NPDC1",0.00526376449633924,0.989236840981108,"NPDC1",-0.196588152729185,0.0951068848409176
"ENSG00000107282","APBA1",-1.13479698008889,0.00582494096295467,"APBA1",-0.668297643563116,0.0319499076552544
"ENSG00000107371","EXOSC3",-0.401071912867976,0.000353195999375163,"EXOSC3",-0.186587281880481,0.117995246839528
"ENSG00000107537","PHYH",1.39137438609575,1.22041822322671e-20,"PHYH",1.22377462072688,2.91335632609016e-14
"ENSG00000107566","ERLIN1",-0.714738165876865,6.17974340980637e-22,"ERLIN1",-0.819378363097308,3.63924624270348e-27
"ENSG00000107614","TRDMT1",-0.843185118463559,4.49282778730358e-08,"TRDMT1",-0.477851953881354,0.000528296697156528
"ENSG00000107643","MAPK8",-0.041372223101712,0.779454459093138,"MAPK8",0.0343089829783626,0.820910759133148
"ENSG00000107731","UNC5B",-0.168736737458051,0.513656156588452,"UNC5B",-0.729527264193575,0.00251459141148879
"ENSG00000107745","MICU1",-0.252035242108979,0.0144102688886081,"MICU1",-0.373037800589,9.02488719626072e-05
"ENSG00000107758","PPP3CB",-0.273937345235109,0.000567755959857714,"PPP3CB",0.0292414954013996,0.815089649482346
"ENSG00000107796","ACTA2",1.25482084477314,1.8285726121439e-07,"ACTA2",0.663443310029436,0.00322399120705082
"ENSG00000107798","LIPA",0.28019463077403,0.0285627004952556,"LIPA",0.00671509418097283,0.974484838787931
"ENSG00000107815","TWNK",0.294851384884375,0.00187477239666998,"TWNK",0.00691318815389199,0.96448001180327
"ENSG00000107816","LZTS2",0.556173980046455,6.28665841638706e-05,"LZTS2",0.561835609530833,4.17191084217787e-05
"ENSG00000107819","SFXN3",0.0757393280916603,0.625787615402436,"SFXN3",0.0929686967996489,0.512542309707439
"ENSG00000107821","KAZALD1",0.436544373445318,0.0108422196723532,"KAZALD1",0.328837199303099,0.0362748824173739
"ENSG00000107829","FBXW4",-0.31214596694817,0.0908291954260731,"FBXW4",-0.572009888630788,0.00267103105660027
"ENSG00000107863","ARHGAP21",-0.0656700194772218,0.681211197929086,"ARHGAP21",0.0221778119324152,0.909517929778227
"ENSG00000107872","FBXL15",-0.0512821162442883,0.807770338117366,"FBXL15",0.0398195837422522,0.852640303057156
"ENSG00000107874","CUEDC2",0.0960251469786704,0.559404924432294,"CUEDC2",0.0517682039103166,0.78245343770514
"ENSG00000107897","ACBD5",0.254198312341133,0.0309596350156314,"ACBD5",0.350032376375523,0.00136564112888213
"ENSG00000107929","LARP4B",-0.676131290869806,1.31093825126767e-16,"LARP4B",-0.157125782093182,0.0863773467030303
"ENSG00000107937","GTPBP4",-0.0584119542916373,0.47980699267621,"GTPBP4",0.102553417489653,0.159618631564268
"ENSG00000107949","BCCIP",-0.0416908711161711,0.794341874058671,"BCCIP",0.0302350473423853,0.860281229858285
"ENSG00000107951","MTPAP",0.0392273192602435,0.80023975291588,"MTPAP",-0.0328572469673092,0.841930193664122
"ENSG00000107957","SH3PXD2A",-1.16943089284227,1.32166730147547e-06,"SH3PXD2A",-0.941602365194381,4.06860147762098e-05
"ENSG00000107959","PITRM1",0.281457624115458,0.00274699311923714,"PITRM1",0.195729477786516,0.0464726284876325
"ENSG00000108055","SMC3",-0.271331836644078,0.00230069931924398,"SMC3",-0.0307281730262434,0.827839327082405
"ENSG00000108064","TFAM",-0.0889125851377377,0.435449200940511,"TFAM",-0.233419609347024,0.0114470951415091
"ENSG00000108091","CCDC6",-0.112970456902182,0.247543128364209,"CCDC6",-0.0664124091138897,0.553415256757478
"ENSG00000108370","RGS9",0.303207691652751,0.166641039079374,"RGS9",0.66143539242045,0.000553294774866842
"ENSG00000108439","PNPO",0.20511452530848,0.0532781406247993,"PNPO",0.141607686378952,0.21044161480365
"ENSG00000108448",NA,0.180567832545315,0.219872584396671,NA,0.0541606752644859,0.768358074601112
"ENSG00000108509","CAMTA2",-0.337202880827879,0.0245375551243022,"CAMTA2",-0.322308498979915,0.0252552740246446
"ENSG00000108518","PFN1",-0.20345218153144,0.117659425328635,"PFN1",-0.230884201037384,0.0590771473698143
"ENSG00000108559","NUP88",-0.157602075585386,0.061627360887622,"NUP88",-0.122594139771496,0.163148922253241
"ENSG00000108578","BLMH",-0.333427763254843,0.000246679719587678,"BLMH",-0.295494871705495,0.00117551338090541
"ENSG00000108588","CCDC47",0.387438441121185,1.47255713612742e-06,"CCDC47",0.150206949091101,0.101819421649136
"ENSG00000108592","FTSJ3",-0.0152883338665735,0.893995940226113,"FTSJ3",-0.0476138304616034,0.610625619393725
"ENSG00000108602","ALDH3A1",0.743089104972712,0.0417453775398376,"ALDH3A1",2.28374436534553,0.000192996590356893
"ENSG00000108622","ICAM2",1.10867863720521,2.26526459087824e-10,"ICAM2",1.07107671933736,8.6360911623161e-13
"ENSG00000108639","SYNGR2",0.460839835881451,0.000229577146448778,"SYNGR2",0.353758202292839,0.0043921337431299
"ENSG00000108654","DDX5",-0.186034265810822,0.00539615915706272,"DDX5",-0.231900075654544,0.000348351810517273
"ENSG00000108797","CNTNAP1",-0.0141800512229938,0.973175669628412,"CNTNAP1",-0.128353951521112,0.536941454751706
"ENSG00000108821","COL1A1",0.835880342735023,0.00244050198715675,"COL1A1",0.456037398567908,0.0501855516655746
"ENSG00000108828","VAT1",0.470328240160002,1.1508322790501e-05,"VAT1",0.201142447127785,0.080124881161544
"ENSG00000108848","LUC7L3",-0.102191290529168,0.186902293920414,"LUC7L3",-0.361912226664008,2.08120244260126e-08
"ENSG00000108861","DUSP3",0.537319506006388,1.8285726121439e-07,"DUSP3",0.44740409693104,1.48846077984073e-05
"ENSG00000108883","EFTUD2",-0.0108279894353056,0.922038838117246,"EFTUD2",-0.0666415212396665,0.388315760198903
"ENSG00000108953","YWHAE",-0.418981694944391,6.21151200786048e-06,"YWHAE",-0.475214513941772,1.91694283833917e-07
"ENSG00000108984","MAP2K6",-1.64817795180935,6.04446036966189e-09,"MAP2K6",-1.40427689763975,2.15929756212503e-07
"ENSG00000109062","NHERF1",0.650928866550632,1.70935658454584e-11,"NHERF1",0.577809641945017,1.99975179530522e-09
"ENSG00000109079","TNFAIP1",0.552343795273055,6.4090220392638e-12,"TNFAIP1",0.565817127590651,4.21613571466371e-12
"ENSG00000109321","AREG",3.13357331688109,3.04688552361347e-50,"AREG",1.43583580310015,1.49200680911487e-16
"ENSG00000109501","WFS1",0.908021103609577,6.57496225361634e-14,"WFS1",0.736816116860054,6.05585272160757e-09
"ENSG00000109519","GRPEL1",0.236934229246867,0.00199406109944638,"GRPEL1",-0.0299124211896951,0.810410167625784
"ENSG00000109534","GAR1",-0.133282934264282,0.174275680180752,"GAR1",0.0255099857456287,0.861058868781341
"ENSG00000109586","GALNT7",-0.178703668568077,0.168428912593998,"GALNT7",-0.127935957506319,0.341599495479842
"ENSG00000109606","DHX15",-0.357505072473329,2.29745696374689e-06,"DHX15",-0.117593033822347,0.187357704610967
"ENSG00000109689","STIM2",0.156460307379654,0.0866852243574331,"STIM2",0.280630947700622,0.000387504214029668
"ENSG00000109775","UFSP2",-0.331950785775856,0.000477809797164638,"UFSP2",-0.0757338475008878,0.53016500111827
"ENSG00000109814","UGDH",0.700546082483073,4.81443985541516e-12,"UGDH",1.12455299147436,1.07572533107046e-28
"ENSG00000109920","FNBP4",-0.143083181758564,0.219723065131709,"FNBP4",0.111801698373163,0.352130922208024
"ENSG00000109944","JHY",0.12690404978291,0.626594848035275,"JHY",0.270814899330823,0.187279862776814
"ENSG00000110011","DNAJC4",0.783675587760756,1.81941163277439e-05,"DNAJC4",0.488688192304033,0.0050737246081766
"ENSG00000110031","LPXN",0.563078818199059,0.000529401517747372,"LPXN",0.269047419296639,0.078736711226925
"ENSG00000110042","DTX4",0.426610581344036,0.0220486924607599,"DTX4",0.122818161120934,0.606073633833717
"ENSG00000110046","ATG2A",0.864199364219871,2.51921830080812e-10,"ATG2A",0.789470519776649,4.25471600378889e-08
"ENSG00000110075","PPP6R3",-0.163885177737401,0.0195465048783674,"PPP6R3",0.0711040150628671,0.395044474779089
"ENSG00000110090","CPT1A",0.250450146515089,0.153026212701455,"CPT1A",-0.00307261856031778,0.989536046737337
"ENSG00000110092","CCND1",-0.385263537617958,0.00407587479315373,"CCND1",-0.503071769765786,0.000118788003291899
"ENSG00000110107","PRPF19",0.0669809200459306,0.498912010733567,"PRPF19",0.115730407771457,0.187960037277714
"ENSG00000110108","TMEM109",-0.00793535066948424,0.965853890857126,"TMEM109",-0.00936199212171472,0.947204247041109
"ENSG00000110171","TRIM3",0.87600490766977,3.09622868549306e-05,"TRIM3",0.422004708624043,0.0264993923268034
"ENSG00000110172","CHORDC1",0.188013397577709,0.060642290770352,"CHORDC1",0.448624494250339,8.07699265575381e-07
"ENSG00000110200","ANAPC15",-0.176290641999298,0.11437429341604,"ANAPC15",-0.377390310902969,0.000180675583580309
"ENSG00000110318","CEP126",0.387635533776152,0.0127205748551989,"CEP126",0.121948261912226,0.503911726512394
"ENSG00000110492","MDK",0.285917400144361,0.261719880116283,"MDK",-0.326267330534085,0.212117744895184
"ENSG00000110619","CARS1",-0.590208750670219,9.33910559535129e-07,"CARS1",-0.54718315737367,4.71855937906136e-06
"ENSG00000110628","SLC67A1",0.508906247480447,0.0353850451553488,"SLC67A1",0.0301226890982801,0.920514462897585
"ENSG00000110660","SLC35F2",0.187643491014636,0.0908418836422139,"SLC35F2",-0.0316157981456465,0.850628094444482
"ENSG00000110700","RPS13",-0.0867035025052038,0.449361098520559,"RPS13",-0.126926325086607,0.217774754240907
"ENSG00000110713","NUP98",0.119168542860606,0.225947064923302,"NUP98",0.284999523695108,0.00079516385996877
"ENSG00000110717","NDUFS8",0.0564678781501716,0.53519949963668,"NDUFS8",-0.125502470921102,0.105541903630177
"ENSG00000110841","PPFIBP1",-0.213857776176574,0.0496761481189949,"PPFIBP1",-0.128382853502065,0.275309791549246
"ENSG00000110925","CSRNP2",0.677368559778591,2.03400319124696e-07,"CSRNP2",0.37264708999745,0.00436550753816527
"ENSG00000110958","PTGES3",-0.433230532860493,1.32158027786123e-13,"PTGES3",-0.153732632674944,0.0177881542318803
"ENSG00000111142","METAP2",-0.0215291281213776,0.813827476181202,"METAP2",-0.0885332783789569,0.185527402894034
"ENSG00000111203","ITFG2",0.00250899493108777,0.999433637321825,"ITFG2",0.054138909143266,0.808154474633151
"ENSG00000111237","VPS29",-0.106975189309737,0.396136690887151,"VPS29",-0.0773871683193682,0.558050826479848
"ENSG00000111269","CREBL2",0.138234089234657,0.215403939043764,"CREBL2",0.124830904040417,0.270382182368003
"ENSG00000111275","ALDH2",0.0128009496608299,0.970859216575435,"ALDH2",-0.12755300974226,0.478291388019185
"ENSG00000111321","LTBR",0.443004184989729,4.67410625230558e-05,"LTBR",0.109452704814937,0.417667327960574
"ENSG00000111328","CDK2AP1",0.304578412303875,0.000196827791781026,"CDK2AP1",0.296134459322636,0.000327728134298966
"ENSG00000111364","DDX55",0.0718319458174746,0.461276481888031,"DDX55",-0.0526191578645768,0.61604311921137
"ENSG00000111424","VDR",0.610217284959372,0.000290895393696546,"VDR",0.0390946910803921,0.877453953304453
"ENSG00000111445","RFC5",-0.366708196378517,0.0031975955081329,"RFC5",-0.266848870484149,0.0293895337443145
"ENSG00000111481","COPZ1",0.0653220785263951,0.408238262300544,"COPZ1",0.0463836963708433,0.617723009779782
"ENSG00000111530","CAND1",-0.22350358933062,0.00061842785389725,"CAND1",-0.0964556233462548,0.200383093421726
"ENSG00000111540","RAB5B",0.21363406028113,0.0830075371612463,"RAB5B",0.254269176047641,0.0332079115603027
"ENSG00000111581","NUP107",-0.228699579141065,0.0139941780952633,"NUP107",0.00244256832241173,0.986809117703374
"ENSG00000111605","CPSF6",-0.285478385268849,0.000433449863632798,"CPSF6",-0.514601132300857,9.38389507034438e-11
"ENSG00000111615","KRR1",-0.212264750875642,0.00817000293605601,"KRR1",-0.0664095609629952,0.508507487751927
"ENSG00000111667","USP5",0.0350935057310048,0.771305458760883,"USP5",-0.349773667629677,1.32586120198199e-05
"ENSG00000111671","SPSB2",0.0396306119590683,0.86240445265681,"SPSB2",-0.0877036051358587,0.632093743220753
"ENSG00000111684","LPCAT3",0.740347943261852,1.72305616874726e-06,"LPCAT3",0.630529570219687,9.4747943373566e-05
"ENSG00000111726","CMAS",0.0848302645174934,0.416420779197528,"CMAS",0.179808124506756,0.0425014411144118
"ENSG00000111727","HCFC2",0.0926328863164089,0.653245480819569,"HCFC2",-0.0534196695047465,0.808455486764933
"ENSG00000111799","COL12A1",0.431803453568872,0.0362182850215991,"COL12A1",0.962458906579862,1.76905263664928e-05
"ENSG00000111845","PAK1IP1",-0.135335334591771,0.174030674543507,"PAK1IP1",-0.291897854538935,0.000753713720962878
"ENSG00000111846","GCNT2",-0.188580352946398,0.232929827449085,"GCNT2",0.171250716044777,0.269802667275926
"ENSG00000111860","CEP85L",0.141391955129105,0.259603068620655,"CEP85L",0.115331282200175,0.362677668133853
"ENSG00000111911","HINT3",0.252246974083817,0.0997448447247247,"HINT3",0.0787206820791576,0.674565024098645
"ENSG00000112029","FBXO5",-0.490860477469761,7.43716702750657e-05,"FBXO5",-0.314007205419451,0.0105564242249663
"ENSG00000112039","FANCE",-0.342922121761616,0.00967322995679802,"FANCE",-0.180277856702951,0.190197837015038
"ENSG00000112081","SRSF3",-0.57363151316313,6.3718534356931e-14,"SRSF3",-0.480860986092573,2.93614591535421e-10
"ENSG00000112118","MCM3",-1.11103228035095,6.65911210909131e-32,"MCM3",-0.985467408896809,6.28437799867068e-26
"ENSG00000112137","PHACTR1",-1.39443969509299,2.0945740922518e-10,"PHACTR1",-1.32756193995835,1.64606351439517e-08
"ENSG00000112159","MDN1",-0.26114774732372,0.023219805461986,"MDN1",-0.252860872231694,0.0247522697199786
"ENSG00000112242","E2F3",-0.341645151932231,0.000408515235762971,"E2F3",0.00328805220940929,0.983831959397693
"ENSG00000112290","WASF1",-0.453199149874779,0.000777694883755571,"WASF1",-0.31801331751623,0.014212636996778
"ENSG00000112297","CRYBG1",-0.557730537497052,1.57787826895765e-12,"CRYBG1",-0.249422858917132,0.0011450102506161
"ENSG00000112306","RPS12",0.105178817379124,0.290938000001076,"RPS12",-0.153396243255246,0.0923032317542455
"ENSG00000112312","GMNN",-0.391093810140023,0.000958914706196057,"GMNN",-0.268922275588336,0.0227084723868702
"ENSG00000112343","TRIM38",0.317231102192587,0.00131441161499257,"TRIM38",0.0583568917691689,0.671248103073835
"ENSG00000112367","FIG4",-0.27987439491446,0.0931700668517553,"FIG4",-0.280625363064608,0.0476864631662785
"ENSG00000112378","PERP",0.639547329648794,4.21216814228177e-15,"PERP",0.849099043315334,8.19021246934138e-25
"ENSG00000112511","PHF1",0.0813443074870567,0.647219750496656,"PHF1",0.173614044633399,0.21789460482776
"ENSG00000112531","QKI",-0.284540849006003,0.000156996674877994,"QKI",-0.0468996239886575,0.663692134330086
"ENSG00000112658","SRF",-0.347063571858424,0.00584751000998964,"SRF",0.0236688809289337,0.90946040867105
"ENSG00000112659","CUL9",-0.429544310250862,0.0142395830269654,"CUL9",-0.475635073824659,0.00698186003036868
"ENSG00000112695","COX7A2",0.0731670604803902,0.633089802238006,"COX7A2",-0.103894142286314,0.446568571617221
"ENSG00000112739","PRP4K",-0.376789935865065,1.73449734206691e-05,"PRP4K",-0.564104073954133,6.43208405432346e-11
"ENSG00000112759","SLC29A1",-0.328508042022106,0.00620793192362804,"SLC29A1",0.0281498106234317,0.884344379304847
"ENSG00000112773","TENT5A",1.6015437363217,1.46149837794548e-38,"TENT5A",1.26408525323278,4.78618141387706e-24
"ENSG00000112983","BRD8",0.145413574956468,0.187138820699625,"BRD8",0.149165764711332,0.165941294238182
"ENSG00000112984","KIF20A",-0.144912565409919,0.413874396942139,"KIF20A",-0.00848627117410486,0.969118663606796
"ENSG00000112992","NNT",-0.747096868070755,3.05789489544108e-06,"NNT",-0.723062448875448,3.09559312290594e-06
"ENSG00000113013","HSPA9",-0.424937079496213,1.99812542052173e-07,"HSPA9",-0.401373357589499,7.6156710036301e-07
"ENSG00000113083","LOX",-0.248701488950927,0.0938621845729296,"LOX",-0.47621712735726,0.000354921652923578
"ENSG00000113272","THG1L",0.319306906612464,0.000155508162429406,"THG1L",0.269976018670206,0.00178539711280928
"ENSG00000113282","CLINT1",-0.249591487595623,0.000752864440740171,"CLINT1",-0.0875655163201177,0.329027530217851
"ENSG00000113328","CCNG1",0.469493805600658,2.91189707407735e-05,"CCNG1",0.0657494166923639,0.680925049382858
"ENSG00000113368","LMNB1",-1.26174211877606,3.17249986994137e-30,"LMNB1",-0.744904282627802,1.34434688901204e-11
"ENSG00000113407","TARS1",-0.391121546568407,1.43891583746601e-07,"TARS1",-0.347447878516966,2.62658574254752e-06
"ENSG00000113441","LNPEP",-0.234704510120167,0.0049187900136182,"LNPEP",-0.301643040761384,0.000209228420726278
"ENSG00000113456","RAD1",-0.185977493339611,0.0329509515109558,"RAD1",-0.26147321079499,0.00126986318418476
"ENSG00000113460","BRIX1",-0.142924835235467,0.144940489388676,"BRIX1",-0.0714852193967011,0.528548190162488
"ENSG00000113569","NUP155",-0.288372899303917,0.000756365853452152,"NUP155",-0.0230819350095099,0.874509968650516
"ENSG00000113649","TCERG1",-0.545037166525241,6.06359771189836e-09,"TCERG1",-0.351026008555818,0.000191903859949599
"ENSG00000113742","CPEB4",0.95871345252833,1.5843793261903e-14,"CPEB4",0.804094535376089,4.94206651916492e-10
"ENSG00000113758","DBN1",-0.174974536940464,0.0507484076200422,"DBN1",-0.0747596949768009,0.490637784903169
"ENSG00000113812","ACTR8",0.280230246680912,0.0029092481720604,"ACTR8",0.160397511308046,0.125367913119714
"ENSG00000114026","OGG1",-0.0816318220678616,0.575383340721427,"OGG1",-0.0237162012655627,0.895934114465708
"ENSG00000114062","UBE3A",-0.201843130911532,0.00142640364847814,"UBE3A",-0.0816951104421393,0.276885719384404
"ENSG00000114125","RNF7",0.294238063627452,0.0013046324061287,"RNF7",0.0371126251292053,0.795630693813147
"ENSG00000114268","PFKFB4",0.144779954093302,0.531062979595832,"PFKFB4",0.249051602849624,0.174175725965643
"ENSG00000114316","USP4",0.177251688071029,0.0629993315024636,"USP4",0.0937696800744004,0.396694555259995
"ENSG00000114353","GNAI2",-0.167957632028721,0.0372430149954318,"GNAI2",-0.294203769025624,8.38444931270094e-05
"ENSG00000114374","USP9Y",0.245728559207887,0.0211875013011935,"USP9Y",0.268599547076456,0.00959593430711339
"ENSG00000114383","TUSC2",0.426353069297162,1.99708258676769e-07,"TUSC2",0.106698104079299,0.3006950000218
"ENSG00000114423","CBLB",1.0939543178626,1.74531395974961e-09,"CBLB",0.979075353976405,8.05927825507222e-08
"ENSG00000114480","GBE1",-0.469603984523965,4.38034055429717e-05,"GBE1",-0.839728129392741,1.42891464451954e-11
"ENSG00000114554","PLXNA1",-0.288781796763077,0.00987273670216277,"PLXNA1",-0.506264111698209,1.68030393136061e-06
"ENSG00000114573","ATP6V1A",0.16193116199559,0.0460652611999503,"ATP6V1A",0.255774058807002,0.000690412037876548
"ENSG00000114626","ABTB1",-0.00787165838666175,0.985930739944569,"ABTB1",-0.269461133720099,0.0575656641986023
"ENSG00000114670","NEK11",-0.14076219906269,0.570267120126874,"NEK11",-0.335845955936252,0.103332724977096
"ENSG00000114686","MRPL3",-0.416622350501528,4.2547406630383e-08,"MRPL3",-0.250128625888802,0.00150173906503257
"ENSG00000114698","PLSCR4",-0.146997514718453,0.549480635461074,"PLSCR4",-0.254757481283752,0.183875123835381
"ENSG00000114738","MAPKAPK3",-0.240775966324126,0.0666239354328972,"MAPKAPK3",-0.0160816323611917,0.936922036607694
"ENSG00000114767","RRP9",-0.21324207821404,0.034461360480313,"RRP9",-0.272198882572225,0.00605070715083299
"ENSG00000114770","ABCC5",0.264106453252004,0.00504798433572473,"ABCC5",0.264771091889018,0.00721115091513405
"ENSG00000114904","NEK4",-0.0263892037973576,0.901152461188043,"NEK4",0.123770357139413,0.411691657481881
"ENSG00000114923","SLC4A3",0.244129553572914,0.252547086104976,"SLC4A3",0.154743374801679,0.464153023071721
"ENSG00000114993","RTKN",0.212388577186888,0.134221541194099,"RTKN",0.159117305821507,0.248063786287453
"ENSG00000115008","IL1A",0.320172259551264,0.141905653436012,"IL1A",0.189306079448721,0.338064125484619
"ENSG00000115053","NCL",-0.216989181548184,0.0382578002171461,"NCL",-0.247885442491821,0.0136279181654661
"ENSG00000115129","TP53I3",2.70834911237509,1.5003800964125e-70,"TP53I3",2.01775620766352,1.18447503435979e-39
"ENSG00000115145","STAM2",0.340822833235452,0.00207550269191811,"STAM2",0.154836025808957,0.202124767871527
"ENSG00000115163","CENPA",-0.392346024528057,0.0103374222114265,"CENPA",-0.363455788032707,0.0137985581576126
"ENSG00000115194","SLC30A3",1.93151394238138,1.60920007656196e-26,"SLC30A3",2.48665922357739,2.39652978673e-43
"ENSG00000115211","EIF2B4",0.378572544874779,9.39899476793805e-06,"EIF2B4",0.440298404586847,2.37495696469456e-07
"ENSG00000115216","NRBP1",0.488184032944678,1.23875486505924e-06,"NRBP1",0.666949631642378,8.78490086020586e-11
"ENSG00000115226","FNDC4",0.146896944849345,0.634951204323924,"FNDC4",0.0653303856796073,0.82243888865091
"ENSG00000115234","SNX17",-0.442726130342165,2.0966736291349e-07,"SNX17",-0.491509462018723,1.18140478227645e-08
"ENSG00000115239","ASB3",-0.0322672384164239,0.845445583735029,"ASB3",-0.212792738892425,0.0530340069046665
"ENSG00000115241","PPM1G",-0.242316034847088,0.000330689839352068,"PPM1G",0.0332680955996118,0.746199274834879
"ENSG00000115274","INO80B",0.512945402245868,0.00184698048177502,"INO80B",0.649985370832065,0.000123298790328987
"ENSG00000115275","MOGS",-0.15944601343564,0.190154909559217,"MOGS",-0.0380887015964026,0.819649415721464
"ENSG00000115289","PCGF1",-0.0801631380121914,0.727834886767998,"PCGF1",-0.148307155214678,0.420522928697786
"ENSG00000115317","HTRA2",0.278012232139818,0.00669406766319458,"HTRA2",0.105564415792856,0.388315760198903
"ENSG00000115368","WDR75",-0.0453767370314031,0.668034008104569,"WDR75",0.179001570240581,0.0232567827581703
"ENSG00000115380","EFEMP1",0.0569291915304914,0.784097155019901,"EFEMP1",-0.114098457510799,0.493942579119812
"ENSG00000115392","FANCL",0.00286344797917375,0.996512978493317,"FANCL",-0.116712599464399,0.326154233062978
"ENSG00000115415","STAT1",0.341144720110322,2.23971947135741e-05,"STAT1",0.408834055769419,1.45786955446582e-07
"ENSG00000115419","GLS",-0.100077398841718,0.473999713745429,"GLS",-0.174584267166799,0.142230973552782
"ENSG00000115524","SF3B1",0.078499246419502,0.370043031678242,"SF3B1",0.135133219967418,0.0814997358139377
"ENSG00000115541","HSPE1",-0.349621150267951,0.000396038314879794,"HSPE1",0.0615051625526434,0.646636374459882
"ENSG00000115548","KDM3A",0.158043066377015,0.179392610194421,"KDM3A",0.348711948772304,0.000714029812909829
"ENSG00000115561","CHMP3",-0.071701373607588,0.36883298424278,"CHMP3",-0.259004697012715,5.75932777569393e-05
"ENSG00000115641","FHL2",0.93385216419624,7.631684663837e-15,"FHL2",1.011747798489,7.43897529333034e-17
"ENSG00000115738","ID2",1.67412220612031,1.6195216430829e-26,"ID2",0.330641038655984,0.0337482428215709
"ENSG00000115761","NOL10",-0.266627559252275,0.000209233160822708,"NOL10",-0.0811125377742694,0.367501724972155
"ENSG00000115762","PLEKHB2",0.173417806612017,0.00662030512613627,"PLEKHB2",0.240265092774056,0.00011454040064755
"ENSG00000115816","CEBPZ",-0.0353555659971496,0.761011066016982,"CEBPZ",-0.124479917388572,0.15190382318092
"ENSG00000115875","SRSF7",-0.794271898613406,1.51372485590099e-23,"SRSF7",-0.725817258814086,1.02248968593831e-19
"ENSG00000115902","SLC1A4",-1.07217201567747,1.84997911918807e-05,"SLC1A4",-0.658912276485334,0.00373610768090562
"ENSG00000115993","TRAK2",-0.0558811862082273,0.738833652130695,"TRAK2",0.0353759581726278,0.843492414612385
"ENSG00000116001","TIA1",0.0182394201536636,0.934526677958117,"TIA1",-0.163802934209312,0.204873847036254
"ENSG00000116005","PCYOX1",0.591079924043374,3.08216718805011e-09,"PCYOX1",0.465574961245754,3.75472596643244e-06
"ENSG00000116016","EPAS1",0.0560964972302287,0.744616982791036,"EPAS1",-0.293228259547778,0.0136618850222054
"ENSG00000116017","ARID3A",0.997253503711616,4.57324691919738e-11,"ARID3A",0.817884067022982,1.16202451477237e-06
"ENSG00000116030","SUMO1",-0.188221215356691,0.0358526245102646,"SUMO1",-0.190434066367928,0.031050654911756
"ENSG00000116062","MSH6",-0.634020644749648,3.7843518538325e-24,"MSH6",-0.456966697033602,2.08713830709822e-13
"ENSG00000116120","FARSB",-0.570556572419728,7.23898521983842e-11,"FARSB",-0.36651245899353,3.18061040903402e-05
"ENSG00000116133","DHCR24",-0.753823400618356,5.12411357355775e-10,"DHCR24",-0.350722808367688,0.0033762240088423
"ENSG00000116138","DNAJC16",0.0680063482374327,0.653132235711721,"DNAJC16",-0.00899414486392926,0.959543781059733
"ENSG00000116161","CACYBP",-0.254110796719729,0.0177395727773163,"CACYBP",-0.0563203502757781,0.695121040076718
"ENSG00000116171","SCP2",-0.0724229419923691,0.640917515516475,"SCP2",-0.0358756533563766,0.848056758130313
"ENSG00000116299","ELAPOR1",1.56600528763573,4.23021843337352e-18,"ELAPOR1",1.78278442685734,1.06904941882083e-23
"ENSG00000116455","WDR77",-0.189744935770386,0.109053561236215,"WDR77",-0.0204916711899725,0.914701049030116
"ENSG00000116514","RNF19B",1.27142553292898,1.52444051564148e-21,"RNF19B",1.11574470403886,1.60855967829639e-16
"ENSG00000116521","SCAMP3",0.740193708755777,3.089311274021e-19,"SCAMP3",0.552365015641726,5.62453251415013e-11
"ENSG00000116560","SFPQ",-0.433561028970298,8.38392775397959e-11,"SFPQ",-0.0802657435918191,0.349314492291635
"ENSG00000116586","LAMTOR2",0.214786781756327,0.129505527906395,"LAMTOR2",0.0904819292832632,0.582296047353276
"ENSG00000116661","FBXO2",0.0259061099488166,0.948798885413924,"FBXO2",0.826191878906906,0.0270971171501278
"ENSG00000116668","SWT1",-0.176008245284092,0.466273748227372,"SWT1",-0.049565686551608,0.854329908296949
"ENSG00000116670","MAD2L2",0.527811960012667,2.77842169774173e-08,"MAD2L2",0.401156783588008,2.49227919444448e-05
"ENSG00000116701","NCF2",0.673375050420152,0.000291595253373901,"NCF2",1.01026474673428,8.71746135917289e-08
"ENSG00000116704","SLC35D1",0.202125255105048,0.106728558766107,"SLC35D1",0.188203778791444,0.132129751359693
"ENSG00000116717","GADD45A",0.928849760065489,9.94859558643241e-15,"GADD45A",0.60794769855209,3.97054058042179e-07
"ENSG00000116793","PHTF1",0.226244833074752,0.0861633943847307,"PHTF1",0.0937014791450158,0.537090969443916
"ENSG00000116809","ZBTB17",0.508300623935028,8.24678487079077e-06,"ZBTB17",0.643497593009135,9.921859593735e-08
"ENSG00000116903","EXOC8",0.198040967480121,0.218834324148831,"EXOC8",-0.0777713024952197,0.681978283052981
"ENSG00000116918","TSNAX",-0.17144725939114,0.170500663024688,"TSNAX",-0.312730438868673,0.00473573161339874
"ENSG00000116954","RRAGC",0.192527238259429,0.203062298000946,"RRAGC",0.0214092500920438,0.924293629380691
"ENSG00000116977","LGALS8",0.300964502351521,0.00294989692639575,"LGALS8",-0.00666508202753064,0.967518244567326
"ENSG00000116984","MTR",-0.374167323140749,0.000438817609824392,"MTR",-0.242718939249433,0.0256404045508203
"ENSG00000117000","RLF",-0.0541400113636755,0.624356255046244,"RLF",-0.021723775119071,0.875588857440622
"ENSG00000117139","KDM5B",0.710694909529328,1.15235461347536e-10,"KDM5B",0.752397713685472,4.4243196106216e-11
"ENSG00000117143","UAP1",-0.570401225436479,3.27726510137632e-06,"UAP1",-0.274486631789304,0.0283727179276922
"ENSG00000117148","ACTL8",0.153155604627411,0.576016168469933,"ACTL8",-0.495472478023833,0.0495960484298257
"ENSG00000117226","GBP3",0.703342945553321,3.87238701187296e-07,"GBP3",0.542594078303713,7.80385954485839e-05
"ENSG00000117280","RAB29",0.389939837473434,0.000228120196047571,"RAB29",0.387191415986574,0.000211218865133671
"ENSG00000117362","APH1A",-0.472248565490062,2.40710677992157e-07,"APH1A",-0.374587268318144,4.08883238332596e-05
"ENSG00000117395","EBNA1BP2",-0.342024210247778,1.09896343322619e-06,"EBNA1BP2",-0.312047687574037,9.48280311322979e-06
"ENSG00000117408","IPO13",0.864205825299568,1.42849381906027e-10,"IPO13",0.450243712081207,0.00112854747756636
"ENSG00000117448","AKR1A1",-0.225653961184446,0.0364053409383441,"AKR1A1",-0.213242277986505,0.043123413910863
"ENSG00000117472","TSPAN1",2.33622534567044,2.88910380831162e-15,"TSPAN1",2.40099531364804,1.22480171208408e-14
"ENSG00000117477","CCDC181",-0.508853256895911,0.0100465572834415,"CCDC181",-0.140645540472407,0.483086807327943
"ENSG00000117602","RCAN3",0.00613152201708705,0.987627230292304,"RCAN3",0.0683395561556467,0.682146760576752
"ENSG00000117632","STMN1",-0.586144183512651,7.27602936987377e-08,"STMN1",-0.618842823789816,1.4192995177657e-08
"ENSG00000117640","MTFR1L",0.167397399217545,0.192994541093886,"MTFR1L",0.0256214783490686,0.895600648835171
"ENSG00000117676","RPS6KA1",0.846352765787885,7.30728184132266e-11,"RPS6KA1",1.2625384782137,3.81165532164568e-21
"ENSG00000117682","DHDDS",-0.121544182383218,0.397347016198589,"DHDDS",-0.0999411601258834,0.498389383158934
"ENSG00000117691","NENF",0.643540056668359,2.1930542889007e-12,"NENF",0.340497131327881,0.000300990863624938
"ENSG00000117748","RPA2",-0.343294872232736,0.00226289649514033,"RPA2",-0.388757347738137,0.000274904852752072
"ENSG00000117751","PPP1R8",0.117084950273727,0.233193663547041,"PPP1R8",-0.065899243005632,0.557092882226945
"ENSG00000117758","STX12",0.127523615484933,0.221567498305393,"STX12",0.0544054633741378,0.680266878039306
"ENSG00000117859","OSBPL9",0.224380384994333,0.0445201879345762,"OSBPL9",0.0300887350424254,0.862827967724018
"ENSG00000117868","ESYT2",0.0414583240967347,0.70592640132357,"ESYT2",0.0562412344658328,0.58301220861785
"ENSG00000117877","POLR1G",0.0481487642708646,0.770851414012412,"POLR1G",0.0367157347049302,0.83326133184529
"ENSG00000117899","MESD",0.240423151470196,0.000233382658054288,"MESD",0.206563504749776,0.00197648639700409
"ENSG00000117984","CTSD",0.417349208482406,0.000382674359914401,"CTSD",0.129321997098964,0.341053535057969
"ENSG00000118007","STAG1",-0.953005695324752,1.95618382736736e-31,"STAG1",-0.484171961086839,8.61061267685836e-10
"ENSG00000118058","KMT2A",0.0218579360654852,0.910709460271273,"KMT2A",0.115979603553441,0.385083933759224
"ENSG00000118407","FILIP1",-0.165608159382085,0.494831033498403,"FILIP1",-0.165221006751704,0.454687174083835
"ENSG00000118513","MYB",-0.060729670736682,0.862677340524185,"MYB",-0.118794868029367,0.644664140974107
"ENSG00000118518","RNF146",0.266203336721996,0.0736776467640657,"RNF146",0.249629311702906,0.082764786919195
"ENSG00000118523","CCN2",0.119298457142932,0.565857538441403,"CCN2",0.135451040827385,0.461528134991341
"ENSG00000118564","FBXL5",-0.00682383184723919,0.985491235257212,"FBXL5",0.238640215827023,0.0607286125878562
"ENSG00000118600","RXYLT1",0.0968453413194531,0.243115338756318,"RXYLT1",0.00245547745542604,0.984575850795219
"ENSG00000118640","VAMP8",0.37571138404261,0.132227918066222,"VAMP8",0.758580656214478,0.00931469592124386
"ENSG00000118705","RPN2",-0.045391590058396,0.579118972392272,"RPN2",-0.209570141688618,0.000558200675319082
"ENSG00000118707","TGIF2",-0.229480078545266,0.0831746931932453,"TGIF2",0.0170628834445993,0.933945694735632
"ENSG00000118785","SPP1",0.0262860039764719,0.930438402845965,"SPP1",0.262752404134499,0.109960356131587
"ENSG00000118855","MFSD1",-0.0855264904685859,0.534672032171626,"MFSD1",-0.0680353637149862,0.640362549299951
"ENSG00000118960","HS1BP3",0.686088397459738,1.97433976976566e-06,"HS1BP3",0.783879370984977,8.47072359779341e-07
"ENSG00000119013","NDUFB3",-0.132652678841929,0.339633194440184,"NDUFB3",-0.108754855687955,0.43476634170243
"ENSG00000119048","UBE2B",-0.0674551837781465,0.510269566768335,"UBE2B",0.155690525035261,0.0639061501978631
"ENSG00000119242","CCDC92",1.10943785763618,6.20369502170963e-07,"CCDC92",-0.0018155101181751,0.994503061115932
"ENSG00000119285","HEATR1",-0.267083177862409,0.000633128325079794,"HEATR1",-0.208321455366608,0.0102370959268646
"ENSG00000119318","RAD23B",-0.140670582131766,0.0370067039042915,"RAD23B",-0.0878007327670641,0.245004249650564
"ENSG00000119326","CTNNAL1",-0.930574524644109,9.06512392805525e-19,"CTNNAL1",-0.722071164518336,8.39359555293761e-12
"ENSG00000119333","DYNC2I2",0.276579621365103,0.0125927574777048,"DYNC2I2",0.450625022432994,1.71184931164461e-05
"ENSG00000119335","SET",-0.414307103482715,2.67375203154271e-09,"SET",-0.147290818737977,0.0599703389514766
"ENSG00000119471","HSDL2",0.557700179398452,4.03440120260227e-12,"HSDL2",0.587310684104964,2.14144954707357e-13
"ENSG00000119541","VPS4B",0.434771116782976,1.3710488604632e-17,"VPS4B",0.457123072654511,2.78255041751335e-19
"ENSG00000119616","FCF1",-0.0444327802160048,0.547223761601181,"FCF1",-0.253610039658371,4.19702626308942e-06
"ENSG00000119632","IFI27L2",0.564328728885147,9.87937797893225e-06,"IFI27L2",0.117918345789574,0.437032508218981
"ENSG00000119638","NEK9",-0.0465444823416137,0.785589165049521,"NEK9",-0.0988481204565478,0.475441128546623
"ENSG00000119655","NPC2",0.42832930071913,4.61314603116016e-06,"NPC2",0.275782300303862,0.00407626706622392
"ENSG00000119661","DNAL1",-0.158704386031484,0.327927049545183,"DNAL1",-0.339422685979349,0.0110456904837797
"ENSG00000119669","IRF2BPL",0.149803410307876,0.309502799388637,"IRF2BPL",0.0994157484826196,0.516876714133324
"ENSG00000119760","SUPT7L",0.584977884352621,1.22141760454317e-08,"SUPT7L",0.332885986936908,0.00149964023971493
"ENSG00000119787","ATL2",-0.239888199279873,0.0394844795472359,"ATL2",-0.0647023775757667,0.655851297083015
"ENSG00000119801","YPEL5",0.660985216206544,4.57757005886919e-06,"YPEL5",0.398543412495513,0.00601599683777532
"ENSG00000119820","YIPF4",-0.0241168364913834,0.857279649957918,"YIPF4",-0.0711411896158883,0.512478707321864
"ENSG00000119866","BCL11A",-0.313896644312374,0.0276306882249095,"BCL11A",-0.150342163182313,0.318366420448687
"ENSG00000119899","SLC17A5",0.0773123036781694,0.685593842994626,"SLC17A5",0.452316352061598,0.000669407000752449
"ENSG00000119900","OGFRL1",-0.459928944472286,4.02430636326371e-06,"OGFRL1",0.0834857503691017,0.515069715463617
"ENSG00000119922","IFIT2",1.48035246196283,3.35085636597612e-05,"IFIT2",1.37037628671691,0.000297762132096516
"ENSG00000119965","C10orf88",0.256861690439757,0.103262149437716,"C10orf88",0.0911700901497868,0.622416702757659
"ENSG00000119969","HELLS",-0.798498635980524,4.68333560751948e-17,"HELLS",-0.616506915629607,9.20432837646222e-11
"ENSG00000120137","PANK3",-0.346549641264848,2.63522269678352e-05,"PANK3",-0.172920310864046,0.0512219630922049
"ENSG00000120158","RCL1",-0.00953558314991197,0.971680792304145,"RCL1",0.0571809081929489,0.727615575155656
"ENSG00000120306","CYSTM1",0.0932312449863483,0.615626686513085,"CYSTM1",-0.17389168001367,0.234806754743682
"ENSG00000120318","ARAP3",-0.0976708663407325,0.549665388805386,"ARAP3",-0.112845941463011,0.540276640988167
"ENSG00000120334","CENPL",-0.0366811202960951,0.85261403390563,"CENPL",0.0799418193663744,0.61954943493957
"ENSG00000120438","TCP1",-0.123131344807016,0.0838897537784813,"TCP1",0.0594591781437629,0.480677641751642
"ENSG00000120526","NUDCD1",-0.230270033027038,0.0358880516386133,"NUDCD1",-0.182319478219762,0.101144674310501
"ENSG00000120533","ENY2",0.179258016453482,0.0563034149055832,"ENY2",0.158553060076394,0.0940474351412129
"ENSG00000120549","KIAA1217",0.865583849940441,1.15335052850933e-10,"KIAA1217",0.973335218389597,2.62999853289262e-12
"ENSG00000120699","EXOSC8",-0.601509912942243,7.47795429537088e-08,"EXOSC8",-0.432254895070652,7.76413352963701e-05
"ENSG00000120705","ETF1",-0.235165641445277,9.15787258476711e-05,"ETF1",-0.181944745182612,0.00367544610609953
"ENSG00000120708","TGFBI",0.388144320012647,0.00532894205488747,"TGFBI",1.42764615439015,2.33795182460476e-20
"ENSG00000120802","TMPO",-0.418549655451762,3.53758908451882e-06,"TMPO",-0.0926305443357194,0.411092544044267
"ENSG00000120837","NFYB",0.148651467375251,0.132700291197441,"NFYB",0.00813104532386886,0.95606955143466
"ENSG00000120942","UBIAD1",0.167219008619234,0.0900849418719518,"UBIAD1",-0.226320774520735,0.0188508367390784
"ENSG00000120948","TARDBP",-0.167863490012923,0.038574493051834,"TARDBP",0.0340875874919186,0.772303614451082
"ENSG00000121057","AKAP1",0.269822930487747,0.000941967793734106,"AKAP1",0.404437028161134,2.81525725256293e-07
"ENSG00000121104","FAM117A",-0.196653341748086,0.423567980170142,"FAM117A",-0.254177592937869,0.288158392485613
"ENSG00000121542","SEC22A",0.162363230582121,0.34124235470607,"SEC22A",0.0687437312750565,0.721897527662552
"ENSG00000121579","NAA50",0.0547005495672238,0.556015776536733,"NAA50",0.120605371526374,0.123195406471204
"ENSG00000121644","DESI2",-0.434906287867376,2.56683546821753e-08,"DESI2",-0.348061851629728,1.55070186578129e-05
"ENSG00000121680","PEX16",0.24802785294237,0.11851802738253,"PEX16",0.138439153713327,0.405995476414592
"ENSG00000121749","TBC1D15",-0.434127636504325,4.65082384155307e-07,"TBC1D15",-0.262555081617838,0.00258431497462985
"ENSG00000121797","CCRL2",0.896505469001183,0.000126945424588052,"CCRL2",1.16852795979422,3.09323232196455e-06
"ENSG00000121851","POLR3GL",0.841763693105903,2.95548910698088e-11,"POLR3GL",0.723731024333675,5.84121448954455e-08
"ENSG00000121864","ZNF639",-0.137847542889173,0.197620336329619,"ZNF639",-0.0196286864607474,0.904625810198841
"ENSG00000121892","PDS5A",-0.229393687823295,4.13516566104709e-05,"PDS5A",0.0206567953162229,0.825051552723814
"ENSG00000121897","LIAS",-0.238464812144239,0.130591294972297,"LIAS",-0.103343792614804,0.560587495779976
"ENSG00000121900","TMEM54",0.386926745722967,0.000273186698843839,"TMEM54",0.0518069812061487,0.751247995135457
"ENSG00000121931","LRIF1",0.219017178888168,0.0157567320308425,"LRIF1",-0.441789621759979,9.921859593735e-08
"ENSG00000122026","RPL21",-0.103244826185354,0.454171146291288,"RPL21",-0.337347377554495,0.0017448738416507
"ENSG00000122068","FYTTD1",-0.121508711794598,0.144432045787244,"FYTTD1",0.0582350307599236,0.552941600692133
"ENSG00000122140","MRPS2",-0.0469594232585279,0.667534638240989,"MRPS2",0.130827392784006,0.141341052370167
"ENSG00000122218","COPA",-0.232677252423873,0.00064528318730732,"COPA",-0.261177338259526,0.000111343494583848
"ENSG00000122257","RBBP6",0.0189167629601139,0.902468659427602,"RBBP6",-0.263786894822007,0.00365440575600229
"ENSG00000122376","SHLD2",-0.59130439662333,5.59078407682918e-10,"SHLD2",-0.351357625239232,0.000119793231374467
"ENSG00000122386","ZNF205",0.348748413863785,0.0770946860234707,"ZNF205",0.279801416124686,0.133892359337799
"ENSG00000122417","ODF2L",0.208361822136432,0.0755820582184812,"ODF2L",-0.0219175137655396,0.906170520921583
"ENSG00000122435","TRMT13",-0.110121314507953,0.458570320227373,"TRMT13",-0.0225686743583675,0.909795719272383
"ENSG00000122482","ZNF644",0.167936188163222,0.0468588708672159,"ZNF644",0.104241598418161,0.25965162975644
"ENSG00000122545","SEPTIN7",-0.349509547125059,3.84496711954637e-05,"SEPTIN7",-0.232052115270464,0.00803116575625548
"ENSG00000122550","KLHL7",0.641537582251005,2.93768721317397e-05,"KLHL7",1.05657975470893,8.58178157841067e-12
"ENSG00000122557","HERPUD2",0.104926202544863,0.452938607914468,"HERPUD2",-0.019933717064224,0.917497531960464
"ENSG00000122565","CBX3",-0.430433632127772,9.11987713669643e-10,"CBX3",-0.232452362672104,0.00155257769654795
"ENSG00000122566","HNRNPA2B1",-0.602268519291616,2.88287648278994e-17,"HNRNPA2B1",-0.322263518283192,9.64840494722074e-06
"ENSG00000122643","NT5C3A",0.0751463287308681,0.580778504145314,"NT5C3A",0.17359600271674,0.11154238537454
"ENSG00000122644","ARL4A",-0.137582661429222,0.393184730838569,"ARL4A",0.113785191937608,0.478796691980577
"ENSG00000122971","ACADS",0.015722826617731,0.964659317306445,"ACADS",-0.056217392389921,0.814759077509514
"ENSG00000123124","WWP1",-0.279788858280999,0.000657998904015747,"WWP1",0.0703475167957961,0.509116453590276
"ENSG00000123136","DDX39A",-0.463383008303735,2.00514030859775e-07,"DDX39A",-0.0528085811502606,0.68170670761512
"ENSG00000123146","ADGRE5",0.86945912416147,3.12089334333836e-21,"ADGRE5",0.964440676837088,3.42437200702228e-25
"ENSG00000123159","GIPC1",-0.269087467635678,0.0184712695293805,"GIPC1",-0.085598313767445,0.548960238119169
"ENSG00000123178","SPRYD7",0.191826530252205,0.041690809527161,"SPRYD7",0.241686576243863,0.00815348525246173
"ENSG00000123240","OPTN",0.45868189504043,0.000471642513694236,"OPTN",0.133814874649664,0.372182729523819
"ENSG00000123268","ATF1",-0.180970134585084,0.135855343501894,"ATF1",-0.252977333660182,0.0201529036540214
"ENSG00000123353","ORMDL2",0.502636804088062,5.0410885218164e-06,"ORMDL2",0.517760485659762,2.71404447499798e-06
"ENSG00000123364","HOXC13",1.73386797492529,2.22936956958987e-17,"HOXC13",1.18297155142509,2.22966706258523e-08
"ENSG00000123384","LRP1",0.982530101614507,7.03576062448962e-07,"LRP1",0.502586469801688,0.00558405541831514
"ENSG00000123485","HJURP",-0.681287553473042,3.64555788144985e-09,"HJURP",-0.367421463275386,0.00123455257780953
"ENSG00000123505","AMD1",-0.462080317453353,5.95815886194089e-16,"AMD1",-0.315206908607989,6.4336752892943e-08
"ENSG00000123545","NDUFAF4",0.0761720864244974,0.553635847770215,"NDUFAF4",-0.0494238532695754,0.734262479910454
"ENSG00000123552","USP45",0.0666480726969187,0.715550421635356,"USP45",-0.172451360223785,0.229310577815393
"ENSG00000123600","METTL8",0.0442552670396502,0.736278698894702,"METTL8",0.186208979740702,0.04894446671644
"ENSG00000123636","BAZ2B",-0.0148700011123298,0.943564804377741,"BAZ2B",-0.263148239696098,0.0140467803006386
"ENSG00000123975","CKS2",-0.436283377513503,0.00094012456232595,"CKS2",-0.285968677261684,0.0284784565080711
"ENSG00000123983","ACSL3",-0.328514941495674,0.000285113224569878,"ACSL3",-0.0193268275491054,0.902989296111468
"ENSG00000123989","CHPF",0.303042687779226,0.00515101796421567,"CHPF",0.250393449392299,0.0226910331155554
"ENSG00000124067","SLC12A4",0.942900437766096,1.28898506536724e-09,"SLC12A4",1.11474680605035,7.64811324744022e-13
"ENSG00000124098","FAM210B",1.10110055785915,8.96835148457745e-23,"FAM210B",0.335800806378567,0.00439901425943637
"ENSG00000124104","SNX21",0.3432787598072,0.0155751334514193,"SNX21",0.289174966990726,0.0417873128349254
"ENSG00000124151","NCOA3",0.279921286627924,0.0311446724805215,"NCOA3",0.253840156212457,0.0445231992002693
"ENSG00000124160","NCOA5",-0.149018964890678,0.372519593134875,"NCOA5",0.323885287973701,0.0181812263459288
"ENSG00000124191","TOX2",-0.731090011545061,9.17034800586245e-05,"TOX2",-0.676980622828539,0.000298392194960932
"ENSG00000124193","SRSF6",-0.821123101923894,1.24262220935049e-25,"SRSF6",-0.654434434575766,8.97042347562963e-17
"ENSG00000124207","CSE1L",-0.317580055834707,0.00160412167191684,"CSE1L",0.120449871956405,0.299981552725138
"ENSG00000124224",NA,0.735786326079387,0.000139255504663868,NA,0.651488153192254,0.000669407000752449
"ENSG00000124243","BCAS4",0.709170541340237,5.82443836354309e-10,"BCAS4",0.24547451141912,0.0678620728490884
"ENSG00000124275","MTRR",-0.515735422120133,1.16813692279059e-08,"MTRR",-0.580840542233896,1.48833120901587e-10
"ENSG00000124357","NAGK",0.498820895938566,0.000173968501634264,"NAGK",0.45183831812118,0.000480983338442138
"ENSG00000124383","MPHOSPH10",-0.0154810839096472,0.912378924197596,"MPHOSPH10",-0.105333916910986,0.265269687219317
"ENSG00000124422","USP22",-0.0321624688861914,0.782642215685051,"USP22",0.132167040803211,0.117830542982602
"ENSG00000124570","SERPINB6",-0.0663379860014932,0.570109310530644,"SERPINB6",-0.173944026094367,0.0653653356690058
"ENSG00000124571","XPO5",-0.213224245123595,0.0220437038307399,"XPO5",-0.0513855702357066,0.682825116520278
"ENSG00000124615","MOCS1",0.193015772224669,0.211485427161137,"MOCS1",0.157614743208592,0.300665192831019
"ENSG00000124635","H2BC11",1.66837831655644,9.73054382086045e-13,"H2BC11",1.76434945652942,4.74560638388786e-12
"ENSG00000124762","CDKN1A",1.38370584568841,9.9976490015241e-17,"CDKN1A",1.48038215746145,1.03104310628274e-18
"ENSG00000124784","RIOK1",0.0532512015478558,0.546088956425745,"RIOK1",-0.045888054576849,0.625389123745233
"ENSG00000124789","NUP153",-0.190090865397814,0.0582530997490319,"NUP153",0.0587122252830112,0.641982740064938
"ENSG00000124795","DEK",-0.552107638892519,2.71935241586399e-11,"DEK",-0.198721920859726,0.0264143838896812
"ENSG00000124802","EEF1E1",-0.421067517539462,0.000281388682293507,"EEF1E1",-0.281058023879417,0.0157188587521136
"ENSG00000125037","EMC3",0.702754043433176,1.87266725222708e-16,"EMC3",0.621416275480013,2.23097787220891e-12
"ENSG00000125107","CNOT1",-0.105964723075774,0.198159521957177,"CNOT1",-0.0474841697115556,0.639650787361051
"ENSG00000125170","DOK4",1.22484223999425,1.17668274524382e-06,"DOK4",1.38917821959744,2.03110115991097e-06
"ENSG00000125266","EFNB2",-0.032070929036192,0.897221459053058,"EFNB2",-0.264666705629691,0.0829773763490606
"ENSG00000125319","HROB",0.820112342101882,5.27301949047207e-09,"HROB",0.598531724271047,1.82106297921825e-05
"ENSG00000125351","UPF3B",0.2352059826371,0.0172532421886241,"UPF3B",-0.114626923811695,0.311178036261132
"ENSG00000125354","SEPTIN6",-0.612960057326593,0.000259532410474851,"SEPTIN6",-0.762027578134274,2.70866401625403e-05
"ENSG00000125356","NDUFA1",0.0451328967957377,0.788559727482922,"NDUFA1",-0.147572005053532,0.233635166521757
"ENSG00000125449","ARMC7",0.291334982092245,0.0577391521630616,"ARMC7",0.116252563522337,0.503407995368413
"ENSG00000125482","TTF1",0.13095174569483,0.0458452481935855,"TTF1",0.132806197568427,0.0461436850152649
"ENSG00000125484","GTF3C4",0.303273671591137,4.09557889944164e-05,"GTF3C4",0.130125687085375,0.134126515448012
"ENSG00000125520","SLC2A4RG",-0.341427965315144,2.91758222726123e-05,"SLC2A4RG",-0.336653745252849,4.15110779231702e-05
"ENSG00000125630","POLR1B",-0.33607480619632,1.9556988956397e-09,"POLR1B",-0.386191081926166,4.71725230905672e-12
"ENSG00000125637","PSD4",-0.0591569313478559,0.808116524571926,"PSD4",-0.0767732939398088,0.699122587280558
"ENSG00000125652","ALKBH7",0.180440436459732,0.226797582192853,"ALKBH7",-0.0032967089477351,0.987889471957144
"ENSG00000125657","TNFSF9",0.779807262501659,1.20078510553464e-07,"TNFSF9",1.13004477547958,2.16040340126634e-13
"ENSG00000125726","CD70",0.432700601541002,0.0330981463900182,"CD70",0.37166950410305,0.0507891230412215
"ENSG00000125734","GPR108",0.581384413904243,5.29238547870442e-06,"GPR108",0.398236770673224,0.00147764777801044
"ENSG00000125744","RTN2",0.244205071018259,0.316729472453871,"RTN2",-0.192874408431428,0.379760197568539
"ENSG00000125746","EML2",-0.0456601063841323,0.83880212219001,"EML2",0.0880901616725825,0.625808159156696
"ENSG00000125798","FOXA2",-0.00537724781726686,0.996374941533887,"FOXA2",0.216627518821954,0.261004010938155
"ENSG00000125835","SNRPB",-0.209703535889965,0.0256252109358001,"SNRPB",-0.100782518528353,0.34805508543889
"ENSG00000125841","NRSN2",-0.354689094793375,0.110091003827206,"NRSN2",-0.0285647830891454,0.917725389476728
"ENSG00000125944","HNRNPR",-0.00627096934800748,0.979375930275057,"HNRNPR",0.0592995813443984,0.633290158162596
"ENSG00000125945","ZNF436",0.490425722505078,0.0267378164048184,"ZNF436",0.246067345803312,0.233625540718569
"ENSG00000125967","NECAB3",0.82012730690623,2.74377420035969e-05,"NECAB3",0.461287118633196,0.00901408229758692
"ENSG00000125968","ID1",0.0871524353893516,0.545729397532933,"ID1",0.115912664299047,0.37752831248509
"ENSG00000125977","EIF2S2",-0.503244569696807,1.08713855950308e-14,"EIF2S2",-0.374286626798344,1.12392751593293e-08
"ENSG00000126001","CEP250",0.21444678181345,0.112181995216294,"CEP250",0.263945547599913,0.0333461240593057
"ENSG00000126067","PSMB2",0.0131886768799036,0.927448584719391,"PSMB2",-0.00373994103975864,0.977079174675777
"ENSG00000126070","AGO3",-0.170830041404954,0.173210117946003,"AGO3",-0.0880679873365586,0.519667227461165
"ENSG00000126106","TMEM53",-0.442928203779023,0.0337144333490682,"TMEM53",-0.599385992436227,0.00327453772016101
"ENSG00000126107","HECTD3",0.346323955876773,0.00540535025951169,"HECTD3",0.335102395713581,0.00682273437492267
"ENSG00000126214","KLC1",-0.0130499563253878,0.936664372020579,"KLC1",-0.00642655372961249,0.963336235897628
"ENSG00000126216","TUBGCP3",-0.447172591500404,1.07515505885742e-06,"TUBGCP3",-0.187070399490339,0.0530124813227111
"ENSG00000126217","MCF2L",0.602919914496964,0.0736668533895727,"MCF2L",0.0695123937038254,0.807833329228266
"ENSG00000126254","RBM42",0.669374453487906,9.26733932258567e-15,"RBM42",0.405328044393328,4.97728755051996e-06
"ENSG00000126261","UBA2",-0.245277335101541,0.00126708025942125,"UBA2",0.0482834590626866,0.643201963210573
"ENSG00000126456","IRF3",0.732193382775396,5.26689568725008e-13,"IRF3",0.827978032519696,2.61551015241199e-15
"ENSG00000126562","WNK4",-0.635190032027708,0.000227493190787694,"WNK4",-0.841684900316315,6.95351411581199e-06
"ENSG00000126581","BECN1",-0.308271053917377,2.09627734705903e-05,"BECN1",-0.107896190065579,0.207145276672744
"ENSG00000126787","DLGAP5",-0.518305777207593,0.000285612515420376,"DLGAP5",-0.43895575943116,0.00154767386004561
"ENSG00000126860","EVI2A",-0.0411381903675859,0.89343452191362,"EVI2A",0.317563303223683,0.0987951870002345
"ENSG00000126903","SLC10A3",0.644155073204997,6.03934324581518e-08,"SLC10A3",0.384322512980132,0.00120659587728452
"ENSG00000126947","ARMCX1",0.00836843913345956,0.982752984207962,"ARMCX1",0.0357669621710524,0.874583166531297
"ENSG00000126953","TIMM8A",0.0872877674325843,0.55388135042069,"TIMM8A",0.0748561534604614,0.617723009779782
"ENSG00000127125","PPCS",0.0237074601097306,0.889713050521487,"PPCS",-0.14357958248848,0.210572802322678
"ENSG00000127328","RAB3IP",-0.352390765061985,0.00188188691357067,"RAB3IP",-0.0849237962671423,0.534120370200979
"ENSG00000127337","YEATS4",-0.175016078888668,0.17388200549842,"YEATS4",-0.101171348255021,0.466340818513389
"ENSG00000127418","FGFRL1",-0.211204126058788,0.0544350988190361,"FGFRL1",-0.148724857447375,0.199324456497899
"ENSG00000127445","PIN1",-0.264321516043961,0.00675317779745201,"PIN1",-0.298139067413057,0.00164974242501862
"ENSG00000127511","SIN3B",0.636981498917489,1.75170660876441e-11,"SIN3B",0.54871563438455,1.12636733506448e-08
"ENSG00000127564","PKMYT1",0.0553980359779698,0.767001727203289,"PKMYT1",0.351695766709569,0.00497932005515324
"ENSG00000127586","CHTF18",0.101765987477565,0.562040273740717,"CHTF18",0.289499196718334,0.0318182114641486
"ENSG00000127663","KDM4B",0.79762878903617,4.71075264493524e-12,"KDM4B",0.92608718173107,3.13048150683203e-13
"ENSG00000127948","POR",0.455452123550448,6.74200622397813e-06,"POR",0.479635113327676,2.4211190490932e-06
"ENSG00000127980","PEX1",0.25306671674477,0.171795909710611,"PEX1",0.0281025697221682,0.914284211999347
"ENSG00000128050","PAICS",-0.434818694738952,9.35667603656226e-08,"PAICS",-0.321914950278201,9.34429035060363e-05
"ENSG00000128059","PPAT",-0.292272893879634,0.000552807426975494,"PPAT",-0.309409799687249,0.000262012411865174
"ENSG00000128272","ATF4",-0.723724025886843,9.07403170763207e-10,"ATF4",-0.892878564667048,8.12348681887159e-14
"ENSG00000128283","CDC42EP1",0.0117589581478839,0.965770538759279,"CDC42EP1",0.11469660729799,0.44973104214099
"ENSG00000128335","APOL2",1.2595052614323,7.65090842598059e-27,"APOL2",1.12862601807386,1.38936667992062e-18
"ENSG00000128340","RAC2",-0.00650316642119666,0.976826175256062,"RAC2",0.0249157535037768,0.867712036486042
"ENSG00000128394","APOBEC3F",1.25692976594095,1.35325123732257e-08,"APOBEC3F",0.97181124935348,6.15242437586213e-05
"ENSG00000128524","ATP6V1F",0.679408252255106,1.92601539513923e-19,"ATP6V1F",0.587315785901953,1.90591858129245e-14
"ENSG00000128581","IFT22",0.421777941724831,0.000542490271501208,"IFT22",0.127855443811776,0.37720102586109
"ENSG00000128590","DNAJB9",0.143202620338979,0.521631484183902,"DNAJB9",-0.347420047523351,0.0536408933514069
"ENSG00000128591","FLNC",0.548598997377786,0.000759100586893529,"FLNC",0.292649640070146,0.0630397695901786
"ENSG00000128607","KLHDC10",-0.184423353021952,0.0930434550115611,"KLHDC10",-0.0287694229556521,0.866920427964901
"ENSG00000128683","GAD1",1.25711179700762,1.18208306459891e-08,"GAD1",0.717908135198315,0.000270375380160521
"ENSG00000128708","HAT1",-0.0809163068943523,0.542024799002738,"HAT1",-0.0445797961427818,0.765335808137213
"ENSG00000128739","SNRPN",-0.182359604485938,0.0589747767744314,"SNRPN",-0.415894998033875,8.46871261639392e-07
"ENSG00000128789","PSMG2",-0.25949396448903,0.00449959631261096,"PSMG2",-0.0125873961127434,0.935822130830783
"ENSG00000128805","ARHGAP22",-0.898650912298606,3.89739342501537e-11,"ARHGAP22",-1.18333296067514,2.27594812898159e-17
"ENSG00000128829","EIF2AK4",0.0120655420958113,0.910860599730433,"EIF2AK4",0.0692415117726688,0.361227266835901
"ENSG00000128881","TTBK2",-0.133677285021209,0.388745163297712,"TTBK2",-0.237359415007332,0.0692229495999172
"ENSG00000128923","MINDY2",0.195024518800209,0.108387415030272,"MINDY2",0.157520392656869,0.208719644878391
"ENSG00000128951","DUT",-0.856190928395789,1.43636117593047e-19,"DUT",-0.795190235501661,5.40053577386515e-17
"ENSG00000128973","CLN6",0.342080611676872,0.109543357689482,"CLN6",-0.0629053632691117,0.808252763679143
"ENSG00000129055","ANAPC13",0.0728031630120651,0.418021870266909,"ANAPC13",0.244585726232083,0.000484423807650684
"ENSG00000129083","COPB1",0.00523480010540155,0.979377355475575,"COPB1",0.0835239729025486,0.369442129164518
"ENSG00000129226","CD68",0.835949080269696,0.00010197870718538,"CD68",0.107952406244542,0.627246861269829
"ENSG00000129250","KIF1C",0.115773430891932,0.375961626067322,"KIF1C",0.090132546368092,0.502795025427996
"ENSG00000129317","PUS7L",-0.334291794599056,0.000230560993877703,"PUS7L",-0.213105065030119,0.0241953901502068
"ENSG00000129347","KRI1",0.209049774668621,0.0325971373983389,"KRI1",0.128788390942997,0.228911858445018
"ENSG00000129351","ILF3",-0.487063657492222,1.27485130009007e-16,"ILF3",-0.334969958004631,2.17516431299334e-08
"ENSG00000129353","SLC44A2",0.974059475714689,8.96087468308148e-11,"SLC44A2",1.17874359452061,9.86830925049789e-09
"ENSG00000129354","AP1M2",0.43968501967388,0.0217039747416257,"AP1M2",0.985427946538712,2.42129179274663e-05
"ENSG00000129355","CDKN2D",-0.756457311428779,2.12521084913531e-09,"CDKN2D",-0.518347426919952,2.97143661867069e-05
"ENSG00000129422","MTUS1",0.00576648888285955,0.993190614729084,"MTUS1",0.937053344725798,2.73545056391399e-08
"ENSG00000129472","RAB2B",0.281210460408965,0.013611182649867,"RAB2B",0.167732816637973,0.16360110172701
"ENSG00000129493","HEATR5A",-0.142688893782126,0.169157841603242,"HEATR5A",0.225753820051839,0.0155670756725128
"ENSG00000129534","MIS18BP1",-0.529111482760788,9.21469674395773e-07,"MIS18BP1",-0.275028445666203,0.0120840576096415
"ENSG00000129562","DAD1",0.356193428364301,3.75404438706807e-05,"DAD1",0.0219831769686332,0.884994983221063
"ENSG00000129566","TEP1",0.764018767928522,0.000146235259171536,"TEP1",0.558044608373013,0.00477668811754593
"ENSG00000129636","ITFG1",-0.195425428271764,0.0597019889239309,"ITFG1",-0.346120053037679,0.000348351810517273
"ENSG00000129925","PGAP6",0.330535308769475,0.00346989253753855,"PGAP6",0.485682124364338,1.28104797834967e-05
"ENSG00000130005","GAMT",0.595608411011227,7.85643043311004e-07,"GAMT",0.772712118268318,2.99822274144933e-11
"ENSG00000130024","PHF10",-0.477537147603464,7.5468685243689e-05,"PHF10",-0.00336592786891072,0.985849078690517
"ENSG00000130054","NALF2",-0.701898803424632,0.0010451386293486,"NALF2",-0.152802926959824,0.451819352114808
"ENSG00000130066","SAT1",1.70581823029645,6.27367696362853e-43,"SAT1",1.04086028442438,1.01018260620277e-15
"ENSG00000130119","GNL3L",-0.0942141051539131,0.494070049958164,"GNL3L",-0.145873292949532,0.230591532540137
"ENSG00000130158","DOCK6",0.481082916958718,0.0188435530578576,"DOCK6",0.414166805861889,0.047795068809127
"ENSG00000130193","THEM6",-0.471649227288912,0.000489768703598537,"THEM6",-0.320835010038866,0.013650490112138
"ENSG00000130204","TOMM40",-0.168634133764946,0.147456180291227,"TOMM40",-0.075448051694091,0.586620562062183
"ENSG00000130244","FAM98C",1.25001389945404,8.77836602870518e-25,"FAM98C",0.95249353893092,3.56010569329905e-14
"ENSG00000130304","SLC27A1",-0.148618113176662,0.549338150405854,"SLC27A1",0.0827387382061801,0.7209050226045
"ENSG00000130311","DDA1",0.0498055883563181,0.620079170899038,"DDA1",0.0625758741969226,0.525371601763528
"ENSG00000130313","PGLS",-0.107878997318149,0.510269566768335,"PGLS",-0.155882224024726,0.288212633403748
"ENSG00000130429","ARPC1B",-0.122315672887247,0.460973123525087,"ARPC1B",-0.349944850629397,0.00973363865499458
"ENSG00000130513","GDF15",2.16328808631659,8.33916848927181e-33,"GDF15",2.24515570396636,4.50352830609908e-35
"ENSG00000130517","PGPEP1",0.670596481352623,7.51173489926659e-05,"PGPEP1",1.01109470262542,1.12392751593293e-08
"ENSG00000130522","JUND",0.24859132636781,0.0362166483180528,"JUND",0.82498802953536,3.00390165770918e-13
"ENSG00000130529","TRPM4",-0.0529445783210948,0.846771212303474,"TRPM4",-0.199034829053038,0.30581725558346
"ENSG00000130590","SAMD10",0.286500507432586,0.0346660611021079,"SAMD10",0.511624903273653,5.62972912484712e-05
"ENSG00000130684","ZNF337",0.742882035411868,3.15024383617768e-10,"ZNF337",0.624990806235217,5.0904491702579e-07
"ENSG00000130713","EXOSC2",-0.148868651829296,0.120094596563793,"EXOSC2",-0.0484430339163025,0.695126991936042
"ENSG00000130720","FIBCD1",0.271460736379413,0.29119268027252,"FIBCD1",-0.244092901532656,0.264024787970843
"ENSG00000130733","YIPF2",0.276852289853287,0.0159484217591451,"YIPF2",0.118992755043287,0.3847882033256
"ENSG00000130758","MAP3K10",0.0403221481153434,0.910198368740745,"MAP3K10",0.109512174684994,0.656580625591765
"ENSG00000130787","HIP1R",0.675353599546041,8.12117730061619e-05,"HIP1R",0.862333729865363,2.14194426709222e-06
"ENSG00000130813","SHFL",0.306615208483788,0.0563019240740779,"SHFL",0.438490809236562,0.00364107656930716
"ENSG00000130816","DNMT1",-0.457085625258437,2.39523973875651e-08,"DNMT1",-0.223861436629622,0.00948831045854666
"ENSG00000130826","DKC1",-0.394288279260834,4.11564918810237e-12,"DKC1",-0.210388636650037,0.000452979896933997
"ENSG00000130827","PLXNA3",0.775289200439205,7.60582342718119e-06,"PLXNA3",0.933066592799458,1.60603445703034e-07
"ENSG00000130935","NOL11",-0.0913986512467867,0.325062613268661,"NOL11",0.107841692311546,0.228321976877865
"ENSG00000130958","SLC35D2",-0.237081388272048,0.0767231799914336,"SLC35D2",-0.0341374925304416,0.863574884780608
"ENSG00000131018","SYNE1",0.168980553379261,0.382758638210225,"SYNE1",0.695421387431783,5.20895379217697e-05
"ENSG00000131043","AAR2",0.423585683807739,4.58619337975527e-06,"AAR2",0.079473883840997,0.533604094828904
"ENSG00000131051","RBM39",-0.556973804453906,2.05089105070676e-26,"RBM39",-0.452658717001543,5.88469296632553e-18
"ENSG00000131080","EDA2R",0.617280667765469,2.107914036669e-08,"EDA2R",0.405252942462217,0.000295256319757643
"ENSG00000131100","ATP6V1E1",0.370057191079435,1.86620659894249e-07,"ATP6V1E1",0.276387089342523,0.000135591320412377
"ENSG00000131116","ZNF428",0.236825690546656,0.103534044899496,"ZNF428",0.0709144105188064,0.694557770916051
"ENSG00000131153","GINS2",-0.827595272340984,1.73212649223268e-08,"GINS2",-0.51071154895161,0.000292207463859493
"ENSG00000131263","RLIM",-0.316524268075539,2.10767338804641e-05,"RLIM",-0.238452542649778,0.00235905066580463
"ENSG00000131368","MRPS25",-0.18777998991958,0.229203730357465,"MRPS25",-0.215823819969942,0.133941640380869
"ENSG00000131370","SH3BP5",-0.366687321793039,0.000481750651288525,"SH3BP5",-0.18932949092971,0.0837164639957234
"ENSG00000131389","SLC6A6",-0.135179735471037,0.379373878128527,"SLC6A6",0.0741257024287322,0.658946018443358
"ENSG00000131437","KIF3A",0.700212023717345,8.84525324291033e-13,"KIF3A",0.565731247926062,4.75469653774236e-08
"ENSG00000131495","NDUFA2",0.276209262415047,0.0361990591920774,"NDUFA2",-0.0394268234539263,0.838302905617204
"ENSG00000131669","NINJ1",1.31739325548196,1.46501111594474e-35,"NINJ1",0.731797241221922,6.2882759220227e-12
"ENSG00000131711","MAP1B",-0.771587812732715,7.47193658159686e-08,"MAP1B",-0.633486670693158,9.49286640199017e-06
"ENSG00000131779","PEX11B",-0.295974746077012,0.0362635669892532,"PEX11B",-0.454653447316611,0.000914359244628823
"ENSG00000131788","PIAS3",0.0632190610738767,0.727597903638444,"PIAS3",0.410109851271569,0.00119504188950056
"ENSG00000131791","PRKAB2",1.05733160766715,1.12667245713641e-18,"PRKAB2",0.627464594489466,4.7501068098058e-07
"ENSG00000131876","SNRPA1",0.282621592377722,0.0058931528186075,"SNRPA1",0.538606539853612,4.09019972508826e-08
"ENSG00000131966","ACTR10",0.266695785032749,0.00430563176451719,"ACTR10",0.188231619767089,0.0531171167223749
"ENSG00000131981","LGALS3",0.50717464998669,9.55744125121464e-06,"LGALS3",0.0257116478226488,0.895835064017822
"ENSG00000132004","FBXW9",0.0781495223866015,0.71166854610093,"FBXW9",-0.0927348962273163,0.63375761420889
"ENSG00000132017","DCAF15",0.0185476808602318,0.949000860203236,"DCAF15",0.102572940816268,0.586620562062183
"ENSG00000132109","TRIM21",0.682247130696529,2.84323563165079e-06,"TRIM21",0.537208453750623,0.000229675139391399
"ENSG00000132128","LRRC41",0.358521962513357,7.54029301481878e-07,"LRRC41",0.183302319470685,0.0194887228906485
"ENSG00000132274","TRIM22",1.15582934750347,1.31163170737962e-09,"TRIM22",1.28958987113729,8.72709973031748e-12
"ENSG00000132323","ILKAP",0.150948326393066,0.1791950868115,"ILKAP",0.293749617652701,0.00216428398068268
"ENSG00000132334","PTPRE",0.0648807475108606,0.761165270992429,"PTPRE",0.0611355710766865,0.760326887631139
"ENSG00000132341","RAN",-0.472012168884502,5.38346227586256e-06,"RAN",-0.365512130597244,0.000387504214029668
"ENSG00000132357","CARD6",1.33037639823244,3.01594875825056e-20,"CARD6",1.30598454830018,7.19325280975812e-16
"ENSG00000132424","PNISR",-0.158409338015215,0.100027114842336,"PNISR",-0.138069774766438,0.157972439658397
"ENSG00000132429","POPDC3",-0.716850018342597,9.10555296812844e-08,"POPDC3",-0.326517056416045,0.0113970063713195
"ENSG00000132471","WBP2",0.159056395181028,0.186746657206812,"WBP2",0.337611244568561,0.00131919475945099
"ENSG00000132475","H3-3B",-0.749150031851872,2.27257689747957e-38,"H3-3B",-0.374003033323486,1.55062361710009e-10
"ENSG00000132481","TRIM47",0.738596707973513,1.33524069510511e-08,"TRIM47",0.535550906705348,2.53260919825545e-05
"ENSG00000132507","EIF5A",-0.261717793419968,0.0398264199696702,"EIF5A",-0.328209165155008,0.00626951912635338
"ENSG00000132563","REEP2",1.45941385789521,8.32717621596354e-06,"REEP2",2.34417013871907,6.43310268204225e-06
"ENSG00000132589","FLOT2",-0.114911061716925,0.377733167625409,"FLOT2",-0.182372491729081,0.105817232641555
"ENSG00000132646","PCNA",0.47715374858086,8.00278580622598e-07,"PCNA",0.452992092280688,2.09666674755298e-06
"ENSG00000132718","SYT11",0.432279762079798,1.99387184692017e-05,"SYT11",0.185997919619649,0.0875466295769428
"ENSG00000132768","DPH2",-0.10488553956823,0.294265549746296,"DPH2",-0.173045444749334,0.0639061501978631
"ENSG00000132773","TOE1",-0.537026555500331,8.45827348609686e-06,"TOE1",-0.458883449306652,0.000112549876400832
"ENSG00000132780","NASP",-0.471797532725543,4.98390810448801e-06,"NASP",-0.110552050178871,0.375874130335702
"ENSG00000132793","LPIN3",2.7014400648532,2.46401263262332e-05,"LPIN3",0.861969331043795,0.0224893822611454
"ENSG00000132801","ZSWIM3",0.0825353024039956,0.753519226861055,"ZSWIM3",0.233610439736947,0.209647962258853
"ENSG00000132819","RBM38",0.837709862767851,1.65730078461883e-07,"RBM38",0.90383830442833,4.60137797335264e-08
"ENSG00000132849","PATJ",0.0703531768020812,0.80529323776208,"PATJ",-0.0502327138792673,0.869363490047004
"ENSG00000132879","FBXO44",1.46355893112372,3.30775442452026e-07,"FBXO44",1.29089527859414,0.00410274763842343
"ENSG00000132953","XPO4",-0.18056569445804,0.160139006134837,"XPO4",-0.14788172507605,0.260523942516506
"ENSG00000133028","SCO1",-0.00567387523327132,0.966740301224219,"SCO1",-0.206101592354312,0.00109768630334073
"ENSG00000133059","DSTYK",0.662144778849995,1.39664811024024e-13,"DSTYK",0.234148608654065,0.0180881369572833
"ENSG00000133069","TMCC2",0.51485357543123,0.0187422025838708,"TMCC2",0.00368186096264961,0.989536046737337
"ENSG00000133083","DCLK1",-0.568050964366845,0.0591123213799901,"DCLK1",-0.0173627047617422,0.95186680870208
"ENSG00000133119","RFC3",-0.233765729566897,0.0474133893245027,"RFC3",-0.0226153233797079,0.904471934025434
"ENSG00000133138","TBC1D8B",0.0361806489177739,0.888066884084021,"TBC1D8B",-0.045691321510529,0.857578718499092
"ENSG00000133142","TCEAL4",0.110023972609642,0.318394285020422,"TCEAL4",0.0189590588766678,0.906996200242929
"ENSG00000133393","CEP20",-0.569958085193101,2.61228515159059e-10,"CEP20",-0.282593369305708,0.0018729879886967
"ENSG00000133398","MED10",0.0179325386173677,0.884677339292069,"MED10",-0.218637019686941,0.0048239572510352
"ENSG00000133641","RLIG1",0.141766944594695,0.284836146270737,"RLIG1",-0.107595232777164,0.430002429533798
"ENSG00000133706","LARS1",-0.483856323775195,6.64638164226097e-09,"LARS1",-0.588575606325692,1.07918849612628e-12
"ENSG00000133773","CCDC59",-0.153653165120306,0.144956849236826,"CCDC59",-0.237514294670839,0.0134982236282524
"ENSG00000133835","HSD17B4",-0.325492166950421,0.00334565761389087,"HSD17B4",-0.431655874041462,7.28532663784979e-05
"ENSG00000133943","DGLUCY",-0.337956469179634,0.0386943702396192,"DGLUCY",-0.622184588821506,8.88347974358058e-05
"ENSG00000133961","NUMB",-0.327366005498573,4.44451371011151e-05,"NUMB",-0.128724351356239,0.161542152329282
"ENSG00000134001","EIF2S1",-0.121812227273206,0.0797690007558125,"EIF2S1",-0.090049480787639,0.228052152429212
"ENSG00000134049","IER3IP1",0.151899237969241,0.0813042680715167,"IER3IP1",-0.0709646618486213,0.499144068307588
"ENSG00000134057","CCNB1",-0.748630457850488,3.82288558781363e-08,"CCNB1",-0.26663944319912,0.048457750555057
"ENSG00000134072","CAMK1",0.0877934685479726,0.619703424951389,"CAMK1",0.275226345033642,0.0359012315345959
"ENSG00000134138","MEIS2",-0.0732459154505949,0.624051708354365,"MEIS2",-0.322299647055486,0.00594663052959413
"ENSG00000134186","PRPF38B",-0.561635549181003,5.99513296957992e-10,"PRPF38B",-0.664299110622096,3.13048150683203e-13
"ENSG00000134202","GSTM3",0.775500135683617,5.09908563475489e-15,"GSTM3",0.607070249188329,7.56221432697893e-09
"ENSG00000134242","PTPN22",0.861184964858554,1.41239727331425e-06,"PTPN22",0.795959982971914,7.68276789066707e-06
"ENSG00000134265","NAPG",0.0218335638097255,0.904957895683708,"NAPG",-0.134314040768812,0.277563734995471
"ENSG00000134318","ROCK2",-0.239821068414965,0.00227161010238853,"ROCK2",-0.0400455965783366,0.724723642775226
"ENSG00000134333","LDHA",-0.681837002849774,1.04866491806413e-10,"LDHA",-0.630930069175982,2.59912432418268e-09
"ENSG00000134440","NARS1",-0.25806524627463,0.00769490690342931,"NARS1",-0.136982037072904,0.19702284568089
"ENSG00000134453","RBM17",-0.156791108902939,0.00918303567281973,"RBM17",-0.0122671511447969,0.907546284684494
"ENSG00000134569","LRP4",0.198750208531694,0.388813162153145,"LRP4",0.646060439894187,0.0018385049142985
"ENSG00000134574","DDB2",0.7718677154622,4.22946089626582e-22,"DDB2",1.0524627428666,1.70487228679963e-40
"ENSG00000134588","USP26",0.541926623475732,2.70248968039888e-06,"USP26",0.133390840868545,0.340382578367639
"ENSG00000134590","RTL8C",0.720076410174706,1.64318799917812e-12,"RTL8C",0.326931946539199,0.00188021169750156
"ENSG00000134684","YARS1",-0.893715195955387,2.75679402660638e-21,"YARS1",-0.813221075054316,7.509502551886e-18
"ENSG00000134690","CDCA8",-0.503379407312775,1.00218191949975e-06,"CDCA8",-0.368304549087551,0.000336641924560364
"ENSG00000134698","AGO4",0.213690791301882,0.2714319316026,"AGO4",-0.0409706225187951,0.880826548765823
"ENSG00000134748","PRPF38A",-0.176571807767256,0.0206738117518645,"PRPF38A",-0.184664452076788,0.0135238416946576
"ENSG00000134758","RNF138",-0.470270426259532,3.2577669937907e-05,"RNF138",-0.130618027576491,0.323542010435737
"ENSG00000134809","TIMM10",-0.160444343270908,0.237357469479689,"TIMM10",-0.102139620998758,0.480434504751136
"ENSG00000134851","TMEM165",-0.337880201935032,0.0028713351256349,"TMEM165",-0.421675082953483,0.000124088442083528
"ENSG00000134871","COL4A2",-0.224432871033555,0.138756991896237,"COL4A2",-0.186135468227071,0.206498721387143
"ENSG00000134884","ARGLU1",-0.464835991819929,1.39549650724901e-08,"ARGLU1",-0.815505806131518,3.61481151195322e-23
"ENSG00000134955","SLC37A2",0.337409643367764,0.0153049534794043,"SLC37A2",0.0764228500672804,0.690363114785843
"ENSG00000134987","WDR36",-0.251252771528831,0.00370362313750317,"WDR36",-0.016168774178379,0.915308623544894
"ENSG00000135047","CTSL",0.410971689802026,2.34262234969921e-05,"CTSL",0.278695024578933,0.00514079891523018
"ENSG00000135052","GOLM1",0.155429826369452,0.051442009204191,"GOLM1",0.137839926281039,0.130036182561642
"ENSG00000135069","PSAT1",-1.32517785938507,3.63646164629531e-17,"PSAT1",-1.01005203984851,1.6508729979293e-10
"ENSG00000135090","TAOK3",-0.711070745321609,1.90004481506078e-23,"TAOK3",-0.68007545124442,1.7729402603411e-21
"ENSG00000135093","USP30",0.338091497010834,0.0398916400267632,"USP30",0.182703934992396,0.308804969580577
"ENSG00000135108","FBXO21",-0.121795165539383,0.257342965123885,"FBXO21",-0.187824071313718,0.0552730097538616
"ENSG00000135211","TMEM60",0.00620519519572209,0.987627230292304,"TMEM60",0.187578401847705,0.16408142849376
"ENSG00000135241","PNPLA8",0.463789107822898,1.07885194178396e-05,"PNPLA8",0.225863792575853,0.0403738967877456
"ENSG00000135245","HILPDA",-0.514061544808633,4.98745437276219e-07,"HILPDA",-0.366868748869363,0.000247532281484412
"ENSG00000135316","SYNCRIP",-0.627114172140471,1.2640124969648e-17,"SYNCRIP",-0.282153401109605,0.00019439117551803
"ENSG00000135338","LCA5",0.710221606464067,0.00143547265580464,"LCA5",0.21970137458924,0.321922064144144
"ENSG00000135341","MAP3K7",-0.382960989295304,1.49839123556007e-08,"MAP3K7",-0.256437130030059,0.000254752482571783
"ENSG00000135372","NAT10",-0.0923969622873052,0.225689876043555,"NAT10",0.0225143424738418,0.839455468903372
"ENSG00000135378","PRRG4",0.932046393465656,7.64528285465708e-10,"PRRG4",0.737836235856853,0.000339506706535117
"ENSG00000135404","CD63",0.0907360497897892,0.476884100001943,"CD63",-0.0898373539178329,0.471904313301699
"ENSG00000135454","B4GALNT1",0.585569578021111,5.63509807432479e-05,"B4GALNT1",0.715901868645552,1.1500328330461e-06
"ENSG00000135480","KRT7",0.884758454350724,2.04409117297619e-05,"KRT7",0.690971910953494,0.000753713720962878
"ENSG00000135506","OS9",0.477535239981194,6.51039631463347e-07,"OS9",0.0353863188461485,0.821652559920962
"ENSG00000135521","LTV1",-0.181280228080503,0.0134146142000858,"LTV1",-0.0498724929103251,0.612209332633938
"ENSG00000135541","AHI1",-0.332751821495961,0.00230211712798329,"AHI1",-0.295485329573096,0.0056004460242726
"ENSG00000135596","MICAL1",0.328060967732783,0.0261871107392822,"MICAL1",0.102594598612153,0.559047564190464
"ENSG00000135622","SEMA4F",0.439251298232951,0.00251879445080314,"SEMA4F",0.821394193781286,3.43791787228248e-06
"ENSG00000135631","RAB11FIP5",0.179949616775202,0.174085740053365,"RAB11FIP5",0.290812456267546,0.0150414875882143
"ENSG00000135636","DYSF",-0.535629381509645,0.00235547481056149,"DYSF",-1.01633295099958,9.28329738521127e-05
"ENSG00000135679","MDM2",1.05999461645728,5.67927566556357e-14,"MDM2",1.17782783353039,9.19786633011308e-17
"ENSG00000135686","KLHL36",-0.0560626103482603,0.670638764621979,"KLHL36",0.093260407341227,0.432929148591971
"ENSG00000135698","MPHOSPH6",-0.29602535681356,6.25504684110242e-06,"MPHOSPH6",-0.348054959850132,9.62576073504817e-08
"ENSG00000135709","KIAA0513",0.931678011244037,0.00029899462693453,"KIAA0513",0.739936550593721,0.00488089216976263
"ENSG00000135763","URB2",-0.261490873178956,0.0410050614320067,"URB2",0.0448029183530169,0.807440178562835
"ENSG00000135778","NTPCR",0.357189375729723,0.00625061382292293,"NTPCR",0.263125311719863,0.0416816175334216
"ENSG00000135801","TAF5L",-0.346777128187459,0.000773446093986055,"TAF5L",-0.0818143100959599,0.542364717161806
"ENSG00000135823","STX6",0.475598766188322,5.77280716148198e-06,"STX6",0.394750896579205,0.000219229902695862
"ENSG00000135829","DHX9",-0.287581901028552,8.53732673839816e-05,"DHX9",-0.18812569880608,0.0145762360513506
"ENSG00000135837","CEP350",0.0940041620042127,0.428893139375478,"CEP350",0.213370962612241,0.0291031381255582
"ENSG00000135899","SP110",0.634509217968186,1.42802517940316e-19,"SP110",0.502350860874966,5.30900187183107e-12
"ENSG00000135924","DNAJB2",1.21787297435262,1.0320742231145e-10,"DNAJB2",0.934591368165433,1.13365060127953e-06
"ENSG00000135926","TMBIM1",0.61304531101152,6.75889958099449e-08,"TMBIM1",0.340410990159735,0.00318701586506641
"ENSG00000135931","ARMC9",0.454243850015655,0.00405291874452315,"ARMC9",0.169733339082787,0.300091573171466
"ENSG00000135940","COX5B",0.116910336543243,0.323384424519496,"COX5B",-0.130579774698128,0.248884978102903
"ENSG00000135999","EPC2",0.346119325080481,0.000401707154874261,"EPC2",0.0476576824420516,0.740775008478084
"ENSG00000136003","ISCU",1.05772973051851,4.35995840932787e-31,"ISCU",0.961656613241499,4.56423922258971e-25
"ENSG00000136045","PWP1",-0.145957222993724,0.0321438425370032,"PWP1",-0.0149480072588755,0.895934114465708
"ENSG00000136048","DRAM1",0.835328753814578,6.98698242485309e-16,"DRAM1",0.688981897746588,6.45455292519893e-11
"ENSG00000136114","THSD1",0.645441061014803,8.48540478572459e-06,"THSD1",1.30110366008202,3.00443550224428e-16
"ENSG00000136147","PHF11",0.160629426862677,0.378673028318285,"PHF11",0.168524513577119,0.37909627845758
"ENSG00000136158","SPRY2",-0.454798592184427,0.00190276917791683,"SPRY2",-0.244123343814187,0.0900225392500099
"ENSG00000136169","SETDB2",0.434812426869496,0.00472882070079197,"SETDB2",0.108275396369985,0.530636486651588
"ENSG00000136193","SCRN1",-0.511642863094914,2.2349086278234e-06,"SCRN1",-0.258227640712874,0.0196705740177465
"ENSG00000136235","GPNMB",1.73723342116318,2.16636133313467e-11,"GPNMB",1.63097246715977,1.99080912853745e-11
"ENSG00000136238","RAC1",-0.251238728065925,0.000515276858329814,"RAC1",-0.151127420999013,0.0522103658126975
"ENSG00000136261","BZW2",-0.283320307174069,0.000563781409291927,"BZW2",-0.216666544942689,0.01056647124397
"ENSG00000136280","CCM2",-0.0576444927490983,0.756581738200934,"CCM2",-0.0211712898771502,0.922631454529007
"ENSG00000136295","TTYH3",0.124321255512917,0.359496486437211,"TTYH3",0.396094078532273,0.000295511509246793
"ENSG00000136450","SRSF1",-0.626852235167511,8.96455933754859e-15,"SRSF1",-0.344218073894761,2.58522479821437e-05
"ENSG00000136490","LIMD2",0.446428419854179,0.000332264354815856,"LIMD2",0.380499154420905,0.0021906261682229
"ENSG00000136518","ACTL6A",-0.110519334188349,0.324552115130604,"ACTL6A",0.0515200485545896,0.693528169440272
"ENSG00000136521","NDUFB5",-0.148222293695862,0.329194061857333,"NDUFB5",-0.379261910518959,0.00267669623212657
"ENSG00000136527","TRA2B",-0.742827389149823,2.73591328714851e-25,"TRA2B",-0.621253258185173,3.29548059590555e-18
"ENSG00000136531","SCN2A",0.666908194648816,5.3036005637887e-10,"SCN2A",0.500882617674843,1.90220246638449e-06
"ENSG00000136603","SKIL",0.683244503458196,4.03562239069337e-06,"SKIL",0.359801253472395,0.0123259717488678
"ENSG00000136628","EPRS1",-0.613585147228157,5.84771346865246e-09,"EPRS1",-0.500130788695831,1.75533425462912e-06
"ENSG00000136643","RPS6KC1",-0.242787181515764,0.0373494638955248,"RPS6KC1",-0.136177147949673,0.28556837822513
"ENSG00000136710","VMA22",0.753098642090238,7.8382822019268e-07,"VMA22",0.387837069061892,0.0101578874603153
"ENSG00000136715","SAP130",0.0932612373850909,0.469582766048668,"SAP130",0.36693280503972,0.000243631955481277
"ENSG00000136731","UGGT1",-0.332529096033731,1.36653553355754e-05,"UGGT1",-0.545673773893198,5.42809480190145e-13
"ENSG00000136758","YME1L1",-0.148459388909367,0.072062918596915,"YME1L1",-0.205916405250204,0.0078872782127452
"ENSG00000136770","DNAJC1",0.0333907490386942,0.853896481733637,"DNAJC1",-0.131338804679449,0.323322091050274
"ENSG00000136783","NIPSNAP3A",-0.19288728219013,0.266463174462976,"NIPSNAP3A",-0.0937980780641445,0.614129108468277
"ENSG00000136810","TXN",-0.104494729077052,0.388135295335925,"TXN",-0.296749859971542,0.00238500152618989
"ENSG00000136811","ODF2",-0.0071343459024482,0.979708935332886,"ODF2",-0.0421024019176676,0.795630693813147
"ENSG00000136854","STXBP1",0.240040890434937,0.0366571281827193,"STXBP1",0.270914594278443,0.0213205805641354
"ENSG00000136856","SLC2A8",0.797060353064217,4.77311607360292e-07,"SLC2A8",0.657774766212172,6.15180114904233e-06
"ENSG00000136867","SLC31A2",1.17557265704133,2.01225489801402e-11,"SLC31A2",0.956075745278296,4.36240756275891e-07
"ENSG00000136869","TLR4",0.562386622883856,1.62589459853147e-06,"TLR4",0.78338627166201,2.99696306226348e-10
"ENSG00000136875","PRPF4",0.100334251658856,0.290250480812453,"PRPF4",-0.0270725386992447,0.836134264878312
"ENSG00000136878","USP20",0.557960212323092,0.00205274087328206,"USP20",0.243637091518283,0.176085597059295
"ENSG00000136891","TEX10",0.121846642206381,0.149952090681171,"TEX10",0.101870830687913,0.247157585286125
"ENSG00000136897","MRPL50",0.0389385855152179,0.833595429533492,"MRPL50",-0.193122577539809,0.134583959574705
"ENSG00000136937","NCBP1",-0.235781944291914,0.00277739220786914,"NCBP1",-0.293638628771481,0.000140979122556402
"ENSG00000136938","ANP32B",-0.54307888657778,1.42624775156945e-15,"ANP32B",-0.340190903329134,8.13382551531525e-07
"ENSG00000136950","ARPC5L",-0.238741210197268,0.00447202942213574,"ARPC5L",-0.200589269154206,0.0196021892160085
"ENSG00000136982","DSCC1",-0.0747071759430096,0.640383563118453,"DSCC1",0.1036540140963,0.454265641170643
"ENSG00000136997","MYC",-0.633486103037063,0.000745382629758363,"MYC",-1.01952891686265,2.06908956130799e-06
"ENSG00000136999","CCN3",1.05940040959604,1.10226562801603e-05,"CCN3",2.09978514261913,2.20202859268858e-16
"ENSG00000137054","POLR1E",0.315663870393611,0.000255429250199549,"POLR1E",0.111769946718794,0.285163949175609
"ENSG00000137074","APTX",0.2647226268062,0.000477373763014121,"APTX",0.501599532531547,1.16058256417378e-11
"ENSG00000137124","ALDH1B1",0.386052959999839,1.41580291205367e-06,"ALDH1B1",0.160469712217435,0.0884542012192857
"ENSG00000137135","ARHGEF39",-0.150276090807977,0.426872140339961,"ARHGEF39",0.0663147891250608,0.751247995135457
"ENSG00000137145","DENND4C",0.140356517664431,0.264670050102718,"DENND4C",0.293406406015982,0.00529147886604096
"ENSG00000137177","KIF13A",-0.328635671846736,0.00795763039128925,"KIF13A",-0.364548294256721,0.00213602117466303
"ENSG00000137193","PIM1",-0.270328934681435,0.118647549955043,"PIM1",0.21201776914203,0.205733448743742
"ENSG00000137267","TUBB2A",1.18256608581124,1.26503071078421e-17,"TUBB2A",0.988385994154793,3.59250280022305e-12
"ENSG00000137273","FOXF2",-0.0469001656742604,0.85121933174093,"FOXF2",-0.235689450749266,0.165482535126344
"ENSG00000137274","BPHL",0.130015942485853,0.615513120874812,"BPHL",-0.10672384239878,0.647648630069556
"ENSG00000137310","TCF19",-0.490996561402264,1.53324933408329e-05,"TCF19",-0.359706198332832,0.00144963179023748
"ENSG00000137312","FLOT1",-0.151079414408727,0.28214790321843,"FLOT1",-0.0276489777911589,0.890452783461198
"ENSG00000137331","IER3",0.0848926266293355,0.560846590953027,"IER3",0.363259339927692,0.000866899197952112
"ENSG00000137364","TPMT",0.403834048679384,0.00145547036789593,"TPMT",0.257939838452875,0.0495604369268133
"ENSG00000137404","NRM",0.00710962410106152,0.979844694126838,"NRM",0.148279373012852,0.199771730395232
"ENSG00000137449","CPEB2",-0.00205129992277454,0.999699929848992,"CPEB2",0.00557505738858296,0.982482998223554
"ENSG00000137473","TTC29",2.12537809100552,1.00554807818515e-05,"TTC29",0.434791888567146,0.117687692163506
"ENSG00000137486","ARRB1",-0.1003122567611,0.692624794398843,"ARRB1",0.115475740665739,0.587153958880248
"ENSG00000137492","THAP12",-0.401274795926101,0.000434894715328619,"THAP12",-0.315406347120484,0.0048962016265145
"ENSG00000137500","CCDC90B",-0.0278225960737656,0.878904007957647,"CCDC90B",-0.0559694975844335,0.720721360218548
"ENSG00000137501","SYTL2",0.123728575216432,0.565857538441403,"SYTL2",0.485159367264112,0.00388504999854266
"ENSG00000137504","CREBZF",-0.291247916186351,0.0223408980347449,"CREBZF",-0.193474350420451,0.140679748000078
"ENSG00000137574","TGS1",0.0529108383730723,0.644878914559016,"TGS1",0.00109218844848958,0.993857665224492
"ENSG00000137575","SDCBP",0.284666135006307,0.00837369209380342,"SDCBP",0.318771249203831,0.00246556271514915
"ENSG00000137601","NEK1",-0.225549759912155,0.0375028694715881,"NEK1",-0.10643361719557,0.386640254247781
"ENSG00000137642","SORL1",-1.11788423238605,0.00193801901747134,"SORL1",-0.47066041095203,0.0377379114797725
"ENSG00000137767","SQOR",0.437815741263371,0.000665527072808,"SQOR",0.341161332669274,0.00744254119377102
"ENSG00000137770","CTDSPL2",-0.312700021169513,0.000578680417703068,"CTDSPL2",-0.270010686788394,0.0022280263422106
"ENSG00000137802","MAPKBP1",0.824140623840807,1.24953917903686e-08,"MAPKBP1",0.920106016076891,1.2384104122935e-09
"ENSG00000137818","RPLP1",0.182369758207542,0.0205181378439053,"RPLP1",-0.0570651097346217,0.575596394534496
"ENSG00000137819","PAQR5",-0.900061584879719,2.495351009857e-11,"PAQR5",-0.702060641868752,3.15199742647849e-07
"ENSG00000137834","SMAD6",0.438869050180125,0.0336812118622824,"SMAD6",0.362010059525347,0.0622723953551754
"ENSG00000137871","ZNF280D",-0.000393713916236631,0.999769847841042,"ZNF280D",-0.0357622944880825,0.886847481200442
"ENSG00000137941","TTLL7",0.0496432695946296,0.844490788707317,"TTLL7",-0.0186228795184789,0.940479512789267
"ENSG00000137996","RTCA",0.0681384204127296,0.579143751888077,"RTCA",0.308116597512125,0.000770415638634149
"ENSG00000138031","ADCY3",-0.943185686493092,5.56922323165764e-17,"ADCY3",-0.357325630798373,0.00154754602064975
"ENSG00000138035","PNPT1",-0.357796219539157,9.40073289148767e-06,"PNPT1",-0.209052313794581,0.0136727518830283
"ENSG00000138036","DYNC2LI1",-0.0242358482414184,0.942405629966529,"DYNC2LI1",-0.398916766898037,0.0438226503886642
"ENSG00000138069","RAB1A",0.136104008033255,0.120727753006464,"RAB1A",0.272172813964744,0.000533922587198173
"ENSG00000138078","PREPL",0.357965578128487,2.47040992212721e-06,"PREPL",0.313926918435556,3.91559284266702e-05
"ENSG00000138095","LRPPRC",-0.156502820235884,0.0173652149795309,"LRPPRC",-0.079930865242368,0.300554922929847
"ENSG00000138107","ACTR1A",0.104037404857996,0.300552065073174,"ACTR1A",0.201824413837921,0.0221527151587955
"ENSG00000138166","DUSP5",-0.186844964465808,0.24843655623602,"DUSP5",-0.208004048301864,0.165847790422191
"ENSG00000138175","ARL3",-0.201606164210707,0.100864213282727,"ARL3",-0.144104015434643,0.233742552500173
"ENSG00000138193","PLCE1",-1.02479750224658,2.59741552876179e-09,"PLCE1",-1.23560924738255,1.3570736988758e-12
"ENSG00000138311","ZNF365",0.188768813755941,0.219105147223996,"ZNF365",0.49150852359335,7.30008120067325e-05
"ENSG00000138326","RPS24",0.236081475158567,3.52944694312942e-06,"RPS24",0.0365038037500023,0.62027454102075
"ENSG00000138375","SMARCAL1",-0.000346256971239197,0.999769847841042,"SMARCAL1",0.311623761882763,0.0074987984250236
"ENSG00000138385","SSB",0.197883283921465,0.00713055904650995,"SSB",-0.00836228754413095,0.944158754890925
"ENSG00000138442","WDR12",-0.334868065981648,0.000575536097090175,"WDR12",-0.371303594743279,9.47135720060206e-05
"ENSG00000138468","SENP7",-0.44049344426551,0.00502435110978895,"SENP7",-0.337458866084893,0.0206999307776209
"ENSG00000138496","PARP9",0.575473565051695,6.27090923620548e-08,"PARP9",0.476902783939723,5.61719334247309e-06
"ENSG00000138587","MNS1",-0.285693215512908,0.0609067814128314,"MNS1",-0.15211685602921,0.333069827710658
"ENSG00000138593","SECISBP2L",0.529491055486757,5.34391188518655e-07,"SECISBP2L",0.610605986294729,8.41674080546531e-09
"ENSG00000138606","SHF",0.020344606421362,0.966081200894443,"SHF",0.342361733393485,0.176676449564895
"ENSG00000138613","APH1B",0.645500730847255,9.64390219485635e-05,"APH1B",0.663443143920367,0.000334596278654629
"ENSG00000138660","AP1AR",-0.112071856445658,0.323864928646482,"AP1AR",-0.0953324386831219,0.413517802644065
"ENSG00000138668","HNRNPD",-0.752687813136425,4.36589045671763e-25,"HNRNPD",-0.448389453840179,8.0667375450587e-10
"ENSG00000138674","SEC31A",0.150569683433454,0.210640606879099,"SEC31A",0.223730352680176,0.0395156016513947
"ENSG00000138678","GPAT3",-0.850398199180022,6.64940493402895e-17,"GPAT3",-0.43208269236908,1.33289597539729e-05
"ENSG00000138686","BBS7",0.560673397962039,9.11200089468214e-09,"BBS7",0.677169950378378,6.10800066645992e-12
"ENSG00000138688","BLTP1",-0.151851608926005,0.293673799387316,"BLTP1",-0.245962908822945,0.054917415614764
"ENSG00000138750","NUP54",-0.195814029804936,0.0851715800055228,"NUP54",-0.0216496748769411,0.903267439473819
"ENSG00000138758","SEPTIN11",-0.406578744287226,1.56463997849974e-10,"SEPTIN11",-0.394249523726567,4.73723931932417e-10
"ENSG00000138760","SCARB2",0.12673669341623,0.162688716948404,"SCARB2",-0.0210744327595011,0.880826548765823
"ENSG00000138771","SHROOM3",0.985783354315546,2.66984446991693e-20,"SHROOM3",0.962711959005994,2.73420808883981e-18
"ENSG00000138794","CASP6",0.8705681126201,3.5182993206197e-22,"CASP6",0.888014520697305,2.79292573428461e-22
"ENSG00000139174","PRICKLE1",-1.08138571607427,2.47173156200674e-13,"PRICKLE1",-0.753872331796484,7.73859646339053e-07
"ENSG00000139182","CLSTN3",0.689627226016678,0.00678387242106131,"CLSTN3",0.76119280415009,0.00509623902433251
"ENSG00000139269","INHBE",-2.23040679172656,9.6754747014587e-06,"INHBE",-2.54719886403419,1.57795333999735e-09
"ENSG00000139289","PHLDA1",-0.652244454509315,6.23164683638634e-08,"PHLDA1",-0.15989608549732,0.230020786524145
"ENSG00000139324","TMTC3",0.170130974945159,0.0842370336304354,"TMTC3",0.0559915418985229,0.655835251380927
"ENSG00000139343","SNRPF",-0.338406664700778,0.000149909056354079,"SNRPF",0.0552798123861487,0.656747740990687
"ENSG00000139433","GLTP",-0.0284264201205313,0.887617906892163,"GLTP",-0.17969776531106,0.177306479617354
"ENSG00000139436","GIT2",0.333006979252729,0.000968137398721117,"GIT2",0.108140196080019,0.377331586316996
"ENSG00000139438","FAM222A",0.327205497945759,0.196537632370007,"FAM222A",-0.385959571052494,0.136712681347655
"ENSG00000139514","SLC7A1",-0.806523337279853,1.24372878158403e-14,"SLC7A1",-0.73204088943977,4.72808025003372e-12
"ENSG00000139531","SUOX",0.181919032476476,0.361712583939635,"SUOX",0.110350083577984,0.591242847220733
"ENSG00000139624","CERS5",0.480578031211002,1.62859175781756e-06,"CERS5",0.627154074290527,3.19383781727866e-10
"ENSG00000139625","MAP3K12",0.325661596522743,0.091089451644754,"MAP3K12",0.234314450881786,0.190199156870326
"ENSG00000139629","GALNT6",-0.568387486534099,3.10231712986344e-08,"GALNT6",-0.488747473360029,1.4686047277483e-06
"ENSG00000139684","ESD",-0.323095733400995,0.000240067778110495,"ESD",-0.569471073839173,3.54227478215085e-11
"ENSG00000139697","SBNO1",0.259045845987601,1.26726401417545e-05,"SBNO1",0.232696637808548,0.000123358952151746
"ENSG00000139719","VPS33A",0.470044683059389,4.97195714386347e-07,"VPS33A",0.204734671823313,0.0482719579168174
"ENSG00000139722","VPS37B",0.320847905450584,0.000580031537371145,"VPS37B",0.50578624106599,9.41855351454276e-09
"ENSG00000139726","DENR",-0.373685335582481,3.79080482638985e-08,"DENR",-0.3286264710491,1.59880712110814e-06
"ENSG00000139746","RBM26",-0.164472019236169,0.00804870050666473,"RBM26",-0.121931930033626,0.0625824470427171
"ENSG00000139793","MBNL2",0.45600493034952,6.1888752569505e-05,"MBNL2",0.22339662301929,0.0585102542010975
"ENSG00000139921","TMX1",0.0850715348486416,0.381762451935789,"TMX1",-0.129644507534813,0.150390153351763
"ENSG00000140006","WDR89",-0.51559819084141,9.03767576153779e-09,"WDR89",-0.372255367443121,2.39585251737868e-05
"ENSG00000140044","JDP2",-1.09130261780855,7.8333618805742e-11,"JDP2",-1.36738895159042,2.96141364762941e-17
"ENSG00000140157","NIPA2",-0.18224685067863,0.0269736664396964,"NIPA2",-0.203893366415863,0.0127765020100784
"ENSG00000140199","SLC12A6",0.118458786221965,0.385370240876608,"SLC12A6",0.178157211681223,0.135173314816503
"ENSG00000140297","GCNT3",1.29828384801529,0.000278872540361719,"GCNT3",1.32196826411716,0.000160897978407765
"ENSG00000140299","BNIP2",-0.241399933153099,0.000134515717906464,"BNIP2",-0.316766210625658,3.82730290756175e-07
"ENSG00000140332","TLE3",0.501534970987893,1.6126494493765e-05,"TLE3",0.30095307337889,0.0117907622890067
"ENSG00000140350","ANP32A",-0.704422324009127,1.97597151299703e-23,"ANP32A",-0.234472746132874,0.00139562530690025
"ENSG00000140395","SKIC8",-0.208167963525527,0.108250403477308,"SKIC8",-0.504191334014391,1.70156140144229e-05
"ENSG00000140451","PIF1",-1.06976340353665,1.45973716225182e-07,"PIF1",-0.996630825938081,5.54859634158974e-07
"ENSG00000140464","PML",0.637203128471744,1.25272891805271e-13,"PML",0.0422115230232119,0.757589735955339
"ENSG00000140526","ABHD2",0.0438310035202003,0.818028421298449,"ABHD2",-0.00774439106555229,0.967639090635463
"ENSG00000140545","MFGE8",0.904685371669641,1.64604285471591e-06,"MFGE8",0.727215314138651,0.000129274864079526
"ENSG00000140553","UNC45A",0.390693735810355,5.89296673840466e-07,"UNC45A",0.35359946086231,1.42334436313176e-05
"ENSG00000140600","SH3GL3",-0.719128709662195,0.0192294840439011,"SH3GL3",-0.399450773398781,0.139829617289301
"ENSG00000140650","PMM2",-0.214172160571728,0.00535973440264201,"PMM2",-0.0251192405788177,0.839733289953394
"ENSG00000140678","ITGAX",-0.245309454061925,0.40508514874521,"ITGAX",0.0633310523245108,0.828336316854185
"ENSG00000140682","TGFB1I1",-0.000723356616213046,0.999769847841042,"TGFB1I1",-0.00446193375439056,0.984108071332307
"ENSG00000140694","PARN",-0.345376985364659,6.17920594248858e-07,"PARN",-0.17329056481883,0.0175633941479263
"ENSG00000140740","UQCRC2",-0.709766109930526,4.39606978658805e-14,"UQCRC2",-0.753170708640852,2.81153001798296e-15
"ENSG00000140807","NKD1",0.150188686899186,0.618473769031751,"NKD1",-0.148658873945535,0.561126570524511
"ENSG00000140853","NLRC5",0.0192835199755142,0.952100738626002,"NLRC5",0.0880084077819508,0.658269781994443
"ENSG00000140939","NOL3",0.548138303175517,0.000143473047765703,"NOL3",0.451645180067806,0.0019746930761333
"ENSG00000140950","MEAK7",0.232357834122412,0.0138820394301296,"MEAK7",0.22699084045386,0.0188711998778074
"ENSG00000140961","OSGIN1",1.0671470583574,0.00074926568688942,"OSGIN1",0.334557106758303,0.157182149580628
"ENSG00000140987","ZSCAN32",0.209280952777873,0.0858454542667553,"ZSCAN32",-0.115434746368026,0.397443493159297
"ENSG00000141030","COPS3",-0.143286784058354,0.254911942562276,"COPS3",-0.0671091023832117,0.643715236614291
"ENSG00000141034","GID4",-0.0579619488903769,0.761060566898061,"GID4",-0.025380217005359,0.908900482581904
"ENSG00000141232","TOB1",0.946090291027755,5.13463009748373e-13,"TOB1",0.551614327785026,6.96928881029093e-05
"ENSG00000141295","SCRN2",-0.305838865556516,0.0436166071834384,"SCRN2",-0.291770055804387,0.0424083933678417
"ENSG00000141298","SSH2",0.306001651901781,0.00526015599257518,"SSH2",0.364513420316454,0.000441682515866164
"ENSG00000141384","TAF4B",-0.174255900183393,0.392209020322717,"TAF4B",-0.237532355620273,0.205026143886831
"ENSG00000141385","AFG3L2",-0.0242215423048998,0.809161206258066,"AFG3L2",0.019055810786364,0.861364951970494
"ENSG00000141429","GALNT1",-0.189177997445867,0.0167171986924871,"GALNT1",-0.21830649735961,0.00489653817148804
"ENSG00000141469","SLC14A1",0.191365705493374,0.228696248342916,"SLC14A1",-0.157072870873925,0.302215181297264
"ENSG00000141504","SAT2",1.03126071554753,2.07083052981065e-20,"SAT2",0.583147531170845,4.92157201834874e-07
"ENSG00000141524","TMC6",0.229017489917828,0.366241639974937,"TMC6",0.466713312409148,0.0574455843606977
"ENSG00000141543","EIF4A3",0.261115691711798,0.00365815333740265,"EIF4A3",0.103425063758598,0.332087451386336
"ENSG00000141551","CSNK1D",-0.135115891909771,0.110604257360925,"CSNK1D",-0.335061388911041,1.05179225019903e-05
"ENSG00000141580","WDR45B",-0.161273947226327,0.046619007572326,"WDR45B",-0.171905772665707,0.0337674184167931
"ENSG00000141642","ELAC1",-0.0144232618030723,0.959588988512796,"ELAC1",-0.104105421133949,0.553863071772634
"ENSG00000141655","TNFRSF11A",-0.281549984673947,0.0866098661500101,"TNFRSF11A",-0.353420496489976,0.0106948562245397
"ENSG00000141664","ZCCHC2",-0.085861750211823,0.561144647036938,"ZCCHC2",0.105376663445024,0.454479739230447
"ENSG00000141736","ERBB2",0.507868099980816,0.000245772157777351,"ERBB2",0.454578560939868,0.00131715361983807
"ENSG00000141934","PLPP2",-0.17116276963221,0.0516418186771071,"PLPP2",0.236623307725356,0.00397817529240652
"ENSG00000141971","MVB12A",-0.0772137782017453,0.604706382254912,"MVB12A",-0.198622880330716,0.0985712216389889
"ENSG00000142166","IFNAR1",0.504451455549183,8.44235951229295e-11,"IFNAR1",0.440655465366058,3.21584338016473e-08
"ENSG00000142197","DOP1B",-1.11381701117982,5.58449817449106e-11,"DOP1B",-1.24082771979202,2.83358231226397e-13
"ENSG00000142230","SAE1",-0.363146059706281,6.89850322289412e-05,"SAE1",-0.246076887233292,0.00870277053352542
"ENSG00000142459","EVI5L",0.0990900681572419,0.706603812213559,"EVI5L",-0.619041003589294,0.0180716836639959
"ENSG00000142507","PSMB6",0.270105660888801,1.36594730372489e-05,"PSMB6",0.00926017834774594,0.935992162562651
"ENSG00000142528","ZNF473",0.382325805636122,0.00614118497410505,"ZNF473",0.151823564595124,0.330545259377943
"ENSG00000142541","RPL13A",-0.0488163649910393,0.752008881593225,"RPL13A",-0.155207137489477,0.177906650959369
"ENSG00000142552","RCN3",-0.504978717488298,0.00138430716960803,"RCN3",-0.473064059039252,0.00165640108246531
"ENSG00000142634","EFHD2",-0.359501013764749,0.000838191866145929,"EFHD2",-0.520537795000491,1.3404090522401e-06
"ENSG00000142657","PGD",-0.412690057545854,6.36657111742887e-06,"PGD",-0.130534636329605,0.215615415948509
"ENSG00000142669","SH3BGRL3",0.167654463287813,0.0522202700455558,"SH3BGRL3",-0.184709836146243,0.0294687032354482
"ENSG00000142694","EVA1B",0.88309544300853,1.22740404373566e-05,"EVA1B",1.30352600128913,4.62711770894903e-08
"ENSG00000142751","GPN2",0.174912152868619,0.136693626358332,"GPN2",0.189712831476218,0.108406220665074
"ENSG00000142784","WDTC1",0.0115750535452292,0.980423486953564,"WDTC1",-0.117229338905892,0.596838328599409
"ENSG00000142798","HSPG2",-0.405277411161743,0.0263823654834307,"HSPG2",-1.03685712630694,7.09511347679065e-06
"ENSG00000142864","SERBP1",-0.286544488902323,7.22568097901775e-09,"SERBP1",-0.0783554222432952,0.194887162497715
"ENSG00000143013","LMO4",-0.338711044443829,0.00756394846564182,"LMO4",-0.34205930210153,0.00525301026346212
"ENSG00000143179","UCK2",-0.207071870094323,0.061506861875422,"UCK2",0.0662226713893548,0.633446640209686
"ENSG00000143217","NECTIN4",3.23857762090134,5.85818187538662e-61,"NECTIN4",2.89855598771831,2.88324116436782e-45
"ENSG00000143252","SDHC",-0.133672161849437,0.396416853053674,"SDHC",-0.123313392892469,0.413604430214397
"ENSG00000143344","RGL1",-0.109566118792584,0.6177028809602,"RGL1",-0.0709258865825978,0.732265428600203
"ENSG00000143369","ECM1",1.14433424467184,6.2795949696228e-13,"ECM1",0.586134898840693,8.40317707163213e-05
"ENSG00000143384","MCL1",-0.696679060727961,6.1944219731341e-14,"MCL1",-0.649783897118348,3.73737425585808e-12
"ENSG00000143393","PI4KB",0.593937841634319,1.27552597446226e-09,"PI4KB",0.402883843719394,9.90128931135095e-05
"ENSG00000143401","ANP32E",-0.503183394334457,5.50142082392568e-07,"ANP32E",-0.12160862189301,0.309779208744513
"ENSG00000143409","MINDY1",0.173572614295486,0.441791436284093,"MINDY1",0.51211517205463,0.00921868735541572
"ENSG00000143437","ARNT",0.368240313656082,0.004879918320049,"ARNT",0.273153596069224,0.0366912531780042
"ENSG00000143457","GOLPH3L",-0.123638862699587,0.43149561449712,"GOLPH3L",-0.340990947401177,0.00900553938269791
"ENSG00000143479","DYRK3",0.702540923599152,1.2700309053728e-08,"DYRK3",0.699065942643031,2.08697753303839e-08
"ENSG00000143493","INTS7",-0.218129129750987,0.0516544545301769,"INTS7",0.142905870316979,0.209663995653269
"ENSG00000143507","DUSP10",0.45980389263316,0.00136506160193996,"DUSP10",0.441922119811219,0.00127691548290046
"ENSG00000143515","ATP8B2",-0.178042332494914,0.171339310886985,"ATP8B2",-0.0532549101176605,0.751247995135457
"ENSG00000143537","ADAM15",-0.181537691126866,0.227506474005075,"ADAM15",-0.280431081060106,0.0355690398075823
"ENSG00000143612","C1orf43",-0.167826894183652,0.144736328029569,"C1orf43",-0.0996951332077861,0.426634196761181
"ENSG00000143622","RIT1",0.533382607649185,5.60387569460445e-06,"RIT1",0.211252809315761,0.103225664150534
"ENSG00000143669","LYST",-0.112461014855942,0.543211539556924,"LYST",-0.118426478011915,0.482867156895906
"ENSG00000143740","SNAP47",0.542323239309764,6.32830662409031e-07,"SNAP47",0.619313590111662,2.34832594546337e-08
"ENSG00000143742","SRP9",-0.532818563215714,3.71069263649034e-07,"SRP9",-0.493456612591424,2.14294801927428e-06
"ENSG00000143776","CDC42BPA",-0.199606757662178,0.112200433729153,"CDC42BPA",-0.0444548032761688,0.79591421184853
"ENSG00000143799","PARP1",-0.173404567970455,0.108540004857968,"PARP1",0.0548837415307325,0.689655055388037
"ENSG00000143815","LBR",-0.838626565671776,4.00847919393224e-19,"LBR",-0.403203840557444,1.65173904048599e-05
"ENSG00000143862","ARL8A",-0.0147293388540552,0.957553862340248,"ARL8A",0.420941955387897,0.00201209269224198
"ENSG00000143947","RPS27A",0.0730837841759098,0.581834192421099,"RPS27A",-0.0568519167881716,0.680890649382316
"ENSG00000144034","TPRKB",0.147006241054603,0.167026578428635,"TPRKB",0.240274306337105,0.0120139487389724
"ENSG00000144036","EXOC6B",-0.779625024313667,9.12751693491869e-08,"EXOC6B",-0.959698287129728,3.28345506072849e-09
"ENSG00000144043","TEX261",-0.117518059374273,0.386911827664005,"TEX261",-0.00732305234854611,0.967518244567326
"ENSG00000144048","DUSP11",0.628569026970667,5.79326282361654e-06,"DUSP11",0.898341419511909,2.37843252465995e-10
"ENSG00000144061","NPHP1",0.207615792107338,0.369982557089324,"NPHP1",-0.262904928203712,0.245682083036936
"ENSG00000144161","ZC3H8",0.134839728807764,0.229452069480334,"ZC3H8",-0.0843298926146246,0.499534430624719
"ENSG00000144224","UBXN4",0.0870309442666522,0.387345208404964,"UBXN4",0.0940851318328859,0.334501101153938
"ENSG00000144231","POLR2D",-0.218703695152089,0.00143237546435868,"POLR2D",-0.230487208764502,0.00076470407959846
"ENSG00000144354","CDCA7",-1.59157926124244,1.75372220004497e-28,"CDCA7",-1.28891565344861,1.52193177473969e-21
"ENSG00000144366","GULP1",-0.158535457452582,0.398838286155295,"GULP1",-0.0508787406474552,0.819175585979848
"ENSG00000144369","FAM171B",1.22245134926264,2.66815911281245e-18,"FAM171B",1.21580956358521,3.49167636140864e-17
"ENSG00000144381","HSPD1",-0.200474357789109,0.0164194770592489,"HSPD1",-0.0598869062975293,0.581088976847516
"ENSG00000144401","METTL21A",-0.290681247548535,0.0690814742448497,"METTL21A",-0.164161490899453,0.300867851554264
"ENSG00000144426","NBEAL1",-0.316458813772762,0.0103603201207638,"NBEAL1",-0.324030391157929,0.00729093506080265
"ENSG00000144567","RETREG2",0.394130093993573,5.93274089884024e-06,"RETREG2",0.18011334192322,0.0636624428846519
"ENSG00000144580","CNOT9",-0.455430325908903,5.98906600453763e-13,"CNOT9",-0.182745878960082,0.00660269189546033
"ENSG00000144591","GMPPA",0.549708922291455,2.38159372317469e-06,"GMPPA",0.356072694872563,0.00310573585506973
"ENSG00000144655","CSRNP1",0.781673401679335,4.03118763639754e-07,"CSRNP1",0.581387260436284,0.000238324637512676
"ENSG00000144736","SHQ1",-0.145139600274746,0.238528243836998,"SHQ1",-0.0696990741666503,0.626990594270696
"ENSG00000144746","ARL6IP5",0.0106199198959732,0.960998411165448,"ARL6IP5",0.0902212223151008,0.484294185992006
"ENSG00000144815","NXPE3",-0.0755497679093255,0.668872598492955,"NXPE3",0.112692423329617,0.45776307049631
"ENSG00000144824","PHLDB2",0.76990254693142,8.56182982556497e-17,"PHLDB2",1.01075962199086,2.10906774268014e-27
"ENSG00000144834","TAGLN3",-0.14077067404943,0.471275628995778,"TAGLN3",0.443551718423602,0.0105025559254431
"ENSG00000144935","TRPC1",-0.256628665898307,0.150983138168517,"TRPC1",-0.133335092781936,0.469591702150263
"ENSG00000144959","NCEH1",-0.387048626374328,0.00057527651961294,"NCEH1",-0.344002944091646,0.00188446826486247
"ENSG00000145012","LPP",-1.0181559790037,5.53938561346259e-16,"LPP",-1.33294807120747,3.85381137600136e-26
"ENSG00000145107","TM4SF19",-0.030943894557765,0.926278675859337,"TM4SF19",0.0145532057319508,0.955376443604413
"ENSG00000145191","EIF2B5",-0.383149995911383,7.89123262033925e-09,"EIF2B5",-0.147457989856554,0.0471324086164432
"ENSG00000145293","ENOPH1",-0.310021603554478,0.00502161065684002,"ENOPH1",-0.20598322507204,0.0700606519409643
"ENSG00000145332","KLHL8",-0.114008247221003,0.263696189304367,"KLHL8",0.121030080588525,0.220597261211784
"ENSG00000145349","CAMK2D",-0.279196295955215,0.0897400152646656,"CAMK2D",-0.0418858060110725,0.850607333481362
"ENSG00000145365","TIFA",-0.310630064419163,0.0307388723734138,"TIFA",-0.506136470581796,0.000201232451548138
"ENSG00000145386","CCNA2",-0.547836010565742,8.67685569799587e-06,"CCNA2",-0.233097076874661,0.0659154157234143
"ENSG00000145391","SETD7",0.0879677591423532,0.365345140419386,"SETD7",0.23639283068254,0.00359077151172905
"ENSG00000145414","NAF1",-0.155823858134952,0.22499060474905,"NAF1",-0.279146652116489,0.0173833918287241
"ENSG00000145431","PDGFC",-0.274451392791069,0.0116028402916723,"PDGFC",0.34683051487265,0.000559816507160294
"ENSG00000145592","RPL37",-0.0260966852414003,0.852689255605363,"RPL37",-0.211902217991568,0.0177565125951208
"ENSG00000145604","SKP2",-1.31376289736621,6.85596637538137e-46,"SKP2",-0.669932568275337,3.45024979813014e-13
"ENSG00000145736","GTF2H2",-0.154232034448647,0.329475377900646,"GTF2H2",-0.0409964916989995,0.840347249543796
"ENSG00000145907","G3BP1",-0.512958862180244,2.41551119300695e-16,"G3BP1",-0.133769525980611,0.0621476043796457
"ENSG00000146007","ZMAT2",0.545186157161294,4.30086417551041e-16,"ZMAT2",0.222104995371562,0.00211287192355384
"ENSG00000146047","H2BC1",-0.388111795429719,0.201318184010664,"H2BC1",0.0151183930633277,0.958426583016061
"ENSG00000146072","TNFRSF21",-0.2471096288029,0.0370069819891497,"TNFRSF21",0.234017280721696,0.0401532546611476
"ENSG00000146094","DOK3",0.0627994729572785,0.855095903534364,"DOK3",0.377484599056933,0.129201940456307
"ENSG00000146112","PPP1R18",-0.426424253801817,1.20590290468634e-05,"PPP1R18",-0.263313432340542,0.0084629148555118
"ENSG00000146223","RPL7L1",-0.286843785039732,6.31104204086477e-07,"RPL7L1",-0.306632209389464,1.24027361006301e-07
"ENSG00000146263","MMS22L",-0.145306869880939,0.314438365706617,"MMS22L",-0.0891552235157695,0.566187986688452
"ENSG00000146281","PM20D2",-0.915028744189201,4.87344362672959e-13,"PM20D2",-0.42561135812301,0.000333501804794207
"ENSG00000146540","CHLSN",0.0820441949595055,0.278436306637238,"CHLSN",0.128168680575434,0.0703157213047805
"ENSG00000146592","CREB5",-0.67280528349377,1.80969695296815e-06,"CREB5",-0.762381052543322,7.11046738297657e-07
"ENSG00000146676","PURB",-0.125188516472327,0.306736649710912,"PURB",-0.139936278414082,0.230717157632759
"ENSG00000146731","CCT6A",-0.16392386763759,0.000426138817919042,"CCT6A",-0.162021617666279,0.00056222982933237
"ENSG00000146828","SLC12A9",-0.0637675819855955,0.729120249014989,"SLC12A9",-0.206186451836454,0.144395823963248
"ENSG00000146909","NOM1",-0.194726371575606,0.0775714056789306,"NOM1",-0.22316379962515,0.0358057494470757
"ENSG00000146963","LUC7L2",-0.504959607245338,2.37069301718001e-13,"LUC7L2",-0.277919279852197,7.70866894091106e-05
"ENSG00000147130","ZMYM3",0.167034276160401,0.183397440667371,"ZMYM3",0.460405287705512,1.92933149763495e-05
"ENSG00000147133","TAF1",-0.541917946161189,1.42592621293389e-09,"TAF1",-0.231518525112504,0.0141832615898685
"ENSG00000147140","NONO",-0.159275033217467,0.00274338957435122,"NONO",-0.0258838752495704,0.746842074175353
"ENSG00000147164","SNX12",-0.0560005981424392,0.615666371285501,"SNX12",-0.0631499452741968,0.579873557082166
"ENSG00000147224","PRPS1",-0.0577871771315954,0.722198851391722,"PRPS1",-0.147399584374182,0.248678202412633
"ENSG00000147274","RBMX",-0.710386174152846,9.66055455309755e-26,"RBMX",-0.285911265840009,4.18020112929347e-05
"ENSG00000147394","ZNF185",-0.64061706889139,0.000410832485963122,"ZNF185",-1.0144272626622,1.62200836610595e-06
"ENSG00000147400","CETN2",0.0895825468286124,0.4067479576599,"CETN2",-0.255759206135954,0.00381947786910582
"ENSG00000147408","CSGALNACT1",1.51082356485197,1.68453504374857e-08,"CSGALNACT1",0.943158914217288,0.000222118570486242
"ENSG00000147416","ATP6V1B2",0.203229513829925,0.0580800706938039,"ATP6V1B2",0.232593208351063,0.0232064296202034
"ENSG00000147419","CCDC25",-0.0682606709923081,0.506549032266556,"CCDC25",-0.105457675913141,0.252996178455065
"ENSG00000147454","SLC25A37",-0.42464739593173,1.21771773525876e-07,"SLC25A37",-0.242364615154929,0.00359865932515685
"ENSG00000147457","CHMP7",0.253137941253889,0.0258859844501649,"CHMP7",0.516997571890966,1.51986345408028e-06
"ENSG00000147459","DOCK5",-0.360166577669387,0.000373799969414659,"DOCK5",-0.215468353791519,0.0392313792708727
"ENSG00000147509","RGS20",0.525988781098043,5.51823373398496e-05,"RGS20",1.07890143367813,1.1455874439365e-17
"ENSG00000147535","PLPP5",0.574271312452274,2.17704654820426e-05,"PLPP5",0.400012431007313,0.00265836633333953
"ENSG00000147536","GINS4",0.724822919407188,3.29505301572073e-09,"GINS4",0.361738534198053,0.00321635015728979
"ENSG00000147592","LACTB2",-0.0305006130200165,0.881536524687558,"LACTB2",0.0987673642991687,0.522129725152004
"ENSG00000147614","ATP6V0D2",0.953613461662043,0.00115675229395392,"ATP6V0D2",1.38801268516469,2.08468192169292e-06
"ENSG00000147679","UTP23",-0.215272148275148,0.01141402209077,"UTP23",-0.206059835136963,0.0169096338601225
"ENSG00000147687","TATDN1",-0.378729463245298,0.000395285474902991,"TATDN1",-0.340215077288411,0.00122499264394972
"ENSG00000147804","SLC39A4",0.476417186708561,3.60717527409641e-06,"SLC39A4",0.37714058155358,0.000180027729823625
"ENSG00000147813","NAPRT",0.0878243187564304,0.750334606655391,"NAPRT",0.0987792269268074,0.679397829813916
"ENSG00000147852","VLDLR",-0.768802628654589,0.000145356472313374,"VLDLR",-1.03386310349664,5.16742231533748e-07
"ENSG00000147853","AK3",0.303684974023841,0.00158725180415956,"AK3",0.0344399670612931,0.819813742726071
"ENSG00000147874","HAUS6",-0.304633705357703,0.00103664221895835,"HAUS6",-0.255866634704561,0.00580870887775454
"ENSG00000147912","FBXO10",0.335371550056421,0.175169572115035,"FBXO10",-0.0105684144159094,0.970156480693016
"ENSG00000148154","UGCG",-0.68900524685726,2.61605040313369e-14,"UGCG",-0.20016302390835,0.0412247224480242
"ENSG00000148175","STOM",1.08187940320054,2.06073318984121e-06,"STOM",0.995395394837301,0.00418513439919735
"ENSG00000148180","GSN",0.350525338934451,0.0118931395070327,"GSN",0.312469817146177,0.0166618947835473
"ENSG00000148218","ALAD",0.0304385148515674,0.887955317767706,"ALAD",-0.0681944745811404,0.697908716798371
"ENSG00000148219","ASTN2",1.21053441972442,2.72151724207636e-15,"ASTN2",1.51656022982215,3.8568668614363e-21
"ENSG00000148229","POLE3",-0.0985002691443982,0.245804857284684,"POLE3",-0.230681935683555,0.00153406281745728
"ENSG00000148303","RPL7A",-0.238133276124879,0.00130221103098076,"RPL7A",-0.176300155662086,0.0220542720981597
"ENSG00000148344","PTGES",1.25221898027519,1.87302545176963e-06,"PTGES",0.813976926957075,0.0021602624755501
"ENSG00000148459","PDSS1",-0.322086627588116,0.00722359519115558,"PDSS1",0.0419525183982612,0.811086674660744
"ENSG00000148606","POLR3A",0.43348682856972,2.09284980142894e-08,"POLR3A",0.228623036992312,0.00798711171356033
"ENSG00000148680","HTR7",-0.17963899922827,0.395628906853679,"HTR7",0.0390515998854434,0.878939354729944
"ENSG00000148737","TCF7L2",-0.497450826050308,9.91047646698058e-09,"TCF7L2",-0.183066656920316,0.0532819835444974
"ENSG00000148824","MTG1",0.0795798480948574,0.569877404131154,"MTG1",-0.126977985858889,0.313869542597753
"ENSG00000148840","PPRC1",-0.112214259471519,0.34974334271286,"PPRC1",-0.128861311545369,0.263942170885847
"ENSG00000148925","BTBD10",0.325141935480881,5.81531419977561e-05,"BTBD10",0.492082337557464,4.7413395483434e-10
"ENSG00000148943","LIN7C",-0.132176514200989,0.0675117418351348,"LIN7C",-0.298213313005345,4.03487550339888e-06
"ENSG00000149115","TNKS1BP1",-0.0691779819804251,0.618568383436838,"TNKS1BP1",-0.0100668162184155,0.951480039765083
"ENSG00000149136","SSRP1",-0.287303546739459,1.45628758433784e-08,"SSRP1",-0.0731802017858359,0.245385190248991
"ENSG00000149179","CSTPP1",-1.13983900885796,2.11081065134139e-08,"CSTPP1",-2.09007983392848,4.01038139629563e-20
"ENSG00000149260","CAPN5",0.0945524509025297,0.668103480088875,"CAPN5",-0.205061185796276,0.250303103740696
"ENSG00000149308","NPAT",-0.150489515621519,0.0806247856958077,"NPAT",-0.253099422789839,0.00108875638385767
"ENSG00000149313","AASDHPPT",0.15473641392383,0.0394821681544915,"AASDHPPT",0.07432832475392,0.405505706956648
"ENSG00000149485","FADS1",0.222290676880069,0.0117076967873974,"FADS1",0.415077318582527,3.64957608816275e-07
"ENSG00000149532","CPSF7",-0.101098217973279,0.339879356788677,"CPSF7",-0.0241523006581825,0.868944459241034
"ENSG00000149541","B3GAT3",0.994362463686519,1.28527246819329e-15,"B3GAT3",1.07032560443557,5.38048322352826e-17
"ENSG00000149548","CCDC15",-0.422909126684505,0.000219092139455302,"CCDC15",-0.058886182815844,0.700363925930574
"ENSG00000149577","SIDT2",1.27961417869198,9.64322317251185e-15,"SIDT2",1.2272420999903,1.60696905137182e-12
"ENSG00000149582","TMEM25",0.696419657904823,0.0037343107636779,"TMEM25",0.361904406858797,0.102436285211398
"ENSG00000149639","MTCL2",-0.150155125769166,0.330015146804524,"MTCL2",0.0211576802657588,0.923825460031557
"ENSG00000149743","TRPT1",0.318557564046266,0.00582357620682583,"TRPT1",0.426952940295121,7.51022499561853e-05
"ENSG00000149761","NUDT22",0.252096191597364,0.00751662483869132,"NUDT22",0.342294191070329,0.000147932700895874
"ENSG00000149932","TMEM219",0.178770666633614,0.146351926430808,"TMEM219",-0.0144801482263651,0.937567255568002
"ENSG00000149948","HMGA2",-1.01600841255196,1.28423309095256e-13,"HMGA2",-0.561340413891046,2.87247630975385e-05
"ENSG00000149968","MMP3",0.0515179784324419,0.883476789412871,"MMP3",0.203388921021982,0.383645639722171
"ENSG00000150093","ITGB1",-0.510403185782267,1.33764282583422e-05,"ITGB1",-0.723538162310412,1.03006443351558e-09
"ENSG00000150630","VEGFC",-0.369588970016429,0.0184567094291462,"VEGFC",0.246602570176106,0.106992016896612
"ENSG00000150753","CCT5",-0.272862393722208,1.05246628089059e-08,"CCT5",-0.110060686140512,0.0410202965402642
"ENSG00000150764","DIXDC1",-0.0485159720441709,0.824673055129542,"DIXDC1",0.112639316855002,0.496009710076767
"ENSG00000150779","TIMM8B",0.170087266615174,0.115535763938339,"TIMM8B",-0.0424805726636682,0.772364743852944
"ENSG00000150961","SEC24D",-0.112275427857129,0.456605798623325,"SEC24D",-0.0362250653530974,0.847724099241495
"ENSG00000150967","ABCB9",0.74649007931944,1.14918272789319e-06,"ABCB9",0.951935118495388,5.91444653383119e-10
"ENSG00000150991","UBC",0.224514732591025,0.00102590927315124,"UBC",0.402704781673432,4.87852270054243e-10
"ENSG00000151023","ENKUR",0.630033808766099,0.0282121686092518,"ENKUR",0.587551988321189,0.0337674184167931
"ENSG00000151062","CACNA2D4",-0.023395233094727,0.91322646003369,"CACNA2D4",-0.0764264250221515,0.646071535657754
"ENSG00000151065","DCP1B",0.415888286715741,0.0056017722680807,"DCP1B",0.590188351266514,4.92445477606096e-05
"ENSG00000151090","THRB",-0.434040697888291,0.122501093893731,"THRB",0.108453626146458,0.644885591790412
"ENSG00000151116","UEVLD",-0.192958692282759,0.128026281401869,"UEVLD",-0.069930348975547,0.646883562674535
"ENSG00000151131","NOPCHAP1",1.25514965432434,1.43220952601055e-45,"NOPCHAP1",0.637912310924831,1.94403898167713e-11
"ENSG00000151135","TMEM263",0.0893965154343284,0.481631399542946,"TMEM263",-0.0112896818781271,0.94401497179906
"ENSG00000151176","PLBD2",0.316449585851164,0.0249735082399881,"PLBD2",-0.011406515648436,0.956689513643616
"ENSG00000151247","EIF4E",-0.373664886193338,3.73061042751627e-07,"EIF4E",-0.21838195582025,0.00547171737096929
"ENSG00000151327","FAM177A1",0.214618585820334,0.00949652684899805,"FAM177A1",0.15948178095825,0.0660696856578262
"ENSG00000151353","TMEM18",-0.23251793275013,0.0389050316427587,"TMEM18",-0.219735770038346,0.0472422367577674
"ENSG00000151466","SCLT1",-0.842794378561553,1.21306338613361e-11,"SCLT1",-0.826828874435733,4.42895827004698e-11
"ENSG00000151474","FRMD4A",-0.467870865543447,2.46816393283051e-05,"FRMD4A",-0.188602658532466,0.109427608524907
"ENSG00000151689","INPP1",0.792388389612385,6.12442172838962e-13,"INPP1",0.613542921291322,2.74891636830199e-08
"ENSG00000151693","ASAP2",-0.0798868928008316,0.549820107172149,"ASAP2",-0.0671441601467535,0.624356232232457
"ENSG00000151725","CENPU",-0.132090987308098,0.27368232909602,"CENPU",-0.251861931951358,0.015687774246316
"ENSG00000151729","SLC25A4",0.469422806976978,1.819653083289e-05,"SLC25A4",0.460076651637299,2.34196980217212e-05
"ENSG00000151773","CCDC122",0.716918469892061,4.15226048170086e-05,"CCDC122",0.723955347798135,2.47981628569163e-05
"ENSG00000151806","GUF1",0.256805404465668,0.00717245362102879,"GUF1",0.0960005691423819,0.415310008363982
"ENSG00000151923","TIAL1",-0.278408614081704,2.60363309029801e-05,"TIAL1",-0.510422578136599,4.78094132701142e-15
"ENSG00000152061","RABGAP1L",-0.949498969499334,1.12654491477011e-07,"RABGAP1L",-1.31673776702308,2.32513112404134e-11
"ENSG00000152102","FAM168B",0.0330050706284891,0.834296716209525,"FAM168B",0.023713502168962,0.890452783461198
"ENSG00000152137","HSPB8",1.24252746089081,0.000805902136471332,"HSPB8",0.726420369675097,0.0234706577256338
"ENSG00000152193","OBI1",-0.237621740948103,0.013075825146213,"OBI1",-0.396087605291129,1.167781718223e-05
"ENSG00000152229","PSTPIP2",1.11769254910695,1.05771736800057e-20,"PSTPIP2",1.24263149637441,1.24440320369949e-25
"ENSG00000152234","ATP5F1A",-0.380729030283977,5.02239092235508e-07,"ATP5F1A",-0.32371310238869,2.00251248846553e-05
"ENSG00000152240","HAUS1",-0.294549410377206,0.00717044753366541,"HAUS1",-0.267079396986395,0.0102116391832878
"ENSG00000152242","ARK2N",0.0436834290325299,0.779618465365741,"ARK2N",0.160272222818251,0.165482535126344
"ENSG00000152409","JMY",0.287937668703772,0.0416717017363905,"JMY",-0.00763866093682278,0.97070267269315
"ENSG00000152413","HOMER1",-0.314191650535137,0.00122575634181588,"HOMER1",-0.253588004944492,0.0148696251795473
"ENSG00000152558","TMEM123",-0.376817483554136,3.2950779581815e-09,"TMEM123",-0.229994370200117,0.000499050578784301
"ENSG00000152620","NADK2",-0.51112271568032,7.43018836838679e-06,"NADK2",-0.344699726599701,0.0018215674132158
"ENSG00000152779","SLC16A12",1.16715016257658,4.92198769600796e-05,"SLC16A12",1.54697593791817,4.88629850353531e-06
"ENSG00000152795","HNRNPDL",-0.501349913956094,2.79607672306867e-10,"HNRNPDL",0.00874807911952472,0.948829136751827
"ENSG00000152931","PART1",1.31179333323624,0.00144522677995473,"PART1",0.923637026214366,0.00632876052010774
"ENSG00000153071","DAB2",-0.122442600273928,0.505885478734936,"DAB2",-0.131241201691661,0.440879603233717
"ENSG00000153094","BCL2L11",1.40115404004105,2.90356463294867e-21,"BCL2L11",0.829732809545084,9.41360386482772e-08
"ENSG00000153107","ANAPC1",0.067483274911747,0.685593842994626,"ANAPC1",0.16468520505692,0.204135370364847
"ENSG00000153162","BMP6",0.0504210078686068,0.875456576303095,"BMP6",-1.32778965808493,0.000748014073950105
"ENSG00000153187","HNRNPU",-0.44806308831946,2.08489850162955e-12,"HNRNPU",-0.317085766519938,9.46141885226107e-07
"ENSG00000153214","TMEM87B",0.228428924356388,0.051442009204191,"TMEM87B",-0.0309461180987989,0.868944459241034
"ENSG00000153237","CCDC148",1.77204791064757,4.99867392418828e-11,"CCDC148",1.81559105333195,2.04443327108185e-10
"ENSG00000153317","ASAP1",-0.534734448480529,8.04110743246156e-11,"ASAP1",-0.225938033790693,0.00931469592124386
"ENSG00000153406","NMRAL1",0.0102001532222291,0.967203006009788,"NMRAL1",-0.0327711470761284,0.854704299091216
"ENSG00000153558","FBXL2",0.250020722899588,0.268709796930109,"FBXL2",0.37845160922536,0.0624691039797674
"ENSG00000153560","UBP1",-0.407292830414061,1.09010011627772e-08,"UBP1",-0.445630312275962,4.80547767999311e-10
"ENSG00000153561","RMND5A",0.502506857865176,1.68289515848519e-09,"RMND5A",0.499517147359022,7.44726707653573e-09
"ENSG00000153574","RPIA",-0.853489592999244,1.17154014362354e-16,"RPIA",-0.791392223316221,1.94475610989974e-13
"ENSG00000153714","LURAP1L",-0.293938123153666,0.135088895803919,"LURAP1L",0.0758447375598095,0.721897527662552
"ENSG00000153879","CEBPG",-0.702725852326031,3.68470858435889e-08,"CEBPG",-0.976220886058572,2.59033362726321e-14
"ENSG00000153885","KCTD15",-0.0946316410359286,0.653933147576528,"KCTD15",-0.224968406882387,0.163165378725059
"ENSG00000153922","CHD1",-0.220757192383939,0.0180832300345655,"CHD1",-0.116165100084646,0.26787060518784
"ENSG00000153944","MSI2",-0.335441737696877,0.000718991922501897,"MSI2",-0.566359038854712,1.66283304856035e-08
"ENSG00000153989","NUS1",-0.721251395074375,3.48002566861166e-09,"NUS1",-0.256402417460174,0.0351838894689413
"ENSG00000154027","AK5",-0.765043294365295,0.00143370387433784,"AK5",-0.721728782318921,0.000547283897407856
"ENSG00000154134","ROBO3",0.105049042327867,0.592747111259953,"ROBO3",0.340714366788449,0.0177104094256019
"ENSG00000154310","TNIK",0.0191613938801626,0.944613518992677,"TNIK",0.145383421315341,0.369442129164518
"ENSG00000154473","BUB3",-0.276097055013192,1.11900305235261e-06,"BUB3",-0.182242851379506,0.00215315983076912
"ENSG00000154479","CFAP210",0.448208969922901,0.147571317926132,"CFAP210",0.275785177197862,0.278736661243155
"ENSG00000154727","GABPA",-0.029595280614488,0.878904007957647,"GABPA",-0.134323550500359,0.333783351476437
"ENSG00000154767","XPC",0.661848173182541,6.64221410441186e-12,"XPC",0.712787833303454,1.22828856288065e-13
"ENSG00000154803","FLCN",0.6144826823062,1.1148997418548e-08,"FLCN",0.541853277905908,7.09820994007678e-07
"ENSG00000154813","DPH3",-0.0651615000106231,0.61263514332827,"DPH3",-0.143839822513806,0.177305334649785
"ENSG00000154832","CXXC1",-0.252304099702694,0.00332790530534983,"CXXC1",-0.0906795514743571,0.383919710668208
"ENSG00000154928","EPHB1",-2.03066969382066,1.05125490017252e-07,"EPHB1",-2.45920492794853,7.36005715011468e-09
"ENSG00000155034","FBXL18",0.424416769210143,0.000370112762945805,"FBXL18",0.301485605590929,0.0113423592832181
"ENSG00000155096","AZIN1",-0.262355647803366,0.00109831300690609,"AZIN1",-0.0632042533227627,0.550737530638943
"ENSG00000155099","PIP4P2",-0.236827798706013,0.146351926430808,"PIP4P2",-0.285913964794374,0.0486701044391636
"ENSG00000155115","GTF3C6",0.31734498212013,5.7333699083758e-06,"GTF3C6",0.282020560624436,6.95368282395304e-05
"ENSG00000155189","AGPAT5",-0.306589337121703,8.88247729635384e-06,"AGPAT5",-0.40158104400219,5.07605638805021e-09
"ENSG00000155254","MARVELD1",0.161749218636244,0.361297008209235,"MARVELD1",-0.0582095668874678,0.780964732795446
"ENSG00000155304","HSPA13",-0.0369399276057681,0.834097060545792,"HSPA13",-0.273297489039675,0.0178537411335126
"ENSG00000155324","GRAMD2B",0.259602693060489,0.214024746860904,"GRAMD2B",0.0349891501344974,0.899343141913588
"ENSG00000155363","MOV10",0.373617243332708,0.00324394984773016,"MOV10",0.124285374074743,0.395457357099493
"ENSG00000155366","RHOC",-0.0283196556337808,0.875504621244919,"RHOC",-0.252305881210538,0.0262691050783049
"ENSG00000155380","SLC16A1",-0.0513410420050025,0.53350121304159,"SLC16A1",-0.117207857232792,0.0927569209686634
"ENSG00000155438","NIFK",0.100468927126814,0.122962165943694,"NIFK",-0.272964721713326,2.89370886138316e-06
"ENSG00000155561","NUP205",-0.0861687438127191,0.527974665585111,"NUP205",-0.142389498633145,0.23843947370564
"ENSG00000155744","HYCC2",0.18262266150279,0.253798704927772,"HYCC2",-0.0976300474843659,0.589256811285095
"ENSG00000155846","PPARGC1B",-0.438374892586664,0.00446498906293887,"PPARGC1B",-0.119981029201302,0.496110332709639
"ENSG00000156256","USP16",-0.0591500800320188,0.545772599790134,"USP16",0.112549040883939,0.181844176012917
"ENSG00000156261","CCT8",-0.0702230946067354,0.456852669159705,"CCT8",0.10448235317475,0.222360675867365
"ENSG00000156304","SCAF4",0.121477844709,0.427725685908175,"SCAF4",-0.0847160606158252,0.621657226919319
"ENSG00000156313","RPGR",-0.336262220671253,0.014049451788994,"RPGR",-0.450617140509919,0.000461076769342083
"ENSG00000156453","PCDH1",0.70165421260119,0.00133306539213784,"PCDH1",0.621133209259868,0.00605070715083299
"ENSG00000156467","UQCRB",0.153295031558782,0.0942402719916448,"UQCRB",0.061653522903545,0.585422050803981
"ENSG00000156471","PTDSS1",0.0159461474121445,0.920638378887151,"PTDSS1",0.172258003816307,0.0714483317182296
"ENSG00000156515","HK1",-0.234810483854283,0.00391846295963511,"HK1",-0.149044940288042,0.0951779804874911
"ENSG00000156521","TYSND1",0.845385358933602,2.72568342867173e-11,"TYSND1",0.710859947044518,7.28930585270831e-07
"ENSG00000156535","CD109",0.187801158586826,0.0973617070731893,"CD109",0.151612512581453,0.171296157210029
"ENSG00000156587","UBE2L6",0.852752940919359,8.71373572229153e-08,"UBE2L6",0.513181370870677,0.000836544933876689
"ENSG00000156642","NPTN",-0.227098019045897,0.0052557689502182,"NPTN",-0.298239755833864,0.00015052179727327
"ENSG00000156671","SAMD8",0.215464188283649,0.0941927019127313,"SAMD8",-0.0586728052382918,0.736267509076852
"ENSG00000156697","UTP14A",-0.102746158548746,0.264748797676575,"UTP14A",-0.381364324294673,7.19227127942103e-07
"ENSG00000156802","ATAD2",-0.598203614855812,2.58398375879873e-13,"ATAD2",-0.249653120641151,0.0031345697747714
"ENSG00000156853","ZNF689",0.346077500516123,0.00144576288476739,"ZNF689",0.000766016343604385,0.996464559079701
"ENSG00000156860","FBRS",0.655057473294627,4.68728457691294e-11,"FBRS",0.665275980648309,7.25104013504049e-11
"ENSG00000156873","PHKG2",0.165975129517092,0.202166271122322,"PHKG2",0.241711251602523,0.0414908213766558
"ENSG00000156970","BUB1B",-0.391271058926701,0.00105335998926513,"BUB1B",-0.198074024540711,0.114439448912196
"ENSG00000156973","PDE6D",-0.213062769938217,0.152234156113404,"PDE6D",-0.369565019289479,0.00379101927707835
"ENSG00000156976","EIF4A2",0.197080619227739,0.133333366512541,"EIF4A2",0.0466490838833845,0.792559353599869
"ENSG00000157168","NRG1",0.92148452804097,6.26371160019939e-13,"NRG1",1.27192798144364,3.50652324702126e-23
"ENSG00000157193","LRP8",-1.37107966002955,1.39492336056919e-26,"LRP8",-1.17893857611724,3.6412012419435e-20
"ENSG00000157212","PAXIP1",-0.560027084906926,5.24516817514529e-05,"PAXIP1",-0.124214279104496,0.428680249868165
"ENSG00000157214","STEAP2",-0.0186798333102108,0.943937519512066,"STEAP2",-0.0386659620097543,0.856795819691415
"ENSG00000157227","MMP14",-0.561456018332019,0.00297468372625327,"MMP14",-0.547840182415426,0.00312585651357946
"ENSG00000157240","FZD1",-0.326913207702146,0.102252052785007,"FZD1",-0.606963180825577,0.00242788520731207
"ENSG00000157379","DHRS1",0.0491737788497048,0.780214388838518,"DHRS1",0.121097108513111,0.382919178790254
"ENSG00000157456","CCNB2",-0.160930941081468,0.343121825269916,"CCNB2",0.0277221352785151,0.904536748082303
"ENSG00000157613","CREB3L1",0.0551046115410361,0.823315981717213,"CREB3L1",0.171023106824985,0.324635068798356
"ENSG00000157625","TAB3",0.262355612114609,0.0447076977968945,"TAB3",0.127979446253949,0.371832393869618
"ENSG00000157693","TMEM268",0.0334420429703602,0.895471324429634,"TMEM268",0.0939692201384529,0.617723009779782
"ENSG00000157873","TNFRSF14",2.00401318134317,2.29031372746334e-23,"TNFRSF14",1.4702161025402,4.01523957932001e-13
"ENSG00000158109","TPRG1L",0.281456321347511,0.0034197784079036,"TPRG1L",0.00158109006153254,0.992323346514356
"ENSG00000158156","XKR8",0.21971975552246,0.0612419591319535,"XKR8",0.209050364586743,0.0854718705890837
"ENSG00000158161","EYA3",-0.403258368324507,1.93360234236363e-05,"EYA3",-0.300686835670399,0.00141142802630157
"ENSG00000158169","FANCC",-0.215589638785892,0.142829002017566,"FANCC",-0.0979301909008549,0.553980636904146
"ENSG00000158301","GPRASP2",0.681825496726825,9.96251312173782e-06,"GPRASP2",1.08176793715203,1.24475491668227e-11
"ENSG00000158315","RHBDL2",0.348529977160794,0.17676815041817,"RHBDL2",0.104535999191662,0.690121699086798
"ENSG00000158352","SHROOM4",0.0526801223219341,0.871285139914187,"SHROOM4",0.147829045172225,0.52278220010826
"ENSG00000158417","EIF5B",0.145422733830404,0.00987808661199276,"EIF5B",0.0829651713382044,0.190045231666934
"ENSG00000158560","DYNC1I1",0.177074820397274,0.47980699267621,"DYNC1I1",-0.0172971473142825,0.951480039765083
"ENSG00000158604","TMED4",0.205248861228665,0.0251767618987156,"TMED4",0.243161113854145,0.00594603771182817
"ENSG00000158615","PPP1R15B",-0.289740637463996,0.00231804697621242,"PPP1R15B",-0.118238832379307,0.275817926122314
"ENSG00000158710","TAGLN2",0.155412412268782,0.248131001481929,"TAGLN2",-0.00206218179363299,0.991278040673315
"ENSG00000158715","SLC45A3",0.50072116230624,0.00066376950175323,"SLC45A3",0.693220691571415,6.76467900962785e-06
"ENSG00000158769","F11R",0.545559608188424,6.62137849104039e-05,"F11R",1.01663390660088,4.66442105972852e-11
"ENSG00000158793","NIT1",0.0507401383723326,0.791410870567047,"NIT1",0.059417926511219,0.726312178107425
"ENSG00000158825","CDA",0.0573889035893436,0.765117774213363,"CDA",0.293672344937089,0.0227501237536299
"ENSG00000158828","PINK1",0.493489648084103,7.58828367091819e-08,"PINK1",0.415630689033601,5.62139272825564e-06
"ENSG00000158882","TOMM40L",-0.207391944241621,0.104872903778321,"TOMM40L",0.0246424010138873,0.900529303547784
"ENSG00000159086","PAXBP1",0.0264140018481444,0.897461383019258,"PAXBP1",-0.00258497976439538,0.989536046737337
"ENSG00000159131","GART",-0.511795753208794,1.54563505591279e-14,"GART",-0.28407695886219,2.73503171050939e-05
"ENSG00000159164","SV2A",0.0016125231898076,0.999433637321825,"SV2A",0.241187180992765,0.0238661796588915
"ENSG00000159214","CCDC24",0.349728377036644,0.0891324443514833,"CCDC24",0.36420066696242,0.0526983297242563
"ENSG00000159216","RUNX1",0.0155148920646664,0.931559453439008,"RUNX1",0.229122548484854,0.0202021617936317
"ENSG00000159228","CBR1",-0.0674139389154438,0.666814636963829,"CBR1",0.00287676301485266,0.987448970789834
"ENSG00000159231","CBR3",-0.170341614743221,0.33978250612268,"CBR3",-0.0835732954869581,0.656390579925745
"ENSG00000159348","CYB5R1",0.641726581678273,4.75952167310753e-07,"CYB5R1",0.699049008974934,9.82486526462308e-08
"ENSG00000159388","BTG2",1.98169216076504,2.62410267724566e-25,"BTG2",1.60425956472882,6.20624866531324e-16
"ENSG00000159459","UBR1",0.203749794522441,0.0468466266783957,"UBR1",0.136582246633995,0.208286653538649
"ENSG00000159596","TMEM69",0.489728490073526,4.56979765697514e-07,"TMEM69",0.427458221321639,1.02254564652342e-05
"ENSG00000159685","CHCHD6",-0.973265821358772,2.26599998631469e-10,"CHCHD6",-1.76269161681494,2.8785607405626e-22
"ENSG00000159714","ZDHHC1",0.384426024951225,0.156396725196672,"ZDHHC1",0.0412086510957332,0.894010819082994
"ENSG00000159788","RGS12",-0.1679764109177,0.314136624532153,"RGS12",0.0817002865366057,0.646334819274472
"ENSG00000159884","CCDC107",0.370391312297088,0.0164510414653793,"CCDC107",0.422643304216511,0.0047657948342314
"ENSG00000159899","NPR2",0.818214321954057,5.07953635593498e-13,"NPR2",0.944126528995078,2.4122597030986e-16
"ENSG00000160013","PTGIR",-0.203714724379249,0.470385982044967,"PTGIR",0.0450376266794351,0.880835381405886
"ENSG00000160050","CCDC28B",0.781156850151765,2.31569979303152e-06,"CCDC28B",0.810620731930058,1.69278717463677e-06
"ENSG00000160058","BSDC1",0.385291644973607,0.00204820422605844,"BSDC1",0.341535664713339,0.00674615367582913
"ENSG00000160124","MIX23",-0.0418720339521177,0.790707249609024,"MIX23",0.131144079074818,0.26488141149846
"ENSG00000160131","VMA21",-0.457958688670207,7.01892698235004e-13,"VMA21",-0.248342662123947,0.000177133420564478
"ENSG00000160193","WDR4",-0.806482425268406,1.79615875979777e-16,"WDR4",-0.454198308690593,3.93710593947506e-06
"ENSG00000160199","PKNOX1",-0.0863962571162387,0.52529785400885,"PKNOX1",-0.0584131143934079,0.686389026506102
"ENSG00000160211","G6PD",0.494274596843154,0.000164380425079588,"G6PD",0.188757068925908,0.175683474147197
"ENSG00000160213","CSTB",0.201539645206788,0.046989055128165,"CSTB",0.0955717665274623,0.414661799521746
"ENSG00000160271","RALGDS",1.21974181085111,6.94653968703503e-13,"RALGDS",0.524444791939351,0.00163968843699016
"ENSG00000160284","SPATC1L",0.0735122651239699,0.771875933514707,"SPATC1L",0.237724736480816,0.198104776307902
"ENSG00000160310","PRMT2",-0.0956989391019971,0.335281310310953,"PRMT2",-0.0440815403898044,0.711207794708885
"ENSG00000160360","GPSM1",0.550421525163989,7.27433015421391e-05,"GPSM1",0.416467221507469,0.00359244629332932
"ENSG00000160410","SHKBP1",0.234850516247131,0.0291084684216809,"SHKBP1",0.0573770734460893,0.693141864700779
"ENSG00000160446","ZDHHC12",0.236194382338472,0.0583973695468161,"ZDHHC12",0.441248958870147,8.3852591868636e-05
"ENSG00000160469","BRSK1",0.383677685866174,0.0410050614320067,"BRSK1",0.414249666188112,0.0271108552768565
"ENSG00000160570","DEDD2",0.2632190678165,0.0506809692411336,"DEDD2",0.0829807711445608,0.624333214136601
"ENSG00000160685","ZBTB7B",1.10131640670406,2.61620752714125e-08,"ZBTB7B",0.927899193172937,1.69071447998726e-06
"ENSG00000160691","SHC1",0.527086414845465,1.76952204848261e-09,"SHC1",0.39001327461432,1.21216531327548e-05
"ENSG00000160695","VPS11",0.150743110664424,0.338445263978603,"VPS11",0.0459384773598032,0.817793370354927
"ENSG00000160746","ANO10",-1.04659958106998,1.41603422859515e-23,"ANO10",-1.22579624561918,1.67324874001949e-29
"ENSG00000160767","ENTREP3",0.215544823183909,0.0658589530856905,"ENTREP3",0.175129145855941,0.15323176856604
"ENSG00000160789","LMNA",0.00794711961204223,0.976099181490465,"LMNA",-0.0640213257531807,0.656460380240591
"ENSG00000160799","CCDC12",-0.0995246134937928,0.353060993958545,"CCDC12",0.0890875188633571,0.405341631729449
"ENSG00000160813","PPP1R35",-0.676307008842052,3.66632816011265e-08,"PPP1R35",-0.293802267291704,0.0159279082228223
"ENSG00000160818","GPATCH4",0.198673202123726,0.0165773456922885,"GPATCH4",0.0663594285859029,0.525979290154683
"ENSG00000160932","LY6E",0.765831702800949,6.18189736041568e-20,"LY6E",0.497166273455066,6.9313404147973e-09
"ENSG00000160948","VPS28",0.0437713753513322,0.799630857374051,"VPS28",-0.143257976562974,0.263239245460567
"ENSG00000160957","RECQL4",-0.185446182265342,0.237538696174347,"RECQL4",0.157593837157002,0.300534810480439
"ENSG00000160972","PPP1R16A",0.321450101950709,0.0128718123413305,"PPP1R16A",0.129595591472878,0.374360506573393
"ENSG00000160991","ORAI2",0.036086018183361,0.828311196813758,"ORAI2",-0.0235498729031453,0.894641392768026
"ENSG00000161011","SQSTM1",0.63736468358107,3.39514721468907e-05,"SQSTM1",0.233964700615475,0.126678610838335
"ENSG00000161204","ABCF3",0.132302289841838,0.328720324937191,"ABCF3",0.0738738763734188,0.630855436295322
"ENSG00000161217","PCYT1A",-0.00565087021187402,0.976216824018305,"PCYT1A",-0.0863664789518087,0.350555455777641
"ENSG00000161249","DMKN",0.0326233258455537,0.847520721899165,"DMKN",-0.0454877430939498,0.764609275996818
"ENSG00000161277","THAP8",0.594177594021352,0.00687524267468603,"THAP8",0.39819759049332,0.0432663124208372
"ENSG00000161509","GRIN2C",2.57072118945785,1.36953323904587e-06,"GRIN2C",2.52586911089588,5.28854705006085e-05
"ENSG00000161513","FDXR",2.08115633623749,2.268864055952e-44,"FDXR",2.30741232575485,1.66739160554283e-53
"ENSG00000161526","SAP30BP",-0.0969556576305602,0.295416680203072,"SAP30BP",-0.122434122766913,0.173642560074914
"ENSG00000161533","ACOX1",0.570052199401332,2.00542644794541e-08,"ACOX1",0.455099216381877,1.0808415929515e-05
"ENSG00000161542","PRPSAP1",0.232802831790843,0.00318597570735876,"PRPSAP1",0.301399345297326,7.3935439167581e-05
"ENSG00000161544","CYGB",2.45141989862327,1.24285572849643e-11,"CYGB",2.21391383684041,3.5599057227545e-15
"ENSG00000161547","SRSF2",-0.74604344160644,6.33015669238274e-16,"SRSF2",-0.828387698654597,5.74579646438564e-19
"ENSG00000161642","ZNF385A",1.68329007671032,2.84157634773477e-23,"ZNF385A",1.46537995708049,3.0462341305523e-17
"ENSG00000161653","NAGS",0.0894687113335081,0.768722623781787,"NAGS",0.0886447496908172,0.722161535221232
"ENSG00000161677","JOSD2",0.576946572738449,0.000940358048061676,"JOSD2",0.166982522030527,0.360732765470121
"ENSG00000161681","SHANK1",-0.0548824924147382,0.818012208591863,"SHANK1",-0.340952146401628,0.0256634010189422
"ENSG00000161714","PLCD3",0.477307327508413,1.88709427215424e-05,"PLCD3",0.643576144435937,5.37260093812753e-09
"ENSG00000161960","EIF4A1",-0.62164305136632,0.0017221017258086,"EIF4A1",-0.392092773276411,0.0348678476699854
"ENSG00000161980","POLR3K",0.112541690424034,0.368106311108836,"POLR3K",0.0749571282010893,0.581088976847516
"ENSG00000162063","CCNF",-0.59456360519234,1.22991219587833e-07,"CCNF",-0.551167409254745,1.42969254553893e-06
"ENSG00000162073","PAQR4",-0.790191608126944,3.84734871135133e-08,"PAQR4",-0.928906989231099,2.12327935845841e-10
"ENSG00000162104","ADCY9",0.0119586129970673,0.975385939716219,"ADCY9",0.321920025161872,0.0572468164713072
"ENSG00000162236","STX5",0.239931053287058,0.0460935617395573,"STX5",0.105425013510677,0.453181389079575
"ENSG00000162300","ZFPL1",0.20836450771695,0.113397397434508,"ZFPL1",0.0578341961515109,0.735167098548695
"ENSG00000162377","COA7",-0.0561916095191326,0.632503666164313,"COA7",-0.150676237293097,0.114956913308904
"ENSG00000162378","ZYG11B",-0.0294167343313652,0.839399737885133,"ZYG11B",0.126958897811978,0.217895420444538
"ENSG00000162385","MAGOH",-0.210957483144424,0.00859238690660957,"MAGOH",-0.220198144337487,0.00590271275671455
"ENSG00000162408","NOL9",0.24354186962083,0.00252542589537369,"NOL9",0.373381284541422,1.7811765701226e-06
"ENSG00000162458","FBLIM1",0.0671975294262244,0.708782514016919,"FBLIM1",-0.128297225889625,0.387829592046552
"ENSG00000162496","DHRS3",0.681710920255653,0.00616498920802688,"DHRS3",-0.0324963130503067,0.918187041049699
"ENSG00000162520","SYNC",0.146004839516825,0.512846636927762,"SYNC",0.154018407641001,0.396707767173307
"ENSG00000162521","RBBP4",-0.310851236838414,2.4469700605622e-05,"RBBP4",-0.375341673431365,1.73666550410734e-07
"ENSG00000162522","NHSL3",0.277054014072022,0.10108024583915,"NHSL3",0.525663329875996,0.000500866153103583
"ENSG00000162607","USP1",-0.302821760837959,0.00104119850892847,"USP1",-0.287348512034955,0.00155219316991421
"ENSG00000162616","DNAJB4",1.05582695381675,3.2568077425385e-09,"DNAJB4",0.361990517177055,0.0288363171786877
"ENSG00000162627","SNX7",0.168512924466939,0.180579590422276,"SNX7",0.38516901074315,0.000402914771544415
"ENSG00000162645","GBP2",0.908468671543729,5.19558670397179e-05,"GBP2",0.559053019357107,0.0100465734321748
"ENSG00000162714","ZNF496",-0.22169584598066,0.08289568880741,"ZNF496",-0.244632213367015,0.0429615541901305
"ENSG00000162772","ATF3",3.76741863769436,2.53773455758151e-59,"ATF3",2.36553523096512,2.09798777947436e-23
"ENSG00000162775","RBM15",0.00272178752281226,0.996497300457266,"RBM15",0.049057680640571,0.728704791167999
"ENSG00000162885","B3GALNT2",-0.140153477295972,0.253682620686646,"B3GALNT2",0.0323154155605899,0.849831871953027
"ENSG00000162892","IL24",-0.00735265867895377,0.993912927738516,"IL24",0.991020189388766,0.00184055268058409
"ENSG00000162894","FCMR",0.861161663913422,9.7519479239437e-05,"FCMR",0.00498421617681771,0.985849078690517
"ENSG00000162910","MRPL55",0.433738375121138,0.000153098193400335,"MRPL55",0.243140263857464,0.0443430592135383
"ENSG00000162981","LRATD1",1.76794611961338,7.87884550589291e-18,"LRATD1",1.43735791726328,1.62599584930062e-10
"ENSG00000163002","NUP35",-0.324007721221923,0.0104812707748829,"NUP35",-0.0822342937003527,0.600172314455139
"ENSG00000163006","CCDC138",0.228028995926004,0.102137922445677,"CCDC138",0.187532891448294,0.139100452132975
"ENSG00000163071","SPATA18",0.471382155985177,0.0773524365461114,"SPATA18",1.23129261333204,4.08897240948213e-05
"ENSG00000163083","INHBB",-0.941087262211859,0.00015273637717271,"INHBB",-1.44222764950478,3.78159286771154e-05
"ENSG00000163171","CDC42EP3",-0.231608353578239,0.0640302833751959,"CDC42EP3",-0.0324789886377174,0.863044528225583
"ENSG00000163191","S100A11",0.445038367647099,2.71802160143045e-05,"S100A11",0.176851427459273,0.12768577216495
"ENSG00000163216","SPRR2D",1.58712556510375,0.000767703711251414,"SPRR2D",0.209753383833392,0.399511696739635
"ENSG00000163235","TGFA",0.400047425393119,0.00410814946494336,"TGFA",0.628316188374476,3.40485254066626e-06
"ENSG00000163257","DCAF16",0.212178070188178,0.0821468523171325,"DCAF16",0.319027402740404,0.00415419780995017
"ENSG00000163328","GPR155",-0.160193540009137,0.402272831511476,"GPR155",-0.274872834937544,0.137911898234481
"ENSG00000163346","PBXIP1",1.06647495703953,1.06508885409198e-07,"PBXIP1",0.76933815571168,0.000178738579021933
"ENSG00000163428","LRRC58",-0.292449907825081,0.000305591952720962,"LRRC58",-0.10685436203119,0.264024787970843
"ENSG00000163462","TRIM46",0.144688447479421,0.61940812102479,"TRIM46",0.232902391494087,0.305618517168109
"ENSG00000163510","CWC22",-0.254641955308976,0.00132253342405903,"CWC22",-0.10548320593708,0.25073635788764
"ENSG00000163513","TGFBR2",-0.481904132896618,3.64968677068317e-06,"TGFBR2",-0.596223894982424,8.61501155518124e-09
"ENSG00000163535","SGO2",-0.559291760390986,2.62300341210194e-07,"SGO2",-0.444833339033656,3.53119402632503e-05
"ENSG00000163577","EIF5A2",-0.021630366017173,0.914962053735249,"EIF5A2",0.237668857055916,0.036972457308711
"ENSG00000163584","RPL22L1",-0.95126452719697,8.54349473147131e-26,"RPL22L1",-1.14583148389793,1.12380089777749e-36
"ENSG00000163605","PPP4R2",-0.156875222712061,0.0189015907906651,"PPP4R2",-0.0858348873962234,0.261859778526575
"ENSG00000163634","THOC7",-0.246280304510285,0.00241810344038952,"THOC7",-0.116425442677602,0.203539513052951
"ENSG00000163637","PRICKLE2",0.482586019684789,0.000799445044099573,"PRICKLE2",0.101876544190238,0.537301067173443
"ENSG00000163644","PPM1K",0.366841533358302,0.0111321395925709,"PPM1K",1.15880057458722,1.37599528820818e-10
"ENSG00000163659","TIPARP",0.252853720383708,0.0274137021472614,"TIPARP",0.237654368196494,0.0333620319095917
"ENSG00000163660","CCNL1",-0.246877496564932,0.0752301109181798,"CCNL1",-0.269729018746799,0.0394928547171023
"ENSG00000163682","RPL9",-0.0687935845631304,0.688826183250748,"RPL9",-0.271273881317197,0.0280852285597894
"ENSG00000163683","SMIM14",0.203421393608407,0.346084748779401,"SMIM14",-0.0472626154853415,0.854371821715724
"ENSG00000163689","CFAP20DC",0.601311104390876,0.00420640484200377,"CFAP20DC",0.368599135908813,0.0596181038256529
"ENSG00000163702","IL17RC",-0.406823103366052,0.113897435041819,"IL17RC",-0.191493475367546,0.38845696432661
"ENSG00000163704","PRRT3",0.706447616570219,0.000259118041498192,"PRRT3",0.845470316405995,6.46440200304081e-05
"ENSG00000163714","U2SURP",-0.158084670798468,0.0682521392554192,"U2SURP",0.143805643322466,0.100336982890838
"ENSG00000163738","MTHFD2L",-0.0619758576522935,0.738400170676027,"MTHFD2L",-0.163401384661651,0.22301554461971
"ENSG00000163754","GYG1",0.21104522410637,0.10773490758795,"GYG1",0.269048356575817,0.0281974704652831
"ENSG00000163798","SLC4A1AP",0.28556254227361,0.000303228621726933,"SLC4A1AP",0.352085633760553,5.60983538033118e-06
"ENSG00000163811","WDR43",0.179202593095887,0.0161757891334661,"WDR43",0.245046239055844,0.000574357657499789
"ENSG00000163814","CDCP1",-0.252142568511012,0.0532677096827076,"CDCP1",1.30357479687717,1.73443568281354e-08
"ENSG00000163840","DTX3L",0.669713699723687,8.8469845166499e-14,"DTX3L",0.427798472463008,2.03110115991097e-06
"ENSG00000163888","CAMK2N2",-0.721818180772822,8.11022522666834e-06,"CAMK2N2",-0.859775670176177,3.83531257427219e-08
"ENSG00000163918","RFC4",-0.32529444050819,0.00604292406738647,"RFC4",-0.045348463630099,0.7905563641073
"ENSG00000163932","PRKCD",0.119834544138204,0.404837345982925,"PRKCD",0.030071766895199,0.876505584874217
"ENSG00000163938","GNL3",-0.12628284269525,0.403837383767435,"GNL3",0.0186491950709769,0.92885519773273
"ENSG00000163947","ARHGEF3",0.20382815458521,0.278862477605528,"ARHGEF3",0.0604818187121382,0.789975382748305
"ENSG00000163950","SLBP",-0.486157070390478,5.1209542828832e-09,"SLBP",-0.420588482987597,2.44356722929232e-07
"ENSG00000163961","RNF168",0.229308896306998,0.00483493451532889,"RNF168",-0.164309898402904,0.0553124870681488
"ENSG00000163993","S100P",0.349899194951517,0.242347850915504,"S100P",0.426890010693537,0.0983695743824383
"ENSG00000164032","H2AZ1",-0.518632208933015,6.97760844175968e-05,"H2AZ1",-0.182690058861193,0.190165388417068
"ENSG00000164054","SHISA5",0.412235745706438,5.95197156067649e-10,"SHISA5",0.495723496010124,8.65744182909356e-14
"ENSG00000164087","POC1A",-0.142796354007708,0.356572084083486,"POC1A",0.078528544861219,0.638707757409634
"ENSG00000164091","WDR82",-0.115872042923431,0.128548946509697,"WDR82",-0.0153377557586166,0.899102517303507
"ENSG00000164109","MAD2L1",-0.269083611097497,0.0431648883195485,"MAD2L1",-0.0846083162270811,0.601057992142173
"ENSG00000164114","MAP9",0.45220912193408,2.26956556594689e-08,"MAP9",0.244305406754871,0.00344059727056314
"ENSG00000164134","NAA15",-0.289910787109694,2.17873645159923e-08,"NAA15",-0.0532850621145001,0.448931179179298
"ENSG00000164142","FHIP1A",-0.712291687328475,0.000401626120204924,"FHIP1A",-0.0957479808204934,0.633298676602372
"ENSG00000164151","ICE1",-0.130460329695095,0.15426963168449,"ICE1",-0.152274790688853,0.0855259721862396
"ENSG00000164163","ABCE1",-0.104120193939403,0.150583511053874,"ABCE1",0.0240837360710074,0.818315233248274
"ENSG00000164171","ITGA2",-0.112730097869739,0.578474511694034,"ITGA2",-0.101841993648554,0.594327157033008
"ENSG00000164221","CCDC112",0.268135252643542,0.00557855617245147,"CCDC112",0.402332309927991,1.04351926241536e-05
"ENSG00000164237","CMBL",1.19582943913541,1.04380664600942e-34,"CMBL",1.10470669442289,3.12816015197853e-30
"ENSG00000164244","PRRC1",-0.0571613840327821,0.630442900688103,"PRRC1",0.0276222631677833,0.847563262199683
"ENSG00000164284","GRPEL2",-0.171605212973904,0.139741569412617,"GRPEL2",-0.410554603595751,0.000103555500843817
"ENSG00000164294","GPX8",-0.569851777490081,6.96799441503960e-09,"GPX8",-0.341538294749278,0.000513267742430283
"ENSG00000164305","CASP3",0.0674911077453354,0.646102668824493,"CASP3",-0.129782012461307,0.287702275674344
"ENSG00000164306","PRIMPOL",-0.716393709407884,9.03779717837244e-06,"PRIMPOL",-0.294211336350087,0.0412804660742489
"ENSG00000164331","ANKRA2",1.04510708174568,3.11384515276065e-14,"ANKRA2",0.801335708983456,6.08297079103712e-09
"ENSG00000164332","UBLCP1",0.102495189484568,0.370741983094548,"UBLCP1",0.0358305061107603,0.805500852468109
"ENSG00000164346","NSA2",0.0272860115963799,0.822090533081876,"NSA2",0.0481656689228267,0.653329708817784
"ENSG00000164402","SEPTIN8",-0.142938270801601,0.152022295187488,"SEPTIN8",0.00860505549823366,0.952386722367914
"ENSG00000164405","UQCRQ",0.172372788457532,0.140570409318612,"UQCRQ",-0.0475076601721139,0.757773680265983
"ENSG00000164463","CREBRF",0.648030504910109,7.73372223292698e-05,"CREBRF",0.210888796305683,0.204991323855969
"ENSG00000164466","SFXN1",-0.113147192299815,0.141453701659635,"SFXN1",-0.0362099636121848,0.721828165865747
"ENSG00000164543","STK17A",0.340506031763016,0.000332744309726534,"STK17A",0.34268393505933,0.00022903302267462
"ENSG00000164610","RP9",-0.207355386829374,0.0313632316784267,"RP9",-0.175915157630905,0.0745350667618577
"ENSG00000164615","CAMLG",0.411534450513597,0.000202300392816585,"CAMLG",0.0201351544171915,0.917497531960464
"ENSG00000164649","CDCA7L",-0.775352510956273,1.94698318488047e-20,"CDCA7L",-0.325419051898376,0.000113487195282012
"ENSG00000164683","HEY1",0.0281776151658767,0.941876868941766,"HEY1",-0.312790872980154,0.147134024929608
"ENSG00000164713","BRI3",-0.0836825887101058,0.502972761905691,"BRI3",-0.0242936679564707,0.883945950383888
"ENSG00000164741","DLC1",-0.516396901033142,0.000332244251171383,"DLC1",-0.25579057968311,0.0769780684877136
"ENSG00000164754","RAD21",-0.40195925131904,2.06261648806379e-07,"RAD21",-0.268609897129409,0.000668283785573648
"ENSG00000164815","ORC5",-0.218459681975015,0.0425772689918156,"ORC5",0.0170825551710645,0.923446525831743
"ENSG00000164885","CDK5",0.256052305168625,0.0300569261320479,"CDK5",0.166655847438073,0.179583334896115
"ENSG00000164902","PHAX",0.0807339983234359,0.318690946553985,"PHAX",0.0370658751573921,0.708480707705948
"ENSG00000164916","FOXK1",0.208161260563721,0.0749319387409168,"FOXK1",0.402091008426307,0.000203252516961427
"ENSG00000164919","COX6C",0.203729558693878,0.0596353023316603,"COX6C",-0.0442506020830604,0.769950058426831
"ENSG00000164938","TP53INP1",2.51640240510571,3.09479970716505e-51,"TP53INP1",2.26262413770385,1.72280270346288e-37
"ENSG00000164985","PSIP1",-0.528088011877578,5.87042636799436e-07,"PSIP1",-0.378344312058019,0.000302295921271007
"ENSG00000165029","ABCA1",-0.205869547562048,0.34253696829576,"ABCA1",0.0848917787637644,0.712961498316301
"ENSG00000165060","FXN",0.119773444618506,0.260625492844826,"FXN",0.105339384943624,0.353685528077348
"ENSG00000165071","TMEM71",-0.992243072502325,0.00885778080585581,"TMEM71",-0.422141736652571,0.121215175559796
"ENSG00000165119","HNRNPK",-0.416104259602075,1.69140813084267e-14,"HNRNPK",-0.221598404562928,9.52523832877495e-05
"ENSG00000165169","DYNLT3",0.205212545933805,0.105757134427307,"DYNLT3",0.302657858657885,0.010671828275775
"ENSG00000165171","METTL27",0.14906715038768,0.508899759020572,"METTL27",0.299409697161075,0.102955166716965
"ENSG00000165240","ATP7A",0.213991971785103,0.322767046894345,"ATP7A",0.33733511936961,0.0686342888714217
"ENSG00000165244","ZNF367",-1.05636053149151,4.55726436490869e-15,"ZNF367",-0.748418459246745,3.34017515840512e-08
"ENSG00000165280","VCP",-0.190661935375291,0.000415101291329117,"VCP",-0.143669108763538,0.012543634813042
"ENSG00000165355","FBXO33",-0.0830325610820117,0.579250245098794,"FBXO33",0.0349920864114742,0.852996513610555
"ENSG00000165410","CFL2",0.161724641670144,0.211286438025477,"CFL2",0.0731631569300365,0.626786413991491
"ENSG00000165417","GTF2A1",-0.0495581730439726,0.668732551122648,"GTF2A1",0.0425689698392825,0.716177146511976
"ENSG00000165424","ZCCHC24",-0.367359707601129,0.00972020328603091,"ZCCHC24",-0.0701411096668585,0.699947130459948
"ENSG00000165434","PGM2L1",0.589321455590153,3.85147364741357e-05,"PGM2L1",0.569860054221786,4.35212280864608e-05
"ENSG00000165458","INPPL1",0.706959567686601,2.29938885510201e-09,"INPPL1",0.722921704926894,1.99975179530522e-09
"ENSG00000165475","CRYL1",-0.652039802520066,0.00137645843216224,"CRYL1",-1.08682172557013,4.69364117878103e-07
"ENSG00000165480","SKA3",-0.00502024842258047,0.990630330126466,"SKA3",0.180378977548753,0.154428719735503
"ENSG00000165527","ARF6",-0.663751140513841,2.04383289691129e-19,"ARF6",-0.343721094728255,3.70043523627228e-06
"ENSG00000165632","TAF3",0.604541692733647,9.86943113329961e-13,"TAF3",0.490264723157928,1.01314819216862e-08
"ENSG00000165671","NSD1",0.0478763303273908,0.77496004610145,"NSD1",0.182476135329892,0.156911013214688
"ENSG00000165675","ENOX2",-1.38834164460258,3.62541621517043e-39,"ENOX2",-1.32191296202385,6.25432493916889e-37
"ENSG00000165732","DDX21",-0.174500812618539,0.00122861146150276,"DDX21",-0.0261798374713817,0.75013032056801
"ENSG00000165733","BMS1",-0.0472873453971436,0.641630097333416,"BMS1",0.123673588733071,0.130919330869134
"ENSG00000165804","ZNF219",0.385353367756143,0.0018622970687883,"ZNF219",0.303139208538005,0.0112188815036391
"ENSG00000165813","CCDC186",0.371980329730893,0.000337450229667167,"CCDC186",0.212055216859378,0.0528123180119367
"ENSG00000165861","ZFYVE1",0.837382269775143,4.52978263642187e-15,"ZFYVE1",0.88755759762486,1.07081467033252e-13
"ENSG00000165912","PACSIN3",0.423277808809601,2.44152904251569e-05,"PACSIN3",0.60861239709223,3.84148862714551e-10
"ENSG00000165915","SLC39A13",-0.0924488263593711,0.497351625888599,"SLC39A13",0.0571177664853506,0.703168778493345
"ENSG00000165949","IFI27",1.10738736087128,4.0153107553184e-10,"IFI27",1.22811645792821,9.19262768244036e-09
"ENSG00000166123","GPT2",-0.948936008638015,1.17684235333782e-10,"GPT2",-0.69429517503049,1.75795134732801e-06
"ENSG00000166164","BRD7",-0.0471679968579828,0.556317677371868,"BRD7",0.117880637741716,0.0749470747048457
"ENSG00000166166","TRMT61A",0.278332954448612,0.0367416262352528,"TRMT61A",0.0192113285015708,0.930468683521387
"ENSG00000166167","BTRC",-0.0617945329733389,0.696832247297945,"BTRC",0.0135787308719879,0.94186622791049
"ENSG00000166170","BAG5",-0.019524144952456,0.893795817008024,"BAG5",-0.15264152022067,0.107319823716998
"ENSG00000166171","DPCD",0.318622409385903,0.00979057152462614,"DPCD",-0.0425488175035104,0.825764681673975
"ENSG00000166181","API5",-0.112845064983232,0.216726818737763,"API5",-0.153267665408564,0.076253620546367
"ENSG00000166197","NOLC1",-0.167693989999855,0.0166806684695335,"NOLC1",-0.154981609462865,0.0309282767445123
"ENSG00000166200","COPS2",-0.0471060657357505,0.717540429497593,"COPS2",-0.00109743800744285,0.994087997005954
"ENSG00000166226","CCT2",-0.266466465988982,0.00056089069915471,"CCT2",-0.114970573137927,0.193288190465898
"ENSG00000166250","CLMP",-1.02075444830042,2.33411025070715e-20,"CLMP",-0.817615243986499,5.63493903145259e-14
"ENSG00000166272","WBP1L",0.153774276588555,0.103326403220104,"WBP1L",0.113244027802371,0.263714785336842
"ENSG00000166289","PLEKHF1",0.448991806628364,0.00411971509749174,"PLEKHF1",0.255799816516342,0.091784943555562
"ENSG00000166311","SMPD1",0.986392675345002,2.33411025070715e-20,"SMPD1",0.458921375887107,2.86427680270672e-05
"ENSG00000166340","TPP1",0.441940621401205,0.000427275249374389,"TPP1",0.148281927292713,0.307485080925539
"ENSG00000166415","WDR72",0.651366635341557,0.0409899353889613,"WDR72",0.264524120032873,0.279555156292816
"ENSG00000166450","PRTG",0.0807402222544397,0.703047887961579,"PRTG",-0.176154983634034,0.299900486501483
"ENSG00000166452","AKIP1",0.394650141984505,5.49702161381539e-06,"AKIP1",0.401610851369003,4.20330628397876e-06
"ENSG00000166454","ATMIN",0.494468562502496,4.93133844193849e-15,"ATMIN",0.15380728198151,0.0379833468132818
"ENSG00000166483","WEE1",-0.373369875554016,0.00363917025734845,"WEE1",-0.132648360428105,0.362653634702199
"ENSG00000166508","MCM7",-0.661185760290693,2.15674511083835e-10,"MCM7",-0.39996105138773,0.000107589514990298
"ENSG00000166562","SEC11C",0.431586872149304,2.74377420035969e-05,"SEC11C",0.319106807594621,0.0023241852779296
"ENSG00000166582","CENPV",-0.0732109426633334,0.643403774064431,"CENPV",0.0275263279138988,0.885508356390579
"ENSG00000166619","BLCAP",0.835598089333897,3.96375833458581e-15,"BLCAP",0.58303265357675,1.46717958630757e-07
"ENSG00000166681","BEX3",-0.136324871343051,0.149739925604777,"BEX3",-0.230716262971089,0.00678451857710758
"ENSG00000166788","SAAL1",0.116644225816996,0.260520271081187,"SAAL1",0.160724493601522,0.0978825476379711
"ENSG00000166825","ANPEP",-0.603317953673122,1.53021914322653e-06,"ANPEP",-0.723483909211004,1.01977650558432e-08
"ENSG00000166845","C18orf54",-0.284372991156997,0.0353517783319732,"C18orf54",-0.216227674444829,0.109186117838194
"ENSG00000166851","PLK1",-0.603224252565306,3.2863577643901e-06,"PLK1",-0.214183290741518,0.112468902885043
"ENSG00000166886","NAB2",-0.00213917959447228,0.999433637321825,"NAB2",0.267169304399395,0.0725997978806155
"ENSG00000166888","STAT6",-0.193921645866386,0.0076585683030465,"STAT6",-0.116262073700098,0.133902550119731
"ENSG00000166908","PIP4K2C",0.308403759045736,0.0248516343468577,"PIP4K2C",0.404693672659207,0.00182387507516811
"ENSG00000166913","YWHAB",-0.170293079576645,0.00271933128176577,"YWHAB",-0.135189966546731,0.0225528231994198
"ENSG00000166922","SCG5",0.221110207274111,0.324089379308536,"SCG5",0.999767300040165,1.23006300420937e-05
"ENSG00000166938","DIS3L",-0.397553916331598,0.000149909056354079,"DIS3L",0.073749340046864,0.580003153270103
"ENSG00000166963","MAP1A",1.40207325335676,5.256473048109e-14,"MAP1A",0.800366738226924,5.96898695915451e-05
"ENSG00000166974","MAPRE2",0.752704309212506,1.54809300198605e-10,"MAPRE2",0.858424340019541,8.05854989864978e-12
"ENSG00000166986","MARS1",-0.717515163291624,5.92658927872321e-12,"MARS1",-0.534498231958153,2.37812143171325e-07
"ENSG00000167005","NUDT21",-0.867589798401055,6.61467743721214e-14,"NUDT21",-0.369350964026839,0.00111085151097848
"ENSG00000167034","NKX3-1",0.590119107469105,3.6587719919573e-07,"NKX3-1",0.161547064398871,0.219059518402181
"ENSG00000167065","DUSP18",0.253958546674255,0.108540004857968,"DUSP18",-0.151403014788989,0.373695885162863
"ENSG00000167083","GNGT2",0.0373344634788182,0.912911779560291,"GNGT2",0.233949507194614,0.249452507128381
"ENSG00000167088","SNRPD1",-0.380354957413193,2.9061926356783e-05,"SNRPD1",-0.0708024785881757,0.562297966665876
"ENSG00000167105","TMEM92",0.843101206737907,0.0024036066305308,"TMEM92",1.37904213390508,7.79580126078604e-07
"ENSG00000167106","EEIG1",0.570409462249795,0.000168973528494277,"EEIG1",0.629236161800408,3.4603358029014e-05
"ENSG00000167107","ACSF2",0.261247081254589,0.266070362478396,"ACSF2",0.0843055590698346,0.738571878552001
"ENSG00000167110","GOLGA2",0.414568024039247,2.5928765808112e-05,"GOLGA2",0.309074133514901,0.00182387507516811
"ENSG00000167196","FBXO22",0.527896862959233,1.09456483069115e-09,"FBXO22",0.2599912520713,0.00379101927707835
"ENSG00000167283","ATP5MG",0.0464874940855085,0.748840792873809,"ATP5MG",-0.0326000308758773,0.834862332236681
"ENSG00000167378","IRGQ",0.600095646867732,9.88747890526334e-05,"IRGQ",0.339048195649891,0.0246622416112406
"ENSG00000167384","ZNF180",0.0221924985956487,0.923710671004166,"ZNF180",0.10865288678616,0.481353939761931
"ENSG00000167470","MIDN",0.242778563782295,0.0400701615309958,"MIDN",0.196407814519504,0.0973538693403495
"ENSG00000167513","CDT1",0.166771121514758,0.143622917755991,"CDT1",0.0981270892129346,0.435030319590695
"ENSG00000167528","ZNF641",0.526579268751764,0.015770942875047,"ZNF641",0.41259994554075,0.0338765092746662
"ENSG00000167535","CACNB3",0.673714724078812,2.34759292963159e-07,"CACNB3",0.498976178917051,0.000174384596220589
"ENSG00000167543","TP53I13",0.967465942012699,6.94653968703503e-13,"TP53I13",0.756862406242678,7.42422362692839e-08
"ENSG00000167553","TUBA1C",-0.514950238390355,2.71151426758182e-09,"TUBA1C",-0.270256923381489,0.00248597115188508
"ENSG00000167625","ZNF526",-0.0572847690040957,0.78357009357145,"ZNF526",-0.0343803639203488,0.879934260744461
"ENSG00000167635","ZNF146",-0.00646718883099055,0.978212305973007,"ZNF146",-0.00118314266337178,0.993874689744667
"ENSG00000167637","ZNF283",0.320344708335377,0.053984829667939,"ZNF283",0.336030609021946,0.0307642176797029
"ENSG00000167656","LY6D",1.09256309623918,0.012328452216259,"LY6D",0.05807262398408,0.839085071280403
"ENSG00000167695","TLCD3A",-0.00301357162134506,0.996512978493317,"TLCD3A",-0.174990753212847,0.163148922253241
"ENSG00000167703","SLC43A2",1.58500231272335,8.41471630859407e-14,"SLC43A2",1.49229545454511,2.54095694543155e-07
"ENSG00000167721","TSR1",-0.1150911553678,0.0318839178332144,"TSR1",-0.077668438912342,0.189062671476474
"ENSG00000167733","HSD11B1L",0.0356117098319809,0.915912591180174,"HSD11B1L",0.0504238132258648,0.858023828005905
"ENSG00000167740","CYB5D2",0.206257724860426,0.211485427161137,"CYB5D2",-0.121748618900567,0.489684377167077
"ENSG00000167767","KRT80",0.636017653913451,0.00123201628534911,"KRT80",1.91742509958585,2.16089658115443e-19
"ENSG00000167925","GHDC",0.428288071658784,0.0154904959651072,"GHDC",0.272415741224872,0.105325446617389
"ENSG00000167996","FTH1",0.246702981913245,0.144956849236826,"FTH1",-0.283910902662486,0.0665040053233421
"ENSG00000168003","SLC3A2",0.106569548978799,0.533205949664733,"SLC3A2",0.0251126571955761,0.909873235035902
"ENSG00000168016","TRANK1",1.27466751505387,1.81401716569601e-05,"TRANK1",1.37765325363041,3.31637917166886e-05
"ENSG00000168056","LTBP3",0.541205238212598,0.00194989085503419,"LTBP3",0.429397507070683,0.0117116131931153
"ENSG00000168061","SAC3D1",0.72155315845817,5.02325350778121e-09,"SAC3D1",0.351730160002533,0.00432356373533932
"ENSG00000168066","SF1",-0.120221241400321,0.13742885268239,"SF1",0.0266322032305264,0.820910759133148
"ENSG00000168067","MAP4K2",0.0573370028978929,0.800648578254981,"MAP4K2",0.0334180497274,0.890175586708591
"ENSG00000168090","COPS6",-0.0494104228491458,0.55656049197927,"COPS6",-0.120915925815092,0.0859597662827303
"ENSG00000168209","DDIT4",-0.348674596763668,0.110956914535634,"DDIT4",-1.43133084254583,1.58067252491732e-06
"ENSG00000168243","GNG4",-0.260856684276298,0.193109633144405,"GNG4",-0.458844740481669,0.0396285679102205
"ENSG00000168286","THAP11",-0.431873824411016,1.32470273449328e-05,"THAP11",-0.190572105644093,0.0685776152740731
"ENSG00000168298","H1-4",-0.572703945255667,0.0190913925806523,"H1-4",-0.678810705090095,0.0063690016338075
"ENSG00000168385","SEPTIN2",-0.382026884886684,6.5658674453771e-12,"SEPTIN2",-0.404098893897634,2.5750530881166e-13
"ENSG00000168393","DTYMK",-0.442334519181775,0.00010681729237209,"DTYMK",-0.118865453372355,0.375874130335702
"ENSG00000168394","TAP1",1.9048400720138,2.11132789840346e-41,"TAP1",1.53649005913634,7.95657701025778e-27
"ENSG00000168496","FEN1",-0.160232160235489,0.196248135906718,"FEN1",-0.0570239582543476,0.708731003007955
"ENSG00000168566","SNRNP48",-0.115927095584373,0.214521023702951,"SNRNP48",-0.192250339515249,0.023089608125939
"ENSG00000168569","TMEM223",-0.0204182295260966,0.910888888594965,"TMEM223",-0.0171205376161865,0.924694927049468
"ENSG00000168591","TMUB2",0.340010752421562,0.000277797848485136,"TMUB2",-0.0472936092454237,0.742808389091427
"ENSG00000168610","STAT3",1.04435868024361,6.25084688001177e-38,"STAT3",1.03472950155778,4.44492536110208e-36
"ENSG00000168615","ADAM9",-0.2539755554371,0.00373134203286341,"ADAM9",-0.154444965436625,0.117412732742578
"ENSG00000168621","GDNF",0.0538796140917601,0.816374114079984,"GDNF",0.35608643898406,0.0103348097883186
"ENSG00000168710","AHCYL1",-0.428533395718068,2.29955054487241e-10,"AHCYL1",-0.484585918423488,4.79386300470199e-13
"ENSG00000168734","PKIG",-0.259602749150103,0.12504979116098,"PKIG",-0.103765424354722,0.614504006288182
"ENSG00000168778","TCTN2",0.661771553911334,9.8321070123152e-05,"TCTN2",0.351614923845868,0.0337488098511779
"ENSG00000168779","SHOX2",0.228406408729315,0.0136753438830091,"SHOX2",-0.00316586330923414,0.983766198458028
"ENSG00000168792","ABHD15",1.46568032961326,6.08591877404827e-32,"ABHD15",0.786227923575949,3.74079704497732e-09
"ENSG00000168803","MAPDA",-0.034062631791808,0.832184570863124,"MAPDA",0.176083384374711,0.0962017867384538
"ENSG00000168811","IL12A",0.143019651868882,0.618819034997302,"IL12A",0.0468896811076938,0.874583166531297
"ENSG00000168813","ZNF507",-0.0405737801682681,0.83355680600458,"ZNF507",-0.241186675681507,0.0607822851583263
"ENSG00000168824","NSG1",3.05786900744582,4.94341586473594e-16,"NSG1",3.13516908578277,1.25543141992929e-07
"ENSG00000168894","RNF181",0.423771840874516,0.000107224746765459,"RNF181",0.0286038768110889,0.876505584874217
"ENSG00000168904","LRRC28",-0.466048362093434,0.00829211682066399,"LRRC28",-0.464513202616577,0.00627233783421154
"ENSG00000168906","MAT2A",-0.174798934756331,0.159352939476182,"MAT2A",0.00836396789426783,0.961569215624222
"ENSG00000168917","SLC35G2",0.0473307908384733,0.82098638690845,"SLC35G2",-0.0361153380802474,0.863513495172886
"ENSG00000168924","LETM1",0.118994448741304,0.182412539095728,"LETM1",0.329793348617803,1.78398053570668e-05
"ENSG00000169016","E2F6",-0.0101653006009123,0.971664464162751,"E2F6",-0.0804957868487484,0.621657226919319
"ENSG00000169020","ATP5ME",0.0566285234399271,0.652228712276722,"ATP5ME",-0.174942805155133,0.0697705906603355
"ENSG00000169045","HNRNPH1",-0.566429702479749,2.61964742537694e-22,"HNRNPH1",-0.214228564652747,0.000536369733147422
"ENSG00000169118","CSNK1G1",0.331722596250902,0.000269092041762079,"CSNK1G1",0.36967515865371,3.65188727153514e-05
"ENSG00000169169","CPT1C",0.207205468485265,0.485897735361243,"CPT1C",0.0109013516976874,0.970049132830379
"ENSG00000169220","RGS14",0.166033864959609,0.367155018970707,"RGS14",0.558058447045044,0.00027064167667828
"ENSG00000169230","PRELID1",0.0202036499519474,0.874986909842174,"PRELID1",-0.134578575469923,0.119185187532727
"ENSG00000169241","SLC50A1",0.185621339409284,0.20353125540057,"SLC50A1",0.122146911555314,0.417339458935368
"ENSG00000169288","MRPL1",-0.301902543325763,0.00170058428108142,"MRPL1",-0.123688242928516,0.258771912212467
"ENSG00000169359","SLC33A1",-0.110745528741096,0.485926837245922,"SLC33A1",-0.158632296706232,0.256510317103248
"ENSG00000169375","SIN3A",-0.262220782452686,0.00487031249226182,"SIN3A",0.00183254972223775,0.990308179714014
"ENSG00000169379","ARL13B",-0.656859273895868,1.89563697212744e-12,"ARL13B",-0.281537824491661,0.00250335118466965
"ENSG00000169432","SCN9A",-0.81844304077697,0.0115987293496026,"SCN9A",-1.30315107474772,7.86063766446713e-05
"ENSG00000169439","SDC2",1.1087170403293,0.000312060245994371,"SDC2",0.236576405225351,0.316876912935366
"ENSG00000169504","CLIC4",-1.07244939043009,1.82989908716134e-24,"CLIC4",-1.03052714631112,2.24573755181731e-22
"ENSG00000169592","INO80E",0.14376111501811,0.170484422847045,"INO80E",0.142044104385571,0.171952474548647
"ENSG00000169599","NFU1",0.0477602257724705,0.752211303951459,"NFU1",0.128720055887948,0.271908410819514
"ENSG00000169607","CKAP2L",-0.423604506683952,0.000165899729353273,"CKAP2L",-0.16555024017578,0.180119057879822
"ENSG00000169684","CHRNA5",0.190900810631611,0.136170283324375,"CHRNA5",0.127388211819609,0.357617077721116
"ENSG00000169714","CNBP",-0.343428965073,7.55846493947911e-07,"CNBP",-0.41959140369762,8.15502949030717e-10
"ENSG00000169733","RFNG",0.292449790833007,0.0194598885921484,"RFNG",0.305256981743382,0.0115186727710711
"ENSG00000169813","HNRNPF",-0.530280150865683,2.45631148589423e-14,"HNRNPF",-0.322276186177792,6.03604719735691e-06
"ENSG00000169860","P2RY1",-0.47831528959492,0.00337336771651711,"P2RY1",-0.0728643691999998,0.729375659758281
"ENSG00000169992","NLGN2",0.271416220826383,0.082150518559518,"NLGN2",0.102548083266337,0.576311234957922
"ENSG00000170006","TMEM154",-1.05516910521065,6.35360340604823e-20,"TMEM154",-0.606632014656791,1.59985372253688e-07
"ENSG00000170043","TRAPPC1",0.517297335043437,3.77812394524345e-07,"TRAPPC1",0.12910527569643,0.286387898886592
"ENSG00000170074","FAM153A",-0.183161191810818,0.535769948777,"FAM153A",-0.553965263888143,0.0512243966616078
"ENSG00000170144","HNRNPA3",-0.552647369682306,2.47051125776261e-12,"HNRNPA3",-0.182690621766367,0.0346859342378292
"ENSG00000170175","CHRNB1",0.555026589421117,0.00545050954198849,"CHRNB1",0.177606288508352,0.365818708097254
"ENSG00000170214","ADRA1B",-0.489292983959291,0.123865941678762,"ADRA1B",-1.42650769532554,0.0023499757413326
"ENSG00000170345","FOS",0.422579494836127,0.125190690898248,"FOS",0.554369185646302,0.0436257586118276
"ENSG00000170442","KRT86",0.0525228892362097,0.86469853374285,"KRT86",-0.0648718735866062,0.802577287587674
"ENSG00000170464","DNAJC18",0.326374707851601,0.00971431807976648,"DNAJC18",0.514010646554616,3.12400945745108e-05
"ENSG00000170471","RALGAPB",0.220583584490187,0.0255511791232878,"RALGAPB",0.212422226494326,0.0316174485679912
"ENSG00000170485","NPAS2",-1.13128472137493,6.01746641074962e-20,"NPAS2",-1.08462550432801,1.140334318288e-17
"ENSG00000170515","PA2G4",-0.167583703689123,0.00560149148871439,"PA2G4",-0.0380439791737956,0.649372855961192
"ENSG00000170537","TMC7",-0.632843839832288,6.95683194644915e-05,"TMC7",-0.857464183616541,1.27986484322092e-07
"ENSG00000170540","ARL6IP1",-0.225028565723347,0.0545801922309775,"ARL6IP1",-0.359106561414929,0.000880876136136063
"ENSG00000170558","CDH2",-0.403935885475341,0.00823999584905791,"CDH2",-0.215696087541223,0.160905645311822
"ENSG00000170561","IRX2",0.42406223624591,0.00066513189557623,"IRX2",0.192622370377139,0.148014196177128
"ENSG00000170577","SIX2",-0.0471440323572846,0.854368100142169,"SIX2",-0.152411957026505,0.417667327960574
"ENSG00000170581","STAT2",0.582925612187185,4.71832699896667e-05,"STAT2",0.340151694845975,0.0120248735552014
"ENSG00000170584","NUDCD2",-0.496838838399033,1.09025686775752e-05,"NUDCD2",-0.355358355595336,0.00126085832728356
"ENSG00000170606","HSPA4",0.0567473249939722,0.378904132933527,"HSPA4",0.223427616472988,1.15756954920249e-05
"ENSG00000170653","ATF7",0.127481562113668,0.477127078369187,"ATF7",-0.00402595544761674,0.985150555997044
"ENSG00000170734","POLH",0.483698884230739,1.33683167950863e-05,"POLH",0.706877346105274,2.76952638581905e-10
"ENSG00000170779","CDCA4",-0.702816326549083,2.63036500627931e-12,"CDCA4",-0.249354954889649,0.0156850597200226
"ENSG00000170846","MRFAP1L2",0.110083369095721,0.499622515052867,"MRFAP1L2",0.0701991257500011,0.688217747369823
"ENSG00000170852","KBTBD2",-0.22761261779533,0.0191737257826198,"KBTBD2",-0.016113927505263,0.920820143869593
"ENSG00000170855","TRIAP1",0.908942376905752,2.88788501189206e-15,"TRIAP1",0.970977069081873,6.11262220640068e-17
"ENSG00000171016","PYGO1",-0.0714370894341134,0.766705689411833,"PYGO1",-0.0214450188736117,0.935992162562651
"ENSG00000171033","PKIA",-0.348008359568846,0.00204348173899179,"PKIA",-0.0842216404883032,0.536192541425785
"ENSG00000171132","PRKCE",-0.42928886453015,0.000437375813716325,"PRKCE",-0.559001605652659,6.33702108591727e-06
"ENSG00000171160","MORN4",0.386513814968705,0.0303562344305402,"MORN4",0.014168992316973,0.95646666800379
"ENSG00000171174","RBKS",0.493159352240855,0.0624755953717534,"RBKS",0.123681723403671,0.62027454102075
"ENSG00000171208","NETO2",-0.197344716477673,0.00593927016312963,"NETO2",0.0679905327264312,0.453496830553093
"ENSG00000171241","SHCBP1",-0.0461438857283736,0.769455052148342,"SHCBP1",0.120326910466803,0.32813205447098
"ENSG00000171388","APLN",-0.917593205605548,0.000365097349106287,"APLN",-0.569632013128245,0.0240004983273282
"ENSG00000171408","PDE7B",-0.272098635975511,0.293146184640054,"PDE7B",-0.423074495636987,0.0675031063223536
"ENSG00000171425","ZNF581",0.1038987779777,0.453181606039504,"ZNF581",-0.260636659694548,0.0282536329872468
"ENSG00000171444","MCC",0.83775444192616,4.14631046502625e-11,"MCC",0.545867268176582,1.06497741267254e-05
"ENSG00000171466","ZNF562",0.384260170897804,0.000211328817425985,"ZNF562",0.233702774253595,0.028811045244142
"ENSG00000171475","WIPF2",0.0171803760635211,0.903764007661395,"WIPF2",-0.129118403688146,0.170215947356118
"ENSG00000171490","RSL1D1",0.152868644296118,0.0176907899697015,"RSL1D1",-0.0549793297359889,0.498389383158934
"ENSG00000171552","BCL2L1",0.361757165918902,0.0114406537845292,"BCL2L1",0.603785140590304,2.01485188632303e-05
"ENSG00000171566","PLRG1",0.0103371997934395,0.9429085699438,"PLRG1",0.0286864170923021,0.81088194692986
"ENSG00000171612","SLC25A33",-0.0932984919754554,0.522751262255763,"SLC25A33",0.12224749416925,0.367495384217655
"ENSG00000171680","PLEKHG5",0.653110521703759,7.99948330771142e-06,"PLEKHG5",0.80350190187412,1.04540760770957e-07
"ENSG00000171792","RHNO1",0.159671756670966,0.189917661387113,"RHNO1",0.362664483406225,0.000524546129502005
"ENSG00000171813","PWWP2B",1.41413344787634,4.17179252003615e-09,"PWWP2B",0.923164868695671,8.07105504369214e-05
"ENSG00000171858","RPS21",0.0197223387383015,0.927326403957422,"RPS21",-0.206394189095683,0.09910201269074
"ENSG00000171865","RNASEH1",-0.638882225599078,3.55160600192022e-16,"RNASEH1",-0.679026046812992,9.64022483199359e-18
"ENSG00000171889","MIR31HG",0.064841950390576,0.830465353591741,"MIR31HG",0.002559003459287,0.992323346514356
"ENSG00000171903","CYP4F11",-0.109788950269238,0.713633487925948,"CYP4F11",0.0797452822152276,0.753466023333424
"ENSG00000171951","SCG2",-0.0811562270702043,0.77418094239188,"SCG2",-0.00505302731895777,0.985080913958225
"ENSG00000171960","PPIH",-0.427503244926692,0.00138088546585671,"PPIH",-0.352041439784752,0.00661291134176767
"ENSG00000172037","LAMB2",0.529611052473234,0.000110098455729189,"LAMB2",0.551717275427358,3.9603169863965e-05
"ENSG00000172053","QARS1",0.0698900323989242,0.504987569452018,"QARS1",-0.0358332457435764,0.774921238179035
"ENSG00000172062","SMN1",-0.44652436839615,0.0110053440740102,"SMN1",-0.184533431979584,0.287546829333522
"ENSG00000172081","MOB3A",0.157780154713896,0.234892606858397,"MOB3A",0.431225392373529,0.000121304300534208
"ENSG00000172086","KRCC1",-0.517403875110041,0.00094958408783688,"KRCC1",-0.633422200129809,0.000111343494583848
"ENSG00000172115","CYCS",-0.0835416273379599,0.385922014057091,"CYCS",-0.128714141752455,0.14091446747382
"ENSG00000172201","ID4",-0.22184691115683,0.460996100223465,"ID4",-0.241797450771397,0.334247281679787
"ENSG00000172260","NEGR1",-1.17649475071256,3.27726510137632e-06,"NEGR1",-1.2831315041224,7.79580126078604e-07
"ENSG00000172296","SPTLC3",-0.652566067963893,0.000630548257413935,"SPTLC3",-0.297685427194138,0.05807036982564
"ENSG00000172331","BPGM",0.572697043962975,0.00044618948411709,"BPGM",0.106231711707985,0.576304119822671
"ENSG00000172336","POP7",0.261370334721762,0.00360615316563169,"POP7",0.181252881192725,0.0540598148514932
"ENSG00000172428","COPS9",0.558700850049528,2.09781008263267e-14,"COPS9",0.255626354430662,0.00100719110895594
"ENSG00000172465","TCEAL1",0.3059431924849,0.047724264556512,"TCEAL1",0.375454874120814,0.0078429110172305
"ENSG00000172466","ZNF24",0.0157907171876761,0.872050977299211,"ZNF24",0.0297678238293008,0.738917751038323
"ENSG00000172493","AFF1",0.428520247500447,0.000847085202257386,"AFF1",0.340737866997101,0.00733993747829376
"ENSG00000172661","WASHC2C",0.463399533009481,0.000295907270000119,"WASHC2C",0.261553833025601,0.0507139134739115
"ENSG00000172663","TMEM134",0.800217757163457,1.09676438771025e-08,"TMEM134",0.417374953030331,0.00401168385194847
"ENSG00000172667","ZMAT3",0.370397765396379,0.00270281051948911,"ZMAT3",0.304255907681989,0.0125932114418268
"ENSG00000172725","CORO1B",0.0500789237086825,0.752488439005599,"CORO1B",0.0681626427433943,0.640372542680019
"ENSG00000172738","TMEM217",0.217550600072625,0.437794780420242,"TMEM217",0.0663350108513829,0.819554202664525
"ENSG00000172765","TMCC1",-0.0537096250105719,0.775526743808038,"TMCC1",0.0681991383265829,0.688368548909523
"ENSG00000172819","RARG",-0.117548240996924,0.494319796746579,"RARG",0.145656100956582,0.331095128155211
"ENSG00000172831","CES2",0.862109061597774,1.70226278460151e-13,"CES2",0.640980329048294,5.01114935356427e-08
"ENSG00000172889","EGFL7",0.300417295532139,0.152717499262141,"EGFL7",0.148796531498837,0.496009710076767
"ENSG00000172890","NADSYN1",0.634201632840887,1.06117824326908e-07,"NADSYN1",0.387194567419554,0.00123288358341177
"ENSG00000172939","OXSR1",-0.152513237944053,0.0835937704557698,"OXSR1",0.0284012731384804,0.825051552723814
"ENSG00000172992","DCAKD",0.375676624868532,0.00480921914324397,"DCAKD",-0.0674739065823684,0.707843849366188
"ENSG00000173065","FAM222B",0.237905848317452,0.0506034622462496,"FAM222B",0.146189281621808,0.265836845533076
"ENSG00000173085","COQ2",-0.650614632964009,7.79907839448398e-10,"COQ2",-0.162866737610012,0.167687491666133
"ENSG00000173110","HSPA6",2.48847199904595,5.1007519243287e-09,"HSPA6",1.99923066344761,0.00063941326824721
"ENSG00000173145","NOC3L",-0.257473413312802,0.00233288117021047,"NOC3L",-0.211805129849443,0.0139141695894703
"ENSG00000173163","COMMD1",-0.920544462096564,1.08694758122963e-16,"COMMD1",-2.08960294769334,9.69901619859697e-55
"ENSG00000173193","PARP14",0.468860063515405,0.00213522422186303,"PARP14",0.187912673165171,0.232728475577344
"ENSG00000173210","ABLIM3",-0.379746318906243,0.0157069640046373,"ABLIM3",-0.238139393997328,0.12365200447121
"ENSG00000173221","GLRX",0.194567237788059,0.262613419588737,"GLRX",0.40611258883401,0.00659117509939699
"ENSG00000173327","MAP3K11",0.404654513026407,0.000124225990008487,"MAP3K11",0.226352115206018,0.0507093916089514
"ENSG00000173402","DAG1",-0.602959931943261,7.80400528718682e-07,"DAG1",-0.162566948498612,0.21288168650749
"ENSG00000173442","EHBP1L1",-0.0361449987277086,0.877769860073777,"EHBP1L1",-0.0487793738513874,0.825051552723814
"ENSG00000173473","SMARCC1",-0.422093821573791,2.34393239344677e-10,"SMARCC1",-0.210863979774455,0.00271494432901847
"ENSG00000173511","VEGFB",-0.260713331041319,0.0133586708101301,"VEGFB",-0.331201182513049,0.00074685236339297
"ENSG00000173517","PEAK1",-0.479477641251011,4.34872799262384e-06,"PEAK1",-0.133505441541659,0.267725980436562
"ENSG00000173546","CSPG4",-0.185200877610315,0.327844025910979,"CSPG4",-0.366580122753876,0.027345696684368
"ENSG00000173548","SNX33",0.457708420644275,0.000180350550918262,"SNX33",-0.100365120924746,0.534748562924974
"ENSG00000173559","NABP1",0.1047609997085,0.523945606897918,"NABP1",0.206892272686913,0.128684981399209
"ENSG00000173581","CCDC106",0.561812705713692,0.00065932153134403,"CCDC106",0.599145106850174,0.000574357657499789
"ENSG00000173588","CEP83",-0.3649370607225,0.00548498978053036,"CEP83",-0.481158083071951,0.000131675012243127
"ENSG00000173614","NMNAT1",0.120560623952378,0.573762231345589,"NMNAT1",-0.131938387941132,0.49821977011181
"ENSG00000173638","SLC19A1",-0.304140674206312,0.0136643568296447,"SLC19A1",-0.0272156539644832,0.891937497809129
"ENSG00000173674","EIF1AX",-0.286452574007591,0.000111919753787371,"EIF1AX",-0.172611289046018,0.0291031381255582
"ENSG00000173692","PSMD1",-0.237354847251008,1.9284553136342e-06,"PSMD1",-0.228234469832089,6.33733412774871e-06
"ENSG00000173705","SUSD5",0.232026761848874,0.0953088054381025,"SUSD5",0.197639111875513,0.125226009521438
"ENSG00000173821","RNF213",-0.145680938031946,0.250843387353319,"RNF213",-0.119132761136178,0.354769881226277
"ENSG00000173846","PLK3",1.05333176124011,8.89256933411502e-19,"PLK3",1.2842825573448,5.44499778631351e-26
"ENSG00000173852","DPY19L1",-0.318724537447435,0.00221717130155351,"DPY19L1",-0.546624636598838,5.76867258070849e-08
"ENSG00000173894","CBX2",-0.224787481437695,0.204615926384545,"CBX2",-0.0990992648466837,0.606925378093303
"ENSG00000173915","ATP5MK",-0.0736945895076531,0.473681618962789,"ATP5MK",-0.310526778752984,7.30200969034777e-05
"ENSG00000173960","UBXN2A",0.112578638569256,0.305970486745415,"UBXN2A",0.322298789382658,0.000323524720283568
"ENSG00000173992","CCS",1.04922462255962,7.98461160209502e-13,"CCS",0.699812811928101,9.61445600032677e-07
"ENSG00000174007","CEP19",0.601714498645268,0.000538971590079638,"CEP19",0.784015878357705,7.09511347679065e-06
"ENSG00000174013","FBXO45",-0.283039693961053,0.000205638539054621,"FBXO45",-0.228202730259886,0.00359693718945346
"ENSG00000174132","FAM174A",-0.0430088818509928,0.878329431704628,"FAM174A",0.0597451234349884,0.811735405602172
"ENSG00000174165","ZDHHC24",0.855152101363762,3.40359498039737e-12,"ZDHHC24",0.361406764853241,0.00425169493144504
"ENSG00000174282","ZBTB4",0.271327247911569,0.0243481240335516,"ZBTB4",0.297312157495924,0.0101876967558155
"ENSG00000174307","PHLDA3",0.876591529652641,1.00543317075368e-10,"PHLDA3",1.24962717403041,6.86799248610983e-20
"ENSG00000174442","ZWILCH",-0.329305561038375,0.000284099952351666,"ZWILCH",0.00390901315539012,0.979425509463585
"ENSG00000174579","MSL2",-0.421910638479103,5.12997376931484e-08,"MSL2",-0.25673528985384,0.00136522261355511
"ENSG00000174652","ZNF266",0.795250647918268,8.4909455409424e-06,"ZNF266",0.538526599419082,0.000843856809522768
"ENSG00000174684","B4GAT1",0.73591293771103,1.90080307781942e-12,"B4GAT1",0.432528378895685,3.68824525201992e-05
"ENSG00000174718","RESF1",-0.108338890979234,0.560694220587704,"RESF1",-0.0691917629572347,0.72252456192847
"ENSG00000174738","NR1D2",-0.832812249852643,1.6299279832436e-19,"NR1D2",-0.801221900896259,1.29036164928133e-18
"ENSG00000174791","RIN1",0.746810533961594,1.46472934916839e-19,"RIN1",0.566477023653802,4.34741237337773e-12
"ENSG00000174799","CEP135",0.141030689151043,0.177752481819238,"CEP135",0.41213534267631,2.06177095811733e-06
"ENSG00000175182","FAM131A",0.0322696450670806,0.862736851720308,"FAM131A",0.33236220101338,0.00348330322077194
"ENSG00000175203","DCTN2",-0.108828205036421,0.148056919955447,"DCTN2",-0.0903713734305796,0.254410571329378
"ENSG00000175265","GOLGA8A",-0.0595167827865791,0.829374950044082,"GOLGA8A",-0.0533147939483512,0.832356285009933
"ENSG00000175279","CENPS",-0.234926552374921,0.0465181122581747,"CENPS",-0.316572822783524,0.00418722596303505
"ENSG00000175305","CCNE2",-0.325652852869706,0.02651032936891,"CCNE2",-0.527220782087614,0.000200900062255183
"ENSG00000175334","BANF1",-0.0660465862034225,0.552175504621048,"BANF1",-0.076209658407293,0.475681428487364
"ENSG00000175348","TMEM9B",0.264036763241967,0.00305446133195501,"TMEM9B",0.279304705525843,0.00149247045992149
"ENSG00000175352","NRIP3",0.165787458816278,0.280415482124754,"NRIP3",0.254724621088106,0.0620377294747624
"ENSG00000175354","PTPN2",-0.202739967993757,0.0180155474683338,"PTPN2",-0.153373148040175,0.0809967266547523
"ENSG00000175387","SMAD2",-0.308303783929838,1.96183122366853e-05,"SMAD2",-0.11003520275656,0.19958249979247
"ENSG00000175414","ARL10",-0.793358031542397,0.0216152401207049,"ARL10",0.16369205081537,0.470694436988006
"ENSG00000175550","DRAP1",0.032522719588088,0.798099127261023,"DRAP1",-0.232099514934501,0.00584630129581454
"ENSG00000175573","C11orf68",0.121833983217806,0.418481663022113,"C11orf68",-0.0274522496338425,0.892133489843765
"ENSG00000175582","RAB6A",-0.0748884732930637,0.486731847733572,"RAB6A",0.043160184496206,0.726126834307719
"ENSG00000175600","SUGCT",1.5613095813011,5.07363986407919e-18,"SUGCT",2.05069002207447,4.66678234856127e-28
"ENSG00000175611","ERCC6L2-AS1",0.0257789092322113,0.930174356399089,"ERCC6L2-AS1",0.298985705238262,0.063676507949041
"ENSG00000175634","RPS6KB2",-0.0902709313841679,0.517486637848771,"RPS6KB2",-0.18981869045903,0.122349874207999
"ENSG00000175662","TOM1L2",-0.0779347665522595,0.700838251546162,"TOM1L2",-0.0109944543379877,0.960079655006957
"ENSG00000175764","TTLL11",-1.2314806473932,7.63725100034753e-11,"TTLL11",-1.16574963553164,6.26353254359205e-11
"ENSG00000175768","TOMM5",-0.104010147854088,0.70132707641174,"TOMM5",-0.185974872039883,0.3847882033256
"ENSG00000175792","RUVBL1",-0.348070893231804,5.46294628956063e-07,"RUVBL1",-0.149134162051288,0.0533726054241378
"ENSG00000175793","SFN",1.46578368420108,8.54722642487816e-13,"SFN",3.11989787046507,6.33389996775438e-43
"ENSG00000175854","SWI5",0.1014939045373,0.499311453973123,"SWI5",-0.0450620212705748,0.797042071631107
"ENSG00000175906","ARL4D",0.346362020643745,0.0163034710970056,"ARL4D",0.459888349868493,0.000475149597315785
"ENSG00000175931","UBE2O",0.104696468196904,0.39083333624033,"UBE2O",0.0196930897487448,0.910987164007372
"ENSG00000175938","ORAI3",0.96443160934607,7.99043956398408e-07,"ORAI3",0.831113241255073,3.10757652714474e-05
"ENSG00000176018","LYSMD3",0.233266702687483,0.116551048609837,"LYSMD3",0.0909882495949847,0.602828806274393
"ENSG00000176040","TMPRSS7",2.50761709668254,1.04015280542982e-09,"TMPRSS7",3.39415460420129,2.05978186101482e-12
"ENSG00000176092","CRYBG2",1.42298789673341,0.000270081090700833,"CRYBG2",4.15791838627421,1.21239978055732e-09
"ENSG00000176102","CSTF3",0.177686812634685,0.0394085554584371,"CSTF3",0.22229371971107,0.0063690016338075
"ENSG00000176124","DLEU1",0.188370650345206,0.189653449001093,"DLEU1",0.155541409031182,0.266310981303283
"ENSG00000176148","TCP11L1",0.801167334847503,1.13055450219162e-06,"TCP11L1",0.437690962195924,0.00732036118727486
"ENSG00000176261","ZBTB8OS",-0.233323314203971,0.0190199309329115,"ZBTB8OS",-0.41412295512227,9.42051947250349e-06
"ENSG00000176619","LMNB2",-0.627043492003239,2.45490795395934e-11,"LMNB2",-0.189065384446148,0.0647220431529426
"ENSG00000176731","RBIS",0.0578275510994966,0.641299224385853,"RBIS",-0.0891990357752602,0.424567469356287
"ENSG00000176871","WSB2",0.0434511325276207,0.753890248648504,"WSB2",0.0513352129652391,0.706074831931015
"ENSG00000176894","PXMP2",-0.343643969691826,0.0133868262236076,"PXMP2",-0.500835361205806,0.000167253817344592
"ENSG00000176903","PNMA1",0.228152548575797,0.0415833221615056,"PNMA1",0.444719588616942,1.83777989048306e-05
"ENSG00000176973","FAM89B",0.533575409148303,2.79778828549283e-08,"FAM89B",0.254810488672295,0.0182005311081997
"ENSG00000177000","MTHFR",0.656675872493464,0.000200090325221858,"MTHFR",0.608474420193344,0.00164712607712435
"ENSG00000177106","EPS8L2",1.1423549556106,9.12173480047082e-09,"EPS8L2",1.46229176071978,2.16040340126634e-13
"ENSG00000177150","FAM210A",-0.0782611884122767,0.434257067366103,"FAM210A",-0.139594364857677,0.116781546638423
"ENSG00000177156","TALDO1",-0.161958267813889,0.107279677011181,"TALDO1",-0.101087849872792,0.357617077721116
"ENSG00000177189","RPS6KA3",-0.584218707294275,4.46197917505293e-08,"RPS6KA3",-0.382992005138179,0.000473588240350526
"ENSG00000177192","PUS1",-0.554258096125349,3.02113276914426e-06,"PUS1",-0.54545903730821,1.03640641957925e-05
"ENSG00000177234","LINC01561",-0.573414967524445,0.0364670561239931,"LINC01561",-0.287222009320392,0.210103737477779
"ENSG00000177239","MAN1B1",0.379384264977746,0.00179660050970799,"MAN1B1",0.0471826900647385,0.796142261527894
"ENSG00000177363","LRRN4CL",-0.0411488835663963,0.916379974161843,"LRRN4CL",-0.327195343109036,0.212894240296112
"ENSG00000177409","SAMD9L",0.187415831025906,0.317326061024105,"SAMD9L",0.140895712874025,0.440639938745855
"ENSG00000177425","PAWR",-0.0436357244615281,0.74363111440075,"PAWR",0.281815111323723,0.00150920212990053
"ENSG00000177427","MIEF2",0.384819873553636,0.021663780931226,"MIEF2",0.598842566860665,0.000568725459155667
"ENSG00000177432","NAP1L5",0.245693027496898,0.0911408663300497,"NAP1L5",0.292141276714256,0.0516928446469202
"ENSG00000177508","IRX3",0.213563865721218,0.223288165136823,"IRX3",-0.100536716403665,0.602943442216608
"ENSG00000177565","TBL1XR1",-0.351569703171364,1.18577953514376e-09,"TBL1XR1",-0.116705257520973,0.0801512488972495
"ENSG00000177570","SAMD12",-1.16273708625231,0.00126700747607538,"SAMD12",-0.117683597002841,0.630855436295322
"ENSG00000177613","CSTF2T",-0.151438241929,0.166140625410587,"CSTF2T",-0.149993975903404,0.163038930159287
"ENSG00000177674","AGTRAP",0.813214961696189,1.82247803331899e-13,"AGTRAP",0.704990222308587,1.42036394571622e-10
"ENSG00000177692","DNAJC28",1.68006752085775,3.75010990655155e-05,"DNAJC28",0.458000036309942,0.105957208856177
"ENSG00000177728","TMEM94",0.0984489768984103,0.623243779284173,"TMEM94",0.0613484547639099,0.77063350256739
"ENSG00000177731","FLII",0.0884455920000443,0.532410192930522,"FLII",0.0287023070195828,0.87573329449233
"ENSG00000177733","HNRNPA0",-0.509559656977453,1.44178282259912e-12,"HNRNPA0",-0.388540542129991,7.63674929844737e-08
"ENSG00000177889","UBE2N",-0.537547734344799,3.90163370774231e-09,"UBE2N",-0.384017530207764,2.57160674474989e-05
"ENSG00000177917","ARL6IP6",-1.02335707718866,1.04637078679168e-12,"ARL6IP6",-0.78188807912963,3.2532398159661e-08
"ENSG00000177946",NA,0.407773490100295,0.00097429139721963,NA,-0.0937976700636188,0.534580226076621
"ENSG00000177963","RIC8A",0.314397742609439,0.00110072801168405,"RIC8A",0.174788034045771,0.091476855507859
"ENSG00000178033","CALHM5",0.252902236212322,0.202115307879112,"CALHM5",0.264776435777892,0.146301346184535
"ENSG00000178053","MLF1",0.646485747309714,4.21421416914009e-10,"MLF1",0.41873231256205,0.000124313480868594
"ENSG00000178078","STAP2",0.794711043869638,0.00151383215544379,"STAP2",1.04218615119097,0.000388070304693328
"ENSG00000178104","PDE4DIP",-0.234937147627004,0.0775064116025447,"PDE4DIP",0.294344813315681,0.0159812825201467
"ENSG00000178149","DALRD3",-0.136882799600482,0.374878305717484,"DALRD3",-0.127525820294233,0.380304088498789
"ENSG00000178177","LCORL",-0.710894166590819,3.86565844630274e-10,"LCORL",-0.623974168480092,2.83920715569704e-08
"ENSG00000178252","WDR6",0.0185614215742589,0.907767987045574,"WDR6",0.175641347842338,0.0748695398769861
"ENSG00000178409","BEND3",-0.422400840831159,0.00934763834043499,"BEND3",-0.829062816208592,7.11542313762131e-06
"ENSG00000178498","DTX3",0.497810454435088,0.00039084963493133,"DTX3",0.595419191751202,1.81365559031203e-05
"ENSG00000178537","SLC25A20",0.88118510857532,6.30697024357203e-06,"SLC25A20",0.861531169254707,1.61081968717696e-05
"ENSG00000178685","PARP10",1.60311494537687,6.09294845150817e-10,"PARP10",1.30065104057245,7.40034650830999e-07
"ENSG00000178691","SUZ12",-0.254223551873786,1.61700217627989e-05,"SUZ12",-0.00958722090081731,0.929807074116013
"ENSG00000178695","KCTD12",-0.165874907213299,0.317096328841427,"KCTD12",0.192571745245303,0.213086354675683
"ENSG00000178719","GRINA",1.0915782993233,6.81019846466553e-30,"GRINA",0.837908188835708,3.49167636140864e-17
"ENSG00000178927","CYBC1",0.274479842202323,0.0206963752170837,"CYBC1",0.30090090685894,0.00844311535517305
"ENSG00000178966","RMI1",-0.31785612922913,0.0118931395070327,"RMI1",-0.292640911133477,0.0151382121102098
"ENSG00000178971","CTC1",1.03226066116859,1.41994492377307e-11,"CTC1",0.937676761366061,3.65295301971561e-08
"ENSG00000178980","SELENOW",0.581939267345446,8.0276167455526e-06,"SELENOW",0.353129774567026,0.0061031550205874
"ENSG00000179029","TMEM107",0.329909611916563,0.0140421787710054,"TMEM107",0.426925559816424,0.000600301091653976
"ENSG00000179046","TRIML2",0.731476116844417,5.76514418912875e-05,"TRIML2",0.944780935747592,0.0022427063640062
"ENSG00000179152","TCAIM",1.05092070878606,4.56134100334508e-17,"TCAIM",1.01810665246501,2.4643189955787e-14
"ENSG00000179163","FUCA1",2.49650342176337,3.99349541951718e-42,"FUCA1",1.99261865855255,4.48792794663287e-33
"ENSG00000179222","MAGED1",0.279966113181701,0.010742349356929,"MAGED1",0.310465660371715,0.00346591479348644
"ENSG00000179241","LDLRAD3",-0.488570346700856,4.56819021740683e-06,"LDLRAD3",-0.320606524500311,0.00340726144675354
"ENSG00000179242","CDH4",-4.98371012578153,1.3374656666578e-11,"CDH4",-3.37191920854763,1.24290600632405e-17
"ENSG00000179409","GEMIN4",-0.00771251678666348,0.977474889873881,"GEMIN4",0.014006500621864,0.938773508911115
"ENSG00000179431","FJX1",-0.315563011709822,0.0114814283115502,"FJX1",-0.0900474032788133,0.543746181569626
"ENSG00000179526","SHARPIN",0.052561155147678,0.762565287714876,"SHARPIN",-0.0993628894858313,0.494966456839818
"ENSG00000179528","LBX2",0.587473026215451,0.0524025529321591,"LBX2",0.300066676410662,0.235426261757526
"ENSG00000179630","LACC1",0.727368105722462,8.20866392959416e-05,"LACC1",0.525020303755415,0.00266631766143334
"ENSG00000179673","RPRML",0.0163097579662761,0.976216824018305,"RPRML",0.22089792746583,0.373122050107522
"ENSG00000179743","SPEN-AS1",0.191123679803752,0.239942055879504,"SPEN-AS1",0.13073443501703,0.418972098408497
"ENSG00000179832","MROH1",0.058943298702627,0.818901221324256,"MROH1",0.204307676864019,0.263942170885847
"ENSG00000179918","SEPHS2",-0.094770592673945,0.266070362478396,"SEPHS2",-0.0614623206804123,0.516538381194591
"ENSG00000179933","C14orf119",0.201528183599885,0.0731673797885128,"C14orf119",-0.102855702721591,0.420999053179692
"ENSG00000179958","DCTPP1",-0.423307515128047,0.000239804866438782,"DCTPP1",-0.390503528401799,0.00050703721828673
"ENSG00000180044","C3orf80",0.0440789985440233,0.9035624373354,"C3orf80",-0.101678008375115,0.691747567583209
"ENSG00000180104","EXOC3",0.32160735128796,3.9632667002638e-05,"EXOC3",0.170882053937844,0.0447341721846501
"ENSG00000180155","LYNX1",2.32027051137606,1.31146789125287e-05,"LYNX1",2.01908283017545,4.22118191968753e-06
"ENSG00000180178",NA,-0.267478031954425,0.316789150779706,NA,-0.23609778975357,0.299900486501483
"ENSG00000180198","RCC1",-0.450627681579492,7.35915799274832e-06,"RCC1",0.0197388591022513,0.911798147567284
"ENSG00000180263","FGD6",0.28646158318576,0.0253894961116468,"FGD6",0.325928102678456,0.0096077352119609
"ENSG00000180329","CCDC43",0.229839455796653,0.000426300831981336,"CCDC43",0.103348219801597,0.177992735509785
"ENSG00000180346","TIGD2",0.262272120161979,0.040627666790924,"TIGD2",0.143759407114683,0.295573432909089
"ENSG00000180354","MTURN",1.20911703147185,7.4873904677741e-17,"MTURN",1.10402629378429,2.70666421433885e-08
"ENSG00000180370","PAK2",-0.135070712877804,0.0977159213348823,"PAK2",0.0875354096047162,0.326780509129852
"ENSG00000180488","MIGA1",0.480834953270906,2.79563648709574e-06,"MIGA1",0.475351892005785,3.68153703976157e-06
"ENSG00000180537","RNF182",0.00695083697331098,0.990128411449264,"RNF182",0.160806804185865,0.354763096169574
"ENSG00000180596","H2BC4",-0.362211302590008,0.0794088468238975,"H2BC4",-0.273800833003598,0.14663782288467
"ENSG00000180611","MB21D2",-0.0422458248198871,0.840408373281933,"MB21D2",0.19967749553906,0.172933506218748
"ENSG00000180806","HOXC9",0.649526695513914,2.22873218807988e-21,"HOXC9",0.250115482089356,0.000987914441954613
"ENSG00000180818","HOXC10",0.775150915948008,4.37131402543505e-10,"HOXC10",0.209861154142962,0.115281605660348
"ENSG00000180891","CUEDC1",0.152999081466283,0.226291801966138,"CUEDC1",0.316395819943398,0.00374821749127149
"ENSG00000180921","FAM83H",6.29257706834461,4.04619000486229e-20,"FAM83H",3.94822286185347,2.83506962805858e-09
"ENSG00000180957","PITPNB",-0.356515758033861,4.29102401225208e-10,"PITPNB",-0.240947893217493,4.3789374106463e-05
"ENSG00000180964","TCEAL8",-0.0917830247857571,0.461015633705651,"TCEAL8",0.0590279003084036,0.660758357306341
"ENSG00000181019","NQO1",0.06805783149167,0.747901284104186,"NQO1",-0.0207057560758637,0.930468683521387
"ENSG00000181163","NPM1",-0.613686207680399,1.57569316438006e-15,"NPM1",-0.613503699922198,1.75846028155879e-15
"ENSG00000181218","H2AC25",0.11730940012679,0.597610451255918,"H2AC25",-0.00392940750535224,0.987538929620484
"ENSG00000181274","FRAT2",0.2081245364851,0.246089480984238,"FRAT2",-0.0661377097004581,0.756749019753773
"ENSG00000181381","DDX60L",0.294298308122532,0.0636137172387955,"DDX60L",0.568429873443164,0.000121559711956921
"ENSG00000181433","SAGE1",0.0704249832241467,0.793872355292925,"SAGE1",0.223805587730883,0.199268952150397
"ENSG00000181610","MRPS23",0.0201397793503615,0.925136110439142,"MRPS23",-0.11015672740376,0.441671741016476
"ENSG00000181690","PLAG1",-0.402225807906192,0.011121657464884,"PLAG1",-0.122873657741735,0.469326253754251
"ENSG00000181722","ZBTB20",-0.124275122881209,0.519571233392219,"ZBTB20",-0.0519506870843109,0.813730657554189
"ENSG00000181744","DIPK2A",0.0499403218689655,0.742086289272147,"DIPK2A",-0.168882109059381,0.153969972520863
"ENSG00000181788","SIAH2",-0.397599120830875,0.00101043400220791,"SIAH2",-0.488050770077486,5.29068622571279e-05
"ENSG00000181789","COPG1",0.170634953366705,0.195715007220239,"COPG1",0.0410877392383906,0.821326217204567
"ENSG00000181830","SLC35C1",0.508336512352362,0.000294712217672596,"SLC35C1",0.104970139483504,0.556000505029019
"ENSG00000181938","GINS3",0.0264544940368012,0.900608371209524,"GINS3",-0.269609562960253,0.0413343918290998
"ENSG00000182010","RTKN2",-0.678423543942742,5.04414038276038e-06,"RTKN2",0.0330553484815511,0.878704284082242
"ENSG00000182150","ERCC6L2",-0.495741047169963,7.73595643155674e-07,"ERCC6L2",-0.430838718072193,1.1015180189536e-05
"ENSG00000182165","TP53TG1",1.22661511533306,2.2685209947422e-10,"TP53TG1",1.52439783639717,3.84967422629713e-13
"ENSG00000182199","SHMT2",-0.620047299638466,1.35795130518698e-14,"SHMT2",-0.497696007542577,5.22141833642953e-10
"ENSG00000182220","ATP6AP2",0.907700839075568,2.34433026906119e-25,"ATP6AP2",0.449500591901696,3.40454443601698e-07
"ENSG00000182307","C8orf33",-0.0523003051851946,0.638683040080548,"C8orf33",-0.145303012695775,0.104589766752485
"ENSG00000182372","CLN8",0.570270645347862,7.36750818849395e-07,"CLN8",0.142777485362084,0.309627844912185
"ENSG00000182459","TEX19",0.229793044359525,0.388439703469488,"TEX19",-0.240610381313861,0.272767001616759
"ENSG00000182473","EXOC7",0.355906120143002,0.000677931205448958,"EXOC7",0.245018406121929,0.0234468692694697
"ENSG00000182481","KPNA2",-0.213652308151032,0.0504084942060096,"KPNA2",-0.110735111050675,0.365778431789874
"ENSG00000182504","CEP97",-0.135767021524821,0.247797292693769,"CEP97",0.0319604203571849,0.840660672415555
"ENSG00000182512","GLRX5",-0.0938004863897486,0.306736649710912,"GLRX5",-0.247432949433756,0.00130534274343604
"ENSG00000182541","LIMK2",0.320203244685766,0.0170555132418108,"LIMK2",0.154149153355886,0.296108919762691
"ENSG00000182544","MFSD5",0.461328900740791,6.1094804071218e-09,"MFSD5",0.358974803969321,1.87078664935791e-05
"ENSG00000182612","TSPAN10",2.13086733366333,2.33046412183696e-22,"TSPAN10",1.92002367842527,4.34409479953317e-15
"ENSG00000182742","HOXB4",-0.19003450470592,0.187443299983146,"HOXB4",0.0713189356215887,0.684079648232622
"ENSG00000182749","PAQR7",0.227147464440556,0.147764358108043,"PAQR7",0.165053492608978,0.299900486501483
"ENSG00000182809","CRIP2",0.19843219323265,0.166465564170467,"CRIP2",0.123593928714387,0.405647063808885
"ENSG00000182810","DDX28",-0.172994542830486,0.272060602252013,"DDX28",-0.14012348400211,0.364065162629159
"ENSG00000182827","ACBD3",0.284597019596481,3.07446674757049e-05,"ACBD3",0.260922919168744,0.000163358146292375
"ENSG00000182944","EWSR1",-0.244812791799138,0.000498884325347834,"EWSR1",0.0133871873150938,0.916329294850374
"ENSG00000182957","SPATA13",-0.0595270487941978,0.818067482855368,"SPATA13",0.212072110059098,0.232705676064646
"ENSG00000183010","PYCR1",-0.965747230172771,4.58819312187362e-15,"PYCR1",-1.00336414681402,1.00751398278658e-15
"ENSG00000183077","AFMID",0.465071721965892,0.000126264416750951,"AFMID",-0.297267480403442,0.0185578933346048
"ENSG00000183137","CEP57L1",-0.454412052080325,1.57830512064726e-06,"CEP57L1",-0.438274382807979,2.88490643469026e-06
"ENSG00000183186","C2CD4C",-0.196438759055047,0.511371421424235,"C2CD4C",-0.0933722516994979,0.72728581306272
"ENSG00000183255","PTTG1IP",-0.0802752490520834,0.612775762930491,"PTTG1IP",0.0120149466758475,0.948757702774832
"ENSG00000183337","BCOR",0.261742571446179,0.0556330259238008,"BCOR",0.11614779281571,0.457662476930758
"ENSG00000183354","BRD10",-0.115899878535539,0.315026074904478,"BRD10",-0.186743406327461,0.0697257277933848
"ENSG00000183475","ASB7",-0.113425540989501,0.489829266175571,"ASB7",-0.0164023385620252,0.937567255568002
"ENSG00000183513","COA5",0.25260792398726,0.0840276766211994,"COA5",0.0587897013040561,0.760029620065122
"ENSG00000183527","PSMG1",-0.438125470831131,4.0279871107033e-08,"PSMG1",-0.128921262955218,0.159599386200358
"ENSG00000183597","TANGO2",0.29971852453723,0.0895123043199474,"TANGO2",0.103871240855084,0.602789258270338
"ENSG00000183605","SFXN4",0.0908292063743238,0.386974506072194,"SFXN4",0.146827652897161,0.127810896419121
"ENSG00000183615","FAM167B",-0.0465259409588802,0.90234417670637,"FAM167B",-0.901622643966601,0.0208129814451018
"ENSG00000183688","RFLNB",0.31350707232714,0.00245467455931772,"RFLNB",0.371993279983761,0.0002723105188931
"ENSG00000183762","KREMEN1",0.111765067203781,0.682430848250495,"KREMEN1",-0.261132410436981,0.280164670062994
"ENSG00000183779","ZNF703",0.0581579450305828,0.800905511751107,"ZNF703",-0.0970682722463919,0.619275160828988
"ENSG00000183826","BTBD9",-0.825491494867907,5.07810097459115e-06,"BTBD9",-0.76983140290895,7.88871712601404e-05
"ENSG00000183828","NUDT14",0.664302834724294,1.82806095186607e-05,"NUDT14",0.3170763017364,0.0361741138279557
"ENSG00000183864","TOB2",0.157517094369131,0.29487964023097,"TOB2",-0.109282597068745,0.486897902484024
"ENSG00000183963","SMTN",0.195101310071853,0.170843795394605,"SMTN",0.0427501694931051,0.826720435198578
"ENSG00000184007","PTP4A2",-0.631427187983119,3.31409137062907e-30,"PTP4A2",-0.433177515041125,6.37098423708895e-15
"ENSG00000184056","VPS33B",-0.083890522278111,0.705889033327562,"VPS33B",-0.141172570579866,0.444594100705307
"ENSG00000184117","NIPSNAP1",-0.137314503640469,0.461241147948697,"NIPSNAP1",-0.323186986585511,0.0335319900767377
"ENSG00000184156","KCNQ3",-0.148513403592825,0.635984442635091,"KCNQ3",-0.470034913250682,0.102955166716965
"ENSG00000184194","GPR173",-0.348434345003609,0.083128205927802,"GPR173",-0.137828747693984,0.506851095795472
"ENSG00000184205","TSPYL2",1.50785716536104,2.53639950419602e-15,"TSPYL2",1.74288065089636,4.56258621559904e-18
"ENSG00000184220","CMSS1",-1.42578663370174,4.99326959128038e-79,"CMSS1",-1.37000090419441,2.09936319003554e-74
"ENSG00000184260","H2AC20",-0.943559456866587,0.00010049537368043,"H2AC20",-0.986664619662024,5.45919240317243e-05
"ENSG00000184270","H2AC21",-0.70074527980347,0.0110857138817533,"H2AC21",-0.583559081315433,0.0204733700468643
"ENSG00000184277","TM2D3",0.0295504596894932,0.859614541537775,"TM2D3",-0.184871450364787,0.0982994277585494
"ENSG00000184319",NA,0.653951902447629,0.000695065811244523,NA,0.917565200470925,1.00638683432166e-05
"ENSG00000184363","PKP3",0.622311862747479,0.000794574321910927,"PKP3",0.933563393532254,2.51458734472517e-06
"ENSG00000184497","TMEM255B",0.539390669442817,0.0554837604837316,"TMEM255B",0.533831179358131,0.0183678690028502
"ENSG00000184500","PROS1",-0.182659326017937,0.477132971663169,"PROS1",-0.0500698244870563,0.864439646599756
"ENSG00000184508","HDDC3",-0.00295788343207913,0.996374941533887,"HDDC3",0.245212870052763,0.0187013973064321
"ENSG00000184557","SOCS3",-0.273367327624805,0.158086988511622,"SOCS3",-0.135943302976879,0.493006865701506
"ENSG00000184574","LPAR5",0.378922081238097,0.202146087605567,"LPAR5",1.41869610041342,0.0001268083759002
"ENSG00000184575","XPOT",-0.589613583615121,2.89800264022023e-11,"XPOT",-0.46305343338467,1.75338280798899e-07
"ENSG00000184584","STING1",0.883898697826808,4.01408076692993e-12,"STING1",0.746780197877806,1.65430815224589e-08
"ENSG00000184619","KRBA2",1.29623647997685,9.40171843286758e-06,"KRBA2",1.1183405297257,0.000265559081734296
"ENSG00000184867","ARMCX2",0.178638238682813,0.206673913760114,"ARMCX2",0.398924006799765,0.00109984697438707
"ENSG00000184897","H1-10",-0.261344737789231,0.0580857221881498,"H1-10",-0.144780058110319,0.3227783215752
"ENSG00000184939","ZFP90",1.07847362641553,1.97769555320323e-05,"ZFP90",0.0368003908548915,0.908213660534092
"ENSG00000184988","TMEM106A",1.15766690432822,1.23866977294067e-08,"TMEM106A",0.902809899304066,8.53819952654225e-06
"ENSG00000184990","SIVA1",-0.416260070543269,0.0011692557093279,"SIVA1",-0.359327066278029,0.00401918936659973
"ENSG00000184992","BRI3BP",-0.33542187064336,0.00019476859890319,"BRI3BP",0.0714793431862679,0.538047985293381
"ENSG00000184995","IFNE",0.0449533997422555,0.906040677595515,"IFNE",0.0978481556839775,0.71410460906371
"ENSG00000185022","MAFF",-0.0776278815588504,0.625106556482216,"MAFF",-0.411017566065146,0.00046316655176486
"ENSG00000185043","CIB1",0.214744416142152,0.0218045686156459,"CIB1",0.128913027204039,0.217075846257926
"ENSG00000185085","INTS5",0.703381742604825,8.06960106849343e-10,"INTS5",0.825375816258422,2.32902052597786e-12
"ENSG00000185088","RPS27L",0.480690487537918,0.000289920573578149,"RPS27L",0.515206886639781,8.18557948594334e-05
"ENSG00000185129","PURA",-0.241616345324209,0.00226020359855053,"PURA",-0.237279088821448,0.00252760152446331
"ENSG00000185163","DDX51",-0.270411826966758,0.0554490800327581,"DDX51",-0.239559725531857,0.0878878901166902
"ENSG00000185222","TCEAL9",-0.0882886639821291,0.405896167119533,"TCEAL9",-0.0153669669493023,0.919039775096596
"ENSG00000185238","PRMT3",-0.533954794823729,0.000240191445293965,"PRMT3",-0.548759348270009,0.000122226389693371
"ENSG00000185246","PRPF39",-0.392767428544117,0.00501534709620281,"PRPF39",-0.769571451699804,1.27875493687084e-07
"ENSG00000185340","GAS2L1",-0.000806053109576772,0.999769847841042,"GAS2L1",0.000107466988272199,0.99943582539409
"ENSG00000185344","ATP6V0A2",-0.106168813250575,0.491309504798365,"ATP6V0A2",0.0412447113201535,0.819010261142708
"ENSG00000185386","MAPK11",-0.0368026148018937,0.869677229500223,"MAPK11",-0.148897750500457,0.364012929435116
"ENSG00000185420","SMYD3",-1.17435201440757,2.36451728375141e-13,"SMYD3",-1.62104768879014,2.8705476264429e-24
"ENSG00000185515","BRCC3",-0.436416562750806,6.17152873096990e-09,"BRCC3",-0.20172574718181,0.0131465275846122
"ENSG00000185532","PRKG1",-1.09627242393203,8.92011997998924e-05,"PRKG1",-0.300194299290148,0.170293418924105
"ENSG00000185567","AHNAK2",-0.000467449211417353,0.999769847841042,"AHNAK2",-0.369594751153117,0.0662902684169188
"ENSG00000185591","SP1",-0.208436662412333,0.0319700925386458,"SP1",0.029394614471066,0.842586275514526
"ENSG00000185614","INKA1",1.3898824189705,1.18083445168223e-07,"INKA1",0.0259543808156696,0.932300384165897
"ENSG00000185624","P4HB",0.053428120551712,0.588800632296852,"P4HB",-0.19611153466691,0.00930261681695519
"ENSG00000185634","SHC4",1.37214084821275,6.8558782255139e-07,"SHC4",2.16023593718979,5.51741648827126e-17
"ENSG00000185650","ZFP36L1",-0.150248718739019,0.210969536603342,"ZFP36L1",-0.228800229314479,0.0344558329881514
"ENSG00000185651","UBE2L3",-0.517318187578487,4.92027565342748e-12,"UBE2L3",-0.290861721051835,0.00016618527340258
"ENSG00000185686","PRAME",-0.116956387970443,0.370952052182708,"PRAME",-0.0068907680281585,0.967639090635463
"ENSG00000185745","IFIT1",0.689338801983333,0.00613653844358979,"IFIT1",0.5862385341201,0.0202439383705041
"ENSG00000185753","CXorf38",0.023046724551211,0.915252890566757,"CXorf38",-0.0457620141683055,0.811357178039215
"ENSG00000185803","SLC52A2",0.366493451366537,0.000298266569043309,"SLC52A2",0.408485759913086,4.6689042326745e-05
"ENSG00000185813","PCYT2",-0.71979591081445,1.17130639959048e-06,"PCYT2",-0.297464238442605,0.0401889249636719
"ENSG00000185860","CCDC190",0.683716489926061,0.0036707938080496,"CCDC190",1.6551621259929,3.25687560695433e-08
"ENSG00000185880","TRIM69",0.0191176228553078,0.945776975987625,"TRIM69",-0.0762329328842154,0.691798126006853
"ENSG00000185904","LINC00839",0.46392720009599,8.80308294532433e-05,"LINC00839",0.24557124328438,0.0498603184389279
"ENSG00000185909","KLHDC8B",0.727243117733918,0.00283228627618267,"KLHDC8B",0.868024062461053,0.000295890458516354
"ENSG00000186162","CIDECP1",0.553376950035875,0.0030263493561163,"CIDECP1",-0.0708454397912334,0.760165294085879
"ENSG00000186185","KIF18B",-0.727024216596448,1.42910247092385e-06,"KIF18B",-0.381209533345872,0.00759571084345822
"ENSG00000186193","SAPCD2",-0.749185970658455,2.34900984918982e-06,"SAPCD2",-0.358329541504413,0.0162073939310537
"ENSG00000186298","PPP1CC",-0.0174667820180532,0.87376899723074,"PPP1CC",-0.100295128189378,0.199069300668095
"ENSG00000186364","NUDT17",-0.0207152568774936,0.953602429327997,"NUDT17",0.263832292970443,0.150705220287902
"ENSG00000186395","KRT10",-0.236527504100924,0.0414607509645628,"KRT10",-0.0452573423260361,0.781148090480506
"ENSG00000186468","RPS23",-0.104106267545403,0.329296504246888,"RPS23",-0.254104201487951,0.00418088158080605
"ENSG00000186532","SMYD4",-0.0083079494302607,0.975672492709397,"SMYD4",0.0739456640573642,0.600923246160952
"ENSG00000186687","LYRM7",-0.648456872511622,1.12516950291156e-17,"LYRM7",-0.75700899044451,4.72810736481545e-23
"ENSG00000186767","SPIN4",-0.196078709175196,0.0806856380199213,"SPIN4",-0.00610369908054842,0.970504691957456
"ENSG00000186862","PDZD7",0.295832578868251,0.257342965123885,"PDZD7",0.300640100971078,0.191720245509747
"ENSG00000186951","PPARA",-0.0472192972591196,0.866130632632632,"PPARA",-0.456940678247295,0.0178077461961545
"ENSG00000187024","PTRH1",0.199215942477043,0.146597786378397,"PTRH1",0.0400210610378983,0.843112674736486
"ENSG00000187098","MITF",1.32126001780252,1.03000167349034e-15,"MITF",2.30577307768475,2.2440325300197e-41
"ENSG00000187109","NAP1L1",-0.382872260997128,1.58889605289098e-15,"NAP1L1",-0.387201881819179,5.54957770040728e-16
"ENSG00000187134","AKR1C1",1.21948488524112,0.00145293749145863,"AKR1C1",1.79781188460083,3.28321017171594e-05
"ENSG00000187147","RNF220",-0.173407992849741,0.00737934279500564,"RNF220",0.0690017541068633,0.378614789486261
"ENSG00000187446","CHP1",0.143855715932859,0.185963504904032,"CHP1",0.0126544830520724,0.939434830153389
"ENSG00000187498","COL4A1",-0.0119432425881384,0.974611163509839,"COL4A1",-0.0573848505407084,0.795849439962897
"ENSG00000187514","PTMA",-0.514616494652653,3.09920313481167e-10,"PTMA",-0.352278562572523,1.88657869162322e-05
"ENSG00000187522","HSPA14",-0.558250179919484,3.60585441915396e-05,"HSPA14",-0.117721886657837,0.451402730329096
"ENSG00000187531","SIRT7",0.348645979898777,0.00734969649573279,"SIRT7",0.224023334963043,0.0976307473142701
"ENSG00000187555","USP7",-0.193429911103282,0.0170931077759955,"USP7",-0.00923129768826009,0.943631439705213
"ENSG00000187583","PLEKHN1",0.761302121904368,3.1604088035725e-08,"PLEKHN1",1.01048103994825,1.07572205868456e-10
"ENSG00000187608","ISG15",1.95258535697614,1.01626569209588e-29,"ISG15",1.33096710147926,5.63493903145259e-14
"ENSG00000187676","B3GLCT",-0.450639990231046,0.000119212652963396,"B3GLCT",-0.536192509022262,5.50251240360051e-06
"ENSG00000187688","TRPV2",-0.267785762799293,0.0472589572387365,"TRPV2",-0.284515695639063,0.033109747773842
"ENSG00000187735","TCEA1",-0.405006204707409,0.000907922815981372,"TCEA1",-0.256495883240643,0.0362397426923042
"ENSG00000187736","NHEJ1",-0.355393515556721,0.0281028201497429,"NHEJ1",-0.281296170140637,0.0703157213047805
"ENSG00000187837","H1-2",-0.157650323151382,0.378260245170501,"H1-2",-0.175121286703855,0.277498239944034
"ENSG00000187840","EIF4EBP1",-0.761451100723094,4.24776392994131e-13,"EIF4EBP1",-0.779575372044081,2.14144954707357e-13
"ENSG00000187908","DMBT1",1.355567425924,0.00171381517529636,"DMBT1",0.977334265751728,0.00956918212677559
"ENSG00000187957","DNER",-0.577612964642682,4.85887232435167e-07,"DNER",-0.473985986913575,2.13036645485519e-05
"ENSG00000187994","RINL",1.17203880715935,7.78009246760657e-07,"RINL",1.16147208100855,9.19262768244036e-09
"ENSG00000188026","RILPL1",-0.155725877403221,0.415146834489725,"RILPL1",-0.277116408371673,0.0882231920523079
"ENSG00000188153","COL4A5",0.462788505893657,0.0172291506210538,"COL4A5",-0.0872328439231536,0.73317789045609
"ENSG00000188186","LAMTOR4",0.167847830606126,0.192344191395546,"LAMTOR4",0.206048236562312,0.0852252358396554
"ENSG00000188215","DCUN1D3",0.620601833841452,6.83168033430481e-05,"DCUN1D3",0.684376042899493,2.22725274408803e-05
"ENSG00000188290","HES4",-0.425293950967971,0.0400309456270892,"HES4",-0.29510345771282,0.144075394984751
"ENSG00000188313","PLSCR1",-0.179283335996528,0.132123388268535,"PLSCR1",-0.106943524508041,0.397044540124904
"ENSG00000188352","FOCAD",-0.325975858139965,0.000479304550623454,"FOCAD",-0.339902935888193,0.000242086632225415
"ENSG00000188486","H2AX",-0.571308054963684,1.31742525448668e-06,"H2AX",-0.0812717658207332,0.597801820122503
"ENSG00000188501","LCTL",-0.710289640434482,0.000563781409291927,"LCTL",-0.395401346892568,0.0258306029389372
"ENSG00000188529","SRSF10",-0.503912222570512,1.16293024420536e-18,"SRSF10",-0.37543206666293,3.64521486732254e-11
"ENSG00000188643","S100A16",-0.297121836828365,0.000700059766365022,"S100A16",-0.442448969655226,1.50264558016963e-07
"ENSG00000188677","PARVB",-0.307234214040042,0.00192117910547232,"PARVB",-0.366359692852131,0.000119793231374467
"ENSG00000188706","ZDHHC9",0.953679291854957,9.08447216999408e-21,"ZDHHC9",1.06605408155836,4.6338139455408e-22
"ENSG00000188766","SPRED3",-0.637125519259522,0.00393971122794811,"SPRED3",-0.263229864995533,0.184594127154449
"ENSG00000188818","ZDHHC11",0.424539031472223,0.120517633194145,"ZDHHC11",0.525875892558118,0.0541666129171088
"ENSG00000188895","MSL1",0.0771926431450574,0.408799692746412,"MSL1",0.0816250241714272,0.379503193181194
"ENSG00000188976","NOC2L",0.0622833221172172,0.520158754318851,"NOC2L",0.112252898602373,0.195188778669154
"ENSG00000188994","ZNF292",-0.170327466112652,0.0812797483376637,"ZNF292",-0.242372624062543,0.00781491154724297
"ENSG00000189043","NDUFA4",0.467448310998536,5.80442243502185e-06,"NDUFA4",0.184428797120028,0.0994728581944273
"ENSG00000189057","FAM111B",-1.40513147616536,3.09975555597683e-22,"FAM111B",-1.3927663378339,5.50543034862836e-22
"ENSG00000189060","H1-0",-1.42663838358075,6.78302160058161e-21,"H1-0",-0.670792091627525,7.00288418061377e-06
"ENSG00000189077","TMEM120A",0.589263094240192,3.4119920465491e-06,"TMEM120A",0.579651073072491,1.21004301577221e-05
"ENSG00000189136",NA,0.469267922749773,0.0294377694537668,NA,0.178384068316088,0.380050128794667
"ENSG00000189195","BTBD8",0.353736074605075,0.0926083314626992,"BTBD8",0.129144396511059,0.562214907745137
"ENSG00000189212",NA,-0.0986800257620534,0.738112928623332,NA,-0.799072107543349,0.00266547460805765
"ENSG00000189229","LOC105376944",-0.667728903981372,0.00350449146724686,"LOC105376944",-0.407450312069887,0.0396703624650816
"ENSG00000189241","TSPYL1",0.382545885493294,7.49897623886807e-05,"TSPYL1",-0.125020688811502,0.307446037745421
"ENSG00000189266","PNRC2",-0.095552584646258,0.464646352533989,"PNRC2",0.224342644905639,0.0341585268791966
"ENSG00000189275","LINC01164",5.31472999940704,1.05278391309103e-13,"LINC01164",3.57363606779603,3.96454158883596e-12
"ENSG00000189299","FOXR2",0.0636399102682159,0.732176250794122,"FOXR2",-0.158241569228888,0.282241400249983
"ENSG00000189308","LIN54",-0.0724171206939284,0.699107137101639,"LIN54",0.237075166304185,0.0758210558610177
"ENSG00000189403","HMGB1",-0.309039003413979,0.00889733372319469,"HMGB1",-0.179884433268274,0.147027854451757
"ENSG00000196072","BLOC1S2",0.620761432688025,4.58819312187362e-15,"BLOC1S2",0.479795950052365,2.24391892419418e-09
"ENSG00000196110","ZNF699",1.32228760932936,5.69645794452043e-06,"ZNF699",1.91058756522633,2.72743395161366e-17
"ENSG00000196116","TDRD7",0.0229004785624897,0.940077618077688,"TDRD7",0.194661690702761,0.273091134620551
"ENSG00000196152","ZNF79",1.9525314028233,2.26138589758794e-10,"ZNF79",0.730633331310984,0.011068847944788
"ENSG00000196155","PLEKHG4",1.68032755382533,3.19268781923238e-11,"PLEKHG4",1.50193623575415,2.08082380178213e-07
"ENSG00000196208","GREB1",2.66008002048291,2.51181728984565e-39,"GREB1",2.22609244301161,4.53470524607755e-25
"ENSG00000196290","NIF3L1",-0.215734132362622,0.155024899314305,"NIF3L1",0.0220131297963696,0.920949417351549
"ENSG00000196363","WDR5",-0.169441386855528,0.0428569063557137,"WDR5",0.0325550128941454,0.795439092726109
"ENSG00000196391","ZNF774",0.71824785735229,0.000656897897404914,"ZNF774",1.37001810634652,2.06076610327094e-07
"ENSG00000196418","ZNF124",0.313458392564983,0.0463456226638736,"ZNF124",0.208569902520519,0.189056205143098
"ENSG00000196507","TCEAL3",0.288662753653735,0.0268004710621707,"TCEAL3",0.405089420112824,0.000927407302095662
"ENSG00000196535","MYO18A",0.230911290671312,0.0971754983526669,"MYO18A",0.233957704866281,0.0778666535102266
"ENSG00000196544","BORCS6",0.138578090997483,0.385982726290853,"BORCS6",0.131795516012704,0.406987584903546
"ENSG00000196576","PLXNB2",0.8081594875416,1.44592519892785e-12,"PLXNB2",1.02655054785175,4.46771701205288e-19
"ENSG00000196581","AJAP1",-0.592091967519179,0.000531238759602082,"AJAP1",-0.0785261683485403,0.706531055551469
"ENSG00000196584","XRCC2",-0.307384157863448,0.0164298407177063,"XRCC2",-0.100657908698055,0.503709679189397
"ENSG00000196586","MYO6",0.514231242676414,8.38015765092821e-08,"MYO6",0.29256413025901,0.00302117460091883
"ENSG00000196591","HDAC2",-0.0547682015770586,0.467959551726433,"HDAC2",0.116461097035006,0.0693221763637822
"ENSG00000196593",NA,-0.172950087722849,0.415146834489725,NA,-0.0541074065255343,0.819010261142708
"ENSG00000196604","POTEF",-0.36133966387802,0.182269733603865,"POTEF",-0.579450534345938,0.0300151407223583
"ENSG00000196611","MMP1",0.352841639088655,0.197479666546561,"MMP1",0.202285971803534,0.408332892975416
"ENSG00000196663","TECPR2",-0.0223041519163692,0.920638378887151,"TECPR2",-0.165829773793163,0.225720109080846
"ENSG00000196683","TOMM7",0.223407132340406,0.0353373301488904,"TOMM7",0.0690441674422794,0.608977821413274
"ENSG00000196700","ZNF512B",0.200752651478614,0.104071196862336,"ZNF512B",0.730721121523961,2.82139966849934e-11
"ENSG00000196704","AMZ2",0.37083102992518,0.000355327886944833,"AMZ2",0.242249875329417,0.0240068002026673
"ENSG00000196715","VKORC1L1",-0.789380611994797,1.70663695409563e-23,"VKORC1L1",-0.483366142516276,5.22141833642953e-10
"ENSG00000196743","GM2A",0.900739496793179,1.45056900999099e-13,"GM2A",0.921797623657519,1.56696868320204e-12
"ENSG00000196756","SNHG17",-0.280644055420658,0.012474481984992,"SNHG17",-0.611247126477225,3.31878219760671e-08
"ENSG00000196776","CD47",0.181057584196445,0.027839779448345,"CD47",0.15999299984113,0.0608614925344365
"ENSG00000196923","PDLIM7",0.160134310001763,0.261795997130318,"PDLIM7",0.190916973787418,0.147147279341001
"ENSG00000196967","ZNF585A",0.431543543905118,0.0535063623070572,"ZNF585A",0.0206245847105129,0.941483724464474
"ENSG00000196975","ANXA4",0.534996541420574,0.000129429203127973,"ANXA4",0.159126329590475,0.301389784623424
"ENSG00000196976","LAGE3",0.504185113824917,7.9004518333246e-07,"LAGE3",0.196182679809686,0.0757820369286885
"ENSG00000197019","SERTAD1",1.92496456546687,9.53370382335146e-41,"SERTAD1",1.26192796211019,5.88469296632553e-18
"ENSG00000197043","ANXA6",-0.558755196366207,9.86422252522166e-06,"ANXA6",-0.767022288079863,3.8230900448565e-09
"ENSG00000197061","H4C3",-1.20922660936909,9.13748692139888e-11,"H4C3",-0.772379480829172,2.9356597516713e-05
"ENSG00000197063","MAFG",-0.459517134372294,4.75032385193143e-05,"MAFG",-0.247631001050183,0.0317656172972774
"ENSG00000197077","KIAA1671",-0.123619212146198,0.367157367293637,"KIAA1671",-0.138069916322392,0.283760673852512
"ENSG00000197102","DYNC1H1",-0.0672351680686828,0.647513285271643,"DYNC1H1",-0.0594734906867866,0.686685125782038
"ENSG00000197324","LRP10",0.274394815781667,0.0158753542579586,"LRP10",0.251421739488934,0.0246092333535266
"ENSG00000197381","ADARB1",-0.113057276790336,0.449089137947459,"ADARB1",-0.447716164657247,0.000314775039012312
"ENSG00000197429","IPP",0.307953631631161,0.0278982666284973,"IPP",0.187145627163863,0.204914555381404
"ENSG00000197451","HNRNPAB",-0.407137090184504,1.39512998794379e-09,"HNRNPAB",-0.279644230520316,5.01140908768866e-05
"ENSG00000197498","RPF2",-0.138649151008015,0.0514479255108259,"RPF2",-0.211835461369026,0.00147764777801044
"ENSG00000197594","ENPP1",-0.308295760144935,0.167568560836142,"ENPP1",-0.355114476325945,0.0775256624387554
"ENSG00000197601","FAR1",-0.472821508705722,7.35854194748275e-09,"FAR1",-0.297912397871445,0.000430889955292399
"ENSG00000197603","CPLANE1",0.199744937759739,0.101785982736912,"CPLANE1",0.186840142710626,0.107523514101574
"ENSG00000197632","SERPINB2",1.78288457018586,2.9826717745673e-06,"SERPINB2",2.48455487296366,7.57095329218945e-11
"ENSG00000197694","SPTAN1",0.429748280529387,0.000123214591314953,"SPTAN1",0.338595328041146,0.00244372062585898
"ENSG00000197712","FAM114A1",-0.292477129621112,0.0514941575946395,"FAM114A1",-0.532442230720656,0.000251747647588906
"ENSG00000197747","S100A10",0.300351663536006,0.0131044179181475,"S100A10",0.169721079916811,0.186003376875724
"ENSG00000197756","RPL37A",0.0553488204090537,0.622390022600276,"RPL37A",-0.113674438251936,0.2297309108724
"ENSG00000197757","HOXC6",0.0154183228105734,0.948633103951721,"HOXC6",0.235402352036112,0.063179987821978
"ENSG00000197771","MCMBP",-0.591638590092583,3.00427979955668e-10,"MCMBP",-0.158254478157752,0.124153646198922
"ENSG00000197852","INKA2",2.39027755813484,2.57132779137679e-53,"INKA2",2.16727902412533,5.45162360924375e-47
"ENSG00000197879","MYO1C",0.147749322034216,0.150277171663092,"MYO1C",0.21344352534233,0.0266387299744289
"ENSG00000197892","KIF13B",-0.214661440719472,0.213358506676309,"KIF13B",-0.643834933855844,2.57295863019772e-05
"ENSG00000197930","ERO1A",-0.548280275971731,8.70804301881314e-15,"ERO1A",-0.357572971705885,5.82103041639498e-07
"ENSG00000197948","FCHSD1",0.66008596116659,9.64390219485635e-05,"FCHSD1",0.323021880585954,0.0504375625885577
"ENSG00000197978","GOLGA6L9",-0.189381956128882,0.492051611740022,"GOLGA6L9",-0.278588783898687,0.242594910221776
"ENSG00000197982","C1orf122",0.788939178392055,9.09731492292173e-21,"C1orf122",0.423992601438744,7.4136977586886e-07
"ENSG00000197989","SNHG12",0.137908915037756,0.422577597650316,"SNHG12",0.109380335253519,0.518622956722967
"ENSG00000198001","IRAK4",0.0674795600127553,0.701895418238145,"IRAK4",0.0381643792089621,0.842115205508452
"ENSG00000198015","MRPL42",-0.325852662530351,4.77287510357944e-07,"MRPL42",-0.321939475596517,9.33271524671527e-07
"ENSG00000198042","MAK16",-0.0812575241456497,0.471550965283437,"MAK16",-0.137318187466301,0.165847790422191
"ENSG00000198053","SIRPA",0.266891020695125,0.0502922622962089,"SIRPA",0.404742462425686,0.00233110420682333
"ENSG00000198056","PRIM1",-0.511304133404734,0.00198048475379426,"PRIM1",-0.289480551914743,0.0665454458034252
"ENSG00000198074","AKR1B10",2.67948038012959,1.49403909743022e-15,"AKR1B10",2.01745471656992,7.92648988520214e-09
"ENSG00000198131","ZNF544",0.231654929851193,0.0475992743413716,"ZNF544",0.343241446908933,0.00154767386004561
"ENSG00000198146","ZNF770",0.0639861320799458,0.438302007391576,"ZNF770",-0.032181781320738,0.754892307661198
"ENSG00000198171","DDRGK1",1.08993478436851,1.21066042220732e-44,"DDRGK1",1.343677094179,1.84213215974757e-62
"ENSG00000198176","TFDP1",-0.330702025562798,0.000770832351119851,"TFDP1",-0.15365280430863,0.155855089765522
"ENSG00000198242","RPL23A",-0.0206756263251359,0.855851895158212,"RPL23A",0.0441281865939672,0.654119140826188
"ENSG00000198258","UBL5",0.245564612346231,0.0124682405554652,"UBL5",0.0220658339822012,0.892815784818872
"ENSG00000198301","SDAD1",0.0218268156290499,0.79286583566049,"SDAD1",-0.059128270385344,0.386100850529432
"ENSG00000198353","HOXC4",0.46880631158194,0.0309863228688903,"HOXC4",-0.0783853979699202,0.754219156082992
"ENSG00000198380","GFPT1",-0.0440520779840513,0.763194146456733,"GFPT1",0.2268359839897,0.0239364299742593
"ENSG00000198393","ZNF26",0.158337765855583,0.326223151257761,"ZNF26",-0.197291711355101,0.184263693942824
"ENSG00000198498","TMA16",-0.226383516541607,0.00348871186611766,"TMA16",-0.100441532871872,0.263714785336842
"ENSG00000198546","ZNF511",-0.421084726598351,8.35455853975903e-07,"ZNF511",-0.0895939799432698,0.395828857014893
"ENSG00000198554","WDHD1",-0.00267361479919602,0.997859300783231,"WDHD1",0.0831275407761481,0.543832891721003
"ENSG00000198573","SPANXC",1.86949470665805,1.01336866067814e-10,"SPANXC",2.98150705669255,1.47863501114002e-24
"ENSG00000198586","TLK1",-0.155006213547224,0.169002633103746,"TLK1",-0.0589381345433527,0.664117932719147
"ENSG00000198604","BAZ1A",0.223170166317014,0.000405969503685847,"BAZ1A",0.390259553043745,1.09400476377451e-10
"ENSG00000198624","CCDC69",-0.281033855080428,0.1918882995889,"CCDC69",-0.449556215913603,0.0219450536060928
"ENSG00000198625","MDM4",-0.360672199275421,0.00183923762359254,"MDM4",-0.454146374369007,4.48907564558957e-05
"ENSG00000198673","TAFA2",0.0689903067440819,0.846771212303474,"TAFA2",-0.234193181592003,0.337208468123037
"ENSG00000198695","MT-ND6",-3.04791423942807,1.14502548646294e-51,"MT-ND6",-2.84499827926548,1.68324806022926e-45
"ENSG00000198715","GLMP",0.736905411915988,8.39385470831594e-07,"GLMP",0.835726642336779,9.52047891724582e-08
"ENSG00000198721","ECI2",-0.0972034579436613,0.447778109546286,"ECI2",-0.232297447571129,0.0319101612677935
"ENSG00000198722","UNC13B",-0.0253651503225193,0.93594791588082,"UNC13B",-0.493392269355899,0.00956891298696155
"ENSG00000198768","APCDD1L",-2.09304473567625,2.23147825130316e-09,"APCDD1L",-1.75717377853002,3.14221116333922e-15
"ENSG00000198816","ZNF358",0.198484536174601,0.147434445954679,"ZNF358",0.105727107822423,0.489518448283465
"ENSG00000198818","SFT2D1",0.483692144018895,1.04324629563454e-07,"SFT2D1",0.538721281986274,3.81463021221414e-09
"ENSG00000198825","INPP5F",-0.480426174825301,5.88161643229505e-05,"INPP5F",-0.0680499271233049,0.660683977229686
"ENSG00000198832","SELENOM",1.35275506201857,7.00267990474045e-16,"SELENOM",1.17100434648291,2.59615885211866e-10
"ENSG00000198890","PRMT6",-0.153869150785251,0.316041467408349,"PRMT6",0.00527879728318401,0.979701116922306
"ENSG00000198892","SHISA4",1.09087184582703,8.37566246904002e-09,"SHISA4",0.888678323207545,1.21004301577221e-05
"ENSG00000198899","MT-ATP6",0.460517050488801,0.0011100229622728,"MT-ATP6",0.795394390666792,3.68586109534756e-08
"ENSG00000198901","PRC1",-0.719328801971265,6.20369502170963e-07,"PRC1",-0.168109028974769,0.269813857265027
"ENSG00000198912","C1orf174",-0.433774703349814,7.894940986734e-05,"C1orf174",-0.290716816623635,0.00920356051826999
"ENSG00000198937","CCDC167",-0.0790026856127516,0.727162194499866,"CCDC167",-0.283931956997899,0.08213836633324
"ENSG00000198954","KIFBP",0.2545336750505,0.00650868150276586,"KIFBP",0.204755273536523,0.0372634943431106
"ENSG00000198959","TGM2",-0.405489508797905,0.0455381885520478,"TGM2",-0.345473056419009,0.0674922191434733
"ENSG00000198961","PJA2",0.0255302013100398,0.860619830713419,"PJA2",-0.0299817175280064,0.835961637582792
"ENSG00000200534","SNORA33",0.242558753680115,0.367711372697928,"SNORA33",-0.0852287150022578,0.74950079855456
"ENSG00000202515","VTRNA1-3",-1.23377084746461,2.25101167727505e-06,"VTRNA1-3",-0.854353102450143,0.000843243035311237
"ENSG00000203668","CHML",-0.0817311107051377,0.560583494842611,"CHML",0.0311066473668135,0.857851009874488
"ENSG00000203706",NA,0.0770304198019214,0.755701743053508,NA,0.187600098077002,0.298034059487286
"ENSG00000203778","FAM229B",0.33348546825944,0.108357223321703,"FAM229B",0.0431217825405852,0.880835381405886
"ENSG00000203879","GDI1",0.572271416683849,1.60499067162192e-08,"GDI1",0.377279459895355,0.000219559847592994
"ENSG00000204209","DAXX",-0.189955484984093,0.00815080629881406,"DAXX",-0.35323657291116,1.48800612030687e-07
"ENSG00000204217","BMPR2",-0.223962731277878,0.112245943589183,"BMPR2",-0.263574987060494,0.0456476624239989
"ENSG00000204227","RING1",0.429960134127132,1.62575507117965e-07,"RING1",0.439319944454582,6.37662266822974e-08
"ENSG00000204308","RNF5",-0.118296001886938,0.409757134853863,"RNF5",-0.144498509943892,0.269175344363549
"ENSG00000204310","AGPAT1",0.0786533179408514,0.591224412485523,"AGPAT1",0.242838961330551,0.0310724648001068
"ENSG00000204351","SKIC2",0.268061068200274,0.0048502506905816,"SKIC2",0.136945652891095,0.205026143886831
"ENSG00000204356","NELFE",0.281009386203961,1.01019192695554e-05,"NELFE",0.100979122708967,0.183116666294998
"ENSG00000204386","NEU1",1.16873880642412,1.2252507619098e-31,"NEU1",1.1562279283649,3.52992383122898e-29
"ENSG00000204389","HSPA1A",1.50248217003821,1.04987072924907e-37,"HSPA1A",1.81148358850194,1.36404833742074e-54
"ENSG00000204439","C6orf47",0.104400438631299,0.552175504621048,"C6orf47",0.0420255694582742,0.840607617704474
"ENSG00000204519","ZNF551",0.1131446414325,0.401985440068707,"ZNF551",0.100399913878871,0.45635970411537
"ENSG00000204580","DDR1",0.828309327306606,3.54214650157262e-15,"DDR1",0.950192513260863,4.46771701205288e-19
"ENSG00000204590","GNL1",-0.0599205296672547,0.611138938849741,"GNL1",-0.102092968698089,0.312897692457394
"ENSG00000204592","HLA-E",0.915939053043029,3.34644680722746e-09,"HLA-E",0.703040545982429,7.0202401870794e-06
"ENSG00000204619","PPP1R11",0.279353886068735,0.00137686871538412,"PPP1R11",0.30671771706,0.000335271926788163
"ENSG00000204650","LINC02210",0.0294268060084708,0.903412514228064,"LINC02210",0.129966006705,0.469119249495984
"ENSG00000204767","INSYN2B",-0.790381815055289,2.01991152144507e-05,"INSYN2B",0.0111861191754505,0.962921511005952
"ENSG00000204843","DCTN1",0.187437868280418,0.0640268517985063,"DCTN1",0.0636767056841617,0.62027454102075
"ENSG00000204899","MZT1",-0.311094598473758,0.00582662350888361,"MZT1",-0.296554903408381,0.00698369044928984
"ENSG00000204922","UQCC3",0.360769220582281,0.00309573910144011,"UQCC3",0.363873808461761,0.00216761435962369
"ENSG00000205060","SLC35B4",-0.247153437636511,0.000873367941565693,"SLC35B4",-0.219423096352723,0.00423248502010017
"ENSG00000205155","PSENEN",0.354518987192103,0.00186800216518538,"PSENEN",0.0704981859391006,0.64113476100577
"ENSG00000205208","C4orf46",-0.533561342564741,3.84882676790378e-06,"C4orf46",-0.61207871008183,1.17335262179797e-07
"ENSG00000205212",NA,-0.633812431813177,0.00534422198906167,NA,-0.219323085766342,0.268534964863643
"ENSG00000205339","IPO7",-0.261497236060608,3.01670818157423e-06,"IPO7",0.0485418106496428,0.52565671861449
"ENSG00000205352","PRR13",0.37227825452236,7.63585872110557e-07,"PRR13",0.278910398293955,0.000318009404992134
"ENSG00000205356","TECPR1",-0.495047987897335,0.000136488174104468,"TECPR1",-0.226934114051104,0.0957165777747718
"ENSG00000205426","KRT81",0.333726348142014,0.0337951411790546,"KRT81",0.348015187857774,0.019386216627585
"ENSG00000205581","HMGN1",-0.366148593267264,4.03749575524774e-06,"HMGN1",-0.373029423501722,1.97555949158914e-06
"ENSG00000205593","DENND6B",1.4205029293748,0.00174987145077061,"DENND6B",0.950337748802466,0.011482408408714
"ENSG00000205629","LCMT1",0.284980680240858,0.00528359122729451,"LCMT1",0.165724648868723,0.142190081239165
"ENSG00000205937","RNPS1",-0.0921530185376611,0.450522919757069,"RNPS1",0.0892417779860451,0.4567970224833
"ENSG00000206075","SERPINB5",1.81566612114629,1.04860173414949e-54,"SERPINB5",1.64344784644177,1.40189256999257e-46
"ENSG00000206192",NA,-0.464951344428414,0.0036707938080496,NA,-0.917888361454378,5.01114935356427e-08
"ENSG00000206573","THUMPD3-AS1",0.401535561727846,0.00977165684264246,"THUMPD3-AS1",0.142447291911781,0.399046113475038
"ENSG00000210194",NA,-0.613394628850495,0.0449742002208256,NA,-4.74895673126641,1.99491943343094e-08
"ENSG00000211460","TSN",-0.040990715527041,0.657462088396899,"TSN",0.0290546223822521,0.782108947877192
"ENSG00000211584","SLC48A1",1.61687294263556,1.08518244202427e-33,"SLC48A1",1.32591369980691,2.95342935450818e-23
"ENSG00000213064","SFT2D2",0.331141758376605,0.000436383578263582,"SFT2D2",0.279186337053454,0.00367544610609953
"ENSG00000213079","SCAF8",0.00891519682187428,0.970859216575435,"SCAF8",-0.0810045322767289,0.558360859216712
"ENSG00000213160","KLHL23",-0.165990312768735,0.0645201628156445,"KLHL23",-0.00803679084004951,0.951918509993085
"ENSG00000213186","TRIM59",-0.55186291411897,0.00144522677995473,"TRIM59",-0.447986026168053,0.00801088801545759
"ENSG00000213190","MLLT11",0.13123075833977,0.53971309337139,"MLLT11",0.282440224029385,0.0971230736325574
"ENSG00000213281","NRAS",-0.0352641693952878,0.818067482855368,"NRAS",-0.0197501629813039,0.907901289157251
"ENSG00000213337","ANKRD39",0.532077854552797,0.000223575701727588,"ANKRD39",0.452097204132746,0.00225893652514857
"ENSG00000213523","SRA1",0.848080764298838,1.08694758122963e-16,"SRA1",0.464789522100631,6.14398830898762e-06
"ENSG00000213551","DNAJC9",-0.418459122918463,4.28208274767412e-06,"DNAJC9",-0.326701871253538,0.000292359438226361
"ENSG00000213585","VDAC1",-0.272698230266992,1.83602554552562e-11,"VDAC1",-0.247896015850885,2.73503705252127e-09
"ENSG00000213722","DDAH2",0.0419095380481469,0.868244989758797,"DDAH2",-0.0643355964226058,0.764398192458009
"ENSG00000213753","RPL23AP79",0.131201859311937,0.185626103066991,"RPL23AP79",0.203720834078751,0.0244689906950801
"ENSG00000213853","EMP2",0.0778202706411884,0.595377092471629,"EMP2",0.401091381421262,0.000209583802743487
"ENSG00000213917","RPL5P8",-0.0388139641669436,0.877898249631412,"RPL5P8",0.0427841068254395,0.860795336273748
"ENSG00000213928","IRF9",0.673053567989403,0.00223413616356445,"IRF9",0.350860703357398,0.0854444358641484
"ENSG00000213983","AP1G2",0.238425006705112,0.128677570209526,"AP1G2",0.308052770028394,0.021897980230073
"ENSG00000214078","CPNE1",-0.460213406951183,1.14816953831119e-07,"CPNE1",-0.399108830897492,3.90862786958146e-06
"ENSG00000214401","KANSL1-AS1",0.393328716149239,0.060617929712847,"KANSL1-AS1",0.0946104376234517,0.681967772217778
"ENSG00000214517","PPME1",0.512859123782654,5.05192539166008e-10,"PPME1",0.874607366428416,9.22204956939061e-27
"ENSG00000214655","ZSWIM8",0.545651879868006,0.000127717964526013,"ZSWIM8",0.201270484212071,0.175470980447723
"ENSG00000214753","HNRNPUL2",0.0787444322945344,0.622944340165102,"HNRNPUL2",0.0759833543068056,0.62832735796114
"ENSG00000214866","DCDC2C",2.75187514819637,9.06735336612434e-14,"DCDC2C",2.51258143326605,2.45675983955573e-11
"ENSG00000214888",NA,-1.36477011016162,5.78896870682956e-08,NA,-1.05816578518536,5.22112958105844e-06
"ENSG00000214900","LINC01599",0.643986430681494,0.000146146095046964,"LINC01599",1.1039950410898,9.73729328501376e-11
"ENSG00000215012","RTL10",0.0119270281599771,0.962124840350637,"RTL10",-0.182789163962988,0.161727254918083
"ENSG00000215021","PHB2",-0.491432424233641,7.74633215011707e-12,"PHB2",-0.299119877641767,4.51027582932774e-05
"ENSG00000215301","DDX3X",-0.285911810774245,1.61512002526557e-05,"DDX3X",-0.12370019357799,0.105093611029225
"ENSG00000215915","ATAD3C",1.17404622763029,0.00982447572541617,"ATAD3C",0.547053691685682,0.0715034774176647
"ENSG00000218891","ZNF579",0.313801340254691,0.0196244504881876,"ZNF579",0.0777191101241441,0.655616716032746
"ENSG00000220205","VAMP2",0.0958142678807963,0.552175504621048,"VAMP2",0.130368655466271,0.358153928568494
"ENSG00000220323","H2BC19P",-0.00462158358194317,0.997003006257512,"H2BC19P",0.193764719735525,0.308838686141561
"ENSG00000221823","PPP3R1",-0.416815277078527,2.34315723273341e-09,"PPP3R1",-0.045136443390338,0.656460380240591
"ENSG00000221829","FANCG",-0.495309741879346,0.000600288261928468,"FANCG",0.00156289579268272,0.994087997005954
"ENSG00000221883",NA,0.237279044077928,0.405683938531392,NA,-0.00750038446621191,0.980196604699844
"ENSG00000221926","TRIM16",-0.0294017007890368,0.889215709453014,"TRIM16",0.190235956060823,0.15014955691469
"ENSG00000221944","TIGD1",0.149100924217917,0.3721193380283,"TIGD1",-0.0725232099946541,0.704309960073366
"ENSG00000221955","SLC12A8",1.03838302205059,4.2189177993237e-06,"SLC12A8",1.36191720618285,1.70717487324212e-09
"ENSG00000221968","FADS3",0.551591984949831,0.000127299322773346,"FADS3",0.926810508339108,2.71538569543143e-09
"ENSG00000222022",NA,-0.539632381819732,0.0569258956044605,NA,-0.840814775211895,0.00682273437492267
"ENSG00000222032",NA,-0.870356144392914,0.00893809250750833,NA,-0.596833544977965,0.0299388362368543
"ENSG00000223361",NA,0.0360159153458943,0.929902048226762,NA,0.287042543514001,0.263850995450099
"ENSG00000223496","EXOSC6",-0.0396385839930449,0.758275682589056,"EXOSC6",0.0608322727823086,0.602385302154047
"ENSG00000223784","LINC00707",-0.270443510983452,0.197175627445024,"LINC00707",0.368883927135087,0.0428051847897022
"ENSG00000224294","PINCR",3.18090864314571,1.85482193809322e-48,"PINCR",3.45290846085511,1.68324806022926e-45
"ENSG00000224531","SMIM13",0.122964804680436,0.241817440916658,"SMIM13",0.0737231175397287,0.547716253492886
"ENSG00000224870","MRPL20-AS1",-0.0815081293094087,0.622390022600276,"MRPL20-AS1",-0.202329819657509,0.117422128958246
"ENSG00000225190","PLEKHM1",0.53181488198401,0.00122264782947255,"PLEKHM1",0.240618383870056,0.144558028410007
"ENSG00000225224","RPS27AP12",0.0249334498252974,0.946688005907528,"RPS27AP12",0.0487624275138787,0.861230316019676
"ENSG00000225439","BOLA3-DT",0.18909781202571,0.236229580184274,"BOLA3-DT",0.132072142880468,0.423388728847073
"ENSG00000225470","JPX",-0.406576528207337,1.30307207694025e-07,"JPX",-0.42697562072654,1.60069297536934e-08
"ENSG00000225648",NA,-0.238933735112656,0.0549573566110705,NA,-0.2864808999629,0.0149201111083853
"ENSG00000225921","NOL7",-0.00434885221504244,0.979897728629427,"NOL7",-0.0508966102166635,0.564148494642525
"ENSG00000226137","BAIAP2-DT",0.847434147285312,1.27390904689477e-05,"BAIAP2-DT",0.3584885694588,0.046405601758864
"ENSG00000226887","ERVMER34-1",1.60494160294582,3.38463525092021e-11,"ERVMER34-1",1.77155919784994,2.08055617123025e-10
"ENSG00000226950","DANCR",0.0782337900251999,0.511414667576823,"DANCR",0.0129981852549422,0.936498503933124
"ENSG00000227039","ITGB2-AS1",1.8699062528466,3.15798991561833e-10,"ITGB2-AS1",3.18511670846171,7.05514266258376e-20
"ENSG00000227591","HSD11B1-AS1",-0.201338164191519,0.474878656029284,"HSD11B1-AS1",-0.494361069004573,0.0633871960992726
"ENSG00000227674","LINC00355",-0.0199236010271083,0.963659468642917,"LINC00355",-0.0879248753540795,0.727701080666734
"ENSG00000227704",NA,-0.227342494551186,0.441257445303147,NA,-0.166670869515458,0.503218447420113
"ENSG00000228649","SNHG26",1.40915407330515,2.38491199699365e-20,"SNHG26",1.3214089710405,3.80288960863718e-15
"ENSG00000228716","DHFR",-0.712913617691261,7.556529154507e-12,"DHFR",-0.96461789980664,1.36799065218193e-19
"ENSG00000229124","VIM-AS1",0.173705217677329,0.487798308666457,"VIM-AS1",0.267527189638504,0.192188185736427
"ENSG00000229539",NA,0.682928703544734,3.66134444024199e-05,NA,0.578836020565205,0.000243631955481277
"ENSG00000229563","LINC01204",-1.03864904766024,7.35374103265255e-13,"LINC01204",0.170694088223538,0.222502831068346
"ENSG00000229809","ZNF688",0.0288857359699775,0.923860125608158,"ZNF688",0.110975282659926,0.586290340218974
"ENSG00000230551",NA,-0.138232493934944,0.482716256330714,NA,-0.13620765430979,0.461936537433843
"ENSG00000230615","LOC107984948",-0.472783703948294,0.00275830816206576,"LOC107984948",-0.926227535386843,7.72354306224619e-09
"ENSG00000231312","MAP4K3-DT",-0.186196299248355,0.144365531302728,"MAP4K3-DT",0.222344648243697,0.0658519125778507
"ENSG00000231500","RPS18",-0.0522663714509403,0.815766066345836,"RPS18",-0.334370563062635,0.0228073463473411
"ENSG00000231925","TAPBP",0.256104539383385,0.0100559825864969,"TAPBP",-0.102904204417943,0.382513954591936
"ENSG00000232445",NA,0.44988518277952,0.0138615893081325,NA,-0.0665913069096183,0.819813742726071
"ENSG00000232679","LINC02257",1.19983974157622,0.00204348173899179,"LINC02257",1.24305001577097,0.00167706887822643
"ENSG00000233016","SNHG7",0.0381305513068774,0.801624983926179,"SNHG7",-0.13096966798796,0.248262366897283
"ENSG00000233098","LOC339260",-1.26783694636979,4.35449736251305e-44,"LOC339260",-0.942705601709023,3.72331407801613e-26
"ENSG00000233611","GBX2-AS1",-0.263892927234472,0.0977159213348823,"GBX2-AS1",-0.627224308219899,7.85180624589253e-05
"ENSG00000233654","NEMP2-DT",-0.0243399274089269,0.950418522985601,"NEMP2-DT",-0.245393517765416,0.254634947073968
"ENSG00000233695",NA,1.48894710460488,9.10425110670737e-09,NA,1.54720474122146,3.22461399101603e-09
"ENSG00000233828","MIR4280HG",-1.28310918880792,9.10983085121098e-05,"MIR4280HG",-0.276255087036125,0.194160031358115
"ENSG00000233922","LINC01694",0.237989565985724,0.148813266544536,"LINC01694",0.263626436324738,0.0612001940856384
"ENSG00000234155","LINC02535",0.0810071162546527,0.748067335777098,"LINC02535",0.786210289359553,5.59664863123933e-05
"ENSG00000234171","RNASEH1-DT",-0.234327901436289,0.0283510528869918,"RNASEH1-DT",-0.104026986812143,0.38290305438763
"ENSG00000234465","PINLYP",-0.00262328059102344,0.999769847841042,"PINLYP",-0.344806535146711,0.15559196194583
"ENSG00000234545","FAM133B",-0.173896817232505,0.0606429537528713,"FAM133B",-0.234845453186222,0.00765000966337172
"ENSG00000234616","JRK",-0.361230215202931,0.00496662852909479,"JRK",-0.300819004426057,0.0229559688969845
"ENSG00000234771",NA,-0.0865524818350037,0.796380609110408,NA,0.0489792373014014,0.872609577479816
"ENSG00000235106","BRD3OS",0.38385544552202,0.0048943776774895,"BRD3OS",0.295962744378903,0.032683367625946
"ENSG00000235448","LURAP1L-AS1",-0.86714226571242,1.94462164428883e-05,"LURAP1L-AS1",-0.155137854052274,0.417317804043176
"ENSG00000235453","SMIM27",0.351954584921904,0.0418450222837645,"SMIM27",0.151250665290091,0.39751544084525
"ENSG00000235919","ASH1L-AS1",0.523554390318246,0.0275700156070698,"ASH1L-AS1",0.318044603190459,0.135019689442602
"ENSG00000235944",NA,0.0960234362949017,0.758513484557121,NA,0.021477559077211,0.94186622791049
"ENSG00000236104","ZBTB22",0.13246134631035,0.514490155785629,"ZBTB22",0.49605588814681,0.00283938582246897
"ENSG00000236427","CCDST",2.44268573008681,1.42592621293389e-09,"CCDST",2.53717471987082,1.01490618577929e-11
"ENSG00000236810","ELOA-AS1",0.63657924702202,0.00155005212500689,"ELOA-AS1",0.570589098641322,0.00323964634801732
"ENSG00000237057",NA,-0.444903287852232,0.000582072309093105,NA,-0.331742360690035,0.0079551549936686
"ENSG00000237172","B3GNT9",0.342223740270356,0.137573774965513,"B3GNT9",0.0600697375876275,0.834423421752309
"ENSG00000237550",NA,0.0581958353487357,0.833427421105401,NA,-0.229600847026816,0.22063650505226
"ENSG00000237854",NA,0.486138679820336,3.17490114392539e-05,NA,0.356073347381086,0.0156056453215126
"ENSG00000237943","PRKCQ-AS1",0.226335514991144,0.152622072775901,"PRKCQ-AS1",-0.512476663520967,0.000716392212996284
"ENSG00000237975",NA,0.481153058222581,0.0659596969125187,NA,0.365474458312273,0.115281605660348
"ENSG00000238227","TMEM250",-0.0381346913959581,0.810877856262669,"TMEM250",0.429768027415876,1.49377172705303e-05
"ENSG00000239039","SNORD13",1.86955941453058,2.51657187698648e-13,"SNORD13",0.633687384611541,0.00529729842528182
"ENSG00000239382","ALKBH6",0.30053881570759,0.0673271005597634,"ALKBH6",0.30259939891586,0.052424899316985
"ENSG00000239569","LHFPL3-AS2",0.904530017211337,6.28665841638706e-05,"LHFPL3-AS2",0.257645102927664,0.181864603282192
"ENSG00000239697","TNFSF12",-0.348543370958165,0.150817793611351,"TNFSF12",-0.201832283415687,0.379085486687745
"ENSG00000239713","APOBEC3G",0.928818905858437,8.60432541630387e-05,"APOBEC3G",1.06850802658812,1.64492065367723e-05
"ENSG00000240230","COX19",-0.138328648667339,0.226623565458042,"COX19",-0.193181177404046,0.0782636463478316
"ENSG00000240370","RPL13P5",0.264365242987819,0.22220041322753,"RPL13P5",0.138867106295125,0.504238995366143
"ENSG00000240695",NA,0.36388426914204,0.124125005084904,NA,0.247158406610996,0.251218151108172
"ENSG00000241058","NSUN6",0.202926934912332,0.161923605742883,"NSUN6",-0.186379051204687,0.181864603282192
"ENSG00000242125","SNHG3",-0.334444127730473,0.0112266780000091,"SNHG3",-0.183246232103382,0.183449682387452
"ENSG00000242265","PEG10",-0.0253983582964232,0.899447179790268,"PEG10",0.226968066275566,0.0675031063223536
"ENSG00000242372","EIF6",-0.00435921177154262,0.987120660476087,"EIF6",-0.00332750495534419,0.981828055531507
"ENSG00000242474","LINC03015",-0.145256353323536,0.570072010331128,"LINC03015",-0.1742548494307,0.419048238203401
"ENSG00000242622","GSK3B-DT",-0.0362545692731549,0.920179649914329,"GSK3B-DT",-0.23767148600797,0.285329164463082
"ENSG00000243147","MRPL33",0.0867618887846754,0.530878373951513,"MRPL33",0.195042452370467,0.0837583870638366
"ENSG00000243364","EFNA4",0.316152673020927,0.144956849236826,"EFNA4",-0.0286675186935807,0.923348492320605
"ENSG00000243477","NAA80",0.113042200264557,0.596828346567936,"NAA80",0.265322383329294,0.105493472345275
"ENSG00000243667","DNAAF10",-0.261178677600637,0.0189480762329609,"DNAAF10",-0.0938349524540107,0.497040203168875
"ENSG00000243701","DUBR",0.535278887133937,7.78354022556839e-05,"DUBR",1.0451676800851,1.52789693880669e-14
"ENSG00000243927","MRPS6",0.0858739260484881,0.497772133947438,"MRPS6",0.193007211103961,0.0665040053233421
"ENSG00000244187","TMEM141",-0.0460896965004037,0.800765843472999,"TMEM141",0.00441383468774821,0.981984136503797
"ENSG00000244405","ETV5",-0.5605195602645,3.85638854661813e-06,"ETV5",-0.424968514463937,0.000336641924560364
"ENSG00000244462","RBM12",-0.200953026120963,0.026811539289263,"RBM12",-0.153051240186248,0.113164799654594
"ENSG00000244509","APOBEC3C",1.56520978067696,3.43083148921484e-58,"APOBEC3C",1.33402172378428,4.6085150718465e-42
"ENSG00000244694","PTCHD4",-0.238637537981402,0.165316138302824,"PTCHD4",0.280107491522649,0.0627292943336243
"ENSG00000244879",NA,0.182668809404604,0.326976193531579,NA,0.0105454050118614,0.963810247745516
"ENSG00000245248","USP2-AS1",-0.100806223125295,0.719860525258593,"USP2-AS1",-0.540880188357896,0.0401772176983717
"ENSG00000245694","CRNDE",-0.92136711628171,5.04055302716911e-10,"CRNDE",-0.942527566544974,1.48833120901587e-10
"ENSG00000245848","CEBPA",0.130701675350012,0.634914370464025,"CEBPA",0.150599964844206,0.497977684155113
"ENSG00000245910",NA,0.209972439401798,0.0565656663226917,NA,-0.10377545697528,0.404715323242644
"ENSG00000246334",NA,-0.269782607392331,0.122562295893257,NA,-0.472044879176379,0.00354998188222408
"ENSG00000247077","PGAM5",-0.118690508868994,0.297790276277678,"PGAM5",-0.0506434604972045,0.716919499689335
"ENSG00000247092","SNHG10",0.580815161701237,0.000563781409291927,"SNHG10",0.255115391660897,0.123185565504257
"ENSG00000247596","TWF2",-0.0992759015375686,0.505885478734936,"TWF2",-0.0749094349068936,0.62832735796114
"ENSG00000248008","NRAV",0.422161689144199,0.0123191949757567,"NRAV",0.241996060240254,0.143219425804319
"ENSG00000248092",NA,-0.140278925652549,0.29278961988332,NA,0.280298607788476,0.0102700493390532
"ENSG00000248487","ABHD14A",0.933739238373128,2.19622404788937e-09,"ABHD14A",0.688983196554852,8.15933862058911e-06
"ENSG00000248787",NA,2.37528847160132,5.5564255433647e-08,NA,2.29598962880159,1.94734810225508e-05
"ENSG00000248905","FMN1",-0.117406799851951,0.615661037816806,"FMN1",0.2545230272041,0.156106184754455
"ENSG00000249279","LINC02057",-0.259534519710171,0.2870264571865,"LINC02057",-0.00349334752942057,0.990302487737575
"ENSG00000249550","LINC01234",-0.286175137744627,0.000882777724151071,"LINC01234",-0.215439668189065,0.0154919580845249
"ENSG00000249637","ANKHD1-DT",0.19675801174726,0.456701298746808,"ANKHD1-DT",-0.0707601713770416,0.792995105079714
"ENSG00000249915","PDCD6",1.46218550475014,1.27994746567283e-13,"PDCD6",0.352724326640957,0.0499170482728019
"ENSG00000249992","TMEM158",-1.23152852287572,5.1168927087597e-14,"TMEM158",-0.593547847374006,0.00017639234912367
"ENSG00000250303","LINC02762",0.591285928537456,0.00851340578104295,"LINC02762",1.01679683111335,2.35650614005261e-05
"ENSG00000250337","PURPL",1.65021573997822,4.04140500184494e-20,"PURPL",1.46955327327508,6.3595710185725e-16
"ENSG00000250565","ATP6V1E2",-0.197026123421544,0.236646830766072,"ATP6V1E2",-0.227667472521581,0.148750899295491
"ENSG00000250899",NA,-0.938560237705466,3.08338134608684e-11,NA,-0.575714223090854,2.03981720378459e-05
"ENSG00000251022","THAP9-AS1",-0.0435946845635605,0.800562068277399,"THAP9-AS1",-0.63317913142578,2.12931683626426e-07
"ENSG00000251095","LOC105377329",5.93063934038483,5.09674328320648e-21,"LOC105377329",5.654876970674,9.41967182329531e-17
"ENSG00000251136","PARAIL",0.360207558257685,0.0338420841654119,"PARAIL",0.476324930937806,0.00260652905159621
"ENSG00000251257",NA,1.29851455441532,0.00186984806499501,NA,0.339900410538157,0.191133099547805
"ENSG00000251417",NA,0.15054046313926,0.531959024060852,NA,0.275408199258067,0.14382967082749
"ENSG00000252759",NA,-0.112238931640564,0.704171752110462,NA,-0.121472328019282,0.61768936992331
"ENSG00000253276","CCDC71L",0.210724971775913,0.168641557494872,"CCDC71L",0.0216696092541945,0.926580119779676
"ENSG00000253293","HOXA10",-0.136616364814182,0.178318593793425,"HOXA10",-0.12585009936469,0.209292263684554
"ENSG00000253352","TUG1",0.00237988372112148,0.997745316220012,"TUG1",0.118876259253258,0.275685215450204
"ENSG00000253982","CLN8-AS1",-0.47303938864245,0.00354667258888205,"CLN8-AS1",-0.308659592036875,0.0378803904660597
"ENSG00000254087","LYN",0.161213254783148,0.152613896416111,"LYN",0.562459564760419,1.38967748814255e-08
"ENSG00000254093","PINX1",-0.0900830116424233,0.579143751888077,"PINX1",-0.157026817059705,0.261147204874348
"ENSG00000254101","LINC02055",0.128418094480165,0.527038791583557,"LINC02055",0.0582125491721531,0.794381181238241
"ENSG00000254415","SIGLEC14",1.51976733912166,4.30121158441219e-05,"SIGLEC14",1.13897421620596,7.32272290977451e-05
"ENSG00000255135","EMSY-DT",-0.511940939234274,0.00846415760231005,"EMSY-DT",-0.375140879209355,0.0355126469223207
"ENSG00000255198",NA,0.787576775964512,2.31215622517304e-10,NA,0.647044316868497,2.20973575187159e-07
"ENSG00000255717","SNHG1",0.150865800578965,0.308853406271634,"SNHG1",-0.241345002753165,0.0629005155264329
"ENSG00000255857","PXN-AS1",-0.405607033789728,0.0603714388859974,"PXN-AS1",-0.257055769410189,0.189066787555576
"ENSG00000255874","PRECSIT",0.335612966559575,0.00781298055791463,"PRECSIT",0.406652435826214,0.00164712607712435
"ENSG00000256802","LCIIAR",0.0306287374071554,0.916544094901112,"LCIIAR",0.311870627681837,0.117290319341529
"ENSG00000257103","LSM14A",-0.176361590277063,0.0638674908887544,"LSM14A",-0.0506606822644503,0.682033237904746
"ENSG00000257605",NA,0.680832710555943,0.000321923627551963,NA,0.234966965786507,0.19205192606009
"ENSG00000257621","PSMA3-AS1",-0.0774443570038403,0.578738407867189,"PSMA3-AS1",-0.0704849354293572,0.611682278491806
"ENSG00000257894",NA,-0.649487673419435,0.0323111720052831,NA,0.275556467492304,0.234993778488763
"ENSG00000258376",NA,0.656910267847463,0.00472790888049883,NA,0.765669655260441,0.00123983950173866
"ENSG00000258590",NA,0.751188601550501,0.0385462458288802,NA,0.915705111419359,0.0121353454057016
"ENSG00000258791","LINC00520",0.132183071683515,0.584857902185237,"LINC00520",0.704338705998238,0.00134096100916045
"ENSG00000258890","CEP95",-0.0791781531509312,0.602450789406342,"CEP95",-0.170378853387509,0.162926235498894
"ENSG00000259659",NA,-0.519288668269359,0.0693119964012589,NA,-0.123210918314107,0.623985968404304
"ENSG00000259877","ZNF778-DT",0.236684642850802,0.268332599903482,"ZNF778-DT",0.350880153493077,0.0649804639637844
"ENSG00000259891",NA,-0.133209041552188,0.579808882343504,NA,-0.409277145976992,0.0362426249598564
"ENSG00000260027","HOXB7",0.255705752876091,0.0138444856351392,"HOXB7",0.153626155941121,0.168766391428212
"ENSG00000260260","SNHG19",0.99709377838774,5.256473048109e-14,"SNHG19",0.787360145392084,3.54269747726095e-09
"ENSG00000260708","TBC1D22A-DT",0.578372032356867,0.000424528697414844,"TBC1D22A-DT",-0.00898788420351663,0.969156662085141
"ENSG00000260924",NA,0.152459027058288,0.602003998293573,NA,-0.242493903543262,0.313043887512568
"ENSG00000261008","LINC01572",0.323916570912269,0.182557385544635,"LINC01572",-0.182802808341105,0.406101329236448
"ENSG00000261094",NA,0.0524100364245625,0.872782350391816,NA,-0.149566746368531,0.514071526856609
"ENSG00000261167",NA,-0.996586641167237,0.000163057197586643,NA,-0.751831626218326,0.002453408195231
"ENSG00000261371","PECAM1",-1.25085031256422,0.00788154761269601,"PECAM1",-0.161234566889112,0.515848069998974
"ENSG00000261526",NA,0.859049825289431,0.00033663417187053,NA,-0.110528686590861,0.633290158162596
"ENSG00000261716","H2BC20P",0.568686605550847,0.00698450032304238,"H2BC20P",0.0676007641096056,0.786673439781238
"ENSG00000261889",NA,-0.180452240550381,0.48214726681157,NA,-0.813843418591184,0.0029809659919807
"ENSG00000262050",NA,-0.00130806358758898,0.999769847841042,NA,-0.229203889556782,0.360732765470121
"ENSG00000263272",NA,0.109516818740794,0.602450789406342,NA,0.0321565767947749,0.900019685142977
"ENSG00000263513","FAM72C",-0.286646934317801,0.253069713430467,"FAM72C",-0.0842042726376656,0.742176688865204
"ENSG00000263563",NA,-1.82365925588058,2.01767118454325e-44,NA,-1.2285224700374,6.08855468615761e-24
"ENSG00000264067",NA,-0.383309830526959,0.000935494313001321,NA,-0.197326700470003,0.108406220665074
"ENSG00000264538",NA,-0.418617096455779,0.00759017820215229,NA,-0.23596690385695,0.121860308410802
"ENSG00000264920",NA,0.396407873467813,0.0328851333015408,NA,0.383858546449812,0.0275221235145718
"ENSG00000265354","TIMM23",-0.17050055402377,0.0251480937108034,"TIMM23",-0.175341285013873,0.02227130522592
"ENSG00000265843","LINC01029",-0.49748714207575,7.90257279896655e-21,"LINC01029",-0.382354311951988,1.58149427928134e-12
"ENSG00000266278","LINC01910",0.318431166644756,0.145953741241794,"LINC01910",0.365786212249143,0.0541996717820008
"ENSG00000266402","SNHG25",1.06537965445003,2.47293086299318e-15,"SNHG25",1.05917413926489,5.11589194086365e-15
"ENSG00000266472","MRPS21",-0.00296037922121875,0.997745316220012,"MRPS21",-0.0642730878532699,0.687885034265675
"ENSG00000266680",NA,2.1473246281931,2.88041192970511e-10,NA,0.969127285802284,0.00391347885912126
"ENSG00000267100","ILF3-DT",0.245550003955148,0.00794446445471826,"ILF3-DT",0.0434434661197852,0.745905403194778
"ENSG00000267106","ZNF561-AS1",0.537166266587256,0.000378326117646949,"ZNF561-AS1",0.324635888503549,0.0297323861284927
"ENSG00000267226","MALT1-AS1",0.559421012961638,0.0396704158359816,"MALT1-AS1",0.741595023543258,0.00808677676258469
"ENSG00000267374","MIR924HG",-0.38532271814725,0.0432546974733366,"MIR924HG",-0.612690549239771,0.000896473596562007
"ENSG00000267577","DNAAF3-AS1",0.669001003559807,0.00827548123681021,"DNAAF3-AS1",0.217276585443858,0.313043887512568
"ENSG00000267655",NA,-0.26770247358349,0.328691277697964,NA,-0.170549397988496,0.475441128546623
"ENSG00000267858","CENPBD2P",0.49695176324612,0.0121901199978736,"CENPBD2P",0.53208490272506,0.00525076913457593
"ENSG00000269343","ZNF587B",0.0669397770943809,0.753879687781,"ZNF587B",0.273433659995319,0.0720506436849565
"ENSG00000269688",NA,0.00697491040808512,0.993300522177033,NA,0.00581339976504553,0.983831959397693
"ENSG00000269713","NBPF9",-0.817055176236679,1.65231401148888e-05,"NBPF9",-0.166123705577168,0.363497608993463
"ENSG00000269729","LOC105372424",3.14606224328521,1.41314151943122e-26,"LOC105372424",2.82638123269849,1.34782804632292e-27
"ENSG00000269929","MIRLET7A1HG",-0.158403847736078,0.486363768885329,"MIRLET7A1HG",-0.298060636904275,0.107677479985005
"ENSG00000270647","TAF15",-0.261953608263007,0.0138229982035436,"TAF15",0.0361371953193026,0.823250390337203
"ENSG00000272468",NA,1.21229661412998,2.96156330140438e-05,NA,0.444188472107861,0.0549761965439413
"ENSG00000272525",NA,0.298272481000025,0.246089480984238,NA,0.289874611299665,0.192843838941819
"ENSG00000272606","PPP4R3B-DT",0.0749317341427957,0.818067482855368,"PPP4R3B-DT",-0.00319500623262353,0.991278040673315
"ENSG00000272677",NA,1.20152102971332,2.60363309029801e-05,NA,0.452968845023504,0.059585119382936
"ENSG00000272716","SLC30A6-DT",0.386039456974063,0.120121540517047,"SLC30A6-DT",0.0754779286180519,0.774065395183886
"ENSG00000272888",NA,-0.830569274444208,7.04736244504312e-22,NA,-0.486135070254488,6.38446402759895e-09
"ENSG00000272994",NA,0.18592703362233,0.409176323992262,NA,-0.163427874811043,0.427085222822705
"ENSG00000273064",NA,0.214224237369929,0.452037398138954,NA,-0.144597751400575,0.55916606462424
"ENSG00000273338",NA,-0.571677359765171,0.0822355931629231,NA,0.0897226070100307,0.742056422145176
"ENSG00000273344","PAXIP1-DT",0.0291251955069012,0.923389905603829,"PAXIP1-DT",0.115301089347783,0.571839087002504
"ENSG00000273604","EPOP",0.193716193223208,0.288890782322753,"EPOP",-0.390157336553038,0.0279335615091873
"ENSG00000273812",NA,-0.0865938373135792,0.725064466191157,NA,-0.474357463040121,0.00708380791633864
"ENSG00000274180","NATD1",2.197929283522,1.64126022763794e-11,"NATD1",1.92451973013721,3.99396860674272e-08
"ENSG00000274213",NA,1.77998252288624,1.40340473617396e-13,NA,0.962532000074729,6.6057933994843e-05
"ENSG00000274997","H2AC12",-0.360563256105196,0.209688602970183,"H2AC12",-0.463265449003967,0.089880711299192
"ENSG00000275066","SYNRG",0.153303581705857,0.0694464294102257,"SYNRG",0.0746726156377582,0.463266733524093
"ENSG00000275074","NUDT18",-0.170376026958869,0.546808619886915,"NUDT18",-0.132739290555092,0.591577841374
"ENSG00000275111","ZNF2",-0.107163502854411,0.726923483546958,"ZNF2",0.0944036081068973,0.712974516467508
"ENSG00000275180",NA,-0.873546074533504,0.00933918417266304,NA,-0.81381343889309,0.0104440157599882
"ENSG00000275216",NA,-0.724932068818891,0.0175157991369319,NA,0.217455083785877,0.313647977947676
"ENSG00000275342","PRAG1",0.391210453335932,0.00234557634598828,"PRAG1",0.772026196207046,2.0994026479858e-09
"ENSG00000275457",NA,-0.0413774359031099,0.901295176132108,NA,-0.0404955387173495,0.88925986233531
"ENSG00000275464","LOC102724159",-0.374074114001503,0.00302061276349036,"LOC102724159",0.0195898490298032,0.925848273200857
"ENSG00000276023","DUSP14",1.13319407040445,1.31163487359897e-18,"DUSP14",0.95798222064371,3.0128092292632e-13
"ENSG00000276043","UHRF1",-0.884580724282864,1.13382310260066e-08,"UHRF1",-0.651542995506731,0.000101723974180791
"ENSG00000276045","ORAI1",0.296441710745693,0.0078380584477059,"ORAI1",0.113773263572127,0.388315760198903
"ENSG00000276131",NA,0.0883556235967208,0.73463056023257,NA,0.274298977003715,0.147126506909244
"ENSG00000276368","H2AC14",-1.25609412158635,8.14982739303354e-06,"H2AC14",-0.530123129066574,0.0234146707512525
"ENSG00000276529",NA,-0.228895107390126,0.110011720093883,NA,0.0435459989561249,0.82752643831309
"ENSG00000277075","H2AC8",-0.579362714962778,0.0251389770150703,"H2AC8",0.0851136213165892,0.731882594604259
"ENSG00000277161","PIGW",-0.348991034671948,0.00824449809302969,"PIGW",-0.116183356701612,0.438208945245744
"ENSG00000277268","LHX1-DT",0.297906245017593,0.0733321618897296,"LHX1-DT",0.342070675136428,0.0292466778609956
"ENSG00000277496",NA,3.06567778618367,6.51817718142455e-07,NA,1.12858120941316,0.0108610031433065
"ENSG00000277586","NEFL",1.61535012991462,5.04410795910843e-06,"NEFL",2.17005224893053,7.00872317637788e-09
"ENSG00000277632","CCL3",0.315638471713403,0.289639741143844,"CCL3",0.524503500642349,0.0834118853656854
"ENSG00000277938",NA,-0.428624678449566,0.106273939973121,NA,-0.833534086777064,0.00644326300758501
"ENSG00000278022",NA,0.400041759658841,0.182737650493147,NA,0.300904401560429,0.239856172251005
"ENSG00000278041",NA,-0.0461177531098267,0.900856800180671,NA,-0.0788498989421747,0.77558104951161
"ENSG00000278133",NA,-0.0830957092022139,0.72064209282627,NA,-0.0615381373266803,0.7829845415404
"ENSG00000278540","ACACA",-0.766804613754623,1.30163195464558e-13,"ACACA",-0.63464059456515,1.1926961812155e-09
"ENSG00000278932","LOC101930100",0.281094755243106,0.167967857328148,"LOC101930100",0.195013744206999,0.308623944937454
"ENSG00000279092",NA,0.193854889250594,0.441974350835616,NA,0.0929569610216018,0.707843849366188
"ENSG00000279347",NA,-0.0925777710729148,0.784988510358069,NA,-0.33776369974654,0.189378631492096
"ENSG00000279453",NA,-0.43328227501381,0.0504723896171277,NA,-0.14066087236684,0.52193067551133
"ENSG00000279691",NA,0.100396424772937,0.750314381915902,NA,-0.0735651886895639,0.790316881765266
"ENSG00000279799",NA,0.646389551673844,0.0255554190916796,NA,0.00660495196372701,0.982627258278012
"ENSG00000279822",NA,-1.3182084114227,0.000547179659667995,NA,-2.51988468647021,2.69827838191631e-06
"ENSG00000279864",NA,-1.20750587864922,1.61346942835348e-14,NA,-1.18333138740305,2.61551015241199e-15
"ENSG00000280132",NA,0.385414165850396,0.0706371537267077,NA,0.281593013440108,0.147186782501179
"ENSG00000280239",NA,0.076199418743891,0.790099611395781,NA,-0.103992382028873,0.663692134330086
"ENSG00000280620","SCAANT1",0.315714171625045,0.212663420044088,"SCAANT1",0.0306929089868823,0.920433074026136
"ENSG00000281398","SNHG4",-0.0468212911814706,0.816755563344527,"SNHG4",-0.0264375610844695,0.904730969118568
"ENSG00000283205","LOC122394732",-0.0963268378656132,0.763577180183636,"LOC122394732",0.0459841523159899,0.879058520903217
"ENSG00000283498","MIR1244-2",-0.519548997318446,0.00063394492378528,"MIR1244-2",-0.123638691015298,0.468510522191398
"ENSG00000285531",NA,0.190608188927622,0.440656179182713,NA,-0.341575456674535,0.120344985599052
"ENSG00000285822",NA,-0.549884876743486,0.00145547036789593,NA,-0.3703405165978,0.0190807554287026
"ENSG00000285967","NIPBL-DT",-0.296708768521604,0.0318516993113502,"NIPBL-DT",-0.440371920737153,0.00081943215072351
"ENSG00000286058","FAR2P1",-0.450129815978919,0.136373627791242,"FAR2P1",-0.133876570952122,0.596838328599409
"ENSG00000286156",NA,0.14508280722115,0.480394500976622,NA,-0.0914238184760163,0.655137362473691
"ENSG00000286406",NA,0.684461361423351,0.00456975519046545,NA,1.45479194592985,4.78663298341012e-08
"ENSG00000286835",NA,0.379316724851321,0.127975545654102,NA,0.378039103053363,0.105616851506084
"ENSG00000287064",NA,-1.16671910762415,0.00298145011978202,NA,-0.526647079757252,0.0479073668815125
"ENSG00000287097","LOC107986639",1.05451743977638,0.00203671699180818,"LOC107986639",1.05887454248306,0.00318055798089792
"ENSG00000287530","LOC105370115",-0.989933733770378,3.15549578439977e-13,"LOC105370115",-0.425818027683365,0.000896667251064026
"ENSG00000287861","LOC107984132",-0.729371723105967,2.35083232363002e-05,"LOC107984132",0.0910780949399165,0.637334920932461
"ENSG00000287929",NA,-0.108974380598244,0.711493616803389,NA,-0.183893660966661,0.419308977060358
"ENSG00000287966",NA,0.115414445088479,0.668181423153826,NA,0.0462223927216075,0.870161900451051
"ENSG00000288876",NA,-0.155341514654747,0.588727713077877,NA,-0.0161707132377231,0.954296167796388
"ENSG00000288934",NA,-0.352750018272875,0.213358506676309,NA,-0.0181278010115024,0.95016849462023
"ENSG00000289154",NA,-0.337458546234317,0.224243301927799,NA,-0.139275167566978,0.572863655625057
"ENSG00000289159",NA,0.681045639640166,0.0244262362784645,NA,-0.0204882450927412,0.94401497179906
"ENSG00000289234","ZNF496-DT",-0.27470140556243,0.103308653476511,"ZNF496-DT",-0.246349252400593,0.125028522837682
"ENSG00000289357",NA,-1.04710854178008,2.21535099750041e-09,NA,-0.345996091063932,0.0221060670404949
"ENSG00000289459",NA,-0.0854414113906164,0.776674563061215,NA,-0.23497079312057,0.282185451766775
"ENSG00000289526",NA,1.75021761011905,1.57725711344174e-19,NA,1.88619948778456,1.71072154233796e-24
"ENSG00000289588","LOC124901789",0.494108171317581,0.116441944847012,"LOC124901789",0.270426229213941,0.288133087802967
"ENSG00000289609","LOC124901321",-2.01751725119467,2.86255096671379e-07,"LOC124901321",-0.510157603984627,0.0486325309782651
"ENSG00000289688","LOC124903135",0.70025650600564,0.0390041778189661,"LOC124903135",0.61331192944402,0.0452247656183055
"ENSG00000289971",NA,0.335329281766058,0.102962739418595,NA,-0.0439930515892086,0.874915119934501
"ENSG00000290032",NA,0.742788346293883,8.18951965341584e-07,NA,0.339167930746323,0.0194370594109911
"ENSG00000290058",NA,0.0234808219479443,0.954149591249535,NA,0.388981566354057,0.0843293563532616
"ENSG00000290085",NA,-0.464042992507898,0.0544350988190361,NA,-0.0360294402339664,0.902207877181207
"ENSG00000290102",NA,-0.0205798108371673,0.964238003649456,NA,0.290045845798544,0.206965166198638
