"ENSEMBL","SYMBOL","log2FoldChange","padj"
"ENSG00000000003","TSPAN6",0.273476328220394,0.0325971373983389
"ENSG00000000460","FIRRM",-0.131815399281531,0.440153415348449
"ENSG00000001617","SEMA3F",-0.224815950619774,0.211888581549822
"ENSG00000001631","KRIT1",-0.0294747381435912,0.910000027347657
"ENSG00000002746","HECW1",0.665975654640464,0.0192812957752081
"ENSG00000004139","SARM1",0.29336278776038,0.177068871235956
"ENSG00000004142","POLDIP2",0.0138579607121476,0.909071186300649
"ENSG00000004478","FKBP4",0.287659312597311,0.000142559390119285
"ENSG00000004534","RBM6",-0.0804275340780253,0.49103145926372
"ENSG00000004700","RECQL",-0.24662296770564,0.0133999301587774
"ENSG00000004776","HSPB6",2.42974639769227e-05,0.999987733893952
"ENSG00000004864","SLC25A13",-0.613952526370046,2.73337963990947e-13
"ENSG00000004897","CDC27",-0.264619210386996,0.000162872838402927
"ENSG00000004961","HCCS",0.37517875266698,6.50414966399779e-05
"ENSG00000004975","DVL2",0.0300763925183516,0.872188073449782
"ENSG00000005007","UPF1",0.233169221991205,0.030560093125342
"ENSG00000005059","MCUB",-1.16191137746038,4.87588222097523e-23
"ENSG00000005175","RPAP3",0.230992004302683,0.0123512447569424
"ENSG00000005194","CIAPIN1",0.330206600581012,0.000101967042455525
"ENSG00000005243","COPZ2",0.615947100101152,0.000267533146986847
"ENSG00000005339","CREBBP",0.24899042368992,0.0508806713841998
"ENSG00000005812","FBXL3",0.189812474505531,0.13225038615196
"ENSG00000005882","PDK2",1.71390305767924,7.97381085375784e-13
"ENSG00000005884","ITGA3",-0.933672075793435,3.03100569502206e-15
"ENSG00000006007","GDE1",-0.127167264124188,0.187626998131729
"ENSG00000006282","SPATA20",0.258056459797611,0.0616170799559833
"ENSG00000006377","DLX6",0.00992507306531123,0.988329789139672
"ENSG00000006451","RALA",0.161077605870437,0.062185162079605
"ENSG00000006534","ALDH3B1",0.346022673543826,0.0291844406913327
"ENSG00000006576","PHTF2",-0.299713350792032,0.00203414630909735
"ENSG00000006607","FARP2",-0.183472259507573,0.15309914898424
"ENSG00000006757","PNPLA4",-0.223260510805579,0.182491579835389
"ENSG00000006831","ADIPOR2",-0.138515417662525,0.0604461264735461
"ENSG00000007384","RHBDF1",0.909319852972515,1.22071180502803e-12
"ENSG00000007520","TSR3",0.0417699001728269,0.742467447196443
"ENSG00000008083","JARID2",0.0704396023713835,0.691811374828275
"ENSG00000008382","MPND",0.759679695119644,0.000180465425335527
"ENSG00000008710","PKD1",-0.130492907087231,0.49506261804024
"ENSG00000008853","RHOBTB2",0.626150013209532,1.26991061377929e-05
"ENSG00000008988","RPS20",0.0739483960184865,0.275295988055012
"ENSG00000009954","BAZ1B",-0.232514379204486,0.0197501179246645
"ENSG00000010017","RANBP9",0.132846190632644,0.266162850836886
"ENSG00000010256","UQCRC1",0.129614482518173,0.194200000868891
"ENSG00000010270","STARD3NL",-0.449047572338339,0.00062218869958059
"ENSG00000010278","CD9",-1.06871650292684,9.48755680969757e-05
"ENSG00000010361","FUZ",0.157456129583924,0.15177838559828
"ENSG00000010626","LRRC23",0.339963148003538,0.101704332078903
"ENSG00000010704","HFE",-0.0838353178151506,0.773879217084317
"ENSG00000011143","MKS1",0.212182240244285,0.171795909710611
"ENSG00000011198","ABHD5",0.052718911992212,0.731415454413399
"ENSG00000011275","RNF216",-0.115077379108486,0.295608203648118
"ENSG00000011426","ANLN",-0.314602530420011,0.017951047038185
"ENSG00000011638","LDAF1",0.177227460913628,0.338648863944055
"ENSG00000012048","BRCA1",-0.0504767895451649,0.720638389155093
"ENSG00000012061","ERCC1",0.0375880156281015,0.749746598242551
"ENSG00000012963","UBR7",-0.0254046793304076,0.852540507850925
"ENSG00000013288","MAN2B2",0.504626013831404,0.000941147496317809
"ENSG00000013306","SLC25A39",0.0599754165635318,0.586838797487253
"ENSG00000013392","RWDD2A",0.604296436035124,0.013712220332217
"ENSG00000013441","CLK1",-0.169888826321873,0.356889164218846
"ENSG00000013503","POLR3B",-0.463606135064844,2.70323901758187e-06
"ENSG00000013561","RNF14",0.172869879270855,0.0987451048728631
"ENSG00000013810","TACC3",-0.284409688285581,0.0220458351622295
"ENSG00000014138","POLA2",-0.137410166671313,0.384518626245254
"ENSG00000014641","MDH1",0.0609056288074758,0.644878914559016
"ENSG00000014919","COX15",0.0540228461264453,0.723254664661085
"ENSG00000015171","ZMYND11",-0.698963093594851,2.10986310541153e-21
"ENSG00000016082","ISL1",0.0620575029644318,0.853287572989689
"ENSG00000016864","GLT8D1",-0.145478565762142,0.277452165053123
"ENSG00000018699","TTC27",-0.349164090798395,0.00135967122335654
"ENSG00000019549","SNAI2",0.185208133183367,0.349372771356074
"ENSG00000019995","ZRANB1",0.261450120676338,0.00204757935216928
"ENSG00000020256","ZFP64",0.0213676218278667,0.90234417670637
"ENSG00000020922","MRE11",-0.0914142810992002,0.471646854745667
"ENSG00000021355","SERPINB1",-0.0425662853299359,0.886097946475146
"ENSG00000022277","RTF2",0.217646130830966,2.65693784595172e-05
"ENSG00000023041","ZDHHC6",-0.384359364154308,0.000121113662475465
"ENSG00000023191","RNH1",0.210315644079525,0.0110242838508341
"ENSG00000023516","AKAP11",0.171999451386806,0.0897834926547783
"ENSG00000023697","DERA",0.392235339050664,0.000967833727016566
"ENSG00000023839","ABCC2",0.557399135950988,0.0432503887940267
"ENSG00000025434","NR1H3",0.411837959225446,0.0623625678757566
"ENSG00000026508","CD44",0.271338048531678,2.46658387447798e-05
"ENSG00000026652","AGPAT4",-0.263349650615061,0.0716821969309291
"ENSG00000026950","BTN3A1",0.390303803192672,0.0433422844931195
"ENSG00000027001","MIPEP",-0.670933250080937,2.15815952093185e-05
"ENSG00000027847","B4GALT7",0.227617329460423,0.0406492873076721
"ENSG00000028310","BRD9",-0.102457276589887,0.327701573073532
"ENSG00000028528","SNX1",0.114656845620322,0.184116389895595
"ENSG00000029725","RABEP1",-0.352580193830832,9.03388370114715e-05
"ENSG00000029993","HMGB3",-0.0860004884138468,0.63031915016314
"ENSG00000031003","FAM13B",0.384486747931408,0.0148101080359558
"ENSG00000031823","RANBP3",-0.00859177902550204,0.961628588670398
"ENSG00000032389","EIPR1",-0.596627989259233,3.7642307698412e-09
"ENSG00000033030","ZCCHC8",-0.194047591821576,0.11826930571501
"ENSG00000033100","CHPF2",0.342845077121806,0.00243076623538025
"ENSG00000033170","FUT8",-0.972832118987865,2.41141361679905e-14
"ENSG00000034713","GABARAPL2",0.174329217051301,0.0869182612510816
"ENSG00000035115","SH3YL1",-0.13215804779941,0.624143004031371
"ENSG00000035141","FAM136A",-0.38053587158774,3.89427760877649e-08
"ENSG00000035403","VCL",-0.308186469705829,0.000545033554543866
"ENSG00000035928","RFC1",0.00176044139918617,0.99807438264485
"ENSG00000036257","CUL3",-0.245403669853188,0.00112073960813496
"ENSG00000037897","METTL1",-0.0123087913269644,0.955618300106097
"ENSG00000038210","PI4K2B",-0.817388357746171,1.1470246747699e-07
"ENSG00000038219","BOD1L1",0.156035804039354,0.179300313394089
"ENSG00000040199","PHLPP2",-0.0342075542027879,0.903902598283022
"ENSG00000040275","SPDL1",-0.112140291737557,0.352809582378342
"ENSG00000040531","CTNS",0.38719241374781,0.0108321095301003
"ENSG00000040633","PHF23",-0.191031577001035,0.0263823654834307
"ENSG00000042088","TDP1",-0.797455296310522,2.38135900601097e-12
"ENSG00000044459","CNTLN",-0.360110593697554,0.000237597408119952
"ENSG00000047365","ARAP2",0.0174369118095073,0.960998411165448
"ENSG00000047410","TPR",-0.217444991782552,0.0769268398093723
"ENSG00000047579","DTNBP1",-0.309092767478007,0.00129444068003513
"ENSG00000047634","SCML1",-0.469925852366621,0.00052826622553379
"ENSG00000047644","WWC3",-0.277026326114289,0.0555032187861515
"ENSG00000047932","GOPC",0.348985561755692,2.30693717105341e-05
"ENSG00000048028","USP28",-0.131963347448183,0.280352392979065
"ENSG00000048342","CC2D2A",0.12258208940018,0.385675933582676
"ENSG00000048405","ZNF800",-0.188030039077524,0.0703019504786477
"ENSG00000048991","R3HDM1",-0.681316677507477,2.47789050816687e-14
"ENSG00000049192","ADAMTS6",-0.589295351070561,0.00205673591615012
"ENSG00000049618","ARID1B",-0.327778892204251,0.000339879356572708
"ENSG00000050130","JKAMP",0.204067324919571,0.0503250354294082
"ENSG00000050327","ARHGEF5",0.946749239402295,2.77131950216078e-05
"ENSG00000050344","NFE2L3",-0.0416451514503036,0.837056390757247
"ENSG00000050393","MCUR1",0.0148941592975487,0.902908251636753
"ENSG00000050438","SLC4A8",0.0362873501627991,0.909108778463315
"ENSG00000050748","MAPK9",-0.909152737129619,1.28751680221896e-23
"ENSG00000051180","RAD51",-0.423963511806202,0.00560065241539739
"ENSG00000051341","POLQ",-0.109884618217833,0.51364955448864
"ENSG00000051382","PIK3CB",-0.374197761302129,0.000118775092504795
"ENSG00000051825","MPHOSPH9",-0.335167830651973,0.0057609861982947
"ENSG00000052723","SIKE1",0.715558242325319,1.08821903290836e-20
"ENSG00000053501","USE1",0.128575230232716,0.37376735394121
"ENSG00000053770","AP5M1",-0.00719421338603418,0.979680087205806
"ENSG00000054116","TRAPPC3",0.0165670042025905,0.92660201209835
"ENSG00000054277","OPN3",0.372746438437892,0.0343208983587446
"ENSG00000054598","FOXC1",0.420729423753257,1.61261000709894e-05
"ENSG00000054967","RELT",0.395026077807829,0.000951252121607242
"ENSG00000055950","MRPL43",0.0146836013531116,0.940923483273346
"ENSG00000056097","ZFR",-0.0865864651230732,0.396136690887151
"ENSG00000056277","ZNF280C",-0.254399730711276,0.129505527906395
"ENSG00000057019","DCBLD2",-0.776090701903392,4.8905451903736e-19
"ENSG00000057704","TMCC3",0.0292426070454201,0.930438402845965
"ENSG00000057935","MTA3",0.217653125510853,0.15708086389024
"ENSG00000058056","USP13",-0.467468948131443,3.64243382798099e-08
"ENSG00000058729","RIOK2",0.204531359353215,0.0535063623070572
"ENSG00000058799","YIPF1",0.577538868724703,1.39437350592936e-06
"ENSG00000059377","TBXAS1",-0.257425672822006,0.230562520542904
"ENSG00000060237","WNK1",-0.266993532418517,0.00457214481335957
"ENSG00000060339","CCAR1",-0.0729220118778482,0.423513400957638
"ENSG00000060749","QSER1",-0.181670596530944,0.118357893125933
"ENSG00000060971","ACAA1",0.339323820237149,0.00163736664294078
"ENSG00000061936","SFSWAP",0.175600574627696,0.0702345374072757
"ENSG00000062194","GPBP1",0.120535312580653,0.0895022801546315
"ENSG00000062650","WAPL",0.0354311341001335,0.790185878385436
"ENSG00000062822","POLD1",-0.232044536781002,0.181127238991661
"ENSG00000064419","TNPO3",-0.133634653791841,0.142969432759393
"ENSG00000064490","RFXANK",-0.00259983369318104,0.998612218527151
"ENSG00000064547","LPAR2",0.665235672508162,0.0406845199336256
"ENSG00000064607","SUGP2",0.274529687507534,0.00110013426459286
"ENSG00000064652","SNX24",-0.879475097717721,1.63022669660687e-11
"ENSG00000064703","DDX20",-0.0119681355481314,0.948633103951721
"ENSG00000064961","HMG20B",0.0239558800885666,0.885350516532049
"ENSG00000065060","BLTP3A",-0.0941130245544929,0.617460984147055
"ENSG00000065243","PKN2",-0.00726842776133787,0.975083114828708
"ENSG00000065308","TRAM2",-0.010632232772217,0.968359745876077
"ENSG00000065518","NDUFB4",0.0161441010072266,0.903412514228064
"ENSG00000065526","SPEN",0.14080000964394,0.298914736063794
"ENSG00000065613","SLK",-0.0734811966397971,0.575827120018855
"ENSG00000065618","COL17A1",-0.224318667500067,0.241838813132845
"ENSG00000065802","ASB1",-0.481179594807842,4.48980139575454e-06
"ENSG00000065833","ME1",-0.508514308223592,1.18585117332807e-05
"ENSG00000065883","CDK13",-0.103962279408305,0.371644546740265
"ENSG00000065970","FOXJ2",0.240325028305169,0.0295518355489003
"ENSG00000066044","ELAVL1",-0.337148115853181,0.00026860731271239
"ENSG00000066117","SMARCD1",-0.408194349292667,5.7583473145763e-05
"ENSG00000066279","ASPM",-0.586666754638856,0.00015301787982637
"ENSG00000066379","POLR1H",-0.0845838833000707,0.567899393123154
"ENSG00000066629","EML1",-0.305652338348522,0.144956849236826
"ENSG00000066654","THUMPD1",0.0137462383390264,0.908013437765905
"ENSG00000066926","FECH",0.0742186408506878,0.671216914686482
"ENSG00000067141","NEO1",-0.0764081343719863,0.813661883487737
"ENSG00000067167","TRAM1",0.607282266281711,3.79925769932399e-16
"ENSG00000067221","STOML1",-0.0660302247091238,0.769615903511913
"ENSG00000067248","DHX29",0.141182820791902,0.0910917498713614
"ENSG00000067365","METTL22",-0.104342415641866,0.563996417972
"ENSG00000067445","TRO",0.22690434534791,0.386459237148382
"ENSG00000067715","SYT1",-0.462880220888889,0.0573693830962771
"ENSG00000067900","ROCK1",-0.106878653727114,0.329618010498797
"ENSG00000067955","CBFB",-0.244870331188893,0.000897903604593627
"ENSG00000068308","OTUD5",0.152489022284535,0.132074026050549
"ENSG00000068323","TFE3",-0.191878042935861,0.184435079779051
"ENSG00000068354","TBC1D25",-0.107359287397423,0.479756455376486
"ENSG00000068394","GPKOW",0.140182726111489,0.413874396942139
"ENSG00000068438","FTSJ1",-0.222184653647925,0.0342504004949161
"ENSG00000068489","PRR11",-0.841811006619964,5.20319357958818e-14
"ENSG00000068697","LAPTM4A",0.237250376546007,0.00294128718208215
"ENSG00000068784","SRBD1",-0.031478956017791,0.841066932109416
"ENSG00000068985","PAGE1",0.0920194383372943,0.754899645922858
"ENSG00000069011","PITX1",0.0246777800576823,0.891298220605254
"ENSG00000069248","NUP133",-0.243212767787324,0.0478638408575201
"ENSG00000069275","NUCKS1",-0.925106694690965,3.3818830959557e-23
"ENSG00000069424","KCNAB2",-0.296023104321271,0.105284158346139
"ENSG00000069696","DRD4",-0.537821401008104,0.0634278214934883
"ENSG00000069702","TGFBR3",-0.643938563325015,9.65064801319703e-06
"ENSG00000069869","NEDD4",-0.253869969809835,0.0549573566110705
"ENSG00000069943","PIGB",-0.196468365116247,0.281521710579329
"ENSG00000070047","PHRF1",0.00426915993443613,0.992145014826152
"ENSG00000070087","PFN2",-0.493667952371595,1.40818245352413e-06
"ENSG00000070366","SMG6",-0.363205030737714,0.000695573244357885
"ENSG00000070404","FSTL3",1.25888130760913,8.51974821318557e-14
"ENSG00000070423","RNF126",-0.249359268863598,0.030237812238493
"ENSG00000070476","ZXDC",0.222950443207725,0.0647362559631339
"ENSG00000070610","GBA2",0.108059753878383,0.484621764987651
"ENSG00000070614","NDST1",-0.17684174905932,0.175953255628706
"ENSG00000070756","PABPC1",-0.370442016674891,0.000309798788104554
"ENSG00000070770","CSNK2A2",-0.0109228335378728,0.947058199220399
"ENSG00000070831","CDC42",0.170603038316526,0.499713683948634
"ENSG00000070950","RAD18",-0.357953513081834,0.000350866886559828
"ENSG00000071054","MAP4K4",-0.994215683862894,1.24175670072661e-19
"ENSG00000071205","ARHGAP10",-0.133145822474647,0.157483504638404
"ENSG00000071242","RPS6KA2",-2.06771249252814,7.39868733480776e-17
"ENSG00000071539","TRIP13",-0.119587579919947,0.388723174630917
"ENSG00000071553","ATP6AP1",0.561294729453463,1.05963472480955e-09
"ENSG00000071564","TCF3",-0.00140304947817217,0.999433637321825
"ENSG00000071655","MBD3",-0.0228032148915428,0.91278597631792
"ENSG00000072195","SPEG",0.192861612052698,0.353453384209549
"ENSG00000072422","RHOBTB1",-0.0161747916568054,0.960907696119422
"ENSG00000072506","HSD17B10",0.245832117117006,0.00383884897247367
"ENSG00000072518","MARK2",0.277097936268546,0.0129138990086895
"ENSG00000072571","HMMR",-0.688972346361009,0.000306219967576028
"ENSG00000072818","ACAP1",0.38530029370123,0.122514590649356
"ENSG00000072864","NDE1",-0.337139607500115,0.00563168538573761
"ENSG00000073417","PDE8A",-0.230122738401181,0.103826524338583
"ENSG00000073584","SMARCE1",0.165446271261775,0.455654403254518
"ENSG00000073803","MAP3K13",0.353249813773483,1.8298829439474e-07
"ENSG00000074181","NOTCH3",-0.0620114453657088,0.860161304817354
"ENSG00000074266","EED",-0.0206146513484815,0.904446095720244
"ENSG00000074319","TSG101",0.365922101198156,0.000162871394587603
"ENSG00000074356","NCBP3",0.250768164855566,0.00336509166398747
"ENSG00000074410","CA12",0.0235211181130502,0.919806371473032
"ENSG00000075218","GTSE1",-0.529443371084276,2.26962519032545e-08
"ENSG00000075223","SEMA3C",-0.297590966745957,0.0570461164029563
"ENSG00000075292","ZNF638",-0.102053667083972,0.412849562982505
"ENSG00000075336","TIMM21",-0.0318860758279059,0.817348636185904
"ENSG00000075407","ZNF37A",0.85417772161117,1.2557477853356e-22
"ENSG00000075539","FRYL",-0.27320064032646,0.00225611098149009
"ENSG00000075624","ACTB",-0.403454373000542,2.20630306326665e-06
"ENSG00000075711","DLG1",-1.00243381748784,1.23091004586765e-21
"ENSG00000075785","RAB7A",-0.234406084364968,3.15439383904552e-05
"ENSG00000076242","MLH1",-0.301827059969887,0.0024828401807396
"ENSG00000076356","PLXNA2",-0.730890877515822,0.000410832485963122
"ENSG00000076382","SPAG5",-0.223456236336363,0.122842963154655
"ENSG00000076706","MCAM",0.0303192673603245,0.932088791893381
"ENSG00000076944","STXBP2",0.614686469376645,0.0470299971616267
"ENSG00000077097","TOP2B",0.00574992657886739,0.976362330857382
"ENSG00000077152","UBE2T",-0.317100358464276,0.0441167595706684
"ENSG00000077312","SNRPA",-0.208279688533682,0.0289362645196493
"ENSG00000077380","DYNC1I2",-0.0793637410691523,0.402543932789187
"ENSG00000077458","FAM76B",-0.419716947886895,0.00250351838999281
"ENSG00000077463","SIRT6",0.730902840338904,6.47260130262208e-09
"ENSG00000077514","POLD3",-0.286135598285736,0.0118272515038308
"ENSG00000077782","FGFR1",0.0231225955757294,0.914778781982727
"ENSG00000077984","CST7",-0.169216033844081,0.580789064714942
"ENSG00000078043","PIAS2",-0.0969494781607436,0.397347016198589
"ENSG00000078070","MCCC1",-0.327549451216171,0.0217264784198085
"ENSG00000078140","UBE2K",-0.0191471520626938,0.868237538562884
"ENSG00000078177","N4BP2",-0.0377502630889947,0.844706242298945
"ENSG00000078674","PCM1",0.154629911405512,0.0980682597996268
"ENSG00000079134","THOC1",-0.216466797719153,0.100364688938597
"ENSG00000079156","OSBPL6",-1.21064865448838,1.86014821066182e-32
"ENSG00000079387","SENP1",-0.439231989913015,3.37654178963109e-06
"ENSG00000079616","KIF22",-0.418772361276488,0.000207364937658372
"ENSG00000079739","PGM1",-0.338647376115811,0.00870087128903296
"ENSG00000080200","CRYBG3",0.208491946186527,0.178798071812206
"ENSG00000080815","PSEN1",0.434570031425292,3.33695476388729e-05
"ENSG00000080824","HSP90AA1",-0.0476103957737412,0.737786800626681
"ENSG00000080839","RBL1",-0.0738372449080349,0.624165956338938
"ENSG00000081051","AFP",1.13304694052131,0.000355375147204462
"ENSG00000081087","OSTM1",-0.0768669218825947,0.649452314317047
"ENSG00000081138","CDH7",-0.0753827421491976,0.825496146070042
"ENSG00000082014","SMARCD3",0.284589442944495,0.171626054441497
"ENSG00000082153","BZW1",-0.355363208714788,3.38752779696524e-05
"ENSG00000082397","EPB41L3",-0.682485430809518,6.87163736901265e-10
"ENSG00000082516","GEMIN5",0.0378819363005552,0.789303783275927
"ENSG00000083093","PALB2",-0.0450725514675054,0.78236609008332
"ENSG00000083099","LYRM2",-0.0998705814495871,0.328052753779379
"ENSG00000083168","KAT6A",0.0585950441480096,0.587138060047488
"ENSG00000083312","TNPO1",0.0207135176524424,0.852262629191382
"ENSG00000083635","NUFIP1",-0.106081273881401,0.209077301109219
"ENSG00000083642","PDS5B",-0.324578940741186,0.000679740829593982
"ENSG00000083817","ZNF416",1.17020221051797,6.44225647914943e-07
"ENSG00000083844","ZNF264",-0.000446908025414918,0.999769847841042
"ENSG00000083845","RPS5",-0.0185312158518351,0.926257636854031
"ENSG00000083857","FAT1",0.37332941374816,0.00632802691056045
"ENSG00000083937","CHMP2B",0.333578628842347,6.42531284710856e-05
"ENSG00000084093","REST",0.113317785282089,0.32827738146151
"ENSG00000084463","WBP11",0.25923749050126,0.00391777668867619
"ENSG00000085224","ATRX",-0.541075175338015,3.68508951021639e-10
"ENSG00000085449","WDFY1",-0.0307150998683972,0.888603181524124
"ENSG00000085491","SLC25A24",-0.112868711459495,0.306133891060272
"ENSG00000085511","MAP3K4",-0.2161368562645,0.0157835271317471
"ENSG00000085733","CTTN",-0.030236657660455,0.849044810888714
"ENSG00000085840","ORC1",-0.0411748040581344,0.848432503191991
"ENSG00000085982","USP40",-0.383832333289601,2.47275678160739e-06
"ENSG00000085999","RAD54L",-0.260489107206023,0.147299472576534
"ENSG00000086061","DNAJA1",0.423105593166468,3.41085259780144e-08
"ENSG00000086065","CHMP5",0.133894293542891,0.376159985388341
"ENSG00000086200","IPO11",-0.155415571186125,0.165628216445133
"ENSG00000086544","ITPKC",1.00475320624223,3.2281435760254e-07
"ENSG00000086827","ZW10",-0.161609297977082,0.162264590693547
"ENSG00000087053","MTMR2",-0.30697136462476,0.00068491777313426
"ENSG00000087111","PIGS",0.140052421390288,0.239708649632294
"ENSG00000087301","TXNDC16",-0.301478018975278,0.132486198421379
"ENSG00000087302","RTRAF",0.239476616056034,0.011127831159466
"ENSG00000087338","GMCL1",-0.578383579672953,3.90163370774231e-09
"ENSG00000087470","DNM1L",-0.211077237517877,0.00103247129241052
"ENSG00000087884","AAMDC",0.329042014265571,0.0256252109358001
"ENSG00000088038","CNOT3",0.0295514050378322,0.910044951913711
"ENSG00000088247","KHSRP",-0.0824596119961634,0.419114793239161
"ENSG00000088298","EDEM2",0.414486420897422,0.0134917264567139
"ENSG00000088325","TPX2",-0.362040523757059,0.000702969419637797
"ENSG00000088356","PDRG1",0.293980489250848,0.00620851961222126
"ENSG00000088448","ANKRD10",-0.0634501887519878,0.666814636963829
"ENSG00000088543","C3orf18",0.34507488072061,0.250843387353319
"ENSG00000088726","TMEM40",1.76054053538018,0.00146951246146565
"ENSG00000088808","PPP1R13B",-0.087619990686893,0.649840925641499
"ENSG00000088899","LZTS3",0.565656008188465,0.00287561768200351
"ENSG00000089048","ESF1",-0.106113794766215,0.182799966864733
"ENSG00000089057","SLC23A2",-0.140208115751907,0.318210682988976
"ENSG00000089091","DZANK1",0.031659461626622,0.934496767462436
"ENSG00000089094","KDM2B",0.224869004476916,0.05488626156789
"ENSG00000089127","OAS1",0.605160873741719,0.0123798428721244
"ENSG00000089157","RPLP0",-0.0499564778626515,0.652169254608239
"ENSG00000089220","PEBP1",0.194169491175424,0.0034546964098059
"ENSG00000089737","DDX24",0.44149521084458,4.33343596488056e-14
"ENSG00000089818","NECAP1",-0.369215798308723,0.0103108228719585
"ENSG00000089902","RCOR1",-0.0510407116469527,0.715352359035801
"ENSG00000090470","PDCD7",-0.558323574849874,1.23785411749547e-11
"ENSG00000090487","SPG21",-0.0570978904620127,0.638701109770359
"ENSG00000090565","RAB11FIP3",-0.320067612346452,0.0416717017363905
"ENSG00000090581","GNPTG",0.434775276313497,0.00261737162280098
"ENSG00000090612","ZNF268",0.743471869630734,3.22996180635967e-09
"ENSG00000090621","PABPC4",-0.118681947016608,0.215143461366503
"ENSG00000090889","KIF4A",-0.337075992550115,0.00229052882394916
"ENSG00000090905","TNRC6A",-0.194552255428349,0.0288659844960006
"ENSG00000090932","DLL3",0.366444818837676,0.0492374703325905
"ENSG00000090971","NAT14",-0.283208516585872,0.048644906240448
"ENSG00000090989","EXOC1",-0.159010053478169,0.0569117278227403
"ENSG00000091140","DLD",0.0581653592243314,0.593606064079606
"ENSG00000091436","MAP3K20",-0.452088052264319,2.14152036302539e-12
"ENSG00000091490","SEL1L3",-0.802570542237007,3.46305795190215e-09
"ENSG00000091640","SPAG7",-0.561467609078222,1.32394735341595e-06
"ENSG00000091732","ZC3HC1",0.0215220103211243,0.916379974161843
"ENSG00000091947","TMEM101",-0.0356046575856537,0.851799561077051
"ENSG00000092010","PSME1",0.242063452182134,0.0937332264689809
"ENSG00000092108","SCFD1",-0.227322248749828,0.0108882745889924
"ENSG00000092201","SUPT16H",-0.185179456646657,0.0430475088646736
"ENSG00000092295","TGM1",0.583867649184583,0.0805224106095254
"ENSG00000092330","TINF2",0.270839250369112,0.0399021824611233
"ENSG00000092820","EZR",-0.353702320474733,9.491032430571e-06
"ENSG00000092841","MYL6",-0.0551109358666163,0.760548701214968
"ENSG00000092847","AGO1",-0.173744222569258,0.15177838559828
"ENSG00000092853","CLSPN",-0.127051181420576,0.361084749099784
"ENSG00000092931","MFSD11",0.198190306525813,0.171011996909868
"ENSG00000092964","DPYSL2",-0.503643306234734,3.69545243346469e-07
"ENSG00000093000","NUP50",-0.288232963719225,0.00052450626414602
"ENSG00000093010","COMT",-0.00286624681077191,0.995895782929905
"ENSG00000093217","XYLB",-0.257528531803237,0.0673271005597634
"ENSG00000094841","UPRT",-0.00610086574974802,0.993190614729084
"ENSG00000094880","CDC23",0.0959017809635674,0.44713591754176
"ENSG00000094914","AAAS",-0.376583686003413,0.0008411393625643
"ENSG00000094916","CBX5",-0.0614012392176888,0.649478088271273
"ENSG00000095015","MAP3K1",0.208970023679488,0.162978487413245
"ENSG00000095261","PSMD5",-0.0500244209732747,0.76817961510699
"ENSG00000095319","NUP188",0.200023657807876,0.0996819405647699
"ENSG00000095485","CWF19L1",-0.153322733932491,0.292169510787439
"ENSG00000095564","BTAF1",0.0502006469329482,0.748898888668985
"ENSG00000095637","SORBS1",0.767028476143416,0.0238754757431489
"ENSG00000095787","WAC",-0.0579615651757241,0.318517601199108
"ENSG00000095794","CREM",0.685482906994468,1.07249845113929e-08
"ENSG00000096060","FKBP5",-0.0743510449375808,0.733309556316864
"ENSG00000096063","SRPK1",-0.319369737374626,8.91133963312373e-13
"ENSG00000096401","CDC5L",0.158260936076054,0.0325652534034536
"ENSG00000096654","ZNF184",-0.186680510278294,0.39962222135196
"ENSG00000096717","SIRT1",0.114600591140449,0.451983945577033
"ENSG00000097096","SYDE2",0.456098232157572,0.0109104569369446
"ENSG00000099203","TMED1",0.44868369953986,7.43832607374221e-05
"ENSG00000099246","RAB18",0.0666012804132547,0.500560920727043
"ENSG00000099284","MACROH2A2",0.499101216777574,0.0576050774511479
"ENSG00000099290","WASHC2A",0.512846961550195,2.3149226156586e-05
"ENSG00000099625","CBARP",0.357967941019311,0.0809552207651869
"ENSG00000099942","CRKL",-0.165412549666831,0.112181995216294
"ENSG00000099949","LZTR1",0.282022908964981,0.0352209273790418
"ENSG00000099992","TBC1D10A",0.457112988707107,0.0505950235659895
"ENSG00000099999","RNF215",0.120673087440438,0.671327167670164
"ENSG00000100003","SEC14L2",1.02009355645659,5.44020756862779e-07
"ENSG00000100055","CYTH4",2.00029205269596,2.58490129870414e-09
"ENSG00000100097","LGALS1",-0.251384546946252,0.0141214874971393
"ENSG00000100100","PIK3IP1",0.293956740476414,0.308467868436272
"ENSG00000100106","TRIOBP",-0.128661442351677,0.390865551079529
"ENSG00000100116","GCAT",0.365598042849579,0.0451391217173882
"ENSG00000100162","CENPM",-0.316939968373319,0.0251107333972694
"ENSG00000100207","TCF20",0.0819552358652593,0.559104795249149
"ENSG00000100209","HSCB",0.443506941497993,0.00116900410122079
"ENSG00000100266","PACSIN2",0.157605556965089,0.144493598976345
"ENSG00000100316","RPL3",-0.0938942273999564,0.44856079602762
"ENSG00000100325","ASCC2",0.332386758147455,3.9632667002638e-05
"ENSG00000100344","PNPLA3",0.325378567615181,0.149113953377969
"ENSG00000100348","TXN2",0.368415656160117,4.35344321534503e-09
"ENSG00000100353","EIF3D",0.168126665862793,0.0153336316651559
"ENSG00000100380","ST13",-0.14821075699564,0.051745410575543
"ENSG00000100387","RBX1",-0.0801730214667833,0.573484599599165
"ENSG00000100401","RANGAP1",0.0694396735903475,0.586189565282841
"ENSG00000100412","ACO2",-0.260968776472122,0.000146968295651969
"ENSG00000100416","TRMU",-0.0155555313986489,0.950418522985601
"ENSG00000100425","BRD1",-0.0769886431922747,0.68802829225012
"ENSG00000100426","ZBED4",-0.0892941677633164,0.54209784372155
"ENSG00000100441","KHNYN",0.619992380482113,1.85492175312194e-06
"ENSG00000100503","NIN",-0.173435424266886,0.18139829341885
"ENSG00000100554","ATP6V1D",0.316693528854604,0.000566071639324725
"ENSG00000100568","VTI1B",-0.104460010038378,0.211319199111635
"ENSG00000100578","KIAA0586",-0.397015344982363,0.00020280080518946
"ENSG00000100580","TMED8",-0.655978538693039,6.2085668513545e-12
"ENSG00000100592","DAAM1",1.35662145033573,4.62599521337213e-25
"ENSG00000100600","LGMN",0.703522396597344,1.05717834041113e-05
"ENSG00000100722","ZC3H14",0.0807631218617439,0.275295988055012
"ENSG00000100744","GSKIP",-0.107525578601261,0.522394498101389
"ENSG00000100749","VRK1",-0.20004970409907,0.049301587823547
"ENSG00000100784","RPS6KA5",-1.12999626697778,1.37320459697894e-08
"ENSG00000100796","PPP4R3A",0.31333097318099,0.000722632675150006
"ENSG00000100802","C14orf93",-0.241172949074776,0.25099744362645
"ENSG00000100811","YY1",-0.295088931448913,1.62057253072247e-09
"ENSG00000100813","ACIN1",-0.0237562765016387,0.893083170256356
"ENSG00000100865","CINP",-0.068837219976542,0.586035509555764
"ENSG00000100883","SRP54",0.207916635145925,0.00497132854313944
"ENSG00000100897","DCAF11",-0.176144103032825,0.165713710209657
"ENSG00000100908","EMC9",-0.259225652523965,0.0862089434763495
"ENSG00000100911","PSME2",0.597974402124669,3.52407105617148e-08
"ENSG00000100934","SEC23A",-0.122528790858395,0.288951042079639
"ENSG00000100938","GMPR2",-0.615189796549749,6.01542851775429e-08
"ENSG00000100991","TRPC4AP",-0.190867138686505,0.0748360093709207
"ENSG00000100994","PYGB",-0.621384809371208,3.02920532578924e-13
"ENSG00000100997","ABHD12",-0.000529087941918037,0.999769847841042
"ENSG00000101003","GINS1",-0.350574765462071,0.00988453098035463
"ENSG00000101019","UQCC1",-0.0384683422391363,0.821880588336669
"ENSG00000101052","IFT52",-0.352499274627743,0.0510526010659746
"ENSG00000101084","RAB5IF",0.249524231661258,0.0277346342040094
"ENSG00000101126","ADNP",-0.21129445341402,0.0401389368036074
"ENSG00000101182","PSMA7",-0.116843093758321,0.186472832652039
"ENSG00000101191","DIDO1",0.384156224962309,0.000247483834905453
"ENSG00000101230","ISM1",0.251076780858948,0.280169828010342
"ENSG00000101246","ARFRP1",-1.02449938984586,5.18261459165458e-12
"ENSG00000101310","SEC23B",0.0976517415276321,0.389073699589406
"ENSG00000101337","TM9SF4",-0.0646400034429729,0.669938500149808
"ENSG00000101346","POFUT1",-0.136354023962083,0.0570232026245078
"ENSG00000101407","TTI1",-0.191854830799061,0.130618710372781
"ENSG00000101439","CST3",0.622490658381833,8.48577492550982e-14
"ENSG00000101457","DNTTIP1",-0.48472713351363,1.43319227428759e-05
"ENSG00000101473","ACOT8",-0.00136636344893583,0.999769847841042
"ENSG00000101557","USP14",-0.316873770977286,1.18803052163329e-10
"ENSG00000101558","VAPA",-0.132961631170851,0.0855937039578651
"ENSG00000101596","SMCHD1",-0.0435756430023218,0.783837924290248
"ENSG00000101624","CEP76",0.590583534869272,4.00999743862881e-05
"ENSG00000101639","CEP192",-0.00244379919501731,0.999207403731703
"ENSG00000101680","LAMA1",-0.04791143368756,0.852689255605363
"ENSG00000101773","RBBP8",-0.298535260635164,0.00166456016827253
"ENSG00000101811","CSTF2",0.0707777791595573,0.588719799923874
"ENSG00000101882","NKAP",0.403579971947555,4.75525276907037e-06
"ENSG00000101928","MOSPD1",1.14325715234994,1.1609507190378e-17
"ENSG00000101974","ATP11C",-0.616285100577097,2.91476018626554e-11
"ENSG00000101986","ABCD1",1.2037466072245,3.54663676010108e-05
"ENSG00000102057","KCND1",-0.343979272061885,0.241963038792391
"ENSG00000102100","SLC35A2",0.369803299952261,0.000456704286509055
"ENSG00000102181","CD99L2",-0.183882258132215,0.253298106514058
"ENSG00000102189","EEA1",-0.314419083422267,0.00228244272510936
"ENSG00000102221","JADE3",-0.0148624634837388,0.964238003649456
"ENSG00000102241","HTATSF1",0.157032506083654,0.114465178153175
"ENSG00000102312","PORCN",0.976121687745568,4.01876558643576e-05
"ENSG00000102359","SRPX2",0.196651252822356,0.339879356788677
"ENSG00000102471","NDFIP2",0.0723544977983279,0.626343519185881
"ENSG00000102753","KPNA3",-0.647510338337996,2.04160856391567e-16
"ENSG00000102780","DGKH",-0.111443233662352,0.393126612785824
"ENSG00000102796","DHRS12",0.139762693553844,0.656375095782398
"ENSG00000102897","LYRM1",-0.0401797989227117,0.842789214278288
"ENSG00000102908","NFAT5",0.152867252601785,0.39083333624033
"ENSG00000102974","CTCF",0.0946404817999691,0.395911142974239
"ENSG00000102977","ACD",0.0754633910038277,0.601551459239894
"ENSG00000103005","USB1",0.357401264513818,0.0007252190862237
"ENSG00000103024","NME3",-0.0313836553088278,0.926295305289247
"ENSG00000103043","VAC14",-0.289875065425041,0.0494189745192386
"ENSG00000103064","SLC7A6",0.183038166656255,0.146156799632385
"ENSG00000103091","WDR59",-0.221368864660275,0.062532781952419
"ENSG00000103111","MON1B",-0.350557888112687,4.04490515295438e-05
"ENSG00000103121","CMC2",-0.0217001401617134,0.882793253197906
"ENSG00000103145","HCFC1R1",-0.296464975189351,0.0021653841977462
"ENSG00000103152","MPG",0.0449783462246096,0.832819483705816
"ENSG00000103194","USP10",-0.0898385239544233,0.222806671425346
"ENSG00000103197","TSC2",0.00209559215112071,0.998638668479931
"ENSG00000103202","NME4",-0.206752047402203,0.0358747522839306
"ENSG00000103248","MTHFSD",0.200395724026934,0.235870230366794
"ENSG00000103254","ANTKMT",-0.576426982316211,0.000448479272194549
"ENSG00000103274","NUBP1",-0.150790645197146,0.234161846988452
"ENSG00000103275","UBE2I",-0.161289287053717,0.0697427859412985
"ENSG00000103319","EEF2K",-0.676978344660041,6.72598169512946e-10
"ENSG00000103335","PIEZO1",-0.827584099015821,9.27145814580105e-11
"ENSG00000103342","GSPT1",-0.192471992945338,0.00364078550556896
"ENSG00000103356","EARS2",-0.18675750229458,0.166140625410587
"ENSG00000103363","ELOB",0.616262607824519,4.5194794373238e-17
"ENSG00000103365","GGA2",-0.031836779848345,0.86412267179512
"ENSG00000103381","CPPED1",-0.52400216993117,2.87235756399315e-06
"ENSG00000103479","RBL2",-0.0620134686842522,0.735512256440617
"ENSG00000103490","PYCARD",0.891533014353134,0.0137661478910894
"ENSG00000103495","MAZ",-0.148971600929361,0.129300802450677
"ENSG00000103510","KAT8",-0.504703891814937,0.000437463984605656
"ENSG00000103540","CCP110",-0.264524920000529,0.00490578535866603
"ENSG00000103544","VPS35L",-0.205849114569582,0.0508626035814061
"ENSG00000103591","AAGAB",-0.0666229978767498,0.615661037816806
"ENSG00000103671","TRIP4",0.0232975749011743,0.911292344047263
"ENSG00000103769","RAB11A",-0.0147427825652034,0.907964354100584
"ENSG00000103852","TTC23",-0.344929157404733,0.0607304401793003
"ENSG00000103876","FAH",0.307893787246486,0.0048943776774895
"ENSG00000103932","RPAP1",0.286017980774899,0.00302885127055591
"ENSG00000103995","CEP152",-0.297662030735526,0.00824854985755573
"ENSG00000104067","TJP1",-0.215594108181647,0.0794872884996378
"ENSG00000104081","BMF",1.02368399842755,0.011802212176596
"ENSG00000104142","VPS18",0.757763279509462,1.44814364176314e-08
"ENSG00000104154","SLC30A4",-0.0537842105184428,0.861111394743477
"ENSG00000104164","BLOC1S6",-0.0669067780770655,0.479257842791028
"ENSG00000104177","MYEF2",-0.615838818326578,5.32791466536416e-06
"ENSG00000104312","RIPK2",0.382054353961104,0.00016494338209952
"ENSG00000104325","DECR1",0.148595628329366,0.282958548614465
"ENSG00000104343","UBE2W",-0.0934128238660939,0.51455241123656
"ENSG00000104356","POP1",-0.000510598630624996,0.999769847841042
"ENSG00000104375","STK3",-0.858254739725502,1.69147345743083e-13
"ENSG00000104442","ARMC1",-0.349994851228093,6.51032013088899e-06
"ENSG00000104450","SPAG1",0.340496867030892,0.0139754947802485
"ENSG00000104517","UBR5",0.167903469544818,0.107497823198665
"ENSG00000104518","GSDMD",0.0383185590209652,0.880414748840385
"ENSG00000104522","GFUS",0.179632304751628,0.132392866010224
"ENSG00000104626","ERI1",-0.646499931649915,3.07252531394122e-10
"ENSG00000104671","DCTN6",0.244641216474214,0.0312573945562616
"ENSG00000104723","TUSC3",-0.307274322695512,4.61877763333104e-05
"ENSG00000104731","KLHDC4",-0.548591795706934,5.30033865490057e-05
"ENSG00000104763","ASAH1",0.563732310923641,6.41125604019298e-08
"ENSG00000104812","GYS1",0.13261836425389,0.442424510594015
"ENSG00000104823","ECH1",0.478853753102981,1.72500761618508e-05
"ENSG00000104852","SNRNP70",0.413069383260112,2.58450473492774e-07
"ENSG00000104859","CLASRP",-0.226114984207131,0.176799370313068
"ENSG00000104885","DOT1L",0.281223705759854,0.0468110836482784
"ENSG00000104899","AMH",0.0434482191667049,0.897461383019258
"ENSG00000104946","TBC1D17",0.0197272381446299,0.948270423368333
"ENSG00000104969","SGTA",0.273568722727991,0.100666340545703
"ENSG00000104998","IL27RA",0.274877580174762,0.010360086773704
"ENSG00000105011","ASF1B",-0.169026623521376,0.142048087076371
"ENSG00000105053","VRK3",0.760239021061146,2.15904145021215e-12
"ENSG00000105127","AKAP8",0.367193403017087,4.31605650800816e-06
"ENSG00000105136","ZNF419",0.0761279481674852,0.725908631690987
"ENSG00000105202","FBL",-0.0180965506644976,0.923389905603829
"ENSG00000105223","PLD3",0.480822149447829,0.0058931528186075
"ENSG00000105248","YJU2",0.0351736501485727,0.866171167389903
"ENSG00000105254","TBCB",-0.0950299551580216,0.390087623637646
"ENSG00000105258","POLR2I",0.0526382860484309,0.663809918247535
"ENSG00000105298","CACTIN",0.138869667350923,0.335731005535273
"ENSG00000105323","HNRNPUL1",-0.424844552696853,1.22112703010683e-07
"ENSG00000105355","PLIN3",0.220768829247645,0.0321865987255383
"ENSG00000105372","RPS19",0.207006741499235,0.0431795746026358
"ENSG00000105379","ETFB",0.321695125108151,0.000513184427967946
"ENSG00000105393","BABAM1",-0.289079916054432,5.92532313036589e-05
"ENSG00000105419","MEIS3",0.839889575018515,0.0143232496215268
"ENSG00000105426","PTPRS",0.100933706066726,0.630442900688103
"ENSG00000105429","MEGF8",-0.891179132765241,7.76774472310458e-06
"ENSG00000105443","CYTH2",0.212044675721816,0.0870720047272434
"ENSG00000105486","LIG1",-0.309425413671219,0.0379767695070662
"ENSG00000105499","PLA2G4C",0.133948058352228,0.669237840282197
"ENSG00000105559","PLEKHA4",2.25103307380881,4.99429095760708e-08
"ENSG00000105607","GCDH",0.0685361843916601,0.717150673121756
"ENSG00000105619","TFPT",0.309900194899358,0.0142987127119935
"ENSG00000105656","ELL",0.354287255199093,0.00149296257551766
"ENSG00000105669","COPE",0.40190602235143,0.000353816601120104
"ENSG00000105677","TMEM147",0.0681208571069282,0.64253369167524
"ENSG00000105696","TMEM59L",0.129583664472201,0.66433820742312
"ENSG00000105705","SUGP1",0.150039127289376,0.211384678418684
"ENSG00000105810","CDK6",-0.220611546218798,0.0870494080209009
"ENSG00000105854","PON2",0.257654311510594,0.00344758251509648
"ENSG00000105855","ITGB8",-0.027110185327645,0.947479570981547
"ENSG00000105856","HBP1",0.332842946473905,0.0653513967323558
"ENSG00000105866","SP4",0.196178893762804,0.251105065388527
"ENSG00000105939","ZC3HAV1",0.208840661457325,0.0249993885570101
"ENSG00000106052","TAX1BP1",0.385221464583075,6.88479758513852e-07
"ENSG00000106066","CPVL",-2.80722717166645,0.000137522864352459
"ENSG00000106144","CASP2",-0.00276967394484987,0.996700252507754
"ENSG00000106261","ZKSCAN1",-0.0453831409652063,0.704814413864049
"ENSG00000106278","PTPRZ1",-0.202193634640896,0.450675776453213
"ENSG00000106299","WASL",0.209641769036297,0.0199482009513661
"ENSG00000106344","RBM28",0.0698287482206772,0.588121558095167
"ENSG00000106397","PLOD3",-0.0583348645105555,0.596828346567936
"ENSG00000106399","RPA3",-0.269473249502895,0.0414393531286542
"ENSG00000106400","ZNHIT1",0.0459117251424357,0.754395042414861
"ENSG00000106477","CEP41",-0.486230439498386,8.63334244702986e-10
"ENSG00000106571","GLI3",-0.656287175845378,7.83040469540925e-08
"ENSG00000106588","PSMA2",0.00911531133266562,0.991305082777353
"ENSG00000106636","YKT6",0.246247564385914,0.00400901341963111
"ENSG00000106683","LIMK1",-0.273263566429488,0.0457563371644754
"ENSG00000106803","SEC61B",0.0715116894878137,0.520765768110924
"ENSG00000106804","C5",-0.221628635265678,0.441095980919372
"ENSG00000106993","CDC37L1",0.288484512484601,0.00769579771784087
"ENSG00000107185","RGP1",0.0462968476503439,0.80023975291588
"ENSG00000107362","ABHD17B",0.241489500245075,0.0322493504499254
"ENSG00000107521","HPS1",0.101552201605098,0.474162979675053
"ENSG00000107554","DNMBP",-0.128194736635327,0.191216276568673
"ENSG00000107581","EIF3A",-0.254914350627721,0.0289341158218719
"ENSG00000107611","CUBN",-0.492784225704686,0.0468771372212254
"ENSG00000107672","NSMCE4A",-0.439920662834626,1.48019257369866e-05
"ENSG00000107938","EDRF1",-0.229185434203106,0.0321290347366669
"ENSG00000108021","TASOR2",0.318693886862961,0.00213036532477009
"ENSG00000108094","CUL2",-0.335473838286093,0.00394500625590024
"ENSG00000108106","UBE2S",-0.564194230683782,0.000529401517747372
"ENSG00000108219","TSPAN14",0.103399002255642,0.293833899416737
"ENSG00000108256","NUFIP2",-0.373147949489933,3.18319541488455e-06
"ENSG00000108298","RPL19",0.0939328058924802,0.200080204628921
"ENSG00000108312","UBTF",-0.101698205545188,0.434146980663943
"ENSG00000108349","CASC3",0.00823812341105811,0.955618300106097
"ENSG00000108379","WNT3",-0.0767244977689654,0.779134491820521
"ENSG00000108384","RAD51C",0.170973300720968,0.202839131686226
"ENSG00000108424","KPNB1",-0.545473724919592,4.54062210226108e-17
"ENSG00000108443","RPS6KB1",-0.234241807562021,0.0313489833722817
"ENSG00000108468","CBX1",-0.369523784689153,7.69698129167327e-05
"ENSG00000108479","GALK1",0.138442548003456,0.423513400957638
"ENSG00000108506","INTS2",-0.231210872994384,0.148064793105031
"ENSG00000108510","MED13",-0.0561729319022818,0.677528718279363
"ENSG00000108641","B9D1",-0.438328662468175,0.00698521381755644
"ENSG00000108679","LGALS3BP",0.0908786290897047,0.638539890572267
"ENSG00000108733","PEX12",0.420539141338861,0.00745127698618478
"ENSG00000108784","NAGLU",-0.345551098429689,0.0364862049525739
"ENSG00000108788","MLX",-0.190353236524398,0.149075487036785
"ENSG00000108826","MRPL27",0.307882958061701,0.00421326395144618
"ENSG00000108846","ABCC3",0.402961889688438,0.0630532209286117
"ENSG00000108946","PRKAR1A",0.0167941151581662,0.86671134836688
"ENSG00000108961","RANGRF",-0.146066808321813,0.25327640367512
"ENSG00000109065","NAT9",-0.0085563555143017,0.984457037588963
"ENSG00000109066","TMEM104",-0.499216879144281,0.00262840801785363
"ENSG00000109083","IFT20",0.287139028112495,0.0337227164975294
"ENSG00000109084","TMEM97",-0.23799166786367,0.0231503711029976
"ENSG00000109103","UNC119",0.499948057034942,3.44504747132382e-06
"ENSG00000109180","OCIAD1",-0.335151761696235,0.00030638154280856
"ENSG00000109184","DCUN1D4",-0.359316088633329,0.00152471083046944
"ENSG00000109189","USP46",0.105694880011971,0.40688913406923
"ENSG00000109270","LAMTOR3",-0.00208402922123676,0.999433637321825
"ENSG00000109320","NFKB1",-0.219361661272783,0.0302015992602809
"ENSG00000109381","ELF2",-0.0973481173338928,0.442431086579231
"ENSG00000109390","NDUFC1",0.297845890975837,1.94431527156962e-05
"ENSG00000109452","INPP4B",0.0461255341813439,0.839426332165342
"ENSG00000109472","CPE",0.644448968937601,0.000452064508990635
"ENSG00000109654","TRIM2",-0.154223045028156,0.46346459863403
"ENSG00000109674","NEIL3",-0.0903339404318914,0.639107661388928
"ENSG00000109680","TBC1D19",0.394470080517141,0.127547459328987
"ENSG00000109685","NSD2",-0.845555635805579,3.59914492361613e-25
"ENSG00000109805","NCAPG",-0.230819247444794,0.0364496687700276
"ENSG00000109917","ZPR1",0.516706144609236,1.18540438742288e-11
"ENSG00000109919","MTCH2",-0.160288461163331,0.0762116436382668
"ENSG00000110104","CCDC86",0.341637583194304,0.00804848461115667
"ENSG00000110203","FOLR3",0.823730197246468,0.0283317071732175
"ENSG00000110237","ARHGEF17",-0.387333095613164,0.0069266484663437
"ENSG00000110330","BIRC2",0.25347521425123,0.0255965181944655
"ENSG00000110400","NECTIN1",0.301100109431346,0.0111265122717783
"ENSG00000110442","COMMD9",0.201474138970341,0.0911160769038323
"ENSG00000110721","CHKA",-0.177599929225849,0.23342590461765
"ENSG00000110768","GTF2H1",-0.212218279868329,0.0135033127163487
"ENSG00000110844","PRPF40B",0.0392566428118857,0.862946276701629
"ENSG00000110852","CLEC2B",1.62182799220271,6.34756783205452e-05
"ENSG00000110876","SELPLG",3.16867888757786,9.16888457649962e-08
"ENSG00000110906","KCTD10",0.183540767312986,0.127923581200573
"ENSG00000110917","MLEC",0.175011542652149,0.0307135576061825
"ENSG00000110987","BCL7A",-0.0721084181719102,0.71083139376867
"ENSG00000111011","RSRC2",-0.429618494493732,1.28404998524919e-07
"ENSG00000111057","KRT18",-0.164346472817909,0.157137580058699
"ENSG00000111144","LTA4H",0.238210157693195,0.0346333737343313
"ENSG00000111196","MAGOHB",-0.445238076446928,7.45482261907185e-06
"ENSG00000111206","FOXM1",-0.154520451205152,0.355897859248715
"ENSG00000111229","ARPC3",-0.161296494728914,0.100006491327528
"ENSG00000111231","GPN3",-0.0338389998306452,0.855628280929508
"ENSG00000111247","RAD51AP1",-0.326985630579781,0.00340645258814521
"ENSG00000111335","OAS2",2.10750362697894,8.29442020835873e-12
"ENSG00000111371","SLC38A1",-0.235828934256145,0.201672455852201
"ENSG00000111490","TBC1D30",0.125679159889762,0.611266839244644
"ENSG00000111602","TIMELESS",-0.155603418023682,0.191216276568673
"ENSG00000111642","CHD4",0.0474905947011548,0.717150673121756
"ENSG00000111652","COPS7A",-0.28976726246788,0.000581443382722645
"ENSG00000111653","ING4",0.40501678618142,0.0326845710397533
"ENSG00000111665","CDCA3",-0.386711606230806,0.00494315365664391
"ENSG00000111728","ST8SIA1",-0.918334104511821,0.0107987407267801
"ENSG00000111731","C2CD5",-0.778232829623406,1.06450559562548e-06
"ENSG00000111737","RAB35",0.0348973877216582,0.81608139188313
"ENSG00000111775","COX6A1",0.304896250632701,0.00495662480583396
"ENSG00000111801","BTN3A3",0.183665844716575,0.457429156717735
"ENSG00000111802","TDP2",-0.357781767147719,0.00381175216311496
"ENSG00000111843","TMEM14C",-0.211983449088927,0.107995317785913
"ENSG00000111877","MCM9",-0.208151885101706,0.388135295335925
"ENSG00000111880","RNGTT",-0.341816192284365,0.000610201819884392
"ENSG00000111897","SERINC1",0.426952410802589,9.13606081448405e-05
"ENSG00000111906","HDDC2",-0.253237698264218,0.0123849871623785
"ENSG00000112033","PPARD",-0.510572957201145,0.0018664157534396
"ENSG00000112096",NA,0.605746241298692,0.000146354416320345
"ENSG00000112130","RNF8",0.322466953402914,1.78519530911637e-05
"ENSG00000112146","FBXO9",-0.156108652946541,0.107286129243483
"ENSG00000112186","CAP2",-0.147521724209732,0.256102441499863
"ENSG00000112208","BAG2",-0.185912795582535,0.0775953702427743
"ENSG00000112304","ACOT13",-0.225514809323606,0.140210575151612
"ENSG00000112357","PEX7",-0.120251649202164,0.619195156848306
"ENSG00000112365","ZBTB24",0.148327530220138,0.276403635319465
"ENSG00000112379","ARFGEF3",-0.832191827617382,0.0018622970687883
"ENSG00000112514","CUTA",-0.0523749955064196,0.628853982235476
"ENSG00000112559","MDFI",0.506515087767055,0.0235341534419189
"ENSG00000112667","DNPH1",0.0581311663689668,0.734174203223147
"ENSG00000112685","EXOC2",-0.199640141962982,0.0857992698328921
"ENSG00000112701","SENP6",-0.0301753627112873,0.854154520296643
"ENSG00000112742","TTK",-0.194696013576037,0.203801761065375
"ENSG00000112855","HARS2",0.163997092277469,0.213100826380159
"ENSG00000112877","CEP72",-0.508520287523452,0.00339383905164793
"ENSG00000112941","TENT4A",-0.358961265685243,0.00307224863192679
"ENSG00000113240","CLK4",0.262345773982699,0.157584518334136
"ENSG00000113300","CNOT6",-0.107469816300681,0.278371066588403
"ENSG00000113312","TTC1",0.17177925721954,0.031963384474536
"ENSG00000113327","GABRG2",-1.1867815370599,0.00740625663641102
"ENSG00000113552","GNPDA1",0.0796610329167575,0.497578101007492
"ENSG00000113558","SKP1",0.0579996282060348,0.738674782847261
"ENSG00000113575","PPP2CA",-0.450350562729542,7.01803113000952e-05
"ENSG00000113578","FGF1",-1.11086938261569,5.50219505034555e-07
"ENSG00000113583","C5orf15",0.163478896743956,0.121241380382883
"ENSG00000113595","TRIM23",0.202894841137249,0.156876418228493
"ENSG00000113621","TXNDC15",0.311856310397105,0.00241592387946703
"ENSG00000113645","WWC1",-0.250583317539036,0.0887150535161047
"ENSG00000113658","SMAD5",-0.0561805843037955,0.513434272573452
"ENSG00000113732","ATP6V0E1",0.455887327989948,2.01806400335943e-05
"ENSG00000113805","CNTN3",-0.752284234920592,0.0120776909456871
"ENSG00000113810","SMC4",-0.957539361400848,3.85304364091693e-19
"ENSG00000113845","TIMMDC1",-0.000165021242468206,0.999845078087951
"ENSG00000113971","NPHP3",0.390354090046242,0.000451075857223426
"ENSG00000114021","NIT2",-0.2012139700894,0.0649653698633424
"ENSG00000114023","FAM162A",-0.0695552967198681,0.696228754121585
"ENSG00000114054","PCCB",-0.0994295844870111,0.434236716660633
"ENSG00000114107","CEP70",-0.212334080755491,0.128609802296155
"ENSG00000114120","SLC25A36",-0.291350299027618,0.000135818818809763
"ENSG00000114346","ECT2",-0.308175541660881,0.00279787731504402
"ENSG00000114388","NPRL2",0.293439356023555,0.0486064198268634
"ENSG00000114395","CYB561D2",0.245513300056643,0.0478573328813224
"ENSG00000114416","FXR1",0.0421508174327359,0.782306679184401
"ENSG00000114446","IFT57",-0.0424584684222825,0.822628496792738
"ENSG00000114473","IQCG",-0.266624541283619,0.235870230366794
"ENSG00000114544","SLC41A3",-0.236958990047272,0.0638820752492838
"ENSG00000114631","PODXL2",-0.0866068424649629,0.759041281157881
"ENSG00000114735","HEMK1",-0.550234801411274,0.000884513765963461
"ENSG00000114739","ACVR2B",-0.137342164959376,0.496669161686464
"ENSG00000114790","ARHGEF26",-0.120238597212243,0.521252976879789
"ENSG00000114850","SSR3",-0.787922291595023,3.87288818745342e-16
"ENSG00000114857","NKTR",0.464801622472762,4.4192708097123e-05
"ENSG00000114861","FOXP1",-0.150598125107481,0.133690027510722
"ENSG00000114867","EIF4G1",-0.0679748288552186,0.603821082666086
"ENSG00000114902","SPCS1",-0.0353045269574309,0.809911719685091
"ENSG00000114978","MOB1A",-0.208966775301072,0.00994082679437855
"ENSG00000115073","ACTR1B",-0.403430550296969,1.05737187632771e-05
"ENSG00000115128","SF3B6",-0.0594602522845738,0.578474511694034
"ENSG00000115159","GPD2",-0.726636795945871,2.76274727065492e-18
"ENSG00000115204","MPV17",0.0127819054843285,0.949335238709441
"ENSG00000115255","REEP6",0.851642516865652,0.00701268227848359
"ENSG00000115318","LOXL3",-0.374301215331428,0.00735168296678359
"ENSG00000115325","DOK1",-0.199049629066558,0.131222331602093
"ENSG00000115363","EVA1A",-0.129644549067631,0.343122298286784
"ENSG00000115365","LANCL1",-0.437406983365992,7.16962546784993e-06
"ENSG00000115464","USP34",-0.329131226685335,2.41423644743934e-05
"ENSG00000115486","GGCX",0.233877749780343,0.0194598885921484
"ENSG00000115514","TXNDC9",0.0484005730122026,0.785126033280229
"ENSG00000115520","COQ10B",0.169023299099239,0.153109836407224
"ENSG00000115526","CHST10",-0.2054630655315,0.302018746394784
"ENSG00000115604","IL18R1",-0.231086626930818,0.431314540382289
"ENSG00000115661","STK16",-0.214739720194194,0.128970136603335
"ENSG00000115685","PPP1R7",0.0570799989004985,0.546315948225382
"ENSG00000115687","PASK",0.267911742443507,0.1791950868115
"ENSG00000115694","STK25",0.0778811573020237,0.463646679682443
"ENSG00000115705","TPO",0.197620712119866,0.509848075193235
"ENSG00000115756","HPCAL1",-0.553023871471661,4.5716761825139e-06
"ENSG00000115825","PRKD3",-0.0422525093637015,0.731203081006148
"ENSG00000115944","COX7A2L",-0.175788179554976,0.104128163296777
"ENSG00000116044","NFE2L2",-0.0769095329880498,0.534922619028881
"ENSG00000116127","ALMS1",-0.575892250721298,4.0394398549272e-06
"ENSG00000116128","BCL9",-0.419132253286156,0.0110087900426225
"ENSG00000116141","MARK1",-0.195379129899346,0.333191374211213
"ENSG00000116209","TMEM59",0.444252302961705,4.66165841162651e-05
"ENSG00000116212","LRRC42",0.0178135236084499,0.911487562075033
"ENSG00000116237","ICMT",-0.25788934934835,0.00200470725309253
"ENSG00000116260","QSOX1",-0.286874660243873,0.00393062225781814
"ENSG00000116273","PHF13",-0.101823863484082,0.43598988914881
"ENSG00000116337","AMPD2",0.176172881957075,0.123345349521059
"ENSG00000116350","SRSF4",-0.369473861174474,5.79366223254172e-05
"ENSG00000116539","ASH1L",-0.283515368046849,0.0293905229598725
"ENSG00000116641","DOCK7",-0.263512166846615,0.0529673379877922
"ENSG00000116663","FBXO6",1.20053938205312,2.84828276521328e-05
"ENSG00000116679","IVNS1ABP",-0.563757534216449,1.00561345278264e-06
"ENSG00000116688","MFN2",0.398695741558865,3.5381269250187e-09
"ENSG00000116698","SMG7",0.422723000826668,0.000312297228058468
"ENSG00000116731","PRDM2",0.222820476125468,0.100285039378362
"ENSG00000116741","RGS2",1.55293900400808,3.82675688205053e-11
"ENSG00000116750","UCHL5",-0.411472879963548,1.72130438361553e-05
"ENSG00000116774","OLFML3",0.0256237008552783,0.952855537103376
"ENSG00000116791","CRYZ",-0.0728570884813638,0.718153023101264
"ENSG00000116830","TTF2",-0.223283623007799,0.026149944910786
"ENSG00000116852","KIF21B",-1.25038540617725,1.19570131910065e-07
"ENSG00000116857","TMEM9",0.108005285065748,0.413239581271534
"ENSG00000116885","OSCP1",-0.146073524799199,0.617444514238835
"ENSG00000116898","MRPS15",0.119768131579963,0.266973792413643
"ENSG00000116906","GNPAT",-0.171210817821913,0.132866230815506
"ENSG00000116922","AIRIM",0.280763507805278,0.0353517783319732
"ENSG00000117016","RIMS3",-0.123503492439628,0.70238384457693
"ENSG00000117020","AKT3",-1.06553918949992,1.33528735016704e-19
"ENSG00000117153","KLHL12",0.0138219909880384,0.955618300106097
"ENSG00000117155","SSX2IP",-0.132942099080617,0.231062902611315
"ENSG00000117174","ZNHIT6",-0.192851675579919,0.0866072682368196
"ENSG00000117228","GBP1",0.48862540470993,1.38302029437274e-05
"ENSG00000117305","HMGCL",0.936326861001253,1.75437654433132e-05
"ENSG00000117308","GALE",-0.0679753029550897,0.594810958318432
"ENSG00000117360","PRPF3",0.101777197685341,0.385954356608353
"ENSG00000117399","CDC20",-0.543802015039772,9.27850335906497e-06
"ENSG00000117450","PRDX1",0.291064102303907,1.92819421087085e-05
"ENSG00000117475","BLZF1",0.0203513246187985,0.912187649136226
"ENSG00000117505","DR1",0.128108134336299,0.116491481504966
"ENSG00000117523","PRRC2C",-0.0542534939060505,0.759296899269601
"ENSG00000117533","VAMP4",0.322811317566015,0.0405181280212519
"ENSG00000117543","DPH5",-0.391164473623004,0.00014799149406067
"ENSG00000117592","PRDX6",0.138153875908902,0.17103371292331
"ENSG00000117593","DARS2",-0.178406856861384,0.126031248419124
"ENSG00000117597","UTP25",0.272949574771688,0.0123424520921259
"ENSG00000117650","NEK2",-0.216999205332092,0.193896884408794
"ENSG00000117697","NSL1",-0.253767086043584,0.0241684338531989
"ENSG00000117713","ARID1A",0.118089893260302,0.277338433280169
"ENSG00000117724","CENPF",-0.262280041862088,0.108474996493688
"ENSG00000118181","RPS25",0.0745947571133371,0.415193096183069
"ENSG00000118193","KIF14",-0.0489144565384928,0.80753784793197
"ENSG00000118217","ATF6",-0.444626566749848,8.81491309668321e-06
"ENSG00000118292","C1orf54",-0.213023502249789,0.474431146105323
"ENSG00000118369","USP35",0.380233643928657,0.0917927831080059
"ENSG00000118412","CASP8AP2",-0.13401303180004,0.194905197104506
"ENSG00000118482","PHF3",-0.164545545140922,0.160169521584064
"ENSG00000118508","RAB32",0.327084766667053,0.00770901965785526
"ENSG00000118655","DCLRE1B",0.125187799409582,0.407616549905029
"ENSG00000118873","RAB3GAP2",-0.353309720487145,0.000180644186819655
"ENSG00000118900","UBN1",-0.0587767661713328,0.623198755333069
"ENSG00000118971","CCND2",-0.478534400500399,0.0884904071741866
"ENSG00000118985","ELL2",0.258198087325373,0.104174042912671
"ENSG00000118997","DNAH7",0.579094979237518,0.0826126629667263
"ENSG00000119004","CYP20A1",0.0836823507622897,0.470992743610393
"ENSG00000119203","CPSF3",-0.307051977795227,0.000232496622825473
"ENSG00000119280","C1orf198",-0.148648376935986,0.391389071471204
"ENSG00000119397","CNTRL",-0.339374598886831,0.0220685401388
"ENSG00000119401","TRIM32",0.530303696426898,4.03789220675383e-09
"ENSG00000119403","PHF19",-0.644830817890539,2.35964304042298e-08
"ENSG00000119421","NDUFA8",0.256148330362396,0.0199270195786457
"ENSG00000119431","HDHD3",0.414603629151425,0.0484958330352355
"ENSG00000119446","RBM18",0.31188660079662,0.00389795596860024
"ENSG00000119514","GALNT12",1.15656180900486,0.00393443184215949
"ENSG00000119596","YLPM1",-0.0611434447185815,0.649943067040047
"ENSG00000119599","DCAF4",-0.334880969445216,0.019556236477719
"ENSG00000119630","PGF",0.467681708063885,0.000945013680924774
"ENSG00000119640","ACYP1",-0.407888822451249,0.00421326395144618
"ENSG00000119650","IFT43",0.293185769494902,0.067515749840864
"ENSG00000119681","LTBP2",-0.36324260340662,0.0236629901617129
"ENSG00000119686","FLVCR2",2.34476155045513,3.98203531833163e-09
"ENSG00000119707","RBM25",0.0369375264645948,0.781242267980703
"ENSG00000119714","GPR68",-0.191331373918857,0.491130483237763
"ENSG00000119723","COQ6",0.390473979976022,0.00151691075671797
"ENSG00000119729","RHOQ",-0.424258209504912,5.90028220720618e-07
"ENSG00000119778","ATAD2B",-0.0676076660763168,0.733078381744279
"ENSG00000119782","FKBP1B",0.162921297049112,0.598416649711876
"ENSG00000119865","CNRIP1",-0.533781156366445,3.68106305297869e-08
"ENSG00000119878","CRIPT",0.633384409230981,1.39343494307883e-08
"ENSG00000119917","IFIT3",1.13465223200831,1.7089844418183e-11
"ENSG00000119953","SMNDC1",-0.112776785127074,0.213322618840019
"ENSG00000119979","DENND10",0.182256773960091,0.176231416291567
"ENSG00000120055","C10orf95",0.0694093339713017,0.845311626088303
"ENSG00000120071","KANSL1",0.0897538607172577,0.57428929527987
"ENSG00000120075","HOXB5",0.151470268210603,0.38425399766478
"ENSG00000120253","NUP43",-0.259608164042793,0.00407021628448914
"ENSG00000120254","MTHFD1L",-0.326840119327113,0.000140000652066086
"ENSG00000120265","PCMT1",0.135949524248519,0.201003822726351
"ENSG00000120314","WDR55",-0.000681281730773391,0.999769847841042
"ENSG00000120509","PDZD11",0.216005410317587,0.0232614724356179
"ENSG00000120539","MASTL",-0.035597714203846,0.847520721899165
"ENSG00000120647","CCDC77",0.106387037939587,0.499270919394078
"ENSG00000120656","TAF12",0.0756154728311334,0.593129635597147
"ENSG00000120685","PROSER1",0.173563352230504,0.197175627445024
"ENSG00000120690","ELF1",0.0595839099999187,0.680747723743288
"ENSG00000120694","HSPH1",0.397687204165298,4.79108098577453e-05
"ENSG00000120725","SIL1",-0.349083532387405,0.00354240863998529
"ENSG00000120733","KDM3B",0.0464142924774655,0.795413565679159
"ENSG00000120738","EGR1",1.05779664460639,0.00306602310219635
"ENSG00000120798","NR2C1",0.638524453388944,1.14906300055254e-07
"ENSG00000120800","UTP20",-0.145464224665623,0.231124635732886
"ENSG00000120805","ARL1",-0.326443490602699,0.000194722088163772
"ENSG00000120860","WASHC3",-0.312684648995112,0.0140766110636378
"ENSG00000120875","DUSP4",0.169556451780659,0.259653756865333
"ENSG00000120885","CLU",1.5570438614548,1.4090190307502e-39
"ENSG00000120925","RNF170",-0.376174170971915,0.00544930087218044
"ENSG00000121058","COIL",0.0854671854260425,0.404253289013218
"ENSG00000121060","TRIM25",-0.305186567306566,0.000213331643956677
"ENSG00000121064","SCPEP1",0.405289222223307,0.020740286331361
"ENSG00000121152","NCAPH",-0.534610313211434,8.67834543630045e-07
"ENSG00000121210","TMEM131L",-0.066596898343609,0.618616274387175
"ENSG00000121274","TENT4B",0.340954955698514,0.000387345159782385
"ENSG00000121281","ADCY7",0.092132861683095,0.52357995933437
"ENSG00000121388",NA,-0.326660990897336,0.00719110425283477
"ENSG00000121390","PSPC1",-0.122008306475894,0.248973625394807
"ENSG00000121621","KIF18A",-0.390260648814456,0.0071276301976544
"ENSG00000121671","CRY2",0.095172427462546,0.737447803305854
"ENSG00000121691","CAT",0.0418545529247918,0.834328407667501
"ENSG00000121766","ZCCHC17",0.099595720628731,0.356463981474798
"ENSG00000121774","KHDRBS1",-0.250193387327211,2.4885839562652e-05
"ENSG00000121775","TMEM39B",-0.576432901870272,5.33557003663155e-08
"ENSG00000121903","ZSCAN20",0.737722966245919,0.00204757935216928
"ENSG00000121957","GPSM2",-0.649477089961091,1.46010338943822e-08
"ENSG00000122033","MTIF3",0.0162170290052638,0.933612104146857
"ENSG00000122203","KIAA1191",0.240285775686292,0.00204757935216928
"ENSG00000122420","PTGFR",0.0719629826332257,0.802726749433562
"ENSG00000122483","CCDC18",-0.61077765926347,3.23738166361891e-07
"ENSG00000122490","SLC66A2",0.0618745807528285,0.669940628223676
"ENSG00000122507","BBS9",0.16323804517122,0.559968189760038
"ENSG00000122691","TWIST1",-0.187249985347446,0.164520577166
"ENSG00000122779","TRIM24",-0.15033120926174,0.168992088299551
"ENSG00000122783","CYREN",-0.099303054691967,0.504674168047329
"ENSG00000122862","SRGN",0.323682179781041,0.102511371823637
"ENSG00000122952","ZWINT",-0.127188929980582,0.35282746132186
"ENSG00000122965","RBM19",0.206782775639518,0.0826633829511369
"ENSG00000122966","CIT",-0.927190679106621,5.39957324452437e-10
"ENSG00000123064","DDX54",0.318541682095555,6.50414966399779e-05
"ENSG00000123066","MED13L",-0.129257245334296,0.359360002178876
"ENSG00000123080","CDKN2C",-0.332505516106393,0.00443497240783662
"ENSG00000123130","ACOT9",0.0629764332117629,0.559126673505916
"ENSG00000123200","ZC3H13",-0.0719620218987401,0.620382672934314
"ENSG00000123219","CENPK",-0.598155169395788,5.29238547870442e-06
"ENSG00000123374","CDK2",-0.297308864237621,0.00467595948877947
"ENSG00000123415","SMUG1",0.0851906909907839,0.588380584292163
"ENSG00000123473","STIL",-0.381027248896346,7.16493512416394e-05
"ENSG00000123595","RAB9A",0.0171573710131883,0.948633103951721
"ENSG00000123607","TTC21B",-0.126012176283294,0.459947073867926
"ENSG00000123684","LPGAT1",-0.171902640176397,0.0985863527602147
"ENSG00000123737","EXOSC9",-0.374868530617173,4.42421831045351e-06
"ENSG00000123836","PFKFB2",0.32836305828999,0.120884344778318
"ENSG00000123908","AGO2",0.0479074387011856,0.773907259858965
"ENSG00000123933","MXD4",1.15033937677602,8.10155915229852e-11
"ENSG00000123992","DNPEP",0.20843509386401,0.0438495595180708
"ENSG00000124006","OBSL1",0.076619279345685,0.579697652032401
"ENSG00000124116","WFDC3",0.214850356171107,0.428403561551417
"ENSG00000124120","TTPAL",0.252406637057336,0.0310797130580222
"ENSG00000124140","SLC12A5",-0.0681235135929771,0.81841842767503
"ENSG00000124164","VAPB",-0.341052320255967,9.80179009625866e-06
"ENSG00000124172","ATP5F1E",0.105497445688685,0.256022509164424
"ENSG00000124181","PLCG1",0.0303486745275662,0.89031317218767
"ENSG00000124214","STAU1",-0.259062718515505,0.000173673350796884
"ENSG00000124222","STX16",-0.310744784836715,0.000924469792509618
"ENSG00000124299","PEPD",0.067001246588262,0.697031540173226
"ENSG00000124313","IQSEC2",0.381965705590721,0.0555032187861515
"ENSG00000124356","STAMBP",0.270362909490656,0.005859214558411
"ENSG00000124444","ZNF576",0.32740607783619,0.00443995153531658
"ENSG00000124508","BTN2A2",0.26202749945113,0.215354757718932
"ENSG00000124535","WRNIP1",-0.251800083918977,0.0338837861149332
"ENSG00000124541","RRP36",-0.0712647517803323,0.458089373482916
"ENSG00000124574","ABCC10",-0.0411703249297426,0.876701513419854
"ENSG00000124688","MAD2L1BP",0.206176498888653,0.150983138168517
"ENSG00000124702","KLHDC3",0.0399613097533702,0.797471858509361
"ENSG00000124767","GLO1",-0.163320150918905,0.0745274393206429
"ENSG00000124782","RREB1",0.0121773795966713,0.970859216575435
"ENSG00000124831","LRRFIP1",-0.511422623251386,3.37530903670421e-13
"ENSG00000125122",NA,0.252059872224215,0.372519593134875
"ENSG00000125124","BBS2",-0.140984143145222,0.514834953134718
"ENSG00000125246","CLYBL",-0.642088124896903,0.0464228990674395
"ENSG00000125247","TMTC4",-1.04754577766203,3.8915262217707e-10
"ENSG00000125304","TM9SF2",-0.000249461422766197,0.999769847841042
"ENSG00000125386","FAM193A",-0.13411781435686,0.252936360820379
"ENSG00000125450","NUP85",-0.315445182802145,6.33586459957579e-05
"ENSG00000125454","SLC25A19",0.294625836572846,0.0242257408475789
"ENSG00000125457","MIF4GD",0.0589848364419778,0.810824532197919
"ENSG00000125485","DDX31",0.121867382294878,0.384363521134086
"ENSG00000125503","PPP1R12C",-0.141724577948311,0.317121662656436
"ENSG00000125538","IL1B",-0.0638458946118783,0.857118466227201
"ENSG00000125633","CCDC93",-0.167795828296994,0.13780557373011
"ENSG00000125676","THOC2",-0.166272207046114,0.0310124868782458
"ENSG00000125686","MED1",0.0450069899071628,0.588727713077877
"ENSG00000125733","TRIP10",0.172556154318129,0.122094806306533
"ENSG00000125753","VASP",-0.0349488297980011,0.81601730947023
"ENSG00000125772","GPCPD1",0.314807183630709,0.0117346942116082
"ENSG00000125817","CENPB",-0.555898831507922,6.87718735382954e-11
"ENSG00000125834","STK35",-0.151991824488257,0.205103473478474
"ENSG00000125845","BMP2",1.66256800887956,2.04290418945167e-09
"ENSG00000125846","ZNF133",0.386070481897926,0.0290393413298002
"ENSG00000125848","FLRT3",0.879016135715,7.67864706370822e-06
"ENSG00000125871","MGME1",0.255809995075507,0.00162471509573729
"ENSG00000125877","ITPA",-0.204303164744859,0.0149407043245963
"ENSG00000125885","MCM8",-0.399859850658098,2.12755682909216e-05
"ENSG00000125898","FAM110A",0.491247820512415,0.00164529796787211
"ENSG00000125901","MRPS26",-0.0349810383282433,0.823322483746411
"ENSG00000125970","RALY",-0.0962306296760499,0.290981144306793
"ENSG00000125991","ERGIC3",0.40080647031366,1.93857299628981e-08
"ENSG00000125995","ROMO1",0.229794741724679,0.0630814819625051
"ENSG00000126003","PLAGL2",0.101153974047657,0.603379105846987
"ENSG00000126005","MMP24OS",-0.130329026392997,0.381459232900196
"ENSG00000126016","AMOT",0.100586190193973,0.681405515554359
"ENSG00000126062","TMEM115",0.325003612373368,0.00197395550059755
"ENSG00000126088","UROD",-0.0818474320981191,0.585916613877838
"ENSG00000126215","XRCC3",-0.0343970779740429,0.866842040444163
"ENSG00000126247","CAPNS1",0.262406325217277,0.00115832267646534
"ENSG00000126264","HCST",1.28373190323516,0.00497529160961047
"ENSG00000126267","COX6B1",0.16035190256765,0.118647549955043
"ENSG00000126351","THRA",0.447158709659591,9.369043434338e-06
"ENSG00000126432","PRDX5",0.259133034157745,0.0152082192278477
"ENSG00000126453","BCL2L12",0.0857018678276691,0.532273531216237
"ENSG00000126458","RRAS",0.328130485943346,0.00876453278398695
"ENSG00000126602","TRAP1",-0.238744326747114,0.00581745452888583
"ENSG00000126773","PCNX4",-0.211577251944994,0.0293798242670278
"ENSG00000126777","KTN1",-0.456202631219101,7.78145755607446e-11
"ENSG00000126785","RHOJ",-0.711113174195293,0.00145046459109376
"ENSG00000126822","PLEKHG3",0.291513133762325,0.0119459759407403
"ENSG00000126870","DYNC2I1",0.294532802583737,0.0330206584181585
"ENSG00000126883","NUP214",0.000435240998372228,0.999769847841042
"ENSG00000126890","CTAG2",0.187726804381067,0.0718357080900758
"ENSG00000127191","TRAF2",0.188735677218214,0.290728937066196
"ENSG00000127415","IDUA",0.964153241685543,0.000200090325221858
"ENSG00000127423","AUNIP",0.105704040103756,0.568631131642736
"ENSG00000127452","FBXL12",0.0162561973282614,0.964238003649456
"ENSG00000127483","HP1BP3",-0.515461646700145,9.10425110670737e-09
"ENSG00000127540","UQCR11",0.257980295007434,0.00794743271927865
"ENSG00000127616","SMARCA4",-0.00436819503704231,0.984726219045478
"ENSG00000127804","METTL16",0.0154023867001936,0.925918180356036
"ENSG00000127838","PNKD",0.118662755828507,0.38886331110232
"ENSG00000127884","ECHS1",0.349705945249298,5.00862070777776e-09
"ENSG00000127920","GNG11",0.544527643200127,0.0130094747954726
"ENSG00000127922","SEM1",-0.135667184152518,0.158609530285819
"ENSG00000127952","STYXL1",0.40096467028206,0.000277974384486708
"ENSG00000127995","CASD1",-0.384872512215394,0.033756395131235
"ENSG00000128016","ZFP36",0.194114138340668,0.443357294395094
"ENSG00000128165","ADM2",-1.17587847217662,0.000350866886559828
"ENSG00000128191","DGCR8",-0.0516410090555814,0.814355681999708
"ENSG00000128245","YWHAH",-0.407893269896715,7.15056282861357e-06
"ENSG00000128294","TPST2",-0.377447630172159,0.00249436222864918
"ENSG00000128311","TST",1.24562137919976,1.93256334121496e-17
"ENSG00000128342","LIF",-0.0887850634080859,0.760799166376965
"ENSG00000128512","DOCK4",-1.45163249354413,2.18570159952147e-32
"ENSG00000128564","VGF",-0.722707987916839,0.000695239389560201
"ENSG00000128656","CHN1",-0.519910614790441,0.00340645258814521
"ENSG00000128692",NA,-0.581037361854718,0.0116899357994724
"ENSG00000128891","CCDC32",0.322889462226471,0.0210051185625489
"ENSG00000128908","INO80",-0.174144499530647,0.136245446729213
"ENSG00000128915","ICE2",0.266796821907702,0.0123990939421676
"ENSG00000128928","IVD",-0.0870670575222104,0.480339257729621
"ENSG00000128944","KNSTRN",-0.43031444535172,1.58018288849776e-06
"ENSG00000128989","ARPP19",-0.267417961794296,0.000698558693566501
"ENSG00000129038","LOXL1",-0.793486782367756,1.56697183469018e-05
"ENSG00000129084","PSMA1",-0.34715880422431,0.000150270424112964
"ENSG00000129103","SUMF2",0.118893894961256,0.404253289013218
"ENSG00000129173","E2F8",-0.781819037227387,7.70732235090398e-05
"ENSG00000129187","DCTD",0.149209926055186,0.0789504317157604
"ENSG00000129194","SOX15",0.151035786658301,0.623448820101666
"ENSG00000129195","PIMREG",0.0249928110703163,0.940224265260527
"ENSG00000129219","PLD2",0.482797275401415,0.0266161488109912
"ENSG00000129245","FXR2",0.130531590034393,0.261643424949298
"ENSG00000129484","PARP2",0.193047895390651,0.0751685443972009
"ENSG00000129514","FOXA1",0.501112444912384,0.032457288902003
"ENSG00000129515","SNX6",-0.191385651266072,0.0680244045317417
"ENSG00000129559","NEDD8",0.0743723800441894,0.555438189122116
"ENSG00000129625","REEP5",0.391469396096024,1.80855693454316e-08
"ENSG00000129667","RHBDF2",0.666250151874901,0.000124791618515555
"ENSG00000129675","ARHGEF6",-0.259555583706254,0.268044348807148
"ENSG00000129810","SGO1",0.0691662333257089,0.604033424029859
"ENSG00000129933","MAU2",0.26159610974988,0.0106901770096427
"ENSG00000130052","STARD8",-0.621635704307399,0.0215664689605323
"ENSG00000130150","MOSPD2",-0.438784525168447,0.00194992350646311
"ENSG00000130227","XPO7",-0.110164919118458,0.13342615858347
"ENSG00000130254","SAFB2",0.246400286337867,0.0245279386671364
"ENSG00000130270","ATP8B3",0.381759274589786,0.00857641592972918
"ENSG00000130312","MRPL34",-0.0263340495853266,0.885490337700617
"ENSG00000130348","QRSL1",0.037040691551112,0.79191975851861
"ENSG00000130363","RSPH3",0.600243534284192,1.75437654433132e-05
"ENSG00000130396","AFDN",-0.782301580435943,2.87617234656926e-18
"ENSG00000130520","LSM4",0.0281513354665671,0.84629735574766
"ENSG00000130559","CAMSAP1",0.0711244093274025,0.554891270845827
"ENSG00000130638","ATXN10",-0.619860144740373,5.53718088511957e-19
"ENSG00000130695","CEP85",-0.394970711422005,0.0110193130414408
"ENSG00000130699","TAF4",-0.00758340990268473,0.986142633403375
"ENSG00000130717","UCK1",0.0790783781703941,0.603086969040471
"ENSG00000130724","CHMP2A",0.250281585007395,0.0218530007095097
"ENSG00000130726","TRIM28",0.182963839349924,0.0361990591920774
"ENSG00000130749","ZC3H4",-0.25413406710415,0.00897056274098808
"ENSG00000130770","ATP5IF1",0.0138871928504741,0.942089829642369
"ENSG00000130772","MED18",-0.0178165830692057,0.949983030421644
"ENSG00000130811","EIF3G",0.0363725853402643,0.715352359035801
"ENSG00000130818","ZNF426",0.767215473174612,4.3384640970084e-08
"ENSG00000130821","SLC6A8",1.16304297919616,4.94341586473594e-16
"ENSG00000130940","CASZ1",0.0674932376227728,0.844236549330583
"ENSG00000130962","PRRG1",0.35453123671878,0.000752546764089715
"ENSG00000131015","ULBP2",0.85690350686768,2.00381269829117e-08
"ENSG00000131016","AKAP12",0.52823304886003,0.0311127422545997
"ENSG00000131023","LATS1",0.106993270340253,0.390878706068491
"ENSG00000131127","ZNF141",-0.315982497310006,0.289718847730171
"ENSG00000131143","COX4I1",-0.020739423666894,0.881258539204212
"ENSG00000131171","SH3BGRL",-0.00723832829925408,0.984691064226864
"ENSG00000131188","PRR7",-0.309931374020397,0.104778410747093
"ENSG00000131236","CAP1",-0.175036876768288,0.0217047767545545
"ENSG00000131269","ABCB7",0.182145055116404,0.142244531495731
"ENSG00000131323","TRAF3",-0.40045064067047,2.2347452590427e-05
"ENSG00000131351","HAUS8",-0.168754496065026,0.203156170124219
"ENSG00000131373","HACL1",0.168828296089784,0.26223158015793
"ENSG00000131470","PSMC3IP",-0.292997563295093,0.0133999301587774
"ENSG00000131504","DIAPH1",-0.201435174955428,0.00723957636850725
"ENSG00000131507","NDFIP1",0.257189518397455,0.00115795128633816
"ENSG00000131558","EXOC4",-1.19030522648965,9.38043941067969e-24
"ENSG00000131626","PPFIA1",0.112168374552717,0.251967191077381
"ENSG00000131652","THOC6",-0.786042777612828,0.000339025510859914
"ENSG00000131732","ZCCHC9",-0.475005483839767,1.43007328359752e-06
"ENSG00000131746","TNS4",1.73386175609704,2.61764335021843e-06
"ENSG00000131747","TOP2A",-0.32795879376524,0.00551669074290491
"ENSG00000131773","KHDRBS3",-0.720912259013317,8.32555409089073e-05
"ENSG00000131871","SELENOS",0.124705770964838,0.218763239497828
"ENSG00000131943","C19orf12",-0.157456985405473,0.186466888785831
"ENSG00000132016","BRME1",0.209178253305327,0.4765297516747
"ENSG00000132153","DHX30",0.17899827806759,0.0156554203070234
"ENSG00000132254","ARFIP2",0.0676970446055195,0.601868842802188
"ENSG00000132305","IMMT",-0.220663356286474,2.96882135832117e-05
"ENSG00000132326","PER2",0.211502158650778,0.194200000868891
"ENSG00000132361","CLUH",-0.0209412591498042,0.91551581920112
"ENSG00000132383","RPA1",-0.0400565386046469,0.814950079197379
"ENSG00000132388","UBE2G1",-0.154410777953125,0.0806480336009321
"ENSG00000132405","TBC1D14",0.215479155702488,0.0336104596875753
"ENSG00000132436","FIGNL1",-0.312697383582502,0.00366539571467723
"ENSG00000132535","DLG4",-0.444563180362358,0.011802212176596
"ENSG00000132581","SDF2",0.319267038821499,0.000376200631157386
"ENSG00000132600","PRMT7",-0.0168096097299098,0.942604303342505
"ENSG00000132623","ANKEF1",0.648453902462619,0.00251738121277488
"ENSG00000132635","PCED1A",-0.0247002988947255,0.915945426922102
"ENSG00000132676","DAP3",-0.0791673300214431,0.477700961402061
"ENSG00000132716","DCAF8",-0.350996582154768,0.00127529724311264
"ENSG00000132792","CTNNBL1",-0.442388277865858,5.00965366575266e-09
"ENSG00000132821","VSTM2L",-0.103329001584807,0.750334606655391
"ENSG00000132881","CPLANE2",0.578546926545427,0.0298876841783057
"ENSG00000132963","POMP",-0.14751213636666,0.104128163296777
"ENSG00000132964","CDK8",-0.23343596895066,0.0861262534575345
"ENSG00000132967",NA,-0.214673390978401,0.362399415149329
"ENSG00000132970","WASF3",-0.238512986436417,0.0484135126619271
"ENSG00000132972","RNF17",0.00492765616995181,0.993300522177033
"ENSG00000133026","MYH10",-1.4578939651836,1.07811187135945e-24
"ENSG00000133027","PEMT",-0.613728884590803,1.1057771363227e-05
"ENSG00000133103","COG6",-0.00901891284381435,0.983403509588428
"ENSG00000133111","RFXAP",-0.675342843117704,0.00142640364847814
"ENSG00000133112","TPT1",-0.155054335758587,0.148599243613946
"ENSG00000133121","STARD13",0.831489564808452,2.12754662449675e-07
"ENSG00000133135","RNF128",0.433362180360828,0.161009835415019
"ENSG00000133195","SLC39A11",-1.06802887394193,1.472892456074e-08
"ENSG00000133226","SRRM1",-0.29853352685668,0.00010197870718538
"ENSG00000133302","SLF1",-0.122388983757817,0.281900896242508
"ENSG00000133313","CNDP2",-0.568438402319796,1.39088591516211e-09
"ENSG00000133657","ATP13A3",-0.0177671142231016,0.929721791803301
"ENSG00000133665","DYDC2",0.0353726555252041,0.928332855856084
"ENSG00000133678","TMEM254",0.434762862025654,0.00331141003547832
"ENSG00000133704","IPO8",-0.124531165449855,0.179612735587955
"ENSG00000133731","IMPA1",0.153611861476275,0.228885573373508
"ENSG00000133739","LRRCC1",-0.0396748478035379,0.848432503191991
"ENSG00000133805","AMPD3",0.308139850775057,0.100705728975412
"ENSG00000133816","MICAL2",-1.02386373361,4.67996144099617e-16
"ENSG00000133872","SARAF",0.179271878056972,0.057529185896557
"ENSG00000133884","DPF2",0.578513138047088,1.93859711590658e-12
"ENSG00000133935","ERG28",-0.186127012891941,0.25382313804338
"ENSG00000134046","MBD2",-0.361812523807114,4.63628497878365e-10
"ENSG00000134056","KGD4",0.0410010617894571,0.801624983926179
"ENSG00000134070","IRAK2",0.332634117147518,0.132074026050549
"ENSG00000134153","EMC7",0.433008942755677,6.46283629487655e-06
"ENSG00000134222","PSRC1",-1.20873375934565,2.22416383605629e-20
"ENSG00000134248","LAMTOR5",0.099549980341723,0.434146980663943
"ENSG00000134262","AP4B1",0.17642957577393,0.207394400586595
"ENSG00000134287","ARF3",-0.0231841388628453,0.817348636185904
"ENSG00000134291","TMEM106C",-0.063122915327411,0.656826840711002
"ENSG00000134294","SLC38A2",-0.115101395688338,0.214274568061953
"ENSG00000134330","IAH1",0.199945198952499,0.200587856758017
"ENSG00000134452","FBH1",0.259499139984101,0.000857764904838586
"ENSG00000134490","TMEM241",-0.587355296920798,4.6244310096235e-05
"ENSG00000134504","KCTD1",-0.055544507015889,0.759411503311403
"ENSG00000134531","EMP1",-0.739525553195016,1.82579612853899e-11
"ENSG00000134575","ACP2",0.322907470602305,0.0265752288273501
"ENSG00000134644","PUM1",0.0462558230597681,0.695310906280411
"ENSG00000134697","GNL2",0.0276234846742106,0.798585356236876
"ENSG00000134744","TUT4",-0.0295670773826377,0.871096076946084
"ENSG00000134802","SLC43A3",-0.834136095192997,9.39466263105522e-10
"ENSG00000134815","DHX34",0.897322448957988,2.57625279943727e-11
"ENSG00000134897","BIVM",-0.550385131769653,9.32802773942509e-10
"ENSG00000134900","TPP2",-0.232032256502122,0.00951152105183584
"ENSG00000134954","ETS1",-0.234215975954183,0.0849891019676759
"ENSG00000134986","NREP",0.087896545620194,0.709719655449162
"ENSG00000135045","C9orf40",-0.802568578547931,7.15044665770395e-12
"ENSG00000135046","ANXA1",-0.250060823682162,0.025097008251347
"ENSG00000135114","OASL",0.192664757579531,0.519661468891079
"ENSG00000135250","SRPK2",0.0143934626515399,0.895465283472877
"ENSG00000135297","MTO1",-0.0454482758847514,0.827763287263572
"ENSG00000135387","CAPRIN1",-0.134883375755035,0.0457570493329036
"ENSG00000135390","ATP5MC2",-0.232420342836653,0.0168490365703718
"ENSG00000135441","BLOC1S1",0.0378201384777428,0.836800415789419
"ENSG00000135451","TROAP",-0.421590883232147,0.0035200286249627
"ENSG00000135452","TSPAN31",0.246487347977148,0.147456180291227
"ENSG00000135476","ESPL1",-0.457345395643384,0.0119214196005493
"ENSG00000135486","HNRNPA1",-0.330668477902997,2.72790348395271e-05
"ENSG00000135525","MAP7",0.187475810058015,0.416854200324681
"ENSG00000135597","REPS1",-0.0037082600299456,0.988013509445498
"ENSG00000135677","GNS",0.251999112743955,0.00441012164589696
"ENSG00000135678","CPM",0.129633697405978,0.657012597506104
"ENSG00000135723","FHOD1",0.263830115166693,0.0172579241054984
"ENSG00000135740","SLC9A5",0.574494018545189,0.0390525498857207
"ENSG00000135749","PCNX2",-0.123189428201007,0.480394500976622
"ENSG00000135913","USP37",-0.528220260515262,3.09598158600695e-07
"ENSG00000135916","ITM2C",0.347599556773384,0.0358561838273877
"ENSG00000135919","SERPINE2",0.165846226854446,0.266184549629748
"ENSG00000135945","REV1",-0.149583157010221,0.244021568577081
"ENSG00000135974","C2orf49",0.632196733585051,2.44256044018371e-07
"ENSG00000135976","ANKRD36",-0.413334546052254,0.0537760811846545
"ENSG00000136002","ARHGEF4",0.41870651822167,0.168995277981638
"ENSG00000136021","SCYL2",-0.00153456222766315,0.999361380268385
"ENSG00000136040","PLXNC1",-0.0992177707227778,0.767816505014386
"ENSG00000136059","VILL",0.461087185002747,0.142003814008588
"ENSG00000136068","FLNB",-0.0350087696530155,0.858413682512649
"ENSG00000136104","RNASEH2B",-0.541018766482268,3.93197300795448e-06
"ENSG00000136108","CKAP2",-0.243418811236256,0.0808350229392541
"ENSG00000136122","BORA",-0.629102598583513,0.000238146013413522
"ENSG00000136141","LRCH1",-0.2241774260379,0.0891324443514833
"ENSG00000136146","MED4",-0.0943461392821564,0.412961733058502
"ENSG00000136156","ITM2B",0.610546907739546,6.90938880352433e-16
"ENSG00000136159","NUDT15",-0.286288008226973,0.00986901320220487
"ENSG00000136237","RAPGEF5",-0.725634599280199,0.022331982919341
"ENSG00000136247","ZDHHC4",0.180401054383586,0.118518729538553
"ENSG00000136271","DDX56",-0.0305833599465928,0.796810353515759
"ENSG00000136274","NACAD",0.676633152044765,0.045120845381682
"ENSG00000136319","TTC5",-0.0227684364567204,0.916944153659343
"ENSG00000136367","ZFHX2",0.672788336038722,0.00863161485774728
"ENSG00000136378","ADAMTS7",1.90167122462365,9.33689027786072e-05
"ENSG00000136381","IREB2",-0.0759292150933188,0.370741983094548
"ENSG00000136448","NMT1",0.0781953337841176,0.367972181973211
"ENSG00000136492","BRIP1",-0.642421463165767,3.69674701805198e-08
"ENSG00000136504","KAT7",0.3566041026652,0.000418058380474355
"ENSG00000136536","MARCHF7",0.105749538949305,0.295050604537185
"ENSG00000136631","VPS45",-0.164654655306866,0.308034502587848
"ENSG00000136636","KCTD3",-0.555562547268786,7.56714637050414e-08
"ENSG00000136689","IL1RN",-0.0168036852118438,0.971664464162751
"ENSG00000136699","SMPD4",0.118028997016844,0.422682612963618
"ENSG00000136717","BIN1",0.426283378207511,0.000853261883402542
"ENSG00000136720","HS6ST1",-0.216508040486077,0.176737568253788
"ENSG00000136754","ABI1",0.134940023816488,0.213065188898195
"ENSG00000136813","ECPAS",-0.100461632115831,0.280037764215337
"ENSG00000136824","SMC2",-0.139229006364165,0.250569354862916
"ENSG00000136826","KLF4",0.490536205040158,0.0683240849230756
"ENSG00000136830","NIBAN2",-0.54952928479156,1.46024482123751e-10
"ENSG00000136840","ST6GALNAC4",-0.0928932814521841,0.580421900047372
"ENSG00000136888","ATP6V1G1",0.346220915987657,7.76774472310458e-06
"ENSG00000136908","DPM2",0.00127915515288666,0.999526554579636
"ENSG00000136930","PSMB7",-0.266870207018509,0.00141714353454027
"ENSG00000136944","LMX1B",-0.070862271639909,0.840662474293182
"ENSG00000137040","RANBP6",0.0548973409267279,0.671447751460124
"ENSG00000137076","TLN1",-0.276909919717125,0.011121657464884
"ENSG00000137100","DCTN3",0.0858248770958264,0.589911991736591
"ENSG00000137103","TMEM8B",0.850093769284813,0.00173547577737779
"ENSG00000137106","GRHPR",-0.261459819405384,0.00287765498033073
"ENSG00000137161","CNPY3",0.127714190309083,0.331268199751031
"ENSG00000137166","FOXP4",0.180220905297525,0.301533986996392
"ENSG00000137171","KLC4",0.418635372785436,0.0380877840886168
"ENSG00000137207","YIPF3",0.392484995369078,6.13326628506447e-06
"ENSG00000137218","FRS3",0.595351294061798,0.0595219129996056
"ENSG00000137269","LRRC1",0.144257361104733,0.434052781611643
"ENSG00000137288","UQCC2",-0.593291016965407,0.000153556625754632
"ENSG00000137309","HMGA1",-0.546110785649101,9.16288665262407e-16
"ENSG00000137337","MDC1",-0.0524895535869469,0.746342834622902
"ENSG00000137343","ATAT1",0.0681162789266736,0.80023975291588
"ENSG00000137393","RNF144B",0.554016757024662,0.0016671550144535
"ENSG00000137494","ANKRD42",0.411144820194069,0.0148158940038556
"ENSG00000137502","RAB30",0.794171079290209,1.84768954733329e-06
"ENSG00000137509","PRCP",0.431527176948215,8.67819237296984e-07
"ENSG00000137513","NARS2",-0.398057323459197,0.0107012544909165
"ENSG00000137547","MRPL15",-0.0996448927548086,0.405314965759367
"ENSG00000137563","GGH",0.381755647745208,0.000410832485963122
"ENSG00000137656","BUD13",-0.611352281682366,3.73559495587865e-08
"ENSG00000137691","CFAP300",0.435213457370747,0.15124677267772
"ENSG00000137710","RDX",-0.323611558269668,6.76034288367992e-06
"ENSG00000137752","CASP1",1.65052935776216,2.27267373162701e-14
"ENSG00000137776","SLTM",0.109697502206647,0.192133926072666
"ENSG00000137806","NDUFAF1",0.365439606009342,0.000861184040952264
"ENSG00000137807","KIF23",-0.28105608023867,0.00528724163009965
"ENSG00000137812","KNL1",-0.0590128799744009,0.727467232143003
"ENSG00000137814","HAUS2",-0.176624753686914,0.101716287105296
"ENSG00000137815","RTF1",0.0586229433523096,0.47049884256363
"ENSG00000137822","TUBGCP4",0.120892983284859,0.237444164348182
"ENSG00000137944","KYAT3",-0.267267096096239,0.10108024583915
"ENSG00000137965","IFI44",0.313623727213796,0.19196699825814
"ENSG00000138029","HADHB",0.163541519443044,0.107579023550981
"ENSG00000138050","THUMPD2",0.15910332698149,0.276403635319465
"ENSG00000138073","PREB",0.295168984194718,0.00266500930073931
"ENSG00000138074","SLC5A6",-0.224098690082498,0.0406618787213369
"ENSG00000138081","FBXO11",-0.200242952190359,0.0259413761028806
"ENSG00000138085","ATRAID",-0.0160343783939447,0.935182259436329
"ENSG00000138092","CENPO",-0.0217614040816657,0.900572150712338
"ENSG00000138138","ATAD1",0.0424473900939353,0.743957049385625
"ENSG00000138160","KIF11",-0.436995538834663,6.40713089497064e-05
"ENSG00000138162","TACC2",-0.296641466960713,0.0431648883195485
"ENSG00000138180","CEP55",-0.281156590671017,0.0179169923792491
"ENSG00000138182","KIF20B",-0.180659146840804,0.120827065069707
"ENSG00000138190","EXOC6",-0.726777214759689,4.40671320300682e-06
"ENSG00000138246","DNAJC13",-0.324873786716031,0.00778524766724747
"ENSG00000138279","ANXA7",-0.262642954589918,0.00820911450599719
"ENSG00000138346","DNA2",-0.196212810754179,0.281900896242508
"ENSG00000138356","AOX1",0.263339205929826,0.111603376049102
"ENSG00000138376","BARD1",-0.59931598800807,1.1406991825672e-11
"ENSG00000138398","PPIG",-0.089129154304102,0.328860347679225
"ENSG00000138411","HECW2",0.0623023934959399,0.803960342720817
"ENSG00000138413","IDH1",-0.168069375069993,0.286095225849172
"ENSG00000138433","CIR1",0.161613720442145,0.112576454066092
"ENSG00000138434","ITPRID2",-0.465604822768274,6.80388266738303e-06
"ENSG00000138443","ABI2",-0.364572628313157,8.80615274599786e-06
"ENSG00000138604","GLCE",0.107860762771545,0.586032323912721
"ENSG00000138617","PARP16",-0.285661785172776,0.112555048335914
"ENSG00000138642","HERC6",0.832459437632098,2.20855117286677e-05
"ENSG00000138658","ZGRF1",-0.617126056139671,0.000121009872851746
"ENSG00000138663","COPS4",-0.0212219729680295,0.92660201209835
"ENSG00000138709","LARP1B",-0.044410327421599,0.724603000889304
"ENSG00000138738","PRDM5",-0.351857592083685,0.211485427161137
"ENSG00000138764","CCNG2",0.984201541941272,3.72233016847926e-10
"ENSG00000138767","CNOT6L",-0.0114199231119095,0.957839134649551
"ENSG00000138768","USO1",0.256173728425131,0.000712672032964806
"ENSG00000138778","CENPE",-0.416339625628428,0.00249844317632787
"ENSG00000138780","GSTCD",-0.191881590592412,0.186902293920414
"ENSG00000138795","LEF1",-0.226656061919276,0.154071062387146
"ENSG00000138796","HADH",-0.144528664255315,0.375303712030818
"ENSG00000138801","PAPSS1",-0.431801299692634,2.09676928711876e-06
"ENSG00000138835","RGS3",-0.147705292029473,0.403837383767435
"ENSG00000138944","SHISAL1",-0.0299162859220937,0.941511626273318
"ENSG00000139112","GABARAPL1",1.64500897305652,4.87588222097523e-23
"ENSG00000139132","FGD4",1.75636693104545,1.55827160750846e-20
"ENSG00000139133","ALG10",0.1575839284456,0.458697381521925
"ENSG00000139146","SINHCAF",-0.112417980921435,0.506768552244808
"ENSG00000139154","AEBP2",0.148824401696718,0.275894259696291
"ENSG00000139168","ZCRB1",0.031992552148675,0.6988548196554
"ENSG00000139173","TMEM117",-0.390571544755982,0.0852046465865956
"ENSG00000139178","C1RL",-0.0363553496649547,0.869272530845156
"ENSG00000139192","TAPBPL",0.0649066473451441,0.817348636185904
"ENSG00000139218","SCAF11",-0.111995558804094,0.103310767948214
"ENSG00000139323","POC1B",-0.723220460796002,1.56052999781647e-06
"ENSG00000139350","NEDD1",-0.178194492919736,0.0286672558827852
"ENSG00000139410","SDSL",0.66508742544983,0.00155547574548634
"ENSG00000139437","TCHP",-0.477599532429352,3.35771144398192e-06
"ENSG00000139496","NUP58",-0.18385900064091,0.0501515946967023
"ENSG00000139517","LNX2",0.434142114304604,0.00121981616709052
"ENSG00000139546","TARBP2",0.0962923642181128,0.482722341826818
"ENSG00000139618","BRCA2",-0.28323409169769,0.0282407264763977
"ENSG00000139636","LMBR1L",0.146296669130737,0.428465661375205
"ENSG00000139641","ESYT1",-0.171255909903406,0.0907333211058784
"ENSG00000139687","RB1",-0.168634024149272,0.0332350698546868
"ENSG00000139734","DIAPH3",-1.07722684946009,1.09319455656872e-25
"ENSG00000139800","ZIC5",0.505162422636379,0.0421198369519019
"ENSG00000139915","MDGA2",-3.03476950873526,5.47361896833235e-13
"ENSG00000139946","PELI2",0.0360537017810055,0.910868624274683
"ENSG00000139974","SLC38A6",-0.795551814040752,2.42044296029371e-07
"ENSG00000139985","ADAM21",-0.111546949687659,0.732317476875893
"ENSG00000139990","DCAF5",0.224791388169232,0.0211966463611379
"ENSG00000140262","TCF12",-0.592590262440968,5.18084539392752e-13
"ENSG00000140264","SERF2",0.095777994877552,0.494280631215619
"ENSG00000140265","ZSCAN29",0.0238480691553285,0.901457297171062
"ENSG00000140319","SRP14",0.281929462098283,0.0018436539572213
"ENSG00000140455","USP3",-0.373236845950872,7.37566168639379e-06
"ENSG00000140463","BBS4",0.262004857126007,0.080367170942648
"ENSG00000140474","ULK3",0.0485106383276337,0.787405536211086
"ENSG00000140511","HAPLN3",0.62582459979258,0.00937075655414288
"ENSG00000140525","FANCI",-0.290739748353734,0.00135658896157099
"ENSG00000140534","TICRR",-0.354126732328619,0.0390525498857207
"ENSG00000140563","MCTP2",-0.206493782841247,0.437568321908658
"ENSG00000140577","CRTC3",-0.214175571014803,0.0718203676874401
"ENSG00000140688","RUSF1",-0.330393593336071,0.00377102880252832
"ENSG00000140718","FTO",-1.33515250933425,1.70663695409563e-23
"ENSG00000140743","CDR2",-0.219966023803993,0.141672744849669
"ENSG00000140750","ARHGAP17",0.521793928608526,4.54848244119577e-06
"ENSG00000140948","ZCCHC14",0.354117315050976,0.0101069931979707
"ENSG00000140983","RHOT2",0.0413529912731919,0.738086481568169
"ENSG00000140995","DEF8",0.508217905043518,1.40934867820449e-08
"ENSG00000141002","TCF25",-0.293576624261277,0.000175795373970942
"ENSG00000141012","GALNS",1.01555354158437,9.13015593461166e-09
"ENSG00000141027","NCOR1",-0.0464152823256701,0.688022459038739
"ENSG00000141179","PCTP",0.133517888512761,0.486363768885329
"ENSG00000141279","NPEPPS",-0.0392598343525374,0.689624096041206
"ENSG00000141349","G6PC3",0.342964322272254,0.00015763413419991
"ENSG00000141367","CLTC",-0.0670378839947518,0.51932864200339
"ENSG00000141376","BCAS3",-0.398226381790727,0.107497823198665
"ENSG00000141441","GAREM1",1.41333052946712,1.76476971260212e-10
"ENSG00000141456","PELP1",0.238745398684138,0.00585333206050971
"ENSG00000141480","ARRB2",0.242620190840757,0.0366007387676006
"ENSG00000141552","ANAPC11",0.246813380373247,0.0104748764483255
"ENSG00000141560","FN3KRP",0.0962322695534403,0.472178068675506
"ENSG00000141577","CEP131",0.311206511799085,0.0812058910257601
"ENSG00000141741","MIEN1",0.352759879601684,0.000242696329791891
"ENSG00000141858","SAMD1",-0.0801206256197792,0.438167866016408
"ENSG00000141867","BRD4",0.137660102297332,0.207008676665
"ENSG00000141873","SLC39A3",0.589277581405294,1.2500081835945e-05
"ENSG00000141965","FEM1A",0.146510794192629,0.354124295860881
"ENSG00000141985","SH3GL1",0.274782060493373,0.00320068899801328
"ENSG00000142065","ZFP14",-0.131087693379658,0.654593074734406
"ENSG00000142082","SIRT3",0.209335313113144,0.222884460299918
"ENSG00000142102","PGGHG",0.00577448558906269,0.996205982628029
"ENSG00000142168","SOD1",0.222006756415489,5.93144089936518e-05
"ENSG00000142192","APP",-0.0826856010525917,0.373608194723201
"ENSG00000142208","AKT1",-0.146884488239707,0.160831746656793
"ENSG00000142235","LMTK3",0.944379108065167,0.0148158940038556
"ENSG00000142279","WTIP",0.274190796105075,0.158787214805221
"ENSG00000142409","ZNF787",0.0591854775219325,0.661683923130282
"ENSG00000142453","CARM1",-0.204308863403794,0.0136156172367021
"ENSG00000142534","RPS11",0.0862884922619225,0.513434272573452
"ENSG00000142684","ZNF593",0.533891657799425,1.57700669675292e-06
"ENSG00000142686","C1orf216",0.35077289832776,0.000943680835003555
"ENSG00000142687","KIAA0319L",-0.678850506785445,7.01892698235004e-13
"ENSG00000142731","PLK4",-0.241889576158336,0.0769268398093723
"ENSG00000142733","MAP3K6",0.664761829499881,0.000120474439298356
"ENSG00000142920","AZIN2",-0.375245298003347,0.186174077177271
"ENSG00000142945","KIF2C",-0.191583372879478,0.108789929357178
"ENSG00000142961","MOB3C",0.41704072171487,0.0605671942507044
"ENSG00000143033","MTF2",0.249282371640457,0.000609222215104305
"ENSG00000143106","PSMA5",0.0749005118972538,0.612956414603587
"ENSG00000143126","CELSR2",0.31112448077321,0.0752547707797118
"ENSG00000143153","ATP1B1",-0.438298885001702,4.71150232165491e-06
"ENSG00000143156","NME7",-0.343961004665342,0.000545033554543866
"ENSG00000143157","POGK",-0.384356648480273,0.000261565225074338
"ENSG00000143158","MPC2",-0.119310578798535,0.378904132933527
"ENSG00000143164","DCAF6",-0.147889751158298,0.121564586846168
"ENSG00000143178","TBX19",1.54799898005761,7.43560682661879e-05
"ENSG00000143183","TMCO1",0.313692662684553,2.36453264083937e-05
"ENSG00000143190","POU2F1",-0.160085021555598,0.247890798544579
"ENSG00000143198","MGST3",-0.123329225223245,0.367530460523097
"ENSG00000143222","UFC1",0.383159758940381,0.000173891839256985
"ENSG00000143224","PPOX",-0.0894031888979645,0.735173320228568
"ENSG00000143228","NUF2",-0.670706244820698,0.000150301949561217
"ENSG00000143294","PRCC",0.137148830564094,0.393361015203043
"ENSG00000143321","HDGF",-0.427726706191996,2.61963413851292e-08
"ENSG00000143353","LYPLAL1",-0.10008675412637,0.561625880457482
"ENSG00000143363","PRUNE1",0.0133673729573433,0.966698115182536
"ENSG00000143442","POGZ",-0.163208345608087,0.249265532889028
"ENSG00000143458","GABPB2",-0.346750032291805,0.0646320179011903
"ENSG00000143476","DTL",-0.403396506653541,0.000415573307090301
"ENSG00000143486","EIF2D",-0.176016844492784,0.132780279391592
"ENSG00000143494","VASH2",0.436122214900816,0.0787341894508058
"ENSG00000143545","RAB13",0.00630918837797819,0.98888553412291
"ENSG00000143549","TPM3",-0.313083641357149,2.25413978193009e-05
"ENSG00000143569","UBAP2L",-0.00610243800542155,0.976903671125098
"ENSG00000143590","EFNA3",0.529408501514751,0.00822474969620547
"ENSG00000143621","ILF2",-0.108730135376803,0.415146834489725
"ENSG00000143653","SCCPDH",-0.172902882042144,0.109868817488819
"ENSG00000143674","MAP3K21",-0.139044627886534,0.474325296179603
"ENSG00000143702","CEP170",-1.23374302344247,1.01074403558217e-16
"ENSG00000143727","ACP1",-0.0388536799153373,0.714837598706333
"ENSG00000143774","GUK1",0.0874191828862256,0.436780244787982
"ENSG00000143786","CNIH3",-1.05356693140261,1.27205984857402e-10
"ENSG00000143816","WNT9A",2.96302174218364,6.25337488348104e-07
"ENSG00000143845","ETNK2",0.300833004435581,0.157346382940513
"ENSG00000143870","PDIA6",-0.170150465813321,0.0507046457502292
"ENSG00000143878","RHOB",0.764191392236935,3.91068266233227e-05
"ENSG00000143919","CAMKMT",-0.206285842170591,0.386381189045175
"ENSG00000143924","EML4",-0.470762150765473,6.4441205338758e-08
"ENSG00000143970","ASXL2",-0.28589537991947,0.00106118411938744
"ENSG00000143971","ETAA1",-0.099204617556288,0.557046331078987
"ENSG00000144136","SLC20A1",-0.838838707717749,1.37031410182524e-16
"ENSG00000144283","PKP4",-0.763198946405351,8.04522291200403e-19
"ENSG00000144331","ZNF385B",-0.571559242578698,0.0297862014980522
"ENSG00000144355","DLX1",0.021726553724059,0.930675403681504
"ENSG00000144357","UBR3",-0.0955136606355868,0.585320301966069
"ENSG00000144395","CCDC150",-0.0279427664290829,0.930675403681504
"ENSG00000144451","SPAG16",-0.17899206529004,0.0977445982302586
"ENSG00000144452","ABCA12",4.99610620596576,6.34884954043659e-13
"ENSG00000144485","HES6",0.501934349855564,0.00142823881721659
"ENSG00000144524","COPS7B",-0.170444832553371,0.104956214076319
"ENSG00000144554","FANCD2",-0.378793193716659,0.0055183553230967
"ENSG00000144566","RAB5A",0.0169974839401209,0.86412267179512
"ENSG00000144597","EAF1",0.365561969392216,0.00155590771232336
"ENSG00000144647","POMGNT2",0.279529151884465,0.0387269297044784
"ENSG00000144677","CTDSPL",-0.524960312356444,4.98848942599809e-11
"ENSG00000144724","PTPRG",-1.63495795484681,1.73885920047506e-42
"ENSG00000144848","ATG3",-0.24386213161643,0.00178509806625971
"ENSG00000144893","MED12L",-0.147049462992496,0.586052152315495
"ENSG00000144909","OSBPL11",-0.00978585981506749,0.957603928018574
"ENSG00000145014","TMEM44",-0.0714520872608938,0.786033721795841
"ENSG00000145022","TCTA",0.409089509639758,0.000273807181820927
"ENSG00000145041","DCAF1",-0.142177473689303,0.221811247153624
"ENSG00000145214","DGKQ",0.382124960296517,0.0367090559058144
"ENSG00000145220","LYAR",-0.217942698440516,0.00674987435107881
"ENSG00000145241","CENPC",-0.240808372097926,0.0472237796906958
"ENSG00000145246","ATP10D",-0.21388165581548,0.186349273127127
"ENSG00000145247","OCIAD2",-0.276745171420767,0.0296440461360964
"ENSG00000145375","AFG2A",-0.665396635530123,1.9264263840159e-10
"ENSG00000145494","NDUFS6",0.306068090615978,7.0718968659413e-09
"ENSG00000145545","SRD5A1",-0.111067331118735,0.531051215927586
"ENSG00000145555","MYO10",-0.0181028334428847,0.935984746314876
"ENSG00000145569","OTULINL",0.886046785250586,3.29899225740359e-05
"ENSG00000145734","BDP1",0.197763589973224,0.0704543318867736
"ENSG00000145743","FBXL17",-1.56059894494732,7.8929503843092e-19
"ENSG00000145781","COMMD10",-1.2514266106498,1.9264263840159e-10
"ENSG00000145817","YIPF5",0.243495237512999,0.0413719875428512
"ENSG00000145819","ARHGAP26",-0.479580063039113,0.0100123585584532
"ENSG00000145833","DDX46",-0.289094394928784,0.000316649994154064
"ENSG00000145901","TNIP1",0.348995458471534,0.000168304973542585
"ENSG00000145979","TBC1D7",0.136624480111474,0.36905972703038
"ENSG00000145982","FARS2",-1.42941477807483,8.90288345972021e-22
"ENSG00000146066","HIGD2A",0.0381147697375379,0.771589990185386
"ENSG00000146143","PRIM2",-0.442043524284197,0.000697609444515396
"ENSG00000146232","NFKBIE",0.430321585444973,0.0117441164139199
"ENSG00000146247","PHIP",0.117553919401276,0.221791426956801
"ENSG00000146278","PNRC1",0.841024467554283,2.5928765808112e-05
"ENSG00000146386","ABRACL",-0.118833320056341,0.365991896963564
"ENSG00000146409","SLC18B1",0.785238146326913,0.000227802093973856
"ENSG00000146410","MTFR2",-0.108765832517245,0.531584614931292
"ENSG00000146414","SHPRH",0.111527015462356,0.476384564711819
"ENSG00000146416","AIG1",-0.856393899180028,2.93244079421538e-10
"ENSG00000146587","RBAK",0.340921642176681,0.00776359116753039
"ENSG00000146670","CDCA5",0.35053073512701,0.00174877658980669
"ENSG00000146842","TMEM209",-0.102639823965255,0.596586897787268
"ENSG00000146918","NCAPG2",-0.434393414742707,4.32820123004725e-05
"ENSG00000147100","SLC16A2",-0.127930379071912,0.565887799287262
"ENSG00000147144","CCDC120",0.499714645582117,0.11495106687993
"ENSG00000147316","MCPH1",-0.273882556187812,0.00674474598960061
"ENSG00000147324","MFHAS1",-0.245761851100307,0.05788540876559
"ENSG00000147403","RPL10",-0.127026217307684,0.218880530275543
"ENSG00000147548","NSD3",-0.285100556464696,1.15798407983159e-05
"ENSG00000147601","TERF1",0.281976712870023,0.000971220621191598
"ENSG00000147649","MTDH",-0.275509401151874,5.06023396271927e-08
"ENSG00000147684","NDUFB9",0.154688389845214,0.0472412073639316
"ENSG00000147854","UHRF2",-0.378183558109147,0.000448479272194549
"ENSG00000147862","NFIB",-1.8344758193894,9.65753981482175e-63
"ENSG00000147955","SIGMAR1",0.196147614386845,0.00588874086966461
"ENSG00000148019","CEP78",-0.255471895426966,0.010103030754672
"ENSG00000148110","MFSD14B",-0.337522248673309,0.000473873736009976
"ENSG00000148290","SURF1",-0.0452597201095452,0.806290634373533
"ENSG00000148297","MED22",2.46104270478132e-05,0.999987733893952
"ENSG00000148308","GTF3C5",0.267161644580752,0.0123153357928734
"ENSG00000148339","SLC25A25",0.168941048040438,0.347385735208639
"ENSG00000148358","GPR107",0.287359030413063,0.0034546964098059
"ENSG00000148362","PAXX",-0.0703015921888454,0.668390968032906
"ENSG00000148426","PROSER2",0.638132498962526,4.29686608839978e-06
"ENSG00000148444","COMMD3",0.22850348673009,0.11491845396227
"ENSG00000148450","MSRB2",0.168639647269874,0.266392506817958
"ENSG00000148468","FAM171A1",-0.348947921431071,0.000465952878786993
"ENSG00000148481","MINDY3",0.11573809578538,0.418637918106118
"ENSG00000148484","RSU1",-0.696613735639533,4.39606978658805e-14
"ENSG00000148572","NRBF2",0.322100712412159,0.0013320297821916
"ENSG00000148634","HERC4",0.334149699381033,0.000976982307785623
"ENSG00000148672","GLUD1",-0.206242827448994,0.0128400435469946
"ENSG00000148688","RPP30",0.299721863669612,0.00159124649485978
"ENSG00000148690","FRA10AC1",0.0324028313645038,0.841364623263381
"ENSG00000148719","DNAJB12",-0.156873565891665,0.0806480336009321
"ENSG00000148773","MKI67",-0.462273351024735,0.00222891989729079
"ENSG00000148803","FUOM",0.0788452888692292,0.685593842994626
"ENSG00000148834","GSTO1",-0.319067394958472,0.00678498123533657
"ENSG00000148835","TAF5",-0.0123599064418709,0.956813844233344
"ENSG00000149091","DGKZ",0.333412601863238,0.00928990721454819
"ENSG00000149177","PTPRJ",-0.097994958154296,0.570474475225512
"ENSG00000149187","CELF1",-0.131845372769165,0.144659315705458
"ENSG00000149218","ENDOD1",-0.282903145119875,0.00684818369207443
"ENSG00000149289","ZC3H12C",-0.214998092156131,0.164712634448098
"ENSG00000149357","LAMTOR1",0.100503967527598,0.257025169731243
"ENSG00000149489","ROM1",0.493925646167019,0.0461190228477276
"ENSG00000149499","EML3",-0.0306615057179009,0.895178397465716
"ENSG00000149503","INCENP",0.0989080651773064,0.532410192930522
"ENSG00000149554","CHEK1",-0.324272907732202,0.000723077123599617
"ENSG00000149573","MPZL2",0.573971975493874,0.000992551032715795
"ENSG00000149600","COMMD7",-0.412720587657684,7.46643314854724e-05
"ENSG00000149636","DSN1",0.118270755832705,0.458364442177722
"ENSG00000149657","LSM14B",0.229440401436698,0.0275031467338862
"ENSG00000149658","YTHDF1",0.212635120194626,0.0329870918747985
"ENSG00000149792","MRPL49",0.83286540242241,3.00519916392275e-15
"ENSG00000149806","FAU",0.317585631221326,5.81291703410309e-06
"ENSG00000149929","HIRIP3",-0.0163348644956273,0.948727470107557
"ENSG00000149970","CNKSR2",-0.864051785749238,9.18332659401995e-07
"ENSG00000150455","TIRAP",0.60681184750375,0.000173891839256985
"ENSG00000150456","EEF1AKMT1",-0.0295246396485372,0.89031317218767
"ENSG00000150625","GPM6A",0.0974618705984106,0.772407705028553
"ENSG00000150687","PRSS23",-0.475531507427628,0.00879790315878644
"ENSG00000150712","MTMR12",-0.0828116825255461,0.577090430930848
"ENSG00000150787","PTS",0.0136699670756377,0.954713688266392
"ENSG00000150938","CRIM1",-0.727464027147074,1.76170818608791e-09
"ENSG00000150990","DHX37",0.329202320658184,0.00583245353923188
"ENSG00000151093","OXSM",0.0531594980881524,0.834545398598184
"ENSG00000151150","ANK3",0.46782974581814,0.0621733725168421
"ENSG00000151229","SLC2A13",-1.53208810648479,1.88843360564705e-11
"ENSG00000151233","GXYLT1",0.231222599247268,0.00210647172766728
"ENSG00000151287","TEX30",0.128709743458738,0.474366323851955
"ENSG00000151292","CSNK1G3",-0.11528964186277,0.277338433280169
"ENSG00000151304","SRFBP1",-0.0790476489079238,0.511371421424235
"ENSG00000151338","MIPOL1",-1.31858679731227,7.46155933202419e-11
"ENSG00000151413","NUBPL",-1.08412439127701,1.67378060353503e-25
"ENSG00000151422","FER",-0.776614005641354,2.76697598851607e-16
"ENSG00000151445","VIPAS39",0.150297879630411,0.272303473194245
"ENSG00000151461","UPF2",-0.0455625727078065,0.733567292425507
"ENSG00000151491","EPS8",0.334595620757275,0.0229767145008143
"ENSG00000151500","THYN1",-0.035315858316968,0.849473800558337
"ENSG00000151503","NCAPD3",-0.215491941494879,0.0195333814937916
"ENSG00000151552","QDPR",-0.0314853321730019,0.836525356777575
"ENSG00000151575","TEX9",0.504003794598906,0.0175476486399544
"ENSG00000151576","QTRT2",0.215848807016224,0.0157172788540244
"ENSG00000151611","MMAA",-0.563335506183533,0.0113806696619717
"ENSG00000151612","ZNF827",-0.0729318109851573,0.648952577377181
"ENSG00000151617","EDNRA",0.0125382123865804,0.974214218464882
"ENSG00000151632","AKR1C2",0.42908377213688,0.108375769271582
"ENSG00000151694","ADAM17",-0.136698049825245,0.116497957081126
"ENSG00000151718","WWC2",-0.351947794548637,0.000383126948412381
"ENSG00000151743","AMN1",-0.644783013279793,0.00118546034088967
"ENSG00000151746","BICD1",-0.860890751958422,1.01072479545847e-11
"ENSG00000151835","SACS",-0.309335098893186,0.0141214874971393
"ENSG00000151849","CPAP",-0.245595152046951,0.0747122946563122
"ENSG00000151893","CACUL1",-0.0947839773192197,0.176626750006183
"ENSG00000151917","BEND6",-1.33218733154767,2.61953201742659e-10
"ENSG00000151967","SCHIP1",-0.0149755666622975,0.97559393727908
"ENSG00000152117",NA,-0.0164074508831601,0.946688005907528
"ENSG00000152253","SPC25",-0.349704791169472,0.00295260736058339
"ENSG00000152348","ATG10",-1.00738713313047,7.7731769404546e-08
"ENSG00000152382","TADA1",-0.154870618594611,0.433881588327217
"ENSG00000152404","CWF19L2",-0.0672260740161472,0.422242888253647
"ENSG00000152422","XRCC4",0.260071288080837,0.0434862811056845
"ENSG00000152455","SUV39H2",-0.0212121115236983,0.917894047014063
"ENSG00000152465","NMT2",-0.103801668171066,0.511447212517782
"ENSG00000152484","USP12",-0.430515433940882,5.09520670719383e-06
"ENSG00000152495","CAMK4",-0.725564656301359,8.47003767836147e-08
"ENSG00000152518","ZFP36L2",0.292308395673948,0.0484397471122471
"ENSG00000152556","PFKM",-0.105938497442082,0.402543932789187
"ENSG00000152601","MBNL1",-0.339715200394172,4.52132461772646e-07
"ENSG00000152669","CCNO",0.66688635838228,0.00315750165952997
"ENSG00000152684","PELO",0.0766118829339532,0.657001913102781
"ENSG00000152778","IFIT5",-0.0794381249612882,0.657001913102781
"ENSG00000152804","HHEX",0.0202797172227212,0.957277444731695
"ENSG00000152990","ADGRA3",-0.0958191830740196,0.543666021135579
"ENSG00000153006","SREK1IP1",0.114345619702785,0.282633892699953
"ENSG00000153029","MR1",2.02118852613345,4.82299008069614e-14
"ENSG00000153044","CENPH",-0.345360227216138,0.0204399287487567
"ENSG00000153048","CARHSP1",-0.286843240962784,0.0328937689519074
"ENSG00000153130","SCOC",-0.206128185225496,0.0733520581785523
"ENSG00000153147","SMARCA5",0.108943666603407,0.291857473858653
"ENSG00000153201","RANBP2",-0.0312759759082934,0.828420591794928
"ENSG00000153207","AHCTF1",-0.115627344890992,0.378961303932532
"ENSG00000153233","PTPRR",0.573974264474777,0.00437843012266571
"ENSG00000153234","NR4A2",0.800015459621636,0.00977932118814532
"ENSG00000153294","ADGRF4",0.641040959608257,0.000478089194241558
"ENSG00000153363","LINC00467",0.24475597236995,0.171900176317887
"ENSG00000153404","PLEKHG4B",0.222398440350409,0.319397631494511
"ENSG00000153443","UBALD1",0.586968925391481,2.71530232184873e-08
"ENSG00000153487","ING1",-0.285466582449818,0.02428976478503
"ENSG00000153531","ADPRHL1",5.30132575262188,8.18958403013222e-36
"ENSG00000153707","PTPRD",-1.4855078312848,1.52593343185637e-15
"ENSG00000153823","PID1",0.076535282076046,0.783432682239218
"ENSG00000153898","MCOLN2",-0.583444325525358,0.000588776491096736
"ENSG00000153914","SREK1",-0.281259309845654,1.42444067864309e-05
"ENSG00000153933","DGKE",-0.249354722375507,0.0479413388237219
"ENSG00000153936","HS2ST1",-0.720376061252275,1.51151241248958e-16
"ENSG00000153982","GDPD1",0.265818257328621,0.309446913515856
"ENSG00000154001","PPP2R5E",-0.244483487243239,0.000601133305826604
"ENSG00000154079","SDHAF4",0.247875203610412,0.232618970513465
"ENSG00000154102","C16orf74",-0.722075207495442,3.01378475959093e-08
"ENSG00000154146","NRGN",0.178834413547994,0.291177647395608
"ENSG00000154188","ANGPT1",-1.5363365157303,0.000180911855647455
"ENSG00000154222","CC2D1B",0.0462038791178271,0.818067482855368
"ENSG00000154429","CCSAP",0.166189400452345,0.228323560074435
"ENSG00000154493","C10orf90",0.504906103404281,0.110480865984637
"ENSG00000154640","BTG3",-0.145720899010408,0.229217350101832
"ENSG00000154710","RABGEF1",-0.353115366771309,0.0145927037000403
"ENSG00000154764","WNT7A",-0.103527965397323,0.731337091903248
"ENSG00000154839","SKA1",-0.214921802679248,0.0843648129898006
"ENSG00000154845","PPP4R1",-0.16658782358125,0.102057410295096
"ENSG00000154889","MPPE1",0.361465616234462,0.0266424412216612
"ENSG00000154917","RAB6B",0.4352476390807,0.0510935638500877
"ENSG00000154920","EME1",-0.0424738343984757,0.846771212303474
"ENSG00000155100","OTUD6B",-0.0428554790510144,0.775631940357332
"ENSG00000155158","TTC39B",-0.214889310048362,0.362321581826049
"ENSG00000155229","MMS19",-0.247792778642078,0.00637437107228586
"ENSG00000155313","USP25",-0.303243444961161,0.0148814421179033
"ENSG00000155463","OXA1L",0.138961959490756,0.130298787862566
"ENSG00000155506","LARP1",-0.423659546823673,1.1807744269611e-05
"ENSG00000155508","CNOT8",0.112574466300334,0.461015633705651
"ENSG00000155827","RNF20",-0.025685726465953,0.839772621376725
"ENSG00000155876","RRAGA",0.27199850257951,0.00951078427111607
"ENSG00000155957","TMBIM4",-0.371388113749388,0.00449636821446508
"ENSG00000156030","MIDEAS",-0.154448471887946,0.257578448835909
"ENSG00000156103","MMP16",-1.25943193516621,1.00030267444947e-14
"ENSG00000156110","ADK",-1.37172712570163,6.25834954216682e-42
"ENSG00000156171","DRAM2",-0.0123644376788818,0.967203006009788
"ENSG00000156253","RWDD2B",0.371849879194458,9.73699187972841e-06
"ENSG00000156374","PCGF6",-0.13398733271108,0.47980699267621
"ENSG00000156398","SFXN2",-0.463511803714454,0.00297466189693167
"ENSG00000156411","ATP5MJ",0.11942208722431,0.214521023702951
"ENSG00000156482","RPL30",0.219962451452625,0.00166681941257578
"ENSG00000156502","SUPV3L1",0.405009877591561,0.000601578450757439
"ENSG00000156508","EEF1A1",-0.352808986169217,0.00187239276108477
"ENSG00000156509","FBXO43",-0.161457935261773,0.499782124212369
"ENSG00000156531","PHF6",0.0102278817545473,0.959445482940364
"ENSG00000156603","MED19",0.46165706152236,9.36745724253084e-11
"ENSG00000156735","BAG4",0.11965526302917,0.269702209735325
"ENSG00000156787","TBC1D31",0.0183168284313301,0.931559453439008
"ENSG00000156804","FBXO32",0.84190661487807,0.000624707468865308
"ENSG00000156876","SASS6",-0.154246764124161,0.202428593354562
"ENSG00000156958","GALK2",-0.370037426146985,0.00784408326979813
"ENSG00000156983","BRPF1",0.219234881391618,0.082893553616851
"ENSG00000156990","RPUSD3",0.487798403422702,2.61953201742659e-10
"ENSG00000157020","SEC13",0.0291487714152412,0.832184570863124
"ENSG00000157106","SMG1",0.127340544415722,0.346344528529023
"ENSG00000157111","TMEM171",0.332578250878777,0.257577827511283
"ENSG00000157191","NECAP2",-0.0911211079697023,0.561692739434112
"ENSG00000157224","CLDN12",0.0449665877858118,0.826006199189817
"ENSG00000157353","FCSK",0.335057597694721,0.118573589192562
"ENSG00000157470","FAM81A",-0.35332856280674,0.0629846946725694
"ENSG00000157500","APPL1",-0.245005034192532,7.24961512364447e-05
"ENSG00000157538","VPS26C",-0.250581892603412,0.0622548005983452
"ENSG00000157540","DYRK1A",-0.372401974015574,0.000129519636728622
"ENSG00000157551","KCNJ15",0.310577310316177,0.204578035166009
"ENSG00000157557","ETS2",-0.0822622335271748,0.608414203364878
"ENSG00000157593","SLC35B2",0.141502515989402,0.220779696341891
"ENSG00000157600","TMEM164",0.119702929750947,0.36905972703038
"ENSG00000157734","SNX22",0.76540260052446,0.000211016892587376
"ENSG00000157823","AP3S2",-0.169740595904157,0.331268199751031
"ENSG00000157911","PEX10",0.199293356359534,0.124472016996688
"ENSG00000157916","RER1",0.0541755308226244,0.675240675428207
"ENSG00000157933","SKI",0.259524836724283,0.038021627116778
"ENSG00000157954","WIPI2",0.383180819777807,1.24950190439851e-08
"ENSG00000157985","AGAP1",-1.18575386809983,1.92748937861205e-21
"ENSG00000158006","PAFAH2",0.0560445495113839,0.760615413141874
"ENSG00000158023","CFAP251",1.34165667344466,4.29103327065895e-08
"ENSG00000158089","GALNT14",-0.297777513807597,0.0519560975620402
"ENSG00000158164","TMSB15A",0.198360991608588,0.504447910043666
"ENSG00000158321","AUTS2",-0.577066289321356,5.62856628782186e-07
"ENSG00000158402","CDC25C",-0.17499647503068,0.266305696164537
"ENSG00000158411","MITD1",-0.301145087277322,0.0137272444032678
"ENSG00000158526","TSR2",0.113637325953767,0.257406154462477
"ENSG00000158545","ZC3H18",-0.0290954489157622,0.846215083825588
"ENSG00000158639","PAGE5",0.371097075577891,0.00567494564992726
"ENSG00000158711","ELK4",-0.31348014601906,0.00750037673013364
"ENSG00000158796","DEDD",-0.0872693544275111,0.546808619886915
"ENSG00000158805","ZNF276",-0.0547080999283941,0.806351799585961
"ENSG00000158864","NDUFS2",-0.272700928247572,0.0407192783894924
"ENSG00000158966","CACHD1",-0.34649223075731,0.122274542616439
"ENSG00000158987","RAPGEF6",0.0804528379837273,0.758143343991959
"ENSG00000159055","MIS18A",-0.260759356421153,0.0305194073629735
"ENSG00000159111","MRPL10",0.138754466336558,0.143399098566423
"ENSG00000159140","SON",0.0164687771219741,0.897461383019258
"ENSG00000159147","DONSON",0.200030474149383,0.0647531074726011
"ENSG00000159210","SNF8",0.0403310478847778,0.698178544996366
"ENSG00000159217","IGF2BP1",-0.295761468198148,0.00712594464091382
"ENSG00000159259","CHAF1B",-0.214113245755532,0.146351926430808
"ENSG00000159335","PTMS",0.028352561727195,0.902297843550528
"ENSG00000159377","PSMB4",0.0549377958490676,0.674354575947342
"ENSG00000159403","C1R",2.23056200358612,7.15245219698232e-07
"ENSG00000159423","ALDH4A1",0.893736685242028,6.33026549098746e-06
"ENSG00000159720","ATP6V0D1",0.594282413040891,1.7227664849615e-09
"ENSG00000159733","ZFYVE28",-0.782537535484449,0.00104750637857549
"ENSG00000159753","CARMIL2",0.334705617195867,0.0432948766157935
"ENSG00000159792","PSKH1",-0.0240485128656419,0.91828842635428
"ENSG00000159873","CCDC117",0.309726167508646,0.00585516263987597
"ENSG00000159885","ZNF222",0.704343503796559,0.00745042114376383
"ENSG00000159921","GNE",0.239974779247973,0.116666838296621
"ENSG00000160055","TMEM234",0.205610469515015,0.260333318609084
"ENSG00000160072","ATAD3B",0.0922318943761963,0.711704230704079
"ENSG00000160201","U2AF1",-0.269858465025874,0.215735575987199
"ENSG00000160208","RRP1B",0.104628701209046,0.258932396838738
"ENSG00000160214","RRP1",0.0351056175770852,0.832366101230258
"ENSG00000160255","ITGB2",1.48830682724769,2.45975254865767e-12
"ENSG00000160256","SLX9",0.314739888412128,0.00674474598960061
"ENSG00000160298","C21orf58",-0.171929693004474,0.319133921302724
"ENSG00000160299","PCNT",-0.229714231930121,0.116818400247756
"ENSG00000160318","CLDND2",-0.0133445132379594,0.981961230809104
"ENSG00000160325","CACFD1",1.85678897744958,3.87629707950878e-05
"ENSG00000160352","ZNF714",0.118428914807427,0.442699499308545
"ENSG00000160445","ZER1",0.672192905582089,0.00145046459109376
"ENSG00000160471","COX6B2",1.44780187321776,0.00362877556929719
"ENSG00000160588","MPZL3",0.1154440480152,0.660257190476337
"ENSG00000160633","SAFB",-0.00735267617684624,0.981961230809104
"ENSG00000160688","FLAD1",0.303092805417348,0.0141769796576869
"ENSG00000160714","UBE2Q1",0.136458706195709,0.158736164758534
"ENSG00000160917","CPSF4",-0.129265540678917,0.133559002468782
"ENSG00000161013","MGAT4B",-0.136762705184106,0.230174298144967
"ENSG00000161016","RPL8",-0.0738932367484629,0.453738627168721
"ENSG00000161057","PSMC2",0.0135072701369921,0.940416629746777
"ENSG00000161202","DVL3",0.93727350023618,5.01620755983613e-28
"ENSG00000161203","AP2M1",0.227338639003351,0.0011431268511025
"ENSG00000161395","PGAP3",-0.296469028789463,0.210106987579906
"ENSG00000161618","ALDH16A1",-0.441986576451491,0.000502564036071619
"ENSG00000161647","MPP3",0.108926469324868,0.64433214516551
"ENSG00000161671","EMC10",0.548306121992953,3.79080482638985e-08
"ENSG00000161800","RACGAP1",-0.413592767192017,0.000669071654975797
"ENSG00000161813","LARP4",0.207328313095742,0.00121316851137835
"ENSG00000161888","SPC24",-0.218982103243868,0.134005502500403
"ENSG00000161912",NA,0.0196122915471762,0.967935817639381
"ENSG00000162062","TEDC2",-0.203619308369407,0.198222069096573
"ENSG00000162174","ASRGL1",0.253684071659774,0.138505672556226
"ENSG00000162191","UBXN1",-0.0619270872795671,0.631865205201314
"ENSG00000162222","TTC9C",-0.324704406373143,0.019339987228124
"ENSG00000162231","NXF1",0.16496626765871,0.209864084192949
"ENSG00000162244","RPL29",-0.0331342136380064,0.844913338506507
"ENSG00000162341","TPCN2",0.11580815815155,0.592410928425488
"ENSG00000162396","PARS2",0.314485807170971,0.0943151690700467
"ENSG00000162402","USP24",-0.0246162136215025,0.87949944292555
"ENSG00000162542","TMCO4",-0.0943772009831383,0.671567457865966
"ENSG00000162545","CAMK2N1",-0.0343825773644305,0.86535510828026
"ENSG00000162585","FAAP20",0.563934248797619,5.58407658879028e-08
"ENSG00000162599","NFIA",-0.508131338099954,6.70138732517765e-09
"ENSG00000162601","MYSM1",-0.207953606082003,0.149720508900124
"ENSG00000162604","TM2D1",-0.236944377964542,0.0235009752570077
"ENSG00000162613","FUBP1",-0.00496674540561115,0.981515058244673
"ENSG00000162618","ADGRL4",-1.04438018075561,7.26803927470952e-34
"ENSG00000162643","DNAI3",2.49379888147078,2.58450473492774e-07
"ENSG00000162664","ZNF326",0.205538863127309,0.039694660931957
"ENSG00000162688","AGL",0.376590119321288,0.00018793654084608
"ENSG00000162704","ARPC5",-0.304929613750479,0.000410832485963122
"ENSG00000162735","PEX19",0.341010001639124,0.00146310758938837
"ENSG00000162736","NCSTN",-0.0457672787426379,0.815391928583009
"ENSG00000162738","VANGL2",-0.322584849865178,0.245065763483387
"ENSG00000162813","BPNT1",0.202496054450021,0.150868165196207
"ENSG00000162825","NBPF20",0.21315648382404,0.328613672317492
"ENSG00000162836","ACP6",-0.258629329295029,0.120741608739797
"ENSG00000162849","KIF26B",-0.0655178228890234,0.85408425627503
"ENSG00000162923","WDR26",0.0827242644901957,0.526724537000518
"ENSG00000162961","DPY30",0.0442218086106254,0.80529323776208
"ENSG00000162976","SLC66A3",0.0941041247597587,0.722629833553117
"ENSG00000162999","DUSP19",0.778263369671852,0.000227844542990913
"ENSG00000163001","CFAP36",0.284553320479127,0.0400309456270892
"ENSG00000163029","SMC6",-0.152363540579225,0.125806310397792
"ENSG00000163125","RPRD2",0.0486149524584206,0.767214465147023
"ENSG00000163155","LYSMD1",0.221677811964599,0.281412563368328
"ENSG00000163156","SCNM1",0.788163471291518,4.93603634040835e-17
"ENSG00000163159","VPS72",0.186891817233113,0.100864213282727
"ENSG00000163166","IWS1",-0.0998656546332026,0.247067001254427
"ENSG00000163251","FZD5",0.676241848686954,0.000545033554543866
"ENSG00000163297","ANTXR2",-0.926802566300557,1.303795368052e-11
"ENSG00000163322","ABRAXAS1",0.0957040676442268,0.618473769031751
"ENSG00000163374","YY1AP1",0.282718152474414,0.00887411085756539
"ENSG00000163382","NAXE",0.11910372934258,0.443652505260593
"ENSG00000163482","STK36",0.165629522497281,0.249423406273116
"ENSG00000163507","CIP2A",-0.273318767880589,0.015207028270032
"ENSG00000163527","STT3B",-0.149019007203771,0.0870613686212129
"ENSG00000163539","CLASP2",-0.0859312329394161,0.513064843131789
"ENSG00000163568","AIM2",0.623833042924084,0.0162262937137124
"ENSG00000163596","ICA1L",-0.0826607442686681,0.744182286294137
"ENSG00000163617","CCDC191",-0.329605551647036,0.194301919666812
"ENSG00000163624","CDS1",0.653975016065016,1.11577806297265e-06
"ENSG00000163626","COX18",-0.326585675805783,0.0053272325167062
"ENSG00000163655","GMPS",-0.224428835720357,0.0576762218904197
"ENSG00000163661","PTX3",-0.387040247644419,0.0158356345151854
"ENSG00000163719","MTMR14",0.20694702574554,0.118814747095658
"ENSG00000163734","CXCL3",-0.827697412749857,0.00220299025590134
"ENSG00000163781","TOPBP1",-0.204428880290613,0.00579685245720085
"ENSG00000163785","RYK",0.019171782235986,0.874905875572432
"ENSG00000163794","UCN",0.0794682727488634,0.756756847873632
"ENSG00000163795","ZNF513",0.184459958213291,0.464199394068192
"ENSG00000163808","KIF15",-0.792344041009365,3.6641506102293e-08
"ENSG00000163872","YEATS2",-0.17613438724497,0.120811111467342
"ENSG00000163935","SFMBT1",-0.45006879781557,0.000361608734018883
"ENSG00000163939","PBRM1",-0.346910160548758,7.47193658159686e-08
"ENSG00000163964","PIGX",-0.24740281448465,0.00501989591779268
"ENSG00000163975","MELTF",-0.12633216879323,0.187853183912317
"ENSG00000164023","SGMS2",0.112914844904639,0.4765297516747
"ENSG00000164039","BDH2",0.589127825194961,0.00251399638746121
"ENSG00000164045","CDC25A",-0.429788628793447,0.00174200452259615
"ENSG00000164050","PLXNB1",0.433041122763714,0.026397726821972
"ENSG00000164053","ATRIP",0.042734675092537,0.794034992679655
"ENSG00000164062","APEH",-0.418516622599011,1.9757861485415e-06
"ENSG00000164068","RNF123",0.0941249237934833,0.579808882343504
"ENSG00000164081","TEX264",0.467785756134612,2.12443936440772e-05
"ENSG00000164088","PPM1M",0.34020606381552,0.136046413879749
"ENSG00000164096","ARLN",0.450675643455708,8.5832934898076e-07
"ENSG00000164104","HMGB2",-0.614836140874734,1.15656645843639e-05
"ENSG00000164116","GUCY1A1",0.182314525314355,0.52035785819289
"ENSG00000164118","CEP44",-0.136927324345465,0.395379993571337
"ENSG00000164125","GASK1B",2.01495473274143,1.15592791460989e-06
"ENSG00000164161","HHIP",-0.367282440056931,0.0100465572834415
"ENSG00000164164","OTUD4",-0.128957300898486,0.147610679207522
"ENSG00000164167","LSM6",-0.802179933923151,7.79229778529155e-09
"ENSG00000164168","TMEM184C",0.128107569171412,0.396938859014242
"ENSG00000164169","PRMT9",0.354041890885417,0.0823684894447316
"ENSG00000164176","EDIL3",0.124134885716604,0.586237537811717
"ENSG00000164190","NIPBL",-0.0859327395423062,0.458033368044772
"ENSG00000164209","SLC25A46",-0.0391614686916859,0.814800061141491
"ENSG00000164220","F2RL2",0.733424038777076,0.00102185827866274
"ENSG00000164253","WDR41",0.0355008404155333,0.827608378106943
"ENSG00000164258","NDUFS4",-0.477775242308172,6.14662203648672e-06
"ENSG00000164283","ESM1",0.0495835250616492,0.884660556805234
"ENSG00000164308","ERAP2",0.198303935267152,0.0369639231569173
"ENSG00000164338","UTP15",-0.13000879182644,0.232754306667106
"ENSG00000164347","GFM2",0.0427806182204528,0.831609113574788
"ENSG00000164362","TERT",-0.056418614712447,0.85832929224621
"ENSG00000164366","CCDC127",0.412357854348938,4.61473473746034e-05
"ENSG00000164403","SHROOM1",0.406632875420048,0.00012755855056591
"ENSG00000164442","CITED2",1.27708874777194,1.47981235985642e-24
"ENSG00000164465","DCBLD1",0.859091155627834,7.39756259441237e-13
"ENSG00000164576","SAP30L",0.138653062496969,0.299775207994154
"ENSG00000164603","SAMTOR",-0.385084499758263,0.0283870544765235
"ENSG00000164611","PTTG1",-0.0173688401951707,0.946147956787364
"ENSG00000164620","RELL2",-0.19105308214431,0.440892668775932
"ENSG00000164684","ZNF704",-1.21413573837956,5.92118838940133e-05
"ENSG00000164733","CTSB",0.128120289532187,0.136081831739524
"ENSG00000164758","MED30",-0.790292509685197,0.000295350228728594
"ENSG00000164867","NOS3",-0.206627810722285,0.104828622973901
"ENSG00000164932","CTHRC1",0.494666419423287,0.019798536354488
"ENSG00000164951","PDP1",-0.285913046378284,0.0468110836482784
"ENSG00000164970","FAM219A",-0.123874440663621,0.484283053072859
"ENSG00000164978","NUDT2",-0.015479207001952,0.952423848523355
"ENSG00000164989","CCDC171",-0.680423454742846,0.00825321239560216
"ENSG00000165030","NFIL3",0.00601693706827537,0.993261005355076
"ENSG00000165102","HGSNAT",0.498007547475498,7.01299271069805e-07
"ENSG00000165113","GKAP1",-0.00163848051706899,0.999769847841042
"ENSG00000165138","ANKS6",-0.085602219021529,0.419966290869757
"ENSG00000165185","KIAA1958",-0.250054100278086,0.187617705750925
"ENSG00000165209","STRBP",-0.341665193276868,0.000573053265601118
"ENSG00000165219","GAPVD1",0.158327759985867,0.0564744928465521
"ENSG00000165233","CARD19",-0.672793782212053,1.86098179399241e-06
"ENSG00000165283","STOML2",-0.232878605279449,0.0367090559058144
"ENSG00000165304","MELK",-0.449231721174068,7.61300629683431e-05
"ENSG00000165392","WRN",-0.521902043736465,7.81695251095025e-05
"ENSG00000165490","DDIAS",0.465149572711827,0.000205194109407867
"ENSG00000165494","PCF11",-0.301379918189675,0.00766282486029226
"ENSG00000165501","LRR1",-0.458888793388849,0.000525942985062538
"ENSG00000165502","RPL36AL",0.0645607100790088,0.637731177744311
"ENSG00000165521","EML5",-0.368431798426882,0.168710456123253
"ENSG00000165637","VDAC2",0.294524304291839,1.7188865580158e-06
"ENSG00000165644","COMTD1",0.341476324880358,0.0197975795099016
"ENSG00000165650","PDZD8",-0.249298615874382,0.0157526915159207
"ENSG00000165678","GHITM",0.181623172824107,0.0258196523741204
"ENSG00000165698","SPACA9",0.145468718034763,0.584306879142444
"ENSG00000165724","ZMYND19",-0.0326865823957119,0.845770135288537
"ENSG00000165795","NDRG2",0.0638455820513906,0.815573798349126
"ENSG00000165801","ARHGEF40",0.381773944192892,0.0384173217254579
"ENSG00000165934","CPSF2",-0.10557748107958,0.174839675372096
"ENSG00000165943","MOAP1",-0.03871837850488,0.882090145849425
"ENSG00000165948","IFI27L1",-0.111417204203029,0.605395502698864
"ENSG00000165996","HACD1",0.309384722560603,0.0108053584687625
"ENSG00000166002","SMCO4",-0.292477086455554,0.0822503384260011
"ENSG00000166004","CEP295",0.0736426770841036,0.647719602396187
"ENSG00000166025","AMOTL1",0.117027925526886,0.321841121697608
"ENSG00000166037","CEP57",-0.62457760235257,1.54363582786681e-09
"ENSG00000166046","TCP11L2",0.461518948023119,0.105553999322812
"ENSG00000166130","IKBIP",0.341355620702024,0.000381266359364971
"ENSG00000166135","HIF1AN",0.354884604081703,8.0687387496115e-05
"ENSG00000166136","NDUFB8",-0.0311679647116835,0.854456302998746
"ENSG00000166140","ZFYVE19",0.376491789669086,0.0262513694107759
"ENSG00000166169","POLL",0.20974676787863,0.164461618780653
"ENSG00000166173","LARP6",-0.243184159404041,0.0640302833751959
"ENSG00000166189","HPS6",0.199694923750991,0.0370967166235115
"ENSG00000166199","ALKBH3",-0.229638168406314,0.0930935615597439
"ENSG00000166260","COX11",0.344305888711896,0.00219941186765553
"ENSG00000166262","FAM227B",0.14400072627825,0.546808619886915
"ENSG00000166275","BORCS7",0.314745105654365,0.00168048925115622
"ENSG00000166333","ILK",0.0414573651363862,0.786864142515863
"ENSG00000166337","TAF10",0.0392551738308901,0.876767880618654
"ENSG00000166352","IFTAP",-0.234186316920724,0.140006457921369
"ENSG00000166402","TUB",-0.353427949107221,0.163517564229365
"ENSG00000166439","RNF169",0.0179955768442152,0.922888924569902
"ENSG00000166441","RPL27A",0.114525269032898,0.317059403579875
"ENSG00000166451","CENPN",0.000457301155232635,0.999769847841042
"ENSG00000166477","LEO1",0.0838474976345406,0.502830577869607
"ENSG00000166503","HDGFL3",-0.499793084370938,7.81850926063665e-17
"ENSG00000166532","RIMKLB",0.606220276129372,3.15366763823576e-05
"ENSG00000166575","TMEM135",-0.827609919368774,5.12891050115306e-05
"ENSG00000166595","CIAO2B",-0.0915608840846059,0.498036270645794
"ENSG00000166710","B2M",0.646146580746049,7.39756259441237e-13
"ENSG00000166750","SLFN5",0.345499176834533,0.0123285891099313
"ENSG00000166801","FAM111A",-0.46641445348691,7.23858949382161e-07
"ENSG00000166803","PCLAF",-0.488577473023285,1.9330487134171e-05
"ENSG00000166821","PEX11A",0.0679054061125272,0.768256751426922
"ENSG00000166847","DCTN5",0.219628460648411,0.00224095070441382
"ENSG00000166860","ZBTB39",-0.0929378883952565,0.622700952680076
"ENSG00000166881","NEMP1",0.0564484185436843,0.800330394262676
"ENSG00000166887","VPS39",0.40644083377783,0.00053152545825806
"ENSG00000166897","ELFN2",0.802272438522999,2.99224935417636e-07
"ENSG00000166902","MRPL16",-0.120842756642548,0.246605253467245
"ENSG00000166946","CCNDBP1",0.472223006128146,0.000261893898932803
"ENSG00000167077","MEI1",-0.288799628802963,0.291633063307162
"ENSG00000167081","PBX3",-0.941616982836258,4.18679804314633e-13
"ENSG00000167112","TRUB2",0.319830630334982,1.70953277865946e-07
"ENSG00000167123","CERCAM",0.30458234047232,0.00892186180423832
"ENSG00000167136","ENDOG",0.978996620808854,2.2193882073565e-26
"ENSG00000167173","C15orf39",0.283823698402406,0.066070967228618
"ENSG00000167186","COQ7",0.0383827088828534,0.862262583978467
"ENSG00000167191","GPRC5B",1.56161386892048,2.43720409269081e-14
"ENSG00000167216","KATNAL2",0.0658086997616103,0.854368100142169
"ENSG00000167220","HDHD2",-0.214765847157289,0.110480865984637
"ENSG00000167232","ZNF91",-0.588774823411593,0.023666868878316
"ENSG00000167258","CDK12",0.137271393671607,0.247067850197434
"ENSG00000167272","POP5",0.129975849677492,0.352163365701815
"ENSG00000167291","TBC1D16",-0.0615446610811234,0.702344887516961
"ENSG00000167315","ACAA2",0.343741197869801,0.000401257340313274
"ENSG00000167323","STIM1",-0.0341375910873722,0.85439460362814
"ENSG00000167325","RRM1",-0.278007642882123,0.00597895452057568
"ENSG00000167355","OR51B5",-0.680688486362668,0.000360841341224218
"ENSG00000167380","ZNF226",0.214863867003474,0.249265532889028
"ENSG00000167393","PPP2R3B",-0.324211553010811,0.0803019696768753
"ENSG00000167491","GATAD2A",-0.232980369401793,0.0580199081364403
"ENSG00000167515","TRAPPC2L",0.510431923600351,4.64591754917599e-07
"ENSG00000167522","ANKRD11",-0.205005730156368,0.156729687752299
"ENSG00000167523","SPATA33",0.313906278197662,0.0251330704793255
"ENSG00000167526","RPL13",-0.181560780693506,0.0323239104277326
"ENSG00000167549","CORO6",0.860954648682148,0.0248143614757983
"ENSG00000167552","TUBA1A",-0.00286249425311404,0.999433637321825
"ENSG00000167555","ZNF528",0.0565257408579592,0.866659469982098
"ENSG00000167565","SERTAD3",0.0225377416150282,0.952855537103376
"ENSG00000167566","NCKAP5L",0.519711652572012,0.000131469671192944
"ENSG00000167670","CHAF1A",-0.132137495019406,0.316379680166274
"ENSG00000167671","UBXN6",0.0108874316154824,0.958951642370076
"ENSG00000167693","NXN",0.816900159101884,1.21730679468537e-06
"ENSG00000167700","MFSD3",-0.287153663537966,0.0475992743413716
"ENSG00000167705","RILP",1.05285481000576,5.54833437854702e-08
"ENSG00000167747",NA,-0.070116897727718,0.665362668760126
"ENSG00000167770","OTUB1",0.254754365172678,0.00120506372629186
"ENSG00000167775","CD320",0.335065373149424,0.00357512394948506
"ENSG00000167778","SPRYD3",0.271974918063281,0.0414607509645628
"ENSG00000167815","PRDX2",0.63364055672373,2.43547582012639e-08
"ENSG00000167842","MIS12",-0.0038651164785006,0.996478300469118
"ENSG00000167863","ATP5PD",0.231604010884859,0.00797491013528461
"ENSG00000167900","TK1",-0.18341647812076,0.202428593354562
"ENSG00000167978","SRRM2",0.287744112547425,0.00376031059456712
"ENSG00000167985","SDHAF2",0.375912651944062,8.067209069051e-06
"ENSG00000167992","VWCE",0.503083177507267,0.113647655468235
"ENSG00000168002","POLR2G",0.1926531859244,0.0837382958561555
"ENSG00000168005","SPINDOC",-0.0558405648738875,0.747041335428148
"ENSG00000168062","BATF2",0.784236816697801,0.00220423042310367
"ENSG00000168077","SCARA3",-0.112945381399905,0.491921672669584
"ENSG00000168078","PBK",-0.665398882026123,1.70323067965295e-05
"ENSG00000168101","NUDT16L1",0.217381546564398,0.0728394662843566
"ENSG00000168137","SETD5",-0.291596819434696,3.34802202342202e-05
"ENSG00000168140","VASN",2.16151283588619,1.98881603006782e-24
"ENSG00000168172","HOOK3",-0.337050801774515,2.37995372071663e-06
"ENSG00000168175","MAPK1IP1L",-0.191001977416643,0.0263823654834307
"ENSG00000168216","LMBRD1",-0.0391110466448866,0.848432503191991
"ENSG00000168246","UBTD2",-0.208556419261351,0.0536667462476248
"ENSG00000168256","NKIRAS2",0.535890686955472,5.08671313354084e-08
"ENSG00000168275","COA6",0.266255158779014,0.0289063090314514
"ENSG00000168288","MMADHC",0.179840544866424,0.0173218402047953
"ENSG00000168291","PDHB",-0.00694050020566387,0.981026162406311
"ENSG00000168297","PXK",-0.503754400092609,0.000554694910333809
"ENSG00000168300","PCMTD1",0.406134412382415,0.00475016962544076
"ENSG00000168374","ARF4",-0.0279324110152271,0.880414748840385
"ENSG00000168398","BDKRB2",0.499169690768181,0.10236955440106
"ENSG00000168411","RFWD3",-0.0633333829588359,0.61486581372128
"ENSG00000168439","STIP1",0.0351055237780261,0.763335081564217
"ENSG00000168476","REEP4",0.211718627348445,0.084214543630153
"ENSG00000168505","GBX2",0.6629070955178,0.00933895894464278
"ENSG00000168522","FNTA",0.0832707276882319,0.458652833499795
"ENSG00000168538","TRAPPC11",0.198670450411225,0.18329636618727
"ENSG00000168564","CDKN2AIP",-0.155976302909331,0.237388373162919
"ENSG00000168653","NDUFS5",0.396681176763791,1.63772462436818e-05
"ENSG00000168679","SLC16A4",0.35817979684039,0.220638977118698
"ENSG00000168701","TMEM208",0.549551075396024,2.1846075711224e-08
"ENSG00000168763","CNNM3",0.533518394786436,4.29165475389102e-05
"ENSG00000168818","STX18",-0.235847445569145,0.0685664318529506
"ENSG00000168883","USP39",-0.450253729907142,8.4642415974726e-07
"ENSG00000168887","C2orf68",0.115054347170483,0.381343537745925
"ENSG00000168890","TMEM150A",0.982325560080736,2.53022985784864e-06
"ENSG00000168916","ZNF608",0.333099711880296,0.175502939303463
"ENSG00000168936","TMEM129",-0.373939954351886,0.00604453095293189
"ENSG00000168938","PPIC",0.694808166593377,2.37347637846759e-11
"ENSG00000168944","CEP120",0.0654010766578418,0.635997715564709
"ENSG00000168958","MFF",0.144874274788904,0.118426698219918
"ENSG00000168961","LGALS9",0.759952314736947,0.0110089560207178
"ENSG00000169019","COMMD8",0.0403066749340146,0.837331641092816
"ENSG00000169047","IRS1",-0.472998808579026,0.0076974099418372
"ENSG00000169059","VCX3A",-0.0566191214412731,0.863206391825361
"ENSG00000169084","DHRSX",-1.33036493514846,9.8887333727527e-26
"ENSG00000169093","ASMTL",-0.0653010983260816,0.757581514771628
"ENSG00000169100","SLC25A6",-0.125215012784514,0.0484958330352355
"ENSG00000169217","CD2BP2",0.193793757696522,0.0511504480445445
"ENSG00000169223","LMAN2",0.210393930782199,0.00465758560116299
"ENSG00000169231","THBS3",-0.25663478796083,0.356463981474798
"ENSG00000169242","EFNA1",0.242005895083719,0.351915902374071
"ENSG00000169249","ZRSR2",0.426871142844138,0.000701183307389649
"ENSG00000169398","PTK2",-0.198747253683782,0.0720481006584713
"ENSG00000169403","PTAFR",2.1738458580771,1.39894504158029e-06
"ENSG00000169519","METTL15",-0.818764989647035,4.14802798058825e-09
"ENSG00000169548","ZNF280A",1.81087297388915,2.13822328192927e-07
"ENSG00000169567","HINT1",-0.0534516154143421,0.768568017498509
"ENSG00000169583","CLIC3",0.553268532616162,0.0226026699477397
"ENSG00000169635","HIC2",0.59801888054999,2.70569262029715e-06
"ENSG00000169679","BUB1",-0.373314493499301,0.00118388016421871
"ENSG00000169762","TAPT1",0.104080817316427,0.471954256633522
"ENSG00000169783","LINGO1",0.138905848763252,0.647219750496656
"ENSG00000169902","TPST1",-0.340846233667454,0.00130207601728844
"ENSG00000169914","OTUD3",0.2742634200469,0.0927320138669266
"ENSG00000169925","BRD3",-0.0463724153865187,0.695701892506675
"ENSG00000169964","TMEM42",0.259322150153731,0.229466772161354
"ENSG00000169976","SF3B5",0.314521682358996,1.44244959082694e-05
"ENSG00000169991","IFFO2",0.357829889712109,0.0182644395051208
"ENSG00000170017","ALCAM",-0.912708056198958,1.52614911962352e-17
"ENSG00000170037","CNTROB",-0.0727570595943101,0.673244155206801
"ENSG00000170085","SIMC1",-0.511964245194349,0.00148013533582321
"ENSG00000170088","TMEM192",-0.0241152943240177,0.860005906558724
"ENSG00000170222","ADPRM",0.349955128351302,0.0726674561138739
"ENSG00000170234","PWWP2A",-0.46304134944039,1.21538079956931e-08
"ENSG00000170266","GLB1",-0.0524438814652799,0.742670313366182
"ENSG00000170275","CRTAP",0.0279495743393082,0.828420591794928
"ENSG00000170310","STX8",-1.29958593769647,5.68158468676008e-18
"ENSG00000170312","CDK1",-0.0305967581501406,0.889585989424309
"ENSG00000170365","SMAD1",-0.0740061443327497,0.59494918896346
"ENSG00000170417","TMEM182",-0.112446773810783,0.667143454804765
"ENSG00000170445","HARS1",0.286480755877557,2.92160066766753e-05
"ENSG00000170500","LONRF2",-0.133993696767857,0.6320256998992
"ENSG00000170549","IRX1",0.621788064597584,0.000949028189924183
"ENSG00000170604","IRF2BP1",0.328555131784793,0.0672705025558731
"ENSG00000170633","RNF34",-0.0461525425782898,0.669237840282197
"ENSG00000170759","KIF5B",-0.064706985132191,0.493210302923334
"ENSG00000170775","GPR37",0.952486967809796,0.000152861553427381
"ENSG00000170802","FOXN2",-0.439560016275697,0.000422960278988801
"ENSG00000170860","LSM3",0.303253567555809,6.50348798489162e-06
"ENSG00000170892","TSEN34",0.217574879958575,0.0265653215610961
"ENSG00000170906","NDUFA3",0.0753193374707101,0.602375318737138
"ENSG00000170909","OSCAR",-1.74143663769244,3.93197300795448e-06
"ENSG00000170915","PAQR8",-0.273866716145665,0.274208779447439
"ENSG00000170919",NA,0.0879791556155175,0.756581738200934
"ENSG00000170921","TANC2",0.0381094652919526,0.878011973759251
"ENSG00000170961","HAS2",-1.62137947353202,7.96655969333128e-08
"ENSG00000171055","FEZ2",-0.0716525719010013,0.363361292588992
"ENSG00000171109","MFN1",0.090827440367093,0.264552692896629
"ENSG00000171148","TADA3",0.103558452214037,0.452314755069716
"ENSG00000171150","SOCS5",-0.305795412159785,0.0120615993492399
"ENSG00000171202","TMEM126A",0.00440384459470406,0.990461672244481
"ENSG00000171223","JUNB",0.840638322633405,6.80224377017431e-12
"ENSG00000171236","LRG1",0.479359081320706,0.120767091704707
"ENSG00000171246","NPTX1",0.830704769358897,0.00458917701710556
"ENSG00000171262","FAM98B",0.155008427349879,0.136046413879749
"ENSG00000171307","ZDHHC16",0.077292453017147,0.623841301961038
"ENSG00000171316","CHD7",-0.21014664709472,0.0544754989456826
"ENSG00000171320","ESCO2",-0.231298094218031,0.108228844322609
"ENSG00000171421","MRPL36",0.252720452848998,0.0255363000853713
"ENSG00000171443","ZNF524",0.33213125905882,0.0635454963327666
"ENSG00000171451","DSEL",0.994019061074895,2.2093557084474e-11
"ENSG00000171456","ASXL1",-0.0793726450021678,0.450081189806904
"ENSG00000171469","ZNF561",1.06299047089297,6.59432092912742e-20
"ENSG00000171488","LRRC8C",-0.388562849883294,0.00346071484018022
"ENSG00000171574","ZNF584",0.3749463162458,0.0107023054362149
"ENSG00000171606","ZNF274",0.221215104584393,0.14143903537498
"ENSG00000171608","PIK3CD",0.0163306073812387,0.954713688266392
"ENSG00000171634","BPTF",-0.0878963278759742,0.471082891932305
"ENSG00000171658",NA,0.768421353107387,0.00634895466737486
"ENSG00000171681","ATF7IP",-0.345310065354424,0.00273185501626846
"ENSG00000171723","GPHN",-1.29594528293232,2.80418023961604e-18
"ENSG00000171791","BCL2",-0.952718481799243,2.03565743212352e-08
"ENSG00000171793","CTPS1",-0.151544505136468,0.0519143119777242
"ENSG00000171827","ZNF570",-0.247888972195885,0.405896167119533
"ENSG00000171848","RRM2",-0.810973183960075,3.80013511145889e-11
"ENSG00000171853","TRAPPC12",-0.704523190537911,3.6698042644909e-09
"ENSG00000171872","KLF17",-0.420664278756275,0.172173501796527
"ENSG00000171953","ATPAF2",-0.0592857867079142,0.757520032003109
"ENSG00000172009","THOP1",0.0254620333619296,0.864644245643076
"ENSG00000172031","EPHX4",0.305977077691277,0.173252521684396
"ENSG00000172046","USP19",0.150740662643031,0.187213147659958
"ENSG00000172059","KLF11",0.170172593925562,0.427504836382202
"ENSG00000172167","MTBP",-0.451428372324294,0.0130512286405612
"ENSG00000172171","TEFM",-0.0225362882846424,0.93541235094407
"ENSG00000172175","MALT1",-0.0188159550233335,0.919920810275325
"ENSG00000172197","MBOAT1",-0.519302074398511,0.0130533845377795
"ENSG00000172216","CEBPB",-0.401228877997161,0.00131200450837442
"ENSG00000172315","TP53RK",0.267614349568623,0.0563424873283587
"ENSG00000172469","MANEA",-0.526667526029694,0.000321524276992012
"ENSG00000172500","FIBP",-0.0531609530849511,0.63653549658852
"ENSG00000172534","HCFC1",0.176427309633451,0.152424208345118
"ENSG00000172586","CHCHD1",-0.00311346661714606,0.995119361398145
"ENSG00000172590","MRPL52",-0.23217199922688,0.016788829420903
"ENSG00000172638","EFEMP2",-0.320643387117253,0.0224596341265747
"ENSG00000172716","SLFN11",-1.51134078664397,4.56720572707989e-09
"ENSG00000172766","NAA16",-0.195234493456153,0.117725639187879
"ENSG00000172775","PSME3IP1",-0.206399892214683,0.00173244161657795
"ENSG00000172795","DCP2",0.0140409948515884,0.939353144705545
"ENSG00000172830","SSH3",0.568456130826732,0.00558151665488076
"ENSG00000172840","PDP2",-0.200969692876553,0.0822503384260011
"ENSG00000172845","SP3",-0.185421686323164,0.159412827967117
"ENSG00000172954","LCLAT1",-0.24781168336889,0.0623935138324449
"ENSG00000172977","KAT5",-0.148400535791549,0.115060458380853
"ENSG00000173113","TRMT112",-0.0928556514931898,0.540947032862902
"ENSG00000173153","ESRRA",0.242975512078196,0.011073022764894
"ENSG00000173166","RAPH1",-0.545445452569912,2.84092340993597e-06
"ENSG00000173207","CKS1B",-0.193941900641439,0.251967171003705
"ENSG00000173226","IQCB1",-0.000643213031663089,0.999769847841042
"ENSG00000173264","GPR137",0.626456881679759,3.31537700337986e-09
"ENSG00000173451","THAP2",0.211351931421215,0.402424468513332
"ENSG00000173456","RNF26",-0.176182192691469,0.0526186766600502
"ENSG00000173482","PTPRM",-0.645325874553454,0.000200175694865261
"ENSG00000173545","ZNF622",0.414309915380596,1.05515458519589e-07
"ENSG00000173575","CHD2",0.209429248414033,0.0556601176641694
"ENSG00000173598","NUDT4",0.377459762838965,9.79831707724457e-06
"ENSG00000173727",NA,0.667558263688443,5.40492904828151e-06
"ENSG00000173757","STAT5B",-0.15470422505048,0.24644088186919
"ENSG00000173875","ZNF791",0.316430979629388,2.01294438864338e-05
"ENSG00000173905","GOLIM4",0.0310004668457687,0.848432503191991
"ENSG00000174010","KLHL15",-0.141898354597185,0.474480365640594
"ENSG00000174032","SLC25A30",0.688597543786035,0.00113125528573473
"ENSG00000174080","CTSF",1.01609374324103,6.22266699200624e-07
"ENSG00000174106","LEMD3",-0.102623787928896,0.424123795425815
"ENSG00000174177","CTU2",0.133820355553291,0.417054556571501
"ENSG00000174231","PRPF8",0.103783250072076,0.257991071374456
"ENSG00000174276","ZNHIT2",0.614918355121443,6.01716773828981e-07
"ENSG00000174332","GLIS1",1.41936391649841,6.91359727213521e-08
"ENSG00000174371","EXO1",-0.0813652860938779,0.611412613376977
"ENSG00000174446","SNAPC5",0.664554077544976,3.84650197510921e-06
"ENSG00000174456","C12orf76",0.0758059553876438,0.769620997723234
"ENSG00000174501","ANKRD36C",-0.303564100511198,0.0610591496196801
"ENSG00000174574","AKIRIN1",0.240913828593422,0.00170389210196528
"ENSG00000174705","SH3PXD2B",-0.807262742726072,0.00145547036789593
"ENSG00000174720","LARP7",-0.190629894124033,0.0127205748551989
"ENSG00000174748","RPL15",-0.0861669858726518,0.318394285020422
"ENSG00000174837","ADGRE1",0.499925845466966,0.109868817488819
"ENSG00000174839","DENND6A",-0.721954077355122,3.32839935498934e-05
"ENSG00000174840","PDE12",0.0202603584403761,0.868237538562884
"ENSG00000174842","GLMN",0.124390163774462,0.373426035067224
"ENSG00000174851","YIF1A",0.40894050864236,1.01504452779209e-05
"ENSG00000174886","NDUFA11",0.152807966268722,0.167701982777245
"ENSG00000174938","SEZ6L2",0.449999052892404,0.0412829894214093
"ENSG00000174939","ASPHD1",1.33355801413794,2.20526686785149e-11
"ENSG00000174943","KCTD13",0.466209533300577,0.00214654656312494
"ENSG00000174989","FBXW8",-0.498941476561934,0.00308157748533739
"ENSG00000175029","CTBP2",-0.295600756561608,9.04667348824497e-08
"ENSG00000175054","ATR",-0.00413608937656805,0.990974464614485
"ENSG00000175061","SNHG29",-0.00515796308912582,0.990302299416616
"ENSG00000175063","UBE2C",-0.633916786090613,2.48950691330092e-07
"ENSG00000175087","PDIK1L",-0.250842160905766,0.20827853865549
"ENSG00000175137","SH3BP5L",0.0836404296203717,0.659181340904066
"ENSG00000175216","CKAP5",-0.0366306065641424,0.826381447999306
"ENSG00000175283","DOLK",0.577913305605583,7.19472226548553e-06
"ENSG00000175294","CATSPER1",0.155434337693119,0.387957834737605
"ENSG00000175322","ZNF519",-0.212278539511988,0.408094958963016
"ENSG00000175455","CCDC14",-0.0649358474804587,0.639872407136554
"ENSG00000175467","SART1",-0.0682446196545823,0.602889737790702
"ENSG00000175548","ALG10B",0.0481566246537893,0.830465353591741
"ENSG00000175575","PAAF1",-0.135338938709085,0.483926523225911
"ENSG00000175592","FOSL1",-0.533429867527454,3.20814662409707e-06
"ENSG00000175643","RMI2",-0.401887477828859,0.00634366169629726
"ENSG00000175826","CTDNEP1",0.0434544650511986,0.61729094478391
"ENSG00000176105","YES1",0.0953017528718196,0.387312256469929
"ENSG00000176108","CHMP6",-0.12585259259805,0.46262674778816
"ENSG00000176142","TMEM39A",-0.385405064964548,0.00120269645296336
"ENSG00000176155","CCDC57",-0.0118846703031498,0.981961230809104
"ENSG00000176182","MYPOP",-0.0802879276841918,0.668826574930557
"ENSG00000176208","ATAD5",-0.252220973030163,0.0491569151805818
"ENSG00000176222","ZNF404",0.311980386304769,0.270537288812275
"ENSG00000176225","RTTN",-0.150889953732592,0.439806197855254
"ENSG00000176248","ANAPC2",0.702954114600885,0.000891846633714764
"ENSG00000176371","ZSCAN2",0.574127676585308,0.000616976929919184
"ENSG00000176383","B3GNT4",0.506779048554558,0.0979017711113384
"ENSG00000176396","EID2",0.106087539034431,0.477132971663169
"ENSG00000176399","DMRTA1",1.10794841410412,2.11397063277672e-05
"ENSG00000176401","EID2B",0.580187527421262,0.000104800535853663
"ENSG00000176407","KCMF1",-0.254850110660807,0.000531507606577222
"ENSG00000176422","SPRYD4",0.411738608842739,5.13295167645305e-05
"ENSG00000176454","LPCAT4",-0.417823999831738,0.103034288760312
"ENSG00000176473","WDR25",0.307658966089413,0.0915173454538025
"ENSG00000176485","PLAAT3",0.00505827751621727,0.995219486744725
"ENSG00000176623","RMDN1",-0.474427245168508,2.38866399264481e-07
"ENSG00000176658","MYO1D",-0.410200003487484,0.104533115108634
"ENSG00000176714","CCDC121",0.226959766277921,0.392858765588075
"ENSG00000176771","NCKAP5",-0.169284548094662,0.465904891676662
"ENSG00000176783","RUFY1",-0.613402452325997,1.9555005026072e-09
"ENSG00000176834","VSIG10",-0.244147615881393,0.077654797665602
"ENSG00000176842","IRX5",1.75991635690002,3.87759709809452e-19
"ENSG00000176853","FAM91A1",0.2305453279141,0.00272637170985307
"ENSG00000176890","TYMS",-0.356931860501279,0.000911983222108802
"ENSG00000176896","TCEANC",0.589226485659874,0.0483711811491927
"ENSG00000176915","ANKLE2",0.0811717086695705,0.462242915862474
"ENSG00000176946","THAP4",0.00654032301902353,0.980652691153982
"ENSG00000176974","SHMT1",-0.256765051984083,0.108232590131004
"ENSG00000176986","SEC24C",0.117485144927215,0.29701757622147
"ENSG00000177045","SIX5",0.00431868052856623,0.995491490188813
"ENSG00000177082","WDR73",0.00138606859563026,0.999769847841042
"ENSG00000177084","POLE",-0.324116999170652,0.0110829192505913
"ENSG00000177225","GATD1",0.217658348642511,0.102955130923691
"ENSG00000177283","FZD8",-0.783671096058864,3.52601951328038e-06
"ENSG00000177302","TOP3A",-0.0899171813237902,0.461602146960186
"ENSG00000177352","CCDC71",-0.0381259096960895,0.84337782843328
"ENSG00000177380","PPFIA3",0.597728758073895,0.0266969550003066
"ENSG00000177463","NR2C2",-0.527169914661836,9.19277233597856e-06
"ENSG00000177542","SLC25A22",0.310364934068097,0.00622177112951673
"ENSG00000177556","ATOX1",0.435994112162336,3.49888336086337e-07
"ENSG00000177602","HASPIN",0.387506028415476,0.0363522245979948
"ENSG00000177628","GBA1",0.319217438270477,0.28196488670253
"ENSG00000177663","IL17RA",0.555328503329434,1.78122113357237e-07
"ENSG00000177700","POLR2L",0.285968046737246,0.000119125023295899
"ENSG00000177853","ZNF518A",-0.0678992601386323,0.694271852295284
"ENSG00000177854","TMEM187",0.502589793522091,0.0055183553230967
"ENSG00000177873","ZNF619",0.121286248163705,0.522933321161464
"ENSG00000177875","CCDC184",1.08475302885604,0.0101971976395588
"ENSG00000177951","BET1L",0.0862170212073329,0.614501668072135
"ENSG00000177954","RPS27",0.139299945521979,0.297868787774969
"ENSG00000177981","ASB8",0.02728611262333,0.858514549385546
"ENSG00000178038","ALS2CL",0.872582184149021,0.000294991405219788
"ENSG00000178057","NDUFAF3",-0.0912587318621614,0.449021901766836
"ENSG00000178074","C2orf69",-0.174002156001341,0.111055696355131
"ENSG00000178096","BOLA1",0.0589330350148799,0.786776454520657
"ENSG00000178234","GALNT11",-0.375458358931024,0.00497529160961047
"ENSG00000178295","GEN1",-0.269062220997749,0.0365190459083102
"ENSG00000178307","TMEM11",0.326423516089003,0.000245071906231707
"ENSG00000178385","PLEKHM3",-0.0797939424419557,0.73764159561201
"ENSG00000178401","DNAJC22",0.563863025367293,0.00123426764047498
"ENSG00000178585","CTNNBIP1",-0.701180427313805,3.44078145660134e-07
"ENSG00000178694","NSUN3",0.110736116329038,0.48570195119822
"ENSG00000178752","ERFE",0.941180897586113,8.3275438891123e-06
"ENSG00000178761","FAM219B",0.228321814223406,0.0895022801546315
"ENSG00000178802","MPI",0.0737745605588497,0.669881952558699
"ENSG00000178860","MSC",0.389736924456166,0.114736127834498
"ENSG00000178896","EXOSC4",0.501418386007232,1.15235461347536e-10
"ENSG00000178921","PFAS",-0.377323488855162,0.000588776491096736
"ENSG00000178974","FBXO34",-0.19265475145314,0.192117109945086
"ENSG00000178977","LINC00324",1.00259407262346,1.19559976593779e-07
"ENSG00000178999","AURKB",-0.585200312829975,5.17059020101637e-06
"ENSG00000179051","RCC2",-0.284811701934841,0.000914890255664509
"ENSG00000179083","FAM133A",0.200048260831663,0.483086754458576
"ENSG00000179151","EDC3",0.482315657634796,5.12298174922938e-06
"ENSG00000179195","ZNF664",-0.287449924812459,0.00280330370396305
"ENSG00000179295","PTPN11",-0.18320845952774,0.113380374177253
"ENSG00000179361","ARID3B",0.450111279114377,0.0163774477674439
"ENSG00000179364","PACS2",-0.0236509276060567,0.918298168186208
"ENSG00000179454","KLHL28",-0.0542714162795748,0.835410842266343
"ENSG00000179456","ZBTB18",-0.542393876036571,7.63433463796909e-05
"ENSG00000179476","DORIP1",0.675617350290507,0.0153594764114078
"ENSG00000179542","SLITRK4",0.204865391888823,0.48310896848459
"ENSG00000179546","HTR1D",0.688631958514706,1.01922554347946e-06
"ENSG00000179965","ZNF771",0.083035519197667,0.669108380354914
"ENSG00000179981","TSHZ1",-0.315362956984219,0.0133616110629033
"ENSG00000180011","PTGR3",-0.15818678260551,0.106445970042041
"ENSG00000180098","TRNAU1AP",-0.207088667321324,0.190089841064073
"ENSG00000180182","MED14",-0.203965156807816,0.0704462773834063
"ENSG00000180185","FAHD1",0.137777006734443,0.171048105337308
"ENSG00000180353","HCLS1",-0.382994908175832,0.000894481974676427
"ENSG00000180376","CCDC66",-0.0744878927766755,0.570827344693016
"ENSG00000180385",NA,0.640343125178197,1.59968466768874e-07
"ENSG00000180423","HARBI1",0.232977669778179,0.263071064746849
"ENSG00000180530","NRIP1",0.94171685808502,4.80013934211235e-09
"ENSG00000180628","PCGF5",0.217235445393921,0.0192383412924213
"ENSG00000180769","WDFY3-AS2",-0.631989348578192,0.0137532827945456
"ENSG00000180776","ZDHHC20",-0.243263698153956,0.0427754442980702
"ENSG00000180879","SSR4",0.205116266499682,0.0759915088210772
"ENSG00000180917","CMTR2",-0.0398802243348162,0.867477833749614
"ENSG00000180998","GPR137C",-1.35719433549663,0.00265448327573114
"ENSG00000181004","BBS12",0.212117132689394,0.375074061923653
"ENSG00000181035","SLC25A42",0.0863077674239118,0.801624983926179
"ENSG00000181045","SLC26A11",2.059469592035,4.73324633348128e-08
"ENSG00000181090","EHMT1",-0.181599892814298,0.0973048173206895
"ENSG00000181192","DHTKD1",-0.21462125645475,0.227114915991536
"ENSG00000181264","TLCD5",0.20966723605016,0.116069272679643
"ENSG00000181409","AATK",0.557159833607797,0.0905108687494308
"ENSG00000181472","ZBTB2",-0.258896423189884,0.0753870007904434
"ENSG00000181513","ACBD4",0.146573864580125,0.588380584292163
"ENSG00000181523","SGSH",0.761648169905046,6.01716773828981e-07
"ENSG00000181544","FANCB",-0.148555165366675,0.362097243164641
"ENSG00000181555","SETD2",0.0332918383927459,0.832819483705816
"ENSG00000181588","MEX3D",-0.458557140569528,0.000422960278988801
"ENSG00000181704","YIPF6",0.0558164288585059,0.700728365153917
"ENSG00000181751","MACIR",-0.588612367684695,1.63968804578291e-05
"ENSG00000181804","SLC9A9",0.143037212276478,0.628948051034955
"ENSG00000181817","LSM10",-0.0449316432778391,0.781242267980703
"ENSG00000181826","RELL1",-0.0903109030766468,0.573762231345589
"ENSG00000181852","RNF41",0.215219524050733,0.111528961549207
"ENSG00000181873","IBA57",-0.0199585320377618,0.945776975987625
"ENSG00000181904","C5orf24",-0.116259691782115,0.241552188214435
"ENSG00000181915","ADO",-0.247313278378734,0.0265653215610961
"ENSG00000182093","GET1",0.0880994769742194,0.651427283080375
"ENSG00000182095","TNRC18",0.288418866341463,0.0664306872020656
"ENSG00000182108","DEXI",-0.0689180469921817,0.66077656131243
"ENSG00000182154","MRPL41",0.267518809087652,0.0175248916613564
"ENSG00000182173","TSEN54",0.328037726247208,0.00927585917377906
"ENSG00000182179","UBA7",0.695887551925358,0.0016671550144535
"ENSG00000182180","MRPS16",-0.18333279214374,0.0443329144926327
"ENSG00000182195","LDOC1",0.315306598127665,0.000109270443474073
"ENSG00000182308","DCAF4L1",0.266272368661491,0.346703641242913
"ENSG00000182326","C1S",0.827661027134508,0.0121160327288203
"ENSG00000182362","YBEY",0.29879227740142,0.0646547143684242
"ENSG00000182379","NXPH4",0.351126925603398,0.0297862014980522
"ENSG00000182400","TRAPPC6B",0.351009768197379,0.0034178777215744
"ENSG00000182534","MXRA7",0.138331642491187,0.412024626688421
"ENSG00000182552","RWDD4",0.00437745631958105,0.993068171518086
"ENSG00000182628","SKA2",-0.594304476180387,3.34645154018329e-13
"ENSG00000182667","NTM",-2.16211297292755,1.89155275490642e-85
"ENSG00000182670","TTC3",-0.489337979523819,3.08874459221189e-12
"ENSG00000182700","IGIP",-0.512070698520633,0.103322833105186
"ENSG00000182718","ANXA2",-0.381786572629026,0.00178222673825733
"ENSG00000182752","PAPPA",-0.579453069175284,0.0121655370920847
"ENSG00000182774","RPS17",0.139334424834474,0.64433214516551
"ENSG00000182796",NA,0.137735117874918,0.60102309613144
"ENSG00000182831","HAPSTR1",-0.163441681751877,0.197022430896807
"ENSG00000182841",NA,-0.174317020175166,0.290465073697436
"ENSG00000182858","ALG12",0.213484162546855,0.054978705717298
"ENSG00000182872","RBM10",-0.206203630638862,0.0274846396240263
"ENSG00000182903","ZNF721",0.0718511916009891,0.654771331692589
"ENSG00000182923","CEP63",-0.770091134276908,7.26387128476675e-10
"ENSG00000182934","SRPRA",-0.0795363987606798,0.322383732741346
"ENSG00000182952","HMGN4",-0.209957994102978,0.0564471031817102
"ENSG00000183011","NAA38",0.05713104997459,0.712020310616068
"ENSG00000183161","FANCF",-0.0278722578779133,0.910454143794843
"ENSG00000183172","SMDT1",-0.256844872416776,0.0219482465333297
"ENSG00000183251","OR51B4",-0.0299909139759826,0.934121975941929
"ENSG00000183283","DAZAP2",0.325190617750627,1.19173995912673e-06
"ENSG00000183309","ZNF623",0.358122151002053,0.00875948670057707
"ENSG00000183386","FHL3",0.21388305994781,0.164392033090681
"ENSG00000183401","CCDC159",0.63322058649379,0.0615094276744181
"ENSG00000183421","RIPK4",1.92297353997294,2.10378554186829e-09
"ENSG00000183431","SF3A3",-0.0433812414201884,0.495714283368633
"ENSG00000183495","EP400",-0.214568670240086,0.0746643968474398
"ENSG00000183520","UTP11",-0.220589123881242,0.0359956775246184
"ENSG00000183576","SETD3",-0.0955075011340294,0.311856190595737
"ENSG00000183579","ZNRF3",-0.163909882922068,0.206157674647969
"ENSG00000183647","ZNF530",0.619438530297105,3.36061344759351e-06
"ENSG00000183648","NDUFB1",0.108815230988052,0.433402711712501
"ENSG00000183671","CMKLR2",0.0684140918503332,0.838553024694438
"ENSG00000183684","ALYREF",0.0326071916407595,0.858770571863395
"ENSG00000183715","OPCML",3.58001576565805,1.80970174785295e-08
"ENSG00000183723","CMTM4",-0.430459058466313,0.002974079707374
"ENSG00000183726","TMEM50A",0.365367319500166,7.07946001867135e-06
"ENSG00000183741","CBX6",-0.287755674508572,0.00864253213092367
"ENSG00000183763","TRAIP",0.310954753695623,0.0672705025558731
"ENSG00000183808","RBM12B",-0.441427819736315,0.000299656447899651
"ENSG00000183814","LIN9",-0.0343146777132819,0.887051462634087
"ENSG00000183856","IQGAP3",-0.36604234586754,0.0125862691366783
"ENSG00000183873","SCN5A",-0.410392391544276,0.132777537033644
"ENSG00000183955","KMT5A",-0.230957964189484,0.00663182668574386
"ENSG00000183978","COA3",0.264383416890988,0.00560866657495184
"ENSG00000184076","UQCR10",0.288263936004153,0.000251839414716088
"ENSG00000184162","NR2C2AP",-0.359617622523718,0.0150661141041076
"ENSG00000184164","CRELD2",0.134479652700519,0.314398382968245
"ENSG00000184182","UBE2F",0.111449036120716,0.328311357111831
"ENSG00000184208",NA,-0.675606562822871,0.000267788800436152
"ENSG00000184216","IRAK1",-0.0443236227269735,0.788960812423378
"ENSG00000184232","OAF",-0.683342027128887,9.12800930907479e-20
"ENSG00000184254","ALDH1A3",1.0333302547148,1.11776652589817e-05
"ENSG00000184349","EFNA5",-0.516822266230653,4.29230310109777e-07
"ENSG00000184445","KNTC1",-0.59159936464118,0.000110784109625026
"ENSG00000184481","FOXO4",1.14456080700759,2.30789009200586e-06
"ENSG00000184634","MED12",0.285064603977751,0.0825717866688438
"ENSG00000184661","CDCA2",-0.187537976785919,0.0802981114458431
"ENSG00000184675","AMER1",-0.102886169124801,0.658979409003173
"ENSG00000184786","DYNLT2",0.272805698114317,0.340175604331406
"ENSG00000184831","APOO",-0.0555568993439389,0.742939935391309
"ENSG00000184840","TMED9",0.303489607963117,3.35926992145605e-06
"ENSG00000184863","RBM33",0.108245637921787,0.229588950008387
"ENSG00000184887","BTBD6",0.314641678237722,0.0321520663209999
"ENSG00000185024","BRF1",0.249231333988339,0.0918150559318195
"ENSG00000185104","FAF1",-1.33032190524419,1.76251968538674e-65
"ENSG00000185122","HSF1",0.395140724287142,2.54581848030869e-05
"ENSG00000185189","NRBP2",-0.0266352469254948,0.944874660818141
"ENSG00000185219","ZNF445",0.30325663753613,0.0131147146665745
"ENSG00000185236","RAB11B",0.317586957680721,0.000319362129699648
"ENSG00000185247","MAGEA11",0.354490147088576,0.00100124283096767
"ENSG00000185262","UBALD2",-0.219202134132228,0.0814276163210078
"ENSG00000185278","ZBTB37",-0.119356872657802,0.552041101127191
"ENSG00000185298","CCDC137",-0.0374322433096042,0.770787159602914
"ENSG00000185305","ARL15",-0.639879722387052,0.00741268732016033
"ENSG00000185347","TEDC1",0.0398741959779442,0.86124361712904
"ENSG00000185359","HGS",-0.128250105651955,0.211919122477045
"ENSG00000185404","SP140L",0.257382870002916,0.0172686096113089
"ENSG00000185475","TMEM179B",0.171068420057082,0.12616379176481
"ENSG00000185480","PARPBP",-0.725594549229203,4.68042642205056e-07
"ENSG00000185495",NA,0.673442912140325,0.0265653215610961
"ENSG00000185504","FAAP100",-0.0798319841009406,0.701489992231533
"ENSG00000185519","FAM131C",0.326418701516453,0.211286438025477
"ENSG00000185561","TLCD2",1.13915285981833,3.52695895982385e-09
"ENSG00000185621","LMLN",-0.124529784786813,0.538241600746093
"ENSG00000185627","PSMD13",-0.31855470125436,0.00167239523217041
"ENSG00000185658","BRWD1",0.0748008706532075,0.448687104045826
"ENSG00000185760","KCNQ5",-0.56730521578995,2.13199373680739e-05
"ENSG00000185761","ADAMTSL5",0.78627842723908,2.07975838064115e-05
"ENSG00000185808","PIGP",0.18257276205459,0.218880530275543
"ENSG00000185818","NAT8L",0.125746300649021,0.54410289062503
"ENSG00000185825","BCAP31",0.112142147877817,0.332759747774203
"ENSG00000185862","EVI2B",1.0751455755862,5.5430190127745e-11
"ENSG00000185864","NPIPB4",-0.272779759979513,0.348452805456462
"ENSG00000185896","LAMP1",0.550212496168497,3.55698811533213e-14
"ENSG00000185900","POMK",0.219481378158816,0.0147528732548356
"ENSG00000185963","BICD2",-0.0291701670101637,0.872188073449782
"ENSG00000186017","ZNF566",-0.130864809011105,0.568486297514323
"ENSG00000186020","ZNF529",0.428880491268319,0.0263823654834307
"ENSG00000186026","ZNF284",0.251577481942127,0.172164279187345
"ENSG00000186106","ANKRD46",0.178979710209281,0.348606679288805
"ENSG00000186130","ZBTB6",-0.0168269652332718,0.948633103951721
"ENSG00000186314","PRELID2",-0.306730333041999,0.0440667788799796
"ENSG00000186409","CCDC30",0.653365105876481,0.0266919687484487
"ENSG00000186416","NKRF",0.062987784304955,0.667215319214473
"ENSG00000186432","KPNA4",-0.155181811464925,0.0948405311686798
"ENSG00000186469","GNG2",0.25759615249683,0.255610199400188
"ENSG00000186470","BTN3A2",0.00859907929488099,0.979680087205806
"ENSG00000186480","INSIG1",-1.12099581193693,4.59378524038236e-09
"ENSG00000186522","SEPTIN10",-0.510117274219741,2.38235909166156e-05
"ENSG00000186564","FOXD2",0.610325991735579,0.00403695752114006
"ENSG00000186566","GPATCH8",-0.0720297998661915,0.547567242031064
"ENSG00000186577","SMIM29",0.0142859683870251,0.948119282360362
"ENSG00000186594","MIR22HG",-0.0370727760598584,0.888502311626058
"ENSG00000186638","KIF24",-0.0194552218131681,0.955873900827709
"ENSG00000186665","C17orf58",-0.0826890778078005,0.593552752307499
"ENSG00000186666","BCDIN3D",0.447522213633771,0.0218277439480721
"ENSG00000186854","TRABD2A",0.302067522750439,0.00538521265356397
"ENSG00000186866","POFUT2",0.440655376766036,0.000701727689112681
"ENSG00000186871","ERCC6L",-0.228787033676334,0.0969757755764522
"ENSG00000186889","TMEM17",-0.0881345347043847,0.730791596692815
"ENSG00000186918","ZNF395",-0.596178405649673,0.0004002080532143
"ENSG00000187068","C3orf70",-0.00814148738458939,0.993190614729084
"ENSG00000187079","TEAD1",0.0437258675641142,0.809309901437106
"ENSG00000187164","SHTN1",-0.233200410837192,0.0704543318867736
"ENSG00000187231","SESTD1",-0.303954287128519,0.0147857269676514
"ENSG00000187257","RSBN1L",-0.38371151065309,1.65231401148888e-05
"ENSG00000187323","DCC",-2.47144052240635,3.98565195214995e-05
"ENSG00000187609","EXD3",0.614812191512338,0.00307933511929144
"ENSG00000187621","LOC124903372",0.260499928525074,0.349411052014531
"ENSG00000187626","ZKSCAN4",0.0315877103189973,0.909108778463315
"ENSG00000187741","FANCA",-0.137737372288412,0.335639880097769
"ENSG00000187764","SEMA4D",-0.720389818777834,9.84158320053597e-07
"ENSG00000187790","FANCM",-0.131002510172442,0.402542346513094
"ENSG00000187860","CCDC157",0.41032939188046,0.11317799286563
"ENSG00000187954","ZFTRAF1",0.675866801505267,1.67990918727163e-08
"ENSG00000188010","MORN2",0.0928460815024382,0.626627868244233
"ENSG00000188042","ARL4C",-0.696241812345932,0.00133204764811833
"ENSG00000188130","MAPK12",-0.239174330346376,0.0629446315303033
"ENSG00000188157","AGRN",-0.132275728581864,0.57428929527987
"ENSG00000188229","TUBB4B",-0.178116413135169,0.115438309680264
"ENSG00000188243","COMMD6",0.0278019144284317,0.854871629076255
"ENSG00000188283","ZNF383",0.348405867846468,0.102855598705783
"ENSG00000188312","CENPP",-0.684529851217426,1.23095017641204e-05
"ENSG00000188321","ZNF559",0.512268311242191,0.0350750651818306
"ENSG00000188342","GTF2F2",-0.303397680418847,7.60091659142457e-07
"ENSG00000188554","NBR1",0.227739301990854,0.0140757521647782
"ENSG00000188613","NANOS1",0.716160577332127,0.00700010851519306
"ENSG00000188681",NA,-0.0412590287784991,0.794998100240228
"ENSG00000188735","TMEM120B",-0.289044000907975,0.0358955911070597
"ENSG00000188807","TMEM201",0.00925525540382349,0.977110906446549
"ENSG00000188938","FAM120AOS",0.0131387742135134,0.926451324410459
"ENSG00000188986","NELFB",-0.0189225996113332,0.915945426922102
"ENSG00000188997","KCTD21",0.177058245426934,0.447252797061548
"ENSG00000189067","LITAF",0.466931023201219,4.02082855679058e-09
"ENSG00000189079","ARID2",-0.0954255121140922,0.399915878829394
"ENSG00000189091","SF3B3",0.0259609644263187,0.820678826588095
"ENSG00000189171","S100A13",0.869066791311829,6.99048246751264e-19
"ENSG00000189180","ZNF33A",-0.230187113586137,0.0332608141193622
"ENSG00000189190","ZNF600",1.58204794258216,1.76112333602324e-05
"ENSG00000189252","SPANXN3",1.07982224254022,0.00357512394948506
"ENSG00000189298","ZKSCAN3",0.245746093174644,0.258595555455322
"ENSG00000189306","RRP7A",-0.0785130328116894,0.471108401114725
"ENSG00000189410","SH2D5",-0.461484344361232,0.0158393644997181
"ENSG00000196123","MATCAP1",-0.245633915678026,0.260778030457339
"ENSG00000196139","AKR1C3",0.951034800704736,0.000478089194241558
"ENSG00000196177","ACADSB",0.335509336688749,0.0207401459484616
"ENSG00000196182","STK40",-0.635872714609233,6.60274031078601e-07
"ENSG00000196227","FAM217B",-0.08350751494741,0.469118041526433
"ENSG00000196233","LCOR",0.0381504428267295,0.798465777044669
"ENSG00000196267","ZNF836",0.812238391540618,0.00375421300076966
"ENSG00000196284","SUPT3H",-1.01459235381216,6.33633710953624e-06
"ENSG00000196323","ZBTB44",0.422322686684646,9.72460704379217e-07
"ENSG00000196365","LONP1",-1.05080482503242,1.70583828430646e-16
"ENSG00000196367","TRRAP",-0.0523005757767551,0.805628232132202
"ENSG00000196405","EVL",-0.768492862201185,1.75639478010026e-07
"ENSG00000196406","SPANXD",1.65351325163931,8.64045901442902e-06
"ENSG00000196419","XRCC6",-0.192292791808651,0.00923507751895222
"ENSG00000196422","PPP1R26",-0.327075377087014,0.0232616782540814
"ENSG00000196437","ZNF569",0.128771390713693,0.633838569309093
"ENSG00000196453","ZNF777",0.15897747698028,0.335171275004372
"ENSG00000196459","TRAPPC2",-0.210406638098739,0.221299672353902
"ENSG00000196465","MYL6B",-0.152224839630806,0.160831746656793
"ENSG00000196504","PRPF40A",-0.0304110748879246,0.732590528385272
"ENSG00000196639","HRH1",0.255320654597331,0.0154075454869065
"ENSG00000196642","RABL6",-0.368177674560923,2.73288947308809e-06
"ENSG00000196646","ZNF136",0.576612245519705,0.00158962423226026
"ENSG00000196705","ZNF431",0.124461438930783,0.490852415073427
"ENSG00000196739","COL27A1",-0.087090457177417,0.633595770189034
"ENSG00000196754","S100A2",-0.0968049017453889,0.549480635461074
"ENSG00000196782","MAML3",-1.0646475295534,2.85290407387513e-15
"ENSG00000196787","H2AC11",-0.229232285869988,0.441095980919372
"ENSG00000196810","CTBP1-DT",-0.0499866034734272,0.81266932052848
"ENSG00000196812","ZSCAN16",-0.0271588592740005,0.949657923775818
"ENSG00000196850","PPTC7",-0.29104878738757,0.00317627433311308
"ENSG00000196865","NHLRC2",-0.69654729553821,3.55108648370517e-11
"ENSG00000196911","KPNA5",-0.152332372336764,0.365191384860006
"ENSG00000196914","ARHGEF12",-0.155042694547907,0.245296299934196
"ENSG00000196954","CASP4",0.539344793335495,8.59227659402028e-08
"ENSG00000196998","WDR45",0.509919062913648,0.000188151301226466
"ENSG00000197045","GMFB",-0.315988169276406,0.00128386527767583
"ENSG00000197050","ZNF420",0.256051112156266,0.189364776695874
"ENSG00000197111","PCBP2",-0.311466823552744,5.74193383824002e-07
"ENSG00000197157","SND1",-0.823857204212093,1.05265387366092e-33
"ENSG00000197170","PSMD12",-0.13409413408566,0.103105916655329
"ENSG00000197208","SLC22A4",0.11751364969842,0.718368589753003
"ENSG00000197223","C1D",0.153634638850407,0.269131956269152
"ENSG00000197256","KANK2",0.31207622308346,0.0011110778382403
"ENSG00000197261","C6orf141",0.271823872097418,0.151730914395963
"ENSG00000197299","BLM",-0.193362858352075,0.100028821440417
"ENSG00000197302","KRBOX5",0.0170323663661484,0.946415914573797
"ENSG00000197323","TRIM33",0.217841126390443,0.00497733729564764
"ENSG00000197442","MAP3K5",-0.641341862904534,1.66544357865463e-05
"ENSG00000197448","GSTK1",0.0786113914106205,0.493147555426648
"ENSG00000197457","STMN3",-0.905927060687547,1.53846664690107e-07
"ENSG00000197461","PDGFA",0.0967520204691205,0.666814636963829
"ENSG00000197483","ZNF628",0.215929234837341,0.311574417762241
"ENSG00000197530","MIB2",1.86896629629803,7.07628734463718e-22
"ENSG00000197588",NA,0.0609073904303238,0.866171167389903
"ENSG00000197622","CDC42SE1",-0.0138607944330986,0.92245725897701
"ENSG00000197696","NMB",1.30133056087115,1.73811749911625e-16
"ENSG00000197724","PHF2",-0.274297770119739,0.0222477222074956
"ENSG00000197744",NA,-0.349208583244438,0.120378392633277
"ENSG00000197746","PSAP",0.635342718588088,6.26707090018113e-13
"ENSG00000197774","EME2",0.85843916999536,0.00020617101325074
"ENSG00000197780","TAF13",0.120107412305118,0.449750960119363
"ENSG00000197785","ATAD3A",-0.214509214431609,0.104547875032521
"ENSG00000197860","SGTB",0.0930775165210332,0.632170923233485
"ENSG00000197863","ZNF790",-0.190379095636501,0.501121902216373
"ENSG00000197956","S100A6",-0.0320567948947352,0.876631275149065
"ENSG00000197958","RPL12",0.154518146615082,0.0253124595529424
"ENSG00000197969","VPS13A",-0.704535624412374,3.06886842767413e-07
"ENSG00000197993","KEL",5.34860106885322,3.34258507003761e-12
"ENSG00000198000","NOL8",0.320560741750778,8.22235266908626e-05
"ENSG00000198018","ENTPD7",0.39245081406982,0.00599467315512299
"ENSG00000198028","ZNF560",-0.0436061634178388,0.909858941974502
"ENSG00000198033","TUBA3C",-0.149465575093127,0.237726924516253
"ENSG00000198034","RPS4X",-0.0724851165153596,0.430409147281555
"ENSG00000198055","GRK6",-0.219223417962925,0.0832760692346388
"ENSG00000198087","CD2AP",-0.201028207216579,0.0424114700799934
"ENSG00000198108","CHSY3",-1.66540462499853,9.91918066690193e-08
"ENSG00000198130","HIBCH",-0.322473105094397,0.00372965291239497
"ENSG00000198133","TMEM229B",0.29579516812451,0.255796441731259
"ENSG00000198142","SOWAHC",0.0939833721413844,0.471172738354945
"ENSG00000198162","MAN1A2",-0.0549824057824058,0.675484592321632
"ENSG00000198231","DDX42",-0.0125684902149389,0.930675403681504
"ENSG00000198331","HYLS1",-0.136119591989098,0.457039914999709
"ENSG00000198355","PIM3",-0.481851669664641,3.06940703101057e-05
"ENSG00000198356","GET3",0.409437779064808,0.00089495074750375
"ENSG00000198363","ASPH",-0.8449777534403,6.25098636468211e-35
"ENSG00000198435","NRARP",0.290556658689265,0.289906794497639
"ENSG00000198440","ZNF583",0.207454584426066,0.453279872192473
"ENSG00000198522","GPN1",0.111858436453006,0.349138037505546
"ENSG00000198561","CTNND1",-0.070536063408524,0.741413864945032
"ENSG00000198563","DDX39B",0.258351364742284,0.276974155032418
"ENSG00000198585","NUDT16",-0.0191458860402194,0.910000027347657
"ENSG00000198633","ZNF534",0.0908133809967192,0.79130492857476
"ENSG00000198663","C6orf89",0.0554904649508272,0.476715536857278
"ENSG00000198680","TUSC1",-0.0851678953774633,0.615000132293655
"ENSG00000198700","IPO9",-0.156713274913189,0.11585906613126
"ENSG00000198712","MT-CO2",0.982079992831705,6.67658218503879e-11
"ENSG00000198718","TOGARAM1",-0.0182069856882068,0.942280329579037
"ENSG00000198727","MT-CYB",0.137285788512497,0.439041504878543
"ENSG00000198732","SMOC1",1.69577381952007,1.17333464626038e-17
"ENSG00000198736","MSRB1",0.044716408886334,0.840662474293182
"ENSG00000198791","CNOT7",-0.07649993529561,0.559350823744635
"ENSG00000198794","SCAMP5",0.211556519079546,0.447073394650941
"ENSG00000198799","LRIG2",0.106175052165158,0.640605166216411
"ENSG00000198807","PAX9",0.893656246196511,0.0018201807824826
"ENSG00000198815","FOXJ3",-0.0458625115840702,0.742724149300081
"ENSG00000198824","CHAMP1",0.122815129263198,0.254303949338686
"ENSG00000198826","ARHGAP11A",-0.564594049134567,5.12997376931484e-08
"ENSG00000198830","HMGN2",-0.339228570476526,0.0173986288228068
"ENSG00000198833","UBE2J1",-0.441848667425881,3.1702534550806e-10
"ENSG00000198839","ZNF277",-0.0522880732259481,0.810700396095187
"ENSG00000198841","KTI12",0.0285928540248982,0.899500624192897
"ENSG00000198856","OSTC",-0.0334436547695667,0.832819483705816
"ENSG00000198876","DCAF12",0.0834421142561745,0.417947793727748
"ENSG00000198886","MT-ND4",0.5175461814199,0.000254700742328872
"ENSG00000198894","CIPC",-0.0200649593527732,0.947429489140069
"ENSG00000198900","TOP1",-0.0129393003078341,0.925919708142753
"ENSG00000198918","RPL39",0.211479188087648,0.0631902101423929
"ENSG00000198924","DCLRE1A",-0.635373043067958,7.03682912278452e-05
"ENSG00000198929","NOS1AP",0.0326794302178392,0.913059568690079
"ENSG00000198930","CSAG1",0.648291803474713,5.31315854308188e-11
"ENSG00000198933","TBKBP1",1.11580092730881,0.000121360897161877
"ENSG00000198938","MT-CO3",0.0148014190057244,0.959445482940364
"ENSG00000198952","SMG5",0.302129837090268,0.0240015846016329
"ENSG00000200164",NA,-0.232173637422363,0.411927649921782
"ENSG00000201098","RNY1",0.00933695100106229,0.988869353781543
"ENSG00000201882",NA,-0.773455513481735,0.0069266484663437
"ENSG00000201998","SNORA23",-0.149902851361652,0.626080515279725
"ENSG00000202347","RNU1-16P",-0.0698009460219464,0.842892629549748
"ENSG00000202354","RNY3",-0.368316626565725,0.132123388268535
"ENSG00000203791","EEF1AKMT2",-0.474526259660289,0.00019202440856822
"ENSG00000203865","ATP1A1-AS1",0.280020034141601,0.27449966213476
"ENSG00000203930","LINC00632",0.825299400553861,0.00012588900031144
"ENSG00000203950","RTL8A",0.396557533133184,4.82911546984734e-05
"ENSG00000204054","LOC124900275",0.180474455413779,0.216512743203779
"ENSG00000204060","FOXO6",-0.267650464750475,0.351948220730509
"ENSG00000204070","SYS1",0.163129446234945,0.123916391710358
"ENSG00000204116","CHIC1",-0.0400097457064848,0.875801983763617
"ENSG00000204138","PHACTR4",0.210274390971473,0.0030324638154172
"ENSG00000204160","ZDHHC18",0.00826258924534045,0.984726219045478
"ENSG00000204172","AGAP9",0.170619038340265,0.550781768976416
"ENSG00000204237","OXLD1",0.324377283264801,0.0179522126194687
"ENSG00000204257","HLA-DMA",0.482119097984391,0.0154075454869065
"ENSG00000204264","PSMB8",0.434412718245583,0.0105782508533555
"ENSG00000204272","NBDY",0.0743544636772997,0.62483380917524
"ENSG00000204315","FKBPL",0.305672459789799,0.0564336381734259
"ENSG00000204381","LAYN",-0.419457728900127,4.36002749167271e-06
"ENSG00000204397","CARD16",1.77361289684843,3.66044186920242e-11
"ENSG00000204406","MBD5",-0.0827248437518185,0.62239253463495
"ENSG00000204435","CSNK2B",0.0767009050071839,0.69874546961749
"ENSG00000204444","APOM",-0.352872897451257,0.184671040383223
"ENSG00000204525","HLA-C",0.967512460100944,7.58796280380997e-11
"ENSG00000204536","CCHCR1",-0.0623158693183649,0.76817961510699
"ENSG00000204540","PSORS1C1",0.873465509994213,0.000669105983063496
"ENSG00000204574","ABCF1",0.0582764872802421,0.577672891668557
"ENSG00000204642","HLA-F",0.13347978718133,0.629134789230306
"ENSG00000204764","RANBP17",-0.320459381918748,0.188906839819423
"ENSG00000204815","ODAD4",0.0715886670471262,0.821097558425722
"ENSG00000204839","MROH6",0.324676500027483,0.11634165619449
"ENSG00000204946","ZNF783",-0.279715249462858,0.258383242268884
"ENSG00000204954","UQCC6",0.585774521719053,2.01213614629636e-05
"ENSG00000205041",NA,-0.102955185112046,0.755414014699934
"ENSG00000205476","CCDC85C",-0.738445298892149,6.51462399935229e-08
"ENSG00000205531","NAP1L4",-0.129637584178816,0.11907249318253
"ENSG00000205544","TMEM256",0.22958790564201,0.129514983517702
"ENSG00000205683","DPF3",-0.868286946020414,0.000321842557819174
"ENSG00000205707","ETFRF1",0.361794955918268,0.0081643383101344
"ENSG00000205758","CRYZL1",0.129775086565179,0.417501477981791
"ENSG00000206052","DOK6",-1.12646240267194,0.00479987019349271
"ENSG00000206053","JPT2",0.00941456956413827,0.948731397756652
"ENSG00000206195","DUXAP8",0.103763876457353,0.520509938906844
"ENSG00000206418","RAB12",-0.344338055157399,0.000183293452489076
"ENSG00000206503","HLA-A",0.841369652385507,4.23088342297605e-10
"ENSG00000206527","HACD2",0.0691223522859708,0.578474511694034
"ENSG00000206535","LNP1",-0.406076260629911,0.031092073343332
"ENSG00000206562","METTL6",0.0125543776674462,0.957047618780536
"ENSG00000206659",NA,0.00480630661397769,0.998562119662608
"ENSG00000210154",NA,3.58110629448986,4.43621141419992e-16
"ENSG00000211448","DIO2",1.83847760576554,1.33192072526958e-05
"ENSG00000212123","PRR22",-0.088016182200686,0.777639347146875
"ENSG00000212719","LINC02693",-0.226397122274386,0.18576495527002
"ENSG00000212724","KRTAP2-3",0.0154487150505564,0.977681368822555
"ENSG00000212802","RPL15P3",0.411238212811972,0.052343054411703
"ENSG00000212978",NA,-0.0669399216509396,0.599625256410058
"ENSG00000213015","ZNF580",0.00531109998585969,0.988013509445498
"ENSG00000213024","NUP62",-0.0768204093855645,0.417466688311325
"ENSG00000213347","MXD3",-1.25482458379255,1.39943257705992e-06
"ENSG00000213380","COG8",-0.357530899542846,0.0058375413561229
"ENSG00000213390","ARHGAP19",-0.492814477054685,0.00501155825723415
"ENSG00000213401","MAGEA12",0.15234353930824,0.30578768841077
"ENSG00000213563","C8orf82",-0.29925843222132,0.0347931073041854
"ENSG00000213614","HEXA",0.0630916877357444,0.671144160237945
"ENSG00000213619","NDUFS3",0.0592340221055384,0.639440254388675
"ENSG00000213625","LEPROT",0.0249983194738229,0.855444494808008
"ENSG00000213707",NA,-0.593087283201186,0.0335165433295288
"ENSG00000213859","KCTD11",1.18343799681429,3.0997584575988e-09
"ENSG00000213885",NA,0.00286705792701445,0.999526554579636
"ENSG00000213889","PPM1N",0.322666200694665,0.255510592384386
"ENSG00000213918","DNASE1",0.912538288079822,0.000127640204787432
"ENSG00000213967","ZNF726",-0.469770445851923,0.0836478620783859
"ENSG00000214050","FBXO16",-0.0145350019191631,0.980370664759449
"ENSG00000214114","MYCBP",0.0136209568448905,0.947057634135784
"ENSG00000214193","SH3D21",-0.483781938786228,0.0782056740527286
"ENSG00000214194","SMIM30",-0.320524583464811,0.0158704518067079
"ENSG00000214253","FIS1",0.0654381296397355,0.625906849382265
"ENSG00000214293","APTR",0.147385228331859,0.473999713745429
"ENSG00000214367","HAUS3",0.0370680270515925,0.842057790387684
"ENSG00000214413","BBIP1",-0.0320910795389922,0.872723378150843
"ENSG00000214706","IFRD2",-0.38337820354597,2.86958051241223e-05
"ENSG00000214717","ZBED1",0.111190577458808,0.226335032338621
"ENSG00000214765",NA,-0.364547039520588,0.0259407477292777
"ENSG00000214796",NA,2.4774644922234,2.79507733693851e-27
"ENSG00000214941","ZSWIM7",-0.322009879946064,0.00145576645335256
"ENSG00000215039","CD27-AS1",0.375163504075919,0.04817933664694
"ENSG00000215193","PEX26",0.383487777833686,1.45183007287538e-08
"ENSG00000215262","KCNU1",-2.06099701299728,0.000313082831405423
"ENSG00000215305","VPS16",0.10583253631066,0.404446778624756
"ENSG00000215375","MYL5",0.24104510769389,0.317712155349124
"ENSG00000215417","MIR17HG",-0.757974668202208,0.0110534699561823
"ENSG00000215421","ZNF407",-0.113902334160335,0.531062979595832
"ENSG00000215717","TMEM167B",0.35356840500879,0.00503015069449927
"ENSG00000215784","FAM72D",0.0342995790923428,0.914677224473272
"ENSG00000215788","TNFRSF25",0.155139896102255,0.499270919394078
"ENSG00000217801",NA,0.298923735972722,0.211485427161137
"ENSG00000218283",NA,-0.102141470154101,0.724794106270077
"ENSG00000218596",NA,0.0251660194368197,0.949983030421644
"ENSG00000218682",NA,0.392281925752155,0.197479666546561
"ENSG00000219626","FAM228B",-0.434862625953088,0.135039664338742
"ENSG00000220130",NA,-0.0304268205946585,0.940077618077688
"ENSG00000221914","PPP2R2A",-0.244556530425195,0.00018231241151761
"ENSG00000221988","PPT2",0.0428937847603865,0.86236802384475
"ENSG00000223485","LINC01615",0.463600942378039,0.0984269997351894
"ENSG00000223525",NA,-0.294994090546315,0.290480816066852
"ENSG00000223573","TINCR",0.621613515303944,0.0633871511372649
"ENSG00000223745",NA,0.820430657006648,5.32967057355769e-05
"ENSG00000223768","LINC00205",0.523822814486868,0.000424022835458028
"ENSG00000223797",NA,0.353447727805549,0.109815208272707
"ENSG00000223803",NA,0.173192011008437,0.266392506817958
"ENSG00000223959",NA,-0.62317126916517,3.58908929916702e-05
"ENSG00000224141","MIR548XHG",-0.897259266618812,0.00207404531064069
"ENSG00000224292","PORCN-DT",0.691000324779915,0.0322491159944921
"ENSG00000224420","ADM5",-0.302176556777511,0.191956208358657
"ENSG00000224609","HSD52",-0.155753596978936,0.60625237719556
"ENSG00000224699","LAMTOR5-AS1",0.276485595340536,0.278767868426422
"ENSG00000224786",NA,0.727542279024732,0.0347305711676934
"ENSG00000224805","LINC00853",1.43032568216438,0.00231011831651954
"ENSG00000224877","NDUFAF8",0.0946532759385888,0.327093490555667
"ENSG00000225077","ICMT-DT",0.402498776051553,0.140376752680923
"ENSG00000225173",NA,2.72927032699848,8.25091407013136e-05
"ENSG00000225200","RPS8P1",0.042846290952161,0.884693431243111
"ENSG00000225663","MCRIP1",0.0235960053041276,0.883476789412871
"ENSG00000225693",NA,1.16703710806494,0.00638902807538832
"ENSG00000225733","FGD5-AS1",-0.213570489456368,0.0139834558529676
"ENSG00000225761",NA,0.282448575414762,0.344350601319599
"ENSG00000225968","ELFN1",-0.230067995847441,0.344540295093993
"ENSG00000226057",NA,-0.793357786457713,0.0336159504953735
"ENSG00000226328","NUP50-DT",0.377113514130787,0.0445237096234296
"ENSG00000226419","SLC16A1-AS1",-0.185431156915869,0.142394316542745
"ENSG00000226465",NA,0.802757136868739,0.0189060819345974
"ENSG00000226688","ENTPD1-AS1",0.263919468546973,0.0168423335762258
"ENSG00000226824","LOC100996437",0.341977596312378,0.0337117743405043
"ENSG00000226965",NA,0.469748508814775,0.1248350752171
"ENSG00000227308","LOC105373888",0.859832943612591,0.00268708237903771
"ENSG00000227345","PARG",-0.100024711555507,0.478323967652727
"ENSG00000227560","RPS15AP30",-0.181683566803865,0.549107006563511
"ENSG00000228049","POLR2J2",0.170422786239998,0.573356123887946
"ENSG00000228065",NA,-1.13411124099931,1.81866717813604e-09
"ENSG00000228109","MELTF-AS1",0.00590328006172316,0.996569297586285
"ENSG00000228223","HCG11",0.132786909195126,0.671351371712904
"ENSG00000228340","LINC02910",-0.921586041233332,0.000136169639192456
"ENSG00000228436","RRAGC-DT",0.333763480259075,0.260887142864058
"ENSG00000228451",NA,1.1484598420649,1.23393387340958e-11
"ENSG00000228474","OST4",0.187010606308342,0.0421352057774301
"ENSG00000228623","ZNF883",0.154542407710568,0.442424510594015
"ENSG00000228801","PCMTD1-DT",0.112831841818717,0.620798716155165
"ENSG00000229119",NA,-0.063232454919366,0.802848226730415
"ENSG00000229320","KRT8P12",0.128090276441708,0.670667868124595
"ENSG00000229334",NA,0.833627751534424,0.00744993352589684
"ENSG00000229344","MTCO2P12",1.33849268242079,8.27119091095506e-06
"ENSG00000229375","USP24P1",-0.0193261251126056,0.968866479151386
"ENSG00000229820",NA,0.220284545944449,0.459947073867926
"ENSG00000230359",NA,-0.010619289510174,0.98854835662345
"ENSG00000230409",NA,-0.398977854956423,0.113721030839435
"ENSG00000230426","LINC01036",-0.0732735177416706,0.787479390894051
"ENSG00000230453","ANKRD18B",-0.284329828324282,0.0549573566110705
"ENSG00000230732",NA,0.761487608573964,0.00252533129574603
"ENSG00000231233","CFAP58-DT",0.0437274299131819,0.909108778463315
"ENSG00000231290","APCDD1L-DT",-0.627832256735705,0.000129217156783615
"ENSG00000231298","MANCR",-0.895697188665195,2.1272803042782e-07
"ENSG00000231466",NA,-0.0869459206020385,0.795508471152226
"ENSG00000231607","DLEU2",-0.938443249113346,1.25477403500136e-10
"ENSG00000231666","LINC01704",0.832646776235013,0.00535973440264201
"ENSG00000231789","PIK3CD-AS2",0.905618976249699,0.0117181847050564
"ENSG00000231908","IDH1-AS1",0.297456793614118,0.298493557829577
"ENSG00000232053","LOC105375523",-0.426524059506313,0.157584518334136
"ENSG00000232112","TMA7",4.3014292377395e-05,0.999987733893952
"ENSG00000232388","SMIM26",0.163529256866932,0.299441639201339
"ENSG00000232732","LOC101927687",0.0949142955688875,0.779455951686066
"ENSG00000232931",NA,-0.459837387058582,0.0356254501804406
"ENSG00000232956","SNHG15",0.30765942822638,0.0210458179259357
"ENSG00000233321","LINC02669",-0.242267974370475,0.402129737189121
"ENSG00000233452","STXBP5-AS1",-0.760802785477942,0.00532355460622962
"ENSG00000233515","LINC01518",0.853842904541713,0.000574007447546634
"ENSG00000233527","ZNF529-AS1",0.300760031649383,0.148938132536085
"ENSG00000233621","LITATS1",0.424627047845255,0.10424090130596
"ENSG00000233818",NA,0.666667597729453,0.00948148963132094
"ENSG00000234147",NA,-0.143970215458799,0.482920028515519
"ENSG00000234222","LIX1L-AS1",0.50794188407425,0.106336013709786
"ENSG00000234327","ZNF232-AS1",0.0616846178252989,0.779322280736519
"ENSG00000234409","CCDC188",-0.0676513928758957,0.850117542424527
"ENSG00000234420",NA,0.0583201487708093,0.815448841279445
"ENSG00000234498","RPL13AP20",2.03080184429397,5.3346939157901e-22
"ENSG00000234518",NA,0.0442334009164785,0.898666858720125
"ENSG00000234741","GAS5",0.16221097177611,0.298282356722946
"ENSG00000234745","HLA-B",1.16751322215348,2.47443519900449e-16
"ENSG00000234851","RPL23AP42",0.0649236805566995,0.637096551180061
"ENSG00000234965","SHISA8",0.310047307460886,0.225745403518152
"ENSG00000235109","ZSCAN31",0.931082645897988,0.000124106614000705
"ENSG00000235169","SMIM1",0.623615220542777,0.0508648024375273
"ENSG00000235180","LINC00601",0.285533981404158,0.20002123655898
"ENSG00000235194","PPP1R3E",-0.206768045074443,0.387403780380216
"ENSG00000235437","LINC01278",0.151338835970538,0.349439782642726
"ENSG00000235672",NA,0.2203101330284,0.458089373482916
"ENSG00000235748",NA,0.0435166329100705,0.909071186300649
"ENSG00000235885","LOC101927661",1.25017185955224,0.00330767240844077
"ENSG00000235954","TTC28-AS1",0.221728118762944,0.139238105187586
"ENSG00000236021",NA,-0.863563165347121,0.0214473971369248
"ENSG00000236200",NA,-0.201690744938167,0.402313981905925
"ENSG00000236255",NA,0.288762470885603,0.306662843041642
"ENSG00000236256","DIAPH2-AS1",1.32030435169108,4.24275816624362e-05
"ENSG00000236359","OR51B8P",-0.1565632614203,0.612815659234401
"ENSG00000236453",NA,0.000821504419091745,0.999769847841042
"ENSG00000236552","RPL13AP5",0.0941352849761366,0.645310613291507
"ENSG00000237077",NA,0.0321328909483934,0.929312821150097
"ENSG00000237135","DDX10P1",-0.101513720286055,0.759563976309646
"ENSG00000237190","CDKN2AIPNL",-0.0151433588422953,0.9415184340954
"ENSG00000237424","FOXD2-AS1",-0.0247530538368625,0.945776975987625
"ENSG00000237436",NA,0.406526482247217,0.138529861434551
"ENSG00000237441","RGL2",-0.200424500590156,0.0465107917129952
"ENSG00000237484","LINC01684",-0.350785118850087,0.215316876079316
"ENSG00000237505","PKN2-AS1",-0.689383386495477,0.048094015283295
"ENSG00000237523","LINC00857",0.597183614710133,0.0180896137598294
"ENSG00000237595","LINC01275",1.08918685016411,0.00603281477182697
"ENSG00000237596","PDE7B-AS1",0.994862495857725,0.00779584639350997
"ENSG00000237649","KIFC1",-0.708091991335689,4.57545428996594e-07
"ENSG00000237732",NA,0.369631988660844,0.216404839100416
"ENSG00000238045",NA,2.12039083332949,8.21639129823048e-07
"ENSG00000238178",NA,-0.175733238006713,0.426872140339961
"ENSG00000238390","LOC124900469",0.105855655559725,0.735216540283002
"ENSG00000239272","RPL21P10",0.211670675571182,0.45391341856357
"ENSG00000239282","CASTOR1",0.382019062767367,0.161251724344056
"ENSG00000239306","RBM14",-0.949084708469674,9.29101757110501e-13
"ENSG00000239521",NA,1.17263822725151,2.96156734214425e-06
"ENSG00000239883",NA,-0.090155503244697,0.758135774057465
"ENSG00000240065","PSMB9",0.545302612596884,0.0120528055680221
"ENSG00000240225",NA,-0.0873969052448044,0.775660088651463
"ENSG00000240350",NA,3.49217510692287,1.43198405944357e-07
"ENSG00000240476","LINC00973",0.284880543001763,0.0826633829511369
"ENSG00000240652",NA,0.326197896390978,0.215919619884921
"ENSG00000240694","PNMA2",-0.103695160445311,0.671327167670164
"ENSG00000240857","RDH14",-0.160253924886939,0.148636520111862
"ENSG00000240891","PLCXD2",2.06659738954132,2.28141301692409e-13
"ENSG00000241015",NA,1.16080800308531,1.81989356174819e-12
"ENSG00000241280",NA,-0.281874222723411,0.322285337773434
"ENSG00000241288","LINC02614",1.35540124914293,0.000265846822861116
"ENSG00000241553","ARPC4",0.0868278605501125,0.353617855241175
"ENSG00000241685","ARPC1A",-0.404120150942317,2.75237837329092e-08
"ENSG00000241837","ATP5PO",-0.1342088295556,0.235312403375354
"ENSG00000241839","PLEKHO2",0.333337722827927,0.0286672558827852
"ENSG00000242299","RPS18P5",-0.0312112700753924,0.931352939292842
"ENSG00000242498","ARPIN",-0.114876889385928,0.623640680609283
"ENSG00000242612","DECR2",0.372529273672268,0.00975486785765458
"ENSG00000242697","RPL5P12",0.392655310468895,0.0339839897890426
"ENSG00000242715","CCDC169",-0.010992186635353,0.986839774376771
"ENSG00000242802","AP5Z1",0.355528807086887,0.013499480805723
"ENSG00000243024",NA,0.00298424991759627,0.999559162348204
"ENSG00000243156","MICAL3",-0.055613201079765,0.80271285489962
"ENSG00000243279","PRAF2",0.451446421556587,0.000246858511035552
"ENSG00000243314","RPS12P7",-0.0838257206659993,0.808330050152662
"ENSG00000243646","IL10RB",0.348814511769235,0.1977237127322
"ENSG00000243742",NA,0.198844359917905,0.464465651217614
"ENSG00000243753",NA,0.246946038651154,0.407679157462832
"ENSG00000244300",NA,0.662499388656788,0.0139667677851622
"ENSG00000244398","RPL36AP37",0.0541210000380345,0.777565205326713
"ENSG00000244459",NA,1.3273625752442,0.00309220903212199
"ENSG00000244486","SCARF2",0.0156127514995396,0.963046678401065
"ENSG00000244701",NA,-0.714198558154127,0.0302015992602809
"ENSG00000245293","CYP2U1-AS1",0.937316419133051,0.00309673645353553
"ENSG00000245532","NEAT1",0.911914910627935,4.38582723979828e-05
"ENSG00000245680","ZNF585B",0.126464974400411,0.693064216212543
"ENSG00000245937","SLC12A2-DT",-0.309477098198384,0.00568617552485477
"ENSG00000246273","SBF2-AS1",0.415289257641084,0.0101605208282093
"ENSG00000247081","LOC105369147",0.261658345614272,0.312358922029584
"ENSG00000247134",NA,-0.177058409164699,0.26854741719169
"ENSG00000247240","UBL7-DT",0.114712801051723,0.503620291539994
"ENSG00000247572","CKMT2-AS1",0.097255463436411,0.684917586941251
"ENSG00000247595","MISFA",0.131095969803311,0.634610481125134
"ENSG00000248049","UBA6-DT",-0.0439562069799248,0.856455443154983
"ENSG00000248333","CDK11B",0.371272929711306,0.00103601216868476
"ENSG00000248360","LINC00504",-0.173204107098408,0.530898229946185
"ENSG00000248508","SRP14-DT",0.442188382565034,0.0276485956565936
"ENSG00000248527","MTATP6P1",0.0809179654883645,0.71317443918594
"ENSG00000248698","KLF17P2",1.03040505717528,0.00120948789429819
"ENSG00000248712","DRC12",-0.0207189762305969,0.965607339754943
"ENSG00000248840",NA,0.348154462068773,0.247067001254427
"ENSG00000248956","HMGB1P44",0.0177297726367286,0.972958266178122
"ENSG00000248964","LOC101929470",1.71811770435808,6.03768934141965e-06
"ENSG00000249196","TMEM132D-AS1",-0.269543055611212,0.259910391918397
"ENSG00000249353",NA,-0.257413249243188,0.278771817840754
"ENSG00000249684",NA,0.0842918673406062,0.808116524571926
"ENSG00000250067","YJEFN3",0.236448460425797,0.387353158034344
"ENSG00000250222",NA,0.569295227104251,0.000542022687329529
"ENSG00000250280",NA,0.265358745238157,0.319885477781785
"ENSG00000250802","ZBED3-AS1",-0.0982635932284893,0.752251759997745
"ENSG00000251003",NA,-0.553535459907584,0.00345748979663189
"ENSG00000251127",NA,0.254676951953349,0.273294016303421
"ENSG00000251381","LINC00958",2.36896584453849,4.1019421257957e-13
"ENSG00000251442","LOC101928893",-0.549870335820751,0.0328384833770696
"ENSG00000251493","FOXD1",-0.697823677553249,2.70281845053175e-07
"ENSG00000251703","RNU6-998P",-0.169985500110109,0.576510696081166
"ENSG00000253227",NA,1.363860065349,0.000345278795869627
"ENSG00000253304","TMEM200B",-0.195794889633617,0.500596102969371
"ENSG00000253368","TRNP1",0.280274073519813,0.177898258181255
"ENSG00000253642",NA,-0.769614995054924,9.26597765219893e-10
"ENSG00000253729","PRKDC",-0.509779818980055,5.32392705969265e-06
"ENSG00000253746",NA,-0.818447181151863,0.000128906402672709
"ENSG00000253819",NA,1.22252690486737,1.64207811031342e-06
"ENSG00000254004","ZNF260",0.467736734491599,0.000305745835458698
"ENSG00000254302",NA,-0.674448646910166,0.0497981956056039
"ENSG00000254470","AP5B1",0.342282914590031,0.00568617552485477
"ENSG00000254614","CAPN1-AS1",0.125425459768674,0.589276728356122
"ENSG00000254685","FPGT",-0.390733799155763,0.0765354413316022
"ENSG00000254986","DPP3",0.228307051102506,0.0298729940200411
"ENSG00000254999","BRK1",0.203930590436333,0.00853829434045822
"ENSG00000255121",NA,0.611300305979174,0.0415826575958535
"ENSG00000255517",NA,0.536144424324701,0.012057053489126
"ENSG00000256043","CTSO",0.176251083582322,0.529964296566049
"ENSG00000256060","TRAPPC2B",0.364712749081469,0.0384209228041065
"ENSG00000256061","DNAAF4",-0.565485416032226,0.0824103669026808
"ENSG00000256235","SMIM3",0.26240281558595,0.167039418608081
"ENSG00000256525","POLG2",0.172369537448325,0.345791428128871
"ENSG00000256571",NA,0.0790101734561055,0.809530775914366
"ENSG00000256940","PPP1R14B-AS1",0.889699940102405,1.06473060480426e-11
"ENSG00000257167","TMPO-AS1",-0.556884785630792,0.00393062225781814
"ENSG00000257354","MIRLET7IHG",-0.753199062496256,0.00585207741385415
"ENSG00000257365","FNTB",-0.807606036908948,7.47652727428075e-09
"ENSG00000257556","LOC124903398",0.841901871933185,0.0189754694422165
"ENSG00000257727","CNPY2",0.441988518259665,4.31017240456619e-07
"ENSG00000257913","DDN-AS1",0.0599034340015755,0.867632239176424
"ENSG00000257954",NA,0.408475506666685,0.0881244876823469
"ENSG00000258366","RTEL1",-0.317865640568509,0.221340577344442
"ENSG00000258568",NA,-0.269480429048441,0.345479684662001
"ENSG00000258602","LINC01629",3.09087898813443,1.22894111229572e-05
"ENSG00000258733","LINC02328",0.536326261650825,0.0819107129295027
"ENSG00000258788",NA,0.94852251462705,0.0198994227283731
"ENSG00000258881",NA,0.193740659179952,0.422531071501718
"ENSG00000259129","LINC00648",-0.560629520229239,0.0814635465412288
"ENSG00000259230","LINC02323",1.77332851936058,0.000248921736166174
"ENSG00000259248","USP3-AS1",0.11665865146234,0.720300741261107
"ENSG00000259396",NA,0.0485046834993106,0.894625075447222
"ENSG00000259426","KIF23-AS1",0.836435224021614,0.00165886835608289
"ENSG00000259571","BLID",-0.259415437832314,0.38032751852371
"ENSG00000259642",NA,0.45681174369437,0.0533136232780913
"ENSG00000259768","ZFHX3-AS1",-0.308003458844454,0.13802261085613
"ENSG00000259781",NA,-0.20969182811627,0.436730850203714
"ENSG00000259828",NA,0.288085734823392,0.301154219746656
"ENSG00000259956","RBM15B",-0.118060773861921,0.156511002909449
"ENSG00000260193","LINC02846",3.38902605046799,2.1177731148386e-07
"ENSG00000260428","SCX",0.361481679976701,0.224908326984406
"ENSG00000260442","ATP2A1-AS1",-0.272051280750183,0.122503718912308
"ENSG00000260552","COSMOC",1.37744974528908,4.23844451442392e-07
"ENSG00000260630","SNAI3-AS1",0.243399224761705,0.403837383767435
"ENSG00000260691","ANKRD20A1",-0.256655612848798,0.385455995056671
"ENSG00000260916","CCPG1",0.918527593393048,1.6094101978341e-08
"ENSG00000260917","LOC103344931",-0.696484587531022,0.0384985246454433
"ENSG00000260992",NA,0.159734882523939,0.605996961526015
"ENSG00000261040",NA,1.38581567961392,1.08497364993647e-05
"ENSG00000261087","ZNNT1",0.368458064022019,0.156090153395248
"ENSG00000261220",NA,-0.00219624803541654,0.999769847841042
"ENSG00000261236","BOP1",0.0903987107704011,0.487983859201982
"ENSG00000261327","LOC105371401",0.126343182086807,0.681262266985598
"ENSG00000261335","LOC105274304",0.268938713774247,0.354260895963175
"ENSG00000261468",NA,-0.136605497513022,0.654432348230135
"ENSG00000261578",NA,0.045715487654266,0.903412514228064
"ENSG00000261609","GAN",0.0555547391131488,0.756669778384869
"ENSG00000261652","PIERCE2",0.92807862697718,0.00532209197336187
"ENSG00000261706","LINC00165",0.165094998794267,0.375068832452848
"ENSG00000261801","LOXL1-AS1",-0.921824867939252,3.67455320691498e-11
"ENSG00000262049",NA,0.350972264232071,0.0910756398723008
"ENSG00000262380",NA,0.0260040417799523,0.950799716265469
"ENSG00000263001","GTF2I",-0.243825402798982,0.105856836329646
"ENSG00000263266","RPS7P1",-0.140282478932727,0.53611459730264
"ENSG00000263528","IKBKE",0.045460541654603,0.864984509550177
"ENSG00000263711","LINC02864",-0.371667306790567,0.0623586637645112
"ENSG00000263731",NA,-0.625487782699608,4.06367444636248e-05
"ENSG00000263934",NA,0.762014121525944,0.0295372418358569
"ENSG00000264112",NA,-0.717705349988121,0.0413300148374384
"ENSG00000264301","LINC01444",0.0715971877436389,0.797423454731547
"ENSG00000264334",NA,-0.504580952381369,0.000237307962321469
"ENSG00000264350",NA,-0.418794857527968,0.150017066949746
"ENSG00000264364","DYNLL2",0.0767433769361084,0.449892680705809
"ENSG00000264666",NA,0.278875996052264,0.299381749237906
"ENSG00000264895",NA,0.21338594326608,0.389959891454168
"ENSG00000265241","RBM8A",-0.285595511631008,6.64514716823886e-05
"ENSG00000265800",NA,0.0112556020703095,0.986685733127096
"ENSG00000265808","SEC22B",-0.143507175454854,0.161059960156272
"ENSG00000265817","FSBP",-0.196231793643888,0.378748250270864
"ENSG00000265933","LINC00668",-0.188010570107629,0.453691680347774
"ENSG00000266094","RASSF5",-0.222869797522103,0.239047206633596
"ENSG00000266602",NA,-0.196102934065198,0.349828180463261
"ENSG00000266835","GAPLINC",0.00619748334876821,0.995717071694293
"ENSG00000266962","HSD17B1-AS1",-0.115551985261448,0.409757134853863
"ENSG00000267041","ZNF850",1.06996542018111,2.6144787103736e-09
"ENSG00000267058","LOC100505715",0.161010710621486,0.552076262023513
"ENSG00000267060","PTGES3L",0.794517753295105,0.027714670927774
"ENSG00000267107","PCAT19",1.74337658900896,8.23553008810888e-05
"ENSG00000267127",NA,-0.0175229388639371,0.973381320965137
"ENSG00000267249",NA,0.206268122694483,0.375099873483866
"ENSG00000267278",NA,0.959224957932934,0.0192294840439011
"ENSG00000267317",NA,0.8745351895893,8.21361567108367e-07
"ENSG00000267764",NA,0.753090198973182,0.0346100316986171
"ENSG00000268362",NA,0.237487916708849,0.121733244472172
"ENSG00000268895","A1BG-AS1",0.415898271977234,0.0596429968630955
"ENSG00000269386","RAB11B-AS1",0.615508767854484,0.00973091706203784
"ENSG00000269439","PGLS-DT",0.00188379807413917,0.999769847841042
"ENSG00000269825","LOC122539214",0.204075195973432,0.42276953475406
"ENSG00000269834","ZNF528-AS1",-0.0264339483173844,0.947138347605415
"ENSG00000269951",NA,0.0791914378803287,0.817288165044154
"ENSG00000269952",NA,1.15089724394768,0.000531487162608356
"ENSG00000270062",NA,-0.271515130563505,0.322991863057039
"ENSG00000270419",NA,0.102618331086768,0.748615056161431
"ENSG00000270558",NA,-0.185314679253185,0.392667396596721
"ENSG00000270629","NBPF14",0.19687648654004,0.398262796011794
"ENSG00000270640",NA,0.0238856068894704,0.953370069492699
"ENSG00000270804",NA,0.254545842704091,0.198431110896085
"ENSG00000271601","LIX1L",-0.0324280557921393,0.855095903534364
"ENSG00000271781",NA,0.425389924758683,0.0815155202949606
"ENSG00000271888",NA,0.15026091824978,0.615661037816806
"ENSG00000271936",NA,-0.228784965383788,0.321601915144445
"ENSG00000272031","ANKRD34A",0.233095623830052,0.354662554556309
"ENSG00000272047","GTF2H5",0.158269516152259,0.0479846052607005
"ENSG00000272077",NA,-0.115856723641903,0.716987986309061
"ENSG00000272157",NA,2.48660952222654,8.33133031514104e-06
"ENSG00000272205",NA,-0.0331075462447419,0.936858428596713
"ENSG00000272277",NA,0.361600197179944,0.129575037688155
"ENSG00000272288","ILRUN-AS1",0.767778417711843,0.00427886861106904
"ENSG00000272338",NA,-0.47585009667768,0.114465178153175
"ENSG00000272501",NA,0.195013808891349,0.519571233392219
"ENSG00000272512",NA,-0.420169275197432,0.160149327740368
"ENSG00000272599",NA,0.657547596538923,0.000817426606384304
"ENSG00000272831",NA,0.501841833252477,0.000218251180680596
"ENSG00000272931",NA,-0.203303377530583,0.500596102969371
"ENSG00000272936",NA,-0.266101491486846,0.355897859248715
"ENSG00000273066",NA,-0.156952418835973,0.556832142678273
"ENSG00000273117","INSIG1-DT",-0.117380243732787,0.595304398188388
"ENSG00000273132","LOC124901427",0.300686011464858,0.00999859104026958
"ENSG00000273145","LOC124905134",1.19996990513832,2.8320842536157e-05
"ENSG00000273156",NA,-1.90246793631304,2.45848219738553e-07
"ENSG00000273162","LOC107984262",0.423999427785062,0.114867496749179
"ENSG00000273297","LOC105375517",0.175117279835926,0.480654055365978
"ENSG00000273314",NA,0.424995661930788,0.0342127163853904
"ENSG00000273382",NA,0.531218143662859,0.0095649290508892
"ENSG00000273559","CWC25",-0.221379596798913,0.0145137040164699
"ENSG00000273703","H2BC14",-0.283735711927554,0.340886029868237
"ENSG00000273786",NA,-0.508103693671606,0.113386776497913
"ENSG00000274422",NA,0.216464692749013,0.353351647351371
"ENSG00000274425",NA,-0.635599495604683,0.0227298696031047
"ENSG00000274428","LOC124904634",-0.302171888904948,0.164520577166
"ENSG00000274605",NA,0.738136108078206,2.20965702936438e-10
"ENSG00000275056",NA,-0.118819878781691,0.716023803117811
"ENSG00000275092",NA,-0.170525304179463,0.568631131642736
"ENSG00000275185",NA,-0.169417071639215,0.536768464694074
"ENSG00000275202",NA,0.187235011913262,0.423332103688092
"ENSG00000275441",NA,1.95313609566804,2.88197699531392e-05
"ENSG00000275632",NA,-0.821362943965653,2.51438741451963e-07
"ENSG00000275700","AATF",-0.0431900570305238,0.739703305353629
"ENSG00000275835","TUBGCP5",-0.219877709653854,0.0979508869244826
"ENSG00000275874","PICSAR",0.0133963686004499,0.961836229665594
"ENSG00000276141",NA,0.903042940874903,0.000312060245994371
"ENSG00000276234","TADA2A",-0.668142172711787,2.88799574775572e-16
"ENSG00000276293","PIP4K2B",-0.359537995718957,0.00042733692030037
"ENSG00000276600","RAB7B",0.993749814430419,0.0129422813813913
"ENSG00000276672",NA,0.184799292369712,0.420168645000769
"ENSG00000276851",NA,-0.460369589076751,0.0295270451141795
"ENSG00000276853",NA,0.259204806385985,0.357535236631793
"ENSG00000277693",NA,0.24101612281772,0.282260332853312
"ENSG00000277945",NA,-0.329701075585219,0.222363263231849
"ENSG00000277972","CISD3",0.027389646588902,0.827134692200709
"ENSG00000278023","RDM1",0.240963539382327,0.216188124679112
"ENSG00000278053","DDX52",0.083787697034576,0.293415557556124
"ENSG00000278177",NA,0.513551945854804,0.0570925546040575
"ENSG00000278266",NA,-0.589132025167436,0.000195264281318028
"ENSG00000278318","ZNF229",0.45034434570709,0.0424822711727028
"ENSG00000278341",NA,-0.631079640898104,0.0568717523653224
"ENSG00000278463","H2AC4",-0.722279062326175,0.0289653698194361
"ENSG00000278535","DHRS11",0.0934920720567084,0.604575131469053
"ENSG00000278765",NA,-0.380327860612794,0.192891346458135
"ENSG00000278845","MRPL45",-0.0120768811411379,0.952026589886565
"ENSG00000278970","ZFP62",-0.00015368988686851,0.999939998058786
"ENSG00000278991",NA,0.150299967755021,0.627311878376938
"ENSG00000279133",NA,0.317421553972918,0.149724869166914
"ENSG00000279170","TSTD3",-0.326270106078854,0.0609926296191547
"ENSG00000279265",NA,-0.814617002416956,0.00911911142456793
"ENSG00000279348",NA,-0.838086066523856,0.0121244481195339
"ENSG00000279354",NA,0.199113195862112,0.510138042489396
"ENSG00000279443",NA,0.00895683285939948,0.989611571815081
"ENSG00000279738",NA,0.128271773509864,0.585662917633808
"ENSG00000279838",NA,-0.193331993723549,0.460011412639175
"ENSG00000280187",NA,0.872202172312615,7.40169723870708e-08
"ENSG00000280206",NA,-0.738744942931826,9.33543624467497e-08
"ENSG00000280208",NA,0.169328296041755,0.582131759596219
"ENSG00000280383",NA,0.319287422442166,0.149232289732848
"ENSG00000280417",NA,-0.0211667392416555,0.962382893761928
"ENSG00000280543","ASAP1-IT2",0.0198634614413233,0.967112162176603
"ENSG00000280832","GSEC",0.0438949279322386,0.896969843972235
"ENSG00000281183","NPTN-IT1",0.243229963978444,0.359266392396605
"ENSG00000281344",NA,-0.413968625734003,0.0363422701414433
"ENSG00000281706","LINC01012",-0.060625034241852,0.852711387741774
"ENSG00000283023",NA,0.0572619131085805,0.735938035906591
"ENSG00000283078","LOC105372705",2.51643055809639,8.29442020835873e-12
"ENSG00000283103","LOC105372480",0.446187526861225,0.00361040680290381
"ENSG00000283196",NA,-0.343982126421237,0.132281273850981
"ENSG00000283646","LINC02009",-0.356929251182811,0.142080106594965
"ENSG00000283930",NA,0.146014171590717,0.641682984193959
"ENSG00000284194","SCO2",0.725745580504907,5.04444995506016e-13
"ENSG00000285730",NA,0.0812794635640749,0.795003537533725
"ENSG00000285867",NA,-0.494803764621843,0.0869182612510816
"ENSG00000286284",NA,0.56223789105054,0.00178611571475146
"ENSG00000286314",NA,0.316581601153427,0.235371363900932
"ENSG00000286786",NA,0.1644377738819,0.57428929527987
"ENSG00000286791",NA,0.11316766079075,0.695210456575673
"ENSG00000286808",NA,-0.12359983321849,0.690382812952112
"ENSG00000287016","LOC124902546",0.686245118290966,0.00343253302946733
"ENSG00000287080","H3C3",-0.373184815370958,0.161604365236204
"ENSG00000287110","ACAD9-DT",0.177533279511083,0.540005324330208
"ENSG00000287222",NA,-0.10454163601956,0.708387391033829
"ENSG00000287394",NA,0.0151498023998536,0.965271175008375
"ENSG00000287710",NA,0.490969862803565,0.043477459776555
"ENSG00000288016",NA,-2.36395534794827,4.25056872247693e-09
"ENSG00000288398",NA,0.691085489497569,0.00150545866491126
"ENSG00000288701","PRRC2B",-0.0417588220438114,0.753890248648504
"ENSG00000288743",NA,1.8437431536903,4.24275816624362e-05
"ENSG00000288920","RPSA2",0.250558591235431,0.329258427895424
"ENSG00000288928",NA,0.185966824926196,0.514545899722976
"ENSG00000288948",NA,-0.139151104826597,0.625084757606914
"ENSG00000288973",NA,0.284928682582471,0.236633440751214
"ENSG00000288982",NA,-0.466129163970878,0.138529861434551
"ENSG00000288983",NA,0.730865142466843,0.000200043814516805
"ENSG00000289005",NA,0.117588783824867,0.718153023101264
"ENSG00000289043",NA,0.157082875672942,0.594826934366651
"ENSG00000289094",NA,-1.62486185662613,0.00210384136629634
"ENSG00000289155",NA,-0.183315475882702,0.535158877061714
"ENSG00000289194",NA,-0.526677038363376,2.39018652773594e-07
"ENSG00000289247",NA,0.775021932091886,0.0260928687128749
"ENSG00000289277",NA,0.369879842692104,0.209073809360786
"ENSG00000289314",NA,0.0479626911736356,0.888753453193101
"ENSG00000289344",NA,1.19401766862745,0.00605425986046678
"ENSG00000289423",NA,1.0534724145367,0.0124173849397671
"ENSG00000289426",NA,2.20361638484366,4.77634681495563e-06
"ENSG00000289460","LOC124909362",0.662171559973263,0.0421352057774301
"ENSG00000289574",NA,1.01034933507598,0.00614623640278487
"ENSG00000289579",NA,0.778703601897996,0.00274963611979929
"ENSG00000289585",NA,0.074982338818597,0.83136391697356
"ENSG00000290003",NA,0.180246222300854,0.543666021135579
"ENSG00000290012",NA,0.0665577109585474,0.8445071153874
