"ENSEMBL","SYMBOL","log2FoldChange","padj"
"ENSG00000000419","DPM1",-0.133111053789075,0.24884035999752
"ENSG00000002079","MYH16",1.38966970157194,9.72541847586919e-13
"ENSG00000002587","HS3ST1",-0.108751485359684,0.668265998123839
"ENSG00000003147","ICA1",-0.853192176688885,0.0219489497317547
"ENSG00000003393","ALS2",0.1510955835942,0.296108919762691
"ENSG00000004779","NDUFAB1",-0.0492911652172783,0.735766483256701
"ENSG00000004848","ARX",3.06065608332598,2.68074099477717e-05
"ENSG00000005022","SLC25A5",-0.433063474885907,7.27707024416768e-06
"ENSG00000005189","REXO5",0.973677078675843,3.76985186253229e-08
"ENSG00000005483","KMT2E",-0.0882610927826464,0.471964855938481
"ENSG00000006016","CRLF1",1.12265866099689,2.20968895415623e-05
"ENSG00000006062","MAP3K14",-0.0332063261892685,0.898363733882914
"ENSG00000006327","TNFRSF12A",0.146460420800531,0.20443342834502
"ENSG00000006468","ETV1",0.0270858282823734,0.92079452274485
"ENSG00000006606","CCL26",3.31383102875425,6.08816913853573e-08
"ENSG00000006695","COX10",0.0268266766961746,0.871168253690927
"ENSG00000006712","PAF1",0.212342698293297,0.0119795537909678
"ENSG00000007541","PIGQ",0.198791669704049,0.201673660592813
"ENSG00000007923","DNAJC11",0.105139628194586,0.32093744524482
"ENSG00000008018","PSMB1",-0.0871053066526519,0.474309055396874
"ENSG00000008294","SPAG9",-0.280972822007206,0.016111941918279
"ENSG00000008952","SEC62",-0.0203063002556424,0.860883940935723
"ENSG00000009335","UBE3C",0.0215080603871624,0.872696090894995
"ENSG00000009413","REV3L",0.151771569018566,0.233268494726176
"ENSG00000009844","VTA1",-0.0875180374174895,0.310782807444779
"ENSG00000010165","METTL13",0.00474899739263783,0.972285929657526
"ENSG00000010322","NISCH",0.417477290389194,0.00246523103970337
"ENSG00000010438","PRSS3",0.317517652877557,0.133892303030069
"ENSG00000010818","HIVEP2",0.580912356134146,2.37284679545053e-07
"ENSG00000012232","EXTL3",0.16163623968895,0.0898749355369589
"ENSG00000014164","ZC3H3",0.308946051203566,0.0987951870002345
"ENSG00000014824","SLC30A9",-0.540763692767164,1.17076051335122e-12
"ENSG00000015475","BID",-0.299921262548424,0.0019912893825234
"ENSG00000015479","MATR3",-0.359949460836792,0.175158167799405
"ENSG00000017260","ATP2C1",0.146802064711962,0.102436285211398
"ENSG00000017797","RALBP1",0.175906138726353,0.00572713253605331
"ENSG00000018408","WWTR1",-0.0921951657061043,0.392580945684461
"ENSG00000021826","CPS1",-2.3089430991551,6.96384885851438e-21
"ENSG00000023318","ERP44",0.0240417334426573,0.860263982597631
"ENSG00000023445","BIRC3",1.55739889173706,2.5105647318596e-14
"ENSG00000023572","GLRX2",0.113408845913594,0.337031628140939
"ENSG00000023734","STRAP",0.128834089290948,0.0793420445849211
"ENSG00000023892","DEF6",0.250369689444137,0.180197560907377
"ENSG00000023909","GCLM",-0.0263050200510132,0.892320082624818
"ENSG00000024048","UBR2",-0.00294876222699585,0.984971741079883
"ENSG00000025039","RRAGD",0.0714135706194185,0.804502647094037
"ENSG00000025156","HSF2",-0.103061871155353,0.41636778164594
"ENSG00000025772","TOMM34",-0.0166131918822706,0.899522970197549
"ENSG00000025800","KPNA6",0.0569947498396553,0.480908940699741
"ENSG00000027697","IFNGR1",-0.0773916130315932,0.730939397168227
"ENSG00000029364","SLC39A9",-0.13776344291101,0.105775826407724
"ENSG00000033050","ABCF2",0.095880293186063,0.306714452780246
"ENSG00000036672","USP2",0.76037215834577,0.0336995772531201
"ENSG00000037241","RPL26L1",-0.13234441138079,0.172978165429943
"ENSG00000037637","FBXO42",-0.103844517741049,0.54684459204674
"ENSG00000037757","MRI1",0.0253734382400161,0.875854829811456
"ENSG00000038274","MAT2B",0.0740478770346586,0.633513000394859
"ENSG00000038427","VCAN",-0.0469222299198657,0.855898255080075
"ENSG00000041802","LSG1",0.255654241269536,2.39137504067062e-06
"ENSG00000043143","JADE2",0.592000943928019,1.51496264999994e-07
"ENSG00000043514","TRIT1",-0.168474309127754,0.158247010083034
"ENSG00000044446","PHKA2",-0.377865963556542,0.0104622357303722
"ENSG00000046647","GEMIN8",-0.399933290360042,0.0222270345920338
"ENSG00000046651","OFD1",0.334309924325202,0.000762003206237976
"ENSG00000047230","CTPS2",0.273461964413244,0.104173578873606
"ENSG00000047315","POLR2B",0.312859827132276,3.39906158570344e-08
"ENSG00000047849","MAP4",-0.650201877374941,5.35687158157041e-20
"ENSG00000048162","NOP16",-0.144718238855738,0.102358777572222
"ENSG00000048544","MRPS10",-0.327125161979295,1.64492065367723e-05
"ENSG00000048707","VPS13D",-0.0515558879392911,0.760020463513054
"ENSG00000048828","FAM120A",-0.453882014204709,9.85701670798098e-14
"ENSG00000049246","PER3",-1.44638418901439,2.56468224519477e-13
"ENSG00000049249","TNFRSF9",-0.100367519248544,0.704769718618865
"ENSG00000049323","LTBP1",-1.28766616557439,1.46901361561305e-06
"ENSG00000049449","RCN1",-0.271872235198593,0.0148244660829135
"ENSG00000051108","HERPUD1",-0.840287920697607,5.23595931860473e-08
"ENSG00000051128","HOMER3",0.148185388233272,0.382263916407399
"ENSG00000052126","PLEKHA5",0.243628521741329,0.0048063498287521
"ENSG00000052795","FNIP2",0.281617489334643,0.00885666787094626
"ENSG00000052841","TTC17",0.10198338946154,0.380050128794667
"ENSG00000054356","PTPRN",-0.217740407224657,0.345191593408345
"ENSG00000054523","KIF1B",0.1602456905819,0.0942639621192959
"ENSG00000054965","FAM168A",0.0972113376978949,0.574483072472888
"ENSG00000055208","TAB2",0.0614599105817746,0.573347223886037
"ENSG00000055332","EIF2AK2",0.108962222934376,0.120595132241633
"ENSG00000056050","HPF1",-0.318627492754247,0.00155566332165604
"ENSG00000057252","SOAT1",0.0210313320831595,0.890024600306764
"ENSG00000058085","LAMC2",-0.353561769712017,0.00169231184534249
"ENSG00000058262","SEC61A1",0.332482455916715,0.00079718450873505
"ENSG00000058600","POLR3E",-0.0273256408265393,0.883058002934414
"ENSG00000059145","UNKL",-0.0904010795893292,0.501755165323104
"ENSG00000059758","CDK17",-0.499340816281161,9.94769647849084e-06
"ENSG00000059769","DNAJC25",0.412049580500737,0.000241620975115382
"ENSG00000060138","YBX3",0.282421512755877,0.000183219258502521
"ENSG00000061918","GUCY1B1",0.249889776494576,0.0923032317542455
"ENSG00000062716","VMP1",0.20139030815924,0.10396239305007
"ENSG00000063176","SPHK2",0.128854663457501,0.399398463204276
"ENSG00000063180","CA11",0.447920676042555,0.0439433288238728
"ENSG00000063245","EPN1",0.0366733762725355,0.820576193367324
"ENSG00000063854","HAGH",0.301027395311971,0.0193039988235817
"ENSG00000064102","INTS13",-0.0314511648951956,0.832432046945672
"ENSG00000064199","SPA17",-0.791329319814743,6.9288376906416e-07
"ENSG00000064300","NGFR",-1.14646067746502,0.000119076389235232
"ENSG00000064726","BTBD1",0.118846162366414,0.487236528734392
"ENSG00000064763","FAR2",-1.86351785477691,1.87487218817323e-10
"ENSG00000064787","BCAS1",-0.0822406924572694,0.766894403726663
"ENSG00000064995","TAF11",0.0379282449548554,0.786673439781238
"ENSG00000065000","AP3D1",0.11793082025981,0.250024085064775
"ENSG00000065268","WDR18",-0.0797152049885552,0.444196351273616
"ENSG00000065413","ANKRD44",-0.372947331814143,0.0143319758574309
"ENSG00000065485","PDIA5",-0.596480528192428,4.56231368763427e-08
"ENSG00000065882","TBC1D1",-0.0934371451691472,0.351415032586069
"ENSG00000066027","PPP2R5A",0.766148474982027,3.52797053251202e-11
"ENSG00000066697","MSANTD3",-0.0506015308710566,0.660380499600259
"ENSG00000066777","ARFGEF1",-0.128849735462151,0.20792517717978
"ENSG00000067064","IDI1",-0.448096888275459,0.00715933139984989
"ENSG00000067177","PHKA1",0.0518063048578943,0.835031771383536
"ENSG00000067798","NAV3",-0.17228687405535,0.287825789459321
"ENSG00000068024","HDAC4",-0.14790305395038,0.44341075282215
"ENSG00000068078","FGFR3",0.576982614364036,0.0319101612677935
"ENSG00000068137","PLEKHH3",-0.0941356406350284,0.652648248642098
"ENSG00000068305","MEF2A",0.0343414295968083,0.832320401996957
"ENSG00000069329","VPS35",0.193935058867982,0.000175066184564443
"ENSG00000069849","ATP1B3",0.123670336420909,0.147650734674505
"ENSG00000069998","HDHD5",0.0995807400667538,0.506606819928687
"ENSG00000070214","SLC44A1",-0.447696443265122,7.56221432697893e-09
"ENSG00000070371","CLTCL1",-0.0756295192686604,0.766638534715215
"ENSG00000070961","ATP2B1",-0.202648176406055,0.0297880941462788
"ENSG00000071894","CPSF1",-0.17718495675292,0.124709122297814
"ENSG00000071994","PDCD2",-0.0610543355578591,0.467192468692019
"ENSG00000072041","SLC6A15",0.0245253627051623,0.892399048352248
"ENSG00000072042","RDH11",-0.249171129386007,0.0151505147473849
"ENSG00000072062","PRKACA",0.0729747336552991,0.629099219940466
"ENSG00000072364","AFF4",0.449415706737933,3.45147462845762e-05
"ENSG00000072786","STK10",0.246240915938748,0.0549991798842169
"ENSG00000072849","DERL2",-0.131761740943405,0.165737912255097
"ENSG00000073169","SELENOO",0.310946861272191,0.0370765708916528
"ENSG00000073536","NLE1",0.0499898038246124,0.768738205723672
"ENSG00000074657","ZNF532",-0.390358760493989,0.00099620530932505
"ENSG00000074755","ZZEF1",-0.101157212644129,0.544660511414758
"ENSG00000074935","TUBE1",0.0142506855424109,0.95016849462023
"ENSG00000075142","SRI",-0.404771191333533,0.000292359438226361
"ENSG00000075188","NUP37",-0.190920400772116,0.165482535126344
"ENSG00000075239","ACAT1",-0.0782761742526155,0.462666048093852
"ENSG00000075340","ADD2",0.0188562752148988,0.937248461862684
"ENSG00000075415","SLC25A3",-0.192258268148797,0.015299855507023
"ENSG00000075568","TMEM131",-0.0150463576206102,0.937522070029674
"ENSG00000075618","FSCN1",0.327905839291065,1.04247918717492e-05
"ENSG00000075975","MKRN2",0.0385045146950219,0.83984541098384
"ENSG00000076067","RBMS2",0.202583589029111,0.051303673258049
"ENSG00000076554","TPD52",0.275669676077661,0.0208215860936753
"ENSG00000076650","GPATCH1",0.104661107432812,0.532724080731552
"ENSG00000076770","MBNL3",-1.45604495609671,5.87003410672305e-06
"ENSG00000076924","XAB2",0.305195284834369,0.059598028344421
"ENSG00000077147","TM9SF3",-0.0367015735590465,0.712961498316301
"ENSG00000077235","GTF3C1",0.361359549488032,0.000473555463225719
"ENSG00000077549","CAPZB",-0.548144381566933,6.25855824500235e-19
"ENSG00000078061","ARAF",0.283079923932656,0.00999327345805936
"ENSG00000078142","PIK3C3",-0.307457115608539,0.00012709905729866
"ENSG00000078246","TULP3",0.318117298780413,0.000902314599914462
"ENSG00000078401","EDN1",1.2751782710749,6.27906253086298e-08
"ENSG00000078618","NRDC",-0.363068774367099,5.22112958105844e-06
"ENSG00000078687","TNRC6C",0.0889676673084804,0.60933950678382
"ENSG00000078699","CBFA2T2",-0.147297397834215,0.42711261417341
"ENSG00000079308","TNS1",-0.713884792985099,1.27505828618783e-05
"ENSG00000079337","RAPGEF3",0.592357870179734,0.0193897868769228
"ENSG00000079385","CEACAM1",4.17488194715005,9.71404923969765e-10
"ENSG00000079459","FDFT1",-0.483884163730945,0.000526288314543162
"ENSG00000079691","CARMIL1",-0.412727157837004,0.00117551338090541
"ENSG00000079785","DDX1",-0.0270527592269657,0.791854791874159
"ENSG00000079805","DNM2",0.023406539089482,0.886533217446906
"ENSG00000079931","MOXD1",-1.70552276440524,1.09410952816814e-08
"ENSG00000080189","SLC35C2",0.126801731536586,0.176935299785555
"ENSG00000080823","MOK",-0.399619619390768,0.00046315345643862
"ENSG00000080845","DLGAP4",0.282565652428863,0.0119719681262071
"ENSG00000081913","PHLPP1",0.00409268636287679,0.984108071332307
"ENSG00000082126","MPP4",0.145815053112958,0.418169365870906
"ENSG00000082175","PGR",-0.114398581537308,0.613801751811033
"ENSG00000082258","CCNT2",-0.426935759572817,0.00128444627753503
"ENSG00000082458","DLG3",0.119218856210698,0.508507487751927
"ENSG00000082781","ITGB5",0.0911816263744707,0.513507208176337
"ENSG00000082805","ERC1",-0.567178153428212,3.58690633409094e-07
"ENSG00000083290","ULK2",0.0552412063113975,0.834794649956205
"ENSG00000083457","ITGAE",-0.329695326705919,0.0149761618143157
"ENSG00000083520","DIS3",-0.142970915161638,0.0284541522051801
"ENSG00000084090","STARD7",0.0238065618837662,0.877153813874124
"ENSG00000084234","APLP2",-0.0741928465716559,0.482995731014052
"ENSG00000084652","TXLNA",-0.0241954663857476,0.876894676158831
"ENSG00000084774","CAD",-0.372944135487804,5.95419010837782e-05
"ENSG00000085274","MYNN",-0.0918314693750174,0.534590247754532
"ENSG00000085552","IGSF9",-0.0434559914886612,0.88889296841004
"ENSG00000085721","RRN3",0.0684356845111351,0.58664890855937
"ENSG00000086015","MAST2",0.103212908947346,0.46017821427995
"ENSG00000086062","B4GALT1",-0.039620896641398,0.826228767794406
"ENSG00000086189","DIMT1",0.115425511531254,0.344908780553201
"ENSG00000086504","MRPL28",0.334717266723256,0.0115545212053505
"ENSG00000086696","HSD17B2",0.0400013338338399,0.894486386019403
"ENSG00000086991","NOX4",-0.0308453399522244,0.914886604246039
"ENSG00000087157","PGS1",0.0187524853464427,0.933013906525093
"ENSG00000087245","MMP2",0.154033128781163,0.522871377391874
"ENSG00000087253","LPCAT2",0.18982969079057,0.275685215450204
"ENSG00000087263","OGFOD1",0.0133588296716198,0.926907879868635
"ENSG00000087274","ADD1",-0.0210514167129213,0.867018401681089
"ENSG00000087995","METTL2A",-0.381452837562531,3.20039582761216e-05
"ENSG00000088727","KIF9",0.0366234943147757,0.867712036486042
"ENSG00000088832","FKBP1A",-0.197521127985829,0.0111098675359327
"ENSG00000088836","SLC4A11",1.70241803407634,2.24645758924285e-08
"ENSG00000089009","RPL6",-0.0942536379609527,0.401740603231991
"ENSG00000089050","RBBP9",0.096383572826617,0.556648963574397
"ENSG00000089177","KIF16B",-0.0294298327172354,0.923609471298961
"ENSG00000089195","TRMT6",-0.011257765201904,0.942362606020151
"ENSG00000089248","ERP29",-0.163208556503316,0.0853574746791796
"ENSG00000089335","ZNF302",-0.00211222238913261,0.992650709444824
"ENSG00000089876","DHX32",0.357964645082423,0.000415959808422562
"ENSG00000090061","CCNK",0.539571622091149,1.73170067171467e-08
"ENSG00000090273","NUDC",-0.0395976949121982,0.668202280620459
"ENSG00000090975","PITPNM2",-0.0383244902403987,0.870161900451051
"ENSG00000091009","RBM27",0.252976234561868,0.00033175400186998
"ENSG00000091039","OSBPL8",-0.190068697713139,0.0284058268093798
"ENSG00000091073","DTX2",0.332649419792972,0.0107057569252325
"ENSG00000091157","WDR7",-0.6938762872819,4.28168151695069e-05
"ENSG00000091164","TXNL1",-0.0303452911037273,0.82219083178664
"ENSG00000091409","ITGA6",-1.35142310277809,5.47411530631011e-26
"ENSG00000091542","ALKBH5",0.148336810045404,0.137371919299106
"ENSG00000091656","ZFHX4",0.337127539460887,0.0263389578974846
"ENSG00000092445","TYRO3",0.168441098075383,0.174479367177224
"ENSG00000092929","UNC13D",1.19563132418828,2.18637107673355e-07
"ENSG00000093144","ECHDC1",-0.160323368714064,0.0344235681996387
"ENSG00000093183","SEC22C",-0.0422848670099729,0.717134800789622
"ENSG00000094631","HDAC6",-0.159548667715591,0.382065474918347
"ENSG00000094975","SUCO",-0.0988157858795114,0.335650181495661
"ENSG00000095752","IL11",-0.205259712663692,0.366338202230023
"ENSG00000095951","HIVEP1",0.312313272031555,0.0450091740515479
"ENSG00000096968","JAK2",-0.236833662380826,0.0622703145978155
"ENSG00000097007","ABL1",-0.224751726146784,0.0372437172770633
"ENSG00000099194","SCD",-0.809862806963485,0.000138202708692233
"ENSG00000099331","MYO9B",0.330479645377132,0.00363503804974035
"ENSG00000099385","BCL7C",-0.0513161927987077,0.733041337841336
"ENSG00000099785","MARCHF2",0.106957307844304,0.655286699028131
"ENSG00000099875","MKNK2",0.424940989080912,1.31968613807347e-06
"ENSG00000099991","CABIN1",0.0778118889667479,0.549625418822662
"ENSG00000100029","PES1",0.250645129514799,0.0108694086705532
"ENSG00000100030","MAPK1",-0.0298416747904202,0.725180134506058
"ENSG00000100033","PRODH",3.54584376502288,1.47674004679453e-07
"ENSG00000100034","PPM1F",-0.080832405975911,0.592646641448968
"ENSG00000100036","SLC35E4",-0.0825974672875208,0.599099768673511
"ENSG00000100056","ESS2",0.293673815968647,0.029392132379984
"ENSG00000100099","HPS4",0.319159418411203,0.000980195947710852
"ENSG00000100105","PATZ1",0.552164394608222,3.09727576620325e-08
"ENSG00000100138","SNU13",0.0497314428958498,0.636393386831159
"ENSG00000100139","MICALL1",0.285963998355368,0.00596098940307072
"ENSG00000100142","POLR2F",0.292673399981094,0.000392985912909175
"ENSG00000100147","CCDC134",0.519356922965799,9.81567947866401e-05
"ENSG00000100201","DDX17",0.268687497918255,0.000157185723260137
"ENSG00000100216","TOMM22",-0.108547689478793,0.374265383237114
"ENSG00000100219","XBP1",-1.31888601162083,2.2329058132567e-23
"ENSG00000100241","SBF1",0.215394984418254,0.0829518991249844
"ENSG00000100258","LMF2",0.463076228661107,8.06364010441823e-05
"ENSG00000100296","THOC5",0.167298855993163,0.0185756618220123
"ENSG00000100320","RBFOX2",-0.18578844282484,0.0110888960000062
"ENSG00000100335","MIEF1",-0.100633520686176,0.244608076696248
"ENSG00000100350","FOXRED2",0.116960107664953,0.343586968380857
"ENSG00000100354","TNRC6B",0.037942896128724,0.83494437307999
"ENSG00000100461","RBM23",0.41606691759403,9.26486484714195e-05
"ENSG00000100490","CDKL1",-0.137866968243223,0.471957481293724
"ENSG00000100528","CNIH1",-0.0282949129847123,0.84865343163157
"ENSG00000100564","PIGH",0.15162525123805,0.417594028223449
"ENSG00000100567","PSMA3",-0.00838935319400612,0.952927823458736
"ENSG00000100577","GSTZ1",-0.00668315582180228,0.975421765363247
"ENSG00000100625","SIX4",-0.861701951027828,7.08500359955941e-08
"ENSG00000100823","APEX1",-0.146066542935839,0.206096135731747
"ENSG00000100836","PABPN1",-0.462312662913597,0.0923032317542455
"ENSG00000100852","ARHGAP5",-0.155692274770875,0.111077971006724
"ENSG00000100888","CHD8",0.384030780546657,2.95285458794611e-06
"ENSG00000100889","PCK2",-0.983490863753146,0.000114751624173862
"ENSG00000101096","NFATC2",2.29174211285659,1.22313617610714e-07
"ENSG00000101152","DNAJC5",-0.11416543741323,0.380050128794667
"ENSG00000101158","NELFCD",0.0877622281910438,0.459620528380349
"ENSG00000101160","CTSZ",0.103111619212892,0.605220075308798
"ENSG00000101193","GID8",0.2051246394482,0.0204762145361275
"ENSG00000101199","ARFGAP1",0.0963308405355968,0.506962430538016
"ENSG00000101216","GMEB2",-0.0470839980121395,0.784514319231759
"ENSG00000101236","RNF24",-0.517568425712388,2.06076610327094e-07
"ENSG00000101255","TRIB3",-1.17981574808641,1.60800661923397e-07
"ENSG00000101298","SNPH",-0.00022289305505405,0.999153337876706
"ENSG00000101347","SAMHD1",0.285751053375716,0.0316944862986387
"ENSG00000101365","IDH3B",-0.0704942928191104,0.464623571588503
"ENSG00000101367","MAPRE1",0.20386770238917,0.0362426249598564
"ENSG00000101421","CHMP4B",0.331492605512835,0.000486616061186033
"ENSG00000101444","AHCY",-0.179171586051607,0.0695822999984612
"ENSG00000101452","DHX35",-0.382854999098413,0.0220800434596794
"ENSG00000101474","APMAP",-0.0277376452440428,0.847563262199683
"ENSG00000101577","LPIN2",0.257992125766747,0.0809486362571341
"ENSG00000101670","LIPG",-0.207609036587624,0.294733659468252
"ENSG00000101745","ANKRD12",-0.0500558675357279,0.707890055867662
"ENSG00000101871","MID1",0.32394213928646,0.000776300706309845
"ENSG00000102119","EMD",-0.116032450249779,0.153327290868186
"ENSG00000102125","TAFAZZIN",-0.337917144415355,0.0166573876189381
"ENSG00000102144","PGK1",-0.266971254087236,0.0149086812630549
"ENSG00000102158","MAGT1",-0.297815258294143,0.00288902323301965
"ENSG00000102265","TIMP1",0.701206772796412,2.71465305900623e-06
"ENSG00000102287","GABRE",0.0891942219662302,0.716272081586798
"ENSG00000102309","PIN4",0.359062502404309,4.16118986939687e-05
"ENSG00000102390","PBDC1",0.037885601446813,0.77780335901002
"ENSG00000102543","CDADC1",0.0423738844600181,0.863305199691704
"ENSG00000102710","SUPT20H",0.351339568797975,2.57919073685451e-05
"ENSG00000102805","CLN5",0.0175636108255612,0.931095121493305
"ENSG00000102858","MGRN1",0.440014568136312,0.00203592075940722
"ENSG00000102886","GDPD3",1.07136276138132,0.0065872696928793
"ENSG00000102898","NUTF2",-0.0622586592219459,0.544817793919998
"ENSG00000102901","CENPT",0.562010215318279,0.000158193965025532
"ENSG00000102921","N4BP1",0.068597073525609,0.573695426905408
"ENSG00000103044","HAS3",0.841527757189192,0.00339341369527684
"ENSG00000103047","TANGO6",-0.409465297387598,0.00521183625088495
"ENSG00000103126","AXIN1",0.247259426600884,0.0801846942682966
"ENSG00000103429","BFAR",-0.0652942113913574,0.453687535620966
"ENSG00000103512","NOMO1",-0.10959589326767,0.397391722383369
"ENSG00000103642","LACTB",0.161785662645986,0.118383543050014
"ENSG00000103657","HERC1",-0.136141393804581,0.302144026225416
"ENSG00000103740","ACSBG1",0.0458475558398854,0.881658198971109
"ENSG00000103855","CD276",0.558114607909568,8.52836116715264e-08
"ENSG00000103888","CEMIP",0.533119502460965,0.0474817678867418
"ENSG00000103942","HOMER2",-0.136614388037237,0.286964323570242
"ENSG00000103978","TMEM87A",0.221493232524789,0.00588957680548086
"ENSG00000104093","DMXL2",-0.143565215373196,0.38746583895387
"ENSG00000104129","DNAJC17",-0.197155615394881,0.263663922948936
"ENSG00000104299","INTS9",-0.581454028274469,9.63510009000298e-05
"ENSG00000104331","BPNT2",-0.403111754325139,1.96800194286756e-10
"ENSG00000104381","GDAP1",-0.11912347232784,0.43368360773676
"ENSG00000104408","EIF3E",-0.200359959209001,0.0171346086910958
"ENSG00000104497","SNX16",-0.219802704015092,0.191822491629297
"ENSG00000104524","PYCR3",0.185959358184846,0.211562326099566
"ENSG00000104549","SQLE",-0.459554307755491,0.000130677250328995
"ENSG00000104679","R3HCC1",0.449259149368323,1.67569053756466e-06
"ENSG00000104691","UBXN8",0.019267028320057,0.929807074116013
"ENSG00000104756","KCTD9",-0.269291446531453,0.0167640150514442
"ENSG00000104866","PPP1R37",-0.197139438488736,0.272440368419027
"ENSG00000104880","ARHGEF18",0.13864988018814,0.377644433984369
"ENSG00000104886","PLEKHJ1",-0.269777379548441,0.01183713983682
"ENSG00000104983","CCDC61",-0.161422733502788,0.487740941534885
"ENSG00000105058","FAM32A",-0.117245429076745,0.0767553710184733
"ENSG00000105063","PPP6R1",0.248885934751647,0.166034824231421
"ENSG00000105193","RPS16",-0.234547657864496,0.0114470951415091
"ENSG00000105221","AKT2",-0.053317346959065,0.715359906903089
"ENSG00000105321","CCDC9",1.06198445999901,8.89627188456072e-07
"ENSG00000105325","FZR1",0.178533126782131,0.197742276024506
"ENSG00000105339","DENND3",0.252253716083981,0.198785096821771
"ENSG00000105472","CLEC11A",-0.295435724046277,0.00654803796017402
"ENSG00000105671","DDX49",0.216465501849799,0.0234371938062356
"ENSG00000105695","MAG",-0.0305674922982924,0.918044573310182
"ENSG00000105698","USF2",-0.232671857161973,0.0203225797634686
"ENSG00000105722","ERF",-0.12872620798006,0.454217502748058
"ENSG00000105737","GRIK5",-0.076059003936672,0.786673439781238
"ENSG00000105767","CADM4",0.11390221597482,0.661405418427037
"ENSG00000105793","GTPBP10",-0.0951489451324214,0.479117007588744
"ENSG00000105819","PMPCB",0.0498215425229727,0.744652022047073
"ENSG00000105948","IFT56",-0.08877948236389,0.503390367289146
"ENSG00000105974","CAV1",-0.0931616800782073,0.577821306089137
"ENSG00000105976","MET",0.169658506624041,0.0623255177119437
"ENSG00000105991","HOXA1",0.347334716561048,0.137575244798501
"ENSG00000105993","DNAJB6",-0.520117083065317,3.24886106174671e-08
"ENSG00000106012","IQCE",0.162986877348308,0.26787060518784
"ENSG00000106028","SSBP1",-0.183681856311278,0.00262952984395231
"ENSG00000106049","HIBADH",-0.907589479830844,3.36390753862977e-08
"ENSG00000106086","PLEKHA8",0.572533702957524,6.80651687727322e-05
"ENSG00000106089","STX1A",-0.422280444329093,0.00113538641091348
"ENSG00000106100","NOD1",-0.0133140446038708,0.958662359135449
"ENSG00000106245","BUD31",-0.00358421684566544,0.98274030017059
"ENSG00000106266","SNX8",0.371704074489757,0.000443148200662112
"ENSG00000106290","TAF6",0.0817715363946916,0.392168978799079
"ENSG00000106305","AIMP2",0.0482226822030736,0.722216361377921
"ENSG00000106591","MRPL32",-0.114067135535678,0.403752511654262
"ENSG00000106609","TMEM248",-0.19079457891776,0.0377379114797725
"ENSG00000106628","POLD2",-0.230194636906849,0.0367552728910376
"ENSG00000106665","CLIP2",-0.72120957158936,3.60592125768772e-05
"ENSG00000106714","CNTNAP3",-0.65802133080766,0.00636551523531045
"ENSG00000106723","SPIN1",-0.11782305805893,0.156397900802215
"ENSG00000106771","TMEM245",-0.289681608846454,6.3552249819444e-06
"ENSG00000106823","ECM2",-0.334269644124902,0.165209446089009
"ENSG00000106976","DNM1",-0.155301108226686,0.383213338286658
"ENSG00000107036","RIC1",0.236156454720599,0.088941282242963
"ENSG00000107104","KANK1",0.0459148694748139,0.830802722508581
"ENSG00000107140","TESK1",0.847714050485288,5.26183754929742e-05
"ENSG00000107164","FUBP3",-0.044411322464749,0.713551618836302
"ENSG00000107262","BAG1",0.135259005095921,0.219598623327543
"ENSG00000107290","SETX",0.224524623594583,0.0370957076341738
"ENSG00000107338","SHB",0.0455595609038287,0.811086674660744
"ENSG00000107341","UBE2R2",0.25400942824094,5.94611419159088e-05
"ENSG00000107404","DVL1",0.405672057269772,0.000269619997543378
"ENSG00000107485","GATA3",-0.142422947219019,0.37436805530835
"ENSG00000107625","DDX50",-0.30485214354413,0.0022995458140701
"ENSG00000107651","SEC23IP",0.0890896685846786,0.342145654920166
"ENSG00000107833","NPM3",-0.0575445895513968,0.779714308821954
"ENSG00000107854","TNKS2",0.285853486560555,0.016584482262891
"ENSG00000107862","GBF1",0.218514018092526,0.0923443753924233
"ENSG00000107890","ANKRD26",0.180893427546973,0.0388419098100181
"ENSG00000108100","CCNY",-0.181025318059612,0.0259354479201774
"ENSG00000108239","TBC1D12",1.01453004489025,1.30699577096434e-13
"ENSG00000108262","GIT1",0.0501422398336463,0.780964732795446
"ENSG00000108306","FBXL20",-1.21649484953899,3.90483322369789e-13
"ENSG00000108344","PSMD3",0.216402824098118,0.0413036229008321
"ENSG00000108433","GOSR2",-0.0763781674252791,0.514654665934225
"ENSG00000108561","C1QBP",-0.301069264927306,0.0090917183094155
"ENSG00000108587","GOSR1",-0.0434756358076703,0.672118658078721
"ENSG00000108651","UTP6",0.271237262145562,0.00101364240156876
"ENSG00000108759","KRT32",0.880794498295645,0.0189544242484391
"ENSG00000108798","ABI3",-0.604933385940979,0.042749007795743
"ENSG00000108799","EZH1",0.111776168113167,0.535383872696282
"ENSG00000108813","DLX4",0.471033581363577,0.0689629751080372
"ENSG00000108819","PPP1R9B",0.366946113048104,0.00164757789055713
"ENSG00000108840","HDAC5",0.609092605671295,0.00146023041959567
"ENSG00000108960","MMD",-0.402420992536657,0.0115801106861403
"ENSG00000109063","MYH3",-0.325626157593283,0.162795785427312
"ENSG00000109113","RAB34",0.0233172696853369,0.868612391869839
"ENSG00000109118","PHF12",-0.124622518828667,0.415625189551633
"ENSG00000109171","SLAIN2",0.258823501837473,0.00378542853408506
"ENSG00000109332","UBE2D3",-0.266820622966494,2.2979765108009e-05
"ENSG00000109445","ZNF330",0.245765596544187,0.00401745806274776
"ENSG00000109475","RPL34",-0.23957667539263,0.0292921809976086
"ENSG00000109686","SH3D19",-0.326185845504418,0.00605222769953719
"ENSG00000109846","CRYAB",0.727014044562475,0.0380063612561054
"ENSG00000109881","CCDC34",0.510211068614873,7.31589568603526e-09
"ENSG00000109971","HSPA8",0.139427356168052,0.197704626481362
"ENSG00000110047","EHD1",0.0457766853329292,0.821350558685009
"ENSG00000110060","PUS3",-0.246906971542692,0.00767775734888503
"ENSG00000110321","EIF4G2",-0.00439828835443228,0.974436270772328
"ENSG00000110367","DDX6",0.00631697280932159,0.959207438940967
"ENSG00000110395","CBL",0.19667382388525,0.102977934683168
"ENSG00000110497","AMBRA1",0.565890840479336,0.000686791946577235
"ENSG00000110811","P3H3",-0.0469947317866126,0.797180611862661
"ENSG00000110931","CAMKK2",-0.514756327686671,3.96743131614788e-06
"ENSG00000110955","ATP5F1B",-0.434863090730692,9.51167539628208e-08
"ENSG00000111012","CYP27B1",-0.02836365630756,0.929517349857314
"ENSG00000111077","TNS2",0.591666378794342,5.60983538033118e-06
"ENSG00000111145","ELK3",-0.46551908067911,2.93826851827106e-07
"ENSG00000111266","DUSP16",0.336212180514124,0.0665454458034252
"ENSG00000111300","NAA25",-0.0272242452106568,0.855648872649041
"ENSG00000111331","OAS3",0.355631205179257,0.00198593916457669
"ENSG00000111358","GTF2H3",-0.24673948700579,0.0129696937371705
"ENSG00000111361","EIF2B1",-0.0440688182544573,0.723826195062091
"ENSG00000111596","CNOT2",-0.149368138499335,0.0357207816229447
"ENSG00000111639","MRPL51",-0.0362518412288787,0.81003471830367
"ENSG00000111670","GNPTAB",0.192151480948895,0.122993974018965
"ENSG00000111674","ENO2",0.374246014670309,0.00949273495713734
"ENSG00000111676","ATN1",0.093832412088569,0.588898837837741
"ENSG00000111679","PTPN6",0.336039951496898,0.198629932365491
"ENSG00000111716","LDHB",-0.163321734644626,0.0523269584488661
"ENSG00000111786","SRSF9",-0.0561163592028014,0.578648718604758
"ENSG00000111875","ASF1A",-0.189919693214363,0.136440912682364
"ENSG00000111885","MAN1A1",-0.399372025717682,0.00413337267097684
"ENSG00000111961","SASH1",-0.209610834234853,0.0566972495766808
"ENSG00000112053","SLC26A8",0.657320242218495,0.0389371950860834
"ENSG00000112167","SAYSD1",0.0357585199107693,0.860281229858285
"ENSG00000112234","FBXL4",-0.335168276160355,0.00881687379985832
"ENSG00000112237","CCNC",-0.0401292369009096,0.770713326393381
"ENSG00000112249","ASCC3",-0.0214333894636633,0.899709334656851
"ENSG00000112276","POPDC1",0.273510650751775,0.165752812330736
"ENSG00000112282","MED23",0.0913185119972423,0.588725819316875
"ENSG00000112394","SLC16A10",-0.128220987155454,0.596519683892779
"ENSG00000112406","HECA",0.577701140753998,1.8259748036742e-07
"ENSG00000112414","ADGRG6",-0.0457686757698574,0.834794649956205
"ENSG00000112419","PHACTR2",-0.349600734645087,0.00165713085217311
"ENSG00000112576","CCND3",0.739009872236266,9.17182554380248e-17
"ENSG00000112578","BYSL",0.297782379514973,0.000388723556678317
"ENSG00000112584","FAM120B",-0.180648962304822,0.107527106282189
"ENSG00000112640","PPP2R5D",0.619543692993307,5.56250312027685e-16
"ENSG00000112763","BTN2A1",-0.106722068499647,0.529628006628371
"ENSG00000112769","LAMA4",-0.1491485592212,0.272440368419027
"ENSG00000112972","HMGCS1",-1.06211793487409,3.30716601262272e-08
"ENSG00000113048","MRPS27",-0.344877253853098,5.66955671840956e-05
"ENSG00000113140","SPARC",0.0765386647511441,0.578945747353336
"ENSG00000113161","HMGCR",-0.670627245709915,6.65720904196057e-06
"ENSG00000113384","GOLPH3",0.00621616713931177,0.969156662085141
"ENSG00000113387","SUB1",-0.158932941391497,0.164096603449105
"ENSG00000113448","PDE4D",-0.208038169770109,0.352066727786657
"ENSG00000113594","LIFR",0.146424977355111,0.430618894240156
"ENSG00000113657","DPYSL3",0.196700575732941,0.0434840182462705
"ENSG00000113716","HMGXB3",0.214938598486901,0.0323270237007462
"ENSG00000113719","ERGIC1",-0.72352015749158,1.5590659153732e-24
"ENSG00000114019","AMOTL2",0.300498653790716,0.052424899316985
"ENSG00000114030","KPNA1",-0.0428147839425755,0.678724340749843
"ENSG00000114315","HES1",0.0737021588903186,0.768358074601112
"ENSG00000114331","ACAP2",0.00410080100646502,0.980501438298164
"ENSG00000114391","RPL24",-0.13335074457902,0.185848401027439
"ENSG00000114450","GNB4",0.0320010154048058,0.796142261527894
"ENSG00000114529","C3orf52",0.348465281085505,0.0202285474483804
"ENSG00000114757","PEX5L",-1.5696516854652,0.000122243318557757
"ENSG00000114933","INO80D",0.0365849384310258,0.869363490047004
"ENSG00000114942","EEF1B2",-0.360521233779119,8.54448114282898e-05
"ENSG00000114948","ADAM23",-0.626894945514921,0.00556000833028817
"ENSG00000114956","DGUOK",-0.143488803072905,0.194239538939532
"ENSG00000115091","ACTR3",-0.266041824384309,3.68497658781045e-05
"ENSG00000115267","IFIH1",-0.00138979711028474,0.996002644623799
"ENSG00000115306","SPTBN1",-0.169442910914161,0.126074245258554
"ENSG00000115307","AUP1",0.511241268497783,2.78657350427797e-14
"ENSG00000115310","RTN4",-0.503068754864036,5.56574740367795e-11
"ENSG00000115355","CCDC88A",0.0999795750503915,0.406983433871522
"ENSG00000115414","FN1",0.0830467840263648,0.688368548909523
"ENSG00000115423","DNAH6",0.16655474174846,0.506100567415525
"ENSG00000115446","UNC50",-0.233367113554004,0.0686712010996759
"ENSG00000115459","ELMOD3",-0.162249788596085,0.410387228297272
"ENSG00000115484","CCT4",0.0330113797033137,0.79459131504218
"ENSG00000115504","EHBP1",-0.679785363464054,3.28719142200078e-11
"ENSG00000115507","OTX1",0.0479617764883466,0.876145824830736
"ENSG00000115540","MOB4",0.217989724576531,0.0240157343255606
"ENSG00000115652","UXS1",-0.211533815972961,0.00605070715083299
"ENSG00000115884","SDC1",0.19434358487536,0.0525223039505651
"ENSG00000115904","SOS1",-0.0579183605162862,0.689821413497076
"ENSG00000115935","WIPF1",0.744519540064068,2.50920275064127e-13
"ENSG00000115946","PNO1",-0.365101414618214,0.000513692245597678
"ENSG00000115947","ORC4",0.0356912291643103,0.838302905617204
"ENSG00000115970","THADA",-0.458670932421383,8.59893998079925e-07
"ENSG00000115977","AAK1",-0.0239764543454331,0.89721478841808
"ENSG00000116106","EPHA4",0.88015595302011,0.000233674254359887
"ENSG00000116117","PARD3B",-2.39362901780797,1.5969450581044e-16
"ENSG00000116151","MORN1",-0.0425319748948421,0.878933188151636
"ENSG00000116183","PAPPA2",-1.63731741165037,7.52543291704032e-11
"ENSG00000116191","RALGPS2",-0.314724640635843,0.0217999951173369
"ENSG00000116198","CEP104",0.307572409987212,0.000695263592759882
"ENSG00000116221","MRPL37",0.32963089256103,4.16318133012311e-06
"ENSG00000116251","RPL22",-0.409776832737031,5.03586615677635e-07
"ENSG00000116266","STXBP3",0.431372732956712,0.000670341993382265
"ENSG00000116288","PARK7",-0.0953799031977013,0.371185664947525
"ENSG00000116459","ATP5PB",-0.186383507611844,0.101637953654836
"ENSG00000116604","MEF2D",0.294718056069411,0.0171070087461299
"ENSG00000116649","SRM",-0.0897691116641731,0.523612244745755
"ENSG00000116675","DNAJC6",-0.196638463913128,0.405341631729449
"ENSG00000116691","MIIP",0.350973350439657,0.0182897722976711
"ENSG00000116754","SRSF11",-0.388060657739337,8.49826210424949e-11
"ENSG00000116761","CTH",-0.566613224473715,0.011597595395842
"ENSG00000116786","PLEKHM2",0.271577664209414,0.0138296789463355
"ENSG00000116871","MAP7D1",0.128989653585318,0.26693361296941
"ENSG00000117133","RPF1",0.0305124790292958,0.807647070926181
"ENSG00000117151","CTBS",-0.023291041956652,0.935808696940338
"ENSG00000117298","ECE1",-0.266840249634545,0.00678451857710758
"ENSG00000117318","ID3",0.0682552016182765,0.733316390357801
"ENSG00000117385","P3H1",-0.0937526179304257,0.593881357071752
"ENSG00000117410","ATP6V0B",0.405707248388195,5.93296872137759e-05
"ENSG00000117411","B4GALT2",-0.228948705614638,0.00247051904177742
"ENSG00000117419","ERI3",-0.24116144210866,0.0506696493926002
"ENSG00000117500","TMED5",-0.271954511107449,0.00762286017158804
"ENSG00000117519","CNN3",-0.0166797601000714,0.93331241985935
"ENSG00000117525","F3",1.05835344861062,6.09428391716584e-09
"ENSG00000117569","PTBP2",-0.373691565732844,0.0209603160961319
"ENSG00000118046","STK11",0.0382216457625433,0.841432890671485
"ENSG00000118263","KLF7",-0.400176757158471,0.000429643842237855
"ENSG00000118276","B4GALT6",-0.925329128790112,6.83476749163367e-10
"ENSG00000118363","SPCS2",-0.012675094694341,0.942770996256083
"ENSG00000118579","MED28",-0.183123627233068,0.0388406548888269
"ENSG00000118596","SLC16A7",0.300099782027136,0.233268494726176
"ENSG00000118777","ABCG2",0.0373451100388988,0.880835381405886
"ENSG00000118816","CCNI",-0.254303574314869,3.60620517988031e-05
"ENSG00000118894","EEF2KMT",-0.0969009785518202,0.482995731014052
"ENSG00000118961","LDAH",-0.394269026076616,0.00222127895877362
"ENSG00000119138","KLF9",0.215802028967318,0.274826354096473
"ENSG00000119139","TJP2",0.396554681033349,0.0959840832292526
"ENSG00000119314","PTBP3",0.67665774799513,4.91777286169905e-24
"ENSG00000119396","RAB14",0.243981553701974,8.53702369112179e-06
"ENSG00000119522","DENND1A",-1.3562815819447,9.22724311839156e-22
"ENSG00000119537","KDSR",0.275749556758646,0.000400158601764741
"ENSG00000119684","MLH3",-0.15412905196891,0.309234043077581
"ENSG00000119705","SLIRP",-0.19538642425891,0.0841478958984199
"ENSG00000119772","DNMT3A",-0.124131520207848,0.444215903541986
"ENSG00000119777","TMEM214",0.120338921133826,0.362781055537825
"ENSG00000119812","FAM98A",0.209640482586552,0.0676567614885202
"ENSG00000119906","SLF2",0.190055108668231,0.092398845266697
"ENSG00000119927","GPAM",-0.145296615725174,0.379786364545368
"ENSG00000120051","CFAP58",0.216960006027003,0.346415804232799
"ENSG00000120063","GNA13",-0.161442412158917,0.112375314763189
"ENSG00000120162","MOB3B",0.0891744546438249,0.674999914338181
"ENSG00000120211","INSL4",2.88443789225351,7.0791227142878e-06
"ENSG00000120333","MRPS14",0.072451980718593,0.61768936992331
"ENSG00000120437","ACAT2",-0.316955385422735,0.0335692535264454
"ENSG00000120519","SLC10A7",-0.33017214100656,0.059191119175764
"ENSG00000120616","EPC1",0.138751287844191,0.0645988075252834
"ENSG00000120658","ENOX1",-1.93288456242771,3.78677008402494e-11
"ENSG00000120688","WBP4",0.159989223728689,0.073724139283615
"ENSG00000120697","ALG5",0.147366898906624,0.229770442396348
"ENSG00000120756","PLS1",0.114178456690379,0.485561240664232
"ENSG00000120784","ZFP30",-0.0573764397077777,0.837499550213634
"ENSG00000120868","APAF1",0.66900816597193,1.1098064661559e-07
"ENSG00000120896","SORBS3",-0.0767006518400328,0.63942427267785
"ENSG00000120910","PPP3CC",0.180212933645029,0.212290204748598
"ENSG00000120992","LYPLA1",-0.150775656419069,0.182534702987271
"ENSG00000121022","COPS5",-0.249521967659884,0.0156038898689004
"ENSG00000121067","SPOP",-0.0638727992415809,0.544660511414758
"ENSG00000121289","CEP89",-0.408014382191204,0.000280928420081321
"ENSG00000121350","PYROXD1",-0.716887188652705,4.73189727918566e-07
"ENSG00000121690","DEPDC7",1.35516543193206,2.13864234567655e-08
"ENSG00000122085","MTERF4",-0.107935101714143,0.410467617467616
"ENSG00000122126","OCRL",0.0765836444911599,0.592212561037839
"ENSG00000122299","ZC3H7A",0.0307350003068321,0.824587087509755
"ENSG00000122406","RPL5",-0.265556572900509,0.00140635682747556
"ENSG00000122547","EEPD1",0.291456628238994,0.206291318223357
"ENSG00000122591","HYCC1",-0.0185446254516358,0.900235560760644
"ENSG00000122692","SMU1",0.171910797709647,0.0416294938249319
"ENSG00000122707","RECK",0.0321930623745036,0.898480510156678
"ENSG00000122729","ACO1",0.0868092397181968,0.428371800739039
"ENSG00000122863","CHST3",-0.0379177783205038,0.864833491169245
"ENSG00000122870","BICC1",-0.16035580999435,0.366580802446795
"ENSG00000122884","P4HA1",0.240843567645329,0.0547213228741607
"ENSG00000123091","RNF11",0.291953585132949,0.00126904899334605
"ENSG00000123094","RASSF8",0.066793997027996,0.713108738355718
"ENSG00000123143","PKN1",-0.174361883678497,0.33491402002571
"ENSG00000123144","TRIR",0.137351211400398,0.114886618572185
"ENSG00000123179","EBPL",0.0224090562899324,0.881845172399221
"ENSG00000123610","TNFAIP6",0.450143913524123,0.0974512544248084
"ENSG00000123612","ACVR1C",0.588584782722818,0.0610858573602576
"ENSG00000123700","KCNJ2",0.927597191823529,6.89739758826121e-05
"ENSG00000123728","RAP2C",-0.0578069207669178,0.751247995135457
"ENSG00000123739","PLA2G12A",0.215765427343157,0.10098631428894
"ENSG00000124145","SDC4",0.123615617752969,0.125871936132758
"ENSG00000124177","CHD6",0.117962090494867,0.35059508122341
"ENSG00000124216","SNAI1",0.0313276737573943,0.91324565863378
"ENSG00000124217","MOCS3",-0.166319374811958,0.237230012604592
"ENSG00000124225","PMEPA1",0.511495282610805,0.0170768401244754
"ENSG00000124279","FASTKD3",-0.368626591558914,0.0225447374354235
"ENSG00000124380","SNRNP27",0.177900241320822,0.0242698649505681
"ENSG00000124496","TRERF1",-0.0693178476020034,0.695121040076718
"ENSG00000124608","AARS2",0.403473774371511,0.000139552359732313
"ENSG00000124731","TREM1",0.326542376357127,0.21019334977962
"ENSG00000124766","SOX4",0.152412309784347,0.459620528380349
"ENSG00000125148","MT2A",-1.0389688965288,3.02381988041548e-33
"ENSG00000125375","DMAC2L",-0.117590460938241,0.374760058365875
"ENSG00000125378","BMP4",1.07042469105452,0.000415959808422562
"ENSG00000125445","MRPS7",0.0229818349190847,0.87377434320356
"ENSG00000125447","GGA3",0.12449613936506,0.464018709977935
"ENSG00000125534","PPDPF",0.0154130042741922,0.914284211999347
"ENSG00000125651","GTF2F1",0.163058491367777,0.146719378662607
"ENSG00000125741","OPA3",-0.215071124336748,0.0752279958163399
"ENSG00000125743","SNRPD2",-0.195221256154648,0.0901892699022046
"ENSG00000125779","PANK2",0.220396394444532,0.00673597765882983
"ENSG00000125812","GZF1",0.174282728713568,0.138211950061873
"ENSG00000125814","NAPB",0.399974270538563,0.0415804044691654
"ENSG00000125821","DTD1",-1.23714158791275,2.65812436524562e-54
"ENSG00000125863","MKKS",-0.0903563635708517,0.635928544027945
"ENSG00000125864","BFSP1",1.60109847755146,1.29827907331794e-09
"ENSG00000125868","DSTN",-0.127222373519076,0.117361831929164
"ENSG00000125870","SNRPB2",-0.0618588777062249,0.62027454102075
"ENSG00000125952","MAX",-0.0422174876165339,0.761556911555522
"ENSG00000126226","PCID2",-0.0455123944997074,0.742530862491454
"ENSG00000126457","PRMT1",-0.417375310072747,3.95891136220278e-05
"ENSG00000126561","STAT5A",0.243867373548889,0.288844267506856
"ENSG00000126749","EMG1",0.0953624503660974,0.410721021087724
"ENSG00000126775","ATG14",0.0886111107148403,0.571845470190069
"ENSG00000126814","TRMT5",-0.201227372453781,0.0702327843714358
"ENSG00000126882","FAM78A",-0.242368560128476,0.317175229980397
"ENSG00000126934","MAP2K2",0.00638260802089381,0.975744757748343
"ENSG00000127124","HIVEP3",-0.00272543970262384,0.989536046737337
"ENSG00000127463","EMC1",-0.100121256492288,0.296575287533495
"ENSG00000127481","UBR4",0.173339939809386,0.275309791549246
"ENSG00000127526","SLC35E1",0.11998416353443,0.224800631986666
"ENSG00000127585","FBXL16",-0.0241281112848285,0.935822130830783
"ENSG00000127603","MACF1",-0.0102339847710299,0.956113605344243
"ENSG00000127774","EMC6",-0.00591250852081189,0.961779704920948
"ENSG00000127837","AAMP",0.234747621410003,0.00817670680901965
"ENSG00000127863","TNFRSF19",-0.11640557104182,0.651246623914671
"ENSG00000127914","AKAP9",0.271090911274439,0.00512805759226206
"ENSG00000127946","HIP1",0.20831301503105,0.0966849330522267
"ENSG00000127989","MTERF1",-0.151479053167799,0.334250937955128
"ENSG00000128185","DGCR6L",0.387460286511563,0.00140296026084589
"ENSG00000128309","MPST",0.145047221420544,0.383629964765628
"ENSG00000128422","KRT17",1.79702172586961,2.38747690586781e-08
"ENSG00000128510","CPA4",1.49450380134972,6.13859771297626e-07
"ENSG00000128534","LSM8",-0.0144550928223395,0.918887783323058
"ENSG00000128563","PRKRIP1",0.225310095818037,0.0470253802422214
"ENSG00000128573","FOXP2",-0.510033133811144,0.0572912728459663
"ENSG00000128604","IRF5",0.495338127936502,0.0682845562974778
"ENSG00000128626","MRPS12",0.444519380141225,3.38424864964957e-07
"ENSG00000128654","MTX2",0.0620318478872174,0.6594081019594
"ENSG00000128699","ORMDL1",-0.33729949358036,0.000157199533095221
"ENSG00000128849","CGNL1",-0.55651921028847,0.0158538719672035
"ENSG00000128965","CHAC1",-1.90093600514773,1.69089581857706e-05
"ENSG00000129003","VPS13C",-0.206335536206635,0.163254840403224
"ENSG00000129116","PALLD",0.865864942904324,1.1455874439365e-17
"ENSG00000129128","SPCS3",-0.0143272092741013,0.923860114211961
"ENSG00000129235","TXNDC17",0.200378818554725,0.0186448014041581
"ENSG00000129460","NGDN",0.000739190548124137,0.996464559079701
"ENSG00000129518","EAPP",0.183754675611162,0.0941494704264464
"ENSG00000130147","SH3BP4",0.910316738015199,1.8070493989389e-19
"ENSG00000130175","PRKCSH",0.0685884969562815,0.604297372173234
"ENSG00000130305","NSUN5",0.715784997147897,2.52071850808036e-13
"ENSG00000130309","COLGALT1",0.210323960728625,0.0365582927245404
"ENSG00000130338","TULP4",-0.135700342458632,0.257924589025422
"ENSG00000130479","MAP1S",0.238334882022071,0.0659154157234143
"ENSG00000130511","SSBP4",-0.180705176696845,0.0858856017833251
"ENSG00000130544","ZNF557",-0.0239420206696519,0.909113961334113
"ENSG00000130635","COL5A1",-0.110402170849092,0.638052216931738
"ENSG00000130703","OSBPL2",0.504437469627248,2.97862841608157e-07
"ENSG00000130725","UBE2M",0.20053041198633,0.0317875749637706
"ENSG00000130734","ATG4D",0.346450732835379,0.0138229638462385
"ENSG00000130741","EIF2S3",-0.570484665689377,9.7832700917837e-20
"ENSG00000130748","TMEM160",0.216993020081996,0.272425795006559
"ENSG00000130779","CLIP1",0.0639012027953753,0.586819901557954
"ENSG00000130803","ZNF317",0.189281794511458,0.191969428254151
"ENSG00000130921","MTRFR",-0.095649004176415,0.3847882033256
"ENSG00000131002",NA,-0.233391319718355,0.0871942475448788
"ENSG00000131115","ZNF227",0.0637199614826037,0.71349328639738
"ENSG00000131148","EMC8",-0.0566956008770642,0.647207747521062
"ENSG00000131174","COX7B",-0.205402064949005,0.122993974018965
"ENSG00000131375","CAPN7",0.745139015191184,8.01125082195324e-12
"ENSG00000131462","TUBG1",0.360533887357687,5.60983538033118e-06
"ENSG00000131469","RPL27",-0.183878196362906,0.0846512963750658
"ENSG00000131473","ACLY",-0.343989010355643,5.27846308593507e-06
"ENSG00000131634","TMEM204",-0.0906546482782949,0.511696118105136
"ENSG00000131653","TRAF7",0.0859296582810802,0.438208945245744
"ENSG00000131725","WDR44",0.495285565464884,0.00120342731925811
"ENSG00000131748","STARD3",0.415512472137798,6.43635579114685e-06
"ENSG00000131844","MCCC2",0.0223281753333912,0.898700153895159
"ENSG00000131873","CHSY1",-0.053833631014405,0.699588361646465
"ENSG00000131899","LLGL1",-0.187020825092359,0.168001337907856
"ENSG00000131944","FAAP24",0.370288119163712,0.0237979546847497
"ENSG00000132005","RFX1",0.219692096638252,0.0254305098131019
"ENSG00000132155","RAF1",0.0552626937241458,0.673358852689757
"ENSG00000132256","TRIM5",0.798522343863313,7.4743069203143e-13
"ENSG00000132286","TIMM10B",-0.384549944603453,4.0122158016241e-05
"ENSG00000132300","PTCD3",0.0828906214042425,0.400360764483624
"ENSG00000132394","EEFSEC",-0.858823711545522,3.78681373105143e-07
"ENSG00000132434","LANCL2",-0.0574909191351534,0.735639340246719
"ENSG00000132463","GRSF1",0.171855505838346,0.0149761618143157
"ENSG00000132467","UTP3",-0.154706986534315,0.0585871799360722
"ENSG00000132485","ZRANB2",-0.0211070176893454,0.907007388506815
"ENSG00000132510","KDM6B",0.404178387253955,0.0337255649681358
"ENSG00000132541","RIDA",-0.201552567875843,0.206291318223357
"ENSG00000132549","VPS13B",-1.10496201817144,1.6423087555604e-11
"ENSG00000132603","NIP7",-0.471531211053582,7.893167751131e-09
"ENSG00000132613","MTSS2",0.441880867680291,0.000458123592967419
"ENSG00000132639","SNAP25",-0.478758427853939,0.0171392526813456
"ENSG00000132661","NXT1",-0.418181157288602,0.00051563467465864
"ENSG00000132670","PTPRA",-0.379803717882631,0.00210390322764663
"ENSG00000132823","OSER1",-0.124073261113997,0.377874617668957
"ENSG00000132825","PPP1R3D",-0.210184889950787,0.258415517092209
"ENSG00000132842","AP3B1",-0.545383771846187,1.78989335160022e-08
"ENSG00000132950","ZMYM5",0.134373048579223,0.525371601763528
"ENSG00000132965","ALOX5AP",-0.362929358273656,0.167334799984386
"ENSG00000133104","SPART",0.242633918055535,0.00064362776555592
"ENSG00000133131","MORC4",0.902689197306687,9.33210627469499e-25
"ENSG00000133134","BEX2",0.894919381929934,0.00475998931153011
"ENSG00000133169","BEX1",0.237134992434855,0.142611466442246
"ENSG00000133216","EPHB2",-0.528392034717649,0.000278259964035372
"ENSG00000133316","WDR74",-0.264700213277953,0.00745278465284281
"ENSG00000133318","RTN3",-0.227998853326843,0.00218522117686252
"ENSG00000133454","MYO18B",0.139039704893607,0.579512586227671
"ENSG00000133597","ADCK2",0.407126890801054,7.64108440075765e-05
"ENSG00000133639","BTG1",0.360129254851194,1.13240293856578e-05
"ENSG00000133640","LRRIQ1",-0.81638867706446,0.00235625241729712
"ENSG00000133740","E2F5",-0.0885063149337986,0.714986812873674
"ENSG00000133789","SWAP70",0.165074705023024,0.084845767222818
"ENSG00000134013","LOXL2",-0.764140805338762,1.17076929092446e-07
"ENSG00000134109","EDEM1",-0.0462231950006275,0.790862750455367
"ENSG00000134243","SORT1",-0.630574024700536,0.000255665438925248
"ENSG00000134247","PTGFRN",-0.358526755741711,0.00119504188950056
"ENSG00000134278","SPIRE1",-0.244434300433647,0.0112756317635073
"ENSG00000134313","KIDINS220",0.295399207131173,0.000354921652923578
"ENSG00000134324","LPIN1",-0.879149366254919,4.21027050441156e-06
"ENSG00000134326","CMPK2",-0.33764926706303,0.168692739396825
"ENSG00000134363","FST",1.16859260210758,1.12685663862257e-14
"ENSG00000134419","RPS15A",-0.174898569960597,0.0879426628768834
"ENSG00000134461","ANKRD16",0.135704944123536,0.453223768511845
"ENSG00000134686","PHC2",-0.1146554128641,0.28556837822513
"ENSG00000134717","BTF3L4",0.00933437003490721,0.955376443604413
"ENSG00000134759","ELP2",0.0635642555975306,0.594327157033008
"ENSG00000134769","DTNA",-0.776715237038266,7.01904504846062e-06
"ENSG00000134775","FHOD3",-0.744312042714564,0.000187591035755264
"ENSG00000134779","TPGS2",-0.241742759288335,0.00879261318687503
"ENSG00000134825","TMEM258",0.0348112501111372,0.801235735925067
"ENSG00000134874","DZIP1",-0.207824770674844,0.0692065846610873
"ENSG00000134882","UBAC2",-0.157213007902558,0.148163805551238
"ENSG00000134982","APC",0.234473151723623,0.0356868110440205
"ENSG00000134996","OSTF1",-0.328912950426672,0.0382106504043504
"ENSG00000135018","UBQLN1",0.0568756503415578,0.498592339177978
"ENSG00000135048","CEMIP2",0.149590843323033,0.288196633079663
"ENSG00000135070","ISCA1",0.393570108389754,0.000457144153159887
"ENSG00000135116","HRK",-0.147930981266695,0.547716253492886
"ENSG00000135205","CCDC146",-0.0827504691791382,0.76595288819029
"ENSG00000135249","RINT1",0.271068800061192,0.0159974882987033
"ENSG00000135253","KCP",0.981063392319512,0.00624247368636198
"ENSG00000135269","TES",0.349801480250778,0.000631312024933784
"ENSG00000135272","MDFIC",-0.0553568934192877,0.688523622958056
"ENSG00000135315","CEP162",-0.215332180049284,0.0710627671006915
"ENSG00000135439","AGAP2",0.492779023209194,0.0132136967476993
"ENSG00000135446","CDK4",-0.3694055376883,3.54445212489044e-06
"ENSG00000135457","TFCP2",0.0201979051063808,0.891937497809129
"ENSG00000135473","PAN2",-0.262165402257943,0.215002825261801
"ENSG00000135535","CD164",0.0748088047281069,0.464252048675375
"ENSG00000135540","NHSL1",-0.162673636887064,0.328125766508689
"ENSG00000135624","CCT7",-0.0300844782441982,0.755404688932866
"ENSG00000135637","CCDC142",0.682832257103702,3.25246521514349e-05
"ENSG00000135720","DYNC1LI2",-0.0707607932803596,0.374803160217522
"ENSG00000135775","COG2",-0.617516806687423,8.87226230166244e-06
"ENSG00000135905","DOCK10",-0.0701262336068584,0.660422778677144
"ENSG00000135932","CAB39",0.37318852435193,2.58240295503192e-05
"ENSG00000135953","MFSD9",0.276672117605313,0.108669081671564
"ENSG00000135966","TGFBRAP1",0.40427529162962,2.15839609809128e-05
"ENSG00000135968","GCC2",0.415399501224343,3.19898984881907e-05
"ENSG00000136026","CKAP4",-0.312316277817349,3.52845025873471e-06
"ENSG00000136051","WASHC4",-0.423600296486779,2.39084136439076e-07
"ENSG00000136052","SLC41A2",0.0371626759989001,0.898700153895159
"ENSG00000136098","NEK3",-0.611694904816792,0.0047620032180235
"ENSG00000136144","RCBTB1",0.00551838597758942,0.983831959397693
"ENSG00000136149","RPL13AP25",-0.22281196801426,0.189023999797539
"ENSG00000136205","TNS3",0.261270396393209,0.076824635479886
"ENSG00000136379","ABHD17C",0.107484256693444,0.524988203442197
"ENSG00000136451","VEZF1",0.0169642266762063,0.910378433487759
"ENSG00000136478","TEX2",-0.000453219139711018,0.998389822306488
"ENSG00000136522","MRPL47",0.0544777983172097,0.517787626980624
"ENSG00000136718","IMP4",-0.0987382350624563,0.279716841303579
"ENSG00000136738","STAM",0.298935096593348,0.00337430061207428
"ENSG00000136819","C9orf78",0.051905825730895,0.592824912689387
"ENSG00000136861","CDK5RAP2",0.0313231819842797,0.823167427967159
"ENSG00000136868","SLC31A1",-0.171137208134885,0.109920396404701
"ENSG00000136928","GABBR2",-3.28184431195924,2.15839609809128e-05
"ENSG00000136932","TRMO",-0.168600310830974,0.255697445231115
"ENSG00000136933","RABEPK",0.21805058366352,0.053665757914122
"ENSG00000136942","RPL35",-0.306537947539392,0.00156963776892093
"ENSG00000137038","DMAC1",-0.292632691498893,0.00343298755975833
"ENSG00000137094","DNAJB5",0.181043587545179,0.341590889994332
"ENSG00000137154","RPS6",-0.404201428024832,0.000238324637512676
"ENSG00000137168","PPIL1",-0.252966841413752,0.0225656592682374
"ENSG00000137198","GMPR",0.604767112064042,0.046405601758864
"ENSG00000137210","TMEM14B",-0.134738123019909,0.320744608889524
"ENSG00000137216","TMEM63B",1.08376758305086,1.09721367352848e-08
"ENSG00000137266","SLC22A23",-0.0399718578315782,0.893788569605471
"ENSG00000137338","PGBD1",0.0276047146782545,0.912762382193569
"ENSG00000137478","FCHSD2",-0.228862749462908,0.0929394153165482
"ENSG00000137692","DCUN1D5",0.0265466930046923,0.858659257539428
"ENSG00000137693","YAP1",0.169992923369941,0.0681898532045486
"ENSG00000137714","FDX1",0.0723460630875521,0.588602818561362
"ENSG00000137825","ITPKA",1.28667210685452,5.96748221443482e-12
"ENSG00000137857","DUOX1",2.91434570377802,3.84985749252502e-05
"ENSG00000137868","STRA6",0.327478445367134,0.211020486287594
"ENSG00000137876","RSL24D1",-0.434797426984538,0.00111392429009467
"ENSG00000137878","GCOM1",-0.130937763867907,0.601460497592902
"ENSG00000137936","BCAR3",-0.423947438810061,1.70932847498429e-05
"ENSG00000137955","RABGGTB",-0.556266228506949,0.00103775861091932
"ENSG00000137962","ARHGAP29",-0.050671432000203,0.837464605831663
"ENSG00000137968","SLC44A5",0.108828162710188,0.678724340749843
"ENSG00000138119","MYOF",-0.17984621322749,0.132818419779665
"ENSG00000138271","GPR87",3.45172031514572,7.23867897440784e-39
"ENSG00000138363","ATIC",0.00452635974227285,0.961361555022684
"ENSG00000138430","OLA1",-0.396098206917034,2.00055839122609e-06
"ENSG00000138495","COX17",0.106317738096394,0.454217502748058
"ENSG00000138623","SEMA7A",-1.10314139504777,2.14144954707357e-13
"ENSG00000138640","FAM13A",-0.190090367752033,0.108830969030298
"ENSG00000138646","HERC5",0.470459875494123,0.0874680637879111
"ENSG00000138777","PPA2",-1.18085581093026,1.3956329731285e-18
"ENSG00000138814","PPP3CA",-0.385018939369108,1.13654837307211e-08
"ENSG00000138821","SLC39A8",-0.0510072084184832,0.756116437707879
"ENSG00000139083","ETV6",0.12563751115018,0.373495675508785
"ENSG00000139116","KIF21A",0.623124498700942,3.10675746153181e-13
"ENSG00000139233","LLPH",-0.150320382900842,0.132274129663644
"ENSG00000139266","MARCHF9",0.0728453835141907,0.642331249206993
"ENSG00000139318","DUSP6",-0.294914211744618,0.197333659186233
"ENSG00000139428","MMAB",-0.449904638705854,0.000429402326441942
"ENSG00000139613","SMARCC2",0.238759817398831,0.0177827522526475
"ENSG00000139651","ZNF740",-0.147666426809842,0.363510298745384
"ENSG00000139826","ABHD13",-0.299230929100137,0.0227074938286013
"ENSG00000139880","CDH24",0.0357338051291818,0.901540307203732
"ENSG00000139973","SYT16",-0.037267963650854,0.898974865252085
"ENSG00000140022","STON2",1.07857788112863,8.66133272696418e-07
"ENSG00000140043","PTGR2",0.416039822091771,0.0474627914761947
"ENSG00000140092","FBLN5",-0.125331706006041,0.626990594270696
"ENSG00000140105","WARS1",-0.817580737980024,5.89887552336838e-13
"ENSG00000140374","ETFA",-0.278289506060332,0.000433962550082745
"ENSG00000140379","BCL2A1",-1.72441308225145,1.95689472716645e-08
"ENSG00000140386","SCAPER",-0.442355943786563,0.000410538227863484
"ENSG00000140416","TPM1",-0.0488089293097196,0.840613544311959
"ENSG00000140575","IQGAP1",-0.193706673160883,0.00718778233284473
"ENSG00000140598","EFL1",0.00386478523067132,0.983831959397693
"ENSG00000140612","SEC11A",-0.0869833278629079,0.536060610707752
"ENSG00000140691","ARMC5",-0.031818552355144,0.880826548765823
"ENSG00000140830","TXNL4B",-0.00820355139527737,0.964579873584217
"ENSG00000140836","ZFHX3",0.0828886234628681,0.667755596048012
"ENSG00000140859","KIFC3",0.216108914602593,0.0404650281582543
"ENSG00000140937","CDH11",0.472498708195725,0.0567086692146271
"ENSG00000140988","RPS2",-0.330100321647418,7.87560250934555e-05
"ENSG00000140990","NDUFB10",-0.0245871020791222,0.866695391877722
"ENSG00000140992","PDPK1",0.300230505310295,0.0131164539901905
"ENSG00000141076","UTP4",0.0578683816087531,0.630510419174492
"ENSG00000141101","NOB1",0.0109845144958749,0.938358817894606
"ENSG00000141425","RPRD1A",-0.220728489163876,0.0123761278650927
"ENSG00000141447","OSBPL1A",0.246957371814477,0.0476939192410528
"ENSG00000141503","MINK1",0.34411700628828,0.0267427457503801
"ENSG00000141510","TP53",-0.170829278382134,0.210542199721539
"ENSG00000141522","ARHGDIA",-0.0881151136982968,0.476461253072411
"ENSG00000141562","NARF",0.346788709790008,0.000456359430825982
"ENSG00000141564","RPTOR",0.269922341894273,0.0547488130389442
"ENSG00000141570","CBX8",-0.137369491411171,0.424752274968152
"ENSG00000141696","P3H4",0.176607245510899,0.163165378725059
"ENSG00000141759","TXNL4A",0.0438126946731638,0.660986919469622
"ENSG00000142002","DPP9",-0.0727760772272852,0.596838328599409
"ENSG00000142227","EMP3",-0.119492649858038,0.383629964765628
"ENSG00000142396","ERVK3-1",-0.0263853209391412,0.917497531960464
"ENSG00000142676","RPL11",-0.28146508208664,0.00102391064792647
"ENSG00000142867","BCL10",0.145847861031018,0.262205012537747
"ENSG00000142871","CCN1",0.566433937312873,0.00140422879228274
"ENSG00000142910","TINAGL1",1.01754118594298,8.65501917429168e-10
"ENSG00000142949","PTPRF",-0.439534219825468,1.72093613046928e-09
"ENSG00000143061","IGSF3",0.0459562044706906,0.820809497299073
"ENSG00000143079","CTTNBP2NL",0.110070710734064,0.371190113026164
"ENSG00000143147","GPR161",-0.263755013044441,0.0438912233542207
"ENSG00000143149","ALDH9A1",-0.159838090259732,0.166309037517078
"ENSG00000143256","PFDN2",-0.312060382022285,0.00150248785490385
"ENSG00000143314","MRPL24",-0.467555367751499,6.92241821796354e-06
"ENSG00000143315","PIGM",-0.179320838507075,0.0424083933678417
"ENSG00000143319","ISG20L2",-0.103184503518547,0.375874130335702
"ENSG00000143324","XPR1",-0.193250039840047,0.196219371598104
"ENSG00000143367","TUFT1",0.999750809173347,7.48262280102443e-08
"ENSG00000143374","TARS2",0.347399489965544,0.00175551069152462
"ENSG00000143382","ADAMTSL4",0.316219586793016,0.219711181406816
"ENSG00000143390","RFX5",0.202093157127804,0.131805628950865
"ENSG00000143420","ENSA",-0.0101999414015235,0.94908520436321
"ENSG00000143614","GATAD2B",0.0806700692913136,0.580141782709602
"ENSG00000143633","FSAF1",-0.158490280155585,0.188787022195394
"ENSG00000143641","GALNT2",-0.0267548011795998,0.830145075980601
"ENSG00000143772","ITPKB",0.116994457716861,0.512542309707439
"ENSG00000143811","PYCR2",-0.122837763275343,0.37795784765349
"ENSG00000143933","CALM2",-0.257668708617913,0.0024085507721037
"ENSG00000143977","SNRPG",-0.106601205572863,0.537301067173443
"ENSG00000144021","CIAO1",-0.137097910840531,0.0772026130930561
"ENSG00000144040","SFXN5",0.440555413134934,0.0077164813370527
"ENSG00000144057","ST6GAL2",0.207245094123736,0.397043408735141
"ENSG00000144120","TMEM177",0.0453798656282522,0.788901675414061
"ENSG00000144182","LIPT1",-0.208649786890816,0.270803277351896
"ENSG00000144233","AMMECR1L",-0.0835401455227257,0.460485158282344
"ENSG00000144320","LNPK",0.109576594377061,0.326516775163336
"ENSG00000144455","SUMF1",-0.968640347417652,1.83278954276979e-20
"ENSG00000144645","OSBPL10",-0.315058997945445,0.000904387266294126
"ENSG00000144659","SLC25A38",0.202515544397413,0.0750470614918146
"ENSG00000144674","GOLGA4",-0.11115968931203,0.305272021673711
"ENSG00000144747","TMF1",0.197202158204926,0.0414596240966941
"ENSG00000144827","ABHD10",0.237298945558983,0.014227192372479
"ENSG00000144867","SRPRB",0.446064093420967,3.05872055011626e-06
"ENSG00000144895","EIF2A",0.0799824022335463,0.511228084284554
"ENSG00000145016","RUBCN",-0.0209043341515948,0.919167542526978
"ENSG00000145331","TRMT10A",-0.133933576058726,0.37174609046234
"ENSG00000145476","CYP4V2",-0.265635443902625,0.278215178148814
"ENSG00000145632","PLK2",1.20973434137782,2.00245568321253e-32
"ENSG00000145649","GZMA",-0.21730575711784,0.3847882033256
"ENSG00000145685","LHFPL2",0.00418868478384481,0.980805571351003
"ENSG00000145687","SSBP2",-1.17560310979133,1.78343445792025e-07
"ENSG00000145715","RASA1",-0.755212495373908,3.18310732990528e-11
"ENSG00000145723","GIN1",0.0454215398903334,0.854979290581549
"ENSG00000145725","PPIP5K2",-0.377535111556726,3.24831900544117e-05
"ENSG00000145740","SLC30A5",-0.0550645787990688,0.695488509168216
"ENSG00000145860","RNF145",-0.646322672474027,1.44015047334047e-08
"ENSG00000145912","NHP2",-0.227406880584115,0.00527086745648411
"ENSG00000145919","BOD1",-0.659768256803887,6.32966206856421e-11
"ENSG00000145934","TENM2",-1.27322065062476,0.000116784113824736
"ENSG00000146083","RNF44",0.443129511271384,2.98283851407934e-05
"ENSG00000146197","SCUBE3",-0.209446741372805,0.288940533430774
"ENSG00000146374","RSPO3",1.43521934791541,0.000383140537891285
"ENSG00000146376","ARHGAP18",-0.466178908448134,7.20422780536829e-06
"ENSG00000146411","SLC2A12",0.460996012626245,0.0768246025342395
"ENSG00000146433","TMEM181",-0.202207029708525,0.030789415511987
"ENSG00000146457","WTAP",-0.158127773461621,0.0840567635359643
"ENSG00000146648","EGFR",0.355633559434736,4.33449118129472e-05
"ENSG00000146701","MDH2",-0.111111012927558,0.114941660704101
"ENSG00000146707","POMZP3",0.469333351247783,0.0118009209531784
"ENSG00000146729","NIPSNAP2",-0.698684413686225,4.16118905781971e-10
"ENSG00000146733","PSPH",-0.422438910449418,0.000863485889426297
"ENSG00000146950","SHROOM2",-0.0908330423096029,0.669503608950732
"ENSG00000147027","TMEM47",2.23006248726751,2.82032391380027e-10
"ENSG00000147162","OGT",-0.273569521890261,0.0123410561346797
"ENSG00000147231","RADX",0.121993140090502,0.580317209464008
"ENSG00000147364","FBXO25",-0.262304375538314,0.0275329926026374
"ENSG00000147604","RPL7",-0.122709070740236,0.0978983504454718
"ENSG00000147669","POLR2K",0.0992819570834648,0.454217502748058
"ENSG00000147677","EIF3H",-0.283239544956748,3.05862628000818e-05
"ENSG00000147789","ZNF7",0.106117636936723,0.512509032315645
"ENSG00000148291","SURF2",0.213712443495925,0.0372871391056326
"ENSG00000148296","SURF6",-0.208718589192049,0.0234371938062356
"ENSG00000148337","CIZ1",0.213274034429498,0.0126835409275375
"ENSG00000148341","SH3GLB2",-0.358324345530146,5.67793187304304e-05
"ENSG00000148399","DPH7",-0.260268608479067,0.0328587460840673
"ENSG00000148400","NOTCH1",0.389276761988057,0.0248285943015919
"ENSG00000148411","NACC2",0.424180366921448,0.00142024518810706
"ENSG00000148541","FAM13C",1.21055156363059,0.000142137538206285
"ENSG00000148841","ITPRIP",-0.289763665025434,0.0157707045217381
"ENSG00000149100","EIF3M",0.0721093990013689,0.460142805628421
"ENSG00000149150","SLC43A1",0.374239925199671,0.00367236911458074
"ENSG00000149196","HIKESHI",-0.368537541371434,0.000556380134258875
"ENSG00000149231","CCDC82",0.0717527537916259,0.607306773636691
"ENSG00000149257","SERPINH1",0.18750030335548,0.178609074309983
"ENSG00000149269","PAK1",0.0253002304713335,0.82508318015337
"ENSG00000149294","NCAM1",-1.32420011089041,1.14679639972812e-20
"ENSG00000149295","DRD2",-0.13988154607742,0.564474956795158
"ENSG00000149418","ST14",2.90318443237053,1.81061799828592e-05
"ENSG00000149483","TMEM138",-0.0504531856105921,0.655137362473691
"ENSG00000149506","ZP1",0.512184714144908,0.0624121500012015
"ENSG00000149596","JPH2",0.852818937195192,0.0248418583389991
"ENSG00000149646","CNBD2",-0.118396601744297,0.608399998693283
"ENSG00000149679","CABLES2",0.157827307656635,0.434939615439231
"ENSG00000149782","PLCB3",0.204909819276778,0.116103422249382
"ENSG00000149930","TAOK2",0.230292413336647,0.0785563878772468
"ENSG00000150316","CWC15",0.0446919888864087,0.681880620674345
"ENSG00000150403","TMCO3",-0.57832074801098,1.58088655659511e-05
"ENSG00000150551","LYPD1",0.742679455991362,3.02634828486744e-08
"ENSG00000150556","LYPD6B",0.822671281454471,0.000235711289855043
"ENSG00000150977","RILPL2",0.0400882773314128,0.828126660080526
"ENSG00000151012","SLC7A11",0.116363839134087,0.635846980171735
"ENSG00000151136","ABTB3",-0.476345360523212,0.0523128202198746
"ENSG00000151414","NEK7",0.147726168855817,0.230270065075799
"ENSG00000151458","ANKRD50",0.160758802761152,0.237274314449053
"ENSG00000151465","CDC123",-0.166089006947527,0.0279433586845872
"ENSG00000151498","ACAD8",-0.00418585528954243,0.984778635957563
"ENSG00000151623","NR3C2",-0.29046963289328,0.25621607888618
"ENSG00000151665","PIGF",-0.262270533116089,0.0690970158806031
"ENSG00000151690","MFSD6",-0.0401462878298215,0.891937497809129
"ENSG00000151702","FLI1",0.10777244136774,0.465993342921077
"ENSG00000151748","SAV1",0.822999013327308,1.38374874262755e-18
"ENSG00000151914","DST",-0.117813309413002,0.429401486821338
"ENSG00000152056","AP1S3",0.222669562973495,0.111709496068216
"ENSG00000152086","TUBA3E",-0.559202184440476,0.0147761118836243
"ENSG00000152133","GPATCH11",0.120818882646491,0.230861219338739
"ENSG00000152147","GEMIN6",-0.0166541260622693,0.935004216862276
"ENSG00000152217","SETBP1",-0.240376639219722,0.0976212008316006
"ENSG00000152219","ARL14EP",-0.0442258533168773,0.740284279286894
"ENSG00000152256","PDK1",-0.0384520149804742,0.873619368099938
"ENSG00000152377","SPOCK1",0.165172546444837,0.348596919457562
"ENSG00000152503","TRIM36",0.779513395647673,0.00317274477175984
"ENSG00000152642","GPD1L",-0.0118695756548502,0.95189709216282
"ENSG00000152683","SLC30A6",-0.000392817716564072,0.998389822306488
"ENSG00000152784","PRDM8",-0.636138833615001,5.51817523850904e-05
"ENSG00000152952","PLOD2",-0.477365977899248,0.0016831863932095
"ENSG00000153066","TXNDC11",0.394083095890755,0.00146680106621726
"ENSG00000153132","CLGN",-0.00492220758626015,0.985849078690517
"ENSG00000153250","RBMS1",0.0827867121422578,0.424844119210243
"ENSG00000153485","LYSET",0.115170468850827,0.467783248663061
"ENSG00000153827","TRIP12",0.156071005780856,0.0603383441699547
"ENSG00000153976","HS3ST3A1",-0.913768289512821,1.06098097341432e-22
"ENSG00000154122","ANKH",-0.745889384244141,1.08066339784101e-09
"ENSG00000154124","OTULIN",0.225306457507254,0.00686785848726144
"ENSG00000154144","TBRG1",0.0560344302125641,0.594672995675201
"ENSG00000154217","PITPNC1",-0.962992033456753,4.20132567304066e-08
"ENSG00000154237","LRRK1",-0.159801378630617,0.271395941131061
"ENSG00000154380","ENAH",0.305936300087614,0.00245439411997268
"ENSG00000154447","SH3RF1",0.112368943664243,0.413345499653148
"ENSG00000154518","ATP5MC3",-0.173781883454909,0.0752841592076973
"ENSG00000154556","SORBS2",1.02145523235165,3.39722443899772e-11
"ENSG00000154582","ELOC",-0.0377404062395313,0.727257983910676
"ENSG00000154642","C21orf91",0.206189386429175,0.0840622016802843
"ENSG00000154723","ATP5PF",-0.143727279697661,0.139829617289301
"ENSG00000154743","TSEN2",0.110342494097654,0.564344535882455
"ENSG00000154822","PLCL2",0.30915861001561,0.031793515936614
"ENSG00000155090","KLF10",-0.157069620883686,0.272636446901284
"ENSG00000155097","ATP6V1C1",0.278389143721912,0.00571291120493925
"ENSG00000155275","TRMT44",0.363986793970453,0.0629662432790665
"ENSG00000155368","DBI",-0.019960200990244,0.896393424556715
"ENSG00000155666","KDM8",0.0134800155210319,0.958812050652679
"ENSG00000155755","TMEM237",-0.128785902538399,0.434692148360043
"ENSG00000155858","LSM11",-0.0850023106500995,0.622915103523175
"ENSG00000155959","VBP1",-0.141246541956249,0.20339097084998
"ENSG00000155961","RAB39B",-0.285069321129884,0.230532640816135
"ENSG00000156026","MCU",-0.293057218166713,0.0126706167540233
"ENSG00000156052","GNAQ",-0.122204182388686,0.244233028055863
"ENSG00000156170","NDUFAF6",0.0135385225861353,0.936193611897826
"ENSG00000156232","WHAMM",0.0564622488832455,0.751247995135457
"ENSG00000156299","TIAM1",-0.295266021048464,0.074585617416225
"ENSG00000156381","ANKRD9",-0.15207048483705,0.353751261172213
"ENSG00000156427","FGF18",1.95625349288016,0.00120659587728452
"ENSG00000156463","SH3RF2",0.157777709336541,0.36370928276674
"ENSG00000156469","MTERF3",-0.145924945033716,0.372291341140851
"ENSG00000156510","HKDC1",0.220669861744999,0.365907447474096
"ENSG00000156928","MALSU1",0.0286301189767323,0.876894676158831
"ENSG00000157045","NTAN1",0.0190819152523544,0.917145995023207
"ENSG00000157064","NMNAT2",-1.54299984247716,1.83117586872044e-14
"ENSG00000157107","FCHO2",0.369608572672408,0.00420164820986483
"ENSG00000157259","GATAD1",-0.432248445485571,3.3977636665293e-06
"ENSG00000157426","AASDH",-0.0398686173861761,0.819868311017108
"ENSG00000157450","RNF111",0.0338188551326807,0.860883940935723
"ENSG00000157483","MYO1E",0.157550316466916,0.141768439528107
"ENSG00000157601","MX1",0.0490037372449196,0.862209671308489
"ENSG00000157617","C2CD2",-0.0176674009268867,0.921768421749217
"ENSG00000157778","PSMG3",-0.0502793495779834,0.750880822668616
"ENSG00000157870","PRXL2B",-0.0480830610539896,0.78153939717339
"ENSG00000158042","MRPL17",-0.175244972127808,0.0479205506373121
"ENSG00000158055","GRHL3",2.50763891012299,0.000143229500358169
"ENSG00000158122","PRXL2C",-0.00538987657642871,0.980501438298164
"ENSG00000158186","MRAS",2.06425545542237,1.48971525799854e-05
"ENSG00000158195","WASF2",0.140502973370061,0.0941241652054004
"ENSG00000158290","CUL4B",0.104895849185812,0.324485665829143
"ENSG00000158292","GPR153",1.39043074445098,8.65124301429123e-09
"ENSG00000158373","H2BC5",0.595169581907957,0.00165640108246531
"ENSG00000158406","H4C8",-0.0379742798848789,0.896292205052537
"ENSG00000158458","NRG2",-1.60985633843442,2.53721837110464e-06
"ENSG00000158483","FAM86C1P",-0.106208027490561,0.606073633833717
"ENSG00000158747","NBL1",0.919420520184405,3.05860323511725e-13
"ENSG00000158813","EDA",-1.38626900349084,0.000230977645028084
"ENSG00000158856","DMTN",1.00481431058592,9.37481302847517e-05
"ENSG00000159063","ALG8",-0.100652707296811,0.326736863813834
"ENSG00000159069","FBXW5",0.24465094389836,0.0565954849195258
"ENSG00000159082","SYNJ1",0.348362318041253,0.0111939920039559
"ENSG00000159176","CSRP1",-0.44803629581498,1.64492065367723e-05
"ENSG00000159199","ATP5MC1",-0.405549554816711,6.51915488680764e-06
"ENSG00000159314","ARHGAP27",0.305645983229765,0.108500358699026
"ENSG00000159322","ADPGK",-0.280074252118946,0.0106753603673192
"ENSG00000159399","HK2",-0.21128643410976,0.212739378574067
"ENSG00000159445","THEM4",-0.030210977039597,0.895293197178192
"ENSG00000159658","EFCAB14",0.142782635610204,0.104781250987653
"ENSG00000159842","ABR",0.06012840408725,0.752284924896658
"ENSG00000160007","ARHGAP35",-0.155143693632459,0.207747399998064
"ENSG00000160049","DFFA",-0.0208233969422702,0.845406102061462
"ENSG00000160062","ZBTB8A",-0.330956874197303,0.0189594759518185
"ENSG00000160075","SSU72",-0.0595203239821588,0.563870651420715
"ENSG00000160216","AGPAT3",-0.0499270030638143,0.682282897590335
"ENSG00000160305","DIP2A",-0.143197246009636,0.316373600062069
"ENSG00000160447","PKN3",-0.0554648229855628,0.827839327082405
"ENSG00000160551","TAOK1",0.121691612577934,0.271395941131061
"ENSG00000160679","CHTOP",-0.243695573452215,0.00291925067043766
"ENSG00000160753","RUSC1",0.509537456032202,1.11959030736133e-06
"ENSG00000160783","PMF1",0.148419813041355,0.254022049971224
"ENSG00000160796","NBEAL2",-0.00639399039195804,0.9808821888354
"ENSG00000160886","LY6K",0.645953477159721,4.90955518073944e-07
"ENSG00000160953","PWWP3A",0.338022624949323,0.000144896636979079
"ENSG00000160959","LRRC14",0.313122240949054,0.0236877469359255
"ENSG00000161558","TMEM143",0.0482962699331032,0.840347249543796
"ENSG00000161920","MED11",-0.0894996048585629,0.60407980337096
"ENSG00000161970","RPL26",-0.125785460856831,0.179978607338105
"ENSG00000161999","JMJD8",0.341311745022499,0.0080717111622664
"ENSG00000162065","TBC1D24",0.107425977036144,0.488758179307474
"ENSG00000162066","AMDHD2",-0.0466766970159486,0.825051552723814
"ENSG00000162129","CLPB",0.159362149306503,0.0924413175237536
"ENSG00000162139","NEU3",-0.0857346110177211,0.522554658845213
"ENSG00000162337","LRP5",-0.362919136930943,0.0214595109889966
"ENSG00000162407","PLPP3",-0.0156579046822359,0.951801500739354
"ENSG00000162419","GMEB1",0.0049600737232169,0.977079174675777
"ENSG00000162512","SDC3",-0.629907546154828,0.000976884367291146
"ENSG00000162623","TYW3",0.0888722966347687,0.318438802377823
"ENSG00000162642","C1orf52",-0.283620400011514,0.002734100534267
"ENSG00000162694","EXTL2",-0.995969909909965,8.77666161427254e-17
"ENSG00000162695","SLC30A7",-0.00611018822775311,0.968305545072166
"ENSG00000162711","NLRP3",-0.250182047358821,0.215289206242711
"ENSG00000162722","TRIM58",1.41817300859634,3.13425230867916e-11
"ENSG00000162746","FCRLB",-0.284314561180411,0.119185187532727
"ENSG00000162783","IER5",0.904544515201886,1.47826977635434e-14
"ENSG00000162851","TFB2M",-0.124523834019487,0.448656665970171
"ENSG00000162929","SANBR",0.0360025012756894,0.880310866756867
"ENSG00000163041","H3-3A",-0.0169798759154929,0.944801585406864
"ENSG00000163138","PACRGL",0.141501769398388,0.44872941622449
"ENSG00000163170","BOLA3",-0.14199308246657,0.211089181102807
"ENSG00000163214","DHX57",0.0462144382744964,0.826328565962202
"ENSG00000163249","CCNYL1",0.227249305456747,0.0338800740951148
"ENSG00000163319","MRPS18C",0.276180034327641,0.000258978328333842
"ENSG00000163380","LMOD3",0.560122215002922,0.0693221763637822
"ENSG00000163389","POGLUT1",-0.344964950695558,0.000251835526903809
"ENSG00000163399","ATP1A1",-0.0834646848623088,0.489865906555706
"ENSG00000163453","IGFBP7",0.187590677185271,0.267115274891495
"ENSG00000163467","TSACC",0.118174801841436,0.641584110009976
"ENSG00000163479","SSR2",0.0400194988957516,0.762181043088471
"ENSG00000163528","CHCHD4",0.00735551216504413,0.960101735653132
"ENSG00000163545","NUAK2",0.750369946300144,0.000116611673184072
"ENSG00000163564","PYHIN1",3.42518313700148,9.83553258257937e-07
"ENSG00000163565","IFI16",-0.0258251207860942,0.91881567888705
"ENSG00000163597","SNHG16",-0.548439171680043,1.53583853871655e-12
"ENSG00000163636","PSMD6",-0.061408082914723,0.529838858809412
"ENSG00000163701","IL17RE",-0.0107275411592823,0.970049132830379
"ENSG00000163743","RCHY1",-0.148143034051165,0.288158392485613
"ENSG00000163755","HPS3",0.110989457690573,0.434575638533095
"ENSG00000163875","MEAF6",0.133752557680494,0.132107621936102
"ENSG00000163900","TMEM41A",-0.235829328744048,0.00913665469401521
"ENSG00000163904","SENP2",0.00245917636569034,0.986389892118482
"ENSG00000163913","IFT122",-0.292458407784767,0.0474777954574571
"ENSG00000163930","BAP1",0.218670803922177,0.0432663124208372
"ENSG00000163956","LRPAP1",0.70976695088508,3.02423045110166e-13
"ENSG00000163960","UBXN7",0.14680314542925,0.0692731715635615
"ENSG00000164022","AIMP1",-0.0776636484079466,0.425584631900448
"ENSG00000164024","METAP1",-0.109356327322308,0.165641624325427
"ENSG00000164066","INTU",-0.0213412923254699,0.935269290547741
"ENSG00000164070","HSPA4L",1.14365308415347,3.80281740557148e-20
"ENSG00000164105","SAP30",0.58701873556659,2.61487103845457e-07
"ENSG00000164181","ELOVL7",1.12401430447228,0.000485936620626806
"ENSG00000164323","CFAP97",-0.143024378764373,0.0538898350613238
"ENSG00000164506","STXBP5",0.147019360003245,0.281736644270828
"ENSG00000164548","TRA2A",-0.290643650223184,0.00053609268070539
"ENSG00000164587","RPS14",-0.189941092162836,0.0920085302674921
"ENSG00000164659","ELAPOR2",-0.110546112204814,0.596169315070578
"ENSG00000164687","FABP5",0.106614291535414,0.676427926125596
"ENSG00000164877","MICALL2",0.880971959638089,7.85174688987503e-06
"ENSG00000164896","FASTK",0.074937093094022,0.594064736024084
"ENSG00000164897","TMUB1",0.114982378439552,0.564121861771251
"ENSG00000164898","FMC1",0.116094251447041,0.529202922901765
"ENSG00000164934","DCAF13",-0.122828542518261,0.260021788380952
"ENSG00000164944","VIRMA",-0.0758700078421501,0.389353054923804
"ENSG00000164949","GEM",0.138567703816471,0.529628006628371
"ENSG00000164967","RPP25L",0.081295329676888,0.662273746742274
"ENSG00000165046","LETM2",0.132874950388998,0.278306108679153
"ENSG00000165264","NDUFB6",-0.286503694231632,0.0218780167036479
"ENSG00000165271","NOL6",-0.0221152745765606,0.893648533621942
"ENSG00000165275","TRMT10B",-0.0946751735906421,0.443259168381291
"ENSG00000165406","MARCHF8",-0.0754929770861691,0.692199078209197
"ENSG00000165506","DNAAF2",-0.289564990704427,0.0396285679102205
"ENSG00000165507","DEPP1",-0.00462260660092074,0.987636607580824
"ENSG00000165512","ZNF22",-0.430682871900184,0.0059363153006378
"ENSG00000165526","RPUSD4",-0.159273659344309,0.105239486008575
"ENSG00000165629","ATP5F1C",-0.448932833992535,1.40140890423718e-06
"ENSG00000165672","PRDX3",-0.127941087510612,0.385918010716719
"ENSG00000165689","ENTR1",0.101877794495409,0.382513954591936
"ENSG00000165699","TSC1",0.00244608393712347,0.989592134124786
"ENSG00000165704","HPRT1",-0.294406487261522,0.0199183502292481
"ENSG00000165757","JCAD",0.486838940873305,0.0022995458140701
"ENSG00000165775","FUNDC2",-0.00124418605352811,0.996002644623799
"ENSG00000165782","PIP4P1",0.0814005633641165,0.591054751202518
"ENSG00000165792","METTL17",-0.142579615447396,0.247012569423842
"ENSG00000165802","NSMF",0.212522925563904,0.162926235498894
"ENSG00000165832","TRUB1",-0.153044874604255,0.229110236041584
"ENSG00000165891","E2F7",-0.00498215156516717,0.980805571351003
"ENSG00000165895","ARHGAP42",-0.0988536386440132,0.611682278491806
"ENSG00000165914","TTC7B",-0.787489970590397,1.30786956978832e-06
"ENSG00000165916","PSMC3",-0.135983062689552,0.0486701044391636
"ENSG00000166012","TAF1D",-0.214036347327695,0.0127540093032077
"ENSG00000166033","HTRA1",-0.0280180132507476,0.923558278814302
"ENSG00000166128","RAB8B",-0.0984345684060099,0.501283469708105
"ENSG00000166165","CKB",0.363963176937846,0.101455500459257
"ENSG00000166224","SGPL1",0.0466115319958117,0.787901982181026
"ENSG00000166228","PCBD1",0.484325173192394,0.000265167254707857
"ENSG00000166295","ANAPC16",0.0996769226870383,0.422431901596813
"ENSG00000166348","USP54",0.203681769426615,0.217492121515282
"ENSG00000166435","XRRA1",-0.151112899202205,0.394469355395013
"ENSG00000166444","DENND2B",0.985748031407969,6.2510145056245e-13
"ENSG00000166479","TMX3",-0.720984460728451,7.39826128866046e-16
"ENSG00000166526","ZNF3",-0.214133512004544,0.038718071339046
"ENSG00000166734","GOLM2",-0.223166026564156,0.0568706105023191
"ENSG00000166741","NNMT",-0.17013849072763,0.373273104613395
"ENSG00000166747","AP1G1",0.205482777623414,0.00936635919436298
"ENSG00000166783","MARF1",-0.122377357458558,0.334610820589435
"ENSG00000166831","RBPMS2",0.0449266187969201,0.87732203769899
"ENSG00000167085","PHB1",-0.0510118988738439,0.697908716798371
"ENSG00000167114","SLC27A4",0.359372706861377,0.00597289948406195
"ENSG00000167118","URM1",-0.235340908219382,0.0234036231895151
"ENSG00000167306","MYO5B",-0.181576545756417,0.336323848157767
"ENSG00000167600","CYP2S1",0.807582830071625,0.00226970471430103
"ENSG00000167645","YIF1B",0.131866081233775,0.32688678462027
"ENSG00000167674","HDGFL2",0.257802301959011,0.0682194116984881
"ENSG00000167702","KIFC2",-0.111700249770669,0.562297966665876
"ENSG00000167720","SRR",-0.0956210325981097,0.690364265643383
"ENSG00000167779","IGFBP6",-0.0951777656692317,0.604352198673094
"ENSG00000167862","MRPL58",-0.31411448435639,0.00119380357445278
"ENSG00000167920","KRT10-AS1",0.350820810750723,0.00258561220772589
"ENSG00000168010","ATG16L2",-0.0466903737734053,0.849309016778621
"ENSG00000168014","C2CD3",0.845291080060395,2.55919698745189e-09
"ENSG00000168028","RPSA",-0.252882207177128,0.0438912233542207
"ENSG00000168036","CTNNB1",-0.10639125186919,0.103799429827932
"ENSG00000168038","ULK4",-0.0221665731208415,0.936922036607694
"ENSG00000168214","RBPJ",0.10704081698137,0.0769232871048574
"ENSG00000168234","TTC39C",-0.0623920756585611,0.633446640209686
"ENSG00000168273","UQCC5",0.159861492097865,0.165445994795167
"ENSG00000168303","MPLKIP",0.213613558413075,0.0624499832472276
"ENSG00000168310","IRF2",0.464292138449771,0.000181046652512741
"ENSG00000168395","ING5",-0.143684984723292,0.195174126018962
"ENSG00000168461","RAB31",-0.193255230316641,0.196683619221674
"ENSG00000168497","CAVIN2",4.40586248822692,4.1080719061602e-11
"ENSG00000168502","MTCL1",0.0694358355441519,0.660986919469622
"ENSG00000168612","ZSWIM1",0.255136693663199,0.0673457126541986
"ENSG00000168807","SNTB2",-0.32480875909275,0.00020033323107653
"ENSG00000168827","GFM1",-0.0380967452097251,0.722990355037503
"ENSG00000168872","DDX19A",0.0310701667406303,0.840169925689657
"ENSG00000169021","UQCRFS1",-0.0495534535013743,0.748415173622956
"ENSG00000169032","MAP2K1",0.0464522766922324,0.800399453939205
"ENSG00000169139","UBE2V2",-0.24475253470449,0.000272199208055966
"ENSG00000169189","NSMCE1",-0.425646048171302,6.2532816975203e-05
"ENSG00000169213","RAB3B",-0.41423482680613,0.00813829741162216
"ENSG00000169221","TBC1D10B",0.102778024720253,0.47521771552336
"ENSG00000169255","B3GALNT1",0.0876381752470465,0.703226008836582
"ENSG00000169258","GPRIN1",0.331483867772153,0.0633225857962052
"ENSG00000169372","CRADD",-0.437206303405969,0.0176964812422813
"ENSG00000169410","PTPN9",-0.274411935152443,0.0167769181750706
"ENSG00000169429","CXCL8",-0.224713298812734,0.333049910752133
"ENSG00000169499","PLEKHA2",-0.05029035822373,0.684664861844554
"ENSG00000169641","LUZP1",0.0572381123580362,0.609013583615644
"ENSG00000169692","AGPAT2",0.660203416876855,8.65518797563028e-06
"ENSG00000169696","ASPSCR1",0.545204425373736,0.000323178626809756
"ENSG00000169710","FASN",-0.268439052767769,0.0509278321495025
"ENSG00000169715","MT1E",-0.924340633792761,1.63321914055631e-10
"ENSG00000169750","RAC3",-0.381410370426212,0.0362189124059999
"ENSG00000169756","LIMS1",0.0658202982189766,0.624707871907279
"ENSG00000169905","TOR1AIP2",-0.212469080705799,9.05222226202389e-05
"ENSG00000169908","TM4SF1",-0.0065140271118056,0.976255824430818
"ENSG00000169957","ZNF768",-0.0227414875724366,0.900042089276234
"ENSG00000169981","ZNF35",-0.050246327651344,0.777814924092436
"ENSG00000170113","NIPA1",-0.160174886809012,0.242629359036649
"ENSG00000170191","NANP",-0.664643899721022,6.44051502821147e-08
"ENSG00000170264","FAM161A",0.221017778659711,0.0684613771613156
"ENSG00000170270","GON7",-0.1979260603643,0.199793325583105
"ENSG00000170315","UBB",-0.153919894337019,0.105190602372078
"ENSG00000170322","NFRKB",0.426719384815651,1.3062835460919e-07
"ENSG00000170323","FABP4",-0.0927188588864243,0.730712627745382
"ENSG00000170364","SETMAR",0.0155148688563368,0.944754696039847
"ENSG00000170469","SPATA24",-0.363508403956466,0.0941008139773359
"ENSG00000170545","SMAGP",-0.105356638247465,0.308577920501969
"ENSG00000170571","EMB",-0.0292855619176804,0.877774158744075
"ENSG00000170619","COMMD5",0.0641160040209557,0.66054171586828
"ENSG00000170631","ZNF16",-0.194547956222314,0.271500561513229
"ENSG00000170632","ARMC10",-0.214485084377982,0.0432126873941664
"ENSG00000170689","HOXB9",-0.42890740903893,0.00354152141145443
"ENSG00000170776","AKAP13",0.215907258188441,0.0513877555304381
"ENSG00000170836","PPM1D",1.58066279312369,1.64466052448736e-33
"ENSG00000170854","RIOX2",-0.131688385690376,0.196592528379123
"ENSG00000170871","KIAA0232",-0.287614621280562,0.0265724037299866
"ENSG00000170881","RNF139",-0.153762802632013,0.241887372028302
"ENSG00000171051","FPR1",-0.131828895916912,0.604297372173234
"ENSG00000171067","C11orf24",0.622915683079273,2.3782170135527e-09
"ENSG00000171084",NA,0.0391335033256392,0.882265805774539
"ENSG00000171130","ATP6V0E2",0.0302284459223959,0.892320082624818
"ENSG00000171135","JAGN1",0.143166827977274,0.1484606219025
"ENSG00000171155","C1GALT1C1",-0.153434553100964,0.317667031487834
"ENSG00000171161","ZNF672",0.452117663052754,0.00150920212990053
"ENSG00000171219","CDC42BPG",3.09745542974709,4.77050956738734e-06
"ENSG00000171310","CHST11",-0.8162143992417,7.84280505318404e-11
"ENSG00000171314","PGAM1",-0.200199679108724,0.235386590060335
"ENSG00000171365","CLCN5",-0.776365238827913,3.9603169863965e-05
"ENSG00000171448","ZBTB26",0.00785544443931132,0.973839844815723
"ENSG00000171453","POLR1C",-0.187345133586205,0.0983255092977505
"ENSG00000171492","LRRC8D",-0.0804019287419449,0.576304119822671
"ENSG00000171497","PPID",0.303511054431442,0.00072758740739334
"ENSG00000171517","LPAR3",-0.614395398687986,6.85520784373274e-07
"ENSG00000171772","SYCE1",-0.249160153935628,0.0360482791387358
"ENSG00000171863","RPS7",-0.540476642174673,4.98719549392314e-05
"ENSG00000171867","PRNP",-1.02883800309353,2.30179235433076e-09
"ENSG00000171877","FRMD5",-0.142646371149694,0.394622198680673
"ENSG00000171940","ZNF217",0.147001237880049,0.296575287533495
"ENSG00000171943","SRGAP2C",-0.414621565548898,0.000190797544827236
"ENSG00000172113","NME6",0.143014377532269,0.196535213927736
"ENSG00000172239","PAIP1",-0.0108097365176406,0.948274794206393
"ENSG00000172270","BSG",0.119859320220283,0.206386392148155
"ENSG00000172292","CERS6",-0.014518335117417,0.924823195517407
"ENSG00000172354","GNB2",0.288772983953123,0.0202285474483804
"ENSG00000172732","MUS81",0.0989699968550867,0.382845947433264
"ENSG00000172757","CFL1",-0.125318168829069,0.0697257277933848
"ENSG00000172809","RPL38",-0.295507446668293,0.000179408591447984
"ENSG00000172869","DMXL1",-0.130843130722037,0.393444288211784
"ENSG00000172878","METAP1D",-0.247371064032907,0.168059945482733
"ENSG00000172888","ZNF621",-0.177185641655576,0.223527266733484
"ENSG00000172893","DHCR7",-0.201055551520396,0.166038898336226
"ENSG00000172922","RNASEH2C",0.167720561158769,0.191944317370658
"ENSG00000172986","GXYLT2",-0.127183572846402,0.448237377139898
"ENSG00000173020","GRK2",0.383967772304714,0.000174270696878359
"ENSG00000173064","HECTD4",-0.0344019077158378,0.884284675452918
"ENSG00000173230","GOLGB1",0.0886404831697009,0.572036809650926
"ENSG00000173267","SNCG",0.763287752502941,0.00236675577485487
"ENSG00000173409","ARV1",-0.472034277217457,0.000218653810381232
"ENSG00000173418","NAA20",-0.0374233124103333,0.81620675280273
"ENSG00000173432","SAA1",0.0202335878996221,0.944918271870476
"ENSG00000173436","MICOS10",-0.371608212609804,7.01051548488086e-07
"ENSG00000173540","GMPPB",0.0232822009772148,0.924542341134331
"ENSG00000173621","LRFN4",-0.0206597379422339,0.932200817854156
"ENSG00000173660","UQCRH",-0.062339300024938,0.559558940275378
"ENSG00000173726","TOMM20",-0.298814856862964,0.00379179994993078
"ENSG00000173825","TIGD3",0.815286078728587,0.0120597022232822
"ENSG00000173889","PHC3",0.247069451732977,0.00784812523499756
"ENSG00000173898","SPTBN2",-0.525436440130092,0.000218330132286551
"ENSG00000173926","MARCHF3",0.924961968010776,2.16524302600163e-06
"ENSG00000173933","RBM4",0.31840013458536,0.0174342715527895
"ENSG00000173950","XXYLT1",-0.657918466005675,3.49317247552379e-07
"ENSG00000174109","UQCC4",-0.188157112784952,0.149062230272786
"ENSG00000174173","TRMT10C",-0.250652842959617,0.00342109932761886
"ENSG00000174227","PIGG",0.0366318201937051,0.82268130444432
"ENSG00000174236","REP15",0.0479121431924298,0.862827967724018
"ENSG00000174238","PITPNA",-0.111772600097322,0.250536848863204
"ENSG00000174243","DDX23",0.227054893416829,0.00778740117056245
"ENSG00000174514","MFSD4A",0.327362064994693,0.211136460147659
"ENSG00000174564","IL20RB",-0.113751956505805,0.61768936992331
"ENSG00000174606","ANGEL2",-0.175034603708813,0.0745181366462702
"ENSG00000174695","TMEM167A",0.0205525266045262,0.879237869201972
"ENSG00000174744","BRMS1",0.381700971894214,0.000701369117106908
"ENSG00000174749","FAM241A",-0.235674002429514,0.0739469903236108
"ENSG00000174775","HRAS",0.314024410773668,0.00251580671921405
"ENSG00000174780","SRP72",-0.223135305888222,3.37203247821779e-05
"ENSG00000174804","FZD4",-0.210699909974451,0.26693361296941
"ENSG00000174953","DHX36",0.0208894751871924,0.855684510865003
"ENSG00000174996","KLC2",0.33766840495686,0.0435866702855381
"ENSG00000175040","CHST2",-0.0669460759403641,0.755549550687644
"ENSG00000175066","GK5",0.465148204420443,5.27846308593507e-06
"ENSG00000175105","ZNF654",0.517846044103327,2.75358391890458e-05
"ENSG00000175110","MRPS22",-0.0816456876324497,0.401648041572852
"ENSG00000175115","PACS1",-0.123149444435871,0.450816849305697
"ENSG00000175193","PARL",0.00131930570516423,0.993024454757336
"ENSG00000175198","PCCA",-1.88067801862304,9.78872443507667e-16
"ENSG00000175221","MED16",0.713448063079304,1.10439269496516e-06
"ENSG00000175274","TP53I11",3.79410629771489,3.65295301971561e-08
"ENSG00000175390","EIF3F",-0.187137260033782,0.0396285679102205
"ENSG00000175416","CLTB",0.182806387249522,0.120437371977359
"ENSG00000175470","PPP2R2D",0.249700566659046,0.00415013948132166
"ENSG00000175471","MCTP1",-0.660193504618398,0.000616682618569657
"ENSG00000175606","TMEM70",-0.0840980220612775,0.54684459204674
"ENSG00000175782","SLC35E3",0.239380744445733,0.00559352284770524
"ENSG00000175879","HOXD8",-0.429198334166809,0.00666379749099087
"ENSG00000175984","DENND2C",1.82841475266788,0.000617857322193065
"ENSG00000176014","TUBB6",-0.724168539990325,1.54741973250409e-09
"ENSG00000176058","TPRN",0.255457912381935,0.036553030043397
"ENSG00000176087","SLC35A4",-0.0150420656882641,0.937248461862684
"ENSG00000176125","UFSP1",0.33233756232105,0.11187289445596
"ENSG00000176170","SPHK1",0.337136487202356,0.030789415511987
"ENSG00000176209","SMIM19",0.121958217991324,0.541743855980778
"ENSG00000176340","COX8A",-0.0821629533080326,0.32813205447098
"ENSG00000176472","ZNF575",-0.250566563920019,0.299373186814261
"ENSG00000176531","PHLDB3",1.52598197001191,0.000145129584382515
"ENSG00000176542","USF3",-0.181742004880216,0.144395823963248
"ENSG00000176597","B3GNT5",-0.525477609359035,7.02570044455674e-07
"ENSG00000176641","RNF152",0.0159402648358414,0.94908520436321
"ENSG00000176697","BDNF",-0.114104004171482,0.547919328542032
"ENSG00000176720","BOK",0.377420361292706,0.0436638123009895
"ENSG00000176909","MAMSTR",0.0792681773066753,0.777174144417513
"ENSG00000176953","NFATC2IP",-0.237725963335945,0.00124824860306492
"ENSG00000177030","DEAF1",0.0554000035261674,0.693556970618697
"ENSG00000177042","TMEM80",-0.20435466835211,0.276748395243188
"ENSG00000177200","CHD9",-0.184811799233282,0.0310724648001068
"ENSG00000177337",NA,0.318647785624618,0.0411623337435014
"ENSG00000177383","MAGEF1",-0.190492802508915,0.107029668357976
"ENSG00000177410","ZFAS1",-0.453827485190665,0.000395240927059069
"ENSG00000177479","ARIH2",0.0678523530558967,0.424132473601425
"ENSG00000177600","RPLP2",-0.0500953914675925,0.468039738454092
"ENSG00000177614","PGBD5",-0.189640539079181,0.44419033276014
"ENSG00000177706","FAM20C",-0.803283974972711,0.000297565059795254
"ENSG00000177707","NECTIN3",0.219667462526096,0.0430926801435853
"ENSG00000177788","RAB4A-AS1",0.500141813438242,0.00283904709175725
"ENSG00000177885","GRB2",0.138775542041682,0.0933652995177637
"ENSG00000177971","IMP3",0.00926712069898623,0.956370263792131
"ENSG00000178105","DDX10",0.0252197059918509,0.837059626339163
"ENSG00000178184","PARD6G",0.812044203739801,1.97971066161121e-06
"ENSG00000178449","COX14",-0.0536264501340795,0.745484170403804
"ENSG00000178567","EPM2AIP1",-0.13420119839405,0.224543036093768
"ENSG00000178741","COX5A",-0.146675633711387,0.16034140589604
"ENSG00000178826","TMEM139",0.218804098650263,0.35726187534982
"ENSG00000178904","DPY19L3",-0.468050864427662,0.000833871300355182
"ENSG00000178922","HYI",-0.220409325603001,0.055054739197678
"ENSG00000178951","ZBTB7A",-0.169474615127336,0.186488290794519
"ENSG00000178952","TUFM",-0.0953398944797694,0.270162071156509
"ENSG00000178982","EIF3K",-0.467953794274432,6.51646667024974e-07
"ENSG00000179091","CYC1",-0.270335667988924,0.0144522557258772
"ENSG00000179115","FARSA",-0.0203911068422968,0.861432630172632
"ENSG00000179134","SAMD4B",0.146671336123683,0.165941294238182
"ENSG00000179262","RAD23A",-0.312948085792265,0.0019317798648421
"ENSG00000179348","GATA2",0.609175513856738,0.011366932483176
"ENSG00000179532","DNHD1",-0.105099091176111,0.676768245153095
"ENSG00000179588","ZFPM1",0.787075943639543,0.00120878672826993
"ENSG00000179674","ARL14",1.59166356439097,3.34050470709248e-05
"ENSG00000179820","MYADM",0.34162380612348,0.00832048935572752
"ENSG00000179841","AKAP5",0.377022398948961,0.0613377132888511
"ENSG00000179912","R3HDM2",-0.486265688204727,0.00059514721661052
"ENSG00000179943","FIZ1",0.190251859865966,0.135716524949986
"ENSG00000180304","OAZ2",0.1913484360301,0.0504187755967312
"ENSG00000180398","MCFD2",-0.682005843263577,2.20353056892439e-18
"ENSG00000180573","H2AC6",-0.548518925057211,0.0113471764411024
"ENSG00000180773","SLC36A4",-0.252198513664745,0.0194737079105001
"ENSG00000180817","PPA1",-0.024356021311885,0.909113961334113
"ENSG00000180822","PSMG4",-0.12474877848374,0.299900486501483
"ENSG00000180881","CAPS2",0.433951643521094,0.0352343041249041
"ENSG00000180900","SCRIB",0.47924882037883,4.64968156785629e-07
"ENSG00000180901","KCTD2",-0.0560438451403629,0.715215327980118
"ENSG00000180902","D2HGDH",0.00820283580156758,0.969997817435269
"ENSG00000180979","LRRC57",-0.142702379393765,0.277916774405673
"ENSG00000180992","MRPL14",0.183524623610086,0.118247627284531
"ENSG00000181007","ZFP82",0.0843072273644045,0.753651553289294
"ENSG00000181026","AEN",0.569050227515429,5.54859634158974e-07
"ENSG00000181284","TMEM102",0.130704856712572,0.583564790904198
"ENSG00000181450","ZNF678",-0.443868832373669,0.0328154327223157
"ENSG00000181467","RAP2B",-0.268482664713237,0.00397751788988864
"ENSG00000181894","ZNF329",0.254726426394211,0.141768439528107
"ENSG00000181924","COA4",0.0652009114450973,0.584598932999631
"ENSG00000182004","SNRPE",-0.137781053860145,0.276016694003401
"ENSG00000182057",NA,1.04829513122845,5.41741462768032e-05
"ENSG00000182117","NOP10",0.0974881638709871,0.454217502748058
"ENSG00000182118","FAM89A",-0.21304120628204,0.109397462971926
"ENSG00000182158","CREB3L2",-0.0136737104320715,0.94180485155029
"ENSG00000182253","SYNM",-0.0871708767279449,0.706677363954098
"ENSG00000182287","AP1S2",-0.0588922375202801,0.681454396120647
"ENSG00000182324","KCNJ14",-0.750716313125055,0.00145027666372567
"ENSG00000182446","NPLOC4",0.226576402138401,0.0116089962030547
"ENSG00000182518","VCF2",-0.602078347246857,2.5619811748922e-05
"ENSG00000182578","CSF1R",-0.120974999782106,0.588815792197224
"ENSG00000182687","GALR2",3.29095584509165,7.1265294339795e-08
"ENSG00000182704","TSKU",0.558072683415976,1.0282414733487e-06
"ENSG00000182771","GRID1",0.0282927339097487,0.927848814928308
"ENSG00000182871","COL18A1",-1.0554033759398,0.00179992253945423
"ENSG00000182899","RPL35A",-0.203149778441392,0.059191119175764
"ENSG00000182963","GJC1",0.00809800870708817,0.961694002715676
"ENSG00000182973","CNOT10",-0.107129662720428,0.272440368419027
"ENSG00000182979","MTA1",-0.0909925482200152,0.403000233961193
"ENSG00000183048","SLC25A10",-0.00187449051556937,0.992711877552009
"ENSG00000183072","NKX2-5",1.05852143314135,4.96084558956987e-14
"ENSG00000183098","GPC6",-1.73895678417706,1.85768031867538e-07
"ENSG00000183117","CSMD1",-0.195363241370205,0.323301974601192
"ENSG00000183155","RABIF",0.402908036379258,0.00177812795159103
"ENSG00000183207","RUVBL2",-0.450203218417186,8.36767513129882e-09
"ENSG00000183291","SELENOF",-0.367326901019638,0.00129862890113265
"ENSG00000183578","TNFAIP8L3",-0.104868067957982,0.652601004082641
"ENSG00000183617","MRPL54",-0.0352356294928636,0.854931549526102
"ENSG00000183665","TRMT12",0.0449262343769866,0.775073292341173
"ENSG00000183691","NOG",-0.0184712585018448,0.937248461862684
"ENSG00000183760","ACP7",0.3697366838671,0.172129716936967
"ENSG00000183765","CHEK2",0.148175301931432,0.405012455781125
"ENSG00000183943","PRKX",0.17387003483476,0.124074806102922
"ENSG00000184009","ACTG1",-0.215053257645233,0.0890246040064876
"ENSG00000184014","DENND5A",0.474911050290759,3.46772165455439e-06
"ENSG00000184203","PPP1R2",0.485291724744203,2.19295268534018e-10
"ENSG00000184281","TSSC4",0.250720288320414,0.0283002830899453
"ENSG00000184451","CCR10",0.575005473950577,0.0495960484298257
"ENSG00000184486","POU3F2",0.949786532358866,4.55067383245887e-07
"ENSG00000184588","PDE4B",0.30690412337998,0.157972439658397
"ENSG00000184640","SEPTIN9",-0.207985392600591,0.0149488979322392
"ENSG00000184678","H2BC21",0.613137938056663,0.00710847335788648
"ENSG00000184752","NDUFA12",0.070383821870115,0.55240735513698
"ENSG00000184857","TMEM186",0.0341615027327115,0.846434404957336
"ENSG00000184900","SUMO3",-0.411814136438011,1.83173106392069e-07
"ENSG00000184903","IMMP2L",-1.91655894195554,1.74907611863728e-09
"ENSG00000184924","PTRHD1",-0.0693854086168484,0.633325724514686
"ENSG00000184937","WT1",-0.0874636858027735,0.683890489641205
"ENSG00000184979","USP18",1.02101898046645,0.00323970018758598
"ENSG00000185049","NELFA",0.202324910040074,0.113164799654594
"ENSG00000185070","FLRT2",-0.203207360321553,0.285760721896028
"ENSG00000185127","C6orf120",-0.796968995306291,5.22363937351795e-15
"ENSG00000185187","SIGIRR",-0.717941078436383,0.00116214206508385
"ENSG00000185324","CDK10",-0.257702042868066,0.0510554785473467
"ENSG00000185379","RAD51D",-0.333532238970069,0.00201720745051732
"ENSG00000185414","MRPL30",-0.297839148467664,0.00145777769336275
"ENSG00000185436","IFNLR1",0.00661276882048481,0.980805571351003
"ENSG00000185522","LMNTD2",0.0146124082034151,0.956676934230093
"ENSG00000185608","MRPL40",0.205365123199062,0.0450813890864027
"ENSG00000185697","MYBL1",0.320479067556702,0.00779440696237429
"ENSG00000185728","YTHDF3",0.0732759513226786,0.497515270013457
"ENSG00000185787","MORF4L1",-0.107930120878531,0.312380563951582
"ENSG00000185838","GNB1L",0.0448957720457766,0.867434292994646
"ENSG00000185869","ZNF829",0.144220158001994,0.310295301297255
"ENSG00000186073","CDIN1",-0.283720627315455,0.118936562676962
"ENSG00000186088","GSAP",1.13115764570792,0.000150493690352498
"ENSG00000186184","POLR1D",-0.188879977936272,0.014003783308549
"ENSG00000186187","ZNRF1",-0.0372443672691522,0.806482336071983
"ENSG00000186222","BLOC1S4",-0.230069231250121,0.0434690217981456
"ENSG00000186260","MRTFB",0.04750971240078,0.834862332236681
"ENSG00000186340","THBS2",-0.190755648047924,0.209040803831763
"ENSG00000186350","RXRA",0.152248437133276,0.175987535905143
"ENSG00000186352","ANKRD37",0.519106180685965,0.00547936714081954
"ENSG00000186462","NAP1L2",0.963485119804643,0.00914993697907222
"ENSG00000186472","PCLO",-0.025196757161718,0.92885519773273
"ENSG00000186481",NA,2.06754970569938,9.46530057232382e-09
"ENSG00000186529","CYP4F3",2.49776982684101,1.65801938633002e-10
"ENSG00000186591","UBE2H",0.0968185908554765,0.493985538044223
"ENSG00000187051","RPS19BP1",0.0359454294397112,0.809242620076651
"ENSG00000187118","CMC1",-0.101732329503876,0.46575233733762
"ENSG00000187193","MT1X",-0.308753241010949,0.0401119998782327
"ENSG00000187239","FNBP1",0.113040759628492,0.350916036145747
"ENSG00000187240","DYNC2H1",-0.31643466596964,0.00946117115038342
"ENSG00000187713","TMEM203",-0.105084908610489,0.57777989908235
"ENSG00000188158","NHS",-0.00209454699154373,0.990909441796039
"ENSG00000188511","MIR3667HG",-0.0189821146393171,0.923348492320605
"ENSG00000188612","SUMO2",0.00953310171960925,0.94728286932454
"ENSG00000188647","PTAR1",0.0384852902427871,0.786496026704018
"ENSG00000188690","UROS",-0.107142121407167,0.267166967240659
"ENSG00000188725","SMIM15",-0.12794951417065,0.0894014608054059
"ENSG00000188739","RBM34",-0.220501669506946,0.189220212713059
"ENSG00000188827","SLX4",0.199197296191711,0.237843154500197
"ENSG00000188846","RPL14",-0.344238709216418,7.63164705699139e-06
"ENSG00000189007","ADAT2",-0.125915654477413,0.399175963200747
"ENSG00000189046","ALKBH2",-0.0689290708709962,0.61768936992331
"ENSG00000189114","BLOC1S3",0.207353454637638,0.233742552500173
"ENSG00000189376","C8orf76",-0.0755795213561752,0.661683813191371
"ENSG00000196081","ZNF724",0.167105757855545,0.381957403367785
"ENSG00000196141","SPATS2L",-0.0433320504546054,0.704247383019636
"ENSG00000196159","FAT4",0.301682755506237,0.172082638436054
"ENSG00000196187","TMEM63A",0.358871283499197,0.015687774246316
"ENSG00000196196","HRCT1",1.43354277986448,1.01490618577929e-11
"ENSG00000196199","MPHOSPH8",0.153824892854158,0.0136095430236782
"ENSG00000196214","ZNF766",0.0915161427447499,0.521771784067277
"ENSG00000196262","PPIA",-0.49797832840994,4.21475938475774e-08
"ENSG00000196305","IARS1",-0.685878875540557,1.90556620184098e-18
"ENSG00000196372","ASB13",-0.0360207057972646,0.886754701418391
"ENSG00000196411","EPHB4",0.207075179162456,0.0365296073137122
"ENSG00000196449","YRDC",0.0701895171627918,0.577317853792092
"ENSG00000196470","SIAH1",-0.0353968107426334,0.867712036486042
"ENSG00000196497","IPO4",-0.176048632027671,0.191609655604791
"ENSG00000196531","NACA",-0.128575599921824,0.0972280106450111
"ENSG00000196562","SULF2",2.34429754504585,4.3748505624224e-05
"ENSG00000196605","ZNF846",0.0613097491420007,0.832356285009933
"ENSG00000196636","SDHAF3",-0.190897783287892,0.235339304273928
"ENSG00000196652","ZKSCAN5",0.0573568591337396,0.688230037481746
"ENSG00000196655","TRAPPC4",0.0823834651563209,0.589744360006224
"ENSG00000196670","ZFP62",-0.151309858326182,0.212148352932705
"ENSG00000196693","ZNF33B",0.0711706447440796,0.639650787361051
"ENSG00000196712","NF1",-0.0783839864952026,0.593227349495885
"ENSG00000196734","LCE1B",5.88141159303579,3.68374745713866e-18
"ENSG00000196781","TLE1",0.360476881153598,0.00356141136043887
"ENSG00000196814","MVB12B",0.159319318424239,0.400804109711939
"ENSG00000196821","ILRUN",0.046243156661817,0.728857607085854
"ENSG00000196922",NA,0.440858028865517,7.99043962534091e-05
"ENSG00000196943","NOP9",0.455627674448541,0.000112855498770512
"ENSG00000196950","SLC39A10",0.202106824420087,0.111260225168475
"ENSG00000196961","AP2A1",-0.26850280080343,0.0279335615091873
"ENSG00000196981","WDR5B",0.0863534274493675,0.621383711153727
"ENSG00000197056","ZMYM1",-0.0802479325326743,0.657093248203257
"ENSG00000197070","ARRDC1",0.487135163349653,0.00387004054735825
"ENSG00000197084","LCE1C",6.49073339975749,1.36070894337991e-19
"ENSG00000197093","GAL3ST4",3.95815243377191,1.26860422459832e-07
"ENSG00000197172","MAGEA3",0.0122111066867254,0.953361550159042
"ENSG00000197191","CYSRT1",2.35509208716242,2.39502844901185e-14
"ENSG00000197249","SERPINA1",0.239621095507964,0.31553496124458
"ENSG00000197312","DDI2",-0.0627593670851544,0.673315061068499
"ENSG00000197321","SVIL",0.347376159139197,0.00167716383797746
"ENSG00000197345","MRPL21",0.056051739995173,0.647655957460869
"ENSG00000197386","HTT",-0.156715120241833,0.210868952198426
"ENSG00000197415","VEPH1",-1.76329863178409,8.48457106818195e-37
"ENSG00000197471","SPN",-0.865960238275922,0.00131728271960106
"ENSG00000197535","MYO5A",-0.557818292791807,1.8023816937736e-07
"ENSG00000197548","ATG7",-0.553246360295347,2.93817877534308e-07
"ENSG00000197608","ZNF841",0.886114068698906,0.000786287801819427
"ENSG00000197713","RPE",-0.151639867088976,0.163560666475239
"ENSG00000197728","RPS26",-0.175149756416387,0.117757651907264
"ENSG00000197894","ADH5",-0.102487763991283,0.382412004256945
"ENSG00000197903","H2BC12",0.0853958411879415,0.719170362654898
"ENSG00000197961","ZNF121",0.0632516378714361,0.547716253492886
"ENSG00000197977","ELOVL2",-1.38327005497306,2.06670164017902e-12
"ENSG00000198182","ZNF607",0.314506774540249,0.228558313031143
"ENSG00000198189","HSD17B11",0.441241571367269,0.00726111863839609
"ENSG00000198265","HELZ",0.462156234697239,6.89889958570417e-06
"ENSG00000198324","PHETA1",0.654485849253517,0.00103775861091932
"ENSG00000198399","ITSN2",0.165359055333285,0.100610340592031
"ENSG00000198417","MT1F",-0.957962870922499,0.00556613118848746
"ENSG00000198467","TPM2",0.162321632090701,0.109960356131587
"ENSG00000198468","FLVCR1-DT",0.539970612071388,0.000641272934460506
"ENSG00000198492","YTHDF2",-0.0405880687029667,0.69657210505947
"ENSG00000198513","ATL1",-0.0512596092953191,0.86210036072618
"ENSG00000198538","ZNF28",0.988529096151247,8.09608060848579e-05
"ENSG00000198576","ARC",0.271279792851505,0.183968486928063
"ENSG00000198626","RYR2",0.0534345175765372,0.840493211259806
"ENSG00000198668","CALM1",0.0281339934334101,0.751247995135457
"ENSG00000198682","PAPSS2",-0.302148921154836,0.0361891790121183
"ENSG00000198707","CEP290",0.105098999996595,0.435748407546533
"ENSG00000198728","LDB1",0.808395972444887,8.20276085382793e-09
"ENSG00000198742","SMURF1",0.0477391136591934,0.82268130444432
"ENSG00000198743","SLC5A3",-0.062719348901428,0.683890489641205
"ENSG00000198752","CDC42BPB",-0.186053793064906,0.150180757993211
"ENSG00000198755","RPL10A",-0.291641982520613,0.00412287369403684
"ENSG00000198780","FAM169A",-0.156762736519634,0.340449439719793
"ENSG00000198795","ZNF521",-1.39655440184364,6.43739738867664e-13
"ENSG00000198796","ALPK2",0.050996438710615,0.853919225110862
"ENSG00000198837","DENND4B",0.259467325339357,0.0445209378312314
"ENSG00000198840","MT-ND3",-0.716955661034931,6.35524219521048e-08
"ENSG00000198843","SELENOT",-0.0775992670503386,0.630128373371738
"ENSG00000198846","TOX",0.256727111444572,0.250107467824612
"ENSG00000198855","FICD",-0.035696780862689,0.883590149799829
"ENSG00000198860","TSEN15",-0.769989265508018,2.1407319595507e-16
"ENSG00000198863","RUNDC1",0.306307849963952,0.00353049941968559
"ENSG00000198879","SFMBT2",0.174977800158931,0.39044092923215
"ENSG00000198887","SMC5",-0.0541417486634569,0.682691430237977
"ENSG00000198909","MAP3K3",0.077555796510491,0.600156141620876
"ENSG00000198931","APRT",0.0210685506930823,0.8684111950141
"ENSG00000198951","NAGA",0.314598119234002,0.0415380027821928
"ENSG00000199753","SNORD104",0.013872518757332,0.960077776378503
"ENSG00000200913","SNORD46",0.245107966913316,0.33230387457153
"ENSG00000202538","RNU4-2",0.102532260153451,0.697754568036476
"ENSG00000203326","ZNF525",2.23309179752165,1.64292677154441e-06
"ENSG00000203485","INF2",0.160441738725494,0.272739216956784
"ENSG00000203497",NA,0.20851939885938,0.359431028574458
"ENSG00000203667","COX20",-0.132296530034702,0.302018370225918
"ENSG00000203783","PRR9",1.23301077492084,0.000113341167856752
"ENSG00000203797","DDO",0.444508336785473,0.117650017275849
"ENSG00000203805","PLPP4",-0.165189135497111,0.195995469868649
"ENSG00000203965","EFCAB7",-0.0295923214676811,0.924694927049468
"ENSG00000204084","INPP5B",-0.613223174045443,1.08806550515071e-05
"ENSG00000204104","TRAF3IP1",-0.00425891457178564,0.983831959397693
"ENSG00000204186","ZDBF2",0.23397350598181,0.0794196530543198
"ENSG00000204267","TAP2",0.370574907979793,1.17611178071694e-05
"ENSG00000204287","HLA-DRA",1.0056314101556,0.0119899553131043
"ENSG00000204370","SDHD",-0.101968980238051,0.512373477868249
"ENSG00000204388","HSPA1B",1.28297822137267,1.09352586012732e-26
"ENSG00000204498","NFKBIL1",-0.160758413631908,0.337598503198704
"ENSG00000204516","MICB",0.379562291428271,0.154620958687305
"ENSG00000204520","MICA",0.45795710724791,0.000962192411521333
"ENSG00000204628","RACK1",-0.514468541840335,1.62235753983572e-22
"ENSG00000204856","FAM216A",0.000386387859791395,0.998489831781308
"ENSG00000204923","FBXO48",0.367912822026022,0.0908108391327188
"ENSG00000205250","E2F4",-0.512523365473431,2.08825835926335e-10
"ENSG00000205268","PDE7A",0.0481264403888638,0.825663198220505
"ENSG00000205302","SNX2",0.144053690086502,0.142740996901207
"ENSG00000205336","ADGRG1",0.115401818114764,0.471662285295531
"ENSG00000205485",NA,-0.0635354703840719,0.820581174311346
"ENSG00000205730","ITPRIPL2",-0.205109626532714,0.112038994989929
"ENSG00000205981","DNAJC19",0.0981492173977856,0.44082273895746
"ENSG00000206538","VGLL3",0.204679479822,0.384475085777114
"ENSG00000206560","ANKRD28",-0.367470999296434,1.10028705459956e-05
"ENSG00000209082",NA,-2.86613839723329,3.75712642984225e-21
"ENSG00000210077",NA,-1.57702956300668,3.97265964440265e-08
"ENSG00000210082",NA,1.09805357336658,0.000114218637278177
"ENSG00000210112",NA,-3.5822877001333,1.27981979382766e-30
"ENSG00000210127",NA,-3.04587395449757,7.20839243750595e-12
"ENSG00000210140",NA,-3.68305460564431,4.58524085304978e-29
"ENSG00000211450","SELENOH",-0.244197213066161,0.153037557250571
"ENSG00000211456","SACM1L",-0.134085907762755,0.278215178148814
"ENSG00000211459",NA,0.243315391278397,0.275546455635739
"ENSG00000212664","RPL17P39",-0.407528461331924,0.0345346272557677
"ENSG00000212722","KRTAP4-9",2.34094386730172,2.62472249907572e-05
"ENSG00000213025",NA,-0.0297884920282772,0.894274295178993
"ENSG00000213047","DENND1B",-0.409802544982284,0.0149488979322392
"ENSG00000213096","ZNF254",-0.222241949965993,0.331479732187239
"ENSG00000213341","CHUK",0.0411363299752144,0.7839701764255
"ENSG00000213445","SIPA1",0.385104524048182,0.0103903352874319
"ENSG00000213463","SYNJ2BP",-0.0467727465856917,0.708278475309908
"ENSG00000213468","FIRRE",-0.58425155731773,6.56832652058657e-05
"ENSG00000213533","STIMATE",0.410549470631986,0.056906509063565
"ENSG00000213613","RPL11P3",0.0203901529203507,0.943506233517754
"ENSG00000213639","PPP1CB",-0.124150978640723,0.122519617701645
"ENSG00000213654","GPSM3",-0.622781053893697,0.000106051789131439
"ENSG00000213741","RPS29",-0.231988981297571,0.0240187353380328
"ENSG00000213949","ITGA1",-0.208856386760225,0.259392088031093
"ENSG00000213995","NAXD",-0.279913381131697,0.0410297327661617
"ENSG00000214046","SMIM7",-0.0588120868121525,0.62027454102075
"ENSG00000214049","UCA1",-0.204877482733187,0.412269807677937
"ENSG00000214106",NA,-0.18054099811374,0.451678457656915
"ENSG00000214160","ALG3",0.493061969607275,4.71809700466676e-06
"ENSG00000214309","MBLAC1",0.524464914306056,0.01183713983682
"ENSG00000214318",NA,1.35844161613451,0.00107848198895838
"ENSG00000214530","STARD10",0.826514988676584,0.000265167254707857
"ENSG00000214575","CPEB1",0.330922255226413,0.198553668059405
"ENSG00000214756","CSKMT",0.446266576064712,0.00155032139948144
"ENSG00000214944","ARHGEF28",0.447883021074101,0.00127228830309917
"ENSG00000215184",NA,0.18620142301077,0.415984248388111
"ENSG00000215251","FASTKD5",-0.131088656042867,0.261474503199317
"ENSG00000215424","MCM3AP-AS1",-0.294686261959112,0.0609510222737092
"ENSG00000215559",NA,3.17106627691003,2.33998477948444e-10
"ENSG00000216775",NA,0.586006539810735,3.05862628000818e-05
"ENSG00000217716","RPS10P3",-0.0277901249516796,0.930468683521387
"ENSG00000219481","NBPF1",0.403017520507101,0.00183784382037073
"ENSG00000221539","SNORD99",-0.549814328769887,0.074585617416225
"ENSG00000221838","AP4M1",-0.546715518011087,0.000277658062159812
"ENSG00000221916","C19orf73",0.0111401467259708,0.969379581297984
"ENSG00000221983","UBA52",0.0850591120526699,0.291769619665841
"ENSG00000222041","CYTOR",0.132372788340111,0.235426261757526
"ENSG00000222043",NA,-0.0632599253812212,0.829516466513741
"ENSG00000224020","MIR181A2HG",0.242973572473675,0.312071216251429
"ENSG00000224032",NA,-0.0206992344475757,0.924694927049468
"ENSG00000224043",NA,-0.712609441198949,0.0150615237364771
"ENSG00000224046","DMTF1-AS1",0.0193347790773516,0.945265821225603
"ENSG00000224051","CPTP",0.18156971993627,0.176336577396544
"ENSG00000224078",NA,-0.606422142116892,3.38424864964957e-07
"ENSG00000224358",NA,0.189011398414116,0.448685706564834
"ENSG00000224559","LINC01087",-0.0287492773288689,0.926191368181073
"ENSG00000224596","ZMIZ1-AS1",0.211611298007788,0.230653242632127
"ENSG00000225101","OR52K3P",1.36536226560155,0.00307034936526322
"ENSG00000225269","LINC00705",0.806659921475997,0.0123439350365644
"ENSG00000225720",NA,0.15827552762194,0.488964602653282
"ENSG00000226053","LINC01776",0.0649002760172836,0.805415281101821
"ENSG00000226259",NA,0.0646846399380455,0.704759054738168
"ENSG00000226479","TMEM185B",-0.142027979459019,0.175310585187689
"ENSG00000227036","LINC00511",0.376128072017923,0.0128222340768085
"ENSG00000227057","WDR46",-0.0824858457607873,0.468371303282546
"ENSG00000227248",NA,-0.146035042493439,0.566973078199237
"ENSG00000227268","KLLN",2.36712881458614,1.9467377987009e-06
"ENSG00000227500","SCAMP4",0.433923603678224,0.00023836204281467
"ENSG00000227896","WAPL-DT",0.0825327298015039,0.751086933418177
"ENSG00000228203","GRASLND",-0.323557498837015,0.119993321123064
"ENSG00000228709",NA,0.554795374072231,0.029738583619712
"ENSG00000228889","UBAC2-AS1",0.679789815170671,0.00626324729750549
"ENSG00000229056","HECW2-AS1",0.667293464236307,0.0023394663076274
"ENSG00000229647",NA,0.0861091393461884,0.68900974430466
"ENSG00000229656","ITGB1-DT",0.0149060136110447,0.955217494887367
"ENSG00000229994","RPL5P4",0.000965870958449242,0.996464559079701
"ENSG00000230124","ACBD6",-0.45489155732187,6.41771018713789e-05
"ENSG00000230325",NA,-0.307728655533971,0.212643497301336
"ENSG00000230679","ENO1-AS1",0.116087790488116,0.646152793917469
"ENSG00000230797","YY2",0.0574518215924697,0.823292186057952
"ENSG00000230844","ZNF674-AS1",0.131802929413343,0.557708718167955
"ENSG00000230896",NA,0.0328026472379455,0.911831245361181
"ENSG00000231007","CDC20P1",-0.35996312867932,0.150730823753504
"ENSG00000231054",NA,0.475014699436173,0.0814997358139377
"ENSG00000231728",NA,-0.0170781831583188,0.953340845385781
"ENSG00000232692",NA,0.885406292211382,0.0161984428013718
"ENSG00000232759","STEAP1B-AS1",0.676387418895312,0.0437487302129935
"ENSG00000233117",NA,-0.0338552236002996,0.896670852629191
"ENSG00000233532","LINC00460",0.645848277425426,0.0151506152324162
"ENSG00000233927","RPS28",0.0033679568046912,0.974850673054762
"ENSG00000234009","RPL5P34",0.00753055308764953,0.973276853544747
"ENSG00000234740",NA,0.174277747079984,0.479831032849486
"ENSG00000234753","FOXP4-AS1",-0.130034315318195,0.566310982849578
"ENSG00000234883","MIR155HG",-0.469340873984818,0.0704530779163217
"ENSG00000235111",NA,0.209470263840836,0.402636304040316
"ENSG00000235363",NA,-0.300931225731623,0.189056205143098
"ENSG00000235552","RPL6P27",-0.119747983586681,0.525830494020781
"ENSG00000235590","GNAS-AS1",-0.733583640164392,0.00318599685043586
"ENSG00000235823","OLMALINC",-0.387539175262753,0.0786023877024717
"ENSG00000235863","B3GALT4",1.21016289377633,0.00273564664953952
"ENSG00000235903","CPB2-AS1",0.0909035576277155,0.705991985606468
"ENSG00000235904","RBMS3-AS3",-0.0708576945877579,0.806793313695996
"ENSG00000236088","COX10-DT",-0.0689236203140816,0.751943752303324
"ENSG00000236305","SLC12A9-AS1",-0.472691680291582,0.0604780130922587
"ENSG00000236333",NA,-0.460905058850961,0.0027746340085449
"ENSG00000236345","SCAT8",1.00107271799593,0.00153236577157868
"ENSG00000236499","LINC00896",0.0196474759172162,0.947385282124565
"ENSG00000236719","OVAAL",1.06420681020411,0.000445094797331438
"ENSG00000236751",NA,1.08461259023834,6.9456125872053e-06
"ENSG00000236778","INTS6-AS1",0.143510140057277,0.559174471130479
"ENSG00000236824","BCYRN1",0.289171661134253,0.116648942988391
"ENSG00000237161",NA,0.0925845694928077,0.726312178107425
"ENSG00000237406","NDUFA9P1",-0.214379411795651,0.391006111778927
"ENSG00000237638","LINC02245",2.8269743786577,2.92917810404489e-05
"ENSG00000237807","LINC02984",2.15037526198966,1.39812900804743e-09
"ENSG00000237870","LOC102724434",0.294104993059234,0.166936295653462
"ENSG00000237945","LINC00649",1.11107788683622,0.0102285563330855
"ENSG00000237978",NA,0.0893054441153038,0.742967468041234
"ENSG00000239280",NA,-0.107756227742029,0.670227592560393
"ENSG00000239779","WBP1",0.309329519727697,0.234656796529834
"ENSG00000239900","ADSL",-0.271634311052344,0.0136688986682843
"ENSG00000240386","LCE1F",6.72460294181065,2.34715776028643e-17
"ENSG00000240654","C1QTNF9",-0.493945707067806,0.0515625788412695
"ENSG00000240682","ISY1",-0.13590626483779,0.131111990516391
"ENSG00000241127","YAE1",0.154924492942652,0.275266193561656
"ENSG00000241157","RPL32P32",0.0536009531722313,0.857851009874488
"ENSG00000241468","ATP5MF",-0.110711888456882,0.379760197568539
"ENSG00000242147","LINC02677",0.385411787082884,0.0544137786853741
"ENSG00000242247","ARFGAP3",0.0991641822312039,0.44324338036179
"ENSG00000242516","LINC00960",-0.0599578972458874,0.726312178107425
"ENSG00000243335","KCTD7",0.153619970681869,0.357981651009317
"ENSG00000243449","NICOL1",0.284686856544918,0.0485966907558531
"ENSG00000243678","NME2",-0.796089872582214,0.00679267460297128
"ENSG00000243819","RN7SL832P",0.222634495298257,0.309537775387417
"ENSG00000244026","FAM86DP",-0.132349713740788,0.370784327363957
"ENSG00000244165","P2RY11",-0.285233232628615,0.0964725509472174
"ENSG00000244184","PELP1-DT",0.209598735559265,0.347456995673179
"ENSG00000244649",NA,0.51613269618712,0.0859841737321547
"ENSG00000244754","N4BP2L2",-0.259440688047879,0.0103490375468467
"ENSG00000245146","LOC124900193",0.591311922959956,0.0419247803455482
"ENSG00000245522","LINC02709",1.02189978538419,2.17621754892279e-08
"ENSG00000245556","SCAMP1-AS1",0.339764249702481,0.0497047637236898
"ENSG00000245849","RAD51-AS1",-0.0861292038487686,0.721828165865747
"ENSG00000245954","LINC02273",1.09522252741192,0.00237603486880455
"ENSG00000246089","MCPH1-DT",0.0563711754121381,0.803707746973864
"ENSG00000246090","LOC100507053",0.768858969723234,0.0200558307156849
"ENSG00000247095","MIR210HG",0.033173495988879,0.914777313684675
"ENSG00000247400","DNAJC3-DT",0.424295756962029,0.0214372295771831
"ENSG00000247516","MIR4458HG",0.443705153143725,0.00166650172362455
"ENSG00000247828","TMEM161B-DT",-0.432483556015828,0.00511971247738384
"ENSG00000248019",NA,0.00333224694364911,0.991214959421176
"ENSG00000248583",NA,1.20986584340136,7.05222742037958e-06
"ENSG00000248593",NA,0.188699985336679,0.327703471626692
"ENSG00000248866","USP46-DT",0.115865888726145,0.644664140974107
"ENSG00000249061",NA,-0.0616140474289839,0.832968254699358
"ENSG00000249115","HAUS5",0.274363101358956,0.0550657553748201
"ENSG00000249572",NA,0.134303889243522,0.567719889372159
"ENSG00000249867","LINC02742",-0.25122736408648,0.139375227420548
"ENSG00000250317","SMIM20",-0.112681738086581,0.469927149099839
"ENSG00000250510","GPR162",1.1360010621761,0.000581619783374848
"ENSG00000250903","GMDS-DT",-0.376812738491959,0.115704413442142
"ENSG00000251323","LINC02728",-0.299800820896664,0.242629483669478
"ENSG00000251369","ZNF550",0.215334293038343,0.129914333167524
"ENSG00000251432","LINC02615",-0.138807838204589,0.563628964041085
"ENSG00000252062","RNU6-469P",0.0417989934330183,0.893788569605471
"ENSG00000252316","RNY4",-1.50545550340551,0.000764634017782879
"ENSG00000252636","RNU6-826P",-0.258135541685799,0.286436884170748
"ENSG00000253669",NA,0.848127441969239,4.52323791684992e-05
"ENSG00000253719","ATXN7L3B",-0.0618992652061298,0.581290943852056
"ENSG00000253802","SIRLNT",1.9042030132026,9.63597486713114e-10
"ENSG00000253846","PCDHGA10",-0.290931797614025,0.205026143886831
"ENSG00000253948","VPS13B-DT",-1.04158952512196,0.00218026708787163
"ENSG00000254635",NA,-0.250689340100056,0.0131529852048079
"ENSG00000254858","MPV17L2",-0.0331472670200642,0.893729336826369
"ENSG00000254901","BORCS8",0.253501801692422,0.0173928287215706
"ENSG00000255248","MIR100HG",-1.31963309566191,2.44806998551355e-14
"ENSG00000255302","EID1",0.1288237696734,0.137371919299106
"ENSG00000255529","POLR2M",-0.121014841410866,0.383629964765628
"ENSG00000255856",NA,0.192819105832922,0.342365095739356
"ENSG00000256006",NA,-0.62280964554028,0.0557762244355837
"ENSG00000256053","COA8",-0.0418078793790393,0.801235735925067
"ENSG00000256073",NA,0.20161438465459,0.289698793430347
"ENSG00000256092","SBNO1-AS1",-0.124550305514669,0.587622067524187
"ENSG00000256268","LINC02454",1.04809891173275,5.99163108200146e-08
"ENSG00000257267",NA,0.142348594682572,0.11807371902556
"ENSG00000257475",NA,0.0138156339167273,0.96145396318216
"ENSG00000257604",NA,0.360811833264171,0.168059945482733
"ENSG00000257815","PRANCR",-0.163676087774166,0.464794457232153
"ENSG00000258111",NA,-0.00993639232690583,0.973454539133024
"ENSG00000258245","RPL10P13",0.6709858075082,0.0315353045445517
"ENSG00000258289","CHURC1",-0.122016422517862,0.270623793645266
"ENSG00000258708","SLC25A21-AS1",0.155379854639092,0.464820434124169
"ENSG00000259178",NA,2.29662270668839,0.000163057485384534
"ENSG00000259330","INAFM2",-0.251777478408076,0.0625824470427171
"ENSG00000259518","LINC01583",-0.26351760251907,0.121972466001596
"ENSG00000259673","IQCH-AS1",0.0319235720964284,0.91568315617158
"ENSG00000259807","LOC101928188",-0.243342118734491,0.325340085349776
"ENSG00000259826",NA,0.00946975883066458,0.974526747146003
"ENSG00000259849",NA,0.0572551063215801,0.837059626339163
"ENSG00000259943",NA,0.217388493534433,0.313277412667195
"ENSG00000260001","TGFBR3L",0.193717686541711,0.3580944545853
"ENSG00000260032","NORAD",-0.0712350442761961,0.541297922371885
"ENSG00000260083","MIR762HG",0.0573149859740897,0.825269687315129
"ENSG00000260274",NA,0.285501061842716,0.174904561421353
"ENSG00000260302",NA,0.528493475810995,0.0589038855134876
"ENSG00000260367",NA,0.750370305773108,0.024154387640863
"ENSG00000260563",NA,0.583212769815046,0.0101702386025961
"ENSG00000260742",NA,-0.0113579870251072,0.969118663606796
"ENSG00000260806",NA,0.164862481186079,0.436356541194372
"ENSG00000260852","FBXL19-AS1",-0.163207307487688,0.453472865410588
"ENSG00000260910",NA,0.519784673235926,0.0536743582486887
"ENSG00000260912",NA,1.17735939490213,2.51245782513315e-05
"ENSG00000260944",NA,-0.63718164689326,0.00888376884798
"ENSG00000261071",NA,0.116427310649134,0.62832735796114
"ENSG00000261188","TFIP11-DT",-0.157446667370085,0.428680249868165
"ENSG00000261357",NA,-0.282910498314803,0.21156579595414
"ENSG00000261824","LINC00662",-0.519736864215641,0.000843856809522768
"ENSG00000261886","LINC01974",0.0433307256217585,0.890476503421586
"ENSG00000262246","CORO7",-0.440910913368368,0.0309798496861358
"ENSG00000263465","SRSF8",-0.209004947963047,0.0395688249340126
"ENSG00000264734",NA,-0.55886861586342,0.0534726685960482
"ENSG00000265393",NA,0.0332546657231193,0.917104005928253
"ENSG00000265641","MIR3929",-0.86922898865588,0.0148172821519018
"ENSG00000265972","TXNIP",0.897898909556881,0.000798109426242658
"ENSG00000266983","RANBP3-DT",-0.360791903866769,0.168969493683251
"ENSG00000267040","ATP8B1-AS1",-0.118429236749004,0.558521978468081
"ENSG00000267248","LOC100996660",0.470837481678647,0.0945363167615167
"ENSG00000267504",NA,-0.0348220458656492,0.913519150308568
"ENSG00000267680","ZNF224",-0.212288290339062,0.218421623681814
"ENSG00000267757","EML2-AS1",0.0507914010319483,0.843851899904487
"ENSG00000267761","MIR4527HG",-0.299239765767782,0.00547171737096929
"ENSG00000268129","LOC100289361",0.299217780380288,0.0719553361051789
"ENSG00000268471","MIR4453HG",-0.204230175377921,0.391731465677693
"ENSG00000268621","IGFL2-AS1",3.68684065861939,2.97152378684417e-15
"ENSG00000268798",NA,-0.796100765126906,0.0004685184494847
"ENSG00000268836",NA,-0.255474430028752,0.311771087770963
"ENSG00000268941","LINC01711",-0.50673903631866,0.00180281610839055
"ENSG00000269293","ZSCAN16-AS1",0.472114494418389,0.000430738370389544
"ENSG00000269893","SNHG8",-0.206516931512937,0.0929498765380971
"ENSG00000269927",NA,0.989074668965306,8.81660337802444e-06
"ENSG00000269954",NA,-0.314222835281543,0.228504213005644
"ENSG00000269989",NA,1.50340192819128,2.36684447784858e-05
"ENSG00000270002",NA,2.87264682621753,3.79795655722451e-12
"ENSG00000270055",NA,-0.495712689673941,0.090609386858623
"ENSG00000270170","NCBP2AS2",-0.319815500357151,0.000419002835417917
"ENSG00000270194","GOLGA4-AS1",0.284993599047267,0.228052152429212
"ENSG00000270964","MAP2K5-DT",0.2655582943361,0.256050917102196
"ENSG00000271122","HERPUD2-AS1",0.198604571716728,0.134126515448012
"ENSG00000271270","TMCC1-DT",-0.746845254739968,0.000491072672932516
"ENSG00000271605","MILR1",-0.488373947553352,0.0123974710225306
"ENSG00000271857",NA,-0.0130095804919038,0.964535699724595
"ENSG00000272068",NA,0.591190243777496,0.00937860119581681
"ENSG00000272086",NA,0.25774410200198,0.219848563520532
"ENSG00000272106",NA,0.0612301565583966,0.820078372038309
"ENSG00000272168","LOC105374971",0.600030161589692,0.0224579474055479
"ENSG00000272218",NA,-0.179477406043944,0.375874130335702
"ENSG00000272269",NA,-0.144404280240064,0.441840943869359
"ENSG00000272335",NA,-0.186751325108218,0.344218897537058
"ENSG00000272384",NA,0.210238440419362,0.399505215231738
"ENSG00000272391","POM121C",0.288538018589727,0.0144064666262997
"ENSG00000272462","LINC02980",0.220172992481991,0.327607020816917
"ENSG00000272602","ZNF595",0.305309023817114,0.110403814564104
"ENSG00000272604","EFCAB10-AS1",-0.166935071106171,0.480979421108289
"ENSG00000272686","WASL-DT",0.225679961339531,0.238902008941624
"ENSG00000272703",NA,0.231318074533914,0.347883114740237
"ENSG00000272707",NA,-0.373226758740703,0.0409350557530981
"ENSG00000272711","HK2-DT",-0.287783730695511,0.030204982571917
"ENSG00000272750",NA,0.0254129813192448,0.929807074116013
"ENSG00000272758","WDR5B-DT",0.220367826773305,0.303974517079838
"ENSG00000272763","LINC03057",0.217154090040474,0.110580143140743
"ENSG00000272870","SAP30-DT",-0.04201625952234,0.880310866756867
"ENSG00000272933",NA,-0.0270420523931851,0.930212833561454
"ENSG00000273015",NA,-0.0144919121172757,0.951539598258564
"ENSG00000273080",NA,-0.173438187659347,0.385283638334759
"ENSG00000273136","NBPF26",0.222071681331946,0.306638718288045
"ENSG00000273204",NA,1.12122184607057,0.000175218975714437
"ENSG00000273245",NA,0.328541885361838,0.207622824513717
"ENSG00000273451",NA,-0.0436471535198483,0.889053743797586
"ENSG00000273485",NA,-1.20481586491147,0.000242579751032835
"ENSG00000273619","RPS21-DT",0.158056429210786,0.457127403824615
"ENSG00000273669",NA,1.04790400437062,0.000110576892786791
"ENSG00000273783","GTF2A1-AS1",0.0594264533810946,0.825764681673975
"ENSG00000273841","TAF9",-0.0434598361759673,0.743493773105686
"ENSG00000274015","LOC105370532",0.281178260345509,0.115691194667124
"ENSG00000274070","CASTOR2",1.16863322026099,1.55271497296999e-06
"ENSG00000274227",NA,-0.160170989051709,0.522871377391874
"ENSG00000274528",NA,0.635092706938698,0.00138828918322285
"ENSG00000274828",NA,0.229009724317607,0.303716545111724
"ENSG00000274849",NA,0.0727009029705009,0.766940773315802
"ENSG00000275004","ZNF280B",-0.408465105452404,0.00225893652514857
"ENSG00000275630",NA,-0.173690634050257,0.489684377167077
"ENSG00000275765","LOC100652758",-0.00295179713946966,0.991429248666827
"ENSG00000275832","ARHGAP23",0.102862255388178,0.473550530249356
"ENSG00000275894",NA,-0.0242782650714838,0.93659404942583
"ENSG00000276170","LOC101929494",-0.124809205221404,0.382412004256945
"ENSG00000276384",NA,0.061146816864048,0.834794649956205
"ENSG00000277170",NA,0.0539614946806079,0.85827861393799
"ENSG00000277182","LOC100287808",0.409495887631179,0.115835520017478
"ENSG00000277283","RAB35-AS1",-0.403963728255065,0.0585626097557979
"ENSG00000277462","ZNF670",0.198922055969784,0.27500077561328
"ENSG00000277476",NA,0.188403337192637,0.451644362525361
"ENSG00000277602",NA,0.321453720531842,0.142536220830509
"ENSG00000278376",NA,0.41061530537767,0.0491858171737679
"ENSG00000278626",NA,0.133630438058922,0.600653243694249
"ENSG00000278730",NA,0.144881625003749,0.482207196309577
"ENSG00000278828","H3C10",0.284047822029055,0.176676449564895
"ENSG00000278847",NA,-0.221789984003418,0.371037975045234
"ENSG00000278948",NA,0.200089487310982,0.369056762534001
"ENSG00000279086",NA,-0.228474219954289,0.36452577351119
"ENSG00000279088","LOC124902453",0.538336998019166,0.000246618424348175
"ENSG00000279118",NA,-0.30588009878579,0.235917545553231
"ENSG00000279208",NA,0.851142678215463,0.000111742143164341
"ENSG00000279342",NA,-0.267577206260001,0.280887620700065
"ENSG00000279367",NA,0.164897323716381,0.46582892501501
"ENSG00000279495",NA,-0.15521494852953,0.428371800739039
"ENSG00000279673",NA,0.745848496413643,0.00013089884416816
"ENSG00000279739",NA,-0.03709607576862,0.902989296111468
"ENSG00000279903",NA,-0.0169215962644867,0.953340845385781
"ENSG00000280333",NA,0.0776114124868489,0.769697204204765
"ENSG00000280356",NA,0.0100737874563674,0.972729201697931
"ENSG00000280789","PAGR1",-0.465006581082216,0.000563756107904061
"ENSG00000280798","LINC00294",0.228183600196677,0.155464647287001
"ENSG00000281649","EBLN3P",0.057660211912392,0.632123199971689
"ENSG00000283122","HYMAI",0.488323178949054,0.0685190972593334
"ENSG00000283959","LOC101927245",0.226121388299499,0.355371336983398
"ENSG00000284602",NA,0.201461626606896,0.421128944607839
"ENSG00000284753","EEF1AKMT4",0.704233855231746,1.66601536606192e-07
"ENSG00000285077","ARHGAP11B",-0.320826113961267,0.21156579595414
"ENSG00000285278","TFAP2A-AS2",0.478556346356893,0.0268812071264266
"ENSG00000285410","GABPB1-IT1",-0.126884338428021,0.428620709404311
"ENSG00000285533","RELA-DT",-0.27868316236962,0.235185769619205
"ENSG00000286048",NA,2.79701437330167,2.45699528080404e-07
"ENSG00000286106","NOTCH2NLR",0.0497349160943999,0.863047043792805
"ENSG00000286145",NA,0.202986338534452,0.400063263557267
"ENSG00000286532","PARTICL",-0.207312559115901,0.374018931069521
"ENSG00000286828",NA,-0.441073488378337,0.0723489667994481
"ENSG00000286909",NA,0.0253363991443772,0.935922909748857
"ENSG00000286964",NA,-0.135817047727783,0.596420838411757
"ENSG00000287001",NA,-1.97489100606064,1.37708909452278e-07
"ENSG00000287158","LOC105377188",2.59162990290884,1.78473096622108e-10
"ENSG00000287263",NA,0.218101006828201,0.380352786276761
"ENSG00000287774",NA,-0.690530476456623,0.000114521723360227
"ENSG00000287804",NA,1.28197554488327,0.00742394648523881
"ENSG00000288061",NA,-0.147532747011657,0.558431272994115
"ENSG00000288752",NA,0.139196540918298,0.405378029702651
"ENSG00000288764",NA,0.159064788585463,0.521467248909409
"ENSG00000288829",NA,-0.660622808527446,0.000433495480774175
"ENSG00000288924",NA,0.00237318989423715,0.992176059550387
"ENSG00000288938",NA,0.75694876587632,0.0197328520938373
"ENSG00000289047","LOC100294145",0.521125866936331,0.000134995857071966
"ENSG00000289190",NA,1.15173678114459,0.00018172609765053
"ENSG00000289223",NA,-0.212016689222462,0.35628868399426
"ENSG00000289268",NA,-0.0882456046657445,0.687066406345326
"ENSG00000289285",NA,-0.24764161366141,0.311705766090174
"ENSG00000289393",NA,0.180757274673444,0.37814554418059
"ENSG00000289440",NA,0.260040871738893,0.238654571496918
"ENSG00000289552",NA,0.0839868462959415,0.751360669823875
"ENSG00000289586","LOC105377294",0.407009157184192,0.0557131705743034
"ENSG00000289721","PYDC5",-0.169437315862978,0.500462338970194
"ENSG00000289938",NA,0.357546823735414,0.162596448076396
"ERCC-00002",NA,0.366817415325436,0.165356613373766
"ERCC-00003",NA,0.58709525725032,0.0637520988218983
"ERCC-00004",NA,0.402367495212213,0.140962433357823
"ERCC-00009",NA,0.57473783020921,0.0664048425233169
"ERCC-00019",NA,0.309026011264776,0.235116468809508
"ERCC-00022",NA,0.833564796311589,0.0192834024494882
"ERCC-00025",NA,0.457578846384509,0.106392231674649
"ERCC-00035",NA,0.479760607188583,0.0945805381964879
"ERCC-00042",NA,0.759176710013705,0.0307987212494567
"ERCC-00043",NA,0.64613529819679,0.0498737911006731
"ERCC-00044",NA,0.210506778054913,0.400063263557267
"ERCC-00046",NA,0.405800119954577,0.139117659258443
"ERCC-00051",NA,0.75191081040383,0.0295896702189225
"ERCC-00060",NA,0.620578403414321,0.0521752024400013
"ERCC-00062",NA,0.778707682522131,0.0241244824952106
"ERCC-00071",NA,0.791144174036004,0.0284062917892475
"ERCC-00074",NA,0.387477715437467,0.151077173665976
"ERCC-00076",NA,0.567411711805502,0.0626648100767827
"ERCC-00079",NA,0.348164318276978,0.190693959564358
"ERCC-00092",NA,0.887528006899321,0.0165095064209226
"ERCC-00095",NA,0.753726470707899,0.0263298098379214
"ERCC-00096",NA,0.369854136745941,0.162796587899585
"ERCC-00108",NA,0.474446732372627,0.104440022372875
"ERCC-00111",NA,1.03564797861789,0.0116189614558054
"ERCC-00112",NA,0.605342956020407,0.046711818389133
"ERCC-00113",NA,0.526691099312138,0.0826930049403007
"ERCC-00116",NA,0.236707209539053,0.348321405967089
"ERCC-00130",NA,0.351256383774129,0.177394354715272
"ERCC-00131",NA,0.284512216364927,0.267351475247667
"ERCC-00136",NA,0.502324741869302,0.0922464537546347
"ERCC-00144",NA,0.24492959996521,0.32948766509879
"ERCC-00145",NA,0.730356589118586,0.0344778965880539
"ERCC-00162",NA,0.391426745122042,0.153338246101264
"ERCC-00165",NA,0.279017237289705,0.276694247992391
"ERCC-00171",NA,0.420233468820565,0.131071749163041
"SIRV1",NA,0.391681230269889,0.148632283860603
"SIRV2",NA,0.419969603218165,0.13118800750815
"SIRV3",NA,0.403009725307728,0.139279305002294
"SIRV4",NA,0.386757210274669,0.151532885983576
"SIRV5",NA,0.362803659846618,0.168299816929015
"SIRV6",NA,0.359507111527828,0.169220266689755
"SIRV7",NA,0.403626877250413,0.141722510247227
