"ENSEMBL","SYMBOL_wt","log2FC_wt","padj_wt","SYMBOL_KO","log2FC_KO","padj_KO"
"ENSG00000001036","FUCA2",0.475467780016755,6.76356029684387e-07,"FUCA2",0.329161044533581,0.000478888317106166
"ENSG00000001084","GCLC",0.39837135657229,0.00642312994795765,"GCLC",0.281492779813416,0.0479050284975893
"ENSG00000001460","STPG1",0.752591741271577,2.62127823399617e-08,"STPG1",0.814474915830999,7.21419941990379e-09
"ENSG00000001461","NIPAL3",1.28009234250237,5.42331005327221e-19,"NIPAL3",1.13235345250551,3.73535872919688e-14
"ENSG00000002330","BAD",0.62204203470137,1.04697834055015e-07,"BAD",0.809517324775774,1.09999497777611e-11
"ENSG00000002586","CD99",0.336596512455786,5.59580235372682e-05,"CD99",0.292512647944137,0.000490156688306141
"ENSG00000003249","DBNDD1",0.949884711456031,8.84626811496611e-06,"DBNDD1",1.32820919290144,1.38277448599144e-10
"ENSG00000003400","CASP10",0.625044739402059,0.00974768586389905,"CASP10",0.748614510358303,0.0018823561322443
"ENSG00000003402","CFLAR",0.462294551973639,0.000183246289017825,"CFLAR",0.295889318588644,0.0206550773576892
"ENSG00000005020","SKAP2",0.297734305643217,0.00654124179323451,"SKAP2",0.406493741945177,0.000112690428495287
"ENSG00000005238","ATOSB",1.24943226413601,2.3620189152075e-17,"ATOSB",0.872946093933417,1.47989032835544e-08
"ENSG00000005469","CROT",0.934083529323085,6.85908427821071e-13,"CROT",0.829535550419623,8.68799451449815e-11
"ENSG00000005486","RHBDD2",0.421404980964093,0.00191698327710282,"RHBDD2",0.333055254220709,0.0127246220623006
"ENSG00000006015","REX1BD",0.575438148809413,1.31734511852242e-06,"REX1BD",0.56887708712003,1.53834831355258e-06
"ENSG00000006125","AP2B1",0.276522259423484,0.000276763183110139,"AP2B1",0.204124781801476,0.0104415296943355
"ENSG00000006638","TBXA2R",0.911047338492378,0.0002962191592497,"TBXA2R",1.04097616584154,0.000353509515638137
"ENSG00000006715","VPS41",0.384194281651674,7.90246657553678e-05,"VPS41",0.413290894343991,1.60926872607071e-05
"ENSG00000006756","ARSD",0.858419961079951,1.02791981451423e-07,"ARSD",0.46879191066086,0.0323440873430453
"ENSG00000007047","MARK4",0.832782174625077,1.32793608024803e-10,"MARK4",0.664017952518834,3.82198991440104e-07
"ENSG00000007866","TEAD3",0.521254748044061,0.000215143668489746,"TEAD3",0.746941339652318,1.46896474198424e-07
"ENSG00000008283","CYB561",0.953099231903841,5.31323959729759e-15,"CYB561",1.00265517117775,8.90403305031495e-12
"ENSG00000008300","CELSR3",0.733569597579293,0.000292534985905122,"CELSR3",0.564948077281911,0.00159175651710163
"ENSG00000008394","MGST1",0.785647098810831,4.45270566042891e-19,"MGST1",0.316708197916447,0.000532243026868121
"ENSG00000008517","IL32",1.124620209096,0.000287541755941736,"IL32",0.947511810029201,0.00253309193875665
"ENSG00000008838","MED24",0.351998109910914,0.00643895159143006,"MED24",0.358372671125608,0.0045566654407577
"ENSG00000008869","HEATR5B",0.493084153510194,0.00014989360241179,"HEATR5B",0.385425543701597,0.00285035900571612
"ENSG00000009780","FAM76A",0.312318210474432,0.0148030014229523,"FAM76A",0.571986863899756,4.54163104840458e-07
"ENSG00000010295","IFFO1",0.952047198480112,2.08451760182348e-15,"IFFO1",0.791898650398799,2.91922969600191e-10
"ENSG00000011009","LYPLA2",0.860595677513536,1.18776574690086e-27,"LYPLA2",0.343640012830822,3.69046833089681e-05
"ENSG00000011132","APBA3",0.380365105347044,0.0146716944557417,"APBA3",0.377273323395135,0.0139225643356899
"ENSG00000011295","TTC19",0.341577452116739,0.000535273174062589,"TTC19",0.28277226046903,0.0046641323917802
"ENSG00000011454","RABGAP1",0.200986938526772,0.0053528565991226,"RABGAP1",0.190409626703915,0.00774460464325511
"ENSG00000012171","SEMA3B",1.50176830299352,1.07617999497192e-09,"SEMA3B",0.925231356443712,2.16799624303699e-05
"ENSG00000012211","PRICKLE3",0.880554039255717,1.95790181952459e-08,"PRICKLE3",0.343384694630086,0.0294595045915366
"ENSG00000012822","CALCOCO1",1.15633455342601,4.84989133248139e-07,"CALCOCO1",0.878573478096632,0.000213703751236513
"ENSG00000013016","EHD3",1.04199058111223,3.38666279124506e-14,"EHD3",0.379501786225408,0.00551958663360299
"ENSG00000013364","MVP",1.1886831324125,7.86078202659965e-14,"MVP",1.08530225048189,2.95905148941956e-11
"ENSG00000013375","PGM3",0.158171613228569,0.0168220104189328,"PGM3",0.33411614856963,1.94923937571779e-08
"ENSG00000013563","DNASE1L1",0.903942747125412,1.55484529170918e-12,"DNASE1L1",0.350609380907921,0.0071062329538322
"ENSG00000013583","HEBP1",0.575294601980499,1.28493311133394e-10,"HEBP1",0.48632920721676,1.07217133207072e-07
"ENSG00000014216","CAPN1",0.66161184587849,1.59627221149582e-09,"CAPN1",0.313197167523879,0.00616254649714366
"ENSG00000014914","MTMR11",0.551677983014824,8.67106760157165e-07,"MTMR11",0.34844073759557,0.00219120878602426
"ENSG00000015532","XYLT2",0.376858605089619,0.000175104651608963,"XYLT2",0.266170416064176,0.0114748664924131
"ENSG00000018189","RUFY3",0.361367296637327,0.00247730015481856,"RUFY3",0.295365384676768,0.0146369111088176
"ENSG00000019144","PHLDB1",0.634812611721989,4.56565687600957e-07,"PHLDB1",0.386921257032969,0.00236033703127297
"ENSG00000023330","ALAS1",0.721590165371551,6.61457235068801e-09,"ALAS1",0.872718251040874,8.4980555685113e-12
"ENSG00000023902","PLEKHO1",0.276130282748695,0.0292625086102595,"PLEKHO1",0.296409676933964,0.015675978302486
"ENSG00000024422","EHD2",0.477328994266903,0.000102032625464689,"EHD2",0.607161432972256,5.92891817295305e-07
"ENSG00000026103","FAS",1.03245179015497,1.53137993836735e-14,"FAS",1.24836475636717,1.33279966144738e-20
"ENSG00000026297","RNASET2",0.783716277253286,1.85421075175153e-09,"RNASET2",0.332871398606603,0.0195805899201531
"ENSG00000026751","SLAMF7",0.85321806532233,1.93342237498954e-05,"SLAMF7",0.42819226115682,0.0218907041391282
"ENSG00000028203","VEZT",0.315922814804439,1.26542333418057e-05,"VEZT",0.233421314151526,0.00218384958043054
"ENSG00000028277","POU2F2",1.11647935886035,2.06476719094104e-09,"POU2F2",0.944467903230295,3.76682148480258e-07
"ENSG00000030110","BAK1",0.363414782835725,0.00408373931451961,"BAK1",0.421402851852572,0.00052734065033834
"ENSG00000030582","GRN",0.678367830337885,3.34322683621984e-09,"GRN",0.411648221332236,0.000353879821934403
"ENSG00000032219","ARID4A",0.472998667777203,5.64250451563721e-06,"ARID4A",0.747768513213177,2.38566418549051e-13
"ENSG00000032444","PNPLA6",0.879201419649491,6.42847849540057e-10,"PNPLA6",0.792069462875083,7.93909796611913e-08
"ENSG00000033327","GAB2",0.582836877465204,0.00465536502372691,"GAB2",1.04534485581698,6.71388195099625e-06
"ENSG00000033627","ATP6V0A1",0.701480098615914,1.29536835809375e-08,"ATP6V0A1",0.950093668792311,4.61786116590072e-13
"ENSG00000037042","TUBG2",0.798333429092354,1.6269045916789e-06,"TUBG2",0.381562192418822,0.0169803524095181
"ENSG00000039523","RIPOR1",0.434584309372964,5.78277018266588e-05,"RIPOR1",0.519627011066864,9.8479030937333e-07
"ENSG00000040487","SLC66A1",0.382008733414464,0.00353271326506895,"SLC66A1",0.559455488353635,1.4173617959121e-05
"ENSG00000041353","RAB27B",1.07657553357066,2.42422899476493e-10,"RAB27B",0.55334413297431,0.000498651213395118
"ENSG00000041880","PARP3",0.680557797361218,2.59481532265415e-10,"PARP3",0.508280020562607,2.30522511608316e-06
"ENSG00000042286","AIFM2",0.960309223339034,1.15215188797117e-10,"AIFM2",0.790331482378887,1.72769709043774e-07
"ENSG00000042317","SPATA7",1.08226990833388,2.33918604476345e-06,"SPATA7",1.15701716778413,1.38436973723862e-06
"ENSG00000042445","RETSAT",0.936910041233565,3.08325440136928e-25,"RETSAT",0.773020564971314,2.46106129572899e-17
"ENSG00000042493","CAPG",1.14486959621897,2.8697163251225e-17,"CAPG",0.819732690877427,8.80905273504587e-10
"ENSG00000044090","CUL7",0.763703835909825,6.7564083770156e-07,"CUL7",0.306163847581842,0.0448801866796891
"ENSG00000046604","DSG2",0.517628944966326,1.71842450786778e-09,"DSG2",0.6332401971722,8.23124658892849e-14
"ENSG00000047249","ATP6V1H",0.407502431475806,1.04940362389594e-05,"ATP6V1H",0.370476086199216,0.000123556366017655
"ENSG00000047346","ATOSA",0.594133315878471,0.000156382157653996,"ATOSA",0.852736152527281,7.68385315103327e-08
"ENSG00000048052","HDAC9",0.445804444816832,0.0198957354473932,"HDAC9",0.795647039766674,4.62317952813281e-05
"ENSG00000048140","TSPAN17",0.285479404253579,0.00822428311533911,"TSPAN17",0.439851162128827,2.98054539424442e-05
"ENSG00000048392","RRM2B",0.8252519280939,1.07802809255211e-08,"RRM2B",1.24561846682187,5.82280681054398e-17
"ENSG00000048471","SNX29",0.846930602019003,8.14710920652866e-09,"SNX29",0.59260435327245,5.17946462516462e-05
"ENSG00000049130","KITLG",0.374324099173733,0.0264161381296791,"KITLG",0.372663860682153,0.0231929138645924
"ENSG00000049245","VAMP3",0.294491352666181,0.000775858869156347,"VAMP3",0.412585297157896,1.71241778906851e-06
"ENSG00000050165","DKK3",0.611240456162602,5.43238955038761e-08,"DKK3",0.316440375034967,0.00778610741383982
"ENSG00000050405","LIMA1",0.504589163375276,2.55985423449745e-06,"LIMA1",0.500561073368533,2.65850831627424e-06
"ENSG00000051620","HEBP2",0.387728888740113,1.11921702884737e-07,"HEBP2",0.291669749822606,9.7736564554942e-05
"ENSG00000054148","PHPT1",0.56731606253772,4.60078709454184e-05,"PHPT1",0.392245775144582,0.00396911704005673
"ENSG00000054793","ATP9A",0.633155971746802,8.30635674796532e-06,"ATP9A",1.51787646655565,2.76534278727823e-18
"ENSG00000055163","CYFIP2",0.383137661925564,0.0253684999487885,"CYFIP2",1.03421303759052,4.53532253501296e-09
"ENSG00000056558","TRAF1",0.721790327009602,0.000892582845361548,"TRAF1",1.28557930291511,7.68746782931623e-08
"ENSG00000056972","TRAF3IP2",0.6860770656814,7.25645221836989e-10,"TRAF3IP2",0.736882779493815,2.63622750785467e-10
"ENSG00000058668","ATP2B4",0.814585688255868,3.06066199550191e-05,"ATP2B4",1.29139183691556,5.07869768551803e-10
"ENSG00000058866","DGKG",0.756484902676024,1.24647378539036e-06,"DGKG",0.624201127993535,1.12501603547533e-05
"ENSG00000059122","FLYWCH1",0.631826749185668,2.78729451659844e-06,"FLYWCH1",0.858429594012391,1.17712614717221e-09
"ENSG00000059804","SLC2A3",0.374651262253483,0.00424876520614228,"SLC2A3",0.276116240331252,0.0394609029912489
"ENSG00000060140","STYK1",0.784656231376753,0.00250158586267372,"STYK1",0.471230079483489,0.0430017888952753
"ENSG00000061938","TNK2",0.483015157184036,5.69327677183481e-05,"TNK2",0.489256288118525,3.72528566187417e-05
"ENSG00000062598","ELMO2",0.521340878698466,0.000133542498778988,"ELMO2",0.278688657812936,0.0486680509738074
"ENSG00000062725","APPBP2",0.23371719223261,0.0248065156258905,"APPBP2",0.361987930957617,0.000309109408959172
"ENSG00000063322","MED29",0.361767346417239,0.000338150274411458,"MED29",0.257882647803161,0.0121451041777922
"ENSG00000063660","GPC1",0.632513452306971,3.69000839871259e-07,"GPC1",1.19674243385302,2.62472711755377e-21
"ENSG00000064115","TM7SF3",0.577671492552448,1.69382133591781e-07,"TM7SF3",0.597481887933672,5.49277613769154e-08
"ENSG00000064313","TAF2",0.331156132738626,1.5425398822691e-07,"TAF2",0.188065570237929,0.00652730775487265
"ENSG00000064393","HIPK2",0.38931945154821,0.004875777597946,"HIPK2",0.596215329793805,8.92082373607773e-06
"ENSG00000064545","TMEM161A",0.420635352607929,4.19606447953511e-05,"TMEM161A",0.332093531208524,0.00191955885578559
"ENSG00000064601","CTSA",0.422074627457711,4.15305696953654e-06,"CTSA",0.214325813284564,0.0354726152652607
"ENSG00000065054","NHERF2",0.513179441919593,7.86003374122681e-08,"NHERF2",0.722831057605009,2.14068645726772e-14
"ENSG00000065357","DGKA",1.72952004607943,6.41663872849423e-110,"DGKA",1.90374667791507,1.02961006926581e-133
"ENSG00000065491","TBC1D22B",0.503065303598783,0.000727416235973983,"TBC1D22B",0.421556703411741,0.00512637967719746
"ENSG00000065534","MYLK",0.38933863463706,0.000892582845361548,"MYLK",0.302899484587999,0.010048472318711
"ENSG00000065923","SLC9A7",0.571421109902185,8.76247502876547e-11,"SLC9A7",0.241023436239629,0.0112472980478086
"ENSG00000066056","TIE1",0.599954809574599,0.000878007142686712,"TIE1",0.574502987196362,0.000994354690501055
"ENSG00000066322","ELOVL1",0.440995271076066,7.39780867131007e-05,"ELOVL1",0.386832977211596,0.000533627726872872
"ENSG00000066933","MYO9A",0.252879647616905,0.0142201213390558,"MYO9A",0.466305449348151,8.44436137716636e-07
"ENSG00000067082","KLF6",0.460905218951151,0.000604507094393683,"KLF6",0.632254165601521,1.93817625631736e-06
"ENSG00000067113","PLPP1",0.823296474538072,1.72687878569037e-07,"PLPP1",0.437085733987551,0.00720670223328381
"ENSG00000067208","EVI5",0.302194657512237,0.0183421325806018,"EVI5",0.274697041207537,0.0305067702254932
"ENSG00000067369","TP53BP1",0.33405900970025,9.22690385148863e-05,"TP53BP1",0.48212093352216,8.31472247377133e-09
"ENSG00000067829","IDH3G",0.3358862450215,0.000810823929347564,"IDH3G",0.214447954389822,0.0439161183600762
"ENSG00000067836","ROGDI",0.968904837851375,3.97010428938737e-07,"ROGDI",1.32167451540931,1.71564498536181e-09
"ENSG00000068079","IFI35",1.09651710354978,3.54250756142055e-11,"IFI35",0.449529385169997,0.00313150843822733
"ENSG00000068120","COASY",0.390613297518845,1.43402134750655e-06,"COASY",0.250087366927296,0.00356820090273447
"ENSG00000068400","GRIPAP1",0.363786824824354,0.000145594143706861,"GRIPAP1",0.32724340224801,0.000548922147996606
"ENSG00000068745","IP6K2",0.684140437293179,4.99478264934778e-15,"IP6K2",0.39749421294921,1.0856702040493e-05
"ENSG00000068903","SIRT2",0.652060511783279,3.79013390303418e-05,"SIRT2",0.725124631735373,8.81010713301145e-06
"ENSG00000068971","PPP2R5B",1.18462396378627,4.87797640424816e-08,"PPP2R5B",1.22737085270332,2.06814094906974e-07
"ENSG00000069020","MAST4",0.818441076266142,3.58887375727383e-12,"MAST4",1.27631327398307,6.05293319791618e-28
"ENSG00000069812","HES2",1.55866270061466,1.56329747467131e-05,"HES2",1.95658649515735,1.15413866210687e-05
"ENSG00000069966","GNB5",0.214054301213689,0.0244188610782667,"GNB5",0.281643989452575,0.00125083238984271
"ENSG00000070010","UFD1",0.288939481308496,5.15138682583292e-05,"UFD1",0.23107219791907,0.00162774384479905
"ENSG00000070081","NUCB2",0.356843068874332,0.00125960764435925,"NUCB2",0.735400793177455,7.17741912408715e-12
"ENSG00000070501","POLB",0.426311379224937,0.000228757282308364,"POLB",0.491685198251403,1.4803500278292e-05
"ENSG00000070540","WIPI1",1.42260192978399,1.28315658644886e-17,"WIPI1",0.582062179617134,0.000273202253519882
"ENSG00000070882","OSBPL3",0.227278195542612,0.0364418608608031,"OSBPL3",0.64619688553232,4.97231228185354e-11
"ENSG00000071859","FAM50A",0.571957130803921,1.6451323008255e-07,"FAM50A",0.727396802462418,5.55169580048191e-11
"ENSG00000071889","FAM3A",0.607627712902524,1.91747319502931e-08,"FAM3A",0.519127464088317,2.13587110609714e-06
"ENSG00000071967","CYBRD1",0.805750097372503,1.04866313358124e-10,"CYBRD1",0.716459062686593,2.44128358965847e-10
"ENSG00000072121","ZFYVE26",0.471213646190485,0.00327507967401915,"ZFYVE26",0.641097744769797,3.3498775357399e-05
"ENSG00000072134","EPN2",0.340282002886007,0.00253782156340252,"EPN2",0.33523984178584,0.00228015471078583
"ENSG00000072210","ALDH3A2",0.483159357877371,1.82289222899575e-05,"ALDH3A2",1.2803137321776,3.91893844620033e-31
"ENSG00000072682","P4HA2",0.727304998965807,1.64693238017825e-08,"P4HA2",0.709395647475263,9.28799911499037e-08
"ENSG00000072778","ACADVL",0.397878390326578,4.34966799527642e-07,"ACADVL",0.250157432411394,0.00196877454670234
"ENSG00000073050","XRCC1",0.389809784885748,0.000618292634058628,"XRCC1",1.06574143162613,1.73777521924056e-22
"ENSG00000073150","PANX2",1.02695043140119,2.47343752473107e-06,"PANX2",0.687659860763601,0.00124507934922614
"ENSG00000074842","MYDGF",0.350326141881624,0.000184885854170867,"MYDGF",0.2542702325821,0.012657875592077
"ENSG00000074855","ANO8",0.758308492071738,8.61146790909413e-08,"ANO8",0.641313368880468,4.15099015096578e-06
"ENSG00000074964","ARHGEF10L",0.504097815018607,0.00259910122540236,"ARHGEF10L",0.395777923355889,0.0200389393314704
"ENSG00000075391","RASAL2",0.291078933904745,0.00240184347016776,"RASAL2",0.419828228633204,3.9254990492636e-06
"ENSG00000075399","VPS9D1",1.11791087680552,3.11517614370711e-13,"VPS9D1",0.609357985280841,8.19008201240519e-05
"ENSG00000075651","PLD1",0.813400987673154,4.93745271452039e-05,"PLD1",0.695643332800518,0.00026648339924605
"ENSG00000075945","KIFAP3",0.688400238556295,1.77853684948417e-09,"KIFAP3",0.631922389875708,4.89802575426728e-08
"ENSG00000076108","BAZ2A",0.203542483669879,0.0257756346441412,"BAZ2A",0.474655783924601,1.7481557035073e-08
"ENSG00000076201","PTPN23",0.322041675794791,0.000250274465338816,"PTPN23",0.360290133276671,3.87899778797482e-05
"ENSG00000076321","KLHL20",0.475717049876643,1.95232500833098e-07,"KLHL20",0.243273192545908,0.0167056068432435
"ENSG00000076604","TRAF4",0.299253317034417,0.0148022661382808,"TRAF4",0.370012488362742,0.00157351310395657
"ENSG00000076641","PAG1",0.68566292644721,3.34852409819231e-08,"PAG1",0.748258228637777,1.09457176152423e-10
"ENSG00000076662","ICAM3",0.90712057159448,2.62911133444356e-11,"ICAM3",0.66748303023665,3.98090839066614e-07
"ENSG00000077150","NFKB2",0.768332048772304,2.22242803821377e-08,"NFKB2",0.563943056325876,2.6921852163432e-05
"ENSG00000077232","DNAJC10",0.317750317671196,1.54284181957708e-05,"DNAJC10",0.185476288400298,0.0187913354660193
"ENSG00000077721","UBE2A",0.406830557571218,1.65882976016374e-05,"UBE2A",0.248090887273323,0.0126041324141027
"ENSG00000078018","MAP2",0.516616169000173,0.049082838177816,"MAP2",0.890339911157246,0.00182022142075839
"ENSG00000078237","TIGAR",0.392165993495329,0.0129445579105284,"TIGAR",0.30137960335968,0.0480265202679873
"ENSG00000078902","TOLLIP",0.59158233659003,2.04322482668702e-09,"TOLLIP",0.356125699434636,0.00063411071760791
"ENSG00000078967","UBE2D4",0.317811535602323,0.0255966785988541,"UBE2D4",0.410101407061556,0.00246920031997403
"ENSG00000079277","MKNK1",0.439376949268683,0.000368481746837882,"MKNK1",0.325993900612169,0.00896578173191566
"ENSG00000079432","CIC",0.323551680342326,0.0205212354947537,"CIC",0.577508677637743,1.00487033758165e-05
"ENSG00000079950","STX7",0.504662317643063,3.57164678322526e-06,"STX7",0.581630870314871,2.68865053673389e-07
"ENSG00000079974","RABL2B",0.511410199133591,1.70696043648454e-05,"RABL2B",0.349979833059339,0.00551958663360299
"ENSG00000080546","SESN1",0.708351823269193,1.60907396532478e-08,"SESN1",1.17582040207985,3.1562062653669e-20
"ENSG00000080561","MID2",0.493664423426567,0.00117026486268378,"MID2",0.735418385420804,3.20269266163504e-06
"ENSG00000081177","EXD2",0.726224155475377,6.17266027916784e-07,"EXD2",0.503079769122513,0.000402452551137109
"ENSG00000081189","MEF2C",0.847972994439935,2.37419892306855e-06,"MEF2C",0.702272331102944,3.99764046384633e-05
"ENSG00000083223","TUT7",0.584152576177001,1.46498257891144e-07,"TUT7",0.343595829809113,0.00255771748646156
"ENSG00000083799","CYLD",0.560392151491987,2.09132923457498e-07,"CYLD",0.447182912847712,3.55207724807407e-05
"ENSG00000084070","SMAP2",0.436088295708106,3.51758673738419e-06,"SMAP2",0.309388726219262,0.00123168779513523
"ENSG00000084112","SSH1",0.477036694527842,5.75288888547104e-05,"SSH1",0.609264197317467,2.27763264427627e-07
"ENSG00000084207","GSTP1",0.277138460667478,0.000446970219606802,"GSTP1",0.248650529922929,0.00195696793900937
"ENSG00000084693","AGBL5",0.767449166757262,4.60426491088811e-16,"AGBL5",0.727566128688199,4.52246484235417e-14
"ENSG00000084731","KIF3C",0.747557073759591,5.9857083504715e-07,"KIF3C",0.864188025466971,1.02615180637115e-08
"ENSG00000084754","HADHA",0.301012296706821,4.29676057097333e-07,"HADHA",0.212794177669028,0.000706929241784851
"ENSG00000084764","MAPRE3",0.69449310120612,9.17799259516874e-06,"MAPRE3",0.733610657581367,5.23086155869552e-06
"ENSG00000085117","CD82",0.460695489573441,0.00117034912974119,"CD82",0.519513576479445,0.000163584135637237
"ENSG00000085185","BCORL1",0.364274232518728,0.0149292235502901,"BCORL1",0.643135905221922,1.49882599519036e-05
"ENSG00000085365","SCAMP1",0.63479437741572,1.19410100535472e-19,"SCAMP1",0.274936315918724,0.000273196873275315
"ENSG00000085433","WDR47",0.591023200239762,0.000455788203916686,"WDR47",1.16660046947138,4.11945260152618e-11
"ENSG00000085662","AKR1B1",0.491657589246824,4.3169089662131e-14,"AKR1B1",0.34196725660501,2.60096592161531e-07
"ENSG00000085871","MGST2",0.579104779949183,0.0393860166998942,"MGST2",1.4935721036003,0.00025450733819704
"ENSG00000085998","POMGNT1",0.703772795986731,1.10709861502503e-14,"POMGNT1",0.408951151170641,1.72923845443824e-05
"ENSG00000086102","NFX1",0.225497907665759,0.000355584182067558,"NFX1",0.288469437887926,3.92580980620224e-06
"ENSG00000086289","EPDR1",0.30539555835491,0.000929297700240637,"EPDR1",0.249125308012148,0.00875271867884403
"ENSG00000087008","ACOX3",0.716226393993561,9.54210255517138e-10,"ACOX3",0.351679604718012,0.00731598085651125
"ENSG00000087077","TRIP6",0.655368141499916,5.02605418757769e-18,"TRIP6",0.449677513536558,5.13135517594516e-09
"ENSG00000087086","FTL",1.25371535714831,2.90324729090542e-27,"FTL",1.02724125003934,2.38031235294253e-18
"ENSG00000087088","BAX",0.40017623946224,0.0166891324718423,"BAX",1.03023793237125,2.08384589800364e-09
"ENSG00000087842","PIR",0.940057715204501,1.32829867544587e-11,"PIR",0.595842332956633,7.93263156130837e-06
"ENSG00000088367","EPB41L1",0.370547467300505,0.00138415574845655,"EPB41L1",0.405159363702462,0.000361516561692168
"ENSG00000088854","DNAAF9",0.904931964520739,1.64761864968455e-06,"DNAAF9",0.639122965110503,0.000354255451153695
"ENSG00000088888","MAVS",0.500210489884593,7.99796535979794e-07,"MAVS",0.624483515513942,5.04537981774594e-10
"ENSG00000088986","DYNLL1",0.214641313541082,0.00154482388420986,"DYNLL1",0.145891314739548,0.0444393937293907
"ENSG00000089289","IGBP1",0.595558086155819,1.03523134847869e-11,"IGBP1",0.260641691332565,0.0051330000134821
"ENSG00000089351","GRAMD1A",0.439096288060857,1.80726150708822e-06,"GRAMD1A",0.298737268438672,0.00163157241473862
"ENSG00000089486","CDIP1",0.366230434582137,0.00157913852122114,"CDIP1",0.829764225724234,2.4573932515911e-13
"ENSG00000089639","GMIP",1.20249992732353,1.87566401041731e-09,"GMIP",0.686281827676522,0.000884410169474651
"ENSG00000089693","MLF2",0.352406750276658,4.79163235384609e-06,"MLF2",0.195794936647848,0.0192542978591288
"ENSG00000089723","OTUB2",1.4320627272613,1.26174449449524e-15,"OTUB2",0.720897572128292,2.95978457274817e-05
"ENSG00000089916","GPATCH2L",0.406357762069257,1.6991559981921e-05,"GPATCH2L",0.303991754684469,0.00162389917982022
"ENSG00000090013","BLVRB",1.4658014148176,1.11130616434927e-38,"BLVRB",1.37309322709774,9.00329561950993e-32
"ENSG00000090020","SLC9A1",0.634853117350296,6.44058585535311e-06,"SLC9A1",1.01690788886969,2.2716552664027e-12
"ENSG00000090097","PCBP4",0.676404005664894,3.57806433035948e-09,"PCBP4",0.765880872060878,3.90127254418417e-11
"ENSG00000090238","YPEL3",1.40683763237659,1.01273573569356e-11,"YPEL3",0.948324397929724,2.43139541959583e-06
"ENSG00000090512","FETUB",1.18322331034146,9.45059875385161e-05,"FETUB",1.46449648760163,5.49076093000198e-06
"ENSG00000090776","EFNB1",0.571164072072777,3.87126473272643e-07,"EFNB1",0.92098212412089,7.708014296027e-18
"ENSG00000091129","NRCAM",0.429933540699387,0.0381878808866703,"NRCAM",0.683060150788043,0.000345093289059994
"ENSG00000091844","RGS17",0.601473529471054,2.24761648044392e-05,"RGS17",0.751757260769483,3.05163376511552e-08
"ENSG00000092203","TOX4",0.260173421224119,9.3318858308469e-05,"TOX4",0.16565882242617,0.0211180444455627
"ENSG00000092531","SNAP23",0.393634828874948,0.000216385595178328,"SNAP23",0.340663392517564,0.00138727515321958
"ENSG00000095059","DHPS",0.326523027729196,0.0160623280169362,"DHPS",0.404197501242962,0.00151832389309361
"ENSG00000095139","ARCN1",0.269825751432107,0.000112248828309962,"ARCN1",0.165248332199551,0.0296137420067378
"ENSG00000095321","CRAT",0.782337404660601,1.11965799172836e-07,"CRAT",0.591862593944171,8.93516570424564e-05
"ENSG00000095383","TBC1D2",0.698203262796455,4.63150010031164e-07,"TBC1D2",0.442710325236794,0.0015597424518906
"ENSG00000095539","SEMA4G",1.73184004246446,1.25124739496998e-08,"SEMA4G",0.689989453950577,0.0112227173829477
"ENSG00000095970","TREM2",4.53606396657924,6.42894412690513e-11,"TREM2",2.1123454102817,4.77992191204548e-08
"ENSG00000099337","KCNK6",1.01123846250312,1.94004114986989e-08,"KCNK6",1.23772732464654,1.825812724928e-09
"ENSG00000099364","FBXL19",0.342088905596941,0.0400836123367145,"FBXL19",0.405199163937195,0.0102444116256345
"ENSG00000099377","HSD3B7",1.76406579243652,4.64153288729738e-17,"HSD3B7",1.25600440286132,3.84685581445777e-09
"ENSG00000099814","CEP170B",0.489408393675372,0.000108847152229784,"CEP170B",0.847595717910073,3.52710344678866e-11
"ENSG00000099889","ARVCF",0.640765242778149,0.0232028754235099,"ARVCF",0.899486859662988,0.00118371731942556
"ENSG00000099940","SNAP29",0.217035076570631,0.00252130872003439,"SNAP29",0.243594808427432,0.000488499460867317
"ENSG00000099968","BCL2L13",0.320991926471485,2.09776304494069e-05,"BCL2L13",0.302393916680937,0.000106249124777046
"ENSG00000100075","SLC25A1",0.485656968784162,5.97098452487719e-06,"SLC25A1",0.574321174675026,1.0198049457498e-07
"ENSG00000100092","SH3BP1",0.468353382909292,8.59265351677056e-05,"SH3BP1",0.325693533224041,0.0062565438473698
"ENSG00000100151","PICK1",0.533568585919783,0.000288159073154143,"PICK1",0.582911543635424,0.000183163415144659
"ENSG00000100196","KDELR3",0.605773772507733,0.000252814782098288,"KDELR3",0.532978522596892,0.00124558031574697
"ENSG00000100243","CYB5R3",0.343582108471437,8.10499849848502e-07,"CYB5R3",0.448262053385422,8.4612276057098e-11
"ENSG00000100246","DNAL4",0.976444817919526,6.49599233061478e-10,"DNAL4",0.40926190772947,0.0231640684930124
"ENSG00000100284","TOM1",0.847035044089015,7.3505084391071e-08,"TOM1",0.633465868929403,0.000150139280655634
"ENSG00000100292","HMOX1",1.33497934124295,6.7884267400123e-06,"HMOX1",2.09177844644546,4.19195992640478e-10
"ENSG00000100299","ARSA",0.69491026928292,0.000295411054065237,"ARSA",0.651104708404022,0.000563229693683228
"ENSG00000100300","TSPO",0.383110638470524,3.42602379220743e-07,"TSPO",0.225128195554796,0.00548804900440713
"ENSG00000100319","ZMAT5",0.893313837807221,3.2375796666077e-12,"ZMAT5",0.661934839488438,6.77605034698539e-07
"ENSG00000100321","SYNGR1",0.425767609826887,0.023436229806401,"SYNGR1",0.849372290197591,2.31762136391099e-05
"ENSG00000100342","APOL1",1.03966398282961,1.185098977557e-10,"APOL1",0.801180908722647,5.35857629438048e-07
"ENSG00000100347","SAMM50",0.439932968358196,2.20382674138639e-14,"SAMM50",0.184165655682903,0.0051031361952731
"ENSG00000100359","SGSM3",0.611159822310187,0.00669083719285273,"SGSM3",0.474989188404139,0.0231734660702345
"ENSG00000100364","KIAA0930",0.504416143895281,1.26529016485551e-09,"KIAA0930",0.632512676892518,1.56936622275995e-13
"ENSG00000100379","KCTD17",0.371630109602805,0.00119846713369744,"KCTD17",0.245837752416409,0.0463851343232134
"ENSG00000100417","PMM1",0.842479055257114,4.52343899456202e-13,"PMM1",0.734290620747643,5.05428696083308e-10
"ENSG00000100418","DESI1",0.421798560463829,7.78781978552386e-07,"DESI1",0.266268345419006,0.00390537624602474
"ENSG00000100429","HDAC10",0.50736705826427,0.00413108476200524,"HDAC10",0.514508178836234,0.00251746209383529
"ENSG00000100439","ABHD4",1.01852148977817,3.8183530143644e-07,"ABHD4",1.32561133548157,5.63312440495975e-10
"ENSG00000100485","SOS2",0.32532247464732,0.0145532106391553,"SOS2",0.630611446757021,4.22109641164011e-07
"ENSG00000100612","DHRS7",0.960380810746318,9.66416616109602e-16,"DHRS7",0.836334041797722,4.85302417375899e-12
"ENSG00000100647","SUSD6",0.48040921692837,0.000740273851667121,"SUSD6",0.600357051007635,1.42336059193337e-05
"ENSG00000100767","PAPLN",1.13986191752319,8.33604126251155e-05,"PAPLN",0.569170459293979,0.0191178682589845
"ENSG00000100804","PSMB5",0.398500293621476,3.5447534957925e-09,"PSMB5",0.15736023999378,0.0377361512928065
"ENSG00000100949","RABGGTA",0.647091618550889,6.62286864039148e-09,"RABGGTA",0.697393934636613,8.66656598427674e-10
"ENSG00000100983","GSS",0.467304117197482,2.38152142467709e-08,"GSS",0.335685899403532,9.74953232412949e-05
"ENSG00000101000","PROCR",0.88824949742436,1.39082310802152e-16,"PROCR",0.464704153910768,3.71492068631345e-05
"ENSG00000101079","NDRG3",0.615098784182324,6.4961413224865e-09,"NDRG3",0.453594325235701,2.94407990786737e-05
"ENSG00000101290","CDS2",0.36033349944868,0.000615103062892922,"CDS2",0.341626256317694,0.00113768080819663
"ENSG00000101400","SNTA1",0.695910358460392,1.02626137357591e-05,"SNTA1",0.734786855037327,9.47911850048611e-06
"ENSG00000101417","PXMP4",0.504082812345338,0.000432527864193395,"PXMP4",0.635807957989068,9.02088118323e-06
"ENSG00000101844","ATG4A",0.713474607570259,1.33528531729154e-07,"ATG4A",0.651078399860247,5.28492159548457e-06
"ENSG00000101940","WDR13",0.379231637094592,5.55658331321416e-05,"WDR13",0.559339304481463,1.01001775881354e-09
"ENSG00000101997","CCDC22",0.464088778237065,0.00108089536961431,"CCDC22",0.371841035533326,0.0101299170430184
"ENSG00000102038","SMARCA1",0.755715618967156,4.82180258507319e-09,"SMARCA1",0.470460105782258,0.000200427852520123
"ENSG00000102174","PHEX",0.426758734506599,0.0136273076484632,"PHEX",0.718696842898646,9.13499468662993e-06
"ENSG00000102178","UBL4A",0.289659608423514,0.000792092027896261,"UBL4A",0.30505840407521,0.000338735300266852
"ENSG00000102225","CDK16",0.216264962240595,0.0345838959346569,"CDK16",0.313936384976235,0.00117648084151369
"ENSG00000102226","USP11",0.335533451683636,0.000242712890566492,"USP11",0.283995315299485,0.00210167193124177
"ENSG00000102271","KLHL4",0.467948970517385,0.0245323760472318,"KLHL4",0.411149055666078,0.0305930017357372
"ENSG00000102316","MAGED2",1.22229283022003,1.90922957141502e-31,"MAGED2",0.668450866925428,1.48714133723519e-10
"ENSG00000102385","DRP2",0.590990637720837,2.03472546157656e-05,"DRP2",0.514259157956724,0.00014763816934139
"ENSG00000102393","GLA",0.541220906863229,4.62697168788804e-07,"GLA",0.472578548736088,1.23249280666636e-05
"ENSG00000102401","ARMCX3",0.845690469622571,2.82941992324901e-14,"ARMCX3",0.477864569710792,2.95978457274817e-05
"ENSG00000102452","NALCN",0.470734723855069,0.0102432896718974,"NALCN",0.55894554688484,0.0014014923100575
"ENSG00000102524","TNFSF13B",1.36006809477038,3.20389500227339e-13,"TNFSF13B",1.25755998760917,6.67933949242765e-07
"ENSG00000102547","CAB39L",1.27245523427043,4.15044240682196e-09,"CAB39L",0.492441315271301,0.0116710681535341
"ENSG00000102554","KLF5",0.306236056744558,0.0257788125039762,"KLF5",0.796203420321462,2.35182557563269e-10
"ENSG00000102575","ACP5",1.15602163162504,0.000589597103750763,"ACP5",0.844535697485091,0.00483996701351245
"ENSG00000102781","KATNAL1",0.495873291259845,4.33909921326432e-06,"KATNAL1",1.08215272495695,1.54670997822905e-23
"ENSG00000102804","TSC22D1",0.654985286326227,8.5275025082856e-06,"TSC22D1",0.508419169470786,0.000359730229286845
"ENSG00000102870","ZNF629",0.408658040964818,0.00186991370829742,"ZNF629",0.291418446254986,0.0262304874742224
"ENSG00000102871","TRADD",1.03888505114889,1.33048349405421e-16,"TRADD",0.797344519914476,3.0645043842171e-09
"ENSG00000102882","MAPK3",0.842198186949632,5.06684875472598e-14,"MAPK3",0.704761656344355,6.42425561745139e-10
"ENSG00000102893","PHKB",0.390329151692367,6.93783347931458e-06,"PHKB",0.404931694974443,1.54404315156309e-06
"ENSG00000102931","ARL2BP",0.448324427628203,1.32096503383735e-05,"ARL2BP",0.680735927214829,1.38956453385176e-11
"ENSG00000102934","PLLP",0.683783143136017,0.0189950391120459,"PLLP",0.717657789798993,0.009925754644915
"ENSG00000103034","NDRG4",2.04621658501602,7.8877657467542e-18,"NDRG4",1.551755448677,1.08459076657046e-07
"ENSG00000103042","SLC38A7",0.737532211103955,2.08314480527977e-06,"SLC38A7",0.328202821918069,0.0356614613996152
"ENSG00000103066","PLA2G15",0.556291305219158,4.71336298033099e-05,"PLA2G15",0.504982585455182,0.000213545486251598
"ENSG00000103160","HSDL1",0.234828281631709,0.0297087582646231,"HSDL1",0.252226874174225,0.0175115174683669
"ENSG00000103253","HAGHL",1.09390176226838,1.37017308006263e-10,"HAGHL",0.778040167228637,5.08459228477237e-06
"ENSG00000103266","STUB1",0.652559808351157,3.95671965626119e-14,"STUB1",0.336620185739748,0.000174233107748846
"ENSG00000103351","CLUAP1",0.264598065956986,0.00917143554465516,"CLUAP1",0.226462566650246,0.0243879419950179
"ENSG00000103415","HMOX2",0.264850670062417,0.00147190153839893,"HMOX2",0.251740256382681,0.00306567099163356
"ENSG00000103485","QPRT",1.23656131447705,0.000147239017128022,"QPRT",0.948294932613238,0.00226804582985937
"ENSG00000103496","STX4",0.553313947028663,4.98289372875856e-10,"STX4",0.239614505814371,0.0131564708500626
"ENSG00000103502","CDIPT",0.571243686402064,2.62307857128147e-10,"CDIPT",0.274085273316621,0.00422291564668245
"ENSG00000103507","BCKDK",0.490966152181803,2.88121097342282e-08,"BCKDK",0.208855684751003,0.03356547711798
"ENSG00000104237","RP1",0.56932665023839,0.0228504630285842,"RP1",0.513667203309043,0.0285790635738781
"ENSG00000104365","IKBKB",0.273659370737239,0.0466354321880273,"IKBKB",0.279379579291236,0.037175206000133
"ENSG00000104419","NDRG1",0.630556195321972,0.0015306023687192,"NDRG1",0.730196213614106,0.000208327164132558
"ENSG00000104427","ZC2HC1A",0.384302561834941,0.00332844048467389,"ZC2HC1A",0.540564938853011,1.14243486057938e-05
"ENSG00000104687","GSR",0.156085478329883,0.0494097916020276,"GSR",0.429872960270602,1.64011073748658e-09
"ENSG00000104783","KCNN4",0.440528071220141,1.37415240448548e-06,"KCNN4",0.40233459813749,7.19828716182228e-06
"ENSG00000104805","NUCB1",0.494187394519377,3.04655847259169e-06,"NUCB1",0.342391122186742,0.00136383143451328
"ENSG00000104833","TUBB4A",1.48539067953999,9.56230775388371e-05,"TUBB4A",1.39075932818122,0.0006431323683601
"ENSG00000104856","RELB",0.713460165934492,6.35685562433373e-05,"RELB",0.401888072268017,0.0175776286291811
"ENSG00000104870","FCGRT",1.71216481054715,1.07630520038018e-08,"FCGRT",0.504877325597103,0.0237297340341618
"ENSG00000104957","YJU2B",0.734546944828176,1.58836906203295e-08,"YJU2B",0.403813600847078,0.00153441110380551
"ENSG00000104960","PTOV1",0.258659702273587,0.0276885635082626,"PTOV1",0.230997902904368,0.0464825776280344
"ENSG00000104964","TLE5",0.485735839735184,3.2735176912109e-09,"TLE5",0.475181606419988,7.30969571806058e-09
"ENSG00000104973","MED25",0.497672712493075,0.000975352756565715,"MED25",0.335481970457046,0.0251079957726531
"ENSG00000104976","SNAPC2",0.388162230010993,0.00013023936548093,"SNAPC2",0.433805926476008,1.61605949507475e-05
"ENSG00000105048","TNNT1",0.465198873671677,0.00071451679607395,"TNNT1",0.620715362500533,4.50008912937939e-06
"ENSG00000105171","POP4",0.291861247043583,0.00287022135339979,"POP4",0.273122639824008,0.00573854526524078
"ENSG00000105245","NUMBL",0.472262884959934,0.000298047690346021,"NUMBL",0.701217351174874,1.23071357080812e-07
"ENSG00000105246","EBI3",1.43823895667546,5.15953262779266e-05,"EBI3",0.805741019719571,0.00612357587150673
"ENSG00000105255","FSD1",0.387731664950464,0.0239774142732222,"FSD1",0.667034643971095,0.000574211137009193
"ENSG00000105287","PRKD2",0.64900356023875,8.47330835555996e-07,"PRKD2",1.11953948293545,5.62860186742058e-16
"ENSG00000105290","APLP1",1.6864216670659,1.15993329402751e-06,"APLP1",0.894510172854469,0.00476346792529378
"ENSG00000105327","BBC3",0.459176268472911,0.00157364276603397,"BBC3",0.999955942250601,1.5550982640741e-11
"ENSG00000105373","NOP53",0.339936937207761,3.90128214069318e-05,"NOP53",0.333455324081082,6.02359234211061e-05
"ENSG00000105383","CD33",0.586933545585702,0.000105210388199669,"CD33",0.298161443543254,0.041152350397455
"ENSG00000105397","TYK2",0.213498421334939,0.0122237959343044,"TYK2",0.314792895803077,0.000102678977128513
"ENSG00000105404","RABAC1",1.16541963463397,8.94928378882543e-19,"RABAC1",0.886799370632246,6.19265745394211e-11
"ENSG00000105438","KDELR1",0.430225707682784,1.24908615474132e-06,"KDELR1",0.313201537880221,0.000563229693683228
"ENSG00000105483","CARD8",0.257237869364369,0.0450280701262139,"CARD8",0.599071999364301,4.33740608835591e-07
"ENSG00000105518","TMEM205",0.70095451124742,3.46798089374793e-06,"TMEM205",0.638479767684747,0.000136085428300385
"ENSG00000105519","CAPS",2.27265578458624,9.62765755945397e-09,"CAPS",0.739537746616321,0.0109380400599698
"ENSG00000105520","PLPPR2",1.13981182339294,2.44345893965477e-10,"PLPPR2",0.476490758179904,0.0078074498775375
"ENSG00000105556","MIER2",0.572548024071367,2.73001534006433e-05,"MIER2",0.588015969452026,5.07277936516958e-06
"ENSG00000105612","DNASE2",1.35692369151291,2.2623813867409e-12,"DNASE2",1.36707939844611,3.81523061980483e-06
"ENSG00000105649","RAB3A",0.542349641817787,0.0226300678655591,"RAB3A",1.21324121660904,0.000370074561552945
"ENSG00000105699","LSR",1.18187368075709,4.8513696845987e-09,"LSR",1.24765092513185,1.0528243391404e-09
"ENSG00000105701","FKBP8",0.50317829744333,3.55147963974141e-05,"FKBP8",0.316068007880429,0.0113511455817334
"ENSG00000105755","ETHE1",0.617960033556953,2.85792563663326e-08,"ETHE1",0.260422603998875,0.0335807120681193
"ENSG00000105851","PIK3CG",0.758050350886105,0.00351715980510924,"PIK3CG",0.950957135389026,0.000160183489682957
"ENSG00000105928","GSDME",0.555502025340696,5.78488038726566e-08,"GSDME",0.246062984650048,0.0239653693885722
"ENSG00000105953","OGDH",0.555249704497033,1.43396225022717e-06,"OGDH",0.685327515293575,2.07133865372526e-09
"ENSG00000105971","CAV2",0.620576977241891,2.43704121834868e-11,"CAV2",0.704955223489753,3.15067049546548e-14
"ENSG00000106080","FKBP14",0.509372936331543,9.98702578455199e-10,"FKBP14",0.244817470237592,0.00821930019870151
"ENSG00000106330","MOSPD3",1.01836095028291,7.24754033141572e-18,"MOSPD3",0.414494401054952,0.000636258430689724
"ENSG00000106367","AP1S1",0.755597366001617,1.9243963769684e-06,"AP1S1",0.82023682212474,2.97905960027787e-07
"ENSG00000106524","ANKMY2",0.315721642601458,0.000198142940444982,"ANKMY2",0.370041286305452,1.24982605993817e-05
"ENSG00000106605","BLVRA",0.663507363309727,1.05723872784136e-09,"BLVRA",0.922506585755318,4.24742022924139e-12
"ENSG00000106733","NMRK1",0.907615984978888,2.74857086004905e-05,"NMRK1",0.450746872324365,0.0360860752808489
"ENSG00000106780","MEGF9",0.314894296943265,0.0369261488071565,"MEGF9",0.826943682061035,1.8337660121311e-09
"ENSG00000106789","CORO2A",0.813554995197604,8.96982956552256e-15,"CORO2A",0.828275500190404,1.42577743169845e-15
"ENSG00000106853","PTGR1",1.11283455004122,4.09523887544976e-12,"PTGR1",1.05460588175139,4.40002483517744e-11
"ENSG00000106992","AK1",1.43475913005825,2.55284250817252e-23,"AK1",1.03338351130005,5.19627371430497e-12
"ENSG00000107021","TBC1D13",0.263479920476203,0.0219927728091392,"TBC1D13",0.36151901314234,0.00139220165727142
"ENSG00000107105","ELAVL2",0.641000340995296,0.0126649940081936,"ELAVL2",0.86336689376963,0.000103591465061544
"ENSG00000107175","CREB3",0.65705364750707,2.16114568274185e-09,"CREB3",0.543177486425279,1.04167143812575e-06
"ENSG00000107223","EDF1",0.301008215533355,3.82503609520323e-06,"EDF1",0.224900202145088,0.000915270091218313
"ENSG00000107281","NPDC1",0.611826084615654,6.95415949397922e-09,"NPDC1",0.388667327151577,0.000143122221484151
"ENSG00000107282","APBA1",1.10277734122247,0.000222466055665233,"APBA1",1.620853084449,1.07940114217315e-06
"ENSG00000107537","PHYH",1.06767898475514,9.85717359413749e-13,"PHYH",0.751180283802049,2.06498378137715e-06
"ENSG00000107745","MICU1",0.539150325690656,2.26785825652629e-09,"MICU1",0.464584256902423,1.38696316254434e-07
"ENSG00000107796","ACTA2",1.07169769026118,2.39232219892042e-06,"ACTA2",0.916311248499081,5.43353442811036e-05
"ENSG00000107798","LIPA",0.642814197951198,4.2443870641105e-08,"LIPA",0.354016474589804,0.00628347675080683
"ENSG00000107816","LZTS2",0.616677407476833,7.22525211616415e-06,"LZTS2",0.471963628679161,0.000419189146319636
"ENSG00000107819","SFXN3",0.565799427442739,2.96728783687248e-07,"SFXN3",0.465211681270431,2.00481396877972e-05
"ENSG00000107821","KAZALD1",0.588045176955077,0.000454171929501447,"KAZALD1",0.651112182810649,3.16964357103452e-05
"ENSG00000107829","FBXW4",0.597706973098092,0.0002118472697723,"FBXW4",0.484232057813956,0.00224898612186658
"ENSG00000107863","ARHGAP21",0.329142248544124,0.00425209260339757,"ARHGAP21",0.829858098642191,9.73222310766696e-14
"ENSG00000107872","FBXL15",0.533935955724084,5.63232734921801e-05,"FBXL15",0.286534762928617,0.0379382740075265
"ENSG00000107874","CUEDC2",0.590810454198834,1.48839125914644e-06,"CUEDC2",0.296813643419874,0.0207569894352553
"ENSG00000107897","ACBD5",0.258324263619997,0.0278370585426683,"ACBD5",0.37005536673745,0.000709521046075732
"ENSG00000107957","SH3PXD2A",0.746330543128699,0.000339127861052791,"SH3PXD2A",0.631054743081143,0.00129295651032969
"ENSG00000107959","PITRM1",0.246917712181147,0.00987667861855973,"PITRM1",0.260296079081095,0.0057967182767123
"ENSG00000108370","RGS9",1.38392906303616,9.04722340101084e-11,"RGS9",1.28907458361711,3.21724344667876e-11
"ENSG00000108439","PNPO",0.529414181178436,2.79972434081589e-08,"PNPO",0.253301550119208,0.0133523352403724
"ENSG00000108448",NA,0.748410830040559,2.69337546407249e-09,NA,0.434967235049086,0.000410650730792363
"ENSG00000108509","CAMTA2",0.341642770585004,0.0170815254998311,"CAMTA2",0.430879665170966,0.00155225112448421
"ENSG00000108602","ALDH3A1",3.43653511155466,4.45775342345765e-08,"ALDH3A1",2.83020312936841,3.8318268337728e-06
"ENSG00000108622","ICAM2",0.912586739353208,1.16061069372281e-07,"ICAM2",0.374172964227574,0.010179024950638
"ENSG00000108639","SYNGR2",0.325611008544339,0.0111878757912801,"SYNGR2",0.301540284190643,0.0176843083011545
"ENSG00000108797","CNTNAP1",0.879552840216142,5.70682758088034e-06,"CNTNAP1",0.643469916712633,0.000465450209145802
"ENSG00000108828","VAT1",1.29396713970378,1.1511041677553e-35,"VAT1",1.23194721065844,4.08459538543684e-32
"ENSG00000108861","DUSP3",0.75950439497511,7.28839397739848e-14,"DUSP3",0.469074022263921,5.2694720221601e-06
"ENSG00000109079","TNFAIP1",0.37150937755886,6.93479812092313e-06,"TNFAIP1",0.2047804536685,0.0233741325003987
"ENSG00000109321","AREG",0.904108702784855,2.78455541042852e-05,"AREG",1.35042277660658,8.0093190369181e-15
"ENSG00000109501","WFS1",0.409420303100332,0.00107049482478856,"WFS1",0.601108356656438,1.03573577573483e-06
"ENSG00000109586","GALNT7",0.24028559760953,0.0473745113555388,"GALNT7",0.571374791088457,2.80046208932068e-07
"ENSG00000109775","UFSP2",0.34640366871226,7.64180346208576e-05,"UFSP2",0.280668117554483,0.00169237733694832
"ENSG00000109814","UGDH",0.540187835989044,1.17089215688342e-07,"UGDH",1.04048566587508,7.4196779169999e-25
"ENSG00000109944","JHY",1.06288517382704,2.15465537044655e-06,"JHY",0.458833088828411,0.0232762675735098
"ENSG00000110011","DNAJC4",0.619628301421422,0.000517017483142296,"DNAJC4",0.70500293997007,4.82951534067228e-05
"ENSG00000110031","LPXN",1.62297948427301,3.97173115325013e-24,"LPXN",0.984619797851977,4.94295040156272e-10
"ENSG00000110046","ATG2A",0.956976194698047,1.13622215544683e-12,"ATG2A",0.634017309231935,4.56374621227241e-06
"ENSG00000110090","CPT1A",0.598019659110732,0.000229649043657705,"CPT1A",0.61464411527513,7.33628829301257e-05
"ENSG00000110092","CCND1",0.616092755889764,2.52900091923286e-06,"CCND1",0.469612937328306,0.000274735463193691
"ENSG00000110171","TRIM3",0.757187337556614,0.000178382824315845,"TRIM3",0.914380839958654,6.02151154110614e-06
"ENSG00000110318","CEP126",0.925620231260723,4.56296035937391e-10,"CEP126",1.03968123885536,1.30582819717054e-11
"ENSG00000110492","MDK",0.813673898400929,0.00186114391321224,"MDK",0.732126238514948,0.00878717332075712
"ENSG00000110628","SLC67A1",1.79857470765081,1.11288025419038e-12,"SLC67A1",0.551446524922496,0.0106023204311506
"ENSG00000110717","NDUFS8",0.39753503285119,8.75784784414008e-10,"NDUFS8",0.186534879278533,0.00845630080521033
"ENSG00000110841","PPFIBP1",0.341659835458918,0.000797473464295551,"PPFIBP1",0.387358651044487,0.000101367104728179
"ENSG00000110925","CSRNP2",0.399782123175292,0.0029820569698994,"CSRNP2",0.303796290510803,0.0231248660920302
"ENSG00000111237","VPS29",0.215484641354551,0.0419534503967373,"VPS29",0.323650708520093,0.000973371314160537
"ENSG00000111269","CREBL2",0.716880209941658,1.10614347935382e-15,"CREBL2",0.692917206171165,1.49154301780412e-14
"ENSG00000111275","ALDH2",0.97004676376048,1.04214403406652e-09,"ALDH2",0.400039130885938,0.00825434529897713
"ENSG00000111321","LTBR",0.621819065077764,5.74442134628379e-09,"LTBR",0.432253788473783,6.82250342653007e-05
"ENSG00000111328","CDK2AP1",0.206746454528153,0.0160258103110654,"CDK2AP1",0.311582953070686,0.000162728146903322
"ENSG00000111481","COPZ1",0.370841201043472,2.13130943488734e-10,"COPZ1",0.178364779176813,0.00861918140917512
"ENSG00000111540","RAB5B",0.734066820571461,1.97117110137871e-11,"RAB5B",0.282614827952018,0.0172666242266901
"ENSG00000111615","KRR1",0.251567249791937,0.00117327018872111,"KRR1",0.228921665911426,0.00337302723105144
"ENSG00000111667","USP5",0.30089356838209,0.000101307018831822,"USP5",0.265880686829815,0.000787162779593747
"ENSG00000111671","SPSB2",0.994235333268699,1.92415850446573e-13,"SPSB2",0.538388524939666,5.7112419628759e-05
"ENSG00000111684","LPCAT3",0.613202275149736,5.88370367889647e-05,"LPCAT3",0.737171538655333,2.72678566761893e-06
"ENSG00000111726","CMAS",0.291563809582633,0.000371337952368969,"CMAS",0.184704733525702,0.0369080690661679
"ENSG00000111727","HCFC2",0.540769982188512,0.000437236844630787,"HCFC2",0.725261717000923,1.99894672712185e-06
"ENSG00000111846","GCNT2",0.530128261791737,7.60054547952833e-05,"GCNT2",1.08716577955458,1.02550521472052e-14
"ENSG00000111860","CEP85L",0.279867568923849,0.0110609500427569,"CEP85L",0.470916686843252,4.14217871890798e-06
"ENSG00000111911","HINT3",0.34898113811552,0.0169756145334913,"HINT3",0.689649139740897,1.10093148536622e-06
"ENSG00000112137","PHACTR1",0.833536747562559,1.52029803263867e-06,"PHACTR1",0.536008652165468,0.00169209822120673
"ENSG00000112297","CRYBG1",0.202943063927275,0.0109350871503041,"CRYBG1",0.685364814159393,1.46205862349865e-23
"ENSG00000112343","TRIM38",0.574448196200627,9.62578514898735e-10,"TRIM38",0.435781464814049,4.24618256352431e-06
"ENSG00000112367","FIG4",1.04468593499246,1.20692428367516e-14,"FIG4",0.511369762426138,4.30163880215776e-05
"ENSG00000112378","PERP",0.263586624542818,0.00228967239539827,"PERP",0.344542243394057,4.89703763952466e-05
"ENSG00000112511","PHF1",0.718064097126766,5.36795696632068e-09,"PHF1",0.847650768773923,5.33246985456371e-12
"ENSG00000112659","CUL9",0.44353854479884,0.00547954248819717,"CUL9",0.401442092185711,0.0101807106221603
"ENSG00000112773","TENT5A",0.531388559645834,2.47442393318595e-05,"TENT5A",1.17995823113352,3.90905484792017e-21
"ENSG00000112992","NNT",0.499577635128787,0.000385557971178135,"NNT",0.333308763976182,0.0149936632628133
"ENSG00000113083","LOX",1.16776344659409,9.27583773821245e-19,"LOX",1.04867591898522,1.25058186574992e-15
"ENSG00000113328","CCNG1",0.60229996283937,5.08567588994848e-08,"CCNG1",0.53319305921101,2.12061867271333e-06
"ENSG00000113441","LNPEP",0.224310973111265,0.00534307584400935,"LNPEP",0.270796615901869,0.000581295159566038
"ENSG00000113742","CPEB4",0.410992237090008,0.00126404817295227,"CPEB4",0.556149751740928,8.70674219906887e-06
"ENSG00000113758","DBN1",0.311214489562699,0.000122735239446646,"DBN1",0.19843769308935,0.0231771050142012
"ENSG00000113812","ACTR8",0.461029758921623,1.96816216980442e-07,"ACTR8",0.367970600515988,4.95365540352415e-05
"ENSG00000114026","OGG1",0.320540556674501,0.00285901217616082,"OGG1",0.32251731755939,0.00169702694970215
"ENSG00000114268","PFKFB4",0.944874816033321,1.91548993318624e-06,"PFKFB4",0.489182244477026,0.00632742897124384
"ENSG00000114316","USP4",0.367320489331873,1.81977937700263e-05,"USP4",0.349229660814839,5.47616361906575e-05
"ENSG00000114353","GNAI2",0.260548647113998,0.000538696893829682,"GNAI2",0.253665424643304,0.000883239891426856
"ENSG00000114374","USP9Y",0.348511621022738,0.00061395974268041,"USP9Y",0.252184534852079,0.0168430036283286
"ENSG00000114383","TUSC2",0.662024883447955,1.04378650391975e-16,"TUSC2",0.328941094809255,9.05771948498719e-05
"ENSG00000114423","CBLB",0.760341654545825,1.78407077495256e-05,"CBLB",0.40468688265528,0.0150404167405391
"ENSG00000114480","GBE1",0.460582947334946,2.13657547557462e-05,"GBE1",0.292635805216818,0.0101829516298237
"ENSG00000114573","ATP6V1A",0.638728304014649,2.32478445371342e-19,"ATP6V1A",0.272297104437557,0.000308107152837964
"ENSG00000114626","ABTB1",0.395497987874285,0.00871182895449676,"ABTB1",0.428476726077472,0.00102062387193655
"ENSG00000114670","NEK11",0.476500137863733,0.0191774825588871,"NEK11",0.953851894255056,9.2829544617934e-06
"ENSG00000114698","PLSCR4",0.951602883523811,3.22988421211615e-06,"PLSCR4",0.529257249099538,0.00348087951807688
"ENSG00000114738","MAPKAPK3",0.394084728279702,0.00117876037722083,"MAPKAPK3",0.275026747931322,0.0269033240005201
"ENSG00000114770","ABCC5",0.216357403795849,0.0264023075673059,"ABCC5",0.292663470028641,0.00261617573163011
"ENSG00000114923","SLC4A3",0.845473367459426,2.54834343393378e-05,"SLC4A3",0.88268107682455,3.87178930619405e-05
"ENSG00000114993","RTKN",0.819881448529409,9.52275900958502e-12,"RTKN",0.354873426911146,0.00302607542395942
"ENSG00000115008","IL1A",1.85311972194942,7.44011099970265e-19,"IL1A",0.369750677611982,0.0452652807150951
"ENSG00000115129","TP53I3",1.3967836780978,3.53843002063339e-20,"TP53I3",1.23938690682825,1.14811221370297e-15
"ENSG00000115145","STAM2",0.492304385858385,4.16748873851284e-06,"STAM2",0.347551477264879,0.00114751565004194
"ENSG00000115194","SLC30A3",0.684765237275675,8.38506123353091e-05,"SLC30A3",0.956569466118239,8.71014686871218e-08
"ENSG00000115211","EIF2B4",0.252931524936155,0.00504015259422245,"EIF2B4",0.237484203894176,0.00970674847781425
"ENSG00000115216","NRBP1",0.254860888376136,0.0172140278985617,"NRBP1",0.330152596159518,0.00159157300628066
"ENSG00000115226","FNDC4",0.606439031515952,0.0315847834326008,"FNDC4",0.798064464291962,0.0062176312679507
"ENSG00000115234","SNX17",0.548669265552752,7.28561323380545e-12,"SNX17",0.18916285550271,0.0370364292061779
"ENSG00000115239","ASB3",0.470173554119873,1.13526980744986e-06,"ASB3",0.271598011844989,0.00750774889225582
"ENSG00000115274","INO80B",0.817481898175639,5.26061850130814e-07,"INO80B",0.655265010665941,5.49187842684893e-05
"ENSG00000115275","MOGS",0.551803046653905,3.01086758238551e-08,"MOGS",0.451573704491042,6.41594929070601e-06
"ENSG00000115289","PCGF1",0.705905044438306,1.21611333966734e-05,"PCGF1",0.328979055102519,0.0391591005878814
"ENSG00000115317","HTRA2",0.326267145640858,0.00116408139689049,"HTRA2",0.412458793744247,1.91419402647227e-05
"ENSG00000115415","STAT1",0.233608159518347,0.00554397189463105,"STAT1",0.229110563096955,0.00596623494501299
"ENSG00000115419","GLS",0.380963879919008,0.000471751022910347,"GLS",0.522245894692002,7.52158455524225e-07
"ENSG00000115561","CHMP3",0.334095450035989,3.27757475970345e-08,"CHMP3",0.144127389798191,0.0344650759316123
"ENSG00000115641","FHL2",0.693766817007445,4.64022953772748e-09,"FHL2",0.761565852294804,1.91559314843081e-10
"ENSG00000115762","PLEKHB2",0.363612430036789,6.24161659279215e-10,"PLEKHB2",0.144747104988972,0.0322180812698005
"ENSG00000115993","TRAK2",0.38090106502895,0.000737210456002951,"TRAK2",0.411875160242358,0.000160604354268407
"ENSG00000116005","PCYOX1",0.58370970410542,3.99514041359334e-09,"PCYOX1",0.500371744750139,6.02836001886083e-07
"ENSG00000116016","EPAS1",0.429964220246606,0.00019883573585744,"EPAS1",0.300685591989121,0.00980024071207322
"ENSG00000116017","ARID3A",0.483955393436669,0.00151785326991661,"ARID3A",0.866282172948038,8.88600123697897e-08
"ENSG00000116138","DNAJC16",0.378477468903408,0.000414114180898811,"DNAJC16",0.227556376674611,0.0478813131353633
"ENSG00000116171","SCP2",0.722794855512393,1.90482182628899e-11,"SCP2",0.325807552560544,0.00483228836375003
"ENSG00000116299","ELAPOR1",1.19185197653838,2.03982305106707e-11,"ELAPOR1",1.55083350918051,2.77492281155338e-18
"ENSG00000116514","RNF19B",0.338700446979005,0.0191922362347517,"RNF19B",0.899364039180598,2.48757429919143e-11
"ENSG00000116521","SCAMP3",0.413393404729586,1.0195977340069e-06,"SCAMP3",0.260015464112473,0.00361846202656962
"ENSG00000116586","LAMTOR2",0.635998768293921,4.92903807647172e-07,"LAMTOR2",0.265214845460699,0.0442034232251964
"ENSG00000116661","FBXO2",1.14843565749064,0.000905554270358719,"FBXO2",1.18987994948663,0.00147988277359322
"ENSG00000116668","SWT1",0.54274477137462,0.00734631849892379,"SWT1",0.58043300535998,0.00263256354671815
"ENSG00000116701","NCF2",0.514942759450511,0.00458249350573656,"NCF2",0.401660562796954,0.0174958444441674
"ENSG00000116704","SLC35D1",0.395620777358659,0.000468321404005636,"SLC35D1",0.4729212561915,2.03252303195049e-05
"ENSG00000116717","GADD45A",0.362094425708239,0.00297753387374449,"GADD45A",0.958108479391777,1.54948300744921e-15
"ENSG00000116793","PHTF1",0.330549151059694,0.00788995660294937,"PHTF1",0.464310936310334,6.68606630335094e-05
"ENSG00000116809","ZBTB17",0.339060427838772,0.00446991408845223,"ZBTB17",0.27519499891026,0.0290533499962718
"ENSG00000116903","EXOC8",0.482579589649468,0.000662998879510245,"EXOC8",0.377359702853085,0.00667798615182601
"ENSG00000116954","RRAGC",0.506080313278818,0.00012990171658261,"RRAGC",0.428927309397205,0.000933890616249439
"ENSG00000116977","LGALS8",0.824938026822385,4.61688498293221e-19,"LGALS8",0.686995105160262,8.42108621657994e-14
"ENSG00000117139","KDM5B",0.538212749043412,1.03346335713039e-06,"KDM5B",0.436363877297531,0.000102194818137138
"ENSG00000117226","GBP3",0.502941846268508,0.0002611782503507,"GBP3",0.41343369532433,0.00218384958043054
"ENSG00000117280","RAB29",0.565682184234494,4.09224313987691e-08,"RAB29",0.307285112794113,0.00422260504697379
"ENSG00000117362","APH1A",0.291659343918446,0.00178356441921597,"APH1A",0.223933268740396,0.0203687264492972
"ENSG00000117408","IPO13",0.670536125305546,5.87741197362115e-07,"IPO13",0.450783940945275,0.00094196147701409
"ENSG00000117448","AKR1A1",0.297627957894483,0.00308559254344166,"AKR1A1",0.312643169210664,0.00141838117980717
"ENSG00000117472","TSPAN1",0.657828239457408,0.0105509068190384,"TSPAN1",0.70887606522617,0.00486778320864393
"ENSG00000117477","CCDC181",0.462760080318194,0.00997512836647533,"CCDC181",0.360913548966689,0.0368871211020812
"ENSG00000117602","RCAN3",0.656168675780168,9.36188470251155e-09,"RCAN3",1.19011944297473,1.83273578622502e-26
"ENSG00000117640","MTFR1L",0.457837158266602,3.28341364058554e-05,"MTFR1L",0.257793722065875,0.0279574881703155
"ENSG00000117676","RPS6KA1",0.470095051179164,0.000387128588169752,"RPS6KA1",0.935346706579751,4.39606253444981e-12
"ENSG00000117682","DHDDS",0.651866751885474,2.08566073356823e-09,"DHDDS",0.50134030833004,6.94086977235729e-06
"ENSG00000117691","NENF",0.390910356844243,3.21600662827445e-05,"NENF",0.378128753391881,5.7112419628759e-05
"ENSG00000117758","STX12",0.575238253055744,5.36001973818163e-12,"STX12",0.315099478987749,0.00049135051315308
"ENSG00000117859","OSBPL9",0.320615908613031,0.00249389106310557,"OSBPL9",0.400723098053154,7.37898384498279e-05
"ENSG00000117868","ESYT2",0.19154532553003,0.0136664197311414,"ESYT2",0.248199511315328,0.000836780775622495
"ENSG00000117984","CTSD",0.79512437284934,4.69152676917424e-12,"CTSD",0.353811286924633,0.00226299943693332
"ENSG00000118407","FILIP1",0.426947796081812,0.0409843540997936,"FILIP1",0.608606031865422,0.0042778717939054
"ENSG00000118518","RNF146",0.733801513309398,6.28398660576253e-08,"RNF146",0.382825692215472,0.00535710442868608
"ENSG00000118564","FBXL5",0.701848418133135,1.27129238482266e-08,"FBXL5",0.394834160085498,0.00114933471781738
"ENSG00000118640","VAMP8",1.21145843829175,6.34444411380903e-06,"VAMP8",1.69525500169655,1.48387519241177e-07
"ENSG00000118785","SPP1",1.45563014436867,6.0644140235363e-17,"SPP1",0.581069800531013,0.000348120583719551
"ENSG00000118855","MFSD1",0.558194577025733,3.60624508649901e-08,"MFSD1",0.294517671645761,0.00618866096696161
"ENSG00000118960","HS1BP3",0.739890896052824,1.96816216980442e-07,"HS1BP3",0.880870020396015,9.7576595565916e-09
"ENSG00000119242","CCDC92",1.22703845655581,7.57256732184834e-09,"CCDC92",0.398888147654302,0.0280959487259035
"ENSG00000119471","HSDL2",0.493665265230746,1.0609713239285e-09,"HSDL2",0.605816526362403,2.38157567090002e-14
"ENSG00000119541","VPS4B",0.414961669653932,5.67356157312348e-16,"VPS4B",0.551942572642965,4.33183390350782e-28
"ENSG00000119632","IFI27L2",0.792486702861537,3.59029520336372e-10,"IFI27L2",0.287999501180358,0.0265271339940633
"ENSG00000119638","NEK9",0.60622165844455,9.03113848071686e-09,"NEK9",0.319160556528419,0.0032743136241822
"ENSG00000119655","NPC2",0.430024934185664,4.09623653206379e-06,"NPC2",0.386711091988219,3.50532485462321e-05
"ENSG00000119661","DNAL1",0.438610691242648,0.000865115033322717,"DNAL1",0.325032976849421,0.0101470586344972
"ENSG00000119669","IRF2BPL",0.792873427228417,1.27027619100616e-10,"IRF2BPL",0.5710871706462,2.73821073321855e-06
"ENSG00000119760","SUPT7L",0.642655911678947,2.66761448204343e-10,"SUPT7L",0.500119847965508,8.13735781061819e-07
"ENSG00000119801","YPEL5",1.0796269272473,3.16095179707889e-14,"YPEL5",0.472391513836385,0.00099102657064297
"ENSG00000119899","SLC17A5",1.48226963321366,1.53667031996151e-30,"SLC17A5",1.17172972812211,1.19858181474172e-18
"ENSG00000119922","IFIT2",0.5717293939313,0.0347316136415138,"IFIT2",0.904019297275785,0.00263868382999062
"ENSG00000119965","C10orf88",0.593979026702284,3.79013390303418e-05,"C10orf88",0.607150955343493,1.86493314368086e-05
"ENSG00000120306","CYSTM1",1.00149806824534,1.32357850259388e-13,"CYSTM1",0.601206917548368,2.63092370672255e-06
"ENSG00000120318","ARAP3",0.263557987016778,0.039939258135395,"ARAP3",0.456959128869691,0.00124558031574697
"ENSG00000120549","KIAA1217",0.622026415347097,3.17946657614578e-06,"KIAA1217",0.809477296317385,2.82196847785635e-09
"ENSG00000121104","FAM117A",0.551491647525355,0.0093307627687935,"FAM117A",0.45440052462305,0.0406796370528515
"ENSG00000121542","SEC22A",0.371299035074223,0.0116200146069821,"SEC22A",0.414213778216389,0.00295666478292204
"ENSG00000121680","PEX16",0.677190855658693,2.64031327338207e-06,"PEX16",0.669025944409114,2.78284093516308e-06
"ENSG00000121797","CCRL2",0.731366521871347,0.000918042902749721,"CCRL2",0.54719875202355,0.00852294409306799
"ENSG00000121851","POLR3GL",1.12866961227003,8.00795573245987e-20,"POLR3GL",1.09457278997838,3.37753862560359e-17
"ENSG00000121900","TMEM54",0.571413732036765,2.78384021236587e-08,"TMEM54",0.802482714589335,2.33859811792401e-14
"ENSG00000121931","LRIF1",0.429151448905328,2.687745384733e-07,"LRIF1",0.238141154270912,0.00423184126174478
"ENSG00000122218","COPA",0.595184751653585,9.18527881695826e-22,"COPA",0.296979051968497,5.76422063916989e-06
"ENSG00000122386","ZNF205",0.456528076892438,0.0177207364242844,"ZNF205",0.689584020733289,0.000344373076991289
"ENSG00000122417","ODF2L",0.380980305831629,0.000375540969562803,"ODF2L",0.471078129017091,3.21016667053251e-06
"ENSG00000122550","KLHL7",0.664516773478803,1.17636955607592e-05,"KLHL7",0.478915304395691,0.00123133616559403
"ENSG00000122557","HERPUD2",0.297620203573039,0.00823828559204354,"HERPUD2",0.280839249024988,0.011448659538812
"ENSG00000122971","ACADS",0.642716851131573,0.000197645405099574,"ACADS",0.382641878998665,0.020517457922031
"ENSG00000123124","WWP1",0.22870783042249,0.004578495442209,"WWP1",0.31224027439037,8.15267678493054e-05
"ENSG00000123146","ADGRE5",0.299272575461566,0.00318354679316415,"ADGRE5",0.326892186679649,0.000972398779697963
"ENSG00000123159","GIPC1",0.460397105695278,1.46657605253754e-05,"GIPC1",0.447540646646935,2.91266544681583e-05
"ENSG00000123178","SPRYD7",0.273331437093076,0.00216833056609888,"SPRYD7",0.302827934991318,0.000672654471595835
"ENSG00000123240","OPTN",1.30456726345729,3.97173115325013e-24,"OPTN",0.815976360419425,3.32672351838354e-10
"ENSG00000123353","ORMDL2",0.66211681778008,1.0409919797382e-09,"ORMDL2",0.329157261075455,0.00345731391205268
"ENSG00000123364","HOXC13",0.689057214702971,0.00048833894412214,"HOXC13",0.602176062546997,0.00146848417634024
"ENSG00000123384","LRP1",1.16575619827255,1.35006574985218e-09,"LRP1",0.977696760499648,3.27739525587462e-07
"ENSG00000123600","METTL8",0.605629380783463,1.34315762891094e-13,"METTL8",0.483265960580455,8.14230451878369e-09
"ENSG00000123636","BAZ2B",0.757158651020384,9.06739111485822e-14,"BAZ2B",0.55471204535833,1.80380383082318e-08
"ENSG00000123989","CHPF",0.478461691613483,3.99024534699277e-06,"CHPF",0.279137783720777,0.0105818199272524
"ENSG00000124067","SLC12A4",0.87311004101836,1.07630520038018e-08,"SLC12A4",0.416354137168647,0.00515578558195489
"ENSG00000124098","FAM210B",0.78586762154748,2.36716138331172e-12,"FAM210B",0.302125644758569,0.0118333253694178
"ENSG00000124104","SNX21",0.8393835135325,1.92872050391758e-10,"SNX21",0.710490289168863,1.67505742542182e-07
"ENSG00000124151","NCOA3",0.496363642667345,4.78696110544189e-05,"NCOA3",0.687862601225627,9.91143477717974e-09
"ENSG00000124224",NA,0.69956622856414,0.000200328266131766,NA,0.710187926007998,0.000106418216327623
"ENSG00000124243","BCAS4",0.394725201139115,0.000993324509450968,"BCAS4",0.332688760134449,0.00994170265926405
"ENSG00000124357","NAGK",0.541451777554608,3.8584428402875e-05,"NAGK",0.843631082114657,8.82008125479988e-11
"ENSG00000124570","SERPINB6",0.473496514859723,6.83841898883886e-09,"SERPINB6",0.204112642447088,0.0232178918107624
"ENSG00000124615","MOCS1",0.283125179498118,0.0497317440356136,"MOCS1",0.327844652718783,0.0158109611780896
"ENSG00000124762","CDKN1A",1.9939354762244,1.90195679796815e-34,"CDKN1A",2.21094428401149,1.3115749187251e-40
"ENSG00000125037","EMC3",0.534763739288638,5.14985653445558e-10,"EMC3",0.361066860554853,6.55401347432739e-05
"ENSG00000125170","DOK4",0.596063140217273,0.00907764662149615,"DOK4",1.04326127410807,0.000105406299174983
"ENSG00000125354","SEPTIN6",0.340853359035411,0.0380168447377394,"SEPTIN6",0.405581131394332,0.00995215267904522
"ENSG00000125449","ARMC7",0.384545475474653,0.00945197794315082,"ARMC7",0.442904132333945,0.00159499315255428
"ENSG00000125520","SLC2A4RG",0.174682149406574,0.0433678750971074,"SLC2A4RG",0.463911244907113,3.0645043842171e-09
"ENSG00000125637","PSD4",0.952765348022859,5.81607523471393e-09,"PSD4",0.388042029087046,0.00971771846130104
"ENSG00000125652","ALKBH7",0.766113464353003,7.60052252181416e-10,"ALKBH7",0.30644562888208,0.0230761263675274
"ENSG00000125657","TNFSF9",0.97280278127305,2.21572888134351e-11,"TNFSF9",1.71226399477648,3.32708480261959e-30
"ENSG00000125726","CD70",0.679525062341144,0.000811210389746031,"CD70",1.68899970859158,3.397362083019e-14
"ENSG00000125734","GPR108",1.17680365268154,2.89843465938952e-22,"GPR108",0.282979102777299,0.0294595045915366
"ENSG00000125744","RTN2",1.17566637420941,9.44493713360149e-07,"RTN2",0.5870710882687,0.00551958663360299
"ENSG00000125746","EML2",0.941349331000394,8.12117395382021e-11,"EML2",0.858448560429698,3.11895717746799e-09
"ENSG00000125798","FOXA2",1.08548311643657,5.37856251521265e-07,"FOXA2",2.22052104015669,1.2257575900007e-25
"ENSG00000125841","NRSN2",0.667761457259962,0.000884079810925028,"NRSN2",0.76774578554566,4.30163880215776e-05
"ENSG00000125945","ZNF436",0.434756818089839,0.0458188217646457,"ZNF436",0.767984821581132,0.000531916758593258
"ENSG00000125967","NECAB3",0.942164035322706,7.90036021501551e-07,"NECAB3",0.43866551180183,0.0102107062575148
"ENSG00000126001","CEP250",0.478790650621411,8.82059399355026e-05,"CEP250",0.895870778410181,1.18834406553956e-13
"ENSG00000126067","PSMB2",0.312061999446963,4.18893543175129e-05,"PSMB2",0.32466584599224,2.11610661952445e-05
"ENSG00000126070","AGO3",0.246876618338416,0.02964996856806,"AGO3",0.37271362416916,0.000304332446271648
"ENSG00000126106","TMEM53",1.17793375404806,2.5910857868933e-10,"TMEM53",0.55511465833371,0.00125083238984271
"ENSG00000126107","HECTD3",1.09397900315457,1.41611002920363e-21,"HECTD3",0.72257641911717,1.64230883974162e-09
"ENSG00000126214","KLC1",0.211910998843313,0.0164311872164036,"KLC1",0.188703788844483,0.0355544440469254
"ENSG00000126217","MCF2L",0.944582163965412,0.0032179070646183,"MCF2L",0.808682841203613,0.0077382066032676
"ENSG00000126254","RBM42",0.382773702399442,1.70153107646563e-05,"RBM42",0.564004645309264,1.13924738411527e-10
"ENSG00000126456","IRF3",0.45875419424185,9.20290781406771e-06,"IRF3",0.367902090078444,0.000527403225219498
"ENSG00000126562","WNK4",0.619630050878454,0.000172172155227154,"WNK4",0.653354660467579,8.15267678493054e-05
"ENSG00000126581","BECN1",0.645595077985713,8.89416921535814e-22,"BECN1",0.268880494117862,0.000201950958810776
"ENSG00000126903","SLC10A3",0.483538903776058,5.53221894624054e-05,"SLC10A3",0.312058557335494,0.0101470586344972
"ENSG00000126947","ARMCX1",0.852743193054683,5.17716451241294e-10,"ARMCX1",0.716279967441057,3.19884394732098e-07
"ENSG00000127125","PPCS",0.653780295908413,1.20106711411114e-11,"PPCS",0.410418485499375,2.51440479428118e-05
"ENSG00000127445","PIN1",0.320267654446614,0.000551949375989654,"PIN1",0.283904111783838,0.00235023095141356
"ENSG00000127511","SIN3B",0.442267275418272,4.99112844568953e-06,"SIN3B",0.286740106034968,0.00441984267661619
"ENSG00000127663","KDM4B",0.364657915907766,0.00219060863425117,"KDM4B",0.946306200019582,3.81892253956029e-14
"ENSG00000127948","POR",0.278421405773026,0.00926774298727412,"POR",0.312288978465957,0.00296241135050779
"ENSG00000127980","PEX1",0.365631337738091,0.0380432499975477,"PEX1",0.445327702262891,0.00606195317526009
"ENSG00000128335","APOL2",1.18983224520763,1.93504990540802e-24,"APOL2",1.21691382281795,6.99818402872783e-22
"ENSG00000128340","RAC2",0.475524591082617,1.90399344294626e-08,"RAC2",0.259819456652108,0.00364167433198514
"ENSG00000128394","APOBEC3F",1.31682621893068,4.74727250988852e-10,"APOBEC3F",0.780271202425534,0.000371585987319032
"ENSG00000128524","ATP6V1F",0.789413808572238,4.64163037515658e-26,"ATP6V1F",0.339476703527544,1.81673595132353e-05
"ENSG00000128581","IFT22",0.448675489162673,0.000212431977772742,"IFT22",0.511644093064513,1.42336059193337e-05
"ENSG00000128591","FLNC",0.68660652514493,2.03407388555143e-05,"FLNC",0.609320239532002,0.000106676101853407
"ENSG00000128607","KLHDC10",0.321966985854947,0.00066302852428268,"KLHDC10",0.445271942417333,2.08219020204641e-06
"ENSG00000128683","GAD1",0.460918237860471,0.0270865095238326,"GAD1",0.403509561551331,0.0232178918107624
"ENSG00000128739","SNRPN",0.472592858954902,1.62042620146857e-08,"SNRPN",0.213454752234757,0.0154278876543157
"ENSG00000128805","ARHGAP22",0.985888842090776,6.90443183789756e-15,"ARHGAP22",0.994798955539483,1.04539067379386e-14
"ENSG00000128829","EIF2AK4",0.304175290185379,1.51533693002707e-07,"EIF2AK4",0.337631816319668,4.75354257818891e-09
"ENSG00000128881","TTBK2",0.507809502831636,1.87986454269488e-05,"TTBK2",0.566442206247507,7.02693193702325e-07
"ENSG00000128923","MINDY2",0.396401154341368,0.00028763767849778,"MINDY2",0.497530164943696,3.99300499885055e-06
"ENSG00000129055","ANAPC13",0.332505401101572,1.20699148637031e-06,"ANAPC13",0.262066818976103,0.000180988405251672
"ENSG00000129083","COPB1",0.427707985385861,2.59200984902484e-09,"COPB1",0.233294365847294,0.00218078452851727
"ENSG00000129226","CD68",0.642681480122114,0.00162946501508128,"CD68",0.85376404342099,4.8502171176837e-05
"ENSG00000129250","KIF1C",0.26801390250915,0.0151676694510046,"KIF1C",0.354291208046963,0.000812418394283122
"ENSG00000129317","PUS7L",0.237814826862051,0.0090205261113809,"PUS7L",0.330121581383818,0.000159569674448634
"ENSG00000129353","SLC44A2",0.716117161027043,1.27728354712732e-06,"SLC44A2",1.38096965386467,4.24962058597298e-12
"ENSG00000129354","AP1M2",0.636249763581738,0.000768266593846783,"AP1M2",0.519344157941908,0.00873856771047806
"ENSG00000129472","RAB2B",0.810786146075531,5.31323959729759e-15,"RAB2B",0.400288073800349,0.000149047058779877
"ENSG00000129493","HEATR5A",0.528665600350986,8.76428827916266e-11,"HEATR5A",0.434841258038686,3.55102507467682e-07
"ENSG00000129562","DAD1",0.486058284329596,8.52167808602422e-09,"DAD1",0.215775377262569,0.0182673372515597
"ENSG00000129566","TEP1",1.00969418540069,2.95911470418497e-07,"TEP1",0.6763893684962,0.000430792123239328
"ENSG00000129636","ITFG1",0.303057857897531,0.00107058980775178,"ITFG1",0.302507083228173,0.000998104815780131
"ENSG00000129925","PGAP6",0.372800054430962,0.000842477310455881,"PGAP6",0.395944479923712,0.0003914771283335
"ENSG00000130005","GAMT",0.607943637279576,3.83443937467258e-07,"GAMT",0.693959080944869,1.03478029565222e-09
"ENSG00000130066","SAT1",0.940551532283173,7.49447003373517e-14,"SAT1",0.822776826396181,1.37719793483666e-10
"ENSG00000130158","DOCK6",0.696792111998474,0.000602636850944609,"DOCK6",0.526285255684473,0.00998752670436533
"ENSG00000130244","FAM98C",0.577393768399097,4.38995121213274e-06,"FAM98C",0.979205355453084,2.44005287577729e-15
"ENSG00000130304","SLC27A1",0.968747140188274,3.87672103599123e-06,"SLC27A1",0.731627848226853,0.000189470882191029
"ENSG00000130311","DDA1",0.301761253859782,1.97247012584319e-05,"DDA1",0.19711031461635,0.010039476652546
"ENSG00000130313","PGLS",0.430590766715283,0.000667694442299386,"PGLS",0.287353123825181,0.0274825399288886
"ENSG00000130429","ARPC1B",0.303563856342581,0.0270021043685609,"ARPC1B",0.421357026452846,0.0012820404555107
"ENSG00000130513","GDF15",1.38886234642745,2.46632832158245e-15,"GDF15",2.34743108776283,3.78289609444788e-39
"ENSG00000130517","PGPEP1",0.977719398693446,6.72408147850183e-09,"PGPEP1",0.763615413560858,5.57156002081401e-06
"ENSG00000130522","JUND",0.624597089741775,1.18248242950227e-08,"JUND",0.765328970508527,5.97131464645136e-12
"ENSG00000130529","TRPM4",0.739290004631113,4.21276650200055e-05,"TRPM4",0.937930088425514,8.13735781061819e-07
"ENSG00000130590","SAMD10",0.327439498553384,0.0140687147953395,"SAMD10",0.450922388836891,0.000327889849338311
"ENSG00000130684","ZNF337",0.301588598196742,0.0169075901799158,"ZNF337",0.35837855179181,0.00394112975116807
"ENSG00000130733","YIPF2",0.807894588076908,1.53724119211172e-14,"YIPF2",0.36488339478476,0.00113814896297874
"ENSG00000130758","MAP3K10",0.636615683584844,0.00975520185816753,"MAP3K10",0.432745147016198,0.0474859664172484
"ENSG00000130787","HIP1R",0.352339690959951,0.0449546105830082,"HIP1R",0.704475673407086,3.71492068631345e-05
"ENSG00000130813","SHFL",0.990286266116363,5.98071604445313e-11,"SHFL",0.794766992618617,1.88919245146194e-07
"ENSG00000130827","PLXNA3",0.675548386656553,6.50381297364825e-05,"PLXNA3",0.618874703853861,0.000179928121060062
"ENSG00000130958","SLC35D2",0.879615136279097,1.35579091482216e-14,"SLC35D2",0.385313910376327,0.00114179066873496
"ENSG00000131018","SYNE1",0.425398448147753,0.0112087301050537,"SYNE1",0.337884157448522,0.0356541340779661
"ENSG00000131080","EDA2R",0.469681752063403,2.63699596114547e-05,"EDA2R",0.519886903270543,2.43147481454555e-06
"ENSG00000131100","ATP6V1E1",0.479713564927442,6.30902908590804e-12,"ATP6V1E1",0.166823326210523,0.033827267457006
"ENSG00000131116","ZNF428",0.637936241280155,1.74987508202186e-06,"ZNF428",0.708841359430978,1.57896050280857e-07
"ENSG00000131370","SH3BP5",0.405744347689708,4.68564507167863e-05,"SH3BP5",0.548645039765803,1.18373680248763e-08
"ENSG00000131389","SLC6A6",0.569471401822319,3.23903023264872e-06,"SLC6A6",0.441360949044982,0.000339690831566436
"ENSG00000131437","KIF3A",0.413156782028604,3.8584428402875e-05,"KIF3A",0.456275764905842,9.9824301045151e-06
"ENSG00000131669","NINJ1",0.417764306887056,0.000197392908400547,"NINJ1",0.607360243191253,6.43545276853418e-09
"ENSG00000131711","MAP1B",0.3666299825632,0.0106586121919723,"MAP1B",0.79327448434706,2.22328782143962e-08
"ENSG00000131779","PEX11B",0.760670925855046,7.64424095755664e-10,"PEX11B",0.482455975717991,0.000105451230921179
"ENSG00000131788","PIAS3",0.665399008953715,3.66311849888935e-08,"PIAS3",0.548542625001922,1.12731314442198e-05
"ENSG00000131791","PRKAB2",0.473485030399472,0.000125230016443622,"PRKAB2",0.477167656608556,9.14918750431352e-05
"ENSG00000131966","ACTR10",0.679058047885021,3.35291669294337e-15,"ACTR10",0.349504361017809,9.25428433866325e-05
"ENSG00000131981","LGALS3",1.04902765536001,2.67270366136894e-21,"LGALS3",0.591517500445059,9.42197302281294e-08
"ENSG00000132004","FBXW9",0.66462017369532,6.91625687044328e-06,"FBXW9",0.350176716518693,0.02012880993868
"ENSG00000132109","TRIM21",0.722141796744761,5.06102539300525e-07,"TRIM21",1.00854135646126,5.59811249058458e-12
"ENSG00000132128","LRRC41",0.423787678198468,3.12500738534992e-09,"LRRC41",0.23218874421413,0.00219245477616332
"ENSG00000132274","TRIM22",1.24465024495598,1.51187993460717e-11,"TRIM22",1.43709873823629,1.79003928007515e-14
"ENSG00000132334","PTPRE",0.838815840436702,1.40921251386585e-08,"PTPRE",0.890333854970591,1.56367367742034e-09
"ENSG00000132357","CARD6",1.04799903270833,4.05143429619179e-13,"CARD6",1.21322297765049,5.72980701422145e-14
"ENSG00000132429","POPDC3",0.652374862965074,3.53708157991836e-07,"POPDC3",0.481615893834721,0.00012860870942524
"ENSG00000132471","WBP2",0.7036072711753,4.92316989269813e-12,"WBP2",0.541863450638028,1.46924786369363e-07
"ENSG00000132481","TRIM47",0.393580234880283,0.00339557520571607,"TRIM47",0.761389424975086,1.21347916713043e-09
"ENSG00000132563","REEP2",0.874867975114975,0.00176252726962323,"REEP2",1.91071905927589,1.82403199058103e-05
"ENSG00000132589","FLOT2",0.650171524535098,7.81982726157907e-11,"FLOT2",0.605002402628467,8.32110692577536e-10
"ENSG00000132718","SYT11",0.47283145627346,2.61289174501961e-06,"SYT11",0.380362730895183,0.000113174912351962
"ENSG00000132793","LPIN3",1.58494552135568,0.000102243367460214,"LPIN3",1.9881753849202,4.86379936394113e-05
"ENSG00000132801","ZSWIM3",0.922308799913147,1.44140434188786e-06,"ZSWIM3",0.370983383402206,0.0377361512928065
"ENSG00000132849","PATJ",0.491117722604701,0.0137858305205044,"PATJ",1.04089165959341,0.000655421027612144
"ENSG00000132879","FBXO44",0.727650963636461,0.00444458698951001,"FBXO44",1.17732318799839,0.0014460749537079
"ENSG00000133059","DSTYK",0.386757672445283,3.19965705259523e-05,"DSTYK",0.411184161270678,8.99679631478033e-06
"ENSG00000133069","TMCC2",0.972503801304922,1.0007024024962e-05,"TMCC2",1.40528143336392,2.49771833234356e-09
"ENSG00000133138","TBC1D8B",0.441720646678052,0.00552754665076039,"TBC1D8B",0.914992609634113,1.30473691539966e-07
"ENSG00000133142","TCEAL4",0.473730146366683,7.77170653751203e-08,"TCEAL4",0.447556119362534,4.1429734690485e-07
"ENSG00000133835","HSD17B4",0.558094953438774,2.82012449890186e-08,"HSD17B4",0.369201133187746,0.000343389654183448
"ENSG00000133943","DGLUCY",0.647950382334536,1.06963955429106e-05,"DGLUCY",0.370305308606998,0.00875271867884403
"ENSG00000133961","NUMB",0.37168342723743,4.54117934166209e-07,"NUMB",0.497304899705681,8.22645932767998e-12
"ENSG00000134072","CAMK1",0.383768295885514,0.00413770536401814,"CAMK1",0.451159280171032,0.000375977731748506
"ENSG00000134202","GSTM3",0.841935742132185,1.06155561645622e-17,"GSTM3",0.310901142987881,0.0040253483944758
"ENSG00000134242","PTPN22",0.408322112507954,0.0198881705213353,"PTPN22",0.699810956458229,3.10791902570169e-05
"ENSG00000134265","NAPG",0.256640099388308,0.0192262660650402,"NAPG",0.312348504016594,0.00309848771834461
"ENSG00000134574","DDB2",0.690531528741677,5.6089834220639e-18,"DDB2",1.13143659193658,2.78987336503296e-47
"ENSG00000134590","RTL8C",0.789692499492773,5.70513569731679e-15,"RTL8C",0.359654560620081,0.000608717867587681
"ENSG00000134698","AGO4",0.535472595978626,0.00199281547229662,"AGO4",0.397483131372928,0.0268835891241089
"ENSG00000134955","SLC37A2",0.519436570209847,9.88445432458627e-05,"SLC37A2",0.635071121358649,6.62110749916288e-06
"ENSG00000135047","CTSL",0.789829745346075,6.0644140235363e-17,"CTSL",0.34897318917262,0.000362727164321876
"ENSG00000135090","TAOK3",0.267248244126721,0.000147239017128022,"TAOK3",0.27064779413319,0.000124891632353187
"ENSG00000135093","USP30",0.772669042095885,6.30717060744627e-07,"USP30",0.695695444051264,2.5508767434849e-05
"ENSG00000135211","TMEM60",0.338872827038526,0.00647577072342501,"TMEM60",0.26231944752705,0.0396536706993427
"ENSG00000135241","PNPLA8",0.62698121386555,1.29665766443922e-09,"PNPLA8",0.446313883921981,1.33874122291783e-05
"ENSG00000135338","LCA5",0.908600225011767,3.27142333955785e-05,"LCA5",1.07473132962571,4.03933923681842e-05
"ENSG00000135378","PRRG4",0.49735081658341,0.00108024327782934,"PRRG4",1.37103183582361,5.91479020115561e-12
"ENSG00000135404","CD63",0.771089927289418,1.3496722242331e-15,"CD63",0.225345134700436,0.0305067702254932
"ENSG00000135454","B4GALNT1",0.439531656262183,0.00263964233645751,"B4GALNT1",0.77045422912692,7.68385315103327e-08
"ENSG00000135506","OS9",0.495911896795437,2.07610892741977e-07,"OS9",0.275672646441582,0.00536599734239928
"ENSG00000135596","MICAL1",0.794628350395943,1.40921251386585e-08,"MICAL1",0.411174850621108,0.00302276639823561
"ENSG00000135622","SEMA4F",0.552333080395663,0.00010256726308215,"SEMA4F",0.830568781562703,8.54397630460502e-07
"ENSG00000135631","RAB11FIP5",0.452501706964601,0.000102672452215037,"RAB11FIP5",0.279166530530362,0.021643523443254
"ENSG00000135636","DYSF",1.08424783689285,6.16628715760953e-11,"DYSF",0.899939611442687,4.53886798637383e-06
"ENSG00000135679","MDM2",0.947352094691156,8.27820675015384e-12,"MDM2",1.4810706542472,6.89208438757505e-26
"ENSG00000135686","KLHL36",0.316808166476554,0.000453356991473632,"KLHL36",0.434821618091701,1.37692846206283e-06
"ENSG00000135709","KIAA0513",1.19167711398722,1.58467345295323e-06,"KIAA0513",1.35313810604808,1.00093470708588e-06
"ENSG00000135778","NTPCR",0.617003128273775,1.01310042005286e-06,"NTPCR",0.351664011418103,0.00534194309792287
"ENSG00000135823","STX6",0.34087538637373,0.00165217690833442,"STX6",0.337386530375357,0.00188735890101257
"ENSG00000135899","SP110",0.610557650121953,3.39888850555187e-18,"SP110",0.484597058027563,2.94945235933903e-11
"ENSG00000135924","DNAJB2",0.565122415918174,0.00184652615611146,"DNAJB2",0.405396174417748,0.0180826093324124
"ENSG00000135926","TMBIM1",0.685821319480353,1.06341524082233e-09,"TMBIM1",0.393769015495271,0.000591551134064266
"ENSG00000135931","ARMC9",1.11220401751814,6.63170717837838e-13,"ARMC9",0.298905003861219,0.0470469145606543
"ENSG00000136003","ISCU",0.703608846446922,1.59262056705465e-14,"ISCU",0.615295662751289,3.47240145746127e-11
"ENSG00000136045","PWP1",0.334348036231822,3.24699162975342e-08,"PWP1",0.138585776921944,0.0438821788293331
"ENSG00000136048","DRAM1",0.580313728773498,2.53356055223489e-08,"DRAM1",0.568660989128502,4.36178859732074e-08
"ENSG00000136114","THSD1",0.874808850433386,7.78799032419492e-10,"THSD1",1.39207863539037,7.70698051537087e-19
"ENSG00000136147","PHF11",0.957059540560509,3.22648618669031e-10,"PHF11",1.17690936845192,2.78278490748484e-10
"ENSG00000136158","SPRY2",0.556857609326773,5.89313735036551e-05,"SPRY2",0.584764881254462,1.65265603056183e-05
"ENSG00000136169","SETDB2",0.636999937960912,2.01472248617468e-05,"SETDB2",0.557994857744765,3.82533022598961e-05
"ENSG00000136193","SCRN1",0.317101092208654,0.00376899786773907,"SCRN1",0.240236315110457,0.0317810386280951
"ENSG00000136235","GPNMB",0.523717511422671,0.0242764629625658,"GPNMB",0.805335527130005,0.000294512247247701
"ENSG00000136280","CCM2",0.27808358854915,0.0325508048690689,"CCM2",0.623243280411609,3.12339478430798e-07
"ENSG00000136295","TTYH3",0.620744045250623,1.05572226818428e-08,"TTYH3",0.343723042062651,0.00199260158225533
"ENSG00000136490","LIMD2",1.15433447348172,1.01521905241689e-22,"LIMD2",1.17955196844759,9.77173779770259e-23
"ENSG00000136531","SCN2A",1.0297154980953,1.13502870063861e-22,"SCN2A",0.797709296830127,1.90028313262307e-14
"ENSG00000136643","RPS6KC1",0.519703869241612,2.26095370955139e-07,"RPS6KC1",0.323002789493937,0.00216643743600092
"ENSG00000136710","VMA22",1.07249779945224,7.29745493389423e-13,"VMA22",0.505815998132185,0.000672654471595835
"ENSG00000136783","NIPSNAP3A",1.02131478677167,2.20625942908678e-12,"NIPSNAP3A",0.313602866249153,0.0314161968005223
"ENSG00000136810","TXN",0.470532178841623,8.0691803748331e-07,"TXN",0.204232844589489,0.0489292297751512
"ENSG00000136854","STXBP1",0.248188070798001,0.02990134392385,"STXBP1",0.280181705959158,0.0174470844667903
"ENSG00000136856","SLC2A8",0.399900667066433,0.0130502472515368,"SLC2A8",0.36822078137416,0.00921736448985955
"ENSG00000136867","SLC31A2",0.916727694500307,1.18444695775276e-07,"SLC31A2",0.905329190523712,6.00958752136058e-07
"ENSG00000136869","TLR4",0.257627734028997,0.0414564747269128,"TLR4",0.330913937790612,0.00785961800821806
"ENSG00000136878","USP20",0.727808051431615,4.45572451699925e-05,"USP20",0.440268616205723,0.0107829273914733
"ENSG00000136999","CCN3",0.518291833053399,0.0171334114547975,"CCN3",0.67018860039764,0.00210649273193218
"ENSG00000137074","APTX",0.395399599535553,5.22841107040318e-08,"APTX",0.242007519721435,0.00238605486311511
"ENSG00000137145","DENND4C",0.410923438593447,7.81226346858178e-05,"DENND4C",0.447271629313164,8.77893757275122e-06
"ENSG00000137177","KIF13A",0.395538072139276,0.000900915136573318,"KIF13A",0.504879780705635,1.24125975119069e-05
"ENSG00000137267","TUBB2A",0.956615706977854,2.45839294130728e-12,"TUBB2A",0.618970978989718,5.8282142517556e-06
"ENSG00000137274","BPHL",1.06026592671889,1.26187716561703e-06,"BPHL",0.545262664343542,0.00636923975622625
"ENSG00000137331","IER3",0.795882945842439,2.27097181985075e-13,"IER3",1.01358638633154,2.59939740235995e-20
"ENSG00000137364","TPMT",0.903589613537614,7.32654508091163e-14,"TPMT",0.507087901467516,4.09315097052123e-05
"ENSG00000137449","CPEB2",0.711023630244386,3.22228606390615e-05,"CPEB2",0.774886394203175,5.07277936516958e-06
"ENSG00000137473","TTC29",1.18104294072002,0.00056049809055661,"TTC29",1.32547024260688,0.000460090044043499
"ENSG00000137486","ARRB1",0.568441848850051,0.00281319399679067,"ARRB1",0.689277283154507,0.000218268698753471
"ENSG00000137500","CCDC90B",0.70109907943301,6.32167876676421e-11,"CCDC90B",0.29918315538483,0.0070785766086881
"ENSG00000137501","SYTL2",0.656034334711644,0.000152637887865732,"SYTL2",0.464660465919253,0.00439748589777254
"ENSG00000137575","SDCBP",0.378303553981602,0.000293461765323689,"SDCBP",0.376091224628888,0.000322359835632465
"ENSG00000137601","NEK1",0.445625772520562,5.1494245504518e-06,"NEK1",0.485643808978494,5.1196738584587e-07
"ENSG00000137642","SORL1",0.484943981266941,0.0496707861141934,"SORL1",0.580190934591385,0.00676829793034307
"ENSG00000137767","SQOR",1.10182102499065,1.89547386640321e-19,"SQOR",1.00151461519969,7.70822881263771e-16
"ENSG00000137802","MAPKBP1",0.495307343385047,0.000550849074113999,"MAPKBP1",1.13488683788904,2.17062185106741e-14
"ENSG00000137819","PAQR5",0.623360063447366,1.07559119636678e-07,"PAQR5",0.521877681856163,1.23568497412316e-05
"ENSG00000137871","ZNF280D",0.382628176955065,0.0226749866442735,"ZNF280D",0.420999203348768,0.00637843702544586
"ENSG00000137941","TTLL7",0.586303494859776,0.000386986060322466,"TTLL7",0.736891890165371,1.04871943377018e-05
"ENSG00000137996","RTCA",0.470014444404916,5.91650714849729e-08,"RTCA",0.423933500226831,2.0476488112677e-06
"ENSG00000138036","DYNC2LI1",1.14264247937683,1.40544229110739e-09,"DYNC2LI1",0.498205264234755,0.00588318105090443
"ENSG00000138069","RAB1A",0.342786001621763,7.22525211616415e-06,"RAB1A",0.206955787987978,0.0120069171698064
"ENSG00000138078","PREPL",0.239166585600243,0.00274483376266103,"PREPL",0.222680756522978,0.00556940466524674
"ENSG00000138107","ACTR1A",0.250778251190531,0.00317234782260378,"ACTR1A",0.371235648842,6.54362184828649e-06
"ENSG00000138166","DUSP5",0.446049305566483,0.00176086318554164,"DUSP5",0.819000231228468,1.27174325752714e-08
"ENSG00000138175","ARL3",0.61566667284226,3.99255541208722e-09,"ARL3",0.317884104036913,0.00235464622547974
"ENSG00000138311","ZNF365",0.543815678789385,3.83040607396428e-05,"ZNF365",0.313987252948909,0.0132882414215605
"ENSG00000138375","SMARCAL1",0.472079988514513,2.18205237034055e-05,"SMARCAL1",0.493085301765614,1.054879777633e-05
"ENSG00000138468","SENP7",0.381887913899373,0.00844703589793477,"SENP7",0.403018468750288,0.00287256260199534
"ENSG00000138496","PARP9",0.831195699697482,1.25152795180214e-15,"PARP9",0.776549003883357,4.19900408417708e-14
"ENSG00000138593","SECISBP2L",0.329541247078755,0.00267710131079108,"SECISBP2L",0.670176693223446,1.38181446044549e-10
"ENSG00000138606","SHF",0.634402588562406,0.024681846575572,"SHF",0.528308123106192,0.0330974049400744
"ENSG00000138613","APH1B",1.11817680751562,5.39074228692939e-12,"APH1B",1.05493842326215,8.14048365912273e-09
"ENSG00000138674","SEC31A",0.290574442341942,0.00673704996999113,"SEC31A",0.442923599994217,1.47304922246357e-05
"ENSG00000138678","GPAT3",0.287346400771365,0.00536743756503858,"GPAT3",0.217944210591485,0.039079381226945
"ENSG00000138686","BBS7",0.227760222312067,0.0370006867457822,"BBS7",0.472558391756486,1.58564902881621e-06
"ENSG00000138688","BLTP1",0.496334014092678,3.48718339025745e-05,"BLTP1",0.632255581271131,1.15411687749976e-07
"ENSG00000138758","SEPTIN11",0.503786221045432,7.42434660249582e-16,"SEPTIN11",0.617632417354628,3.04562170756085e-23
"ENSG00000138760","SCARB2",0.287076318358626,0.00027883474208825,"SCARB2",0.274349952501512,0.000589346954586248
"ENSG00000138771","SHROOM3",0.242886363441141,0.0421573256100566,"SHROOM3",0.947045012433887,4.54088413038188e-18
"ENSG00000138794","CASP6",0.58999709360278,1.56469196160771e-10,"CASP6",0.588438015539597,1.6902871214772e-10
"ENSG00000139182","CLSTN3",1.00860456988684,7.20765081245121e-05,"CLSTN3",0.721710462136498,0.00317266921655658
"ENSG00000139289","PHLDA1",0.587292242047359,7.72750783960447e-07,"PHLDA1",0.506390673959221,1.7368966608112e-05
"ENSG00000139324","TMTC3",0.31849330130284,0.000368320683966036,"TMTC3",0.427717828978277,7.99560374909747e-07
"ENSG00000139433","GLTP",0.464704744092016,0.000112559050709479,"GLTP",0.505656561557595,2.22308004658694e-05
"ENSG00000139436","GIT2",0.364598111012189,0.000264217187586602,"GIT2",0.32594890193253,0.00108147282215915
"ENSG00000139531","SUOX",0.680617659533996,6.31677510771084e-05,"SUOX",0.336821742878569,0.0466058981753541
"ENSG00000139624","CERS5",0.580714762572528,3.90491894722807e-09,"CERS5",0.63778253542958,7.30159681008693e-11
"ENSG00000139625","MAP3K12",1.14887778563838,5.05206262105379e-10,"MAP3K12",0.597014133786341,0.000599742419485737
"ENSG00000139629","GALNT6",0.346115585002673,0.00074718061608832,"GALNT6",0.284603466060274,0.00588318105090443
"ENSG00000139684","ESD",0.322885966431971,0.000171322522185629,"ESD",0.191470604837606,0.0371345192653604
"ENSG00000139719","VPS33A",0.379060545081905,7.09968198328526e-05,"VPS33A",0.217778948885151,0.0343335002144133
"ENSG00000139722","VPS37B",0.256558715254665,0.00754019472330176,"VPS37B",0.646305894470698,1.29918509255123e-13
"ENSG00000139793","MBNL2",0.27310568286549,0.0237928224169237,"MBNL2",0.440649841180194,5.86420876204341e-05
"ENSG00000140199","SLC12A6",0.430736213017313,6.68693111283237e-05,"SLC12A6",0.717402962689095,5.49478938421864e-12
"ENSG00000140297","GCNT3",2.65015838271958,1.49589284900977e-13,"GCNT3",1.53665703700643,5.40673049457975e-06
"ENSG00000140464","PML",0.46488294923941,1.043027475941e-07,"PML",0.427103977720374,7.84809081707724e-07
"ENSG00000140526","ABHD2",0.325445204461578,0.00985726214616465,"ABHD2",0.417550852736618,0.00052522315418097
"ENSG00000140545","MFGE8",0.472399250342003,0.00880477820391918,"MFGE8",0.342127000405228,0.0471672495861556
"ENSG00000140553","UNC45A",0.564552302674535,1.04795773944435e-13,"UNC45A",0.439839599125734,3.65762667718654e-08
"ENSG00000140678","ITGAX",0.792493820894428,0.00744376899502054,"ITGAX",0.905553952930682,0.00339759811712354
"ENSG00000140682","TGFB1I1",0.698787652410471,1.44778754628307e-06,"TGFB1I1",0.493429148797288,0.00046475760368037
"ENSG00000140853","NLRC5",0.884970602437359,1.01195752757938e-07,"NLRC5",0.482955393270748,0.0016273600533267
"ENSG00000140939","NOL3",0.836316779130299,3.51063424670951e-09,"NOL3",0.396144185651773,0.006077862452372
"ENSG00000140950","MEAK7",0.761107345884211,2.21821799914249e-19,"MEAK7",0.279637009116305,0.00287661078340203
"ENSG00000140961","OSGIN1",1.13086384181914,0.000106902696030416,"OSGIN1",0.847188464103384,0.00204595067808554
"ENSG00000141034","GID4",0.587069298882164,1.18656373279752e-06,"GID4",0.52761961142372,1.75179606347402e-05
"ENSG00000141232","TOB1",0.704476152673964,7.43819319917759e-08,"TOB1",0.683953462917136,4.70228818885984e-07
"ENSG00000141295","SCRN2",0.647571299800822,2.31179217065422e-06,"SCRN2",0.561774433750938,3.04311682276213e-05
"ENSG00000141298","SSH2",0.359509166013793,0.000838945487300879,"SSH2",0.417514691518697,4.76179908643126e-05
"ENSG00000141469","SLC14A1",0.873483828975676,4.58276834796661e-10,"SLC14A1",0.400139382052431,0.00284705297662444
"ENSG00000141504","SAT2",1.01684450095713,4.13952974534338e-20,"SAT2",0.251107659221924,0.0410139418453129
"ENSG00000141524","TMC6",0.631303877877162,0.00797678604394152,"TMC6",0.482079297255434,0.0330459727658003
"ENSG00000141655","TNFRSF11A",0.58840345142515,4.11591692648216e-05,"TNFRSF11A",0.462040470463225,0.000354301543749827
"ENSG00000141736","ERBB2",0.704722603092707,2.25113179524511e-07,"ERBB2",0.921477893732169,1.02143004433975e-10
"ENSG00000141934","PLPP2",0.329895362082175,2.46250531453282e-05,"PLPP2",0.31669309794987,6.82250342653007e-05
"ENSG00000141971","MVB12A",0.710325801522757,3.46736442529672e-12,"MVB12A",0.374649039481709,0.000390741279869881
"ENSG00000142166","IFNAR1",0.180332433127065,0.0401140975815072,"IFNAR1",0.476333402835487,1.78533519016272e-09
"ENSG00000142197","DOP1B",0.299574431495815,0.0445279900572691,"DOP1B",0.553878239017159,4.82951534067228e-05
"ENSG00000142459","EVI5L",0.983523007737709,3.49605551998898e-06,"EVI5L",0.432207191677673,0.0342923918418867
"ENSG00000142507","PSMB6",0.445190239979518,9.77431111411843e-14,"PSMB6",0.371061623924054,1.18453573562655e-09
"ENSG00000142552","RCN3",0.558674012559765,0.000118725725568706,"RCN3",0.450508381955519,0.00128377594961791
"ENSG00000142657","PGD",0.396483494944018,8.46290581331262e-06,"PGD",0.365305053539029,4.31820679045074e-05
"ENSG00000142669","SH3BGRL3",0.4268034666244,3.32085621186691e-08,"SH3BGRL3",0.197507290061985,0.0191358349727319
"ENSG00000142694","EVA1B",0.523469126581129,0.00647857638418383,"EVA1B",0.670340179674394,0.0014409895175788
"ENSG00000142751","GPN2",0.422702092631703,3.79013390303418e-05,"GPN2",0.326082162095666,0.00263294095307022
"ENSG00000142784","WDTC1",0.667399842975584,0.000481434434904177,"WDTC1",0.437159028061458,0.0182673372515597
"ENSG00000142798","HSPG2",0.712607973930376,1.17328779061462e-05,"HSPG2",0.420816097121894,0.0104926212104385
"ENSG00000143217","NECTIN4",1.92293574380832,4.71298221073379e-23,"NECTIN4",2.48305288426555,4.5063330684337e-34
"ENSG00000143344","RGL1",0.896028577249192,4.05181518598967e-08,"RGL1",0.925328931207145,2.34864962553019e-09
"ENSG00000143369","ECM1",0.584291914370271,0.000202101570371656,"ECM1",0.483866702913009,0.000771575884895265
"ENSG00000143393","PI4KB",0.422826504668178,2.38373331463131e-05,"PI4KB",0.253161372611756,0.021176210961468
"ENSG00000143409","MINDY1",1.14816886010706,7.79951151755247e-09,"MINDY1",0.622598064998069,0.00117332293683401
"ENSG00000143437","ARNT",0.623317533711579,6.11701344283098e-07,"ARNT",0.371172070101753,0.00329316700568255
"ENSG00000143457","GOLPH3L",0.476298065711097,9.17580641494912e-05,"GOLPH3L",0.338500899040533,0.00633176639492888
"ENSG00000143479","DYRK3",0.907433781501518,1.12129784252683e-13,"DYRK3",0.890130209947578,4.92926866675447e-13
"ENSG00000143507","DUSP10",0.298434126984848,0.0462634392499619,"DUSP10",0.444947880280161,0.00106430857466021
"ENSG00000143515","ATP8B2",0.295926017571863,0.0102513065871231,"ATP8B2",0.264901261569965,0.0231771050142012
"ENSG00000143537","ADAM15",0.334350624151709,0.0136799806388218,"ADAM15",0.42231752025244,0.00109186277582008
"ENSG00000143622","RIT1",1.36338930124746,1.28887822808368e-36,"RIT1",0.905341009586574,2.16362832750278e-15
"ENSG00000143669","LYST",0.586570398954388,2.24597114838492e-05,"LYST",0.82748503222801,1.24082746911208e-09
"ENSG00000143740","SNAP47",0.349103484638738,0.00202035448359665,"SNAP47",0.34555812897538,0.00210743649329463
"ENSG00000143776","CDC42BPA",0.323751751940761,0.00511023592355952,"CDC42BPA",0.868799057576868,5.96477498675705e-15
"ENSG00000143862","ARL8A",0.729636826789828,7.68263526691596e-08,"ARL8A",0.345792296208009,0.0117819172115178
"ENSG00000144036","EXOC6B",0.709740137125149,3.78982323270574e-09,"EXOC6B",0.685314237548228,4.29011214011242e-08
"ENSG00000144048","DUSP11",0.74877948066188,4.26598188210651e-08,"DUSP11",0.550226026184337,5.28284874716831e-05
"ENSG00000144061","NPHP1",0.795350648209963,0.000143320365497084,"NPHP1",0.991543560676952,4.14505194445221e-05
"ENSG00000144224","UBXN4",0.314470963541833,7.5885227736172e-05,"UBXN4",0.177499692627991,0.0380945353560242
"ENSG00000144366","GULP1",0.860426871130396,4.75203495212937e-08,"GULP1",0.772949382833372,7.08238415096758e-07
"ENSG00000144369","FAM171B",0.449134208142026,0.00168565350246616,"FAM171B",0.502348322288242,0.00035070111398807
"ENSG00000144426","NBEAL1",0.569931644410454,2.39464481851641e-07,"NBEAL1",0.789428654994071,8.80224858411048e-13
"ENSG00000144567","RETREG2",0.389958752476944,7.82911108508684e-06,"RETREG2",0.311845454052486,0.000487943140478495
"ENSG00000144591","GMPPA",0.660643118476848,8.85332096059761e-09,"GMPPA",0.902206384446303,1.90028313262307e-14
"ENSG00000144746","ARL6IP5",0.703676261200999,1.18563691714737e-12,"ARL6IP5",0.556864964937047,2.03837069340246e-08
"ENSG00000144815","NXPE3",0.953571975012906,1.53066377481691e-14,"NXPE3",0.834035522352118,2.38699916235604e-11
"ENSG00000144834","TAGLN3",0.844063706846847,1.00220502982728e-07,"TAGLN3",1.24637705016653,6.90545239982769e-12
"ENSG00000144935","TRPC1",0.576169252972943,0.000195041220939572,"TRPC1",0.741959847624756,1.77176590803441e-06
"ENSG00000145012","LPP",0.345040929591072,0.0056220564082695,"LPP",0.426549934863367,0.000364550540495929
"ENSG00000145107","TM4SF19",0.938507111582342,8.96096934252915e-06,"TM4SF19",0.535804001135602,0.00499567929118991
"ENSG00000145349","CAMK2D",1.10418907044656,4.91570405689514e-14,"CAMK2D",0.818629723112061,1.73091170703214e-08
"ENSG00000145431","PDGFC",0.246581154946989,0.0218368090935547,"PDGFC",0.835673130669682,2.51516350923227e-17
"ENSG00000146007","ZMAT2",0.424640320648919,3.81488615974383e-10,"ZMAT2",0.33123925329269,1.93817625631736e-06
"ENSG00000146072","TNFRSF21",0.301706509062072,0.0078513871872443,"TNFRSF21",0.250179770708023,0.0283366658666983
"ENSG00000146112","PPP1R18",0.234322332043077,0.0218155051487542,"PPP1R18",0.277839893741847,0.00517030670926399
"ENSG00000146540","CHLSN",0.14205278616006,0.0336701480091557,"CHLSN",0.385488514437706,1.91172067886311e-10
"ENSG00000146828","SLC12A9",0.476845086121424,9.49599996785542e-05,"SLC12A9",0.289248611700251,0.0248081072578201
"ENSG00000147130","ZMYM3",0.393019401221317,0.000334010565393912,"ZMYM3",0.378858424037081,0.000489014118661891
"ENSG00000147164","SNX12",0.434089704141987,1.16763628835687e-08,"SNX12",0.269183581970751,0.00108105511734629
"ENSG00000147394","ZNF185",0.644711928415585,0.000118977606748032,"ZNF185",0.553609884375169,0.000992422522338724
"ENSG00000147400","CETN2",0.477778025995008,4.7151446541821e-09,"CETN2",0.313305232508103,0.000185450651794581
"ENSG00000147416","ATP6V1B2",0.467104450566562,1.56273980467035e-06,"ATP6V1B2",0.266200361513563,0.00874717415091062
"ENSG00000147509","RGS20",0.882827348961558,4.26131486907194e-12,"RGS20",0.877915321128766,2.73039967854612e-12
"ENSG00000147535","PLPP5",0.727445521878609,4.94706089768787e-08,"PLPP5",0.348339022342098,0.00941572472462808
"ENSG00000147614","ATP6V0D2",1.30728413482748,3.01830231990905e-06,"ATP6V0D2",0.545868906710932,0.0158340136309395
"ENSG00000147804","SLC39A4",0.767199495635731,1.4486370376962e-14,"SLC39A4",0.534769775472489,5.82593820547259e-08
"ENSG00000147853","AK3",0.458901803364956,7.06854803053234e-07,"AK3",0.222410598647797,0.0236476088038308
"ENSG00000147912","FBXO10",0.918805160566545,0.000309579247278806,"FBXO10",0.628944382444485,0.00795043755794492
"ENSG00000148175","STOM",1.40941132285955,5.9399559266249e-11,"STOM",2.10005835300119,8.78292008747117e-09
"ENSG00000148180","GSN",1.74837657832164,3.30230619903335e-41,"GSN",1.44592751196081,3.81046973697451e-29
"ENSG00000148218","ALAD",0.288615346065966,0.0334488221548781,"ALAD",0.290483450144157,0.0243250370202967
"ENSG00000148219","ASTN2",0.824585047638972,6.06991107033218e-08,"ASTN2",1.55606388644386,1.60251783312408e-22
"ENSG00000148606","POLR3A",0.222862098721818,0.00763668549101247,"POLR3A",0.282982549685029,0.000729347132904964
"ENSG00000148680","HTR7",0.388253294928571,0.0298108812303867,"HTR7",0.439271733999172,0.00761315885792935
"ENSG00000148925","BTBD10",0.412992959298341,1.81055448304184e-07,"BTBD10",0.603681134323995,1.14236045378358e-14
"ENSG00000149115","TNKS1BP1",0.290684935616515,0.00444458698951001,"TNKS1BP1",0.257684320646116,0.0126311252101004
"ENSG00000149179","CSTPP1",1.01080394533902,1.70069184169548e-11,"CSTPP1",0.510370054744881,0.000308902744236929
"ENSG00000149260","CAPN5",0.356416575371098,0.0370065962534072,"CAPN5",0.386380067800678,0.0186422457230973
"ENSG00000149485","FADS1",0.334219057524118,6.70556183234335e-05,"FADS1",0.538331265274224,3.49076075699835e-11
"ENSG00000149541","B3GAT3",0.368158829219781,0.00421378710126202,"B3GAT3",0.327912054654801,0.010969741213435
"ENSG00000149577","SIDT2",1.09021365951716,2.97222580545583e-11,"SIDT2",0.503463278169659,0.00221192736938941
"ENSG00000149582","TMEM25",0.818182665161959,0.000473745064950124,"TMEM25",0.697110760882809,0.00269922651450804
"ENSG00000149743","TRPT1",0.730808385974852,1.0193596980243e-11,"TRPT1",0.235538637137838,0.0421727254416664
"ENSG00000149761","NUDT22",0.924311691272085,2.20000524312787e-27,"NUDT22",0.606628204918676,3.93112607773639e-12
"ENSG00000149932","TMEM219",1.05441621036817,4.11172351028862e-24,"TMEM219",0.64796395401219,6.31834155553659e-10
"ENSG00000149948","HMGA2",0.880030426645422,4.61023989900513e-11,"HMGA2",0.963034850381062,1.23213478697205e-12
"ENSG00000149968","MMP3",2.53221483576045,3.47887697978383e-13,"MMP3",2.55674957072965,4.93898130848053e-13
"ENSG00000150630","VEGFC",0.352434756579964,0.0196685126690831,"VEGFC",0.3609220073186,0.0146053993979432
"ENSG00000150764","DIXDC1",0.939728974101721,5.59439421178801e-13,"DIXDC1",0.808498030979297,5.40033628445249e-10
"ENSG00000150961","SEC24D",0.616208223702789,2.59225224504988e-08,"SEC24D",0.579537174767347,1.50652180660595e-07
"ENSG00000150967","ABCB9",0.58590236819102,0.000103428680272808,"ABCB9",0.713254823395643,1.39806754912347e-06
"ENSG00000150991","UBC",0.302415373955501,4.89752034914125e-06,"UBC",0.262884845114402,0.000102820024223423
"ENSG00000151023","ENKUR",0.565459812822826,0.0334468964104148,"ENKUR",0.542335213272411,0.0251570378812331
"ENSG00000151062","CACNA2D4",0.543905016358689,6.08381849093383e-06,"CACNA2D4",0.330089231612022,0.00785961800821806
"ENSG00000151065","DCP1B",0.645682313177711,9.48936407082234e-06,"DCP1B",0.74724719682152,1.66144086314606e-07
"ENSG00000151090","THRB",1.0798496607132,4.5665605415504e-05,"THRB",1.13733757358279,3.35565454748356e-06
"ENSG00000151116","UEVLD",0.447980857001446,3.02355417062458e-05,"UEVLD",0.298002621086511,0.00723051043623575
"ENSG00000151131","NOPCHAP1",0.233618070388502,0.0202558777110039,"NOPCHAP1",0.258864852216623,0.0104822250427322
"ENSG00000151135","TMEM263",0.533503604028777,1.48762039218813e-08,"TMEM263",0.245152029674623,0.0143599952839277
"ENSG00000151176","PLBD2",0.767936444223384,7.89070094230541e-09,"PLBD2",0.531589352858718,6.1782660135867e-05
"ENSG00000151327","FAM177A1",0.810601707885392,8.58544589691787e-28,"FAM177A1",0.629279474507414,5.14606021306978e-17
"ENSG00000151474","FRMD4A",0.244470760261846,0.0334620741117735,"FRMD4A",0.541332079554771,2.79356073599821e-07
"ENSG00000151689","INPP1",0.756320617994269,5.29116821233904e-12,"INPP1",0.516845326650588,2.06093416791833e-06
"ENSG00000151693","ASAP2",0.258842664102541,0.0121241339234072,"ASAP2",0.276174689482581,0.00623928995643805
"ENSG00000151729","SLC25A4",0.331514789360399,0.00344642056190347,"SLC25A4",0.335737965772166,0.0024953853645355
"ENSG00000151773","CCDC122",0.648369813889167,0.000150101392037969,"CCDC122",0.511907542948195,0.0013490920997014
"ENSG00000152061","RABGAP1L",0.357137436161971,0.0172565875260046,"RABGAP1L",0.452433309338782,0.00149896884559104
"ENSG00000152137","HSPB8",1.10647758181318,0.000485776396565277,"HSPB8",1.24558184394487,0.000465606347929319
"ENSG00000152229","PSTPIP2",0.781906801394915,8.89566785420358e-11,"PSTPIP2",1.17825210873132,2.79564932778739e-23
"ENSG00000152779","SLC16A12",0.841540632092902,0.00110404527401896,"SLC16A12",1.27211054371053,4.60776069621536e-05
"ENSG00000152931","PART1",1.40261785703904,7.5607616155601e-05,"PART1",1.36608226639038,0.00010011103309903
"ENSG00000153071","DAB2",0.419666922882782,0.0048102758307551,"DAB2",0.30375709231045,0.0402739131440218
"ENSG00000153214","TMEM87B",0.850087550687893,3.19176220098256e-16,"TMEM87B",0.420550210047106,0.000104590871286316
"ENSG00000153237","CCDC148",2.30490205702639,5.33943310388854e-19,"CCDC148",2.68537269542407,1.79615719701847e-22
"ENSG00000153406","NMRAL1",0.368338657228652,0.00081639202492751,"NMRAL1",0.262681971902,0.0164193291533713
"ENSG00000153558","FBXL2",1.06374459226501,9.4756266038608e-07,"FBXL2",1.06417341130578,2.69060775371347e-06
"ENSG00000153714","LURAP1L",1.38939544366754,1.37509859046194e-14,"LURAP1L",0.521965826584963,0.00144902260457248
"ENSG00000153944","MSI2",0.344572367926946,0.000258895610514931,"MSI2",0.560400937240072,9.23671423356319e-10
"ENSG00000154027","AK5",1.44190814332792,7.33149552792814e-13,"AK5",0.473861012528214,0.00635785651311427
"ENSG00000154134","ROBO3",0.503689465324368,0.000833732643268882,"ROBO3",0.454112791281413,0.00135500473453096
"ENSG00000154310","TNIK",0.436838662632525,0.00306140429757857,"TNIK",0.544397086120709,0.00012117569442059
"ENSG00000154767","XPC",0.376675926392969,0.00013908334346748,"XPC",0.601406635234917,2.41629015541863e-10
"ENSG00000154803","FLCN",0.456004588665654,3.01210905208345e-05,"FLCN",0.510406262529789,2.3662903795477e-06
"ENSG00000154813","DPH3",0.392366620688523,1.53815025613248e-05,"DPH3",0.202345359342785,0.0392947629115183
"ENSG00000155034","FBXL18",0.431517006961827,0.000276598938232638,"FBXL18",0.531049041469728,4.53173167297001e-06
"ENSG00000155099","PIP4P2",0.51902073528593,0.000233074610686159,"PIP4P2",0.280979960928597,0.0444765984569559
"ENSG00000155115","GTF3C6",0.265059717185879,0.000197828861761295,"GTF3C6",0.18911716374577,0.0121797451671527
"ENSG00000155254","MARVELD1",0.476776634799125,0.00162885237048822,"MARVELD1",0.436649541209242,0.0028489364926839
"ENSG00000155324","GRAMD2B",0.582923399237859,0.00301580534369642,"GRAMD2B",0.861653634094338,2.11621631021602e-05
"ENSG00000155363","MOV10",0.423661295012948,0.000726989638204764,"MOV10",0.469319232444699,9.16764493310693e-05
"ENSG00000155366","RHOC",0.524170847522285,1.25568862905455e-06,"RHOC",0.42820613106461,7.69060366518578e-05
"ENSG00000155744","HYCC2",0.508020717825699,0.000220620798614227,"HYCC2",0.418457421661181,0.00222261287065248
"ENSG00000156515","HK1",0.262200078500635,0.000892882749937849,"HK1",0.477421140207458,4.31173169535613e-10
"ENSG00000156521","TYSND1",0.618998491161829,1.33116041571137e-06,"TYSND1",0.430202896607188,0.00193883679193315
"ENSG00000156535","CD109",1.13551454390006,1.93082980174474e-31,"CD109",1.12682760218138,1.45082025100652e-32
"ENSG00000156587","UBE2L6",1.25347927853837,8.21499587315596e-16,"UBE2L6",0.583840148118092,0.000109910437898569
"ENSG00000156671","SAMD8",0.429553453444077,0.000226837247271599,"SAMD8",0.304523445366239,0.0117966189361663
"ENSG00000156860","FBRS",0.378550707839165,0.000216385595178328,"FBRS",0.540947373862296,8.24327339222862e-08
"ENSG00000156873","PHKG2",0.543062535956808,6.3049864664835e-07,"PHKG2",0.435487123809079,8.03613400489426e-05
"ENSG00000156973","PDE6D",0.712982830829193,4.35821913353217e-09,"PDE6D",0.400693808553646,0.000590388047978716
"ENSG00000157168","NRG1",0.399595420722069,0.00196145138697707,"NRG1",1.08962936415272,2.46106129572899e-17
"ENSG00000157193","LRP8",0.409509442270526,0.000846485073007438,"LRP8",0.344534068838889,0.00463609041177458
"ENSG00000157214","STEAP2",0.530054542235736,0.000120018505727473,"STEAP2",0.300766448829411,0.0289347747837068
"ENSG00000157227","MMP14",0.613384943358163,0.000952051708702877,"MMP14",0.547799803915991,0.00206125348169917
"ENSG00000157379","DHRS1",1.25039447104062,4.16055974706475e-31,"DHRS1",0.566425070277421,4.1429734690485e-07
"ENSG00000157613","CREB3L1",0.66504765947412,7.17315680255345e-05,"CREB3L1",0.334359531788119,0.0368039316535641
"ENSG00000157625","TAB3",0.319126522935574,0.0121241045068917,"TAB3",0.360793203434483,0.00238536904288687
"ENSG00000157873","TNFRSF14",2.07723922986359,1.4480107809476e-26,"TNFRSF14",2.00303549614144,2.83463098815595e-24
"ENSG00000158109","TPRG1L",0.826016095292544,1.4579277927856e-20,"TPRG1L",0.548780680714994,2.13322764253668e-09
"ENSG00000158156","XKR8",0.494080009316198,2.50805551368323e-06,"XKR8",0.520283880776598,1.69266558930129e-06
"ENSG00000158301","GPRASP2",0.566886493160183,0.00021361372848395,"GPRASP2",0.458675658601085,0.00255771748646156
"ENSG00000158315","RHBDL2",1.09275910264553,8.10912755812234e-05,"RHBDL2",0.796965545507546,0.00579770565098081
"ENSG00000158352","SHROOM4",0.556460803708766,0.0169022200054822,"SHROOM4",0.583924017964412,0.0100464494418349
"ENSG00000158560","DYNC1I1",0.810629144879586,0.000449144401333402,"DYNC1I1",1.0963383479398,6.57011809230622e-05
"ENSG00000158604","TMED4",0.5071993463945,7.85691252161058e-10,"TMED4",0.416131245383499,6.38920629718159e-07
"ENSG00000158715","SLC45A3",0.708335169475737,9.42545263581209e-07,"SLC45A3",0.313008553970526,0.037202583981566
"ENSG00000158769","F11R",0.431067499718286,0.0018493425360882,"F11R",0.452459794847539,0.00221828679607344
"ENSG00000158793","NIT1",0.929335312654936,1.55826607518155e-15,"NIT1",0.310234886021621,0.00917978443632264
"ENSG00000158825","CDA",0.858054199086435,2.02657449677847e-11,"CDA",0.350318503560402,0.00607672153980828
"ENSG00000158828","PINK1",0.972706414593605,4.51455693972753e-28,"PINK1",0.361436840974632,9.77520282314039e-05
"ENSG00000158882","TOMM40L",0.545148069026214,4.79495998592442e-07,"TOMM40L",0.318390758312528,0.00552733104274129
"ENSG00000159164","SV2A",0.393715548778969,0.000130690428698954,"SV2A",0.307358356650243,0.00322644446532376
"ENSG00000159214","CCDC24",0.73098338804902,0.000265679838750396,"CCDC24",0.735684294825216,0.000159569674448634
"ENSG00000159228","CBR1",0.69367914045506,1.31631869657968e-10,"CBR1",0.423574269931253,8.91561225000779e-05
"ENSG00000159231","CBR3",0.657571444486007,1.06361150517533e-05,"CBR3",0.663521769697529,5.21959121643332e-06
"ENSG00000159348","CYB5R1",0.657642920443593,1.86990526846738e-07,"CYB5R1",0.285282955774721,0.0321253500431066
"ENSG00000159388","BTG2",1.47058630107575,2.59537467041979e-15,"BTG2",2.2285110465942,5.54922355224229e-31
"ENSG00000159459","UBR1",0.41031304528777,1.05723375920963e-05,"UBR1",0.319864988076547,0.00063921339510779
"ENSG00000159685","CHCHD6",0.353972100052884,0.00866896706194097,"CHCHD6",0.287227736336959,0.0349713947823966
"ENSG00000159714","ZDHHC1",0.800566396730355,0.00439253320153721,"ZDHHC1",0.864070494624496,0.00279491138205713
"ENSG00000159884","CCDC107",0.425308100118051,0.0052011353481135,"CCDC107",0.363730463211346,0.0147022552624769
"ENSG00000159899","NPR2",1.0853955628022,1.01234439656455e-22,"NPR2",1.25488883357076,2.04781666533099e-29
"ENSG00000160013","PTGIR",0.952789282578194,0.000421984866084479,"PTGIR",1.12080603950799,9.61028899261631e-05
"ENSG00000160050","CCDC28B",0.9129117168589,1.95382794344344e-08,"CCDC28B",0.434450887502044,0.00541019072303168
"ENSG00000160058","BSDC1",0.5723215229986,2.27665993947797e-06,"BSDC1",0.314990305578479,0.0135864279385165
"ENSG00000160211","G6PD",0.900033656948563,4.46784003893166e-12,"G6PD",0.348554884900124,0.00708942096938612
"ENSG00000160213","CSTB",0.647888183542928,1.00774812338247e-12,"CSTB",0.365040800860231,8.95000662165645e-05
"ENSG00000160271","RALGDS",0.465559254348101,0.00517398308420888,"RALGDS",0.445120571142198,0.00555483587296072
"ENSG00000160284","SPATC1L",0.74450218241998,5.22686918994181e-05,"SPATC1L",0.566131509113368,0.00188468634377624
"ENSG00000160310","PRMT2",0.430267659207674,3.47492872817285e-08,"PRMT2",0.524271291238658,1.38956453385176e-11
"ENSG00000160360","GPSM1",0.394549382754435,0.00532146358283671,"GPSM1",0.385169083932419,0.00675336161373658
"ENSG00000160410","SHKBP1",0.666845980707742,4.94184992169136e-12,"SHKBP1",0.396590937335994,6.39121580545606e-05
"ENSG00000160446","ZDHHC12",0.354433526941485,0.00260958008323797,"ZDHHC12",0.539793146692888,1.13230712574482e-06
"ENSG00000160469","BRSK1",0.829103710256152,5.93122448061933e-06,"BRSK1",1.03175688803366,2.10439743667612e-07
"ENSG00000160570","DEDD2",0.476604911764784,0.000144915140264656,"DEDD2",0.533714965078831,1.93481570391305e-05
"ENSG00000160685","ZBTB7B",0.838292228569976,1.21373370333771e-05,"ZBTB7B",0.954288314972031,3.181985832092e-07
"ENSG00000160691","SHC1",0.637862072656898,1.86000693610083e-13,"SHC1",0.512372807448525,6.43283116208821e-09
"ENSG00000160695","VPS11",0.561517947104094,1.23750061949222e-05,"VPS11",0.426558187903508,0.00073946836965963
"ENSG00000160746","ANO10",0.601293201691684,3.34285126757202e-11,"ANO10",0.38827556513736,3.38556153359453e-05
"ENSG00000160767","ENTREP3",0.65626376385139,4.36920646182352e-10,"ENTREP3",0.474588479729918,1.32201990463209e-05
"ENSG00000160789","LMNA",0.581416504914232,1.6830709973872e-08,"LMNA",0.885687014957823,1.47781610503028e-17
"ENSG00000160813","PPP1R35",0.280784626041569,0.0225511300286289,"PPP1R35",0.31138285782363,0.00896578173191566
"ENSG00000160932","LY6E",0.232871981693812,0.0124559426341922,"LY6E",0.204888315562486,0.030798737856852
"ENSG00000160948","VPS28",0.682663739035322,2.87989233605538e-10,"VPS28",0.401100904770382,0.000244558275029304
"ENSG00000160972","PPP1R16A",0.461547449915378,0.000196432377123256,"PPP1R16A",0.330063545806347,0.0070785766086881
"ENSG00000160991","ORAI2",0.441756691610738,1.66461854306561e-05,"ORAI2",0.214906555895806,0.0491839220659088
"ENSG00000161011","SQSTM1",0.969764423160825,2.74364487243259e-10,"SQSTM1",0.738228764287475,1.23777702384174e-06
"ENSG00000161204","ABCF3",0.670465564186788,2.83583788965877e-10,"ABCF3",0.236575838983607,0.0457543787770801
"ENSG00000161217","PCYT1A",0.564409637885534,6.50491219135293e-16,"PCYT1A",0.568978897359172,6.30005044612921e-16
"ENSG00000161249","DMKN",0.433120136924433,2.01392123241223e-05,"DMKN",0.391145037560855,5.84119798978188e-05
"ENSG00000161277","THAP8",1.00792868615751,3.70961759062089e-06,"THAP8",0.372672182266315,0.0492624045605936
"ENSG00000161509","GRIN2C",0.651149042159877,0.0243648954826936,"GRIN2C",0.695530643587842,0.0125819554809029
"ENSG00000161513","FDXR",1.52864399592018,1.91948935796746e-25,"FDXR",1.96396472440486,1.45808887141355e-39
"ENSG00000161526","SAP30BP",0.193414968814776,0.0137173312886418,"SAP30BP",0.191866768728151,0.0166578084956019
"ENSG00000161533","ACOX1",0.817249310039326,2.0750952846822e-16,"ACOX1",0.789557594952741,6.50298801276021e-15
"ENSG00000161544","CYGB",1.45451139864911,4.34507071028147e-06,"CYGB",1.40779911834724,3.67610286685047e-07
"ENSG00000161642","ZNF385A",0.666331499187763,9.45369207771909e-05,"ZNF385A",0.949007087912907,4.73585800670887e-08
"ENSG00000161653","NAGS",0.888983221840644,0.00029391617717291,"NAGS",0.981971790906132,7.09233592183482e-05
"ENSG00000161677","JOSD2",0.543833519794055,0.00153618886420483,"JOSD2",0.366730519879682,0.0278272948454177
"ENSG00000161681","SHANK1",0.860946429662086,7.77056251642468e-08,"SHANK1",0.828670203029881,1.15505159509744e-07
"ENSG00000161714","PLCD3",0.547079971409171,7.18892812820579e-07,"PLCD3",0.64419170582131,2.78607032531275e-09
"ENSG00000162236","STX5",0.277144200635313,0.0185143226667581,"STX5",0.398858975882674,0.000316919779879539
"ENSG00000162300","ZFPL1",0.732624737496666,2.02970325658499e-10,"ZFPL1",0.340220796457481,0.00423469507605671
"ENSG00000162378","ZYG11B",0.273638101504736,0.00214245575812866,"ZYG11B",0.546544721665,6.14943222030388e-11
"ENSG00000162458","FBLIM1",0.77161385058081,5.96481985830599e-10,"FBLIM1",0.472886588049819,0.000136096490024433
"ENSG00000162520","SYNC",1.92022997700505,2.15984331355206e-25,"SYNC",1.15633478330844,4.67739413780967e-11
"ENSG00000162522","NHSL3",0.567179735496739,0.000275936950613807,"NHSL3",0.836980082547718,2.16689450862599e-08
"ENSG00000162616","DNAJB4",0.375029413084213,0.0325196835272375,"DNAJB4",0.396015177113609,0.0156737742669858
"ENSG00000162627","SNX7",0.623260131943105,4.35821913353217e-09,"SNX7",0.723997158049038,1.13007928051707e-11
"ENSG00000162645","GBP2",0.874224685185176,4.8607936527474e-05,"GBP2",0.75909447910944,0.000455372627219309
"ENSG00000162772","ATF3",0.51218084038669,0.0159950469393088,"ATF3",1.13156779141331,9.41020319791132e-07
"ENSG00000162892","IL24",1.77218503890348,1.84987318521077e-08,"IL24",0.799217524087227,0.00315520794325671
"ENSG00000162894","FCMR",0.712635471965132,0.000730699045511967,"FCMR",0.598934553934487,0.017772034640705
"ENSG00000162910","MRPL55",0.468131740939147,3.83229030789131e-05,"MRPL55",0.268144096650642,0.0257943447526699
"ENSG00000162981","LRATD1",0.423447462376505,0.0297523016258202,"LRATD1",0.831284578184724,7.74328353499669e-05
"ENSG00000163071","SPATA18",1.13186611802789,5.81440138165268e-05,"SPATA18",1.81281126850959,4.86514165465551e-10
"ENSG00000163171","CDC42EP3",0.328754250512886,0.00561363694975693,"CDC42EP3",0.627029190530515,3.86441957509947e-08
"ENSG00000163191","S100A11",0.787416845608969,4.66151031849e-14,"S100A11",0.686718742975572,5.55169580048191e-11
"ENSG00000163216","SPRR2D",0.551814184652297,0.0481459657140963,"SPRR2D",1.2421401556518,0.000714365286112646
"ENSG00000163235","TGFA",0.644725443739835,2.13523994922001e-06,"TGFA",0.433199211407284,0.000980054798204075
"ENSG00000163328","GPR155",0.957963669468864,1.05982667840322e-10,"GPR155",0.859012703539491,7.35730631579565e-07
"ENSG00000163346","PBXIP1",1.13466300679977,5.02060819200064e-09,"PBXIP1",0.566563411509004,0.00222919149289758
"ENSG00000163462","TRIM46",0.69041750539695,0.00871182895449676,"TRIM46",0.525031517290023,0.0223456853486795
"ENSG00000163513","TGFBR2",0.588084651979855,3.17512797533797e-09,"TGFBR2",0.482901492605578,1.10701687302724e-06
"ENSG00000163577","EIF5A2",0.488537559588741,1.34338802865897e-05,"EIF5A2",0.254613768168001,0.0255494194177458
"ENSG00000163637","PRICKLE2",0.864485850708611,5.31432357647711e-10,"PRICKLE2",0.734370006430894,9.23719041397976e-09
"ENSG00000163644","PPM1K",1.08048453166341,6.23453082420135e-16,"PPM1K",1.16615634885629,4.00513196070852e-11
"ENSG00000163659","TIPARP",0.671391105954765,1.73506232016864e-10,"TIPARP",0.545508249781078,1.86004048044923e-07
"ENSG00000163683","SMIM14",1.51339937638799,7.59588637965426e-14,"SMIM14",0.844999831174603,1.72381539133238e-05
"ENSG00000163689","CFAP20DC",0.511553751523244,0.0126141558751519,"CFAP20DC",1.22713943233374,1.68869010876626e-08
"ENSG00000163702","IL17RC",1.25621501931431,1.19220297858249e-07,"IL17RC",1.46481080284397,1.94496714910574e-09
"ENSG00000163704","PRRT3",0.523734585553268,0.00551872785309654,"PRRT3",0.60424037329433,0.00146885760246954
"ENSG00000163754","GYG1",0.259518758997993,0.0401913423430887,"GYG1",0.280665602222106,0.0228841371033737
"ENSG00000163798","SLC4A1AP",0.234185286676292,0.00387122220733706,"SLC4A1AP",0.182443642517485,0.0324846693317995
"ENSG00000163814","CDCP1",0.361964424893755,0.00331345821586153,"CDCP1",0.824225874223127,0.000137752109570258
"ENSG00000163840","DTX3L",0.225743656335816,0.0216012481865516,"DTX3L",0.328796965749592,0.000368716772543835
"ENSG00000163932","PRKCD",0.740798664945599,4.76543175904033e-11,"PRKCD",0.415236852667899,0.00026139333316816
"ENSG00000163947","ARHGEF3",0.514498183239349,0.00234011630953194,"ARHGEF3",0.597356398810853,0.000304935288663954
"ENSG00000163993","S100P",1.3253491628634,0.000191460864545428,"S100P",1.120570784505,0.000423784515186888
"ENSG00000164054","SHISA5",0.686050378685847,3.53871190221896e-26,"SHISA5",0.48882147875449,2.12620608048267e-13
"ENSG00000164114","MAP9",0.560280914715603,2.29849994586385e-12,"MAP9",0.19363969445435,0.0265248191329775
"ENSG00000164142","FHIP1A",0.59139458319469,0.000674630343247522,"FHIP1A",0.562753015664211,0.000438349827422708
"ENSG00000164171","ITGA2",0.345085188853898,0.036794710858587,"ITGA2",0.676045719132743,2.43553382515426e-05
"ENSG00000164221","CCDC112",0.322560571518406,0.000647021019979499,"CCDC112",0.668364058489501,8.04198387245922e-14
"ENSG00000164237","CMBL",0.995806931995279,1.49717029226657e-24,"CMBL",1.03146670853166,1.26369286957765e-26
"ENSG00000164244","PRRC1",0.310588724889569,0.000188641173228307,"PRRC1",0.310976258246916,0.000209855031134437
"ENSG00000164331","ANKRA2",0.570311747441223,3.02897474162726e-05,"ANKRA2",0.361228593839045,0.00690833941543753
"ENSG00000164402","SEPTIN8",0.258183828965202,0.00327601391242043,"SEPTIN8",0.41726903167534,5.65035097338249e-07
"ENSG00000164463","CREBRF",0.573656379469379,0.000370020788504021,"CREBRF",0.468079609467255,0.0028609995253559
"ENSG00000164543","STK17A",0.565583081152512,6.33051817706886e-10,"STK17A",0.654051297968522,7.1226791005343e-13
"ENSG00000164615","CAMLG",0.622675574469325,8.35699250450408e-09,"CAMLG",0.300476816377514,0.00783128212509462
"ENSG00000164713","BRI3",0.832357102601619,2.07826070768325e-19,"BRI3",0.611503086761405,6.587324436262e-11
"ENSG00000164885","CDK5",0.598858252936125,3.07367122664416e-08,"CDK5",0.336915317185222,0.0024522627946971
"ENSG00000164938","TP53INP1",1.71695873474783,1.58256048638588e-24,"TP53INP1",2.06033723980245,9.00329561950993e-32
"ENSG00000165029","ABCA1",1.00854776320727,3.13469462758685e-07,"ABCA1",0.560922961324509,0.00311745458180737
"ENSG00000165169","DYNLT3",0.578722521337783,2.03602227311183e-07,"DYNLT3",0.558871175772553,8.94621977009882e-07
"ENSG00000165171","METTL27",0.556125718867398,0.00353271326506895,"METTL27",0.487658045862914,0.00719661030965783
"ENSG00000165240","ATP7A",0.415324864003509,0.0356245639462748,"ATP7A",0.717517387693469,0.000192437373514161
"ENSG00000165280","VCP",0.145900930987424,0.00780428976379959,"VCP",0.289402615146296,2.80891182678715e-08
"ENSG00000165355","FBXO33",0.246493839483223,0.0333495022367808,"FBXO33",0.299089478207963,0.0101335774511401
"ENSG00000165410","CFL2",0.447841209590554,6.24199355286348e-05,"CFL2",0.444949657229329,5.4695263350295e-05
"ENSG00000165424","ZCCHC24",0.445296520428399,0.00101860633965549,"ZCCHC24",0.297631670480169,0.0293084872642597
"ENSG00000165434","PGM2L1",1.18216944469505,3.81280467576276e-17,"PGM2L1",0.936975312441437,1.91781919741689e-11
"ENSG00000165458","INPPL1",0.762254489851133,7.4791778280281e-11,"INPPL1",0.88625019288963,9.01593930021252e-14
"ENSG00000165475","CRYL1",0.971156561462232,1.17597811587194e-07,"CRYL1",0.621957038567777,0.000296610969300665
"ENSG00000165527","ARF6",0.366478250174378,3.71143656105803e-07,"ARF6",0.413939956840113,7.84738895138137e-09
"ENSG00000165804","ZNF219",1.26389182720295,3.05147545514742e-29,"ZNF219",1.5044543038516,4.05374618341728e-44
"ENSG00000165813","CCDC186",0.284555318445139,0.00783141534896566,"CCDC186",0.451746717068797,7.94731093548126e-06
"ENSG00000165861","ZFYVE1",0.808133431671187,2.9088175207233e-14,"ZFYVE1",0.98076988132217,4.07659232856166e-17
"ENSG00000165912","PACSIN3",0.241656625183102,0.0239761676996832,"PACSIN3",0.718763391522463,8.10477850211198e-14
"ENSG00000165915","SLC39A13",0.893242241791141,5.31084731724605e-20,"SLC39A13",0.357774210842763,0.000529035692895205
"ENSG00000165949","IFI27",1.35006018701452,2.98564055523069e-15,"IFI27",0.512268647943817,0.00654173635063303
"ENSG00000166167","BTRC",0.445989762732448,1.96909655823153e-05,"BTRC",0.326404112194258,0.00269752168636612
"ENSG00000166171","DPCD",0.776875607252481,1.25901881950479e-11,"DPCD",0.380635508024788,0.00150832441010653
"ENSG00000166250","CLMP",0.661389516425279,2.66726815477555e-10,"CLMP",0.246750725212765,0.0257581056593587
"ENSG00000166272","WBP1L",0.596054637490747,3.46098814673936e-14,"WBP1L",0.571386110498786,4.61658293909146e-13
"ENSG00000166289","PLEKHF1",1.05711657945859,2.76766573754317e-12,"PLEKHF1",1.01668922085306,7.36515934337999e-12
"ENSG00000166311","SMPD1",0.664421574859873,5.00017781480324e-10,"SMPD1",0.26629977876444,0.0211619707813658
"ENSG00000166340","TPP1",0.830314507181077,1.3512033326828e-11,"TPP1",0.361096846617966,0.00436017417766157
"ENSG00000166415","WDR72",0.656130819755233,0.0227061944304782,"WDR72",0.82996868206519,0.00438471665940347
"ENSG00000166452","AKIP1",0.24290568417221,0.00834422206492894,"AKIP1",0.362752287766947,3.98059063645469e-05
"ENSG00000166562","SEC11C",0.332359022705151,0.00165256243598501,"SEC11C",0.390938022436774,0.000155654912703831
"ENSG00000166619","BLCAP",0.746505327966021,1.87544477567037e-12,"BLCAP",0.351675793369176,0.00173598503979833
"ENSG00000166681","BEX3",0.628388913104719,2.64891572942968e-15,"BEX3",0.407574285603269,4.49115795508211e-07
"ENSG00000166886","NAB2",0.454269883419709,0.00150302102135888,"NAB2",0.531343647314407,0.000183343761835855
"ENSG00000166888","STAT6",0.597029630314783,2.07317304881337e-21,"STAT6",0.217700098623749,0.00133917335350163
"ENSG00000166908","PIP4K2C",0.630302663053315,1.24908615474132e-06,"PIP4K2C",0.319822910755909,0.0156270275389356
"ENSG00000166922","SCG5",1.57203170339559,1.11114356347066e-12,"SCG5",0.861072988655436,5.312939303022e-05
"ENSG00000166963","MAP1A",1.62043843620323,1.2317379868819e-19,"MAP1A",1.81375285065063,2.00121897774772e-21
"ENSG00000166974","MAPRE2",0.402684653552752,0.000865041043647942,"MAPRE2",0.293820319748099,0.0220253851470291
"ENSG00000167065","DUSP18",0.695678346964883,1.3243242165249e-06,"DUSP18",1.03075217247903,1.60226769140169e-12
"ENSG00000167083","GNGT2",0.930636109195887,9.95001995333545e-05,"GNGT2",0.842914546321198,0.000183159587307022
"ENSG00000167105","TMEM92",1.26301637139864,2.8883785787412e-06,"TMEM92",1.96748013392067,2.53324075755008e-13
"ENSG00000167106","EEIG1",0.487346326419299,0.00123816604022668,"EEIG1",0.967606345945155,1.71660354661537e-10
"ENSG00000167107","ACSF2",1.67789330719512,1.9164471124896e-13,"ACSF2",1.0001709902598,4.8502171176837e-05
"ENSG00000167110","GOLGA2",0.486315836472605,5.9857083504715e-07,"GOLGA2",0.593799611582623,8.08940919029512e-10
"ENSG00000167196","FBXO22",0.473369496358263,5.17884633411668e-08,"FBXO22",0.434114069296679,4.49115795508211e-07
"ENSG00000167378","IRGQ",0.590371076369941,0.000104460407305476,"IRGQ",0.609946732287523,5.00166087303947e-05
"ENSG00000167470","MIDN",0.249209527138807,0.0339495973685063,"MIDN",0.432418570251896,7.10157827150135e-05
"ENSG00000167528","ZNF641",0.542151460113287,0.0111700277219732,"ZNF641",0.473743106605085,0.0120410890684831
"ENSG00000167535","CACNB3",0.869857519982917,1.18347335819472e-11,"CACNB3",0.828150142137717,3.34658171832489e-10
"ENSG00000167543","TP53I13",0.330909865404868,0.0214991350051613,"TP53I13",0.491241537120255,0.000279042752534108
"ENSG00000167625","ZNF526",0.380574640144811,0.00591013214423662,"ZNF526",0.462973293361142,0.000608717867587681
"ENSG00000167637","ZNF283",0.533478975700826,0.000724984074108013,"ZNF283",0.455773446269192,0.00265929288819244
"ENSG00000167656","LY6D",1.71232878423351,6.38130030060096e-05,"LY6D",1.47668960394884,0.000485319401856149
"ENSG00000167733","HSD11B1L",0.733482726532779,0.000925353600573157,"HSD11B1L",0.458890074982652,0.0257828561674448
"ENSG00000167925","GHDC",0.894585266239841,2.99198952045095e-07,"GHDC",0.349393698344734,0.0339153729548221
"ENSG00000167996","FTH1",1.63416285070285,1.89732481067969e-24,"FTH1",1.20528180035943,2.31702371853487e-13
"ENSG00000168016","TRANK1",1.44763162047863,1.40704929584609e-07,"TRANK1",0.750970511529434,0.0042778717939054
"ENSG00000168067","MAP4K2",0.691844274114612,2.52900091923286e-06,"MAP4K2",0.771986274605188,1.87708209699108e-07
"ENSG00000168090","COPS6",0.25493315358653,2.79153689729385e-05,"COPS6",0.142068242696578,0.0344473411202
"ENSG00000168243","GNG4",0.593991466427575,0.000677914095622345,"GNG4",0.605830888330392,0.00173687166320175
"ENSG00000168394","TAP1",0.981091718082828,8.55672534579295e-12,"TAP1",0.609339209003597,1.69193551986717e-05
"ENSG00000168569","TMEM223",0.608406833319726,1.25425649424634e-09,"TMEM223",0.373920405261115,0.000210318764716454
"ENSG00000168591","TMUB2",0.679046661848123,9.27456777585576e-15,"TMUB2",0.493659391776824,2.95326041234148e-08
"ENSG00000168610","STAT3",0.287144124065747,0.00093467211840745,"STAT3",0.606351319530796,3.34125976572606e-13
"ENSG00000168621","GDNF",0.567911291006418,0.000150262148629438,"GDNF",1.0837883890542,7.46970899020939e-15
"ENSG00000168734","PKIG",0.543540357069021,0.000343488125680213,"PKIG",0.459877254303948,0.00481539808040274
"ENSG00000168778","TCTN2",0.615028288046254,0.000233575036629953,"TCTN2",1.00886354979983,4.17253006354439e-09
"ENSG00000168779","SHOX2",0.387597975527878,8.29244456695485e-06,"SHOX2",0.497813077820636,3.14843798729724e-09
"ENSG00000168792","ABHD15",0.567613092371691,1.45972650223637e-05,"ABHD15",0.399010177802533,0.00223684968933124
"ENSG00000168803","MAPDA",0.351717716606915,0.000329314941285704,"MAPDA",0.254147619670708,0.0106889700890605
"ENSG00000168811","IL12A",0.788274348099962,0.00277802912159251,"IL12A",0.513032198381991,0.0239447429462443
"ENSG00000168824","NSG1",0.723480943125834,0.0128000263357808,"NSG1",1.72869635098783,0.000131804918390073
"ENSG00000168894","RNF181",0.80911207407853,3.79915797794372e-14,"RNF181",0.253481108795752,0.0255217497282106
"ENSG00000168904","LRRC28",0.506965109797191,0.00136054644977972,"LRRC28",0.349869983808969,0.0231061775521593
"ENSG00000168917","SLC35G2",0.626993920542432,1.88942309127099e-06,"SLC35G2",0.41559641743744,0.00113944921212568
"ENSG00000169118","CSNK1G1",0.657858064298638,3.59558640824807e-14,"CSNK1G1",0.632935954393629,4.89531060263595e-13
"ENSG00000169169","CPT1C",1.14129843819806,0.000967337511072006,"CPT1C",1.43472002414544,0.000412007085069065
"ENSG00000169220","RGS14",1.06996337199341,8.71764382883671e-13,"RGS14",0.423748774848384,0.00433524251969178
"ENSG00000169241","SLC50A1",1.04989225149527,1.11868889834578e-16,"SLC50A1",0.291534092469481,0.0242479561186926
"ENSG00000169359","SLC33A1",0.835397001123801,2.7828292709657e-12,"SLC33A1",0.378853976746932,0.0016728741462795
"ENSG00000169432","SCN9A",0.766466213531898,0.00322866275960158,"SCN9A",0.418443371424782,0.045709391030158
"ENSG00000169592","INO80E",0.364107478865922,5.82085980291386e-05,"INO80E",0.542246938631072,7.01718459010333e-10
"ENSG00000169599","NFU1",0.413132637598427,3.01669884324644e-05,"NFU1",0.248811242771135,0.0166046381023967
"ENSG00000169733","RFNG",0.889849901761331,2.23338427817567e-14,"RFNG",0.589375585561239,5.00782335487633e-07
"ENSG00000169992","NLGN2",0.473755033785457,0.00126883663534141,"NLGN2",0.42103118494272,0.0039132414816478
"ENSG00000170006","TMEM154",0.403510517537593,0.000141350149591709,"TMEM154",0.382912383577128,0.000373078936865743
"ENSG00000170043","TRAPPC1",0.57624342296794,1.12826967178035e-08,"TRAPPC1",0.435723077742651,1.89514506748927e-05
"ENSG00000170175","CHRNB1",1.45990396683182,6.90244988082626e-14,"CHRNB1",0.490673542835341,0.00697315317490711
"ENSG00000170214","ADRA1B",0.576727059077133,0.0415999314127202,"ADRA1B",0.590070692528389,0.0251114724066932
"ENSG00000170464","DNAJC18",0.560650696153512,3.04532143769166e-06,"DNAJC18",0.493926746392809,4.89703763952466e-05
"ENSG00000170471","RALGAPB",0.203710706010938,0.0417222449932704,"RALGAPB",0.411866513748538,5.57156002081401e-06
"ENSG00000170485","NPAS2",0.411256966847222,0.000324171904916848,"NPAS2",0.343224722994657,0.00294451496714688
"ENSG00000170537","TMC7",0.302659660944928,0.0442088499259117,"TMC7",0.589901791257182,1.53191533683044e-05
"ENSG00000170581","STAT2",1.03333234733929,1.473423540969e-13,"STAT2",0.643481942697925,1.41134649085073e-06
"ENSG00000170653","ATF7",0.351744832499529,0.0161905680552115,"ATF7",0.277838673894715,0.0428009824495985
"ENSG00000170734","POLH",0.339493931004865,0.00289611985680634,"POLH",0.964303738744249,3.35960560619983e-18
"ENSG00000170855","TRIAP1",0.55578127892507,1.11250000106303e-06,"TRIAP1",0.397832663910817,0.000505080055035551
"ENSG00000171033","PKIA",0.317454700294761,0.00275862414963359,"PKIA",0.649217171661224,2.1818318122011e-11
"ENSG00000171160","MORN4",0.740033825358765,1.91608126843297e-05,"MORN4",0.645412641452531,0.000562880838748443
"ENSG00000171174","RBKS",1.13728354108835,4.76339728277292e-05,"RBKS",1.35091091815706,1.91912559970339e-05
"ENSG00000171425","ZNF581",0.490040337448524,3.16487481485597e-06,"ZNF581",0.301849326924099,0.0066334838688186
"ENSG00000171444","MCC",0.944351990830385,4.10790612677159e-14,"MCC",1.05152505311431,3.3645820847739e-18
"ENSG00000171466","ZNF562",0.252366881523439,0.0208588888639311,"ZNF562",0.222502518948188,0.0405405116632823
"ENSG00000171475","WIPF2",0.251873399446452,0.00213786421428404,"WIPF2",0.261428112626971,0.00144902260457248
"ENSG00000171552","BCL2L1",1.1165606390124,1.54200065045332e-15,"BCL2L1",1.39488308472364,1.39425840909121e-22
"ENSG00000171680","PLEKHG5",1.0752679650389,1.07996027971402e-13,"PLEKHG5",0.793044051214242,6.25258978656783e-08
"ENSG00000171813","PWWP2B",0.901455867254157,8.90184522890039e-05,"PWWP2B",0.767572992098316,0.000316359588320639
"ENSG00000171889","MIR31HG",1.15850662147291,1.67335635040369e-07,"MIR31HG",0.705897619703556,0.000258697407513245
"ENSG00000171903","CYP4F11",1.70934212288035,5.88113820353193e-05,"CYP4F11",1.01490910019643,0.0027571323603132
"ENSG00000172037","LAMB2",1.31188889778551,3.29578998178334e-23,"LAMB2",0.7184958140391,6.23160042829367e-08
"ENSG00000172053","QARS1",0.501911688781062,4.27859642697368e-11,"QARS1",0.287295108048309,0.000311300058879182
"ENSG00000172081","MOB3A",0.515168087946014,4.28061214091098e-06,"MOB3A",0.963200616158659,5.00823830097806e-18
"ENSG00000172086","KRCC1",0.98756594981084,3.62088667614438e-11,"KRCC1",0.580995462006091,8.83974208212522e-05
"ENSG00000172296","SPTLC3",0.654290894131783,7.35140450174529e-05,"SPTLC3",0.388315646622233,0.00905595281420332
"ENSG00000172331","BPGM",0.592712628625453,0.000232052809505561,"BPGM",0.57694096448973,0.000137340085157264
"ENSG00000172465","TCEAL1",0.735305946412166,5.23441375630337e-07,"TCEAL1",0.727311422136199,3.52106950359467e-07
"ENSG00000172493","AFF1",0.342857066330497,0.00902325124745995,"AFF1",0.470600280680369,0.000160887263372661
"ENSG00000172661","WASHC2C",0.428418985573505,0.000865882694480546,"WASHC2C",0.51626453866875,4.83288829282511e-05
"ENSG00000172663","TMEM134",0.992515138186299,5.02207600920674e-13,"TMEM134",0.413452430171862,0.00392426834872658
"ENSG00000172667","ZMAT3",0.965047988752842,1.18715082487167e-15,"ZMAT3",0.847535986092636,3.5416971908112e-12
"ENSG00000172725","CORO1B",0.747950192350324,2.08609089903228e-13,"CORO1B",0.48403390102791,3.20269266163504e-06
"ENSG00000172738","TMEM217",1.59180248802847,1.06326527548493e-07,"TMEM217",2.07812572793518,2.02876798231059e-08
"ENSG00000172765","TMCC1",0.564355225882159,3.57164678322526e-06,"TMCC1",0.61273857223993,4.46117689086825e-07
"ENSG00000172819","RARG",0.413416616235569,0.00224715241637004,"RARG",0.268865699476308,0.0463750234408057
"ENSG00000172831","CES2",0.80271562299733,4.12275754977321e-12,"CES2",0.73847569722176,1.91559314843081e-10
"ENSG00000172889","EGFL7",0.887525916216239,1.26859875790339e-05,"EGFL7",0.940816288155397,2.72625307532607e-05
"ENSG00000172890","NADSYN1",0.79388133350425,1.43714379370632e-11,"NADSYN1",0.438861862823342,0.000213545486251598
"ENSG00000172992","DCAKD",0.441020963065373,0.000772578491191512,"DCAKD",0.278653292691646,0.0355372405375225
"ENSG00000173065","FAM222B",0.331540289781025,0.0042910189582426,"FAM222B",0.402622387029304,0.000353130880098597
"ENSG00000173110","HSPA6",1.38858984516459,4.29073123291593e-05,"HSPA6",3.25447196339747,9.34969139894118e-07
"ENSG00000173163","COMMD1",0.535796443013515,1.70161992078313e-08,"COMMD1",0.292152173829378,0.00328559371728162
"ENSG00000173193","PARP14",0.689741655214881,4.84911774440313e-06,"PARP14",0.41490497128125,0.00434978816903894
"ENSG00000173210","ABLIM3",0.544539394999849,0.000252229873895592,"ABLIM3",0.573679522821411,8.74804822715566e-05
"ENSG00000173221","GLRX",1.04051807681839,1.29733510474735e-11,"GLRX",0.398727642097575,0.00719785296028619
"ENSG00000173327","MAP3K11",0.349167112768405,0.0011389099878554,"MAP3K11",0.274474144013077,0.0151538148893923
"ENSG00000173442","EHBP1L1",0.34295979444166,0.0234363829259594,"EHBP1L1",0.664631397997182,7.64807965015033e-06
"ENSG00000173511","VEGFB",0.428148041662112,6.86820044104924e-06,"VEGFB",0.384390614733241,3.47963872021443e-05
"ENSG00000173546","CSPG4",1.17451589233526,6.71873680650584e-14,"CSPG4",1.7477779874622,1.39175008859853e-28
"ENSG00000173548","SNX33",0.523883139623218,1.4154355994533e-05,"SNX33",0.26391065322958,0.0400436950323136
"ENSG00000173559","NABP1",0.720210156273161,1.03306255255304e-08,"NABP1",0.427515787436252,0.000699035959205329
"ENSG00000173581","CCDC106",0.889789508445109,4.8863383126793e-08,"CCDC106",0.57016692249325,0.000590018599414804
"ENSG00000173614","NMNAT1",1.09959082517303,1.73449011166876e-11,"NMNAT1",0.775004545204266,2.51311740253683e-06
"ENSG00000173692","PSMD1",0.198555704814652,7.11107599374201e-05,"PSMD1",0.287512539597829,4.81261405600355e-09
"ENSG00000173821","RNF213",0.463993315587602,1.04657009184987e-05,"RNF213",0.65693044251452,2.36687010617948e-10
"ENSG00000173846","PLK3",0.751631384228218,3.12609469036878e-10,"PLK3",0.928651525210934,5.05880281627469e-14
"ENSG00000173992","CCS",1.22701663255379,5.71542769376215e-18,"CCS",0.410631225302614,0.00302276639823561
"ENSG00000174007","CEP19",0.448407269658997,0.00998617010625204,"CEP19",0.387680841148488,0.0167766382854902
"ENSG00000174132","FAM174A",0.508449988494089,0.00544273943880753,"FAM174A",0.362592546632201,0.0450789953877274
"ENSG00000174165","ZDHHC24",0.65259611667683,9.97457437396639e-08,"ZDHHC24",0.304472645803092,0.0184073107024186
"ENSG00000174282","ZBTB4",0.414680985564645,0.000296006686723106,"ZBTB4",0.839115577577726,1.20907442734115e-13
"ENSG00000174307","PHLDA3",0.831586117545593,4.58787049177438e-10,"PHLDA3",1.30972911169126,8.11254561240647e-22
"ENSG00000174652","ZNF266",0.456474252656986,0.0105051077280717,"ZNF266",0.405238006931648,0.00945042199944201
"ENSG00000174684","B4GAT1",0.761727873296575,2.05833464259158e-13,"B4GAT1",0.859670251843423,7.29215136839773e-17
"ENSG00000174718","RESF1",0.316677567783417,0.035055414344887,"RESF1",0.554395797737491,0.000104765556014711
"ENSG00000174791","RIN1",0.478979792046176,1.63562456458643e-08,"RIN1",0.845987059381576,2.83217672700633e-26
"ENSG00000175182","FAM131A",0.707297922904761,2.10688417677337e-10,"FAM131A",0.305936288872685,0.00816346122801657
"ENSG00000175203","DCTN2",0.541981571781531,1.56176160289418e-19,"DCTN2",0.368966167653127,2.38432976042265e-09
"ENSG00000175348","TMEM9B",0.576800347603296,4.41483178682236e-12,"TMEM9B",0.262086594329827,0.00335854353733352
"ENSG00000175352","NRIP3",0.395413304846227,0.00325288300752079,"NRIP3",1.0703276394393,4.21777288334037e-15
"ENSG00000175414","ARL10",0.634758278162232,0.0178374595868053,"ARL10",0.642546255614827,0.00610054822061545
"ENSG00000175550","DRAP1",0.195597911376509,0.0212353857879864,"DRAP1",0.275458826350517,0.000775579808794374
"ENSG00000175573","C11orf68",0.359551300854418,0.00364619802605508,"C11orf68",0.447351894864775,0.000171537728070726
"ENSG00000175582","RAB6A",0.26767311015842,0.00113709920803034,"RAB6A",0.379904028010586,2.06482180834074e-06
"ENSG00000175600","SUGCT",0.979587823748331,2.85922600052341e-08,"SUGCT",0.856547275177379,2.92323953140685e-06
"ENSG00000175634","RPS6KB2",0.269296511903604,0.0128907332233049,"RPS6KB2",0.29299787191083,0.00755779466775835
"ENSG00000175662","TOM1L2",0.744032082321017,1.27125061998822e-07,"TOM1L2",0.80088332768107,3.36546607949318e-08
"ENSG00000175764","TTLL11",0.307355647712002,0.0460540116745425,"TTLL11",0.388187542022552,0.00519939473978581
"ENSG00000175793","SFN",1.24824529991381,2.69815128321057e-10,"SFN",2.72677368454335,1.46825913093632e-33
"ENSG00000175854","SWI5",0.845411721627965,6.03858968949742e-14,"SWI5",0.556129958129791,5.15768933795466e-07
"ENSG00000175906","ARL4D",1.00718325229607,1.84362818598423e-13,"ARL4D",0.482927929567727,0.000207241545352088
"ENSG00000175938","ORAI3",1.40093247186703,1.15643364145283e-13,"ORAI3",0.957238775583608,7.7843473007324e-07
"ENSG00000176018","LYSMD3",0.322625978274581,0.0222895343809471,"LYSMD3",0.61159732790509,3.25042160081597e-06
"ENSG00000176040","TMPRSS7",1.16223648682214,0.00033145215203887,"TMPRSS7",1.67606501194568,4.94352934464723e-05
"ENSG00000176092","CRYBG2",0.655243106723509,0.0226536864481784,"CRYBG2",0.436737819102407,0.0467844340966774
"ENSG00000176148","TCP11L1",0.462092973647202,0.00499060901647186,"TCP11L1",0.729669208109889,8.1476504087089e-06
"ENSG00000176871","WSB2",0.400244000147323,7.66443329556403e-06,"WSB2",0.29574513314444,0.00166104091833278
"ENSG00000176903","PNMA1",0.346643864838172,0.00102741580376909,"PNMA1",0.293435571974574,0.00650953083704339
"ENSG00000176973","FAM89B",0.508306437104802,1.25360647914186e-07,"FAM89B",0.46497918845552,4.42087341922411e-06
"ENSG00000177000","MTHFR",0.775307490029919,8.06064544237667e-06,"MTHFR",0.758029037291452,5.6652676071919e-05
"ENSG00000177106","EPS8L2",1.7553341064524,4.36333765532012e-20,"EPS8L2",2.16562961501338,1.77973533216506e-28
"ENSG00000177156","TALDO1",0.843009582491484,8.49123772918575e-23,"TALDO1",0.670183548606627,8.92750101219109e-15
"ENSG00000177239","MAN1B1",0.5224829008067,1.0104232192468e-05,"MAN1B1",0.274993773313679,0.0254402175217981
"ENSG00000177363","LRRN4CL",0.635690888743822,0.0278819091713219,"LRRN4CL",0.590611247799011,0.0249280042686354
"ENSG00000177409","SAMD9L",1.05444404265489,7.45013932539683e-11,"SAMD9L",1.16676121209659,2.51769775942888e-12
"ENSG00000177427","MIEF2",0.460016077228823,0.00514623504334268,"MIEF2",0.433630906177469,0.00838234674350882
"ENSG00000177432","NAP1L5",0.631915555077083,1.34693381927451e-06,"NAP1L5",0.324820233925205,0.0287490602423464
"ENSG00000177570","SAMD12",0.653540101566588,0.00846729939615147,"SAMD12",0.465292274123154,0.0338360776291663
"ENSG00000177674","AGTRAP",0.884217274403618,6.10496234431687e-16,"AGTRAP",0.629172758298074,5.2338411493131e-09
"ENSG00000177692","DNAJC28",0.822866038081966,0.00632959618417777,"DNAJC28",0.663267593045531,0.0165060611599578
"ENSG00000177728","TMEM94",0.644153801744369,1.65109054638719e-05,"TMEM94",0.485539773280491,0.000922718674924496
"ENSG00000177731","FLII",0.427310251694885,6.54962106578745e-05,"FLII",0.350092710806639,0.00121710196639406
"ENSG00000177946",NA,0.561720606907736,2.90672623732033e-06,NA,0.290369439015024,0.0127385873428622
"ENSG00000177963","RIC8A",0.481814176890041,2.15149582606026e-07,"RIC8A",0.43935894950234,2.38555492277031e-06
"ENSG00000178033","CALHM5",1.03077397867516,2.44082472673058e-08,"CALHM5",0.533629264040412,0.00281658783548248
"ENSG00000178053","MLF1",0.424493977429271,7.40520222126283e-05,"MLF1",0.277455838765064,0.0153803753453191
"ENSG00000178078","STAP2",0.90703267579828,0.000170482780069678,"STAP2",1.06367117972469,0.000104002510027503
"ENSG00000178104","PDE4DIP",0.473898462105303,7.19048779528527e-05,"PDE4DIP",0.314433060141939,0.0100428552851915
"ENSG00000178149","DALRD3",1.01247807322381,3.60023666932498e-17,"DALRD3",0.617091230743524,1.94828029843914e-07
"ENSG00000178252","WDR6",0.322148892837982,0.000350636677146188,"WDR6",0.24453953981767,0.00910108004822709
"ENSG00000178498","DTX3",0.906416558763078,6.205856195972e-11,"DTX3",0.632466195577021,3.34949743649512e-06
"ENSG00000178537","SLC25A20",0.821899507425701,1.39540114512869e-05,"SLC25A20",0.512752550327157,0.00396911704005673
"ENSG00000178685","PARP10",0.995986347090167,4.18542308923574e-05,"PARP10",1.19659548218255,2.2306247758645e-06
"ENSG00000178719","GRINA",0.448440034397163,4.82443535386032e-06,"GRINA",0.467827449543149,2.30522511608316e-06
"ENSG00000178927","CYBC1",0.392253270368206,0.000531598957676168,"CYBC1",0.395779451823964,0.000362728250042927
"ENSG00000178971","CTC1",0.575964022814523,0.000175670285833804,"CTC1",0.895500510806325,4.94481950016573e-08
"ENSG00000179029","TMEM107",0.274413892558416,0.0472153885981225,"TMEM107",0.702464278557183,1.27265401830264e-08
"ENSG00000179046","TRIML2",1.12071634688633,5.48245158551504e-10,"TRIML2",1.83625156629004,4.58593966704814e-09
"ENSG00000179152","TCAIM",0.427807969418108,0.00111850999755519,"TCAIM",0.367661979329737,0.0061264689393457
"ENSG00000179163","FUCA1",1.58910273612347,5.39970641397016e-18,"FUCA1",1.04752106398749,6.21477213229942e-10
"ENSG00000179222","MAGED1",0.816928330465262,9.66416616109602e-16,"MAGED1",0.398403840300186,0.000134920055910698
"ENSG00000179526","SHARPIN",0.387086838724785,0.000708255289821356,"SHARPIN",0.516333739444121,1.50324134232807e-06
"ENSG00000179528","LBX2",0.625720091161095,0.0262351832586322,"LBX2",0.541822354608035,0.0320797547808682
"ENSG00000179630","LACC1",0.56284058762886,0.0017287982903299,"LACC1",1.26247048765155,5.18052991110734e-12
"ENSG00000179832","MROH1",0.542243580298486,0.0017495793549263,"MROH1",1.03898153917904,1.55881008559514e-08
"ENSG00000179918","SEPHS2",0.196478650740012,0.00643921477253738,"SEPHS2",0.166655673792006,0.0254650334365324
"ENSG00000180104","EXOC3",0.34467385351313,9.48936407082234e-06,"EXOC3",0.217380485105703,0.00808404744275342
"ENSG00000180155","LYNX1",1.16278699466306,0.000804200284672877,"LYNX1",2.15947231657185,1.18897621254354e-07
"ENSG00000180263","FGD6",0.288555426562319,0.024429404618808,"FGD6",0.944349511175749,8.46820549272756e-15
"ENSG00000180329","CCDC43",0.257078591640428,6.52811445715449e-05,"CCDC43",0.303436335030778,2.02639565524265e-06
"ENSG00000180354","MTURN",0.422664002339351,0.00573352660295404,"MTURN",0.612315677059743,0.000821639591428532
"ENSG00000180488","MIGA1",0.477402405572564,3.19075965468713e-06,"MIGA1",0.302966998623975,0.00439529131706456
"ENSG00000180537","RNF182",0.332006009403829,0.0491579487184926,"RNF182",0.515709994283697,0.000849445317437227
"ENSG00000180806","HOXC9",0.236184825948218,0.0016281959927756,"HOXC9",0.301482405451749,5.02232222166932e-05
"ENSG00000180818","HOXC10",0.469921217621236,0.000186496061929415,"HOXC10",0.325844986105811,0.00945042199944201
"ENSG00000180891","CUEDC1",0.263241368477782,0.0209970800376788,"CUEDC1",0.363676913095994,0.000779002364964239
"ENSG00000180921","FAM83H",1.28490126090232,0.000418040609081554,"FAM83H",2.77934619995927,4.77218025187088e-06
"ENSG00000180964","TCEAL8",0.821397007052725,5.35807027167583e-19,"TCEAL8",0.565449777829657,1.22356232026744e-09
"ENSG00000181019","NQO1",1.25817064933569,7.06591607798996e-17,"NQO1",0.723839557062255,1.20614632265389e-06
"ENSG00000181381","DDX60L",0.330346855268508,0.0346766108445491,"DDX60L",0.335430922464692,0.0218675244612574
"ENSG00000181433","SAGE1",0.39207953138652,0.0412854065784296,"SAGE1",0.405480867420438,0.0141353142440204
"ENSG00000181690","PLAG1",0.392959977731555,0.00622389903732698,"PLAG1",0.300132897625853,0.0320333426594855
"ENSG00000181722","ZBTB20",0.52319517700069,0.000779618285746205,"ZBTB20",0.739689546712249,2.23100151670647e-06
"ENSG00000181789","COPG1",0.653812717043117,7.33115818314929e-09,"COPG1",0.568616789308629,5.60543262936062e-07
"ENSG00000181830","SLC35C1",0.643542911046322,3.30540896192683e-06,"SLC35C1",0.443340557162463,0.00168186644111772
"ENSG00000182165","TP53TG1",0.930352173131395,8.00792678113201e-07,"TP53TG1",1.01790755911191,9.0241909171415e-07
"ENSG00000182220","ATP6AP2",0.590971902479813,1.62740617755171e-11,"ATP6AP2",0.330412283459294,0.000262223334354627
"ENSG00000182372","CLN8",0.822833935747673,3.28368305492194e-13,"CLN8",0.381090756401142,0.00143138407934773
"ENSG00000182473","EXOC7",0.643412135673509,1.44910389792089e-10,"EXOC7",0.21907896569845,0.0483448490136069
"ENSG00000182541","LIMK2",0.472129804061595,0.000241797068076831,"LIMK2",0.285879463905328,0.0305930017357372
"ENSG00000182544","MFSD5",0.294785482526425,0.000389008289935221,"MFSD5",0.237889128001313,0.00739928730737863
"ENSG00000182612","TSPAN10",1.73002574950399,2.0745510223585e-16,"TSPAN10",1.55037577410946,1.48714133723519e-10
"ENSG00000182742","HOXB4",0.565785208675515,3.11556400534737e-06,"HOXB4",0.514165248316924,4.02978694713546e-05
"ENSG00000182749","PAQR7",0.462671511165447,0.00120730712974485,"PAQR7",0.358689916661311,0.0116678544306156
"ENSG00000182809","CRIP2",0.454560037582848,0.000406473333591159,"CRIP2",0.446504096730272,0.000333097518919331
"ENSG00000182827","ACBD3",0.570466171133673,1.80010238192597e-18,"ACBD3",0.274711095895077,7.37898384498279e-05
"ENSG00000183354","BRD10",0.314817233106417,0.000822036557553614,"BRD10",0.339698672822294,0.000230513926969552
"ENSG00000183475","ASB7",0.474081415919286,0.000101486187639235,"ASB7",0.383136501696927,0.00161657276453076
"ENSG00000183597","TANGO2",0.800793300642397,1.80773494601822e-06,"TANGO2",0.593237736669295,0.000280989808832343
"ENSG00000183615","FAM167B",0.798208685345709,0.00899712397256025,"FAM167B",0.744464444951162,0.0108224075687728
"ENSG00000183762","KREMEN1",0.494723821665981,0.0238642841654617,"KREMEN1",0.446223920867951,0.0458142464966458
"ENSG00000183826","BTBD9",0.65672441047565,1.17048202339796e-05,"BTBD9",0.610795273812784,7.64995139873192e-05
"ENSG00000183828","NUDT14",0.854000669187089,2.20285941058422e-08,"NUDT14",0.848630954551928,2.56025905031699e-08
"ENSG00000183864","TOB2",0.296797051116086,0.0265555385152991,"TOB2",0.591967698970152,2.74959504150003e-06
"ENSG00000183963","SMTN",0.295270043927184,0.0262474807737555,"SMTN",0.642219344130268,3.79595097776433e-07
"ENSG00000184056","VPS33B",0.596841706153501,0.000109444531150822,"VPS33B",0.334977816814651,0.0316321022370989
"ENSG00000184117","NIPSNAP1",0.671839805604274,9.74832487621958e-06,"NIPSNAP1",0.38878459867819,0.00883140423873804
"ENSG00000184156","KCNQ3",0.736832010497935,0.0125068856180688,"KCNQ3",0.515104442813396,0.0359101139574539
"ENSG00000184194","GPR173",0.536491975368233,0.0026896149240636,"GPR173",0.431851789938278,0.0142903085337796
"ENSG00000184205","TSPYL2",0.411775644680957,0.0267658167914268,"TSPYL2",1.1045757360206,3.82355620603098e-08
"ENSG00000184319",NA,0.904888349230297,2.10680334138211e-06,NA,1.16335355078553,8.19181352455823e-09
"ENSG00000184363","PKP3",0.504851378044765,0.00556016775655742,"PKP3",0.486686123515517,0.00562524564714298
"ENSG00000184497","TMEM255B",0.552526442387775,0.0381878808866703,"TMEM255B",0.803029235507743,0.00053904098785859
"ENSG00000184500","PROS1",0.8789450536058,9.56788644199231e-05,"PROS1",0.494789211398881,0.0241386980147642
"ENSG00000184508","HDDC3",0.458537370853342,2.45425545942964e-06,"HDDC3",0.29677630416522,0.0035084495731066
"ENSG00000184574","LPAR5",2.23719959122544,1.76414805498881e-08,"LPAR5",1.3707550122354,5.983506955726e-05
"ENSG00000184584","STING1",0.596010271096286,2.39352932981074e-06,"STING1",0.998905399274948,1.55234893055513e-14
"ENSG00000184619","KRBA2",0.807560253651021,0.00177490971687275,"KRBA2",1.58254644602233,1.69812194754524e-07
"ENSG00000184867","ARMCX2",1.06104871803886,4.18631352797363e-19,"ARMCX2",0.787673261362731,7.7575916721364e-11
"ENSG00000184939","ZFP90",1.81036498453353,6.99811382486953e-15,"ZFP90",0.539180241371749,0.0334995713502118
"ENSG00000184988","TMEM106A",1.51089939146356,4.00007796413049e-15,"TMEM106A",1.02384048538004,1.62579565306668e-07
"ENSG00000184995","IFNE",0.946401212950682,0.00331975916462863,"IFNE",0.594871480328575,0.0241299892040978
"ENSG00000185043","CIB1",0.419464631339265,1.1912306983863e-06,"CIB1",0.285173351199081,0.00170792767627752
"ENSG00000185088","RPS27L",0.477394328645627,0.000288353563685053,"RPS27L",0.597752248857369,4.25346122134686e-06
"ENSG00000185129","PURA",0.165938521332695,0.0443396796733546,"PURA",0.376806071345189,5.46952306132075e-07
"ENSG00000185222","TCEAL9",0.509441058644424,2.31837020200448e-10,"TCEAL9",0.489429813122772,1.16402444625148e-09
"ENSG00000185340","GAS2L1",0.408885629267426,0.000211485197390827,"GAS2L1",0.420050734254817,9.7736564554942e-05
"ENSG00000185386","MAPK11",0.339341339764821,0.0176546225384496,"MAPK11",0.381468704752429,0.00600633979279285
"ENSG00000185420","SMYD3",1.02474043852385,4.02899089180735e-13,"SMYD3",0.288485465468969,0.0403386282680082
"ENSG00000185532","PRKG1",0.695597344894905,0.00209598754647932,"PRKG1",0.660412928406301,0.0031327640471364
"ENSG00000185567","AHNAK2",0.621145828868001,0.00410389971020423,"AHNAK2",0.739484671406499,0.000609967647844902
"ENSG00000185614","INKA1",0.94882398685961,0.000111499049323239,"INKA1",0.681140020440595,0.00343063870000885
"ENSG00000185624","P4HB",0.300919102301562,2.36337795927013e-05,"P4HB",0.167476027470737,0.0300019815907478
"ENSG00000185634","SHC4",0.641469564309845,0.00844703589793477,"SHC4",0.466634377562122,0.0251284198717175
"ENSG00000185650","ZFP36L1",0.356682591780395,0.000662298042571658,"ZFP36L1",0.24168424034129,0.0257764209880218
"ENSG00000185686","PRAME",0.582807111483305,1.68011227138095e-08,"PRAME",0.2700219592072,0.0127383403365023
"ENSG00000185745","IFIT1",0.753323300711156,0.00192479028766587,"IFIT1",0.755031380945459,0.00221542192509915
"ENSG00000185753","CXorf38",0.484605214948992,4.86219565728405e-05,"CXorf38",0.38482360836642,0.00142414518624625
"ENSG00000185803","SLC52A2",0.33893922957224,0.000902815968379291,"SLC52A2",0.265895500619439,0.0116709388861614
"ENSG00000185813","PCYT2",0.530831147888065,9.04980894426976e-05,"PCYT2",0.311121213727398,0.0263735674925582
"ENSG00000185880","TRIM69",0.330848391688102,0.0279641343976667,"TRIM69",0.28872248944807,0.0454478379886297
"ENSG00000185909","KLHDC8B",1.19253980058423,6.83892417224317e-07,"KLHDC8B",0.793721835640128,0.000315831454876054
"ENSG00000186162","CIDECP1",0.586497054485752,0.00140759083736994,"CIDECP1",0.35905259193064,0.0355217610603023
"ENSG00000186364","NUDT17",0.749119282712913,0.000122323443274996,"NUDT17",0.866227880337531,7.62580072149103e-06
"ENSG00000186862","PDZD7",0.584155267476892,0.0219472732187904,"PDZD7",0.859586457558734,0.00127707639951829
"ENSG00000186951","PPARA",1.50598480307149,2.68609924434713e-16,"PPARA",1.03494284955009,4.78901337607362e-08
"ENSG00000187024","PTRH1",0.65977785706624,1.54205321184665e-08,"PTRH1",0.434507705925394,0.000396737537058141
"ENSG00000187098","MITF",0.364727389831964,0.0261368872951825,"MITF",0.455912214230508,0.00484451335363509
"ENSG00000187134","AKR1C1",1.37938246604547,5.66280299040157e-05,"AKR1C1",0.956833909631348,0.00252581728933905
"ENSG00000187446","CHP1",0.456245245460573,5.48707000760076e-07,"CHP1",0.357245071782128,0.000133469517632048
"ENSG00000187531","SIRT7",0.541831374368834,1.53009260601101e-05,"SIRT7",0.599924990927463,1.96959508569387e-06
"ENSG00000187583","PLEKHN1",0.301828682906714,0.0392847944973486,"PLEKHN1",0.365682890498966,0.0156172598391578
"ENSG00000187608","ISG15",0.794676493727808,3.46798089374793e-06,"ISG15",0.601153936153814,0.000303272539071714
"ENSG00000187688","TRPV2",1.18441201363818,1.1377569594784e-22,"TRPV2",0.572683128736716,4.52423269025901e-06
"ENSG00000187994","RINL",1.99770529188002,1.92632476339397e-19,"RINL",1.81059026845937,2.14557347735805e-20
"ENSG00000188026","RILPL1",0.955681889106146,6.26615934623631e-11,"RILPL1",0.609519906775098,2.97963714016683e-05
"ENSG00000188153","COL4A5",0.657028813101607,0.000577630827871573,"COL4A5",0.716043367527034,0.00168308502474542
"ENSG00000188186","LAMTOR4",0.491614721879972,9.9787315457194e-06,"LAMTOR4",0.232996616772317,0.0490628815432457
"ENSG00000188215","DCUN1D3",1.04561867791217,7.45291344420233e-12,"DCUN1D3",0.67815839932283,1.19166302428573e-05
"ENSG00000188352","FOCAD",0.326620059503088,0.000168164811607818,"FOCAD",0.195178535868154,0.0372517518760825
"ENSG00000188501","LCTL",1.35231242483345,1.40123245563968e-15,"LCTL",0.445699011055603,0.00578893681061944
"ENSG00000188643","S100A16",0.38691066093216,5.4504864889588e-06,"S100A16",0.237522481536928,0.00781852315757988
"ENSG00000188677","PARVB",0.564707840106342,2.12444572158303e-10,"PARVB",0.285443942418301,0.0021414959283705
"ENSG00000188706","ZDHHC9",0.608346555518725,3.68315268198601e-09,"ZDHHC9",0.576536061309709,2.07353507231965e-07
"ENSG00000188766","SPRED3",0.907317127724409,1.29273179715875e-05,"SPRED3",1.02554755921086,2.62335079177238e-06
"ENSG00000188895","MSL1",0.157728587320233,0.0452736315872167,"MSL1",0.172216064377219,0.0284379948106359
"ENSG00000189077","TMEM120A",1.29842051962576,6.33479112632289e-27,"TMEM120A",0.863257152263484,2.96161879252347e-11
"ENSG00000189136",NA,0.588586953278113,0.00548860333191257,NA,0.660308267188636,0.000922718674924496
"ENSG00000189195","BTBD8",0.73097965694961,0.000371337952368969,"BTBD8",1.36371821657573,1.13324355564337e-09
"ENSG00000189241","TSPYL1",0.277299378663966,0.00573320711232059,"TSPYL1",0.25237692422876,0.0160031826625847
"ENSG00000189275","LINC01164",2.21571169871246,7.02935872169892e-06,"LINC01164",0.719560681179733,0.0122205437666798
"ENSG00000196072","BLOC1S2",0.521635247027149,5.45981261187991e-11,"BLOC1S2",0.578807883783889,3.98470999596661e-13
"ENSG00000196110","ZNF699",0.76191706088603,0.003128391598811,"ZNF699",0.906468311738252,2.82806854023157e-05
"ENSG00000196116","TDRD7",0.419277258729264,0.0121213001653952,"TDRD7",0.663817106813246,8.0527468490318e-05
"ENSG00000196152","ZNF79",0.559964425020014,0.0264898316675371,"ZNF79",1.24496245304539,4.90629879456902e-05
"ENSG00000196155","PLEKHG4",0.528781272209758,0.0190910069282697,"PLEKHG4",0.423812589837405,0.0491839220659088
"ENSG00000196208","GREB1",1.33278458179356,7.42310675931824e-11,"GREB1",1.67528200719409,9.7133335951351e-15
"ENSG00000196391","ZNF774",0.499052673030151,0.0145614486147467,"ZNF774",1.00727742154308,4.83267674129542e-05
"ENSG00000196507","TCEAL3",0.546833052252145,9.30472457856281e-06,"TCEAL3",0.741730873401945,1.71224619463576e-09
"ENSG00000196535","MYO18A",0.529115577514219,3.11097111587266e-05,"MYO18A",0.881742896753612,5.49478938421864e-12
"ENSG00000196544","BORCS6",0.656760636636932,2.57068616340262e-07,"BORCS6",0.570497519710875,1.5705582704519e-05
"ENSG00000196576","PLXNB2",0.805874324569121,1.00022089946332e-12,"PLXNB2",1.19207629291321,1.30006537924719e-25
"ENSG00000196581","AJAP1",0.792528567609775,2.47343752473107e-06,"AJAP1",0.555654410784931,0.000653577250222334
"ENSG00000196586","MYO6",0.263935395398275,0.00934738634859373,"MYO6",0.717128142731359,5.73001170470937e-14
"ENSG00000196611","MMP1",1.16706564560331,0.000164879336761646,"MMP1",2.70058821171537,1.42646570918428e-10
"ENSG00000196663","TECPR2",0.52134953465744,1.22037934785398e-05,"TECPR2",0.518465474286453,4.88206918945971e-06
"ENSG00000196704","AMZ2",0.661008188199402,3.64339782841325e-11,"AMZ2",0.386278132322436,0.00015619424047859
"ENSG00000196743","GM2A",0.968770106116813,8.39527125655041e-16,"GM2A",1.24316118061901,8.72255603998296e-23
"ENSG00000196776","CD47",0.19189704510686,0.0180268769747071,"CD47",0.183291676298081,0.0281586346887666
"ENSG00000196923","PDLIM7",0.333364239685555,0.00817809361770168,"PDLIM7",0.250526161950049,0.0491839220659088
"ENSG00000196967","ZNF585A",0.867217293724509,0.000119236890883102,"ZNF585A",0.465972677429088,0.0181590298574627
"ENSG00000196975","ANXA4",1.21019602727739,3.61454028345476e-19,"ANXA4",0.674465067975818,5.72958414664388e-07
"ENSG00000196976","LAGE3",0.721999847531659,4.68628573257557e-13,"LAGE3",0.27776791312195,0.00803525073513359
"ENSG00000197019","SERTAD1",0.953430300815935,6.23130748162923e-11,"SERTAD1",0.534731291199717,0.000156555722509749
"ENSG00000197043","ANXA6",0.652088747602104,1.36626300330784e-07,"ANXA6",0.56826221204118,4.15099015096578e-06
"ENSG00000197063","MAFG",0.457092467482303,3.33054553298276e-05,"MAFG",0.390896612154707,0.000357293827132147
"ENSG00000197077","KIAA1671",0.24557786609249,0.0326906449527902,"KIAA1671",0.719769318872185,3.12321778130134e-12
"ENSG00000197102","DYNC1H1",0.277178980935424,0.0113335476809309,"DYNC1H1",0.450524416612361,1.46918683332042e-05
"ENSG00000197324","LRP10",0.648104264666455,1.27987168460655e-09,"LRP10",0.656739447753566,8.26110767997606e-10
"ENSG00000197429","IPP",0.46397923370379,0.000524723256804095,"IPP",0.862556249933783,1.08325106846919e-10
"ENSG00000197603","CPLANE1",0.356629111599009,0.00138453114187301,"CPLANE1",0.72199502977644,2.22220119717438e-12
"ENSG00000197632","SERPINB2",3.58870276537583,1.88419783766509e-20,"SERPINB2",1.94445521105271,4.36178859732074e-08
"ENSG00000197694","SPTAN1",0.289132061835261,0.0131960255057209,"SPTAN1",0.387960433813008,0.000474852797101414
"ENSG00000197712","FAM114A1",0.975612067238105,6.40936085390151e-12,"FAM114A1",1.01365404638385,2.9081683672321e-12
"ENSG00000197747","S100A10",0.526530781076611,5.30092674620557e-06,"S100A10",0.720839911962504,4.81936781869067e-10
"ENSG00000197757","HOXC6",0.422783137964299,0.000529671537092289,"HOXC6",0.502577716122319,2.45335017010256e-05
"ENSG00000197852","INKA2",1.36852206912272,6.65168311651003e-18,"INKA2",1.93377515360876,5.78307307362077e-38
"ENSG00000197879","MYO1C",0.396775189933746,8.49141710193325e-06,"MYO1C",0.40310813684158,7.67340006944753e-06
"ENSG00000197892","KIF13B",0.383006559590894,0.0115525384061738,"KIF13B",0.550242423333491,4.65406810083291e-05
"ENSG00000197948","FCHSD1",0.799676528130918,1.62964955956787e-06,"FCHSD1",0.544126646039684,0.000853356294058169
"ENSG00000197982","C1orf122",0.525209721319409,8.29664936706417e-10,"C1orf122",0.203420816316221,0.030540545020759
"ENSG00000198001","IRAK4",0.525091520726863,1.11859016271198e-05,"IRAK4",0.3309467802659,0.00571918160318993
"ENSG00000198074","AKR1B10",2.0106631450147,9.5650743490463e-11,"AKR1B10",1.75883571285349,1.11460599408701e-07
"ENSG00000198131","ZNF544",0.525374192847957,5.90949249600348e-07,"ZNF544",0.419219986103738,8.0527468490318e-05
"ENSG00000198171","DDRGK1",0.192648989975267,0.0437125031011859,"DDRGK1",0.357126978515533,7.46301625348032e-05
"ENSG00000198353","HOXC4",0.683804350052398,0.00153718625964554,"HOXC4",0.440524160536496,0.0268980172694492
"ENSG00000198380","GFPT1",0.301014146995457,0.00189854538445602,"GFPT1",0.743226595798355,8.14297972017895e-16
"ENSG00000198573","SPANXC",1.39511139935041,1.51473786731842e-07,"SPANXC",1.19625195070951,1.87281383811921e-05
"ENSG00000198624","CCDC69",0.443063891661411,0.028617537852167,"CCDC69",0.436914169385421,0.0182585531914048
"ENSG00000198673","TAFA2",1.13227697168635,0.000857768929755184,"TAFA2",0.742628795736935,0.0108960308472225
"ENSG00000198715","GLMP",0.723124524189326,8.95659312919403e-07,"GLMP",0.406516079510515,0.00562763308021231
"ENSG00000198721","ECI2",0.410933242827426,2.68829791644345e-05,"ECI2",0.628827361039343,1.27020166164667e-10
"ENSG00000198722","UNC13B",0.522272331346435,0.0028619201749527,"UNC13B",0.564303466196879,0.000727699512630596
"ENSG00000198768","APCDD1L",1.18140510566358,3.23574318896544e-08,"APCDD1L",0.368293811948215,0.0334203418205473
"ENSG00000198816","ZNF358",0.322419753312052,0.0108065125214344,"ZNF358",0.670592842057152,3.20681848110702e-08
"ENSG00000198832","SELENOM",1.11536447462848,1.44782244980556e-11,"SELENOM",0.622049109452407,0.000315586331151279
"ENSG00000198892","SHISA4",1.33470788826149,2.63066261985019e-13,"SHISA4",1.34665331776784,9.73303011972577e-12
"ENSG00000198899","MT-ATP6",0.637906926671106,4.72618350786067e-06,"MT-ATP6",0.344745863345182,0.0127062554902392
"ENSG00000198937","CCDC167",0.545568390662646,0.000743132857018001,"CCDC167",0.344588356423265,0.0282541229041115
"ENSG00000198954","KIFBP",0.22263651954949,0.0195324272311552,"KIFBP",0.946551699745711,1.42137318528664e-27
"ENSG00000198961","PJA2",0.33976152349665,9.89455931323875e-05,"PJA2",0.381586109600151,8.38464382148167e-06
"ENSG00000203778","FAM229B",0.945429517049829,3.16824686558111e-06,"FAM229B",0.465856936171383,0.0212926798032567
"ENSG00000203879","GDI1",0.806038353202376,6.81757646117518e-16,"GDI1",0.669606488785169,2.5994931741703e-11
"ENSG00000204217","BMPR2",0.381573679633979,0.00302694215808863,"BMPR2",0.361439947856193,0.004118631836622
"ENSG00000204227","RING1",0.549179411891953,1.12567288910692e-11,"RING1",0.267315831126883,0.00176207259885233
"ENSG00000204308","RNF5",0.359600321620759,0.00167451926381985,"RNF5",0.292770988154526,0.0101312991251397
"ENSG00000204310","AGPAT1",0.40126399333604,0.0002004292446167,"AGPAT1",0.258047120506898,0.0222551282195988
"ENSG00000204351","SKIC2",0.547855349163057,4.85622688587136e-10,"SKIC2",0.233316668349727,0.0165934879502013
"ENSG00000204356","NELFE",0.263985185072651,3.91551406976456e-05,"NELFE",0.233000885522021,0.000344373076991289
"ENSG00000204386","NEU1",0.88430145213738,1.67201039391574e-18,"NEU1",0.499374106728195,2.02838279635611e-06
"ENSG00000204389","HSPA1A",0.306186451498124,0.013797791685232,"HSPA1A",0.438254346702164,0.000183976851682581
"ENSG00000204439","C6orf47",0.355675171005154,0.00985726214616465,"C6orf47",0.483593349883307,0.000220440053815837
"ENSG00000204580","DDR1",1.15907417126361,2.81788897399093e-29,"DDR1",0.89796947133192,1.95619678220149e-17
"ENSG00000204590","GNL1",0.334025586073558,6.24248779764086e-05,"GNL1",0.304884853258341,0.000198418419110084
"ENSG00000204592","HLA-E",0.650474264774184,1.54284181957708e-05,"HLA-E",0.321435550274681,0.0320797547808682
"ENSG00000204619","PPP1R11",0.432623588540331,2.21722407998286e-07,"PPP1R11",0.309341087048269,0.000323592606991068
"ENSG00000204650","LINC02210",0.485501759738605,0.000560610838133534,"LINC02210",0.412527906474888,0.00584629563819376
"ENSG00000204767","INSYN2B",0.459158750032574,0.00898682140364198,"INSYN2B",0.714674968841832,4.62317952813281e-05
"ENSG00000204843","DCTN1",0.385715329212284,2.61949778327476e-05,"DCTN1",0.223426822844841,0.0224367783572572
"ENSG00000205060","SLC35B4",0.261292325373641,0.000210280533613259,"SLC35B4",0.196048318381394,0.00906053846249706
"ENSG00000205155","PSENEN",0.838196914780517,1.4190454673468e-14,"PSENEN",0.559587071779085,2.61414917043696e-07
"ENSG00000205352","PRR13",0.539380649800532,2.194841545319e-13,"PRR13",0.237342624624272,0.00290786630976792
"ENSG00000205356","TECPR1",0.604899665216177,3.87126473272643e-07,"TECPR1",0.487050418353346,6.58122172199915e-05
"ENSG00000205593","DENND6B",0.878691443750801,0.00526354295619148,"DENND6B",0.555118506757247,0.0307792922697586
"ENSG00000205629","LCMT1",0.428894128939561,1.04289758599224e-05,"LCMT1",0.290028545967634,0.00450071871851145
"ENSG00000206075","SERPINB5",1.50705502921961,3.04390427791043e-38,"SERPINB5",1.67131584917729,1.41833303672768e-48
"ENSG00000211584","SLC48A1",0.734587947237453,5.41377465997328e-08,"SLC48A1",0.798976686730051,2.13412294505406e-09
"ENSG00000213190","MLLT11",1.59999310831929,1.11454100620669e-18,"MLLT11",1.1105054737744,2.14519666414373e-09
"ENSG00000213281","NRAS",0.466409393720777,6.03297519270007e-07,"NRAS",0.222309898572751,0.0268501724118909
"ENSG00000213337","ANKRD39",0.323318992684155,0.0326487584224828,"ANKRD39",0.341644985425465,0.0212438680904241
"ENSG00000213523","SRA1",0.577345592785458,1.79384870929049e-08,"SRA1",0.429389976948486,3.03818587267656e-05
"ENSG00000213722","DDAH2",0.893748707147416,4.83454648024438e-08,"DDAH2",0.855600753911125,1.04465552193983e-07
"ENSG00000213753","RPL23AP79",0.268674595558359,0.00197604469592001,"RPL23AP79",0.243161315277701,0.0057967182767123
"ENSG00000213928","IRF9",1.49978932336732,4.15638836649641e-12,"IRF9",1.364547578991,5.76369223491195e-09
"ENSG00000213983","AP1G2",0.856712116112813,4.60336258071873e-10,"AP1G2",0.284658512716407,0.036618505379779
"ENSG00000214078","CPNE1",0.469288542467903,2.92029148731967e-08,"CPNE1",0.242162370443581,0.00714730172162392
"ENSG00000214517","PPME1",0.349513979219963,3.6551492390793e-05,"PPME1",0.462297503513593,2.06460501205248e-08
"ENSG00000214655","ZSWIM8",0.754637950181546,7.88345979575929e-08,"ZSWIM8",0.506381991305515,0.000216601085075958
"ENSG00000214866","DCDC2C",2.70288363757704,2.65342647650608e-14,"DCDC2C",2.04047323017967,7.41067804645151e-09
"ENSG00000214900","LINC01599",0.922110802382386,3.18443327364376e-08,"LINC01599",0.556490809345802,0.000513819567759476
"ENSG00000215915","ATAD3C",0.506264218171354,0.0365152222943647,"ATAD3C",0.838517493010826,0.0045465375210461
"ENSG00000218891","ZNF579",0.410609332511159,0.00164211380306988,"ZNF579",0.301458183334368,0.0233055157055934
"ENSG00000220205","VAMP2",0.493191942374859,4.45087335938045e-05,"VAMP2",0.269619689846,0.0295831291347265
"ENSG00000221926","TRIM16",0.701909306491342,1.02327097099573e-08,"TRIM16",0.463073340437171,0.000107583423031615
"ENSG00000221955","SLC12A8",0.89554051949023,3.30060035201308e-05,"SLC12A8",0.526613305957822,0.00739273570706694
"ENSG00000221968","FADS3",1.51776363237449,1.71980309301824e-27,"FADS3",1.67957548554778,1.82443016536837e-29
"ENSG00000223361",NA,1.18822380209138,0.000538248556726729,NA,1.84302643600136,9.26429523964875e-05
"ENSG00000223784","LINC00707",0.92635552669911,4.33035928073366e-06,"LINC00707",0.463971167232972,0.0100211908180467
"ENSG00000224294","PINCR",1.7475157014843,8.21499587315596e-16,"PINCR",2.19697003420604,1.00088331547099e-18
"ENSG00000225190","PLEKHM1",0.810635422395013,6.6435325866018e-07,"PLEKHM1",0.501219197144157,0.00157936197174552
"ENSG00000225439","BOLA3-DT",0.418956233372043,0.00291841695977945,"BOLA3-DT",0.406230900349155,0.00326718221361141
"ENSG00000226137","BAIAP2-DT",0.613197738474992,0.00100252740617055,"BAIAP2-DT",0.388841767034071,0.0279208960280827
"ENSG00000227674","LINC00355",1.08425203566916,2.10070094502382e-05,"LINC00355",0.474162640544964,0.025277538743365
"ENSG00000229563","LINC01204",0.413661266533582,0.0018599127065806,"LINC01204",0.304978733956317,0.0182227643460938
"ENSG00000229809","ZNF688",0.618769164659912,0.000429368918470672,"ZNF688",0.494544788073074,0.00306428515470666
"ENSG00000230615","LOC107984948",0.614018271705667,1.33677016252646e-05,"LOC107984948",0.410198888158979,0.00204469344425864
"ENSG00000231312","MAP4K3-DT",0.415330551022504,0.000108009920825119,"MAP4K3-DT",0.380244553991977,0.000706929241784851
"ENSG00000231925","TAPBP",0.504779935370955,5.81446862269121e-08,"TAPBP",0.309736120551921,0.00125312450921693
"ENSG00000232679","LINC02257",1.25495440595852,0.000207498859366577,"LINC02257",0.53469445609394,0.0335758288538199
"ENSG00000233695",NA,1.00183217963186,3.58194384084049e-05,NA,0.889389059438755,0.000199586491394203
"ENSG00000233922","LINC01694",0.638021486872182,1.89456126427087e-05,"LINC01694",0.359539908180796,0.00881193157511393
"ENSG00000234465","PINLYP",0.903391282157284,0.00122084689468802,"PINLYP",1.22175925391533,2.00008411335854e-05
"ENSG00000235106","BRD3OS",0.394960007211683,0.00366150660137382,"BRD3OS",0.30123757091279,0.0302907920063581
"ENSG00000235944",NA,0.931641248450524,0.000457024253877515,NA,0.583168064887105,0.0142765758074147
"ENSG00000236104","ZBTB22",0.458006051836933,0.00532854745785786,"ZBTB22",0.427143887387482,0.00795451868261905
"ENSG00000236427","CCDST",1.39886396290541,2.72893790599288e-05,"CCDST",1.39475338952272,3.98824636209662e-05
"ENSG00000236810","ELOA-AS1",0.934136899500533,2.5726724853509e-06,"ELOA-AS1",0.506126990934443,0.00535401706176226
"ENSG00000237172","B3GNT9",1.19932865588442,2.46299641201167e-07,"B3GNT9",1.08962754266027,0.00014763816934139
"ENSG00000237854",NA,0.467099127340663,6.66596180495885e-05,NA,0.959055792121039,3.21724344667876e-11
"ENSG00000237975",NA,1.36035360665499,1.5580772041834e-06,NA,1.20038624825574,3.55207724807407e-05
"ENSG00000238227","TMEM250",0.369196598670895,0.000220708012770645,"TMEM250",0.315678443794804,0.00199132339333641
"ENSG00000239039","SNORD13",0.809609267817129,0.00038009891695636,"SNORD13",0.933645965716954,6.3216769285507e-05
"ENSG00000239382","ALKBH6",0.879253459238532,6.09563790973244e-09,"ALKBH6",0.666512739025915,1.24363066522089e-05
"ENSG00000239697","TNFSF12",0.843095617528338,0.000404404285003546,"TNFSF12",0.535335706738859,0.0171392822189235
"ENSG00000239713","APOBEC3G",1.24466679526625,5.57908703588035e-08,"APOBEC3G",0.757836288228401,0.000584422602093674
"ENSG00000240370","RPL13P5",0.567008571196053,0.00532146358283671,"RPL13P5",0.790434922593821,6.0376237984467e-05
"ENSG00000242372","EIF6",0.576691136860801,8.23885694027673e-13,"EIF6",0.30955412771072,0.000218580866356106
"ENSG00000243364","EFNA4",0.69292362118301,0.000935351573564172,"EFNA4",0.408101861231738,0.0370820112934801
"ENSG00000243477","NAA80",0.413979157938918,0.0140803716789233,"NAA80",0.677136324163512,2.67404937147764e-05
"ENSG00000243667","DNAAF10",0.279983966644347,0.00795778635385523,"DNAAF10",0.38687289109035,0.000205879323103222
"ENSG00000243701","DUBR",0.43408305881546,0.00152718799935711,"DUBR",0.514761470925807,0.000104040279718842
"ENSG00000243927","MRPS6",0.292429047206928,0.0032179070646183,"MRPS6",0.411193834264959,1.90482617380985e-05
"ENSG00000244187","TMEM141",0.536872009062954,3.4935117766251e-06,"TMEM141",0.260349896734616,0.0304298551413641
"ENSG00000244509","APOBEC3C",0.920043927378922,5.57320230916167e-21,"APOBEC3C",1.13673021840429,9.49590832730557e-31
"ENSG00000244694","PTCHD4",0.711164015203531,4.38972661269389e-06,"PTCHD4",1.1644140964192,7.77328074831251e-14
"ENSG00000247596","TWF2",0.392118270192858,0.000764512480883685,"TWF2",0.299186377799548,0.0110939559714464
"ENSG00000248008","NRAV",0.404431803775878,0.0165982046951923,"NRAV",0.333146738508508,0.0370024235680441
"ENSG00000248092",NA,0.653254252688674,4.64482609704007e-10,NA,0.876545481270204,2.32572664771848e-17
"ENSG00000248487","ABHD14A",0.825440588026081,7.77433170340311e-08,"ABHD14A",0.320556364382069,0.0330974049400744
"ENSG00000248787",NA,1.05718120704912,0.00104881338061415,NA,0.819820949011506,0.00743015287590038
"ENSG00000248905","FMN1",0.427356867390743,0.0244683385726027,"FMN1",0.382841867737091,0.0293410962542321
"ENSG00000249279","LINC02057",1.2193739753176,4.75229552531927e-07,"LINC02057",1.59147829837136,4.96627319433491e-09
"ENSG00000249992","TMEM158",0.658335100395547,2.67482121110059e-05,"TMEM158",0.577384659213757,0.000164328957405835
"ENSG00000250303","LINC02762",1.33109742973864,5.65062945215201e-09,"LINC02762",0.567454844831833,0.00532472933342527
"ENSG00000250337","PURPL",0.642534141665746,0.000219038982874439,"PURPL",0.792202045728,6.47408098079191e-06
"ENSG00000251095","LOC105377329",0.730576893051481,0.0112178804457151,"LOC105377329",1.84350918100447,0.000175456882258273
"ENSG00000251257",NA,2.3949305616886,2.64963888590823e-08,NA,1.89615813119603,5.46837106751503e-06
"ENSG00000251417",NA,0.845030471894414,4.05216715050688e-05,NA,0.665113451589083,0.000524640798604193
"ENSG00000253276","CCDC71L",0.515548226765615,0.000150634766737048,"CCDC71L",0.29998246580277,0.0347008813074923
"ENSG00000253293","HOXA10",0.250217737459784,0.00491808412735747,"HOXA10",0.226077148387839,0.0106784904629369
"ENSG00000253982","CLN8-AS1",0.644844846483042,5.86100367700162e-06,"CLN8-AS1",0.399735702272932,0.00348191044537675
"ENSG00000254101","LINC02055",0.510408424755842,0.00164395709561011,"LINC02055",0.366987278406362,0.0181221692875591
"ENSG00000254415","SIGLEC14",1.266119873174,6.69635366048448e-05,"SIGLEC14",1.71634822443602,1.64780743624699e-09
"ENSG00000255874","PRECSIT",0.334815968649924,0.00799106657091538,"PRECSIT",0.367681964849643,0.00453089385552162
"ENSG00000256802","LCIIAR",0.510927055699494,0.00377036623012896,"LCIIAR",0.701296587617032,0.000707348401585657
"ENSG00000257605",NA,1.31838526868794,1.30212705898695e-12,NA,0.700403190388318,0.000105753315056894
"ENSG00000258376",NA,0.883797568419826,0.000110853208726243,NA,0.954696522291737,3.22827661518368e-05
"ENSG00000258590",NA,1.17692678645969,0.000786046630759589,NA,0.535179184207691,0.0345816527751993
"ENSG00000258791","LINC00520",0.941420979986516,9.03958158672401e-06,"LINC00520",0.577310705757964,0.00364291557468274
"ENSG00000260027","HOXB7",0.372813856249103,0.000170784806380413,"HOXB7",0.361221590083825,0.000233754981660259
"ENSG00000261371","PECAM1",0.835206952698066,0.00679348091739626,"PECAM1",0.549125066005819,0.0283114799165786
"ENSG00000264920",NA,0.76666058877696,2.30269199147738e-05,NA,0.360068926070363,0.0355544440469254
"ENSG00000266680",NA,0.565599780634429,0.0328792776431807,NA,0.74714025387946,0.00657134756702004
"ENSG00000267106","ZNF561-AS1",0.557583346376998,0.00019201757261137,"ZNF561-AS1",0.399998648608916,0.00644856786887876
"ENSG00000267577","DNAAF3-AS1",1.27481540257091,7.11877602716544e-07,"DNAAF3-AS1",0.705468130046372,0.0021420987873753
"ENSG00000269729","LOC105372424",2.32739962059697,4.5105720597908e-16,"LOC105372424",1.87106604341226,2.39366300863336e-13
"ENSG00000274180","NATD1",0.784168243248391,0.00439350877982722,"NATD1",0.740849503443996,0.00561194680550537
"ENSG00000275066","SYNRG",0.341686679216529,5.6918716493355e-06,"SYNRG",0.331174700832726,1.74544473090619e-05
"ENSG00000275074","NUDT18",0.487357343782226,0.0491331787793829,"NUDT18",0.465701722050928,0.0390277014103231
"ENSG00000275111","ZNF2",0.577150202958409,0.0181645404868998,"ZNF2",0.638709713308478,0.00809131076222729
"ENSG00000275216",NA,0.596675626605159,0.0182344012090324,NA,0.463952490825719,0.0292226425013262
"ENSG00000275342","PRAG1",0.648373447637343,2.05429229302322e-07,"PRAG1",0.74646236285208,2.85664570990024e-09
"ENSG00000276023","DUSP14",0.378467630686307,0.00370292885698194,"DUSP14",0.472264750355252,0.000189411452334912
"ENSG00000276045","ORAI1",0.230280127979476,0.0462363833421557,"ORAI1",0.23385563575127,0.0410203906071322
"ENSG00000277496",NA,0.639787409952221,0.0224519203919966,NA,0.459944600892082,0.0377155273856825
"ENSG00000277586","NEFL",0.738624060225754,0.00738750527972431,"NEFL",0.912440746248243,0.00161657276453076
"ENSG00000277632","CCL3",2.119385709072,2.10071559077479e-06,"CCL3",3.6783565685228,8.71541083841825e-08
"ENSG00000279453",NA,0.498321338863296,0.012622363111751,NA,0.421765257910187,0.0277204796761687
"ENSG00000279822",NA,0.732117007188227,0.00312579657138445,NA,0.514755624406499,0.0183573064003689
"ENSG00000280132",NA,0.728161511208053,0.000584144872840419,NA,0.387760701161137,0.0410932861739811
"ENSG00000286156",NA,0.701804641606526,3.79013390303418e-05,NA,0.620309342311212,0.000156153832736491
"ENSG00000286406",NA,0.597046229614494,0.00905986848205171,NA,0.562803104110945,0.0084431235100526
"ENSG00000287097","LOC107986639",0.831736966294329,0.00440074894865532,"LOC107986639",0.523480479551801,0.0341409668693519
"ENSG00000287929",NA,0.459781449794291,0.0426553793324096,NA,0.629498099317471,0.003634324884857
"ENSG00000289588","LOC124901789",0.596395109009928,0.0360674182457687,"LOC124901789",0.914447259844252,0.00451837131955487
