"ENSEMBL","SYMBOL_wt","log2FC_wt","padj_wt","SYMBOL_KO","log2FC_KO","padj_KO"
"ENSG00000004799","PDK4",-0.0177278518355287,0.968255888012337,"PDK4",-0.0358582672936854,0.900939363671337
"ENSG00000005238","ATOSB",0.555026572585669,0.000227802093973856,"ATOSB",0.310539110608551,0.0411453836581841
"ENSG00000006025","OSBPL7",0.399838963885808,0.0340654914654716,"OSBPL7",0.28786637117072,0.127810896419121
"ENSG00000006118","TMEM132A",0.263928813051473,0.112555048335914,"TMEM132A",0.237394996890467,0.135411932511019
"ENSG00000006282","SPATA20",0.258056459797611,0.0616170799559833,"SPATA20",-0.0421343567340489,0.83369057945543
"ENSG00000006432","MAP3K9",0.553178136884292,0.000791615745218478,"MAP3K9",0.839362467158487,2.01024859541652e-05
"ENSG00000007968","E2F2",-0.846876830608614,3.45538273439769e-05,"E2F2",-0.980854240649395,6.21076619275626e-06
"ENSG00000008283","CYB561",0.904792346892113,2.30551573327032e-13,"CYB561",0.69575394653279,5.96366745764491e-06
"ENSG00000009830","POMT2",0.149767785158995,0.192559704399314,"POMT2",0.292291062997381,0.00373610768090562
"ENSG00000010292","NCAPD2",-0.315402181504924,0.00473882818897822,"NCAPD2",-0.0442317371774809,0.789084144505441
"ENSG00000010818","HIVEP2",0.280266975164797,0.0189060819345974,"HIVEP2",0.580912356134146,2.37284679545053e-07
"ENSG00000011304","PTBP1",-0.288385525687985,0.000223575701727588,"PTBP1",0.0111667449452579,0.935987768251914
"ENSG00000011426","ANLN",-0.314602530420011,0.017951047038185,"ANLN",-0.10862216411585,0.48176206707889
"ENSG00000011485","PPP5C",-0.00878741410729882,0.976371682540351,"PPP5C",0.169624419465466,0.194810067551565
"ENSG00000011638","LDAF1",0.177227460913628,0.338648863944055,"LDAF1",-0.368476698013332,0.020494087438108
"ENSG00000012061","ERCC1",0.0375880156281015,0.749746598242551,"ERCC1",0.137568229669543,0.108165247385265
"ENSG00000012124","CD22",-0.757355981772308,0.00217100162241378,"CD22",-0.927739989815036,0.000345261778502093
"ENSG00000012171","SEMA3B",1.43348836884968,5.65114901256451e-08,"SEMA3B",1.41030899162206,8.08824297686165e-10
"ENSG00000013375","PGM3",0.220030137998107,0.000470269397732926,"PGM3",0.266238287942704,1.28022746711058e-05
"ENSG00000013810","TACC3",-0.284409688285581,0.0220458351622295,"TACC3",0.0438236873475823,0.808990529753016
"ENSG00000017797","RALBP1",0.26607940141744,7.20152651109572e-06,"RALBP1",0.175906138726353,0.00572713253605331
"ENSG00000021355","SERPINB1",-0.0425662853299359,0.886097946475146,"SERPINB1",0.112386187379811,0.59603577603851
"ENSG00000023892","DEF6",0.20703780625473,0.340659898665239,"DEF6",0.250369689444137,0.180197560907377
"ENSG00000026025","VIM",-0.474427128806996,0.00222573975227559,"VIM",-0.494524884715929,0.00112015774478449
"ENSG00000026508","CD44",0.271338048531678,2.46658387447798e-05,"CD44",0.196520675199736,0.00331885737292641
"ENSG00000027869","SH2D2A",1.07814772842305,3.78682345067163e-06,"SH2D2A",1.59645077522847,1.05899933847853e-10
"ENSG00000028116","VRK2",0.0233436715924856,0.908749857401802,"VRK2",-0.0616842375275411,0.703118774116545
"ENSG00000028277","POU2F2",-0.558880773028579,0.00293613861314918,"POU2F2",-0.311490916290815,0.0700564222097806
"ENSG00000029363","BCLAF1",0.0129850325218223,0.933964719214992,"BCLAF1",-0.129862098026578,0.163994993600311
"ENSG00000030582","GRN",0.990037604296752,1.51628785101599e-17,"GRN",0.512896938626081,8.88894760910373e-06
"ENSG00000033627","ATP6V0A1",0.557524997556504,8.6527802184537e-06,"ATP6V0A1",0.7228278036386,8.775592572798e-08
"ENSG00000033867","SLC4A7",-0.163397773329131,0.17841528536888,"SLC4A7",0.0910728789450704,0.499803525345268
"ENSG00000037042","TUBG2",0.10001578377621,0.649530730930749,"TUBG2",-0.0721291184191298,0.738697771886988
"ENSG00000037757","MRI1",0.217544041314077,0.0243434698847482,"MRI1",0.0253734382400161,0.875854829811456
"ENSG00000038295","TLL1",-0.0181484559541085,0.967935817639381,"TLL1",0.0100549652619154,0.970395232434434
"ENSG00000040633","PHF23",-0.191031577001035,0.0263823654834307,"PHF23",-0.216081617562759,0.0100471238815999
"ENSG00000041802","LSG1",0.429083660428623,8.13224300674063e-17,"LSG1",0.255654241269536,2.39137504067062e-06
"ENSG00000041880","PARP3",0.172547272594117,0.177952843568893,"PARP3",-0.194359749745786,0.118541317128418
"ENSG00000043143","JADE2",0.354870449683991,0.00166145546075423,"JADE2",0.592000943928019,1.51496264999994e-07
"ENSG00000044090","CUL7",0.270342165258094,0.101917627588395,"CUL7",-0.0349714292680188,0.88410797169007
"ENSG00000046647","GEMIN8",-0.107310122690537,0.634985124488395,"GEMIN8",-0.399933290360042,0.0222270345920338
"ENSG00000049167","ERCC8",-0.178323819220236,0.249122970584334,"ERCC8",-0.281127028460614,0.0494589472204462
"ENSG00000049192","ADAMTS6",-0.589295351070561,0.00205673591615012,"ADAMTS6",0.133756352810479,0.49954043521037
"ENSG00000049245","VAMP3",0.0688912307293708,0.556850965698429,"VAMP3",-0.0759171302227285,0.523902058365869
"ENSG00000053254","FOXN3",-0.144416852543372,0.289201205258404,"FOXN3",-0.47286922219977,5.99188817343723e-05
"ENSG00000054118","THRAP3",-0.512601075593945,1.13327795770952e-15,"THRAP3",-0.489324303416323,2.35296098852561e-14
"ENSG00000055147","FAM114A2",-0.048380235667242,0.746290373305594,"FAM114A2",-0.0159424248337541,0.929081738009516
"ENSG00000058085","LAMC2",-0.482059690678091,1.0705685484474e-05,"LAMC2",-0.353561769712017,0.00169231184534249
"ENSG00000058729","RIOK2",0.204531359353215,0.0535063623070572,"RIOK2",-0.0915667584964201,0.477872283901145
"ENSG00000058804","NDC1",-0.29473904138112,0.00427961688316711,"NDC1",0.0401666227524265,0.79720733845103
"ENSG00000059728","MXD1",0.110617537826327,0.523945606897918,"MXD1",-0.125886499129201,0.435681901963422
"ENSG00000060339","CCAR1",-0.0729220118778482,0.423513400957638,"CCAR1",0.0379678594228976,0.719814574923701
"ENSG00000060491","OGFR",0.321961305828253,1.31852577473382e-05,"OGFR",0.247743702161064,0.00138363022857768
"ENSG00000060688","SNRNP40",-0.372086494133015,0.00352350376768563,"SNRNP40",-0.244352832454688,0.0530124813227111
"ENSG00000062282","DGAT2",0.328159328520109,0.0415294599052345,"DGAT2",-0.293000211920272,0.096138776892159
"ENSG00000063244","U2AF2",0.0367749394331019,0.800197068562102,"U2AF2",0.150156687619521,0.149209339970083
"ENSG00000064195","DLX3",1.934862837316,3.97595925849647e-05,"DLX3",0.574934731070789,0.0673457126541986
"ENSG00000064205","CCN5",-0.165478427745561,0.561253789365481,"CCN5",-0.030842636186549,0.917091575033705
"ENSG00000064607","SUGP2",0.274529687507534,0.00110013426459286,"SUGP2",0.195073241050138,0.0267171709342197
"ENSG00000064666","CNN2",0.400214948111405,0.00038284177144309,"CNN2",0.595569661627847,9.50256542348405e-08
"ENSG00000065183","WDR3",-0.113321281270989,0.113534532581122,"WDR3",-0.100184810443904,0.179693227714721
"ENSG00000065357","DGKA",0.771641945146682,1.18947268511107e-21,"DGKA",0.982805801706796,1.10258950921488e-34
"ENSG00000065457","ADAT1",-0.0547719375633444,0.592747111259953,"ADAT1",0.0132450870873025,0.92286628058092
"ENSG00000065802","ASB1",-0.481179594807842,4.48980139575454e-06,"ASB1",-0.315322318512319,0.00248568805172499
"ENSG00000065833","ME1",-0.508514308223592,1.18585117332807e-05,"ME1",-0.790642358545576,1.13870017184714e-11
"ENSG00000065911","MTHFD2",-0.530039084045563,9.41980969224367e-08,"MTHFD2",-0.379202996732226,0.000118988640938745
"ENSG00000065923","SLC9A7",-0.604144886362059,9.19514157838802e-10,"SLC9A7",-0.888380712248171,2.99174810199437e-18
"ENSG00000066027","PPP2R5A",0.101266501351358,0.489452284960807,"PPP2R5A",0.766148474982027,3.52797053251202e-11
"ENSG00000066136","NFYC",-0.177033972155816,0.13873961670424,"NFYC",0.189319525429384,0.088141808918128
"ENSG00000066248","NGEF",0.915868739982142,0.0105560234400678,"NGEF",0.192422788274582,0.439055827244992
"ENSG00000067365","METTL22",-0.104342415641866,0.563996417972,"METTL22",0.153275545215185,0.308623944937454
"ENSG00000067798","NAV3",-0.464633759905525,0.00277692599215175,"NAV3",-0.17228687405535,0.287825789459321
"ENSG00000067900","ROCK1",-0.106878653727114,0.329618010498797,"ROCK1",0.0617426548949386,0.61737649226171
"ENSG00000069020","MAST4",-0.0535236323389122,0.769615903511913,"MAST4",-0.039256868612403,0.834869264621291
"ENSG00000069702","TGFBR3",-0.643938563325015,9.65064801319703e-06,"TGFBR3",-0.474752706942877,0.000268721825125396
"ENSG00000069869","NEDD4",-0.253869969809835,0.0549573566110705,"NEDD4",-0.0919330467848929,0.551745971357727
"ENSG00000069966","GNB5",-0.182946291862177,0.0696951146073959,"GNB5",-0.0719145264804995,0.535438325815274
"ENSG00000070081","NUCB2",-0.286219402893495,0.0126986372004979,"NUCB2",-0.389301086854159,0.000356269298594693
"ENSG00000070087","PFN2",-0.493667952371595,1.40818245352413e-06,"PFN2",-0.306858325449012,0.00288593447162718
"ENSG00000070214","SLC44A1",-0.60671461148162,1.0832038337362e-14,"SLC44A1",-0.447696443265122,7.56221432697893e-09
"ENSG00000071242","RPS6KA2",-2.06771249252814,7.39868733480776e-17,"RPS6KA2",-3.17109187431385,7.48110204514865e-38
"ENSG00000071243","ING3",-0.635131773783869,8.43610047618111e-12,"ING3",-0.172965449728501,0.0782563883379669
"ENSG00000071626","DAZAP1",-0.582059074029868,1.0263093897673e-20,"DAZAP1",-0.317497059642714,7.11572990230882e-07
"ENSG00000072042","RDH11",-0.360839186949425,0.00032434328860209,"RDH11",-0.249171129386007,0.0151505147473849
"ENSG00000072071","ADGRL1",-0.260554300556965,0.182269733603865,"ADGRL1",-0.0451098691372379,0.85968088492396
"ENSG00000073111","MCM2",-0.337758268497602,0.00537145055102663,"MCM2",-0.236221240758531,0.0531597290535557
"ENSG00000074219","TEAD2",0.00908881291458723,0.983264841692771,"TEAD2",0.248424569084469,0.111879895678333
"ENSG00000074410","CA12",0.0235211181130502,0.919806371473032,"CA12",0.0228307282297007,0.9401839993412
"ENSG00000074696","HACD3",-0.314718789912897,2.92457677712063e-05,"HACD3",-0.175386283027888,0.0302952110867945
"ENSG00000075131","TIPIN",-0.441938102944713,0.000299431134693864,"TIPIN",-0.281697107129094,0.0209232511242644
"ENSG00000075218","GTSE1",-0.529443371084276,2.26962519032545e-08,"GTSE1",-0.0997753677811607,0.396294036031859
"ENSG00000075275","CELSR1",-0.306336860502956,0.0473842275883506,"CELSR1",-0.575160831013166,3.9603169863965e-05
"ENSG00000075426","FOSL2",0.174542430417436,0.123572159974125,"FOSL2",0.519918176222707,1.92034329621778e-07
"ENSG00000076003","MCM6",-1.36428582384216,2.11246250582695e-31,"MCM6",-1.20186694784014,2.93913095157865e-25
"ENSG00000076067","RBMS2",0.0254613354119418,0.872723378150843,"RBMS2",0.202583589029111,0.051303673258049
"ENSG00000076248","UNG",-0.539210995865815,7.99482633403582e-09,"UNG",-0.828637309609001,2.73420808883981e-18
"ENSG00000076641","PAG1",-0.208621252277045,0.157274153003847,"PAG1",0.11180975242631,0.438598788405963
"ENSG00000076706","MCAM",0.0303192673603245,0.932088791893381,"MCAM",0.0860073210759039,0.722303378032601
"ENSG00000076826","CAMSAP3",-0.0084492339300489,0.991305082777353,"CAMSAP3",-0.029464577312384,0.921047248081336
"ENSG00000077254","USP33",0.343277708992233,5.96406380582934e-06,"USP33",0.30531406228525,4.16118986939687e-05
"ENSG00000077312","SNRPA",-0.208279688533682,0.0289362645196493,"SNRPA",0.159587657109297,0.104725260868241
"ENSG00000077684","JADE1",-0.5384807391105,2.36791805805674e-09,"JADE1",-0.239742280740602,0.0093873541236879
"ENSG00000078043","PIAS2",-0.0969494781607436,0.397347016198589,"PIAS2",0.0989459474822962,0.369932173570399
"ENSG00000078114","NEBL",0.867127464952738,0.0186550729703605,"NEBL",0.112440514479307,0.656993641713197
"ENSG00000078747","ITCH",0.0037984334515854,0.997856195141439,"ITCH",0.442938460281673,0.00639019812161786
"ENSG00000079337","RAPGEF3",0.799237857328004,0.00164529796787211,"RAPGEF3",0.592357870179734,0.0193897868769228
"ENSG00000079385","CEACAM1",6.36636177576974,2.44494105109242e-20,"CEACAM1",4.17488194715005,9.71404923969765e-10
"ENSG00000079739","PGM1",-0.338647376115811,0.00870087128903296,"PGM1",-0.390904837881944,0.00131633799924147
"ENSG00000079785","DDX1",-0.235673816263021,0.000237903054082441,"DDX1",-0.0270527592269657,0.791854791874159
"ENSG00000079819","EPB41L2",-0.852480939096214,9.69675979345036e-26,"EPB41L2",-0.640707147872916,4.41570112525745e-15
"ENSG00000079974","RABL2B",0.0815790787153291,0.618281883696291,"RABL2B",0.251297600496502,0.0540651872496372
"ENSG00000080546","SESN1",1.26369216857755,5.64590336975145e-24,"SESN1",0.989617100900736,2.46294501423612e-14
"ENSG00000081041","CXCL2",-0.0448070834925205,0.896708939988584,"CXCL2",-0.0191731471752571,0.944084242462285
"ENSG00000082482","KCNK2",-1.44670103955688,5.34765058426854e-08,"KCNK2",-1.0646035755649,2.9418195735267e-06
"ENSG00000082641","NFE2L1",0.0220307198175923,0.878971536675574,"NFE2L1",-0.120301961556799,0.232944744096189
"ENSG00000082898","XPO1",-0.374982986203929,2.39330400630314e-09,"XPO1",-0.119279552018917,0.0994393557153792
"ENSG00000083312","TNPO1",0.0207135176524424,0.852262629191382,"TNPO1",0.183961816401618,0.00894190352127898
"ENSG00000084234","APLP2",-0.0763606037567821,0.470598939233265,"APLP2",-0.0741928465716559,0.482995731014052
"ENSG00000084693","AGBL5",0.348064120172625,0.00057788946565365,"AGBL5",0.191182833556234,0.0861702522688697
"ENSG00000085185","BCORL1",0.749615289535456,3.04159682012482e-07,"BCORL1",0.858607272873088,3.86040104047176e-08
"ENSG00000085998","POMGNT1",0.149237983180782,0.178938699315304,"POMGNT1",0.259257561511174,0.00953545571970813
"ENSG00000086827","ZW10",-0.161609297977082,0.162264590693547,"ZW10",-0.0646396421294985,0.6443191835091
"ENSG00000087086","FTL",0.410201001121239,0.000517297680721084,"FTL",0.00756139288276246,0.967518244567326
"ENSG00000087087","SRRT",0.322057275690564,2.21547080538517e-05,"SRRT",0.312310783263911,3.84659143194717e-05
"ENSG00000087269","NOP14",0.123352537231299,0.0543790512370923,"NOP14",0.0443214539967492,0.598706100630944
"ENSG00000087460","GNAS",0.0923573331364757,0.348095137550082,"GNAS",-0.161429987508313,0.0618509952858813
"ENSG00000087495","PHACTR3",1.89142486685987,0.000902637078878891,"PHACTR3",-0.118574251320548,0.622899570224573
"ENSG00000087510","TFAP2C",-0.352430211545217,0.100666340545703,"TFAP2C",0.0856509838868194,0.713066890974907
"ENSG00000088247","KHSRP",-0.0824596119961634,0.419114793239161,"KHSRP",-0.0733882057646662,0.48085477922561
"ENSG00000088325","TPX2",-0.362040523757059,0.000702969419637797,"TPX2",-0.174005311002372,0.132363288433118
"ENSG00000088538","DOCK3",-0.104490152309716,0.75441523269106,"DOCK3",-0.125506200309477,0.627742590533924
"ENSG00000088826","SMOX",0.0879383882183136,0.701489992231533,"SMOX",-0.282145926724287,0.0906674635846579
"ENSG00000089248","ERP29",-0.230040528993807,0.0115852253700367,"ERP29",-0.163208556503316,0.0853574746791796
"ENSG00000089693","MLF2",0.473279080523659,4.03811055877183e-10,"MLF2",0.540325552154531,1.00397118880944e-12
"ENSG00000089916","GPATCH2L",0.28109696085511,0.00426025911735087,"GPATCH2L",0.119846126077071,0.292809901315134
"ENSG00000090006","LTBP4",0.0836339180011329,0.698036522955813,"LTBP4",-0.12276790100879,0.503911726512394
"ENSG00000090060","PAPOLA",-0.264402781230209,1.79098594339424e-06,"PAPOLA",-0.0856622030595642,0.197333659186233
"ENSG00000090097","PCBP4",0.05309343393048,0.759243569457173,"PCBP4",0.0989321614587835,0.496591995486389
"ENSG00000090776","EFNB1",1.15360531862331,9.88579857017825e-27,"EFNB1",0.384237513925761,0.00055377771059353
"ENSG00000091073","DTX2",0.337903818458133,0.0111168848271716,"DTX2",0.332649419792972,0.0107057569252325
"ENSG00000091129","NRCAM",-0.54774666433662,0.0163108761581387,"NRCAM",-0.812939150533132,0.000219720827230819
"ENSG00000091136","LAMB1",-0.147142043661356,0.407401663258276,"LAMB1",-0.00887005350920397,0.967518244567326
"ENSG00000091409","ITGA6",-1.37240229154142,1.01316586767564e-26,"ITGA6",-1.35142310277809,5.47411530631011e-26
"ENSG00000091436","MAP3K20",-0.452088052264319,2.14152036302539e-12,"MAP3K20",-0.259646500565265,6.72869930777967e-05
"ENSG00000091592","NLRP1",0.380461746337501,0.0137272444032678,"NLRP1",0.32758235570982,0.029961714200206
"ENSG00000091986","CCDC80",-0.436792285257303,0.0123261825913524,"CCDC80",-0.593685726725907,0.00066778419171163
"ENSG00000093000","NUP50",-0.288232963719225,0.00052450626414602,"NUP50",-0.150192877975488,0.102687551428689
"ENSG00000094916","CBX5",-0.0614012392176888,0.649478088271273,"CBX5",-0.0125265498859415,0.939308593076803
"ENSG00000095752","IL11",0.146432736459452,0.605739189159887,"IL11",-0.205259712663692,0.366338202230023
"ENSG00000095970","TREM2",6.76878286245392,6.35360340604823e-20,"TREM2",3.51926084600389,1.45692143933861e-17
"ENSG00000099194","SCD",-0.845533856681318,5.54983610558922e-05,"SCD",-0.809862806963485,0.000138202708692233
"ENSG00000099337","KCNK6",0.232946621153792,0.228592763544297,"KCNK6",-0.239493871016835,0.225765653295465
"ENSG00000099817","POLR2E",0.0343637982961142,0.830850288292857,"POLR2E",-0.00651143737472721,0.96820369128742
"ENSG00000099860","GADD45B",0.40332210521816,0.0138247895355534,"GADD45B",0.00388752785565653,0.986863382151681
"ENSG00000099875","MKNK2",0.277267338552101,0.00196114216711763,"MKNK2",0.424940989080912,1.31968613807347e-06
"ENSG00000099901","RANBP1",-0.322169065538123,6.08548962368417e-06,"RANBP1",-0.0813599437141795,0.365331544841185
"ENSG00000099995","SF3A1",0.0594349242624591,0.533474174204305,"SF3A1",0.145878072080366,0.065516434105539
"ENSG00000100028","SNRPD3",0.139033625366022,0.140243435071643,"SNRPD3",0.0922964501636301,0.375047299397833
"ENSG00000100196","KDELR3",0.412018019332513,0.014740153714016,"KDELR3",0.149063643704615,0.421128944607839
"ENSG00000100201","DDX17",0.15281321484688,0.0504218530597734,"DDX17",0.268687497918255,0.000157185723260137
"ENSG00000100266","PACSIN2",0.157605556965089,0.144493598976345,"PACSIN2",0.104392105316266,0.372462382870966
"ENSG00000100485","SOS2",0.463074725683178,0.000321923627551963,"SOS2",0.502391422342524,6.6057933994843e-05
"ENSG00000100591","AHSA1",0.181918414566631,0.0641795935805399,"AHSA1",0.352775351622083,7.30200969034777e-05
"ENSG00000100612","DHRS7",1.16554564635058,3.27751980239898e-22,"DHRS7",1.21034779458306,1.46684278871181e-23
"ENSG00000100647","SUSD6",1.31107198342405,2.24427011009893e-21,"SUSD6",1.00912141765892,1.55551501341619e-12
"ENSG00000100650","SRSF5",-0.0780716059992313,0.464715825547423,"SRSF5",0.14536624801209,0.113106705449151
"ENSG00000100731","PCNX1",-0.264278117235296,0.0112561502661757,"PCNX1",-0.27293159094678,0.00746079696971774
"ENSG00000100814","CCNB1IP1",0.0707734990377789,0.683516169219631,"CCNB1IP1",-0.19904814577805,0.136200781202232
"ENSG00000100867","DHRS2",-0.671119815419456,0.00468436823902372,"DHRS2",0.0249954148004889,0.93183124691646
"ENSG00000100994","PYGB",-0.621384809371208,3.02920532578924e-13,"PYGB",-1.28047656835038,3.75181946787265e-48
"ENSG00000101000","PROCR",1.10841254712341,7.69249890741243e-25,"PROCR",1.24246390693042,1.04573945910749e-28
"ENSG00000101040","ZMYND8",-0.248218575906146,0.00792955077226478,"ZMYND8",-0.023214214150425,0.881564983814623
"ENSG00000101161","PRPF6",0.414184853529449,2.6225064370265e-11,"PRPF6",0.347189794023634,3.92764470639409e-08
"ENSG00000101210","EEF1A2",-0.0970547355166123,0.729351773163332,"EEF1A2",-0.000726582853195329,0.998209661833833
"ENSG00000101213","PTK6",0.08075271733572,0.798585356236876,"PTK6",0.127818782515215,0.592956209482975
"ENSG00000101311","FERMT1",0.285154089287178,0.0103991767455421,"FERMT1",0.349339041428633,0.00126887668628898
"ENSG00000101347","SAMHD1",0.380262035868898,0.00424084792134715,"SAMHD1",0.285751053375716,0.0316944862986387
"ENSG00000101384","JAG1",-0.245381132825118,0.177691747235513,"JAG1",-0.152603030026557,0.392544702423344
"ENSG00000101400","SNTA1",-0.0750289810490721,0.742969163497632,"SNTA1",-0.310686135995381,0.0754318292596784
"ENSG00000101670","LIPG",-0.153640531401213,0.518055454892529,"LIPG",-0.207609036587624,0.294733659468252
"ENSG00000101935","AMMECR1",-0.187240599150821,0.0435527413941019,"AMMECR1",0.150176422863555,0.0933652995177637
"ENSG00000101940","WDR13",0.0343108610637231,0.824837096512636,"WDR13",-0.169740562258141,0.125742619233636
"ENSG00000101977","MCF2",1.39614543136814,0.000395285474902991,"MCF2",0.137172740010901,0.593350299755964
"ENSG00000102038","SMARCA1",-0.415187381236155,0.00185594313642377,"SMARCA1",-0.164667924815443,0.248227283085495
"ENSG00000102100","SLC35A2",0.369803299952261,0.000456704286509055,"SLC35A2",0.200533250615966,0.0814997358139377
"ENSG00000102226","USP11",0.366630395122008,5.28932735919291e-05,"USP11",0.167489231272034,0.0939165652416095
"ENSG00000102316","MAGED2",0.285132887836168,0.012766576587388,"MAGED2",-0.0448485093544878,0.786673439781238
"ENSG00000102804","TSC22D1",0.147476239708148,0.403986380077176,"TSC22D1",0.207263748532546,0.171634616622712
"ENSG00000102882","MAPK3",-0.0830689253672028,0.605395502698864,"MAPK3",-0.0724957294870542,0.655137362473691
"ENSG00000102974","CTCF",0.0946404817999691,0.395911142974239,"CTCF",0.219904946161128,0.0169147094302125
"ENSG00000103005","USB1",0.357401264513818,0.0007252190862237,"USB1",0.459460290615005,1.40505093319435e-05
"ENSG00000103145","HCFC1R1",-0.296464975189351,0.0021653841977462,"HCFC1R1",-0.325766362971387,0.000460700596384219
"ENSG00000103257","SLC7A5",-0.732452525365656,4.39562942421697e-06,"SLC7A5",-0.975421488883632,2.97516944811941e-09
"ENSG00000103260","METRN",-0.0900422946798432,0.658888208785874,"METRN",-0.638086078797137,6.66999582590987e-05
"ENSG00000103495","MAZ",-0.148971600929361,0.129300802450677,"MAZ",-0.0356002933984968,0.796547068059362
"ENSG00000103550","KNOP1",0.270510754683093,4.2189177993237e-06,"KNOP1",0.0499869937819012,0.541882732894442
"ENSG00000103569","AQP9",0.207847243974312,0.468931901660725,"AQP9",-0.0424929751443545,0.883516499618717
"ENSG00000103876","FAH",0.307893787246486,0.0048943776774895,"FAH",-0.163589814335892,0.164537675052266
"ENSG00000104067","TJP1",-0.215594108181647,0.0794872884996378,"TJP1",0.0437239324239128,0.796794696487074
"ENSG00000104131","EIF3J",-0.125589492403506,0.111988202202903,"EIF3J",-0.264389418133073,0.000174661837861316
"ENSG00000104320","NBN",-0.231535876214327,0.00266487491731109,"NBN",-0.0112951449310101,0.932925361695864
"ENSG00000104368","PLAT",2.06150718740057,7.48320167788866e-23,"PLAT",2.21883678485412,5.03382894847632e-25
"ENSG00000104419","NDRG1",-0.26520582153728,0.208002428442584,"NDRG1",0.0318498384815555,0.908970173816647
"ENSG00000104738","MCM4",-0.311646935102983,8.60432541630387e-05,"MCM4",-0.221832706904776,0.00684266092215774
"ENSG00000104824","HNRNPL",-0.324477768400718,0.000223575701727588,"HNRNPL",-0.152606885066067,0.115114324079307
"ENSG00000104980","TIMM44",-0.187249966385332,0.0308089894986284,"TIMM44",-0.249331264135007,0.00303483469072499
"ENSG00000105053","VRK3",0.760239021061146,2.15904145021215e-12,"VRK3",0.482138667063113,3.10693274190038e-05
"ENSG00000105254","TBCB",-0.0950299551580216,0.390087623637646,"TBCB",-0.241732410180145,0.00774748905882228
"ENSG00000105323","HNRNPUL1",-0.424844552696853,1.22112703010683e-07,"HNRNPUL1",-0.112408508797631,0.242857413575001
"ENSG00000105397","TYK2",0.0720255230518217,0.505072560152406,"TYK2",0.0662471162482046,0.555147879077437
"ENSG00000105518","TMEM205",0.325831833427473,0.0424709740714073,"TMEM205",-0.299462662204367,0.104688561430137
"ENSG00000105698","USF2",-0.0795925261198204,0.532120780150773,"USF2",-0.232671857161973,0.0203225797634686
"ENSG00000105835","NAMPT",0.0990661065635283,0.653378914700238,"NAMPT",0.0741294835458454,0.726989439185746
"ENSG00000105849","POLR1F",-0.017067140648347,0.868005017908471,"POLR1F",-0.126946105781317,0.066569339523224
"ENSG00000105877","DNAH11",0.736377799962521,0.000633277198746439,"DNAH11",0.910316738243382,0.000851698572853975
"ENSG00000105928","GSDME",0.291556183013485,0.00736457179299143,"GSDME",0.119506051256494,0.339719505644195
"ENSG00000105968","H2AZ2",-0.358245460980469,0.000299778866565721,"H2AZ2",-0.29703393641385,0.00258561220772589
"ENSG00000106105","GARS1",-0.938146682825155,1.69140813084267e-14,"GARS1",-1.07824880757275,1.6559026958726e-18
"ENSG00000106305","AIMP2",0.145020104979762,0.174275680180752,"AIMP2",0.0482226822030736,0.722216361377921
"ENSG00000106605","BLVRA",0.414950937362589,0.000233598176229152,"BLVRA",0.28284745344077,0.0435805608141839
"ENSG00000106615","RHEB",-0.320686982104836,0.000392881887394797,"RHEB",-0.214816964762445,0.0224557993213758
"ENSG00000106617","PRKAG2",-0.301922857692079,0.0510407435168477,"PRKAG2",-0.0757804803333095,0.697130619041025
"ENSG00000106723","SPIN1",-0.319219858353452,1.30708399496329e-05,"SPIN1",-0.11782305805893,0.156397900802215
"ENSG00000106789","CORO2A",0.0469047304749058,0.781242267980703,"CORO2A",0.270027628322569,0.0136172128181646
"ENSG00000106799","TGFBR1",0.236494169133541,0.0465970743503826,"TGFBR1",0.165835248792619,0.169465911899852
"ENSG00000106829","TLE4",0.119872917759231,0.452037398138954,"TLE4",0.611441476016705,2.33719200095397e-06
"ENSG00000106853","PTGR1",0.226939260106631,0.202287293103891,"PTGR1",0.26786078417198,0.0890742114005726
"ENSG00000107485","GATA3",0.597516823796067,2.47275678160739e-06,"GATA3",-0.142422947219019,0.37436805530835
"ENSG00000107957","SH3PXD2A",-1.16943089284227,1.32166730147547e-06,"SH3PXD2A",-0.941602365194381,4.06860147762098e-05
"ENSG00000108262","GIT1",0.150374414181384,0.295309908734716,"GIT1",0.0501422398336463,0.780964732795446
"ENSG00000108312","UBTF",-0.101698205545188,0.434146980663943,"UBTF",0.154431258039496,0.176336577396544
"ENSG00000108342","CSF3",2.53797302431106,0.000104794156141242,"CSF3",-0.0503752522564418,0.857306421840203
"ENSG00000108349","CASC3",0.00823812341105811,0.955618300106097,"CASC3",0.165947343802991,0.0296974734480275
"ENSG00000108474","PIGL",-0.108095813078949,0.655731257137316,"PIGL",-0.541483305995587,0.00716136773085099
"ENSG00000108515","ENO3",0.109422458417788,0.720918439725771,"ENO3",-0.0495298596917169,0.865211537494269
"ENSG00000108588","CCDC47",0.387438441121185,1.47255713612742e-06,"CCDC47",0.150206949091101,0.101819421649136
"ENSG00000108602","ALDH3A1",0.743089104972712,0.0417453775398376,"ALDH3A1",2.28374436534553,0.000192996590356893
"ENSG00000108604","SMARCD2",0.123578397802773,0.374390823402795,"SMARCD2",0.0681585945882012,0.659092877327805
"ENSG00000108639","SYNGR2",0.460839835881451,0.000229577146448778,"SYNGR2",0.353758202292839,0.0043921337431299
"ENSG00000108669","CYTH1",0.350747367206971,0.00882438099896992,"CYTH1",0.566163790462816,1.58088655659511e-05
"ENSG00000108797","CNTNAP1",-0.0141800512229938,0.973175669628412,"CNTNAP1",-0.128353951521112,0.536941454751706
"ENSG00000108846","ABCC3",0.402961889688438,0.0630532209286117,"ABCC3",0.0107287278798803,0.967518244567326
"ENSG00000108852","MPP2",0.0233594239994899,0.959445482940364,"MPP2",-0.0335946230945401,0.914960548346928
"ENSG00000109107","ALDOC",-0.0305591200796685,0.93192174659001,"ALDOC",0.293603694585991,0.156707195481509
"ENSG00000109321","AREG",3.13357331688109,3.04688552361347e-50,"AREG",1.43583580310015,1.49200680911487e-16
"ENSG00000109390","NDUFC1",0.297845890975837,1.94431527156962e-05,"NDUFC1",0.181344302768829,0.0155474371069579
"ENSG00000109501","WFS1",0.908021103609577,6.57496225361634e-14,"WFS1",0.736816116860054,6.05585272160757e-09
"ENSG00000109606","DHX15",-0.357505072473329,2.29745696374689e-06,"DHX15",-0.117593033822347,0.187357704610967
"ENSG00000109689","STIM2",0.156460307379654,0.0866852243574331,"STIM2",0.280630947700622,0.000387504214029668
"ENSG00000109805","NCAPG",-0.230819247444794,0.0364496687700276,"NCAPG",0.0749203341661377,0.586510639156633
"ENSG00000109917","ZPR1",0.516706144609236,1.18540438742288e-11,"ZPR1",0.166426793693843,0.0541666129171088
"ENSG00000110031","LPXN",0.563078818199059,0.000529401517747372,"LPXN",0.269047419296639,0.078736711226925
"ENSG00000110066","KMT5B",0.712674370936336,6.11197340328034e-26,"KMT5B",0.545851129916843,4.34409479953317e-15
"ENSG00000110107","PRPF19",0.0669809200459306,0.498912010733567,"PRPF19",0.115730407771457,0.187960037277714
"ENSG00000110172","CHORDC1",0.188013397577709,0.060642290770352,"CHORDC1",0.448624494250339,8.07699265575381e-07
"ENSG00000110200","ANAPC15",-0.176290641999298,0.11437429341604,"ANAPC15",-0.377390310902969,0.000180675583580309
"ENSG00000110321","EIF4G2",-0.0599628094671947,0.588800632296852,"EIF4G2",-0.00439828835443228,0.974436270772328
"ENSG00000110400","NECTIN1",0.301100109431346,0.0111265122717783,"NECTIN1",0.73660339769711,1.91389979452975e-09
"ENSG00000110723","EXPH5",-0.51503207714072,0.0380802178808828,"EXPH5",-0.182297606522589,0.386872243878178
"ENSG00000110841","PPFIBP1",-0.213857776176574,0.0496761481189949,"PPFIBP1",-0.128382853502065,0.275309791549246
"ENSG00000110888","CAPRIN2",-0.111573029730704,0.501313981673754,"CAPRIN2",-0.241584263414629,0.071390322894685
"ENSG00000110944","IL23A",0.622969461446053,0.0623517945329513,"IL23A",-0.115425847760206,0.656747740990687
"ENSG00000110958","PTGES3",-0.433230532860493,1.32158027786123e-13,"PTGES3",-0.153732632674944,0.0177881542318803
"ENSG00000111012","CYP27B1",0.121352010493699,0.708067359468261,"CYP27B1",-0.02836365630756,0.929517349857314
"ENSG00000111110","PPM1H",-0.350077472550797,0.238905521105718,"PPM1H",-0.438568248021902,0.122519617701645
"ENSG00000111319","SCNN1A",0.400404888472475,0.155457117529258,"SCNN1A",-0.0119623978245464,0.965630950322186
"ENSG00000111412","SPRING1",0.0630345402512284,0.654363405922362,"SPRING1",0.120680546115408,0.327763641430185
"ENSG00000111665","CDCA3",-0.386711606230806,0.00494315365664391,"CDCA3",-0.136887999497808,0.376506782716774
"ENSG00000111786","SRSF9",-0.283046931822855,0.00010890728313437,"SRSF9",-0.0561163592028014,0.578648718604758
"ENSG00000111817","DSE",0.116910843297186,0.422434430195035,"DSE",0.127602504220457,0.346287196546974
"ENSG00000111846","GCNT2",-0.188580352946398,0.232929827449085,"GCNT2",0.171250716044777,0.269802667275926
"ENSG00000111863","ADTRP",-1.68575761102037,3.08757334462153e-11,"ADTRP",-1.05051470174752,1.48687166816449e-05
"ENSG00000112081","SRSF3",-0.57363151316313,6.3718534356931e-14,"SRSF3",-0.480860986092573,2.93614591535421e-10
"ENSG00000112118","MCM3",-1.11103228035095,6.65911210909131e-32,"MCM3",-0.985467408896809,6.28437799867068e-26
"ENSG00000112304","ACOT13",-0.225514809323606,0.140210575151612,"ACOT13",-0.261122114973154,0.0807575930948112
"ENSG00000112379","ARFGEF3",-0.832191827617382,0.0018622970687883,"ARFGEF3",-1.16988054875176,9.52523832877495e-05
"ENSG00000112640","PPP2R5D",0.656940577540987,4.8905451903736e-19,"PPP2R5D",0.619543692993307,5.56250312027685e-16
"ENSG00000112655","PTK7",0.0449900164591674,0.857035897602117,"PTK7",0.487408261189956,0.00257515784090134
"ENSG00000112984","KIF20A",-0.144912565409919,0.413874396942139,"KIF20A",-0.00848627117410486,0.969118663606796
"ENSG00000113083","LOX",-0.248701488950927,0.0938621845729296,"LOX",-0.47621712735726,0.000354921652923578
"ENSG00000113368","LMNB1",-1.26174211877606,3.17249986994137e-30,"LMNB1",-0.744904282627802,1.34434688901204e-11
"ENSG00000113658","SMAD5",-0.0561805843037955,0.513434272573452,"SMAD5",0.115051520225086,0.120506361394614
"ENSG00000113805","CNTN3",-0.752284234920592,0.0120776909456871,"CNTN3",-1.40980754330839,5.12289564943276e-06
"ENSG00000114270","COL7A1",0.511227022799018,0.0438290466545443,"COL7A1",0.391758821796463,0.0841346123271451
"ENSG00000114446","IFT57",-0.0424584684222825,0.822628496792738,"IFT57",-0.332851961814194,0.00676915443861873
"ENSG00000114503","NCBP2",0.517901309115774,6.88007270950428e-22,"NCBP2",0.0599801379696309,0.428481103881943
"ENSG00000114541","FRMD4B",-0.347610145966134,0.0380513218431026,"FRMD4B",-1.01698803787874,6.01251460110712e-20
"ENSG00000114867","EIF4G1",-0.0679748288552186,0.603821082666086,"EIF4G1",0.0179166682748906,0.91620496028761
"ENSG00000114923","SLC4A3",0.244129553572914,0.252547086104976,"SLC4A3",0.154743374801679,0.464153023071721
"ENSG00000115008","IL1A",0.320172259551264,0.141905653436012,"IL1A",0.189306079448721,0.338064125484619
"ENSG00000115112","TFCP2L1",1.18521863453114,0.00174186844037535,"TFCP2L1",-0.161084199241345,0.498753833174215
"ENSG00000115129","TP53I3",2.70834911237509,1.5003800964125e-70,"TP53I3",2.01775620766352,1.18447503435979e-39
"ENSG00000115221","ITGB6",-0.445713221047099,0.140194499761616,"ITGB6",-0.113918857294676,0.639738913952089
"ENSG00000115457","IGFBP2",-0.548551764180197,0.0634003241480429,"IGFBP2",0.355932417295859,0.183668787096537
"ENSG00000115524","SF3B1",0.078499246419502,0.370043031678242,"SF3B1",0.135133219967418,0.0814997358139377
"ENSG00000115541","HSPE1",-0.349621150267951,0.000396038314879794,"HSPE1",0.0615051625526434,0.646636374459882
"ENSG00000115738","ID2",1.67412220612031,1.6195216430829e-26,"ID2",0.330641038655984,0.0337482428215709
"ENSG00000115844","DLX2",1.18604553380578,1.60681577686277e-05,"DLX2",0.900603973990135,0.000932534983227314
"ENSG00000115884","SDC1",-0.0831273677165913,0.496032628265313,"SDC1",0.19434358487536,0.0525223039505651
"ENSG00000115919","KYNU",1.15655965812889,0.00213521905524225,"KYNU",3.35344353532522,1.42513370594035e-18
"ENSG00000116171","SCP2",-0.0724229419923691,0.640917515516475,"SCP2",-0.0358756533563766,0.848056758130313
"ENSG00000116183","PAPPA2",-1.47546962604239,1.84238572127529e-08,"PAPPA2",-1.63731741165037,7.52543291704032e-11
"ENSG00000116285","ERRFI1",-0.421693294844603,0.0053272325167062,"ERRFI1",-0.55061323291461,0.00030575222597888
"ENSG00000116560","SFPQ",-0.433561028970298,8.38392775397959e-11,"SFPQ",-0.0802657435918191,0.349314492291635
"ENSG00000116670","MAD2L2",0.527811960012667,2.77842169774173e-08,"MAD2L2",0.401156783588008,2.49227919444448e-05
"ENSG00000116679","IVNS1ABP",-0.563757534216449,1.00561345278264e-06,"IVNS1ABP",-0.298259595989363,0.00914993697907222
"ENSG00000116701","NCF2",0.673375050420152,0.000291595253373901,"NCF2",1.01026474673428,8.71746135917289e-08
"ENSG00000116717","GADD45A",0.928849760065489,9.94859558643241e-15,"GADD45A",0.60794769855209,3.97054058042179e-07
"ENSG00000116771","AGMAT",0.359105379745133,0.227428041788008,"AGMAT",-0.15168950569348,0.518622956722967
"ENSG00000116774","OLFML3",0.0256237008552783,0.952855537103376,"OLFML3",0.0251334935425991,0.935819509784369
"ENSG00000117020","AKT3",-1.06553918949992,1.33528735016704e-19,"AKT3",-0.855605055300479,2.97673976371156e-13
"ENSG00000117228","GBP1",0.48862540470993,1.38302029437274e-05,"GBP1",0.595345810372798,7.40272743129701e-08
"ENSG00000117280","RAB29",0.389939837473434,0.000228120196047571,"RAB29",0.387191415986574,0.000211218865133671
"ENSG00000117335","CD46",0.0169215783795251,0.944146862056395,"CD46",-0.100270738680241,0.517001970426458
"ENSG00000117362","APH1A",-0.472248565490062,2.40710677992157e-07,"APH1A",-0.374587268318144,4.08883238332596e-05
"ENSG00000117632","STMN1",-0.586144183512651,7.27602936987377e-08,"STMN1",-0.618842823789816,1.4192995177657e-08
"ENSG00000118007","STAG1",-0.953005695324752,1.95618382736736e-31,"STAG1",-0.484171961086839,8.61061267685836e-10
"ENSG00000118096","IFT46",0.494800796460769,2.73966024278951e-05,"IFT46",0.465188420815637,6.05336681949529e-05
"ENSG00000118503","TNFAIP3",0.968365225494682,3.17859050021426e-09,"TNFAIP3",0.956537049851607,7.13684191891584e-09
"ENSG00000118523","CCN2",0.119298457142932,0.565857538441403,"CCN2",0.135451040827385,0.461528134991341
"ENSG00000118705","RPN2",-0.045391590058396,0.579118972392272,"RPN2",-0.209570141688618,0.000558200675319082
"ENSG00000119318","RAD23B",-0.140670582131766,0.0370067039042915,"RAD23B",-0.0878007327670641,0.245004249650564
"ENSG00000119333","DYNC2I2",0.276579621365103,0.0125927574777048,"DYNC2I2",0.450625022432994,1.71184931164461e-05
"ENSG00000119335","SET",-0.414307103482715,2.67375203154271e-09,"SET",-0.147290818737977,0.0599703389514766
"ENSG00000119630","PGF",0.467681708063885,0.000945013680924774,"PGF",0.313771566444317,0.0263298098379214
"ENSG00000119632","IFI27L2",0.564328728885147,9.87937797893225e-06,"IFI27L2",0.117918345789574,0.437032508218981
"ENSG00000119681","LTBP2",-0.36324260340662,0.0236629901617129,"LTBP2",-0.239119591922732,0.130945268620519
"ENSG00000119714","GPR68",-0.191331373918857,0.491130483237763,"GPR68",-0.069461545808897,0.79649693897331
"ENSG00000119772","DNMT3A",-0.176618921825052,0.260898139480784,"DNMT3A",-0.124131520207848,0.444215903541986
"ENSG00000119844","AFTPH",0.0211132039764797,0.879116214309348,"AFTPH",0.0708573536560124,0.498000214511785
"ENSG00000119888","EPCAM",0.184643383422486,0.516180976681443,"EPCAM",-0.109267375272929,0.651312334940081
"ENSG00000119927","GPAM",0.0684854750200208,0.751925141468434,"GPAM",-0.145296615725174,0.379786364545368
"ENSG00000119986","AVPI1",1.0721415154268,1.53777581741071e-15,"AVPI1",0.395026994011086,0.0020931783973642
"ENSG00000120053","GOT1",-0.305727116182819,0.000371897486115424,"GOT1",-0.358866288949901,1.85387515075818e-05
"ENSG00000120438","TCP1",-0.123131344807016,0.0838897537784813,"TCP1",0.0594591781437629,0.480677641751642
"ENSG00000120616","EPC1",0.215821276204176,0.00199192955789065,"EPC1",0.138751287844191,0.0645988075252834
"ENSG00000120658","ENOX1",-1.44853580138947,7.374384667177e-06,"ENOX1",-1.93288456242771,3.78677008402494e-11
"ENSG00000120675","DNAJC15",-0.492731603502949,9.9001183321227e-08,"DNAJC15",-0.625874225862977,5.6684570939096e-12
"ENSG00000120802","TMPO",-0.418549655451762,3.53758908451882e-06,"TMPO",-0.0926305443357194,0.411092544044267
"ENSG00000120837","NFYB",0.148651467375251,0.132700291197441,"NFYB",0.00813104532386886,0.95606955143466
"ENSG00000120875","DUSP4",0.169556451780659,0.259653756865333,"DUSP4",0.62086585675385,2.03110115991097e-06
"ENSG00000120913","PDLIM2",0.0943485680591282,0.719045469761903,"PDLIM2",0.0168210625489499,0.948829136751827
"ENSG00000120925","RNF170",-0.376174170971915,0.00544930087218044,"RNF170",-0.403676781052018,0.00176257259938056
"ENSG00000121057","AKAP1",0.269822930487747,0.000941967793734106,"AKAP1",0.404437028161134,2.81525725256293e-07
"ENSG00000121060","TRIM25",-0.305186567306566,0.000213331643956677,"TRIM25",-0.129670294783933,0.161590071362047
"ENSG00000121067","SPOP",-0.173535505832303,0.0405208056125594,"SPOP",-0.0638727992415809,0.544660511414758
"ENSG00000121406","ZNF549",0.39781556496982,0.0457787584101105,"ZNF549",0.0998038120662337,0.649471457819849
"ENSG00000121864","ZNF639",-0.137847542889173,0.197620336329619,"ZNF639",-0.0196286864607474,0.904625810198841
"ENSG00000121895","TMEM156",0.655441535899742,0.00181173051670463,"TMEM156",0.780167822760709,0.000344709289866917
"ENSG00000122359","ANXA11",-0.124677024553536,0.135039664338742,"ANXA11",-0.19945512403343,0.0109432670988571
"ENSG00000122550","KLHL7",0.641537582251005,2.93768721317397e-05,"KLHL7",1.05657975470893,8.58178157841067e-12
"ENSG00000122565","CBX3",-0.430433632127772,9.11987713669643e-10,"CBX3",-0.232452362672104,0.00155257769654795
"ENSG00000122566","HNRNPA2B1",-0.602268519291616,2.88287648278994e-17,"HNRNPA2B1",-0.322263518283192,9.64840494722074e-06
"ENSG00000122591","HYCC1",-0.293141682156699,0.00101896302808484,"HYCC1",-0.0185446254516358,0.900235560760644
"ENSG00000122644","ARL4A",-0.137582661429222,0.393184730838569,"ARL4A",0.113785191937608,0.478796691980577
"ENSG00000122678","POLM",0.199713959548697,0.255597503520516,"POLM",-0.0849532803798319,0.671229028366252
"ENSG00000122861","PLAU",-0.425935093463012,0.0829340470500793,"PLAU",-0.125371483931415,0.595181080835979
"ENSG00000122952","ZWINT",-0.127188929980582,0.35282746132186,"ZWINT",0.409447339905245,0.000201573219962641
"ENSG00000123080","CDKN2C",-0.332505516106393,0.00443497240783662,"CDKN2C",0.0849313228264093,0.549472986910874
"ENSG00000123159","GIPC1",-0.269087467635678,0.0184712695293805,"GIPC1",-0.085598313767445,0.548960238119169
"ENSG00000123179","EBPL",-0.102512044685366,0.318989205931245,"EBPL",0.0224090562899324,0.881845172399221
"ENSG00000123352","SPATS2",-0.0809096438921655,0.45391341856357,"SPATS2",0.0430822624739421,0.731339576762096
"ENSG00000123364","HOXC13",1.73386797492529,2.22936956958987e-17,"HOXC13",1.18297155142509,2.22966706258523e-08
"ENSG00000123739","PLA2G12A",0.000825199297997466,0.999769847841042,"PLA2G12A",0.215765427343157,0.10098631428894
"ENSG00000123892","RAB38",0.0942892899691091,0.759163302370926,"RAB38",-0.0191847467064782,0.944114748126742
"ENSG00000123983","ACSL3",-0.328514941495674,0.000285113224569878,"ACSL3",-0.0193268275491054,0.902989296111468
"ENSG00000124067","SLC12A4",0.942900437766096,1.28898506536724e-09,"SLC12A4",1.11474680605035,7.64811324744022e-13
"ENSG00000124145","SDC4",0.320405410713149,3.27569030830124e-06,"SDC4",0.123615617752969,0.125871936132758
"ENSG00000124160","NCOA5",-0.149018964890678,0.372519593134875,"NCOA5",0.323885287973701,0.0181812263459288
"ENSG00000124222","STX16",-0.310744784836715,0.000924469792509618,"STX16",-0.378093812562247,3.31956422625715e-05
"ENSG00000124356","STAMBP",0.270362909490656,0.005859214558411,"STAMBP",0.222143199021171,0.0233776929857304
"ENSG00000124429","POF1B",-0.0630240669401461,0.847520721899165,"POF1B",0.112273965544601,0.640362549299951
"ENSG00000124570","SERPINB6",-0.0663379860014932,0.570109310530644,"SERPINB6",-0.173944026094367,0.0653653356690058
"ENSG00000124762","CDKN1A",1.38370584568841,9.9976490015241e-17,"CDKN1A",1.48038215746145,1.03104310628274e-18
"ENSG00000124795","DEK",-0.552107638892519,2.71935241586399e-11,"DEK",-0.198721920859726,0.0264143838896812
"ENSG00000124882","EREG",0.00290043740934747,0.999433637321825,"EREG",0.0491397753867034,0.860426258713143
"ENSG00000125484","GTF3C4",0.303273671591137,4.09557889944164e-05,"GTF3C4",0.130125687085375,0.134126515448012
"ENSG00000125538","IL1B",-0.0638458946118783,0.857118466227201,"IL1B",-0.119558779072058,0.640947523249097
"ENSG00000125611","CHCHD5",-0.297532505161213,0.0466471796313489,"CHCHD5",-0.170628829063236,0.264183629789667
"ENSG00000125726","CD70",0.432700601541002,0.0330981463900182,"CD70",0.37166950410305,0.0507891230412215
"ENSG00000125746","EML2",-0.0456601063841323,0.83880212219001,"EML2",0.0880901616725825,0.625808159156696
"ENSG00000125848","FLRT3",0.879016135715,7.67864706370822e-06,"FLRT3",0.379555484770359,0.0356021997566059
"ENSG00000125850","OVOL2",-0.0114397309983092,0.984726219045478,"OVOL2",-0.0319344096816533,0.914284211999347
"ENSG00000125864","BFSP1",1.49892379775206,1.12625374898013e-08,"BFSP1",1.60109847755146,1.29827907331794e-09
"ENSG00000125944","HNRNPR",-0.00627096934800748,0.979375930275057,"HNRNPR",0.0592995813443984,0.633290158162596
"ENSG00000125968","ID1",0.0871524353893516,0.545729397532933,"ID1",0.115912664299047,0.37752831248509
"ENSG00000126088","UROD",-0.0818474320981191,0.585916613877838,"UROD",-0.00906156211819265,0.959543781059733
"ENSG00000127129","EDN2",0.167311123139671,0.558735397353395,"EDN2",0.0286173064544543,0.923446525831743
"ENSG00000127824","TUBA4A",0.921146108286244,2.88475569600756e-24,"TUBA4A",0.931949778277453,1.71072154233796e-24
"ENSG00000127920","GNG11",0.544527643200127,0.0130094747954726,"GNG11",0.430974945671531,0.0337811562400514
"ENSG00000127946","HIP1",0.456271241222577,9.47528579056028e-05,"HIP1",0.20831301503105,0.0966849330522267
"ENSG00000128191","DGCR8",-0.0516410090555814,0.814355681999708,"DGCR8",-0.133148343121927,0.418365506697068
"ENSG00000128298","BAIAP2L2",-0.055835196366601,0.866475158508201,"BAIAP2L2",0.0440892352822878,0.878451076189505
"ENSG00000128340","RAC2",-0.00650316642119666,0.976826175256062,"RAC2",0.0249157535037768,0.867712036486042
"ENSG00000128342","LIF",-0.0887850634080859,0.760799166376965,"LIF",0.709753546909687,0.00445429999016834
"ENSG00000128626","MRPS12",0.43894057972952,3.69702182492964e-07,"MRPS12",0.444519380141225,3.38424864964957e-07
"ENSG00000128805","ARHGAP22",-0.898650912298606,3.89739342501537e-11,"ARHGAP22",-1.18333296067514,2.27594812898159e-17
"ENSG00000128833","MYO5C",-0.681387780226249,0.0407249876012584,"MYO5C",-1.10596140848043,0.00800099118085112
"ENSG00000128881","TTBK2",-0.133677285021209,0.388745163297712,"TTBK2",-0.237359415007332,0.0692229495999172
"ENSG00000128928","IVD",-0.0870670575222104,0.480339257729621,"IVD",-0.208553164595337,0.0424595390773859
"ENSG00000128951","DUT",-0.856190928395789,1.43636117593047e-19,"DUT",-0.795190235501661,5.40053577386515e-17
"ENSG00000129351","ILF3",-0.487063657492222,1.27485130009007e-16,"ILF3",-0.334969958004631,2.17516431299334e-08
"ENSG00000129595","EPB41L4A",1.05887276787958,0.0127805134995601,"EPB41L4A",0.251227464680638,0.302871504865288
"ENSG00000129757","CDKN1C",0.332551804080548,0.229612188561481,"CDKN1C",-0.826719571298145,0.0143938959526362
"ENSG00000130066","SAT1",1.70581823029645,6.27367696362853e-43,"SAT1",1.04086028442438,1.01018260620277e-15
"ENSG00000130147","SH3BP4",0.668590025407393,2.14916523618489e-11,"SH3BP4",0.910316738015199,1.8070493989389e-19
"ENSG00000130158","DOCK6",0.481082916958718,0.0188435530578576,"DOCK6",0.414166805861889,0.047795068809127
"ENSG00000130164","LDLR",-0.833891248228086,3.82675688205053e-11,"LDLR",-0.362761359674258,0.00312550019201271
"ENSG00000130193","THEM6",-0.471649227288912,0.000489768703598537,"THEM6",-0.320835010038866,0.013650490112138
"ENSG00000130208","APOC1",0.286918839851338,0.176334656227522,"APOC1",0.692169745121689,0.000418975437875639
"ENSG00000130227","XPO7",-0.110164919118458,0.13342615858347,"XPO7",0.114214238637103,0.120782151045553
"ENSG00000130348","QRSL1",0.037040691551112,0.79191975851861,"QRSL1",0.0589157472078419,0.640908572926233
"ENSG00000130513","GDF15",2.16328808631659,8.33916848927181e-33,"GDF15",2.24515570396636,4.50352830609908e-35
"ENSG00000130592","LSP1",-0.069494537097339,0.84496164882681,"LSP1",-0.685237695678629,0.0425014411144118
"ENSG00000130726","TRIM28",0.182963839349924,0.0361990591920774,"TRIM28",0.189965041951093,0.0276189183758282
"ENSG00000130749","ZC3H4",-0.25413406710415,0.00897056274098808,"ZC3H4",-0.0314912198413347,0.837059626339163
"ENSG00000130826","DKC1",-0.394288279260834,4.11564918810237e-12,"DKC1",-0.210388636650037,0.000452979896933997
"ENSG00000130935","NOL11",-0.0913986512467867,0.325062613268661,"NOL11",0.107841692311546,0.228321976877865
"ENSG00000130958","SLC35D2",-0.237081388272048,0.0767231799914336,"SLC35D2",-0.0341374925304416,0.863574884780608
"ENSG00000131051","RBM39",-0.556973804453906,2.05089105070676e-26,"RBM39",-0.452658717001543,5.88469296632553e-18
"ENSG00000131149","GSE1",0.510659027925922,9.93076047825158e-05,"GSE1",0.652470929404249,4.58424477506956e-07
"ENSG00000131435","PDLIM4",1.1545754829604,0.0101984603483256,"PDLIM4",0.173099690905452,0.478040426108929
"ENSG00000131558","EXOC4",-1.19030522648965,9.38043941067969e-24,"EXOC4",-2.04603147661761,3.89611812303271e-55
"ENSG00000131773","KHDRBS3",-0.720912259013317,8.32555409089073e-05,"KHDRBS3",-0.154284338184317,0.404639251524315
"ENSG00000132164","SLC6A11",-0.00482417489361737,0.997894925189652,"SLC6A11",0.00516564765528003,0.985250869774016
"ENSG00000132286","TIMM10B",0.0175865146073356,0.917937336340014,"TIMM10B",-0.384549944603453,4.0122158016241e-05
"ENSG00000132323","ILKAP",0.150948326393066,0.1791950868115,"ILKAP",0.293749617652701,0.00216428398068268
"ENSG00000132326","PER2",0.211502158650778,0.194200000868891,"PER2",-0.804269396044097,1.11710033115812e-06
"ENSG00000132334","PTPRE",0.0648807475108606,0.761165270992429,"PTPRE",0.0611355710766865,0.760326887631139
"ENSG00000132470","ITGB4",1.70245432495299,2.15936701849991e-08,"ITGB4",0.662596746156609,0.0068198895176773
"ENSG00000132535","DLG4",-0.444563180362358,0.011802212176596,"DLG4",-0.157766476625021,0.384429484442841
"ENSG00000132613","MTSS2",0.563701019923442,1.10281970276766e-05,"MTSS2",0.441880867680291,0.000458123592967419
"ENSG00000132635","PCED1A",-0.0247002988947255,0.915945426922102,"PCED1A",0.00773431189719506,0.969749031747738
"ENSG00000132823","OSER1",0.341225135485283,0.00508417120689447,"OSER1",-0.124073261113997,0.377874617668957
"ENSG00000133056","PIK3C2B",0.386678154688447,0.151714174634447,"PIK3C2B",0.080691818838858,0.77169453311433
"ENSG00000133106","EPSTI1",-0.222112792786625,0.436905759765689,"EPSTI1",0.207127314346715,0.319944308290934
"ENSG00000133114","GPALPP1",-0.385764527703193,0.00100373308399753,"GPALPP1",-0.472428230454579,3.01313786108397e-05
"ENSG00000133195","SLC39A11",-1.06802887394193,1.472892456074e-08,"SLC39A11",-1.48692847277446,2.6673379391407e-13
"ENSG00000133216","EPHB2",-0.991111114182009,5.94000838773362e-11,"EPHB2",-0.528392034717649,0.000278259964035372
"ENSG00000133318","RTN3",-0.128959159907241,0.116625679363382,"RTN3",-0.227998853326843,0.00218522117686252
"ENSG00000133639","BTG1",0.823696989959645,1.48651877669695e-24,"BTG1",0.360129254851194,1.13240293856578e-05
"ENSG00000133794","BMAL1",0.443750578104202,0.000422960278988801,"BMAL1",1.09844956164763,1.8094072845693e-19
"ENSG00000133805","AMPD3",0.308139850775057,0.100705728975412,"AMPD3",0.307103532126363,0.0851248647377707
"ENSG00000133816","MICAL2",-1.02386373361,4.67996144099617e-16,"MICAL2",-1.02293904449183,7.68512833726253e-16
"ENSG00000133858","ZFC3H1",-0.124640108602953,0.247553110611435,"ZFC3H1",-0.244280594084217,0.00975032275162595
"ENSG00000134070","IRAK2",0.332634117147518,0.132074026050549,"IRAK2",0.176524562507258,0.40139869482138
"ENSG00000134107","BHLHE40",1.0970145164457,4.76046447815777e-09,"BHLHE40",0.57106575645556,0.00165345732514229
"ENSG00000134242","PTPN22",0.861184964858554,1.41239727331425e-06,"PTPN22",0.795959982971914,7.68276789066707e-06
"ENSG00000134265","NAPG",0.0218335638097255,0.904957895683708,"NAPG",-0.134314040768812,0.277563734995471
"ENSG00000134324","LPIN1",-0.620174146289254,0.000589461829318602,"LPIN1",-0.879149366254919,4.21027050441156e-06
"ENSG00000134363","FST",0.120266773917937,0.510316452534415,"FST",1.16859260210758,1.12685663862257e-14
"ENSG00000134369","NAV1",-0.621801850771712,9.20793626963204e-07,"NAV1",-0.507405962365737,5.30990769495782e-05
"ENSG00000134531","EMP1",-0.739525553195016,1.82579612853899e-11,"EMP1",-0.75661057527312,1.33335182234545e-11
"ENSG00000134574","DDB2",0.7718677154622,4.22946089626582e-22,"DDB2",1.0524627428666,1.70487228679963e-40
"ENSG00000134759","ELP2",0.100590438994268,0.34253696829576,"ELP2",0.0635642555975306,0.594327157033008
"ENSG00000134775","FHOD3",-0.781080166158072,0.000106860370223373,"FHOD3",-0.744312042714564,0.000187591035755264
"ENSG00000134824","FADS2",-0.367857671439022,0.0284898741844294,"FADS2",-0.038460211386473,0.873112941030493
"ENSG00000134897","BIVM",-0.550385131769653,9.32802773942509e-10,"BIVM",-0.191853662454693,0.045548700815185
"ENSG00000134905","CARS2",-0.0973328869724786,0.473884427159353,"CARS2",-0.0720409709660894,0.61768936992331
"ENSG00000135052","GOLM1",0.155429826369452,0.051442009204191,"GOLM1",0.137839926281039,0.130036182561642
"ENSG00000135074","ADAM19",-0.0426814657124709,0.898993935997873,"ADAM19",-0.0809929205416758,0.750042394522107
"ENSG00000135116","HRK",-0.492473754786823,0.114094041421139,"HRK",-0.147930981266695,0.547716253492886
"ENSG00000135250","SRPK2",0.0143934626515399,0.895465283472877,"SRPK2",0.135168319754087,0.0475809171597121
"ENSG00000135318","NT5E",-0.0340109211766969,0.935067586603615,"NT5E",1.45209117298233,0.000866899197952112
"ENSG00000135387","CAPRIN1",-0.134883375755035,0.0457570493329036,"CAPRIN1",0.0658613848222222,0.410387228297272
"ENSG00000135446","CDK4",-0.559223731537315,1.80196624923176e-12,"CDK4",-0.3694055376883,3.54445212489044e-06
"ENSG00000135452","TSPAN31",0.246487347977148,0.147456180291227,"TSPAN31",-0.0327260131173248,0.891937497809129
"ENSG00000135525","MAP7",0.187475810058015,0.416854200324681,"MAP7",-0.301976695320677,0.235426261757526
"ENSG00000135535","CD164",0.38127060530623,6.1864161619085e-07,"CD164",0.0748088047281069,0.464252048675375
"ENSG00000135698","MPHOSPH6",-0.29602535681356,6.25504684110242e-06,"MPHOSPH6",-0.348054959850132,9.62576073504817e-08
"ENSG00000135899","SP110",0.634509217968186,1.42802517940316e-19,"SP110",0.502350860874966,5.30900187183107e-12
"ENSG00000135919","SERPINE2",0.165846226854446,0.266184549629748,"SERPINE2",0.330668971357227,0.00946447073681289
"ENSG00000135972","MRPS9",-0.107285541787321,0.184607492799054,"MRPS9",0.0546302198564821,0.575899918585461
"ENSG00000135999","EPC2",0.346119325080481,0.000401707154874261,"EPC2",0.0476576824420516,0.740775008478084
"ENSG00000136114","THSD1",0.645441061014803,8.48540478572459e-06,"THSD1",1.30110366008202,3.00443550224428e-16
"ENSG00000136155","SCEL",-0.0118664218748773,0.983698001114924,"SCEL",-0.0322872664887196,0.91373577636407
"ENSG00000136193","SCRN1",-0.511642863094914,2.2349086278234e-06,"SCRN1",-0.258227640712874,0.0196705740177465
"ENSG00000136244","IL6",-0.0502949830064528,0.892364094572875,"IL6",-0.0432077320431577,0.89098850002253
"ENSG00000136247","ZDHHC4",0.180401054383586,0.118518729538553,"ZDHHC4",0.150061730793291,0.195174126018962
"ENSG00000136295","TTYH3",0.124321255512917,0.359496486437211,"TTYH3",0.396094078532273,0.000295511509246793
"ENSG00000136518","ACTL6A",-0.110519334188349,0.324552115130604,"ACTL6A",0.0515200485545896,0.693528169440272
"ENSG00000136810","TXN",-0.104494729077052,0.388135295335925,"TXN",-0.296749859971542,0.00238500152618989
"ENSG00000136854","STXBP1",0.240040890434937,0.0366571281827193,"STXBP1",0.270914594278443,0.0213205805641354
"ENSG00000136867","SLC31A2",1.17557265704133,2.01225489801402e-11,"SLC31A2",0.956075745278296,4.36240756275891e-07
"ENSG00000136937","NCBP1",-0.235781944291914,0.00277739220786914,"NCBP1",-0.293638628771481,0.000140979122556402
"ENSG00000137074","APTX",0.2647226268062,0.000477373763014121,"APTX",0.501599532531547,1.16058256417378e-11
"ENSG00000137094","DNAJB5",0.00420318502301545,0.997877673728189,"DNAJB5",0.181043587545179,0.341590889994332
"ENSG00000137198","GMPR",0.120260048633115,0.705421948394207,"GMPR",0.604767112064042,0.046405601758864
"ENSG00000137309","HMGA1",-0.546110785649101,9.16288665262407e-16,"HMGA1",-0.617763419262888,1.1428824372406e-19
"ENSG00000137331","IER3",0.0848926266293355,0.560846590953027,"IER3",0.363259339927692,0.000866899197952112
"ENSG00000137478","FCHSD2",0.0151634989078062,0.951317214351847,"FCHSD2",-0.228862749462908,0.0929394153165482
"ENSG00000137486","ARRB1",-0.1003122567611,0.692624794398843,"ARRB1",0.115475740665739,0.587153958880248
"ENSG00000137509","PRCP",0.431527176948215,8.67819237296984e-07,"PRCP",0.520775245011917,1.66120506082866e-09
"ENSG00000137699","TRIM29",0.463439212401701,0.138464561779607,"TRIM29",-0.0390349338482445,0.893376527251327
"ENSG00000137720","CFAP68",-0.119719763092612,0.480339257729621,"CFAP68",-0.293564599799042,0.0314587652316444
"ENSG00000137819","PAQR5",-0.900061584879719,2.495351009857e-11,"PAQR5",-0.702060641868752,3.15199742647849e-07
"ENSG00000137834","SMAD6",0.438869050180125,0.0336812118622824,"SMAD6",0.362010059525347,0.0622723953551754
"ENSG00000138160","KIF11",-0.436995538834663,6.40713089497064e-05,"KIF11",-0.0347869260751133,0.840660672415555
"ENSG00000138162","TACC2",-0.296641466960713,0.0431648883195485,"TACC2",-0.0414481514199794,0.842254998609933
"ENSG00000138190","EXOC6",-0.726777214759689,4.40671320300682e-06,"EXOC6",-0.358050529640244,0.0119432930016851
"ENSG00000138347","MYPN",0.432607867546539,0.0407071722751157,"MYPN",0.723713239135299,0.00128642694605863
"ENSG00000138411","HECW2",0.0623023934959399,0.803960342720817,"HECW2",-0.179330218179844,0.311927296126153
"ENSG00000138443","ABI2",-0.364572628313157,8.80615274599786e-06,"ABI2",-0.143171833428452,0.122997956226731
"ENSG00000138496","PARP9",0.575473565051695,6.27090923620548e-08,"PARP9",0.476902783939723,5.61719334247309e-06
"ENSG00000138646","HERC5",0.879952221845306,0.00580861594146329,"HERC5",0.470459875494123,0.0874680637879111
"ENSG00000138675","FGF5",-0.958693528586301,3.2338303260599e-06,"FGF5",-0.803794708736411,0.000132090620205152
"ENSG00000138678","GPAT3",-0.850398199180022,6.64940493402895e-17,"GPAT3",-0.43208269236908,1.33289597539729e-05
"ENSG00000138685","FGF2",-0.0741758705693465,0.680020088789263,"FGF2",0.122158121665268,0.399540274633807
"ENSG00000138835","RGS3",-0.147705292029473,0.403837383767435,"RGS3",-0.641244119545506,3.4160302358493e-05
"ENSG00000139112","GABARAPL1",1.64500897305652,4.87588222097523e-23,"GABARAPL1",1.34530709578541,1.72645740173121e-12
"ENSG00000139117","CPNE8",-0.384843712483391,0.00546433240696812,"CPNE8",-0.153263559788872,0.296474096279049
"ENSG00000139173","TMEM117",-0.390571544755982,0.0852046465865956,"TMEM117",-0.594346758095956,0.00615927656470987
"ENSG00000139174","PRICKLE1",-1.08138571607427,2.47173156200674e-13,"PRICKLE1",-0.753872331796484,7.73859646339053e-07
"ENSG00000139289","PHLDA1",-0.652244454509315,6.23164683638634e-08,"PHLDA1",-0.15989608549732,0.230020786524145
"ENSG00000139318","DUSP6",-1.90014704026826,0.000242194694209356,"DUSP6",-0.294914211744618,0.197333659186233
"ENSG00000139354","GAS2L3",-0.00273186804613412,0.999559162348204,"GAS2L3",-0.025037895675738,0.932419974245468
"ENSG00000139668","WDFY2",-0.514745106166137,7.09964471272281e-07,"WDFY2",-0.689583998703616,3.20599358014665e-11
"ENSG00000139977","NAA30",0.171187596595619,0.118901730775975,"NAA30",-0.130410219880132,0.267166967240659
"ENSG00000140022","STON2",1.49337890775651,1.59804532740866e-13,"STON2",1.07857788112863,8.66133272696418e-07
"ENSG00000140043","PTGR2",0.464037419850652,0.0389097032958628,"PTGR2",0.416039822091771,0.0474627914761947
"ENSG00000140044","JDP2",-1.09130261780855,7.8333618805742e-11,"JDP2",-1.36738895159042,2.96141364762941e-17
"ENSG00000140350","ANP32A",-0.704422324009127,1.97597151299703e-23,"ANP32A",-0.234472746132874,0.00139562530690025
"ENSG00000140545","MFGE8",0.904685371669641,1.64604285471591e-06,"MFGE8",0.727215314138651,0.000129274864079526
"ENSG00000140682","TGFB1I1",-0.000723356616213046,0.999769847841042,"TGFB1I1",-0.00446193375439056,0.984108071332307
"ENSG00000140718","FTO",-1.33515250933425,1.70663695409563e-23,"FTO",-1.23155078459781,9.00886841108005e-21
"ENSG00000140931","CMTM3",0.0850939609335084,0.600627355052509,"CMTM3",0.200615119269131,0.118205293697626
"ENSG00000140945","CDH13",-0.544295191800434,0.000116844678509532,"CDH13",-0.682610042532087,1.31482136833464e-06
"ENSG00000140950","MEAK7",0.232357834122412,0.0138820394301296,"MEAK7",0.22699084045386,0.0188711998778074
"ENSG00000140987","ZSCAN32",0.209280952777873,0.0858454542667553,"ZSCAN32",-0.115434746368026,0.397443493159297
"ENSG00000141279","NPEPPS",-0.0392598343525374,0.689624096041206,"NPEPPS",0.207764886519437,0.00308154963734016
"ENSG00000141385","AFG3L2",-0.0242215423048998,0.809161206258066,"AFG3L2",0.019055810786364,0.861364951970494
"ENSG00000141401","IMPA2",-0.49075802704676,0.0371521838691356,"IMPA2",-1.01730189065877,0.0110798909937774
"ENSG00000141543","EIF4A3",0.261115691711798,0.00365815333740265,"EIF4A3",0.103425063758598,0.332087451386336
"ENSG00000141582","CBX4",0.145491928804566,0.144297939639559,"CBX4",0.0359422168759506,0.797042071631107
"ENSG00000141664","ZCCHC2",-0.085861750211823,0.561144647036938,"ZCCHC2",0.105376663445024,0.454479739230447
"ENSG00000142002","DPP9",0.0449757559439861,0.76086011285597,"DPP9",-0.0727760772272852,0.596838328599409
"ENSG00000142039","CCDC97",0.171717262875105,0.232077629947104,"CCDC97",0.174569177710524,0.214575016355488
"ENSG00000142102","PGGHG",0.00577448558906269,0.996205982628029,"PGGHG",0.291875539640425,0.167359854488807
"ENSG00000142192","APP",-0.0826856010525917,0.373608194723201,"APP",-0.217869656974642,0.00463407716208077
"ENSG00000142632","ARHGEF19",-0.00487621222201465,0.997877673728189,"ARHGEF19",-0.058371439391036,0.83022905652539
"ENSG00000142657","PGD",-0.412690057545854,6.36657111742887e-06,"PGD",-0.130534636329605,0.215615415948509
"ENSG00000142798","HSPG2",-0.405277411161743,0.0263823654834307,"HSPG2",-1.03685712630694,7.09511347679065e-06
"ENSG00000142864","SERBP1",-0.286544488902323,7.22568097901775e-09,"SERBP1",-0.0783554222432952,0.194887162497715
"ENSG00000142920","AZIN2",-0.375245298003347,0.186174077177271,"AZIN2",-0.316522571107688,0.199544752538034
"ENSG00000142973","CYP4B1",-0.014815103433198,0.976220958302288,"CYP4B1",-0.0329945477570071,0.91026302744532
"ENSG00000143079","CTTNBP2NL",0.0802501688148451,0.5463708624769,"CTTNBP2NL",0.110070710734064,0.371190113026164
"ENSG00000143147","GPR161",-0.221744185322907,0.106055427711943,"GPR161",-0.263755013044441,0.0438912233542207
"ENSG00000143375","CGN",0.0551819608003126,0.872188073449782,"CGN",0.304951041155079,0.154631916777653
"ENSG00000143384","MCL1",-0.696679060727961,6.1944219731341e-14,"MCL1",-0.649783897118348,3.73737425585808e-12
"ENSG00000143469","SYT14",-0.398989969844314,0.0186800949776571,"SYT14",-0.466583621180958,0.00489653817148804
"ENSG00000143479","DYRK3",0.702540923599152,1.2700309053728e-08,"DYRK3",0.699065942643031,2.08697753303839e-08
"ENSG00000143543","JTB",0.110351170980842,0.414130805723355,"JTB",0.196067311492702,0.0901892699022046
"ENSG00000143545","RAB13",0.00630918837797819,0.98888553412291,"RAB13",-0.327428903836415,0.0155914325062288
"ENSG00000143702","CEP170",-1.23374302344247,1.01074403558217e-16,"CEP170",-0.850075483918071,1.38052785237692e-08
"ENSG00000143772","ITPKB",0.0878075798271196,0.663386756376546,"ITPKB",0.116994457716861,0.512542309707439
"ENSG00000143797","MBOAT2",-0.618964992019879,1.80393824920257e-10,"MBOAT2",-0.4333978936065,9.43430515245061e-06
"ENSG00000143850","PLEKHA6",0.387733562381054,0.191982511301317,"PLEKHA6",0.076054118861429,0.78144965760437
"ENSG00000144815","NXPE3",-0.0755497679093255,0.668872598492955,"NXPE3",0.112692423329617,0.45776307049631
"ENSG00000144935","TRPC1",-0.256628665898307,0.150983138168517,"TRPC1",-0.133335092781936,0.469591702150263
"ENSG00000144959","NCEH1",-0.387048626374328,0.00057527651961294,"NCEH1",-0.344002944091646,0.00188446826486247
"ENSG00000145247","OCIAD2",-0.276745171420767,0.0296440461360964,"OCIAD2",-0.0722008999892747,0.650281803077104
"ENSG00000145331","TRMT10A",-0.0190536717337874,0.935183530977848,"TRMT10A",-0.133933576058726,0.37174609046234
"ENSG00000145604","SKP2",-1.31376289736621,6.85596637538137e-46,"SKP2",-0.669932568275337,3.45024979813014e-13
"ENSG00000145687","SSBP2",-1.00536463601644,1.28810303751264e-05,"SSBP2",-1.17560310979133,1.78343445792025e-07
"ENSG00000145703","IQGAP2",-0.0431644764964807,0.90765955422285,"IQGAP2",-0.0644676431085132,0.82243888865091
"ENSG00000145817","YIPF5",0.243495237512999,0.0413719875428512,"YIPF5",-0.0634677887748785,0.682699436178862
"ENSG00000145907","G3BP1",-0.512958862180244,2.41551119300695e-16,"G3BP1",-0.133769525980611,0.0621476043796457
"ENSG00000145979","TBC1D7",0.136624480111474,0.36905972703038,"TBC1D7",0.198496551886927,0.128892677017278
"ENSG00000146066","HIGD2A",0.0381147697375379,0.771589990185386,"HIGD2A",-0.143736000834486,0.14134450625322
"ENSG00000146072","TNFRSF21",-0.2471096288029,0.0370069819891497,"TNFRSF21",0.234017280721696,0.0401532546611476
"ENSG00000146278","PNRC1",0.841024467554283,2.5928765808112e-05,"PNRC1",0.545179756457104,0.00541348513567366
"ENSG00000146701","MDH2",0.109935251327683,0.112529177444067,"MDH2",-0.111111012927558,0.114941660704101
"ENSG00000146731","CCT6A",-0.16392386763759,0.000426138817919042,"CCT6A",-0.162021617666279,0.00056222982933237
"ENSG00000147364","FBXO25",-0.308224936916036,0.0112287030479609,"FBXO25",-0.262304375538314,0.0275329926026374
"ENSG00000147454","SLC25A37",-0.42464739593173,1.21771773525876e-07,"SLC25A37",-0.242364615154929,0.00359865932515685
"ENSG00000147535","PLPP5",0.574271312452274,2.17704654820426e-05,"PLPP5",0.400012431007313,0.00265836633333953
"ENSG00000147676","MAL2",0.123814335546319,0.673762237630795,"MAL2",-0.115250860396284,0.632168769374905
"ENSG00000147804","SLC39A4",0.476417186708561,3.60717527409641e-06,"SLC39A4",0.37714058155358,0.000180027729823625
"ENSG00000147862","NFIB",-1.8344758193894,9.65753981482175e-63,"NFIB",-1.27934960808466,4.51723285771024e-33
"ENSG00000147996","ZNG1E",0.0585188976047206,0.835632595063397,"ZNG1E",0.115778504770104,0.596884011090787
"ENSG00000148671","ADIRF",0.539914341152419,0.0201724259118506,"ADIRF",0.55326423123675,0.00997828911453133
"ENSG00000148677","ANKRD1",0.470301964045981,0.110200536027617,"ANKRD1",0.863545464814178,0.0113175048676446
"ENSG00000148719","DNAJB12",-0.156873565891665,0.0806480336009321,"DNAJB12",-0.00877950398458244,0.94908520436321
"ENSG00000148773","MKI67",-0.462273351024735,0.00222891989729079,"MKI67",-0.375633368203801,0.0101547076581387
"ENSG00000148834","GSTO1",-0.319067394958472,0.00678498123533657,"GSTO1",-0.520743996213451,4.15728994520405e-06
"ENSG00000148848","ADAM12",-0.844365901751623,0.0111417311561727,"ADAM12",-0.181832965271962,0.468427524026241
"ENSG00000148925","BTBD10",0.325141935480881,5.81531419977561e-05,"BTBD10",0.492082337557464,4.7413395483434e-10
"ENSG00000149136","SSRP1",-0.287303546739459,1.45628758433784e-08,"SSRP1",-0.0731802017858359,0.245385190248991
"ENSG00000149269","PAK1",-0.183266641602982,0.0136602995917839,"PAK1",0.0253002304713335,0.82508318015337
"ENSG00000149474","KAT14",-0.252012709561967,0.0762091050186067,"KAT14",-0.442424124051278,0.00123507558139165
"ENSG00000149483","TMEM138",-0.153247905695545,0.0828622829177074,"TMEM138",-0.0504531856105921,0.655137362473691
"ENSG00000149485","FADS1",0.222290676880069,0.0117076967873974,"FADS1",0.415077318582527,3.64957608816275e-07
"ENSG00000149499","EML3",-0.0306615057179009,0.895178397465716,"EML3",-0.000407738689234255,0.998489831781308
"ENSG00000149527","PLCH2",1.28006111523564,0.00613052636888495,"PLCH2",1.06137113388501,0.01006298428652
"ENSG00000149591","TAGLN",-0.357551870051738,0.109155379817002,"TAGLN",-0.312437128078633,0.12335899115828
"ENSG00000149932","TMEM219",0.178770666633614,0.146351926430808,"TMEM219",-0.0144801482263651,0.937567255568002
"ENSG00000149948","HMGA2",-1.01600841255196,1.28423309095256e-13,"HMGA2",-0.561340413891046,2.87247630975385e-05
"ENSG00000149968","MMP3",0.0515179784324419,0.883476789412871,"MMP3",0.203388921021982,0.383645639722171
"ENSG00000150281","CTF1",0.265780106872968,0.357945049088306,"CTF1",0.08776119594859,0.722080322998754
"ENSG00000150687","PRSS23",-0.475531507427628,0.00879790315878644,"PRSS23",-0.25432273800014,0.142536220830509
"ENSG00000150753","CCT5",-0.272862393722208,1.05246628089059e-08,"CCT5",-0.110060686140512,0.0410202965402642
"ENSG00000150764","DIXDC1",-0.0485159720441709,0.824673055129542,"DIXDC1",0.112639316855002,0.496009710076767
"ENSG00000150907","FOXO1",0.275276157683933,0.193321499027435,"FOXO1",1.17033737557881,2.41136694885524e-06
"ENSG00000150961","SEC24D",-0.112275427857129,0.456605798623325,"SEC24D",-0.0362250653530974,0.847724099241495
"ENSG00000151012","SLC7A11",-0.216253920589687,0.42742705619342,"SLC7A11",0.116363839134087,0.635846980171735
"ENSG00000151135","TMEM263",0.0893965154343284,0.481631399542946,"TMEM263",-0.0112896818781271,0.94401497179906
"ENSG00000151491","EPS8",0.334595620757275,0.0229767145008143,"EPS8",0.642343916951535,8.83210966479653e-06
"ENSG00000151632","AKR1C2",0.42908377213688,0.108375769271582,"AKR1C2",0.557545257178431,0.0649525956747926
"ENSG00000151651","ADAM8",-0.0563173061425268,0.866437279268646,"ADAM8",0.0892651412741082,0.722161535221232
"ENSG00000151689","INPP1",0.792388389612385,6.12442172838962e-13,"INPP1",0.613542921291322,2.74891636830199e-08
"ENSG00000151693","ASAP2",-0.0798868928008316,0.549820107172149,"ASAP2",-0.0671441601467535,0.624356232232457
"ENSG00000151725","CENPU",-0.132090987308098,0.27368232909602,"CENPU",-0.251861931951358,0.015687774246316
"ENSG00000151726","ACSL1",0.756251261964362,0.000140840526372682,"ACSL1",0.914600175620931,0.000404418136828654
"ENSG00000151746","BICD1",-0.860890751958422,1.01072479545847e-11,"BICD1",-0.714278848486692,2.83506962805858e-09
"ENSG00000152061","RABGAP1L",-0.949498969499334,1.12654491477011e-07,"RABGAP1L",-1.31673776702308,2.32513112404134e-11
"ENSG00000152078","TLCD4",-0.0996781647516115,0.671567457865966,"TLCD4",0.498905771896313,0.00953545571970813
"ENSG00000152086","TUBA3E",-1.05781295855032,0.000151180109808968,"TUBA3E",-0.559202184440476,0.0147761118836243
"ENSG00000152558","TMEM123",-0.376817483554136,3.2950779581815e-09,"TMEM123",-0.229994370200117,0.000499050578784301
"ENSG00000152601","MBNL1",-0.339715200394172,4.52132461772646e-07,"MBNL1",0.191505491300373,0.00683357804512566
"ENSG00000152795","HNRNPDL",-0.501349913956094,2.79607672306867e-10,"HNRNPDL",0.00874807911952472,0.948829136751827
"ENSG00000153006","SREK1IP1",0.114345619702785,0.282633892699953,"SREK1IP1",-0.0152319036832548,0.92402398264693
"ENSG00000153048","CARHSP1",-0.286843240962784,0.0328937689519074,"CARHSP1",-0.242864032191496,0.0623414605912058
"ENSG00000153071","DAB2",-0.122442600273928,0.505885478734936,"DAB2",-0.131241201691661,0.440879603233717
"ENSG00000153094","BCL2L11",1.40115404004105,2.90356463294867e-21,"BCL2L11",0.829732809545084,9.41360386482772e-08
"ENSG00000153406","NMRAL1",0.0102001532222291,0.967203006009788,"NMRAL1",-0.0327711470761284,0.854704299091216
"ENSG00000153551","CMTM7",-0.476407224465179,1.16734405609546e-05,"CMTM7",-0.205373172947603,0.0808156167406411
"ENSG00000153560","UBP1",-0.407292830414061,1.09010011627772e-08,"UBP1",-0.445630312275962,4.80547767999311e-10
"ENSG00000153815","CMIP",0.118847170979387,0.276403635319465,"CMIP",0.297013490435449,0.00117078733907081
"ENSG00000153976","HS3ST3A1",-1.55807311466737,6.22464076972786e-61,"HS3ST3A1",-0.913768289512821,1.06098097341432e-22
"ENSG00000154134","ROBO3",0.105049042327867,0.592747111259953,"ROBO3",0.340714366788449,0.0177104094256019
"ENSG00000154188","ANGPT1",-1.5363365157303,0.000180911855647455,"ANGPT1",-0.353557893940571,0.14566900977138
"ENSG00000154640","BTG3",-0.145720899010408,0.229217350101832,"BTG3",-0.12484634863385,0.309913601389106
"ENSG00000154832","CXXC1",-0.252304099702694,0.00332790530534983,"CXXC1",-0.0906795514743571,0.383919710668208
"ENSG00000154874",NA,0.0769571310769242,0.824033624158263,NA,-0.442796275803869,0.0793941500186366
"ENSG00000155016","CYP2U1",-0.110162442234968,0.609801393761213,"CYP2U1",-0.385081223078137,0.0229371110330538
"ENSG00000155085","AK9",-0.256470908910907,0.216730568503668,"AK9",-0.247470521503429,0.177764718409251
"ENSG00000155363","MOV10",0.373617243332708,0.00324394984773016,"MOV10",0.124285374074743,0.395457357099493
"ENSG00000155438","NIFK",0.100468927126814,0.122962165943694,"NIFK",-0.272964721713326,2.89370886138316e-06
"ENSG00000155893","PXYLP1",0.0837415658811736,0.779137267162084,"PXYLP1",0.0120243061521555,0.964901322231726
"ENSG00000156110","ADK",-1.37172712570163,6.25834954216682e-42,"ADK",-1.45826998402845,5.11712568518069e-49
"ENSG00000156113","KCNMA1",-0.461984427534036,0.0154075454869065,"KCNMA1",-0.541203526776201,0.00399676532281777
"ENSG00000156313","RPGR",-0.336262220671253,0.014049451788994,"RPGR",-0.450617140509919,0.000461076769342083
"ENSG00000156463","SH3RF2",-0.35306147971006,0.0372403643130578,"SH3RF2",0.157777709336541,0.36370928276674
"ENSG00000156642","NPTN",-0.227098019045897,0.0052557689502182,"NPTN",-0.298239755833864,0.00015052179727327
"ENSG00000156711","MAPK13",0.724616781947536,0.0226622640255211,"MAPK13",0.300974254275281,0.201717736638679
"ENSG00000156873","PHKG2",0.165975129517092,0.202166271122322,"PHKG2",0.241711251602523,0.0414908213766558
"ENSG00000156973","PDE6D",-0.213062769938217,0.152234156113404,"PDE6D",-0.369565019289479,0.00379101927707835
"ENSG00000157214","STEAP2",-0.0186798333102108,0.943937519512066,"STEAP2",-0.0386659620097543,0.856795819691415
"ENSG00000157227","MMP14",-0.561456018332019,0.00297468372625327,"MMP14",-0.547840182415426,0.00312585651357946
"ENSG00000157326","DHRS4",0.544254841542827,0.0032189632855488,"DHRS4",0.12755547559688,0.521956230457928
"ENSG00000157500","APPL1",-0.245005034192532,7.24961512364447e-05,"APPL1",-0.159065540434963,0.0171337611246579
"ENSG00000157510","AFAP1L1",-1.26928727653123,0.00408669928713582,"AFAP1L1",-0.912450724454565,0.0127009188610093
"ENSG00000157551","KCNJ15",0.310577310316177,0.204578035166009,"KCNJ15",0.134878441043922,0.514071526856609
"ENSG00000158125","XDH",0.742346826133222,8.2980110755451e-05,"XDH",0.989344621701803,7.50631509811231e-07
"ENSG00000158156","XKR8",0.21971975552246,0.0612419591319535,"XKR8",0.209050364586743,0.0854718705890837
"ENSG00000158246","TENT5B",2.05079316527456,0.000132173659238071,"TENT5B",-0.0414620000876743,0.885881562665833
"ENSG00000158292","GPR153",0.443794956109252,0.0191499962077627,"GPR153",1.39043074445098,8.65124301429123e-09
"ENSG00000158373","H2BC5",0.998594686908508,2.39018652773594e-07,"H2BC5",0.595169581907957,0.00165640108246531
"ENSG00000158402","CDC25C",-0.17499647503068,0.266305696164537,"CDC25C",-0.0361027582464287,0.868014628236705
"ENSG00000158406","H4C8",0.345576805574826,0.141063290529984,"H4C8",-0.0379742798848789,0.896292205052537
"ENSG00000158445","KCNB1",0.235946893630657,0.402103236321629,"KCNB1",-0.0302841958211447,0.918394341536726
"ENSG00000158473","CD1D",0.495417453809872,0.12061795164973,"CD1D",-0.0775538060052647,0.769921698092694
"ENSG00000158545","ZC3H18",-0.0290954489157622,0.846215083825588,"ZC3H18",0.127914210390731,0.230102812191657
"ENSG00000158615","PPP1R15B",-0.289740637463996,0.00231804697621242,"PPP1R15B",-0.118238832379307,0.275817926122314
"ENSG00000158715","SLC45A3",0.50072116230624,0.00066376950175323,"SLC45A3",0.693220691571415,6.76467900962785e-06
"ENSG00000158716","DUSP23",0.0375800873231902,0.916944153659343,"DUSP23",-0.0243986880898574,0.934303841950811
"ENSG00000159110","IFNAR2",0.181397296563031,0.193941517694005,"IFNAR2",0.248288723542031,0.041862687115951
"ENSG00000159167","STC1",-1.07242186537175,1.43673271879661e-17,"STC1",-0.981832967794696,8.50675949240816e-15
"ENSG00000159231","CBR3",-0.170341614743221,0.33978250612268,"CBR3",-0.0835732954869581,0.656390579925745
"ENSG00000159352","PSMD4",0.142427380302133,0.108306460922075,"PSMD4",0.150022841604092,0.0859597662827303
"ENSG00000160007","ARHGAP35",-0.184706325992747,0.13418662249319,"ARHGAP35",-0.155143693632459,0.207747399998064
"ENSG00000160211","G6PD",0.494274596843154,0.000164380425079588,"G6PD",0.188757068925908,0.175683474147197
"ENSG00000160469","BRSK1",0.383677685866174,0.0410050614320067,"BRSK1",0.414249666188112,0.0271108552768565
"ENSG00000160685","ZBTB7B",1.10131640670406,2.61620752714125e-08,"ZBTB7B",0.927899193172937,1.69071447998726e-06
"ENSG00000160767","ENTREP3",0.215544823183909,0.0658589530856905,"ENTREP3",0.175129145855941,0.15323176856604
"ENSG00000160991","ORAI2",0.036086018183361,0.828311196813758,"ORAI2",-0.0235498729031453,0.894641392768026
"ENSG00000161526","SAP30BP",-0.0969556576305602,0.295416680203072,"SAP30BP",-0.122434122766913,0.173642560074914
"ENSG00000161533","ACOX1",0.570052199401332,2.00542644794541e-08,"ACOX1",0.455099216381877,1.0808415929515e-05
"ENSG00000161544","CYGB",2.45141989862327,1.24285572849643e-11,"CYGB",2.21391383684041,3.5599057227545e-15
"ENSG00000161714","PLCD3",0.477307327508413,1.88709427215424e-05,"PLCD3",0.643576144435937,5.37260093812753e-09
"ENSG00000161981","SNRNP25",0.613606570939357,5.59101529084761e-08,"SNRNP25",0.508346921380923,8.08655485050307e-06
"ENSG00000161999","JMJD8",0.762808115963359,8.84070235833911e-10,"JMJD8",0.341311745022499,0.0080717111622664
"ENSG00000162408","NOL9",0.24354186962083,0.00252542589537369,"NOL9",0.373381284541422,1.7811765701226e-06
"ENSG00000162458","FBLIM1",0.0671975294262244,0.708782514016919,"FBLIM1",-0.128297225889625,0.387829592046552
"ENSG00000162512","SDC3",-0.0955671347699974,0.682205228685356,"SDC3",-0.629907546154828,0.000976884367291146
"ENSG00000162545","CAMK2N1",-0.0343825773644305,0.86535510828026,"CAMK2N1",-0.13173000553033,0.366819656043585
"ENSG00000162614","NEXN",0.259590958466149,0.275296705762506,"NEXN",0.608484212183146,0.00988943116034442
"ENSG00000162711","NLRP3",-0.12886946831871,0.605832288265941,"NLRP3",-0.250182047358821,0.215289206242711
"ENSG00000162723","SLAMF9",0.418155947668434,0.0974643919276202,"SLAMF9",0.679111765940954,0.0164564633732891
"ENSG00000162772","ATF3",3.76741863769436,2.53773455758151e-59,"ATF3",2.36553523096512,2.09798777947436e-23
"ENSG00000162825","NBPF20",0.21315648382404,0.328613672317492,"NBPF20",0.118736864818485,0.590191023088801
"ENSG00000162892","IL24",-0.00735265867895377,0.993912927738516,"IL24",0.991020189388766,0.00184055268058409
"ENSG00000162894","FCMR",0.861161663913422,9.7519479239437e-05,"FCMR",0.00498421617681771,0.985849078690517
"ENSG00000163032","VSNL1",-0.0860783235606562,0.782242713398341,"VSNL1",0.408568520071195,0.133430710670079
"ENSG00000163053","SLC16A14",-0.0126017364957099,0.981961230809104,"SLC16A14",-0.0329544490318006,0.911798147567284
"ENSG00000163125","RPRD2",0.0486149524584206,0.767214465147023,"RPRD2",0.0887802793878656,0.524819430320774
"ENSG00000163235","TGFA",0.400047425393119,0.00410814946494336,"TGFA",0.628316188374476,3.40485254066626e-06
"ENSG00000163297","ANTXR2",-0.926802566300557,1.303795368052e-11,"ANTXR2",-0.80185534230281,8.89606318606555e-09
"ENSG00000163328","GPR155",-0.160193540009137,0.402272831511476,"GPR155",-0.274872834937544,0.137911898234481
"ENSG00000163374","YY1AP1",0.282718152474414,0.00887411085756539,"YY1AP1",0.212065236746053,0.0585210236649945
"ENSG00000163399","ATP1A1",-0.107726152681325,0.352809582378342,"ATP1A1",-0.0834646848623088,0.489865906555706
"ENSG00000163430","FSTL1",-0.293906005486987,0.00525757185790162,"FSTL1",-0.253768823745142,0.0148677822091077
"ENSG00000163468","CCT3",0.0415356575358924,0.706484906019017,"CCT3",0.111328075768626,0.204390836366345
"ENSG00000163513","TGFBR2",-0.481904132896618,3.64968677068317e-06,"TGFBR2",-0.596223894982424,8.61501155518124e-09
"ENSG00000163535","SGO2",-0.559291760390986,2.62300341210194e-07,"SGO2",-0.444833339033656,3.53119402632503e-05
"ENSG00000163624","CDS1",0.653975016065016,1.11577806297265e-06,"CDS1",0.689037281465231,0.000347775914844103
"ENSG00000163634","THOC7",-0.246280304510285,0.00241810344038952,"THOC7",-0.116425442677602,0.203539513052951
"ENSG00000163637","PRICKLE2",0.482586019684789,0.000799445044099573,"PRICKLE2",0.101876544190238,0.537301067173443
"ENSG00000163681","SLMAP",-0.1667196619556,0.128935769484938,"SLMAP",-0.0319131167389139,0.840493211259806
"ENSG00000163710","PCOLCE2",-0.407935400715061,0.0382578914715351,"PCOLCE2",-0.125994685815584,0.510027770339561
"ENSG00000163734","CXCL3",-0.827697412749857,0.00220299025590134,"CXCL3",-1.15613687479487,6.97172224075976e-05
"ENSG00000163739","CXCL1",0.0116823115491116,0.983966792452332,"CXCL1",-0.012877093946497,0.961779704920948
"ENSG00000163818","LZTFL1",0.103587964427049,0.529888675469439,"LZTFL1",-0.279529167542975,0.0437781781992777
"ENSG00000163870","TPRA1",0.422515050614175,0.00032049417264314,"TPRA1",0.520547814410513,7.03540604006985e-06
"ENSG00000163932","PRKCD",0.119834544138204,0.404837345982925,"PRKCD",0.030071766895199,0.876505584874217
"ENSG00000163939","PBRM1",-0.346910160548758,7.47193658159686e-08,"PBRM1",-0.0228975022107143,0.833608425521207
"ENSG00000163975","MELTF",-0.12633216879323,0.187853183912317,"MELTF",-0.222449162197303,0.0099992201111863
"ENSG00000163993","S100P",0.349899194951517,0.242347850915504,"S100P",0.426890010693537,0.0983695743824383
"ENSG00000164104","HMGB2",-0.614836140874734,1.15656645843639e-05,"HMGB2",-0.0840064062698121,0.632771119842982
"ENSG00000164120","HPGD",-0.277533811692692,0.348969518159207,"HPGD",0.0568434075994102,0.848762741101705
"ENSG00000164171","ITGA2",-0.112730097869739,0.578474511694034,"ITGA2",-0.101841993648554,0.594327157033008
"ENSG00000164172","MOCS2",0.0906872322327235,0.415688721815993,"MOCS2",0.298723003015627,0.000563306425010066
"ENSG00000164219","PGGT1B",-0.0239743810602587,0.89343452191362,"PGGT1B",0.0204240076964183,0.911798147567284
"ENSG00000164402","SEPTIN8",-0.142938270801601,0.152022295187488,"SEPTIN8",0.00860505549823366,0.952386722367914
"ENSG00000164543","STK17A",0.340506031763016,0.000332744309726534,"STK17A",0.34268393505933,0.00022903302267462
"ENSG00000164576","SAP30L",0.138653062496969,0.299775207994154,"SAP30L",0.106153846933234,0.44914657983298
"ENSG00000164683","HEY1",0.0281776151658767,0.941876868941766,"HEY1",-0.312790872980154,0.147134024929608
"ENSG00000164754","RAD21",-0.40195925131904,2.06261648806379e-07,"RAD21",-0.268609897129409,0.000668283785573648
"ENSG00000164818","DNAAF5",-0.289942159795026,3.67622185619144e-05,"DNAAF5",0.0355052550596144,0.752692858417152
"ENSG00000164823","OSGIN2",-0.0559882062964278,0.731945206734513,"OSGIN2",0.0418510718519145,0.80893084245399
"ENSG00000164855","TMEM184A",1.44170315586197,1.43744635823039e-06,"TMEM184A",1.15501073710271,0.00404002368479246
"ENSG00000164904","ALDH7A1",-0.140348737402582,0.361463069229233,"ALDH7A1",-0.209025405673276,0.11723109682537
"ENSG00000164924","YWHAZ",-0.489452790047192,6.9400043899717e-17,"YWHAZ",-0.35721115533136,1.72970564029853e-09
"ENSG00000165105","RASEF",0.448384984669227,0.149618317997229,"RASEF",0.296377213169082,0.252368124776507
"ENSG00000165119","HNRNPK",-0.416104259602075,1.69140813084267e-14,"HNRNPK",-0.221598404562928,9.52523832877495e-05
"ENSG00000165209","STRBP",-0.341665193276868,0.000573053265601118,"STRBP",0.00487913663578181,0.976685125159083
"ENSG00000165434","PGM2L1",0.589321455590153,3.85147364741357e-05,"PGM2L1",0.569860054221786,4.35212280864608e-05
"ENSG00000165475","CRYL1",-0.652039802520066,0.00137645843216224,"CRYL1",-1.08682172557013,4.69364117878103e-07
"ENSG00000165795","NDRG2",0.0638455820513906,0.815573798349126,"NDRG2",0.14620324937798,0.450628693765967
"ENSG00000165799","RNASE7",4.54593797343619,1.29464024006958e-10,"RNASE7",3.19809773799626,2.94894596026685e-06
"ENSG00000165801","ARHGEF40",0.381773944192892,0.0384173217254579,"ARHGEF40",0.221273826431481,0.209664138910642
"ENSG00000165804","ZNF219",0.385353367756143,0.0018622970687883,"ZNF219",0.303139208538005,0.0112188815036391
"ENSG00000165887","ANKRD2",0.168306877050591,0.556015776536733,"ANKRD2",0.108910378742653,0.656747740990687
"ENSG00000165905","LARGE2",0.349640084692346,0.219107921703925,"LARGE2",0.0648600169934115,0.807647070926181
"ENSG00000165914","TTC7B",-1.08499174077522,6.88886301055555e-12,"TTC7B",-0.787489970590397,1.30786956978832e-06
"ENSG00000166033","HTRA1",0.127787380584554,0.623243779284173,"HTRA1",-0.0280180132507476,0.923558278814302
"ENSG00000166147","FBN1",0.417393482606026,0.0529018683048961,"FBN1",0.105158333354707,0.640947523249097
"ENSG00000166164","BRD7",-0.0471679968579828,0.556317677371868,"BRD7",0.117880637741716,0.0749470747048457
"ENSG00000166173","LARP6",-0.243184159404041,0.0640302833751959,"LARP6",-0.380901568972756,0.00154543547253973
"ENSG00000166289","PLEKHF1",0.448991806628364,0.00411971509749174,"PLEKHF1",0.255799816516342,0.091784943555562
"ENSG00000166454","ATMIN",0.494468562502496,4.93133844193849e-15,"ATMIN",0.15380728198151,0.0379833468132818
"ENSG00000166503","HDGFL3",-0.499793084370938,7.81850926063665e-17,"HDGFL3",-0.206247309411682,0.0012478467452553
"ENSG00000166508","MCM7",-0.661185760290693,2.15674511083835e-10,"MCM7",-0.39996105138773,0.000107589514990298
"ENSG00000166689","PLEKHA7",0.657194766985383,0.0429445921925046,"PLEKHA7",0.0931227855677525,0.724126932330601
"ENSG00000166801","FAM111A",-0.46641445348691,7.23858949382161e-07,"FAM111A",-0.250981955506874,0.00915008911016793
"ENSG00000166825","ANPEP",-0.603317953673122,1.53021914322653e-06,"ANPEP",-0.723483909211004,1.01977650558432e-08
"ENSG00000166828","SCNN1G",-0.0240230104892113,0.952855537103376,"SCNN1G",-0.0431918721388279,0.881218565703534
"ENSG00000166847","DCTN5",0.219628460648411,0.00224095070441382,"DCTN5",0.203055255119267,0.00572862423838415
"ENSG00000166851","PLK1",-0.603224252565306,3.2863577643901e-06,"PLK1",-0.214183290741518,0.112468902885043
"ENSG00000166897","ELFN2",0.802272438522999,2.99224935417636e-07,"ELFN2",0.644157901696865,3.80126154454577e-05
"ENSG00000166922","SCG5",0.221110207274111,0.324089379308536,"SCG5",0.999767300040165,1.23006300420937e-05
"ENSG00000166986","MARS1",-0.717515163291624,5.92658927872321e-12,"MARS1",-0.534498231958153,2.37812143171325e-07
"ENSG00000167105","TMEM92",0.843101206737907,0.0024036066305308,"TMEM92",1.37904213390508,7.79580126078604e-07
"ENSG00000167183","PRR15L",-0.119117247059894,0.691067435801446,"PRR15L",-0.0408312096196582,0.888319041017986
"ENSG00000167196","FBXO22",0.527896862959233,1.09456483069115e-09,"FBXO22",0.2599912520713,0.00379101927707835
"ENSG00000167653","PSCA",0.742763559582924,0.0219018545341468,"PSCA",0.528659552360756,0.0718877218238042
"ENSG00000167703","SLC43A2",1.58500231272335,8.41471630859407e-14,"SLC43A2",1.49229545454511,2.54095694543155e-07
"ENSG00000167767","KRT80",0.636017653913451,0.00123201628534911,"KRT80",1.91742509958585,2.16089658115443e-19
"ENSG00000167775","CD320",0.335065373149424,0.00357512394948506,"CD320",0.105445376986723,0.446361818955889
"ENSG00000167900","TK1",-0.18341647812076,0.202428593354562,"TK1",-0.197987011151551,0.144075394984751
"ENSG00000167914","GSDMA",0.00702145521073988,0.994006002662269,"GSDMA",0.0540179342026407,0.843944732350106
"ENSG00000168002","POLR2G",0.1926531859244,0.0837382958561555,"POLR2G",0.0675361051607029,0.62343789698593
"ENSG00000168010","ATG16L2",0.0655592701998322,0.791751657398802,"ATG16L2",-0.0466903737734053,0.849309016778621
"ENSG00000168077","SCARA3",-0.112945381399905,0.491921672669584,"SCARA3",-0.192992593885941,0.16332538108458
"ENSG00000168209","DDIT4",-0.348674596763668,0.110956914535634,"DDIT4",-1.43133084254583,1.58067252491732e-06
"ENSG00000168243","GNG4",-0.260856684276298,0.193109633144405,"GNG4",-0.458844740481669,0.0396285679102205
"ENSG00000168286","THAP11",-0.431873824411016,1.32470273449328e-05,"THAP11",-0.190572105644093,0.0685776152740731
"ENSG00000168398","BDKRB2",0.499169690768181,0.10236955440106,"BDKRB2",-0.3941938987721,0.140136132031517
"ENSG00000168439","STIP1",0.0351055237780261,0.763335081564217,"STIP1",0.123907382056529,0.155445981994798
"ENSG00000168461","RAB31",-0.294403670637274,0.0484135126619271,"RAB31",-0.193255230316641,0.196683619221674
"ENSG00000168497","CAVIN2",5.07227242648146,9.23263341022839e-16,"CAVIN2",4.40586248822692,4.1080719061602e-11
"ENSG00000168502","MTCL1",0.0889916937466253,0.56509617113484,"MTCL1",0.0694358355441519,0.660986919469622
"ENSG00000168566","SNRNP48",-0.115927095584373,0.214521023702951,"SNRNP48",-0.192250339515249,0.023089608125939
"ENSG00000168615","ADAM9",-0.2539755554371,0.00373134203286341,"ADAM9",-0.154444965436625,0.117412732742578
"ENSG00000168672","LRATD2",1.07026678899671,3.82445992191762e-07,"LRATD2",0.852678061802109,0.00212433275007412
"ENSG00000168765","GSTM4",0.202173291825773,0.491137231015313,"GSTM4",0.2234713470296,0.35628868399426
"ENSG00000168785","TSPAN5",-0.0908969904096106,0.51932864200339,"TSPAN5",-0.0711168113731565,0.626539255071859
"ENSG00000168874","ATOH8",0.255047845946751,0.348095137550082,"ATOH8",-0.253161739535704,0.27947882913284
"ENSG00000168916","ZNF608",0.333099711880296,0.175502939303463,"ZNF608",0.363791086403818,0.0843971424734342
"ENSG00000168918","INPP5D",1.09569618797452,1.12392361144476e-05,"INPP5D",1.77135406710784,4.86881374523913e-10
"ENSG00000169045","HNRNPH1",-0.566429702479749,2.61964742537694e-22,"HNRNPH1",-0.214228564652747,0.000536369733147422
"ENSG00000169105","CHST14",-0.205268103950419,0.102452325336609,"CHST14",-0.1918445842626,0.112921786921947
"ENSG00000169118","CSNK1G1",0.331722596250902,0.000269092041762079,"CSNK1G1",0.36967515865371,3.65188727153514e-05
"ENSG00000169288","MRPL1",-0.301902543325763,0.00170058428108142,"MRPL1",-0.123688242928516,0.258771912212467
"ENSG00000169359","SLC33A1",-0.110745528741096,0.485926837245922,"SLC33A1",-0.158632296706232,0.256510317103248
"ENSG00000169403","PTAFR",2.1738458580771,1.39894504158029e-06,"PTAFR",0.33530438510136,0.203942874385607
"ENSG00000169429","CXCL8",-0.180906511625469,0.520274756767748,"CXCL8",-0.224713298812734,0.333049910752133
"ENSG00000169490","TM2D2",0.358413382337314,0.00336074935694071,"TM2D2",0.185895127539895,0.164537675052266
"ENSG00000169499","PLEKHA2",-0.099382429812053,0.34310785350747,"PLEKHA2",-0.05029035822373,0.684664861844554
"ENSG00000169504","CLIC4",-1.07244939043009,1.82989908716134e-24,"CLIC4",-1.03052714631112,2.24573755181731e-22
"ENSG00000169509","CRCT1",0.0646259591240566,0.842115143500926,"CRCT1",-0.0304768726461104,0.917421833895451
"ENSG00000169564","PCBP1",-0.285552090450579,3.19927172763612e-06,"PCBP1",-0.148693881275844,0.0258306029389372
"ENSG00000169641","LUZP1",0.334833830571905,2.66804083871586e-05,"LUZP1",0.0572381123580362,0.609013583615644
"ENSG00000169684","CHRNA5",0.190900810631611,0.136170283324375,"CHRNA5",0.127388211819609,0.357617077721116
"ENSG00000169733","RFNG",0.292449790833007,0.0194598885921484,"RFNG",0.305256981743382,0.0115186727710711
"ENSG00000169813","HNRNPF",-0.530280150865683,2.45631148589423e-14,"HNRNPF",-0.322276186177792,6.03604719735691e-06
"ENSG00000169902","TPST1",-0.340846233667454,0.00130207601728844,"TPST1",0.0214367813946879,0.899342062188885
"ENSG00000169992","NLGN2",0.271416220826383,0.082150518559518,"NLGN2",0.102548083266337,0.576311234957922
"ENSG00000170006","TMEM154",-1.05516910521065,6.35360340604823e-20,"TMEM154",-0.606632014656791,1.59985372253688e-07
"ENSG00000170017","ALCAM",-0.912708056198958,1.52614911962352e-17,"ALCAM",-0.797725923397536,1.46848362430812e-13
"ENSG00000170160","CCDC144A",-0.0108955776724318,0.985912612713102,"CCDC144A",0.0080721700605254,0.976685125159083
"ENSG00000170214","ADRA1B",-0.489292983959291,0.123865941678762,"ADRA1B",-1.42650769532554,0.0023499757413326
"ENSG00000170275","CRTAP",0.0279495743393082,0.828420591794928,"CRTAP",0.00847762085151727,0.94908520436321
"ENSG00000170322","NFRKB",0.50426657951961,3.12386097538149e-10,"NFRKB",0.426719384815651,1.3062835460919e-07
"ENSG00000170390","DCLK2",0.077061909466096,0.782887435575881,"DCLK2",0.110108700722817,0.609455712322047
"ENSG00000170423","KRT78",0.784452304644568,0.029048176739906,"KRT78",1.39621178181902,0.000933984442907818
"ENSG00000170456","DENND5B",0.00951132130273379,0.977803861474727,"DENND5B",0.205353196492129,0.141265248829613
"ENSG00000170464","DNAJC18",0.326374707851601,0.00971431807976648,"DNAJC18",0.514010646554616,3.12400945745108e-05
"ENSG00000170537","TMC7",-0.632843839832288,6.95683194644915e-05,"TMC7",-0.857464183616541,1.27986484322092e-07
"ENSG00000170549","IRX1",0.621788064597584,0.000949028189924183,"IRX1",-0.0711881868016505,0.786673439781238
"ENSG00000170561","IRX2",0.42406223624591,0.00066513189557623,"IRX2",0.192622370377139,0.148014196177128
"ENSG00000170791","CHCHD7",0.801863940480196,1.59959744232207e-16,"CHCHD7",0.691535972823532,2.71434751363454e-12
"ENSG00000170836","PPM1D",1.41435942318512,1.77791743753106e-27,"PPM1D",1.58066279312369,1.64466052448736e-33
"ENSG00000170876","TMEM43",0.139520887534422,0.0922901863377892,"TMEM43",-0.128479550562452,0.136205702810781
"ENSG00000170921","TANC2",0.0381094652919526,0.878011973759251,"TANC2",-0.044907818484282,0.84528384628982
"ENSG00000171017","LRRC8E",0.666790394794329,1.22025375312369e-07,"LRRC8E",0.341561952950655,0.00789248527276532
"ENSG00000171130","ATP6V0E2",0.00844178814889389,0.981759481571304,"ATP6V0E2",0.0302284459223959,0.892320082624818
"ENSG00000171135","JAGN1",0.0772967907979821,0.487338886756996,"JAGN1",0.143166827977274,0.1484606219025
"ENSG00000171169","NAIF1",-0.405020181672821,0.00216475935461835,"NAIF1",-0.191179296072709,0.174573169915426
"ENSG00000171346","KRT15",0.027453741748198,0.9415184340954,"KRT15",0.355324316732883,0.0975157127403968
"ENSG00000171451","DSEL",0.994019061074895,2.2093557084474e-11,"DSEL",1.02978208560324,9.70090971936243e-12
"ENSG00000171453","POLR1C",0.24712009855754,0.0206917038216267,"POLR1C",-0.187345133586205,0.0983255092977505
"ENSG00000171462","DLK2",0.923567510643081,9.76277918518058e-06,"DLK2",1.04728095898283,1.81533040948363e-06
"ENSG00000171469","ZNF561",1.06299047089297,6.59432092912742e-20,"ZNF561",0.265046333206425,0.033836262621226
"ENSG00000171488","LRRC8C",-0.388562849883294,0.00346071484018022,"LRRC8C",-0.140426059815518,0.342058220824424
"ENSG00000171492","LRRC8D",-0.0837744968156766,0.555438189122116,"LRRC8D",-0.0804019287419449,0.576304119822671
"ENSG00000171566","PLRG1",0.0103371997934395,0.9429085699438,"PLRG1",0.0286864170923021,0.81088194692986
"ENSG00000171608","PIK3CD",0.0163306073812387,0.954713688266392,"PIK3CD",0.0442064624953865,0.837603182117304
"ENSG00000171621","SPSB1",0.230117831011153,0.293673799387316,"SPSB1",0.144634214144209,0.48665991243878
"ENSG00000171658",NA,0.768421353107387,0.00634895466737486,NA,0.677063182083332,0.01070596615872
"ENSG00000171680","PLEKHG5",0.653110521703759,7.99948330771142e-06,"PLEKHG5",0.80350190187412,1.04540760770957e-07
"ENSG00000171903","CYP4F11",-0.109788950269238,0.713633487925948,"CYP4F11",0.0797452822152276,0.753466023333424
"ENSG00000171914","TLN2",-1.0671939749362,5.29844159464021e-17,"TLN2",-1.18491597171416,2.03505148390705e-21
"ENSG00000172053","QARS1",0.0698900323989242,0.504987569452018,"QARS1",-0.0358332457435764,0.774921238179035
"ENSG00000172115","CYCS",-0.0835416273379599,0.385922014057091,"CYCS",-0.128714141752455,0.14091446747382
"ENSG00000172379","ARNT2",0.0960794902616109,0.672881235941251,"ARNT2",0.109096425750872,0.579512586227671
"ENSG00000172548","NIPAL4",0.143351137038985,0.616544165186157,"NIPAL4",-0.0142867115394422,0.957872795698916
"ENSG00000172765","TMCC1",-0.0537096250105719,0.775526743808038,"TMCC1",0.0681991383265829,0.688368548909523
"ENSG00000172831","CES2",0.862109061597774,1.70226278460151e-13,"CES2",0.640980329048294,5.01114935356427e-08
"ENSG00000172986","GXYLT2",-0.513219517047287,0.000536865045766913,"GXYLT2",-0.127183572846402,0.448237377139898
"ENSG00000173011","TADA2B",0.157154947408464,0.298649161459676,"TADA2B",-0.131144179699338,0.402636304040316
"ENSG00000173120","KDM2A",0.268638140264262,0.00908159095025071,"KDM2A",0.263725921235232,0.00944983780503051
"ENSG00000173210","ABLIM3",-0.379746318906243,0.0157069640046373,"ABLIM3",-0.238139393997328,0.12365200447121
"ENSG00000173465","ZNRD2",0.238370908144282,0.018774204279591,"ZNRD2",0.152927502463604,0.173543742814617
"ENSG00000173597","SULT1B1",1.0660617333382,0.00303974344646152,"SULT1B1",1.27344060360397,0.0012532001450364
"ENSG00000173674","EIF1AX",-0.286452574007591,0.000111919753787371,"EIF1AX",-0.172611289046018,0.0291031381255582
"ENSG00000173846","PLK3",1.05333176124011,8.89256933411502e-19,"PLK3",1.2842825573448,5.44499778631351e-26
"ENSG00000173848","NET1",-0.144752172937458,0.290728937066196,"NET1",-0.0348647081726266,0.848881530168773
"ENSG00000173918","C1QTNF1",0.532500648226519,0.0933416178146115,"C1QTNF1",0.95771068054355,0.0173690873681214
"ENSG00000174469","CNTNAP2",0.0646385282383706,0.8445071153874,"CNTNAP2",-0.117645281557411,0.627625584148974
"ENSG00000174501","ANKRD36C",-0.303564100511198,0.0610591496196801,"ANKRD36C",-0.350271271070146,0.0199595430750972
"ENSG00000175029","CTBP2",-0.295600756561608,9.04667348824497e-08,"CTBP2",-0.0399417172271533,0.619216920765793
"ENSG00000175600","SUGCT",1.5613095813011,5.07363986407919e-18,"SUGCT",2.05069002207447,4.66678234856127e-28
"ENSG00000175602","CCDC85B",0.24911450137429,0.196304046332065,"CCDC85B",0.172728546682543,0.349035154605978
"ENSG00000175854","SWI5",0.1014939045373,0.499311453973123,"SWI5",-0.0450620212705748,0.797042071631107
"ENSG00000175866","BAIAP2",0.550360710864526,3.69955204936446e-06,"BAIAP2",0.408469995726187,0.000636918477427663
"ENSG00000176014","TUBB6",-0.730580258519246,6.38483553823042e-10,"TUBB6",-0.724168539990325,1.54741973250409e-09
"ENSG00000176108","CHMP6",-0.12585259259805,0.46262674778816,"CHMP6",-0.0346139264343596,0.879063953244023
"ENSG00000176225","RTTN",-0.150889953732592,0.439806197855254,"RTTN",-0.123744118470432,0.497352799207357
"ENSG00000176407","KCMF1",-0.254850110660807,0.000531507606577222,"KCMF1",-0.03704421624423,0.735167098548695
"ENSG00000176485","PLAAT3",0.00505827751621727,0.995219486744725,"PLAAT3",0.169476791508133,0.349468979471966
"ENSG00000176619","LMNB2",-0.627043492003239,2.45490795395934e-11,"LMNB2",-0.189065384446148,0.0647220431529426
"ENSG00000176749","CDK5R1",-0.101973247627988,0.605206865999657,"CDK5R1",-0.314170280362896,0.0473688247981876
"ENSG00000176842","IRX5",1.75991635690002,3.87759709809452e-19,"IRX5",0.380298932281012,0.059806171682717
"ENSG00000176894","PXMP2",-0.343643969691826,0.0133868262236076,"PXMP2",-0.500835361205806,0.000167253817344592
"ENSG00000176912",NA,1.11444374469151,3.57636458916657e-08,NA,0.519640798555948,0.00544293799815501
"ENSG00000176953","NFATC2IP",-0.462773316026291,4.78810063554719e-11,"NFATC2IP",-0.237725963335945,0.00124824860306492
"ENSG00000177200","CHD9",-0.24303255386217,0.00372548642836715,"CHD9",-0.184811799233282,0.0310724648001068
"ENSG00000177463","NR2C2",-0.527169914661836,9.19277233597856e-06,"NR2C2",-0.419928055843428,0.000303634258804929
"ENSG00000177494","ZBED2",0.471562765513818,0.131297774465643,"ZBED2",2.7328808163667,2.22153913200499e-13
"ENSG00000177570","SAMD12",-1.16273708625231,0.00126700747607538,"SAMD12",-0.117683597002841,0.630855436295322
"ENSG00000177595","PIDD1",0.547860182163429,0.00407017633318087,"PIDD1",0.353299916284008,0.0544211009858691
"ENSG00000177700","POLR2L",0.285968046737246,0.000119125023295899,"POLR2L",-0.112666172010625,0.191822491629297
"ENSG00000177706","FAM20C",-0.860639414183028,8.51378667280686e-05,"FAM20C",-0.803283974972711,0.000297565059795254
"ENSG00000177732","SOX12",-0.223641550997821,0.0104236806968797,"SOX12",-0.147775737061162,0.108669081671564
"ENSG00000177733","HNRNPA0",-0.509559656977453,1.44178282259912e-12,"HNRNPA0",-0.388540542129991,7.63674929844737e-08
"ENSG00000177830","CHID1",0.0907979086645728,0.579697652032401,"CHID1",0.0635117252982756,0.711441831683724
"ENSG00000178035","IMPDH2",0.188737720883824,0.0402120430246417,"IMPDH2",0.347484773959485,3.83298519458766e-05
"ENSG00000178038","ALS2CL",0.872582184149021,0.000294991405219788,"ALS2CL",1.17754633690291,9.42085605994472e-05
"ENSG00000178104","PDE4DIP",-0.234937147627004,0.0775064116025447,"PDE4DIP",0.294344813315681,0.0159812825201467
"ENSG00000178202","POGLUT3",-0.646890892582548,9.80222595322899e-05,"POGLUT3",-0.509423576376756,0.00145178796178858
"ENSG00000178498","DTX3",0.497810454435088,0.00039084963493133,"DTX3",0.595419191751202,1.81365559031203e-05
"ENSG00000178531","CTXN1",-0.372201382727006,0.0250708972986059,"CTXN1",0.014602302393689,0.948829136751827
"ENSG00000178585","CTNNBIP1",-0.701180427313805,3.44078145660134e-07,"CTNNBIP1",-0.241442400332086,0.0638248286441097
"ENSG00000178988","MRFAP1L1",-0.236411803680706,0.0204601649187463,"MRFAP1L1",-0.187319050906725,0.0705495134416503
"ENSG00000179104","TMTC2",-1.28192000938399,8.35722697790284e-07,"TMTC2",-1.46569530820099,6.57523415228589e-08
"ENSG00000179115","FARSA",-0.120783548210408,0.111811550535156,"FARSA",-0.0203911068422968,0.861432630172632
"ENSG00000179163","FUCA1",2.49650342176337,3.99349541951718e-42,"FUCA1",1.99261865855255,4.48792794663287e-33
"ENSG00000179195","ZNF664",-0.287449924812459,0.00280330370396305,"ZNF664",-0.188358678344621,0.0599013908774372
"ENSG00000179241","LDLRAD3",-0.488570346700856,4.56819021740683e-06,"LDLRAD3",-0.320606524500311,0.00340726144675354
"ENSG00000179361","ARID3B",0.450111279114377,0.0163774477674439,"ARID3B",0.377069652315573,0.0356021997566059
"ENSG00000179431","FJX1",-0.315563011709822,0.0114814283115502,"FJX1",-0.0900474032788133,0.543746181569626
"ENSG00000179593","ALOX15B",-0.0594881677484074,0.855613162222769,"ALOX15B",-0.0709338181576258,0.786496026704018
"ENSG00000180011","PTGR3",-0.15818678260551,0.106445970042041,"PTGR3",-0.104074948167312,0.332121287951694
"ENSG00000180198","RCC1",-0.450627681579492,7.35915799274832e-06,"RCC1",0.0197388591022513,0.911798147567284
"ENSG00000180263","FGD6",0.28646158318576,0.0253894961116468,"FGD6",0.325928102678456,0.0096077352119609
"ENSG00000180354","MTURN",1.20911703147185,7.4873904677741e-17,"MTURN",1.10402629378429,2.70666421433885e-08
"ENSG00000180448","ARHGAP45",0.729330643684484,0.00746218672239142,"ARHGAP45",0.070548902432153,0.805765011220475
"ENSG00000180628","PCGF5",0.217235445393921,0.0192383412924213,"PCGF5",0.17523978801947,0.0652954968552654
"ENSG00000180773","SLC36A4",-0.564494301562664,7.88924322249629e-07,"SLC36A4",-0.252198513664745,0.0194737079105001
"ENSG00000180964","TCEAL8",-0.0917830247857571,0.461015633705651,"TCEAL8",0.0590279003084036,0.660758357306341
"ENSG00000181019","NQO1",0.06805783149167,0.747901284104186,"NQO1",-0.0207057560758637,0.930468683521387
"ENSG00000181104","F2R",-0.583827682159193,0.00115675229395392,"F2R",-0.129616336383231,0.487440072256252
"ENSG00000181192","DHTKD1",-0.21462125645475,0.227114915991536,"DHTKD1",-0.0306108008819196,0.897523739897608
"ENSG00000181274","FRAT2",0.2081245364851,0.246089480984238,"FRAT2",-0.0661377097004581,0.756749019753773
"ENSG00000181467","RAP2B",-0.456570920216498,4.43256135617572e-07,"RAP2B",-0.268482664713237,0.00397751788988864
"ENSG00000181827","RFX7",-0.254798096633486,0.0823507989974404,"RFX7",0.0105945325646427,0.958311651000779
"ENSG00000182022","CHST15",0.066171067576539,0.794904449825263,"CHST15",0.251192366853947,0.135173314816503
"ENSG00000182158","CREB3L2",-0.118147711434805,0.402543932789187,"CREB3L2",-0.0136737104320715,0.94180485155029
"ENSG00000182185","RAD51B",-0.730135294650621,0.0116242062934533,"RAD51B",-1.32336859668934,4.73891580668047e-05
"ENSG00000182287","AP1S2",-0.0268628611260848,0.874986909842174,"AP1S2",-0.0588922375202801,0.681454396120647
"ENSG00000182378","PLCXD1",-0.0924386602246305,0.66121020536521,"PLCXD1",-0.494386112268051,0.001906146489612
"ENSG00000182670","TTC3",-0.489337979523819,3.08874459221189e-12,"TTC3",-0.581019219050422,5.87178497984322e-17
"ENSG00000182742","HOXB4",-0.19003450470592,0.187443299983146,"HOXB4",0.0713189356215887,0.684079648232622
"ENSG00000182827","ACBD3",0.284597019596481,3.07446674757049e-05,"ACBD3",0.260922919168744,0.000163358146292375
"ENSG00000183421","RIPK4",1.92297353997294,2.10378554186829e-09,"RIPK4",0.499447036513536,0.0443430592135383
"ENSG00000183762","KREMEN1",0.111765067203781,0.682430848250495,"KREMEN1",-0.261132410436981,0.280164670062994
"ENSG00000183853","KIRREL1",-0.103829239109845,0.620770672249325,"KIRREL1",0.00610086329540064,0.979664661356119
"ENSG00000184009","ACTG1",-0.38666103160773,0.00157875354694272,"ACTG1",-0.215053257645233,0.0890246040064876
"ENSG00000184226","PCDH9",1.68207544251134,1.81796461787931e-12,"PCDH9",0.829476325254055,0.00040688823513778
"ENSG00000184232","OAF",-0.683342027128887,9.12800930907479e-20,"OAF",-0.713151057712191,2.6220973292991e-20
"ENSG00000184307","ZDHHC23",-0.132543373152058,0.532210594687075,"ZDHHC23",0.0279501330285151,0.921564207194868
"ENSG00000184508","HDDC3",-0.00295788343207913,0.996374941533887,"HDDC3",0.245212870052763,0.0187013973064321
"ENSG00000184557","SOCS3",-0.273367327624805,0.158086988511622,"SOCS3",-0.135943302976879,0.493006865701506
"ENSG00000184564","SLITRK6",2.00988304421847,0.000275315215049925,"SLITRK6",2.43696350383687,7.79297103988925e-05
"ENSG00000184584","STING1",0.883898697826808,4.01408076692993e-12,"STING1",0.746780197877806,1.65430815224589e-08
"ENSG00000184640","SEPTIN9",-0.432582779354777,5.45467745518844e-08,"SEPTIN9",-0.207985392600591,0.0149488979322392
"ENSG00000184661","CDCA2",-0.187537976785919,0.0802981114458431,"CDCA2",-0.118817537950141,0.302871504865288
"ENSG00000184897","H1-10",-0.261344737789231,0.0580857221881498,"H1-10",-0.144780058110319,0.3227783215752
"ENSG00000185104","FAF1",-1.33032190524419,1.76251968538674e-65,"FAF1",-1.44255795491437,1.41870898182197e-75
"ENSG00000185442","FAM174B",-0.00299328064453492,0.999526554579636,"FAM174B",0.0651370231894508,0.802233009501439
"ENSG00000185475","TMEM179B",0.171068420057082,0.12616379176481,"TMEM179B",0.180960456426482,0.091995969063493
"ENSG00000185515","BRCC3",-0.436416562750806,6.17152873096990e-09,"BRCC3",-0.20172574718181,0.0131465275846122
"ENSG00000185519","FAM131C",0.326418701516453,0.211286438025477,"FAM131C",0.203941823460495,0.406987584903546
"ENSG00000185591","SP1",-0.208436662412333,0.0319700925386458,"SP1",0.029394614471066,0.842586275514526
"ENSG00000185614","INKA1",1.3898824189705,1.18083445168223e-07,"INKA1",0.0259543808156696,0.932300384165897
"ENSG00000185753","CXorf38",0.023046724551211,0.915252890566757,"CXorf38",-0.0457620141683055,0.811357178039215
"ENSG00000185966","LCE3E",-0.00301586669963166,0.999433637321825,"LCE3E",0.113049536518422,0.632123199971689
"ENSG00000185989","RASA3",-0.782972048677283,5.99159143534928e-16,"RASA3",-0.511738831137336,2.23673615470454e-08
"ENSG00000186088","GSAP",0.403266775063018,0.13054891570403,"GSAP",1.13115764570792,0.000150493690352498
"ENSG00000186193","SAPCD2",-0.749185970658455,2.34900984918982e-06,"SAPCD2",-0.358329541504413,0.0162073939310537
"ENSG00000186493",NA,0.556641702228421,0.000196337452041927,NA,0.167868712737805,0.289632422600503
"ENSG00000186642","PDE2A",-0.0317652873414939,0.924556668205535,"PDE2A",0.25617913332167,0.230020786524145
"ENSG00000186684","CYP27C1",-0.631772875470925,0.00339383905164793,"CYP27C1",-0.347878592289173,0.0624121500012015
"ENSG00000186834","HEXIM1",-0.0127625242891939,0.95068715659488,"HEXIM1",-0.0092879120049705,0.95579973201691
"ENSG00000186847","KRT14",-0.19299401496549,0.493803603256726,"KRT14",1.11668241328483,0.00504892693193277
"ENSG00000186918","ZNF395",-0.596178405649673,0.0004002080532143,"ZNF395",-0.215527932628702,0.200973517245987
"ENSG00000187098","MITF",1.32126001780252,1.03000167349034e-15,"MITF",2.30577307768475,2.2440325300197e-41
"ENSG00000187109","NAP1L1",-0.382872260997128,1.58889605289098e-15,"NAP1L1",-0.387201881819179,5.54957770040728e-16
"ENSG00000187134","AKR1C1",1.21948488524112,0.00145293749145863,"AKR1C1",1.79781188460083,3.28321017171594e-05
"ENSG00000187325","TAF9B",0.171204702718523,0.295582380275668,"TAF9B",0.546594636393231,0.000134846068325449
"ENSG00000187720","THSD4",-0.577288766811776,0.000352421353203137,"THSD4",-0.942902199248607,8.3132919448575e-09
"ENSG00000187840","EIF4EBP1",-0.761451100723094,4.24776392994131e-13,"EIF4EBP1",-0.779575372044081,2.14144954707357e-13
"ENSG00000187994","RINL",1.17203880715935,7.78009246760657e-07,"RINL",1.16147208100855,9.19262768244036e-09
"ENSG00000188001","TPRG1",0.546335530172386,0.0908976498715757,"TPRG1",0.12645955110459,0.61768936992331
"ENSG00000188015","S100A3",-0.0948261599195016,0.749924341760607,"S100A3",0.039792921076356,0.892320082624818
"ENSG00000188026","RILPL1",-0.155725877403221,0.415146834489725,"RILPL1",-0.277116408371673,0.0882231920523079
"ENSG00000188042","ARL4C",-0.696241812345932,0.00133204764811833,"ARL4C",-0.123935491613008,0.566973078199237
"ENSG00000188112","C6orf132",-0.162170564975426,0.567201194576427,"C6orf132",0.0780830254538816,0.761865191565698
"ENSG00000188153","COL4A5",0.462788505893657,0.0172291506210538,"COL4A5",-0.0872328439231536,0.73317789045609
"ENSG00000188290","HES4",-0.425293950967971,0.0400309456270892,"HES4",-0.29510345771282,0.144075394984751
"ENSG00000188486","H2AX",-0.571308054963684,1.31742525448668e-06,"H2AX",-0.0812717658207332,0.597801820122503
"ENSG00000188641","DPYD",-1.40890340912535,2.47522559430637e-09,"DPYD",-1.62644883626336,1.46848362430812e-13
"ENSG00000189046","ALKBH2",0.330923759804463,0.000949028189924183,"ALKBH2",-0.0689290708709962,0.61768936992331
"ENSG00000189057","FAM111B",-1.40513147616536,3.09975555597683e-22,"FAM111B",-1.3927663378339,5.50543034862836e-22
"ENSG00000189136",NA,0.469267922749773,0.0294377694537668,NA,0.178384068316088,0.380050128794667
"ENSG00000189171","S100A13",0.869066791311829,6.99048246751264e-19,"S100A13",0.703197474266976,9.01763841848163e-13
"ENSG00000189280","GJB5",0.810882458762083,0.0323532654478506,"GJB5",1.19630005292423,0.00889614810501599
"ENSG00000189410","SH2D5",-0.461484344361232,0.0158393644997181,"SH2D5",-0.206993459087767,0.257900055592359
"ENSG00000196072","BLOC1S2",0.620761432688025,4.58819312187362e-15,"BLOC1S2",0.479795950052365,2.24391892419418e-09
"ENSG00000196139","AKR1C3",0.951034800704736,0.000478089194241558,"AKR1C3",1.08746337682909,0.000665664350932287
"ENSG00000196187","TMEM63A",0.538474531280204,0.000355714284423218,"TMEM63A",0.358871283499197,0.015687774246316
"ENSG00000196363","WDR5",-0.169441386855528,0.0428569063557137,"WDR5",0.0325550128941454,0.795439092726109
"ENSG00000196419","XRCC6",-0.192292791808651,0.00923507751895222,"XRCC6",-0.159471709800364,0.0363687152086508
"ENSG00000196453","ZNF777",0.15897747698028,0.335171275004372,"ZNF777",0.38284081441348,0.00669890872573582
"ENSG00000196465","MYL6B",-0.152224839630806,0.160831746656793,"MYL6B",-0.31779915851048,0.000731900508900885
"ENSG00000196535","MYO18A",0.230911290671312,0.0971754983526669,"MYO18A",0.233957704866281,0.0778666535102266
"ENSG00000196639","HRH1",0.255320654597331,0.0154075454869065,"HRH1",0.155805616941794,0.162963166474761
"ENSG00000196704","AMZ2",0.37083102992518,0.000355327886944833,"AMZ2",0.242249875329417,0.0240068002026673
"ENSG00000196739","COL27A1",-0.087090457177417,0.633595770189034,"COL27A1",-0.0671347967162508,0.71410460906371
"ENSG00000196743","GM2A",0.900739496793179,1.45056900999099e-13,"GM2A",0.921797623657519,1.56696868320204e-12
"ENSG00000196754","S100A2",-0.0968049017453889,0.549480635461074,"S100A2",-0.217788573178231,0.0923265044041524
"ENSG00000196850","PPTC7",-0.29104878738757,0.00317627433311308,"PPTC7",-0.18961186992363,0.0666162101772463
"ENSG00000196878","LAMB3",0.444370240782713,0.000238691151661239,"LAMB3",0.281806813864275,0.0208288052502662
"ENSG00000197006","METTL9",-0.427576385452046,1.6022307892768e-06,"METTL9",-0.25587414696748,0.00541902407575868
"ENSG00000197043","ANXA6",-0.558755196366207,9.86422252522166e-06,"ANXA6",-0.767022288079863,3.8230900448565e-09
"ENSG00000197084","LCE1C",7.31752018563117,3.65803531414708e-24,"LCE1C",6.49073339975749,1.36070894337991e-19
"ENSG00000197183","NOL4L",0.091333332955113,0.538241600746093,"NOL4L",0.0775150699068224,0.618125558089664
"ENSG00000197249","SERPINA1",1.41576006113155,0.00150733443706532,"SERPINA1",0.239621095507964,0.31553496124458
"ENSG00000197256","KANK2",0.31207622308346,0.0011110778382403,"KANK2",0.527188945786815,1.0332189513842e-08
"ENSG00000197343","ZNF655",-0.284273085982763,0.000186797925690955,"ZNF655",-0.114040908763049,0.190931801883155
"ENSG00000197375","SLC22A5",1.27523163746899,2.29945566875625e-09,"SLC22A5",2.0091351148084,2.26865331591443e-14
"ENSG00000197442","MAP3K5",-0.641341862904534,1.66544357865463e-05,"MAP3K5",-0.47076234454193,0.00079516385996877
"ENSG00000197451","HNRNPAB",-0.407137090184504,1.39512998794379e-09,"HNRNPAB",-0.279644230520316,5.01140908768866e-05
"ENSG00000197498","RPF2",-0.138649151008015,0.0514479255108259,"RPF2",-0.211835461369026,0.00147764777801044
"ENSG00000197548","ATG7",-0.837244769531005,6.02803304564622e-14,"ATG7",-0.553246360295347,2.93817877534308e-07
"ENSG00000197565","COL4A6",1.88514210829566,1.6475931148744e-07,"COL4A6",1.0540274981414,0.0119680922898308
"ENSG00000197632","SERPINB2",1.78288457018586,2.9826717745673e-06,"SERPINB2",2.48455487296366,7.57095329218945e-11
"ENSG00000197712","FAM114A1",-0.292477129621112,0.0514941575946395,"FAM114A1",-0.532442230720656,0.000251747647588906
"ENSG00000197757","HOXC6",0.0154183228105734,0.948633103951721,"HOXC6",0.235402352036112,0.063179987821978
"ENSG00000197852","INKA2",2.39027755813484,2.57132779137679e-53,"INKA2",2.16727902412533,5.45162360924375e-47
"ENSG00000197948","FCHSD1",0.66008596116659,9.64390219485635e-05,"FCHSD1",0.323021880585954,0.0504375625885577
"ENSG00000198055","GRK6",-0.219223417962925,0.0832760692346388,"GRK6",-0.124217035349806,0.375834025335935
"ENSG00000198121","LPAR1",-0.093794017283951,0.736278938876474,"LPAR1",0.497720510509462,0.022412422221903
"ENSG00000198146","ZNF770",0.0639861320799458,0.438302007391576,"ZNF770",-0.032181781320738,0.754892307661198
"ENSG00000198168","SVIP",-0.354491057433295,0.00861685499466075,"SVIP",-0.264643345921908,0.0461183943275198
"ENSG00000198355","PIM3",-0.481851669664641,3.06940703101057e-05,"PIM3",-0.0504117397140469,0.766562199288835
"ENSG00000198363","ASPH",-0.8449777534403,6.25098636468211e-35,"ASPH",-1.06168484513177,1.59795913676656e-54
"ENSG00000198417","MT1F",0.195639375702018,0.518291457842421,"MT1F",-0.957962870922499,0.00556613118848746
"ENSG00000198573","SPANXC",1.86949470665805,1.01336866067814e-10,"SPANXC",2.98150705669255,1.47863501114002e-24
"ENSG00000198626","RYR2",0.380108959258334,0.113113411327429,"RYR2",0.0534345175765372,0.840493211259806
"ENSG00000198712","MT-CO2",0.982079992831705,6.67658218503879e-11,"MT-CO2",0.6706512478525,7.16930238737507e-06
"ENSG00000198727","MT-CYB",0.137285788512497,0.439041504878543,"MT-CYB",-0.131678283509759,0.426948205645163
"ENSG00000198732","SMOC1",1.69577381952007,1.17333464626038e-17,"SMOC1",2.85259499693433,1.80311066294839e-25
"ENSG00000198763","MT-ND2",0.0150461708338098,0.961116252670398,"MT-ND2",0.0954894989148986,0.610126440444444
"ENSG00000198786","MT-ND5",0.184984037301448,0.372833728573751,"MT-ND5",0.0922564974313748,0.663369813334812
"ENSG00000198804","MT-CO1",0.6003486688129,0.000220771061116094,"MT-CO1",0.256938259928362,0.104736127869086
"ENSG00000198816","ZNF358",0.198484536174601,0.147434445954679,"ZNF358",0.105727107822423,0.489518448283465
"ENSG00000198840","MT-ND3",-0.460315808090371,0.000440759160946832,"MT-ND3",-0.716955661034931,6.35524219521048e-08
"ENSG00000198886","MT-ND4",0.5175461814199,0.000254700742328872,"MT-ND4",0.398832446383482,0.00376067689742172
"ENSG00000198888","MT-ND1",0.0386941581795886,0.860619830713419,"MT-ND1",-0.0648397101108264,0.731548646057786
"ENSG00000198899","MT-ATP6",0.460517050488801,0.0011100229622728,"MT-ATP6",0.795394390666792,3.68586109534756e-08
"ENSG00000198931","APRT",0.312291357138098,1.18585117332807e-05,"APRT",0.0210685506930823,0.8684111950141
"ENSG00000198938","MT-CO3",0.0148014190057244,0.959445482940364,"MT-CO3",-0.142288755923774,0.380050128794667
"ENSG00000198959","TGM2",-0.405489508797905,0.0455381885520478,"TGM2",-0.345473056419009,0.0674922191434733
"ENSG00000201610","RNA5SP84",0.4542652817368,0.140851678435881,"RNA5SP84",-0.156327387581296,0.530218187134865
"ENSG00000203667","COX20",0.00208519979361727,0.999361380268385,"COX20",-0.132296530034702,0.302018370225918
"ENSG00000203668","CHML",-0.0817311107051377,0.560583494842611,"CHML",0.0311066473668135,0.857851009874488
"ENSG00000203722","RAET1G",1.29719503201345,0.000558877875750224,"RAET1G",0.332479471870306,0.167198162275217
"ENSG00000203805","PLPP4",-0.326531414928281,0.00685858286232024,"PLPP4",-0.165189135497111,0.195995469868649
"ENSG00000204231","RXRB",0.175642245018925,0.193133586860911,"RXRB",0.260385731717577,0.0321868847335012
"ENSG00000204256","BRD2",0.377647474959259,8.47758398831603e-08,"BRD2",-0.0324553839338372,0.778737747481072
"ENSG00000204264","PSMB8",0.434412718245583,0.0105782508533555,"PSMB8",0.440180604841938,0.00661035627903398
"ENSG00000204272","NBDY",0.0743544636772997,0.62483380917524,"NBDY",-0.201157742403429,0.0947980097434536
"ENSG00000204767","INSYN2B",-0.790381815055289,2.01991152144507e-05,"INSYN2B",0.0111861191754505,0.962921511005952
"ENSG00000204977","TRIM13",-0.267813316800642,0.00359819662194202,"TRIM13",-0.21396786868829,0.027979572775073
"ENSG00000205413","SAMD9",0.574376862165363,1.86098179399241e-06,"SAMD9",0.499206846269356,6.15772516143083e-05
"ENSG00000205476","CCDC85C",-0.738445298892149,6.51462399935229e-08,"CCDC85C",-0.35022083916363,0.00690816328267709
"ENSG00000206527","HACD2",0.0691223522859708,0.578474511694034,"HACD2",0.231832407528755,0.0148263971572212
"ENSG00000210100",NA,0.733439874326455,0.0057372958218348,NA,-0.268820514951202,0.221464279590119
"ENSG00000210127",NA,-3.30007937547937,1.04969866319556e-09,NA,-3.04587395449757,7.20839243750595e-12
"ENSG00000210154",NA,3.58110629448986,4.43621141419992e-16,NA,3.00420812556011,1.42014736603606e-11
"ENSG00000212123","PRR22",-0.088016182200686,0.777639347146875,"PRR22",0.271964167955715,0.233672267844878
"ENSG00000212907","MT-ND4L",-0.0968931156431056,0.514825519653259,"MT-ND4L",-0.0735870603936843,0.630955489209825
"ENSG00000212978",NA,-0.0669399216509396,0.599625256410058,NA,-0.206135968329006,0.0370320170875318
"ENSG00000213024","NUP62",-0.0768204093855645,0.417466688311325,"NUP62",0.0188726838234747,0.885502377762185
"ENSG00000213025",NA,0.0260562276772164,0.912378924197596,NA,-0.0297884920282772,0.894274295178993
"ENSG00000213347","MXD3",-1.25482458379255,1.39943257705992e-06,"MXD3",-1.03024609804799,1.99337969198988e-05
"ENSG00000213639","PPP1CB",-0.272830002614943,0.000125177811204819,"PPP1CB",-0.124150978640723,0.122519617701645
"ENSG00000214106",NA,0.248526504700839,0.335794395150769,NA,-0.18054099811374,0.451678457656915
"ENSG00000214140","PRCD",0.338170904494081,0.25471015710661,"PRCD",0.731848767072336,0.0172367333411529
"ENSG00000215440","NPEPL1",0.442151743342402,0.152392144236293,"NPEPL1",-0.27893117395712,0.251026895639499
"ENSG00000215908",NA,0.200494808101572,0.172133615190836,NA,-0.0034255463782844,0.98697366620184
"ENSG00000222489","SNORA79B",1.31385335271431,3.33385340298094e-06,"SNORA79B",0.523437014264655,0.0282410668477393
"ENSG00000225439","BOLA3-DT",0.18909781202571,0.236229580184274,"BOLA3-DT",0.132072142880468,0.423388728847073
"ENSG00000225630","MTND2P28",0.138160594885397,0.552930509399991,"MTND2P28",-0.548735424468296,0.00641862267608461
"ENSG00000226887","ERVMER34-1",1.60494160294582,3.38463525092021e-11,"ERVMER34-1",1.77155919784994,2.08055617123025e-10
"ENSG00000226950","DANCR",0.0782337900251999,0.511414667576823,"DANCR",0.0129981852549422,0.936498503933124
"ENSG00000227234","SPANXB1",1.72002868535143,2.35632925811646e-05,"SPANXB1",1.75044867798018,2.01917396590151e-05
"ENSG00000228434",NA,0.539749219872337,0.0498473471438545,NA,0.372128085855204,0.130676681315773
"ENSG00000229344","MTCO2P12",1.33849268242079,8.27119091095506e-06,"MTCO2P12",0.490870914776957,0.0447776724976361
"ENSG00000230124","ACBD6",-0.434495682356228,0.000226667787288399,"ACBD6",-0.45489155732187,6.41771018713789e-05
"ENSG00000231290","APCDD1L-DT",-0.627832256735705,0.000129217156783615,"APCDD1L-DT",-0.578498025281857,0.000204357302477704
"ENSG00000231638","LUARIS",2.90861460530253,1.2117036642335e-05,"LUARIS",0.958309352829313,0.0139302663721657
"ENSG00000231666","LINC01704",0.832646776235013,0.00535973440264201,"LINC01704",0.673082108454379,0.0143150468166972
"ENSG00000231925","TAPBP",0.256104539383385,0.0100559825864969,"TAPBP",-0.102904204417943,0.382513954591936
"ENSG00000233237","LINC00472",-0.177683744611142,0.465329215082799,"LINC00472",0.300173341068661,0.132660467744582
"ENSG00000233452","STXBP5-AS1",-0.760802785477942,0.00532355460622962,"STXBP5-AS1",-0.388772644322067,0.0902222100789923
"ENSG00000233901","LINC01503",-0.0953819768347307,0.776430368174397,"LINC01503",0.0844718357558508,0.755727742391012
"ENSG00000236824","BCYRN1",-0.272913166756699,0.190728745268394,"BCYRN1",0.289171661134253,0.116648942988391
"ENSG00000237649","KIFC1",-0.708091991335689,4.57545428996594e-07,"KIFC1",-0.175709974389471,0.234852500902399
"ENSG00000237686","SCIRT",0.408580641243387,0.157019918844235,"SCIRT",0.695250788101708,0.0235650724428675
"ENSG00000237807","LINC02984",1.54623374731663,3.69955204936446e-06,"LINC02984",2.15037526198966,1.39812900804743e-09
"ENSG00000237819","CDK6-AS1",-0.749429910767719,0.0138077028909552,"CDK6-AS1",-1.53006190017037,0.000699387378928656
"ENSG00000238227","TMEM250",-0.0381346913959581,0.810877856262669,"TMEM250",0.429768027415876,1.49377172705303e-05
"ENSG00000239887","C1orf226",-0.174206743775239,0.47465499004925,"C1orf226",0.210228917110819,0.348321405967089
"ENSG00000240891","PLCXD2",2.06659738954132,2.28141301692409e-13,"PLCXD2",1.36087953714841,3.11746021616903e-07
"ENSG00000241749",NA,1.20026946477858,1.90810696337624e-05,NA,1.90638639665598,1.71816651137272e-12
"ENSG00000242147","LINC02677",0.563996432154532,0.0123242067228676,"LINC02677",0.385411787082884,0.0544137786853741
"ENSG00000243225",NA,3.12175744272372,2.84092340993597e-06,NA,0.475532688807183,0.10372809043018
"ENSG00000244128","LINC01322",3.45200136885827,2.47643792509148e-07,"LINC01322",1.95425094457579,0.000867612691856026
"ENSG00000244509","APOBEC3C",1.56520978067696,3.43083148921484e-58,"APOBEC3C",1.33402172378428,4.6085150718465e-42
"ENSG00000244879",NA,0.182668809404604,0.326976193531579,NA,0.0105454050118614,0.963810247745516
"ENSG00000248323","LUCAT1",0.877260825063506,0.000175729177783833,"LUCAT1",0.734070227376855,0.00140108638825689
"ENSG00000248527","MTATP6P1",0.0809179654883645,0.71317443918594,"MTATP6P1",0.363421761692713,0.0207619379132754
"ENSG00000248690","HAS2-AS1",0.487301039122602,0.0717212427236515,"HAS2-AS1",0.733259227601576,0.00354998188222408
"ENSG00000250697","LOC124900637",-0.279665996835646,0.240687436952767,"LOC124900637",-0.352500046851809,0.110079246951994
"ENSG00000251194",NA,0.0102252988291274,0.987627230292304,NA,-0.182583518228636,0.417450774903618
"ENSG00000251493","FOXD1",-0.697823677553249,2.70281845053175e-07,"FOXD1",-0.030216749617973,0.889222998781167
"ENSG00000251562",NA,0.0436325920352149,0.883476789412871,NA,-0.162850965067702,0.422431901596813
"ENSG00000253276","CCDC71L",0.210724971775913,0.168641557494872,"CCDC71L",0.0216696092541945,0.926580119779676
"ENSG00000254505","CHMP4A",0.191909062054459,0.333354023381846,"CHMP4A",-0.244237189822984,0.163165378725059
"ENSG00000254536",NA,-0.302099051482082,0.156746385261608,NA,-0.366721000051253,0.0606714574463808
"ENSG00000254911","SCARNA9",-1.02160475530037,7.1883002802812e-05,"SCARNA9",-1.09637488646246,9.73425039529784e-05
"ENSG00000255198",NA,0.787576775964512,2.31215622517304e-10,NA,0.647044316868497,2.20973575187159e-07
"ENSG00000256092","SBNO1-AS1",0.352814241101509,0.130298787862566,"SBNO1-AS1",-0.124550305514669,0.587622067524187
"ENSG00000256268","LINC02454",0.716829866235316,8.46444612187718e-05,"LINC02454",1.04809891173275,5.99163108200146e-08
"ENSG00000257335","MGAM",1.30992871305664,0.00359820891106228,"MGAM",0.154857841126285,0.513773486548216
"ENSG00000257605",NA,0.680832710555943,0.000321923627551963,NA,0.234966965786507,0.19205192606009
"ENSG00000258602","LINC01629",3.09087898813443,1.22894111229572e-05,"LINC01629",2.17253181860552,0.00064780990540872
"ENSG00000259153","MAP3K9-DT",0.67153849722823,2.53531960031781e-05,"MAP3K9-DT",0.832583662107446,6.00378131832878e-06
"ENSG00000259583","ALDH1A3-AS1",-0.0405397972407349,0.874257440502177,"ALDH1A3-AS1",0.0586955697418,0.786673439781238
"ENSG00000260260","SNHG19",0.99709377838774,5.256473048109e-14,"SNHG19",0.787360145392084,3.54269747726095e-09
"ENSG00000261221","ZNF865",0.0439769810244485,0.848610144897966,"ZNF865",-0.0685455041048052,0.728175814679186
"ENSG00000261786",NA,-0.039915703553278,0.908342195728708,NA,-0.151331169917601,0.506095973189365
"ENSG00000263465","SRSF8",-0.178587483870372,0.0799517810261985,"SRSF8",-0.209004947963047,0.0395688249340126
"ENSG00000264230","ANXA8L1",0.193871914931956,0.486160064185599,"ANXA8L1",0.61775637978144,0.0557954045877823
"ENSG00000265241","RBM8A",-0.285595511631008,6.64514716823886e-05,"RBM8A",-0.169903977891691,0.0264436475250654
"ENSG00000265491","RNF115",-0.242677950115601,0.0061237040080807,"RNF115",0.161193966951449,0.0805232784822448
"ENSG00000267106","ZNF561-AS1",0.537166266587256,0.000378326117646949,"ZNF561-AS1",0.324635888503549,0.0297323861284927
"ENSG00000268858",NA,0.117742545073092,0.613251636123015,NA,0.054577675073643,0.826720435198578
"ENSG00000269190","FBXO17",-0.202157489353447,0.347364874984106,"FBXO17",-0.381467977118571,0.0396742548103406
"ENSG00000269729","LOC105372424",3.14606224328521,1.41314151943122e-26,"LOC105372424",2.82638123269849,1.34782804632292e-27
"ENSG00000269927",NA,1.58740412901403,6.20757604164689e-12,NA,0.989074668965306,8.81660337802444e-06
"ENSG00000271614","ATP2B1-AS1",0.166929072259406,0.528879475346809,"ATP2B1-AS1",-0.0821428698642302,0.74602924648571
"ENSG00000272894",NA,0.621030535584692,0.0575924255208537,NA,0.75203210332149,0.0256141569558163
"ENSG00000273033","LINC02035",-0.48482729082648,0.0406440838110987,"LINC02035",-0.149532731555647,0.488376572110364
"ENSG00000273199",NA,4.10825604136036,6.67149470723855e-35,NA,2.20842298728857,2.81811215950995e-11
"ENSG00000273706","LHX1",0.471213295899346,0.00905017400317306,"LHX1",0.023098221438605,0.931949227923294
"ENSG00000274428","LOC124904634",-0.302171888904948,0.164520577166,"LOC124904634",0.159198301644248,0.445887973700748
"ENSG00000275291","RNVU1-26",-0.244336105756948,0.238650525679986,"RNVU1-26",0.358086008848394,0.0540978155805155
"ENSG00000276234","TADA2A",-0.668142172711787,2.88799574775572e-16,"TADA2A",-0.25880022678876,0.00111070710431335
"ENSG00000279806",NA,0.465680682867572,0.138952433906057,NA,1.46173950150774,0.00418088158080605
"ENSG00000279838",NA,-0.193331993723549,0.460011412639175,NA,-0.518826952549868,0.0340439544664964
"ENSG00000280132",NA,0.385414165850396,0.0706371537267077,NA,0.281593013440108,0.147186782501179
"ENSG00000285906","LOC102723663",0.0539045826719659,0.871964885871143,"LOC102723663",0.0841067359139467,0.745905403194778
"ENSG00000286156",NA,0.14508280722115,0.480394500976622,NA,-0.0914238184760163,0.655137362473691
"ENSG00000287902",NA,1.02047812793129,0.0157488507002992,NA,-0.0389749714168416,0.891924519355433
"ENSG00000287929",NA,-0.108974380598244,0.711493616803389,NA,-0.183893660966661,0.419308977060358
"ENSG00000289021",NA,0.663333562908312,0.0151763551337992,NA,0.058572953589024,0.834719025113985
"ENSG00000289194",NA,-0.526677038363376,2.39018652773594e-07,NA,-0.0392269569827112,0.807022751057869
"ENSG00000289437",NA,0.487312796358684,0.0423085363309609,NA,0.18176800015627,0.401740603231991
"ENSG00000289852",NA,-0.274503598831184,0.324635132371725,NA,-0.0998129094996396,0.699122587280558
