"ENSEMBL","SYMBOL","log2FoldChange","padj"
"ENSG00000000971","CFH",0.808702082200418,0.0322732451074321
"ENSG00000001167","NFYA",0.279370324269031,0.0193281529718798
"ENSG00000003056","M6PR",0.277361462723127,1.56426823133389e-05
"ENSG00000003400","CASP10",0.530893953729567,0.0317970210958588
"ENSG00000003509","NDUFAF7",0.276336982036869,0.0363241880209753
"ENSG00000003989","SLC7A2",0.371575477293983,0.0439431741212866
"ENSG00000005007","UPF1",0.233169221991205,0.030560093125342
"ENSG00000005206","SPPL2B",0.586214867797903,0.000412475761615454
"ENSG00000005302","MSL3",0.208328534908079,0.0190913925806523
"ENSG00000005436","GCFC2",0.328415727034202,0.00391430102566102
"ENSG00000005469","CROT",0.401315677864662,0.00353657732642678
"ENSG00000005801","ZNF195",0.734707908953817,4.58680362426924e-13
"ENSG00000006025","OSBPL7",0.399838963885808,0.0340654914654716
"ENSG00000006042","TMEM98",0.748773438300028,4.96579810412427e-06
"ENSG00000006194","ZNF263",0.266775876299241,0.0173358264735662
"ENSG00000006534","ALDH3B1",0.346022673543826,0.0291844406913327
"ENSG00000006756","ARSD",0.490928581139959,0.00294531283252822
"ENSG00000007047","MARK4",0.328552928784061,0.0158668969670315
"ENSG00000007080","CCDC124",0.411678047502169,0.000650164954908187
"ENSG00000008056","SYN1",1.48330149605122,0.00403309697423777
"ENSG00000008130","NADK",0.352725436140444,0.00871593712058113
"ENSG00000008853","RHOBTB2",0.626150013209532,1.26991061377929e-05
"ENSG00000009950","MLXIPL",1.7270683038604,0.00186077732495252
"ENSG00000010072","SPRTN",0.288123323627507,0.021853586782856
"ENSG00000010165","METTL13",0.190801602441284,0.0260972012471475
"ENSG00000010295","IFFO1",0.597943738811235,1.25296342134343e-06
"ENSG00000010539","ZNF200",0.499169625717753,0.000516251743703982
"ENSG00000012822","CALCOCO1",0.920570152319059,0.000108996604335602
"ENSG00000013288","MAN2B2",0.504626013831404,0.000941147496317809
"ENSG00000013392","RWDD2A",0.604296436035124,0.013712220332217
"ENSG00000013563","DNASE1L1",0.329131563851425,0.0159276937339714
"ENSG00000014257","ACP3",0.721497620185252,0.0444615481873725
"ENSG00000019582","CD74",0.638565423279816,0.0355224473991401
"ENSG00000019995","ZRANB1",0.261450120676338,0.00204757935216928
"ENSG00000022277","RTF2",0.217646130830966,2.65693784595172e-05
"ENSG00000023191","RNH1",0.210315644079525,0.0110242838508341
"ENSG00000023697","DERA",0.392235339050664,0.000967833727016566
"ENSG00000023734","STRAP",0.149761197409257,0.0335300839187702
"ENSG00000023839","ABCC2",0.557399135950988,0.0432503887940267
"ENSG00000025039","RRAGD",0.786614404355502,0.00437120258505375
"ENSG00000026950","BTN3A1",0.390303803192672,0.0433422844931195
"ENSG00000027697","IFNGR1",0.438295692575074,0.0196358658962655
"ENSG00000027847","B4GALT7",0.227617329460423,0.0406492873076721
"ENSG00000033050","ABCF2",0.216082484614463,0.00561636905646506
"ENSG00000037757","MRI1",0.217544041314077,0.0243434698847482
"ENSG00000039139","DNAH5",0.619259485991291,0.0311772294289906
"ENSG00000041357","PSMA4",0.252774926137362,0.00161436077525567
"ENSG00000041988","THAP3",0.301169568587598,0.0204898638156282
"ENSG00000042317","SPATA7",1.10098132492099,4.78712445180603e-06
"ENSG00000049769","PPP1R3F",0.815187230899694,0.0212113276451057
"ENSG00000050327","ARHGEF5",0.946749239402295,2.77131950216078e-05
"ENSG00000050426","LETMD1",0.434544269971496,0.00560866657495184
"ENSG00000050820","BCAR1",0.336530582078079,0.00778524766724747
"ENSG00000051009","FHIP1B",0.336428202021666,0.0266161488109912
"ENSG00000053524","MCF2L2",1.34710115755736,0.00176435165754239
"ENSG00000054277","OPN3",0.372746438437892,0.0343208983587446
"ENSG00000060558","GNA15",1.3651414006505,0.00193515463707621
"ENSG00000060971","ACAA1",0.339323820237149,0.00163736664294078
"ENSG00000062282","DGAT2",0.328159328520109,0.0415294599052345
"ENSG00000063169","BICRA",0.407066311929114,0.0406546758800964
"ENSG00000063322","MED29",0.235077455276654,0.0283870544765235
"ENSG00000064195","DLX3",1.934862837316,3.97595925849647e-05
"ENSG00000064547","LPAR2",0.665235672508162,0.0406845199336256
"ENSG00000065054","NHERF2",0.429249897950819,9.369043434338e-06
"ENSG00000065970","FOXJ2",0.240325028305169,0.0295518355489003
"ENSG00000066248","NGEF",0.915868739982142,0.0105560234400678
"ENSG00000066322","ELOVL1",0.306511317651048,0.00795120906933819
"ENSG00000067208","EVI5",0.4179427101023,0.00075290661221226
"ENSG00000067601",NA,0.542284616347483,0.0218655928673306
"ENSG00000067829","IDH3G",0.388956068008585,7.93707198699318e-05
"ENSG00000068079","IFI35",0.597704727447135,0.000404243362018769
"ENSG00000068383","INPP5A",0.280766125377954,0.0219013767119138
"ENSG00000068697","LAPTM4A",0.237250376546007,0.00294128718208215
"ENSG00000068976","PYGM",1.15367319139804,0.00918303567281973
"ENSG00000069431","ABCC9",0.802068874595506,0.0227238738665117
"ENSG00000069509","FUNDC1",0.337822191951344,0.00178792669334219
"ENSG00000069667","RORA",1.23364435279122,1.58333138146159e-05
"ENSG00000070010","UFD1",0.26519360770128,0.000234628121674843
"ENSG00000070444","MNT",0.447733868434851,7.35976308843778e-05
"ENSG00000070526","ST6GALNAC1",0.747710280271036,0.0389145333933477
"ENSG00000071967","CYBRD1",0.30028320859186,0.0272069707142147
"ENSG00000072062","PRKACA",0.292703851950683,0.0106418703835439
"ENSG00000072121","ZFYVE26",0.576738757437056,0.000302820617275822
"ENSG00000072134","EPN2",0.291558480660535,0.0111285638039155
"ENSG00000072135","PTPN18",0.319886144866809,0.00208422033254139
"ENSG00000072506","HSD17B10",0.245832117117006,0.00383884897247367
"ENSG00000072786","STK10",0.25054110826703,0.0499806797953335
"ENSG00000072849","DERL2",0.186387480928779,0.0331296625616172
"ENSG00000073150","PANX2",0.752638460728777,0.00065932153134403
"ENSG00000073464","CLCN4",0.915254236808924,1.71044766786282e-09
"ENSG00000073614","KDM5A",0.159771319588443,0.0451391217173882
"ENSG00000074356","NCBP3",0.250768164855566,0.00336509166398747
"ENSG00000074582","BCS1L",0.276823729079757,0.0241256762276898
"ENSG00000074966","TXK",1.87909844896794,0.00142200695719188
"ENSG00000075234","TTC38",0.32313235515433,0.0241586941033132
"ENSG00000076924","XAB2",0.716004364209178,1.13613719812678e-05
"ENSG00000076944","STXBP2",0.614686469376645,0.0470299971616267
"ENSG00000077063","CTTNBP2",0.501073164467309,0.0238754757431489
"ENSG00000077348","EXOSC5",0.210189866762057,0.0149863310722913
"ENSG00000077585","GPR137B",0.429478777573612,0.0344982079853932
"ENSG00000078114","NEBL",0.867127464952738,0.0186550729703605
"ENSG00000078237","TIGAR",0.481565840345785,0.00202388461321767
"ENSG00000078487","ZCWPW1",0.583151892175782,0.0167266040600189
"ENSG00000078804","TP53INP2",0.404606997765857,0.0213227715417684
"ENSG00000080031","PTPRH",0.811584886932496,0.0277435120828176
"ENSG00000080189","SLC35C2",0.177811749468429,0.0436117543641496
"ENSG00000080854","IGSF9B",0.549033469449329,0.0476154886316117
"ENSG00000081386","ZNF510",0.414173412055924,0.0274659563486421
"ENSG00000082213","C5orf22",0.358171893514889,0.00164041963481509
"ENSG00000082781","ITGB5",0.2364817471938,0.0447305199717965
"ENSG00000083812","ZNF324",0.47160079451971,0.00361529878742962
"ENSG00000083817","ZNF416",1.17020221051797,6.44225647914943e-07
"ENSG00000083838","ZNF446",0.380068310884236,0.0296089264909429
"ENSG00000084072","PPIE",0.292304756403966,0.00576041675213497
"ENSG00000084092","NOA1",0.412687178917549,8.48233232782864e-06
"ENSG00000084463","WBP11",0.25923749050126,0.00391777668867619
"ENSG00000084693","AGBL5",0.348064120172625,0.00057788946565365
"ENSG00000084764","MAPRE3",0.469357746389539,0.00332586017448516
"ENSG00000085117","CD82",0.806151792817833,1.93186008786842e-08
"ENSG00000085644","ZNF213",0.536698969278136,0.000626942224449091
"ENSG00000085662","AKR1B1",0.382876090852634,7.10511315557571e-09
"ENSG00000086289","EPDR1",0.307845735185133,0.000812238990287349
"ENSG00000086544","ITPKC",1.00475320624223,3.2281435760254e-07
"ENSG00000086598","TMED2",0.196752642539763,0.0281575585493772
"ENSG00000086696","HSD17B2",0.928609708483846,0.000530736997690261
"ENSG00000087085","ACHE",2.26340210091327,0.000488903392591308
"ENSG00000087086","FTL",0.410201001121239,0.000517297680721084
"ENSG00000087302","RTRAF",0.239476616056034,0.011127831159466
"ENSG00000087495","PHACTR3",1.89142486685987,0.000902637078878891
"ENSG00000087884","AAMDC",0.329042014265571,0.0256252109358001
"ENSG00000087903","RFX2",0.58012277791033,0.000541024882908022
"ENSG00000088298","EDEM2",0.414486420897422,0.0134917264567139
"ENSG00000088356","PDRG1",0.293980489250848,0.00620851961222126
"ENSG00000089199","CHGB",0.855745411632632,0.0240329385787154
"ENSG00000089220","PEBP1",0.194169491175424,0.0034546964098059
"ENSG00000089289","IGBP1",0.226276794076368,0.018607963873235
"ENSG00000089335","ZNF302",0.34191954453788,0.0341000635145046
"ENSG00000089916","GPATCH2L",0.28109696085511,0.00426025911735087
"ENSG00000090266","NDUFB2",0.406334115814763,1.6070152960941e-05
"ENSG00000090581","GNPTG",0.434775276313497,0.00261737162280098
"ENSG00000092330","TINF2",0.270839250369112,0.0399021824611233
"ENSG00000095066","HOOK2",0.611882703136005,0.00089945712686539
"ENSG00000095203","EPB41L4B",0.74412342610069,1.34482634028356e-05
"ENSG00000095303","PTGS1",1.40638340497529,0.00238590688986331
"ENSG00000095321","CRAT",0.398100470178654,0.00887411085756539
"ENSG00000095397","WHRN",1.50739602170712,3.39875824467986e-05
"ENSG00000095637","SORBS1",0.767028476143416,0.0238754757431489
"ENSG00000095794","CREM",0.685482906994468,1.07249845113929e-08
"ENSG00000096070","BRPF3",0.374730339789761,0.0117361755639102
"ENSG00000096401","CDC5L",0.158260936076054,0.0325652534034536
"ENSG00000099290","WASHC2A",0.512846961550195,2.3149226156586e-05
"ENSG00000099785","MARCHF2",0.870260269534741,6.40370633006775e-05
"ENSG00000099822","HCN2",0.666297321450214,0.0167715690222732
"ENSG00000099860","GADD45B",0.40332210521816,0.0138247895355534
"ENSG00000099940","SNAP29",0.211763539227222,0.0033035757154043
"ENSG00000099949","LZTR1",0.282022908964981,0.0352209273790418
"ENSG00000100060","MFNG",0.893080535450699,0.0235210236715208
"ENSG00000100116","GCAT",0.365598042849579,0.0451391217173882
"ENSG00000100196","KDELR3",0.412018019332513,0.014740153714016
"ENSG00000100226","GTPBP1",0.259265331253548,0.0329861536846486
"ENSG00000100243","CYB5R3",0.211695061642421,0.00399179796537028
"ENSG00000100246","DNAL4",0.773330421133246,1.74077770895807e-06
"ENSG00000100294","MCAT",0.575354149231873,9.20758989732381e-07
"ENSG00000100353","EIF3D",0.168126665862793,0.0153336316651559
"ENSG00000100376","FAM118A",0.357203676861038,0.0202368400908128
"ENSG00000100554","ATP6V1D",0.316693528854604,0.000566071639324725
"ENSG00000100564","PIGH",0.377083001472028,0.0296440461360964
"ENSG00000100583","SAMD15",0.941092459838373,0.000610560869216523
"ENSG00000100739","BDKRB1",1.0119744444466,1.55182437927645e-05
"ENSG00000100883","SRP54",0.207916635145925,0.00497132854313944
"ENSG00000100911","PSME2",0.597974402124669,3.52407105617148e-08
"ENSG00000101084","RAB5IF",0.249524231661258,0.0277346342040094
"ENSG00000101160","CTSZ",0.54265016933265,0.0016347039358194
"ENSG00000101181","MTG2",0.275876794540908,0.00328462750907502
"ENSG00000101191","DIDO1",0.384156224962309,0.000247483834905453
"ENSG00000101199","ARFGAP1",0.307797206235378,0.0067932453456811
"ENSG00000101294","HM13",0.182745771590126,0.030867295100546
"ENSG00000101343","CRNKL1",0.300667205616021,0.000254202772934832
"ENSG00000101350","KIF3B",0.222998663579747,0.0136183682199319
"ENSG00000101460","MAP1LC3A",2.7014940973326,5.50660247373898e-05
"ENSG00000101605","MYOM1",1.25035352691875,0.00785364585651153
"ENSG00000101654","RNMT",0.291036711456887,0.00025618266587185
"ENSG00000101665","SMAD7",0.584365564944345,0.00443377826723294
"ENSG00000101782","RIOK3",0.547300676547829,2.04290418945167e-09
"ENSG00000101977","MCF2",1.39614543136814,0.000395285474902991
"ENSG00000102096","PIM2",0.998413347349487,3.3427564241851e-05
"ENSG00000102100","SLC35A2",0.369803299952261,0.000456704286509055
"ENSG00000102103","PQBP1",0.244249182185808,0.0328789850726881
"ENSG00000102226","USP11",0.366630395122008,5.28932735919291e-05
"ENSG00000102287","GABRE",0.5501902994578,0.0255965181944655
"ENSG00000102316","MAGED2",0.285132887836168,0.012766576587388
"ENSG00000102543","CDADC1",0.378904506835577,0.0256369230996941
"ENSG00000102575","ACP5",0.644141180938585,0.0491427971847314
"ENSG00000102934","PLLP",1.09983662650893,0.00345748979663189
"ENSG00000102984","ZNF821",0.720427937322459,0.00787375040448163
"ENSG00000103042","SLC38A7",0.411011012438186,0.00961737064980292
"ENSG00000103061","SLC7A6OS",0.422225366980875,7.60582342718119e-06
"ENSG00000103351","CLUAP1",0.221754841884775,0.0336649172245181
"ENSG00000103490","PYCARD",0.891533014353134,0.0137661478910894
"ENSG00000103522","IL21R",0.543659840924299,0.0235984567650587
"ENSG00000103550","KNOP1",0.270510754683093,4.2189177993237e-06
"ENSG00000103811","CTSH",0.926430287636763,7.57911823413972e-06
"ENSG00000103876","FAH",0.307893787246486,0.0048943776774895
"ENSG00000104055","TGM5",0.814278096993971,0.0196834920054928
"ENSG00000104140","RHOV",1.36740818734855,2.8260194821439e-05
"ENSG00000104142","VPS18",0.757763279509462,1.44814364176314e-08
"ENSG00000104221","BRF2",0.402757253940128,0.0114718579520506
"ENSG00000104228","TRIM35",0.908027230132133,2.48764977567221e-10
"ENSG00000104689","TNFRSF10A",1.66600533554105,0.0017885648905081
"ENSG00000104823","ECH1",0.478853753102981,1.72500761618508e-05
"ENSG00000104825","NFKBIB",0.544876753528818,4.52998866348425e-08
"ENSG00000104880","ARHGEF18",0.512154015517754,0.000105190820606175
"ENSG00000104885","DOT1L",0.281223705759854,0.0468110836482784
"ENSG00000104979","C19orf53",0.312358384362054,3.39514721468907e-05
"ENSG00000105085","MED26",0.422835238658907,0.00861685499466075
"ENSG00000105171","POP4",0.24192824077566,0.0160546766425344
"ENSG00000105219","CCNP",0.980765209037461,0.0175697152521974
"ENSG00000105223","PLD3",0.480822149447829,0.0058931528186075
"ENSG00000105229","PIAS4",0.372884661403317,0.00184322877028228
"ENSG00000105329","TGFB1",0.644853651222875,0.000199380542779856
"ENSG00000105355","PLIN3",0.220768829247645,0.0321865987255383
"ENSG00000105372","RPS19",0.207006741499235,0.0431795746026358
"ENSG00000105379","ETFB",0.321695125108151,0.000513184427967946
"ENSG00000105401","CDC37",0.198408164732994,0.0105641540185872
"ENSG00000105438","KDELR1",0.267135487135454,0.00402971945512133
"ENSG00000105518","TMEM205",0.325831833427473,0.0424709740714073
"ENSG00000105520","PLPPR2",1.10845504425167,2.24192171573768e-09
"ENSG00000105612","DNASE2",0.783071514037048,0.000121360897161877
"ENSG00000105643","ARRDC2",0.73885207914896,7.76163950043767e-05
"ENSG00000105662","CRTC1",0.512418195981021,0.0268488760528653
"ENSG00000105669","COPE",0.40190602235143,0.000353816601120104
"ENSG00000105672","ETV2",0.881596600922168,0.0042062721756224
"ENSG00000105708","ZNF14",0.559021666551758,0.042826169898363
"ENSG00000105732","ZNF574",0.755102818343849,1.95897246111664e-08
"ENSG00000105875","WDR91",0.495702399500006,0.014008828183395
"ENSG00000105880","DLX5",0.708018239437085,0.0373164785918803
"ENSG00000105928","GSDME",0.291556183013485,0.00736457179299143
"ENSG00000105991","HOXA1",0.878452454062309,0.000777790291628247
"ENSG00000106080","FKBP14",0.299733062026081,0.000615970770425137
"ENSG00000106133",NA,0.610130030129453,0.00946954696627166
"ENSG00000106211","HSPB1",0.409578345884776,0.0474458420911199
"ENSG00000106245","BUD31",0.255784450979262,0.0102896630761724
"ENSG00000106258","CYP3A5",0.734527638294166,0.0431960844280986
"ENSG00000106268","NUDT1",0.344024948271609,0.00101326180391031
"ENSG00000106299","WASL",0.209641769036297,0.0199482009513661
"ENSG00000106351","AGFG2",0.358866615766053,0.0393626148161713
"ENSG00000106367","AP1S1",0.471338463540205,0.00319660928977636
"ENSG00000106636","YKT6",0.246247564385914,0.00400901341963111
"ENSG00000106638","TBL2",0.342050517928224,0.00921031922797661
"ENSG00000106799","TGFBR1",0.236494169133541,0.0465970743503826
"ENSG00000106993","CDC37L1",0.288484512484601,0.00769579771784087
"ENSG00000107223","EDF1",0.18486931067354,0.00752130351781649
"ENSG00000107262","BAG1",0.664556982838748,2.41703796755681e-13
"ENSG00000107362","ABHD17B",0.241489500245075,0.0322493504499254
"ENSG00000107485","GATA3",0.597516823796067,2.47275678160739e-06
"ENSG00000107738","VSIR",2.01089978277428,9.70052707593921e-13
"ENSG00000107798","LIPA",0.28019463077403,0.0285627004952556
"ENSG00000107815","TWNK",0.294851384884375,0.00187477239666998
"ENSG00000108061","SHOC2",0.206520493926486,0.00855475562075612
"ENSG00000108309","RUNDC3A",0.903143838075021,0.0234801043292244
"ENSG00000108342","CSF3",2.53797302431106,0.000104794156141242
"ENSG00000108387","SEPTIN4",0.774371304382443,0.0369511364110999
"ENSG00000108523","RNF167",0.269588263056789,0.0226671962544756
"ENSG00000108588","CCDC47",0.387438441121185,1.47255713612742e-06
"ENSG00000108733","PEX12",0.420539141338861,0.00745127698618478
"ENSG00000108821","COL1A1",0.835880342735023,0.00244050198715675
"ENSG00000108828","VAT1",0.470328240160002,1.1508322790501e-05
"ENSG00000109016","DHRS7B",0.559958212716408,3.31597243663647e-05
"ENSG00000109083","IFT20",0.287139028112495,0.0337227164975294
"ENSG00000109111","SUPT6H",0.3389036002718,0.00570075913518284
"ENSG00000109472","CPE",0.644448968937601,0.000452064508990635
"ENSG00000109519","GRPEL1",0.236934229246867,0.00199406109944638
"ENSG00000109576","AADAT",0.547220003692954,0.00648151197952409
"ENSG00000109670","FBXW7",0.291798456898459,0.000273830589939607
"ENSG00000109917","ZPR1",0.516706144609236,1.18540438742288e-11
"ENSG00000110031","LPXN",0.563078818199059,0.000529401517747372
"ENSG00000110042","DTX4",0.426610581344036,0.0220486924607599
"ENSG00000110060","PUS3",0.209613225115103,0.0240497904302703
"ENSG00000110104","CCDC86",0.341637583194304,0.00804848461115667
"ENSG00000110203","FOLR3",0.823730197246468,0.0283317071732175
"ENSG00000110315","RNF141",0.234624502893247,0.0364862049525739
"ENSG00000110318","CEP126",0.387635533776152,0.0127205748551989
"ENSG00000110330","BIRC2",0.25347521425123,0.0255965181944655
"ENSG00000110628","SLC67A1",0.508906247480447,0.0353850451553488
"ENSG00000110756","HPS5",0.302950488909944,0.00381257437286394
"ENSG00000110917","MLEC",0.175011542652149,0.0307135576061825
"ENSG00000111266","DUSP16",0.412151890967106,0.0154709261197656
"ENSG00000111321","LTBR",0.443004184989729,4.67410625230558e-05
"ENSG00000111424","VDR",0.610217284959372,0.000290895393696546
"ENSG00000111653","ING4",0.40501678618142,0.0326845710397533
"ENSG00000111670","GNPTAB",0.369352652766339,0.00165592981772284
"ENSG00000111678","C12orf57",0.287400808546292,0.0283803752518882
"ENSG00000111711","GOLT1B",0.25625311370354,0.0248306884188978
"ENSG00000111725","PRKAB1",0.538791960994482,0.000182330349124121
"ENSG00000111775","COX6A1",0.304896250632701,0.00495662480583396
"ENSG00000111790","FGFR1OP2",0.237908059812867,0.0222942630146159
"ENSG00000111897","SERINC1",0.426952410802589,9.13606081448405e-05
"ENSG00000111913","RIPOR2",0.867976044788333,0.0263850609715324
"ENSG00000112096",NA,0.605746241298692,0.000146354416320345
"ENSG00000112110","MRPL18",0.246298024808529,0.00447745215789775
"ENSG00000112130","RNF8",0.322466953402914,1.78519530911637e-05
"ENSG00000112276","POPDC1",0.621067326241413,0.00667221783488541
"ENSG00000112282","MED23",0.28596757512663,0.0300815512143088
"ENSG00000112299","VNN1",0.716213078912807,0.0444865961551482
"ENSG00000112343","TRIM38",0.317231102192587,0.00131441161499257
"ENSG00000112559","MDFI",0.506515087767055,0.0235341534419189
"ENSG00000112599","GUCA1B",1.90848811946467,0.00029899462693453
"ENSG00000112763","BTN2A1",0.515729318231507,0.00014452855681151
"ENSG00000112787","FBRSL1",0.327236816714044,0.0057496633509805
"ENSG00000112852","PCDHB2",1.88901841926136,0.000532632134124931
"ENSG00000113312","TTC1",0.17177925721954,0.031963384474536
"ENSG00000113328","CCNG1",0.469493805600658,2.91189707407735e-05
"ENSG00000113369","ARRDC3",0.482201834529348,0.023666868878316
"ENSG00000113621","TXNDC15",0.311856310397105,0.00241592387946703
"ENSG00000113812","ACTR8",0.280230246680912,0.0029092481720604
"ENSG00000113851","CRBN",0.387529410634323,0.00153972121135171
"ENSG00000114125","RNF7",0.294238063627452,0.0013046324061287
"ENSG00000114270","COL7A1",0.511227022799018,0.0438290466545443
"ENSG00000114383","TUSC2",0.426353069297162,1.99708258676769e-07
"ENSG00000114388","NPRL2",0.293439356023555,0.0486064198268634
"ENSG00000114395","CYB561D2",0.245513300056643,0.0478573328813224
"ENSG00000114503","NCBP2",0.517901309115774,6.88007270950428e-22
"ENSG00000114648","KLHL18",0.225170702955074,0.0308138350190523
"ENSG00000115020","PIKFYVE",0.306557050279556,0.00505681900298155
"ENSG00000115112","TFCP2L1",1.18521863453114,0.00174186844037535
"ENSG00000115145","STAM2",0.340822833235452,0.00207550269191811
"ENSG00000115255","REEP6",0.851642516865652,0.00701268227848359
"ENSG00000115317","HTRA2",0.278012232139818,0.00669406766319458
"ENSG00000115414","FN1",0.620125060901113,0.000398519893547617
"ENSG00000115486","GGCX",0.233877749780343,0.0194598885921484
"ENSG00000115568","ZNF142",0.315581495903097,0.0250349648268971
"ENSG00000115806","GORASP2",0.254317142197523,0.00523418351065548
"ENSG00000115977","AAK1",0.277025507546433,0.0134917264567139
"ENSG00000116698","SMG7",0.422723000826668,0.000312297228058468
"ENSG00000116752","BCAS2",0.482493291000545,3.94808577948478e-08
"ENSG00000116922","AIRIM",0.280763507805278,0.0353517783319732
"ENSG00000116977","LGALS8",0.300964502351521,0.00294989692639575
"ENSG00000117010","ZNF684",0.399534630156888,0.0350490816419653
"ENSG00000117222","RBBP5",0.248562300188714,0.00581745452888583
"ENSG00000117242","PINK1-AS",0.500257660022873,0.0200779412102241
"ENSG00000117305","HMGCL",0.936326861001253,1.75437654433132e-05
"ENSG00000117533","VAMP4",0.322811317566015,0.0405181280212519
"ENSG00000117597","UTP25",0.272949574771688,0.0123424520921259
"ENSG00000117616","RSRP1",0.372470428638017,0.019358448938499
"ENSG00000117859","OSBPL9",0.224380384994333,0.0445201879345762
"ENSG00000117984","CTSD",0.417349208482406,0.000382674359914401
"ENSG00000118137","APOA1",1.22250209167851,0.0019575681830759
"ENSG00000118402","ELOVL4",1.10296510814486,3.95444160845009e-10
"ENSG00000118508","RAB32",0.327084766667053,0.00770901965785526
"ENSG00000118515","SGK1",0.476848899045034,0.000591345660306244
"ENSG00000118620","ZNF430",0.474352980746422,0.000156314734014957
"ENSG00000119242","CCDC92",1.10943785763618,6.20369502170963e-07
"ENSG00000119431","HDHD3",0.414603629151425,0.0484958330352355
"ENSG00000119446","RBM18",0.31188660079662,0.00389795596860024
"ENSG00000119514","GALNT12",1.15656180900486,0.00393443184215949
"ENSG00000119523","ALG2",0.296135982855964,0.00504798433572473
"ENSG00000119632","IFI27L2",0.564328728885147,9.87937797893225e-06
"ENSG00000119723","COQ6",0.390473979976022,0.00151691075671797
"ENSG00000119812","FAM98A",0.235903024853405,0.0380877840886168
"ENSG00000119950","MXI1",0.489965764986506,3.09190998167293e-05
"ENSG00000120149","MSX2",0.638474982232808,0.0111179077282506
"ENSG00000120278","PLEKHG1",0.94135067165787,0.00674945044642561
"ENSG00000120509","PDZD11",0.216005410317587,0.0232614724356179
"ENSG00000120616","EPC1",0.215821276204176,0.00199192955789065
"ENSG00000120738","EGR1",1.05779664460639,0.00306602310219635
"ENSG00000121068","TBX2",1.00739052996685,5.8830936075653e-05
"ENSG00000121406","ZNF549",0.39781556496982,0.0457787584101105
"ENSG00000121577","POPDC2",0.756678322250938,0.0381659574196396
"ENSG00000121578","B4GALT4",0.404376757876471,0.00515126095964785
"ENSG00000121743","GJA3",0.699060782240141,0.0394764469614623
"ENSG00000121900","TMEM54",0.386926745722967,0.000273186698843839
"ENSG00000121903","ZSCAN20",0.737722966245919,0.00204757935216928
"ENSG00000121931","LRIF1",0.219017178888168,0.0157567320308425
"ENSG00000122203","KIAA1191",0.240285775686292,0.00204757935216928
"ENSG00000122390","NAA60",0.360214022563566,8.95830444636647e-05
"ENSG00000122482","ZNF644",0.167936188163222,0.0468588708672159
"ENSG00000122484","RPAP2",0.279380547623838,0.0224938330705188
"ENSG00000122547","EEPD1",0.857645564371435,0.000764919883801015
"ENSG00000122592","HOXA7",1.18749738084281,0.000644075573505832
"ENSG00000122729","ACO1",0.250349637075026,0.00526015599257518
"ENSG00000123144","TRIR",0.208596438183467,0.00977165684264246
"ENSG00000123240","OPTN",0.45868189504043,0.000471642513694236
"ENSG00000123342","MMP19",1.10173564137031,0.0121901199978736
"ENSG00000123395","ATG101",0.339076026913003,0.0100813933984839
"ENSG00000123427","EEF1AKMT3",0.433788450160496,0.0453876854115139
"ENSG00000123610","TNFAIP6",0.692069399467238,0.0413537813898542
"ENSG00000123643","SLC36A1",0.364765640425387,0.0168519384513636
"ENSG00000123992","DNPEP",0.20843509386401,0.0438495595180708
"ENSG00000124097",NA,0.62047384786923,0.0446518206273052
"ENSG00000124120","TTPAL",0.252406637057336,0.0310797130580222
"ENSG00000124145","SDC4",0.320405410713149,3.27569030830124e-06
"ENSG00000124155","PIGT",0.37115011897431,5.99257371094164e-07
"ENSG00000124171","PARD6B",0.586579493683654,0.00446498906293887
"ENSG00000124201","ZNFX1",0.637135131107211,3.10067475351973e-08
"ENSG00000124216","SNAI1",0.748559736019319,0.000571180318247175
"ENSG00000124243","BCAS4",0.709170541340237,5.82443836354309e-10
"ENSG00000124562","SNRPC",0.237714343049611,1.36622201660062e-05
"ENSG00000124641","MED20",0.245327612479813,0.0290829027828984
"ENSG00000124787","RPP40",0.335939530378689,0.00342002081949073
"ENSG00000125149","PHAF1",0.31369154223912,0.0432814478616483
"ENSG00000125347","IRF1",0.47413495742122,0.00273336895504162
"ENSG00000125351","UPF3B",0.2352059826371,0.0172532421886241
"ENSG00000125352","RNF113A",0.428409772846748,0.00198507579994244
"ENSG00000125388","GRK4",0.448593546331455,0.0134012600883257
"ENSG00000125434","SLC25A35",0.772905524435564,0.00178509806625971
"ENSG00000125462","MIR9-1HG",1.04804426316022,0.0106732327276201
"ENSG00000125484","GTF3C4",0.303273671591137,4.09557889944164e-05
"ENSG00000125534","PPDPF",0.358656769065324,3.65419164268975e-06
"ENSG00000125650","PSPN",0.450036757817293,0.0287883480662725
"ENSG00000125651","GTF2F1",0.282344249167535,0.00680048543818499
"ENSG00000125726","CD70",0.432700601541002,0.0330981463900182
"ENSG00000125772","GPCPD1",0.314807183630709,0.0117346942116082
"ENSG00000125812","GZF1",0.455403179822597,1.11295463995967e-05
"ENSG00000125846","ZNF133",0.386070481897926,0.0290393413298002
"ENSG00000125895","TMEM74B",0.726182888359712,0.0321176426118883
"ENSG00000125898","FAM110A",0.491247820512415,0.00164529796787211
"ENSG00000125910","S1PR4",0.728756996223089,0.0437442682964336
"ENSG00000125945","ZNF436",0.490425722505078,0.0267378164048184
"ENSG00000126062","TMEM115",0.325003612373368,0.00197395550059755
"ENSG00000126247","CAPNS1",0.262406325217277,0.00115832267646534
"ENSG00000126264","HCST",1.28373190323516,0.00497529160961047
"ENSG00000126368","NR1D1",0.483684529964482,0.0208946956381904
"ENSG00000126432","PRDX5",0.259133034157745,0.0152082192278477
"ENSG00000126775","ATG14",0.328320602390431,0.00638902807538832
"ENSG00000126778","SIX1",0.322623200133329,0.0157542637290151
"ENSG00000126870","DYNC2I1",0.294532802583737,0.0330206584181585
"ENSG00000126934","MAP2K2",0.293948101129257,0.0322704245188465
"ENSG00000127415","IDUA",0.964153241685543,0.000200090325221858
"ENSG00000127419","TMEM175",0.532504438857747,0.000827062549991055
"ENSG00000127481","UBR4",0.412792179084149,0.0061237040080807
"ENSG00000127526","SLC35E1",0.18115977442457,0.0421687279505646
"ENSG00000127540","UQCR11",0.257980295007434,0.00794743271927865
"ENSG00000127666","TICAM1",0.595556895048438,0.000160901494273246
"ENSG00000127774","EMC6",0.265340855160351,0.000333882813487809
"ENSG00000127870","RNF6",0.405678206086353,0.000119326184885187
"ENSG00000127946","HIP1",0.456271241222577,9.47528579056028e-05
"ENSG00000127952","STYXL1",0.40096467028206,0.000277974384486708
"ENSG00000127993","RBM48",0.578083531705944,4.09219728131288e-06
"ENSG00000128463","EMC4",0.211545310577985,0.0266623775023577
"ENSG00000128581","IFT22",0.421777941724831,0.000542490271501208
"ENSG00000128591","FLNC",0.548598997377786,0.000759100586893529
"ENSG00000128604","IRF5",1.40948688760944,1.47552653437313e-05
"ENSG00000128891","CCDC32",0.322889462226471,0.0210051185625489
"ENSG00000128915","ICE2",0.266796821907702,0.0123990939421676
"ENSG00000129028","THAP10",0.528982123699262,0.0123068920314595
"ENSG00000129219","PLD2",0.482797275401415,0.0266161488109912
"ENSG00000129226","CD68",0.835949080269696,0.00010197870718538
"ENSG00000129347","KRI1",0.209049774668621,0.0325971373983389
"ENSG00000129450","SIGLEC9",0.777061583483386,0.0366364023752576
"ENSG00000129472","RAB2B",0.281210460408965,0.013611182649867
"ENSG00000129514","FOXA1",0.501112444912384,0.032457288902003
"ENSG00000129518","EAPP",0.506956949939265,3.68958947403851e-07
"ENSG00000129562","DAD1",0.356193428364301,3.75404438706807e-05
"ENSG00000129595","EPB41L4A",1.05887276787958,0.0127805134995601
"ENSG00000129932","DOHH",0.704623709248593,0.000160230042794473
"ENSG00000130175","PRKCSH",0.249510882224249,0.0135705917677594
"ENSG00000130477","UNC13A",1.16176799435781,0.00858692302512955
"ENSG00000130479","MAP1S",0.614247439631705,8.27668205364723e-07
"ENSG00000130544","ZNF557",0.503374603266637,2.08762668511886e-05
"ENSG00000130600","H19",1.79411493209753,0.000881965827308886
"ENSG00000130714","POMT1",0.467971551533745,0.00882438099896992
"ENSG00000130724","CHMP2A",0.250281585007395,0.0218530007095097
"ENSG00000130733","YIPF2",0.276852289853287,0.0159484217591451
"ENSG00000130764","LRRC47",0.20000881316535,0.00776807890467219
"ENSG00000130766","SESN2",0.698038856865715,5.72411828719853e-07
"ENSG00000130768","SMPDL3B",0.689598563420584,0.0340572923927549
"ENSG00000130803","ZNF317",0.86403043730001,4.82463357191641e-11
"ENSG00000131016","AKAP12",0.52823304886003,0.0311127422545997
"ENSG00000131019","ULBP3",0.624317154434551,7.96787041721224e-07
"ENSG00000131043","AAR2",0.423585683807739,4.58619337975527e-06
"ENSG00000131094","C1QL1",1.15687264376543,2.84097410026833e-05
"ENSG00000131238","PPT1",0.249265668541112,0.0182577742947322
"ENSG00000131435","PDLIM4",1.1545754829604,0.0101984603483256
"ENSG00000131495","NDUFA2",0.276209262415047,0.0361990591920774
"ENSG00000131724","IL13RA1",0.305166711522368,0.000460347871002291
"ENSG00000131845","ZNF304",0.727666357307846,2.08322253824913e-05
"ENSG00000131966","ACTR10",0.266695785032749,0.00430563176451719
"ENSG00000131981","LGALS3",0.50717464998669,9.55744125121464e-06
"ENSG00000132002","DNAJB1",0.237567950144292,0.00461976237246985
"ENSG00000132003","ZSWIM4",0.505125422654701,0.0331841470570503
"ENSG00000132010","ZNF20",0.718381699078072,0.0445410382711637
"ENSG00000132581","SDF2",0.319267038821499,0.000376200631157386
"ENSG00000132718","SYT11",0.432279762079798,1.99387184692017e-05
"ENSG00000132823","OSER1",0.341225135485283,0.00508417120689447
"ENSG00000132906","CASP9",0.427306721529803,0.0365836987545244
"ENSG00000132912","DCTN4",0.199705454765799,0.0194941534517958
"ENSG00000132950","ZMYM5",0.419564499304277,0.0350470458986277
"ENSG00000132965","ALOX5AP",0.867893153407973,0.0253173183407727
"ENSG00000133069","TMCC2",0.51485357543123,0.0187422025838708
"ENSG00000133101","CCNA1",0.863831111298772,0.0248063135807512
"ENSG00000133247","KMT5C",0.391217327518163,0.0252926218923072
"ENSG00000133250","ZNF414",0.309899669023154,0.0411880602019697
"ENSG00000133321","PLAAT4",0.969201448220134,0.00643797884437281
"ENSG00000133460","SLC2A11",0.42976848644253,0.033756395131235
"ENSG00000133678","TMEM254",0.434762862025654,0.00331141003547832
"ENSG00000133710","SPINK5",1.50136126139658,0.00382048914619573
"ENSG00000134077","THUMPD3",0.331251968170361,2.43065193217483e-05
"ENSG00000134253","TRIM45",0.490375539914647,0.0269760571298363
"ENSG00000134463","ECHDC3",0.614820362597615,0.0287905065053241
"ENSG00000134588","USP26",0.541926623475732,2.70248968039888e-06
"ENSG00000134602","STK26",0.299344433557152,0.0116096492032104
"ENSG00000134716","CYP2J2",1.28938427567902,2.08218311102354e-05
"ENSG00000134955","SLC37A2",0.337409643367764,0.0153049534794043
"ENSG00000135002","RFK",0.224337882942498,0.0367079016796903
"ENSG00000135093","USP30",0.338091497010834,0.0398916400267632
"ENSG00000135338","LCA5",0.710221606464067,0.00143547265580464
"ENSG00000135406","PRPH",0.68440504148597,0.0466730816933116
"ENSG00000135423","GLS2",1.12838672988772,0.0112521177303744
"ENSG00000135506","OS9",0.477535239981194,6.51039631463347e-07
"ENSG00000135535","CD164",0.38127060530623,6.1864161619085e-07
"ENSG00000135596","MICAL1",0.328060967732783,0.0261871107392822
"ENSG00000135677","GNS",0.251999112743955,0.00441012164589696
"ENSG00000135736","CCDC102A",0.587464167448861,0.00845360278908978
"ENSG00000135740","SLC9A5",0.574494018545189,0.0390525498857207
"ENSG00000135821","GLUL",0.360422964416326,0.0484234719595964
"ENSG00000135900","MRPL44",0.467459484677501,2.85507707246248e-05
"ENSG00000135931","ARMC9",0.454243850015655,0.00405291874452315
"ENSG00000135974","C2orf49",0.632196733585051,2.44256044018371e-07
"ENSG00000135999","EPC2",0.346119325080481,0.000401707154874261
"ENSG00000136152","COG3",0.644398971767748,3.56050271005796e-07
"ENSG00000136169","SETDB2",0.434812426869496,0.00472882070079197
"ENSG00000136274","NACAD",0.676633152044765,0.045120845381682
"ENSG00000136378","ADAMTS7",1.90167122462365,9.33689027786072e-05
"ENSG00000136630","HLX",0.583621090964605,0.0138077028909552
"ENSG00000136816","TOR1B",0.47526928238312,0.000104394837317405
"ENSG00000136819","C9orf78",0.245880389579684,0.000410832485963122
"ENSG00000136870","ZNF189",0.462091940396283,0.00736399076648171
"ENSG00000136878","USP20",0.557960212323092,0.00205274087328206
"ENSG00000136888","ATP6V1G1",0.346220915987657,7.76774472310458e-06
"ENSG00000137054","POLR1E",0.315663870393611,0.000255429250199549
"ENSG00000137103","TMEM8B",0.850093769284813,0.00173547577737779
"ENSG00000137124","ALDH1B1",0.386052959999839,1.41580291205367e-06
"ENSG00000137171","KLC4",0.418635372785436,0.0380877840886168
"ENSG00000137203","TFAP2A",0.653981266244145,9.22453132728306e-08
"ENSG00000137221","TJAP1",0.292816613329373,0.0282407264763977
"ENSG00000137285","TUBB2B",0.723969105474732,0.0450396661082201
"ENSG00000137338","PGBD1",0.462117998800454,0.00551436197791122
"ENSG00000137393","RNF144B",0.554016757024662,0.0016671550144535
"ENSG00000137473","TTC29",2.12537809100552,1.00554807818515e-05
"ENSG00000137494","ANKRD42",0.411144820194069,0.0148158940038556
"ENSG00000137766","UNC13C",1.54698400636285,0.00142100701385196
"ENSG00000137818","RPLP1",0.182369758207542,0.0205181378439053
"ENSG00000137824","RMDN3",0.231296833199306,0.0263823654834307
"ENSG00000137834","SMAD6",0.438869050180125,0.0336812118622824
"ENSG00000137843","PAK6",0.996569061481085,0.0169255764803736
"ENSG00000137868","STRA6",1.09750166931612,0.0019432304108399
"ENSG00000138080","EMILIN1",0.751690790284617,0.0197659020994129
"ENSG00000138326","RPS24",0.236081475158567,3.52944694312942e-06
"ENSG00000138381","ASNSD1",0.260347063815381,0.0399021824611233
"ENSG00000138385","SSB",0.197883283921465,0.00713055904650995
"ENSG00000138448","ITGAV",0.286715654501546,0.00830783267777902
"ENSG00000138463","SLC49A4",0.30302578865191,0.0163881565499103
"ENSG00000138592","USP8",0.210059963973148,0.0138960002899377
"ENSG00000138642","HERC6",0.832459437632098,2.20855117286677e-05
"ENSG00000138646","HERC5",0.879952221845306,0.00580861594146329
"ENSG00000138834","MAPK8IP3",0.835707493830337,2.71320336730348e-05
"ENSG00000139209","SLC38A4",1.61456347363541,0.00246064916276923
"ENSG00000139436","GIT2",0.333006979252729,0.000968137398721117
"ENSG00000139517","LNX2",0.434142114304604,0.00121981616709052
"ENSG00000139644","TMBIM6",0.221850633255532,0.00165592981772284
"ENSG00000139793","MBNL2",0.45600493034952,6.1888752569505e-05
"ENSG00000139800","ZIC5",0.505162422636379,0.0421198369519019
"ENSG00000139880","CDH24",0.571299455503361,0.0111321395925709
"ENSG00000139990","DCAF5",0.224791388169232,0.0211966463611379
"ENSG00000140104","CLBA1",1.46159747750453,1.83871446076549e-07
"ENSG00000140254","DUOXA1",0.856229650090578,0.0271761993460175
"ENSG00000140259","MFAP1",0.384222735017437,2.86552128077991e-05
"ENSG00000140319","SRP14",0.281929462098283,0.0018436539572213
"ENSG00000140326","CDAN1",0.479882683613379,0.00735742360124495
"ENSG00000140398","NEIL1",0.756397913947627,0.0397609857847324
"ENSG00000140450","ARRDC4",1.07037013312803,0.00194373740079689
"ENSG00000140464","PML",0.637203128471744,1.25272891805271e-13
"ENSG00000140471","LINS1",0.447396708212011,0.00394815530433555
"ENSG00000140830","TXNL4B",0.412133905745281,0.000223575701727588
"ENSG00000140876","NUDT7",0.70863810878022,0.0178267997379855
"ENSG00000140961","OSGIN1",1.0671470583574,0.00074926568688942
"ENSG00000140993","TIGD7",0.647140093279656,0.0017844687019821
"ENSG00000141219","MTNAP1",0.220133638704456,0.0376502845601249
"ENSG00000141349","G6PC3",0.342964322272254,0.00015763413419991
"ENSG00000141428","C18orf21",0.541188016164499,2.66081448875533e-05
"ENSG00000141441","GAREM1",1.41333052946712,1.76476971260212e-10
"ENSG00000141448","GATA6",0.568539605991541,0.00785910304319837
"ENSG00000141543","EIF4A3",0.261115691711798,0.00365815333740265
"ENSG00000141552","ANAPC11",0.246813380373247,0.0104748764483255
"ENSG00000141682","PMAIP1",0.815776794271561,1.92945188675656e-16
"ENSG00000141741","MIEN1",0.352759879601684,0.000242696329791891
"ENSG00000142186","SCYL1",0.243174561685593,0.0131841722997998
"ENSG00000142235","LMTK3",0.944379108065167,0.0148158940038556
"ENSG00000142396","ERVK3-1",0.49991051205912,0.00267289105057452
"ENSG00000142507","PSMB6",0.270105660888801,1.36594730372489e-05
"ENSG00000142528","ZNF473",0.382325805636122,0.00614118497410505
"ENSG00000142556","ZNF614",0.416287587801252,0.00942687802060376
"ENSG00000142661","MYOM3",0.828607582253397,0.0159907436815194
"ENSG00000142677","IL22RA1",0.691529679339411,0.0481348094605123
"ENSG00000142733","MAP3K6",0.664761829499881,0.000120474439298356
"ENSG00000142867","BCL10",0.292824396982034,0.0113184451184037
"ENSG00000143067","ZNF697",0.302205384354074,0.0456749420347379
"ENSG00000143178","TBX19",1.54799898005761,7.43560682661879e-05
"ENSG00000143222","UFC1",0.383159758940381,0.000173891839256985
"ENSG00000143434","SEMA6C",0.751989830749239,0.0292939397707288
"ENSG00000143443","C1orf56",0.575149146004265,0.018560173566857
"ENSG00000143450","OAZ3",0.715029698755362,0.0342993750042965
"ENSG00000143590","EFNA3",0.529408501514751,0.00822474969620547
"ENSG00000143622","RIT1",0.533382607649185,5.60387569460445e-06
"ENSG00000143630","HCN3",0.707546481034664,0.0329987731625396
"ENSG00000143751","SDE2",0.374416680544757,0.00184012784539434
"ENSG00000144045","DQX1",1.34705751452664,0.00565657238941556
"ENSG00000144488","ESPNL",0.978183743787003,0.0100259677302277
"ENSG00000144567","RETREG2",0.394130093993573,5.93274089884024e-06
"ENSG00000144597","EAF1",0.365561969392216,0.00155590771232336
"ENSG00000145022","TCTA",0.409089509639758,0.000273807181820927
"ENSG00000145817","YIPF5",0.243495237512999,0.0413719875428512
"ENSG00000145861","C1QTNF2",1.96261916068386,5.73454769608253e-05
"ENSG00000146054","TRIM7",0.60899495418073,0.000320482653336184
"ENSG00000146063","TRIM41",0.287459425681922,0.0241669647657728
"ENSG00000146192","FGD2",0.873357850079929,0.025042896269367
"ENSG00000146232","NFKBIE",0.430321585444973,0.0117441164139199
"ENSG00000146587","RBAK",0.340921642176681,0.00776359116753039
"ENSG00000146670","CDCA5",0.35053073512701,0.00174877658980669
"ENSG00000146757","ZNF92",0.594847770417405,0.00127183272519944
"ENSG00000146856","AGBL3",0.583716093813586,0.0374080223469221
"ENSG00000147123","NDUFB11",0.416134106689267,3.58205824319189e-11
"ENSG00000147206","NXF3",0.81274218266026,0.0303024447842376
"ENSG00000147533","GOLGA7",0.258440232272282,0.0104301102990053
"ENSG00000147669","POLR2K",0.270252026923233,0.0162772434137254
"ENSG00000147684","NDUFB9",0.154688389845214,0.0472412073639316
"ENSG00000147689","FAM83A",0.589604849644927,0.0352608932325217
"ENSG00000147853","AK3",0.303684974023841,0.00158725180415956
"ENSG00000148158","SNX30",0.404814242667288,0.0228330811940831
"ENSG00000148331","ASB6",0.349142335489408,0.0237980115927112
"ENSG00000148358","GPR107",0.287359030413063,0.0034546964098059
"ENSG00000148572","NRBF2",0.322100712412159,0.0013320297821916
"ENSG00000148842","CNNM2",0.65108641073973,0.000422960278988801
"ENSG00000148926","ADM",3.68775196109194,5.37667864715617e-08
"ENSG00000149231","CCDC82",0.228533206881689,0.0402084473414066
"ENSG00000149313","AASDHPPT",0.15473641392383,0.0394821681544915
"ENSG00000149476","TKFC",0.472506671305372,0.000205638539054621
"ENSG00000149489","ROM1",0.493925646167019,0.0461190228477276
"ENSG00000149506","ZP1",0.755599705133776,0.0196244504881876
"ENSG00000149557","FEZ1",1.68286009913453,0.000284800271356628
"ENSG00000149582","TMEM25",0.696419657904823,0.0037343107636779
"ENSG00000149646","CNBD2",0.617546711594911,0.00597563792466803
"ENSG00000149657","LSM14B",0.229440401436698,0.0275031467338862
"ENSG00000149658","YTHDF1",0.212635120194626,0.0329870918747985
"ENSG00000149679","CABLES2",0.412750273078419,0.0270428272553502
"ENSG00000149806","FAU",0.317585631221326,5.81291703410309e-06
"ENSG00000149930","TAOK2",0.543697371087178,8.89011208892633e-06
"ENSG00000150316","CWC15",0.193168387830963,0.0142708049086359
"ENSG00000150455","TIRAP",0.60681184750375,0.000173891839256985
"ENSG00000151176","PLBD2",0.316449585851164,0.0249735082399881
"ENSG00000151233","GXYLT1",0.231222599247268,0.00210647172766728
"ENSG00000151327","FAM177A1",0.214618585820334,0.00949652684899805
"ENSG00000151366","NDUFC2",0.239762954084976,0.00128175696587552
"ENSG00000151576","QTRT2",0.215848807016224,0.0157172788540244
"ENSG00000151806","GUF1",0.256805404465668,0.00717245362102879
"ENSG00000152056","AP1S3",0.461171700340849,0.000530736997690261
"ENSG00000152076","CCDC74B",1.53884739366641,0.00161436077525567
"ENSG00000152133","GPATCH11",0.339172624126284,8.16251799145256e-05
"ENSG00000152377","SPOCK1",0.431896582617844,0.0113806696619717
"ENSG00000152409","JMY",0.287937668703772,0.0416717017363905
"ENSG00000152422","XRCC4",0.260071288080837,0.0434862811056845
"ENSG00000152454","ZNF256",0.547448948709172,0.0498473471438545
"ENSG00000152463","OLAH",2.11927949176167,0.000265846822861116
"ENSG00000152464","RPP38",0.435869919636462,7.36750818849395e-07
"ENSG00000152475","ZNF837",1.12123687173939,0.00258145595041226
"ENSG00000152518","ZFP36L2",0.292308395673948,0.0484397471122471
"ENSG00000152527","PLEKHH2",0.835877128362011,0.0104639117905015
"ENSG00000152669","CCNO",0.66688635838228,0.00315750165952997
"ENSG00000152936","LMNTD1",0.85836186214526,0.0241048341521715
"ENSG00000152944","MED21",0.399839269394699,0.000840234476905442
"ENSG00000153234","NR4A2",0.800015459621636,0.00977932118814532
"ENSG00000153253","SCN3A",0.798868749843098,0.0110997729958863
"ENSG00000154265","ABCA5",1.06072871319525,7.9025552734713e-06
"ENSG00000154642","C21orf91",0.297858437453669,0.00942687802060376
"ENSG00000154781","CCDC174",0.378929044937912,5.90641983086178e-06
"ENSG00000154889","MPPE1",0.361465616234462,0.0266424412216612
"ENSG00000155256","ZFYVE27",0.463653365201262,0.00240979117422494
"ENSG00000155363","MOV10",0.373617243332708,0.00324394984773016
"ENSG00000155849","ELMO1",0.589704899254361,0.0200722097660318
"ENSG00000155850","SLC26A2",0.486081686646764,0.000353515613760194
"ENSG00000155876","RRAGA",0.27199850257951,0.00951078427111607
"ENSG00000156232","WHAMM",0.304269656467201,0.018033373468807
"ENSG00000156482","RPL30",0.219962451452625,0.00166681941257578
"ENSG00000156502","SUPV3L1",0.405009877591561,0.000601578450757439
"ENSG00000156603","MED19",0.46165706152236,9.36745724253084e-11
"ENSG00000156711","MAPK13",0.724616781947536,0.0226622640255211
"ENSG00000156853","ZNF689",0.346077500516123,0.00144576288476739
"ENSG00000156931","VPS8",0.321772554429795,0.00119079471566633
"ENSG00000157184","CPT2",0.24914584267177,0.0404961048565692
"ENSG00000157326","DHRS4",0.544254841542827,0.0032189632855488
"ENSG00000157399","ARSL",1.07112233543121,3.99985905880958e-05
"ENSG00000157514","TSC22D3",0.581629819603384,0.00435675434308611
"ENSG00000157578","LCA5L",1.40285658429227,0.00184012784539434
"ENSG00000157601","MX1",0.507714947467513,0.0200585676952517
"ENSG00000157625","TAB3",0.262355612114609,0.0447076977968945
"ENSG00000157741","UBN2",0.890785926633979,1.84896372314191e-10
"ENSG00000157833","GAREM2",0.750740632537023,0.00509381613833588
"ENSG00000157933","SKI",0.259524836724283,0.038021627116778
"ENSG00000158050","DUSP2",0.808486498368939,0.00353017373623176
"ENSG00000158109","TPRG1L",0.281456321347511,0.0034197784079036
"ENSG00000158246","TENT5B",2.05079316527456,0.000132173659238071
"ENSG00000158417","EIF5B",0.145422733830404,0.00987808661199276
"ENSG00000158639","PAGE5",0.371097075577891,0.00567494564992726
"ENSG00000158717","RNF166",0.348215492464884,0.00420104262270162
"ENSG00000159069","FBXW5",0.354164361781235,0.00452385440785134
"ENSG00000159079","CFAP298",0.239774510712825,0.00799095931383957
"ENSG00000159200","RCAN1",0.379666184576783,0.00069498805924385
"ENSG00000159459","UBR1",0.203749794522441,0.0468466266783957
"ENSG00000159658","EFCAB14",0.176060186596246,0.032192641091654
"ENSG00000159753","CARMIL2",0.334705617195867,0.0432948766157935
"ENSG00000159840","ZYX",0.301866608358096,0.0128265154422517
"ENSG00000159873","CCDC117",0.309726167508646,0.00585516263987597
"ENSG00000159885","ZNF222",0.704343503796559,0.00745042114376383
"ENSG00000160161","CILP2",0.826774471440572,0.0299538856878513
"ENSG00000160207","HSF2BP",0.622974593843422,0.0424526062468544
"ENSG00000160211","G6PD",0.494274596843154,0.000164380425079588
"ENSG00000160213","CSTB",0.201539645206788,0.046989055128165
"ENSG00000160223","ICOSLG",0.746030668284574,0.0346268718252568
"ENSG00000160326","SLC2A6",0.648799543678307,0.0069102911643325
"ENSG00000160345","PIERCE1",0.586378504697345,0.00436615975107884
"ENSG00000160410","SHKBP1",0.234850516247131,0.0291084684216809
"ENSG00000160439","RDH13",0.363812154136304,0.00477859393783286
"ENSG00000160445","ZER1",0.672192905582089,0.00145046459109376
"ENSG00000160471","COX6B2",1.44780187321776,0.00362877556929719
"ENSG00000160539","PLPP7",0.958559651699631,0.00212640827423847
"ENSG00000160602","NEK8",0.696766586881907,0.00132133406761315
"ENSG00000160818","GPATCH4",0.198673202123726,0.0165773456922885
"ENSG00000160908","ZNF394",0.615776076326038,3.68470858435889e-08
"ENSG00000160972","PPP1R16A",0.321450101950709,0.0128718123413305
"ENSG00000161010","MRNIP",0.671095833734529,0.00138260782156028
"ENSG00000161011","SQSTM1",0.63736468358107,3.39514721468907e-05
"ENSG00000161203","AP2M1",0.227338639003351,0.0011431268511025
"ENSG00000161677","JOSD2",0.576946572738449,0.000940358048061676
"ENSG00000162078","ZG16B",1.12279669254004,0.00181292726596653
"ENSG00000162086","ZNF75A",0.630686391999862,0.000406548741244485
"ENSG00000162139","NEU3",0.311373853122578,0.00176324631836448
"ENSG00000162236","STX5",0.239931053287058,0.0460935617395573
"ENSG00000162413","KLHL21",0.383056361163282,0.0131237537139027
"ENSG00000162430","SELENON",0.315166843038941,0.00464923660221073
"ENSG00000162496","DHRS3",0.681710920255653,0.00616498920802688
"ENSG00000162591","MEGF6",0.772729700867239,0.0190755671020512
"ENSG00000162650","ATXN7L2",0.71859159810144,7.14180355008937e-05
"ENSG00000162664","ZNF326",0.205538863127309,0.039694660931957
"ENSG00000162688","AGL",0.376590119321288,0.00018793654084608
"ENSG00000162729","IGSF8",0.427691869028179,0.00181173051670463
"ENSG00000162817","C1orf115",0.730918046084177,0.00268934527909417
"ENSG00000162894","FCMR",0.861161663913422,9.7519479239437e-05
"ENSG00000162913","OBSCN-AS1",0.928556393993461,0.020396311085823
"ENSG00000162999","DUSP19",0.778263369671852,0.000227844542990913
"ENSG00000163001","CFAP36",0.284553320479127,0.0400309456270892
"ENSG00000163191","S100A11",0.445038367647099,2.71802160143045e-05
"ENSG00000163216","SPRR2D",1.58712556510375,0.000767703711251414
"ENSG00000163374","YY1AP1",0.282718152474414,0.00887411085756539
"ENSG00000163376","KBTBD8",0.729632046148638,0.00106167517512151
"ENSG00000163435","ELF3",0.909960439033486,0.0226248166503957
"ENSG00000163517","HDAC11",1.27993021557583,2.51139205286392e-06
"ENSG00000163568","AIM2",0.623833042924084,0.0162262937137124
"ENSG00000163623","NKX6-1",1.0178841070678,0.00040195104461062
"ENSG00000163637","PRICKLE2",0.482586019684789,0.000799445044099573
"ENSG00000163689","CFAP20DC",0.601311104390876,0.00420640484200377
"ENSG00000163788","SNRK",0.439492634081883,0.00484672156480217
"ENSG00000163877","SNIP1",0.274500588923148,0.0365098638133193
"ENSG00000163885","CFAP100",0.746688008732743,0.0247153964176855
"ENSG00000163961","RNF168",0.229308896306998,0.00483493451532889
"ENSG00000164128","NPY1R",0.733871989306101,0.0432070219711322
"ENSG00000164266","SPINK1",2.1251430544599,0.000579032221050335
"ENSG00000164300","SERINC5",1.1688310823084,1.59843168241198e-08
"ENSG00000164308","ERAP2",0.198303935267152,0.0369639231569173
"ENSG00000164366","CCDC127",0.412357854348938,4.61473473746034e-05
"ENSG00000164463","CREBRF",0.648030504910109,7.73372223292698e-05
"ENSG00000164609","SLU7",0.543241816314332,2.95702428533689e-16
"ENSG00000164615","CAMLG",0.411534450513597,0.000202300392816585
"ENSG00000164885","CDK5",0.256052305168625,0.0300569261320479
"ENSG00000164967","RPP25L",0.49205757699129,0.000902645248436647
"ENSG00000165102","HGSNAT",0.498007547475498,7.01299271069805e-07
"ENSG00000165115","KIF27",0.389710211809051,0.0362542707063622
"ENSG00000165152","PGAP4",0.497446197711851,0.0184696520651278
"ENSG00000165626","BEND7",0.597748419313561,4.78354969086745e-05
"ENSG00000165655","ZNF503",0.81007366424886,8.41471630859407e-14
"ENSG00000165660","ABRAXAS2",0.200688656134633,0.0324004174843018
"ENSG00000165678","GHITM",0.181623172824107,0.0258196523741204
"ENSG00000165801","ARHGEF40",0.381773944192892,0.0384173217254579
"ENSG00000165802","NSMF",0.583284650792108,4.93693372665499e-05
"ENSG00000165813","CCDC186",0.371980329730893,0.000337450229667167
"ENSG00000165879","FRAT1",0.475230812485215,0.031370667475209
"ENSG00000166153","DEPDC4",0.667662714717147,0.00800571579712951
"ENSG00000166166","TRMT61A",0.278332954448612,0.0367416262352528
"ENSG00000166171","DPCD",0.318622409385903,0.00979057152462614
"ENSG00000166189","HPS6",0.199694923750991,0.0370967166235115
"ENSG00000166257","SCN3B",0.710903584208628,0.0389284087356313
"ENSG00000166260","COX11",0.344305888711896,0.00219941186765553
"ENSG00000166289","PLEKHF1",0.448991806628364,0.00411971509749174
"ENSG00000166340","TPP1",0.441940621401205,0.000427275249374389
"ENSG00000166349","RAG1",0.83070014121724,0.0295328374498307
"ENSG00000166405","RIC3",0.953559684091582,0.0179968267701604
"ENSG00000166415","WDR72",0.651366635341557,0.0409899353889613
"ENSG00000166510","CCDC68",0.76573623835648,0.0094116253224827
"ENSG00000166526","ZNF3",0.322696889158163,0.00087171889385038
"ENSG00000166529","ZSCAN21",0.779573391008087,2.74377420035969e-05
"ENSG00000166592","RRAD",3.31926339516661,3.69674701805198e-08
"ENSG00000166689","PLEKHA7",0.657194766985383,0.0429445921925046
"ENSG00000166750","SLFN5",0.345499176834533,0.0123285891099313
"ENSG00000166813","KIF7",0.963998793232987,0.0135273308555608
"ENSG00000166823","MESP1",0.467945927422284,0.0475992743413716
"ENSG00000166887","VPS39",0.40644083377783,0.00053152545825806
"ENSG00000166979","EVA1C",0.701752251213598,0.0371881607654774
"ENSG00000166997","CNPY4",0.434675636480419,0.0266161488109912
"ENSG00000167034","NKX3-1",0.590119107469105,3.6587719919573e-07
"ENSG00000167037","SGSM1",0.854204190067038,0.0261193246458116
"ENSG00000167112","TRUB2",0.319830630334982,1.70953277865946e-07
"ENSG00000167202","TBC1D2B",0.310164749527634,0.0492493376943425
"ENSG00000167302","TEPSIN",0.668000249886992,4.67572425774064e-06
"ENSG00000167333","TRIM68",0.378554809354788,0.0188215165820216
"ENSG00000167394","ZNF668",0.395970603926555,0.00458929226219345
"ENSG00000167468","GPX4",0.45114009927588,4.12215775123931e-06
"ENSG00000167470","MIDN",0.242778563782295,0.0400701615309958
"ENSG00000167549","CORO6",0.860954648682148,0.0248143614757983
"ENSG00000167578","RAB4B",1.07855971233359,0.00868145702001189
"ENSG00000167646","DNAAF3",0.558098320365515,0.0239984278211842
"ENSG00000167653","PSCA",0.742763559582924,0.0219018545341468
"ENSG00000167656","LY6D",1.09256309623918,0.012328452216259
"ENSG00000167693","NXN",0.816900159101884,1.21730679468537e-06
"ENSG00000167716","WDR81",0.830192492297969,2.70989496512367e-05
"ENSG00000167766","ZNF83",0.428813124483967,0.032649733798626
"ENSG00000167771","RCOR2",0.796896220024364,0.0324941265059513
"ENSG00000167775","CD320",0.335065373149424,0.00357512394948506
"ENSG00000167779","IGFBP6",0.459430061111981,0.00142370899282624
"ENSG00000167815","PRDX2",0.63364055672373,2.43547582012639e-08
"ENSG00000167863","ATP5PD",0.231604010884859,0.00797491013528461
"ENSG00000167925","GHDC",0.428288071658784,0.0154904959651072
"ENSG00000167978","SRRM2",0.287744112547425,0.00376031059456712
"ENSG00000167985","SDHAF2",0.375912651944062,8.067209069051e-06
"ENSG00000167994","RAB3IL1",0.508463442699809,0.0180480185099014
"ENSG00000168256","NKIRAS2",0.535890686955472,5.08671313354084e-08
"ENSG00000168273","UQCC5",0.307381860632607,0.00388389341987868
"ENSG00000168275","COA6",0.266255158779014,0.0289063090314514
"ENSG00000168300","PCMTD1",0.406134412382415,0.00475016962544076
"ENSG00000168303","MPLKIP",0.278075051755311,0.0149407043245963
"ENSG00000168490","PHYHIP",0.922311051114308,0.00699920108514732
"ENSG00000168591","TMUB2",0.340010752421562,0.000277797848485136
"ENSG00000168612","ZSWIM1",0.517850418320577,8.7486116019832e-05
"ENSG00000168779","SHOX2",0.228406408729315,0.0136753438830091
"ENSG00000168894","RNF181",0.423771840874516,0.000107224746765459
"ENSG00000168993","CPLX1",0.825175353695205,0.0249993885570101
"ENSG00000169155","ZBTB43",0.600904392383041,8.74870072494175e-09
"ENSG00000169223","LMAN2",0.210393930782199,0.00465758560116299
"ENSG00000169249","ZRSR2",0.426871142844138,0.000701183307389649
"ENSG00000169271","HSPB3",0.740752194303073,0.0380258581172967
"ENSG00000169403","PTAFR",2.1738458580771,1.39894504158029e-06
"ENSG00000169439","SDC2",1.1087170403293,0.000312060245994371
"ENSG00000169490","TM2D2",0.358413382337314,0.00336074935694071
"ENSG00000169583","CLIC3",0.553268532616162,0.0226026699477397
"ENSG00000169612","RAMAC",0.398767537236053,0.0360277894230888
"ENSG00000169641","LUZP1",0.334833830571905,2.66804083871586e-05
"ENSG00000169718","DUS1L",0.227100388900687,0.0213919668389491
"ENSG00000169738","DCXR",0.380964406776147,0.000482857425992621
"ENSG00000169764","UGP2",0.720517798785164,6.96799441503960e-09
"ENSG00000169926","KLF13",0.590193628263858,0.00198707574410556
"ENSG00000169976","SF3B5",0.314521682358996,1.44244959082694e-05
"ENSG00000170043","TRAPPC1",0.517297335043437,3.77812394524345e-07
"ENSG00000170175","CHRNB1",0.555026589421117,0.00545050954198849
"ENSG00000170265","ZNF282",0.328288131465352,0.00283872232339285
"ENSG00000170271","FAXDC2",2.15105156395332,4.73269713115829e-06
"ENSG00000170364","SETMAR",0.339018326185822,0.0241040379446029
"ENSG00000170385","SLC30A1",0.322745133674464,0.00295189888113092
"ENSG00000170445","HARS1",0.286480755877557,2.92160066766753e-05
"ENSG00000170458","CD14",1.70901503698856,0.00202146960984835
"ENSG00000170468","RIOX1",1.54856530574047,0.000334140282565699
"ENSG00000170549","IRX1",0.621788064597584,0.000949028189924183
"ENSG00000170561","IRX2",0.42406223624591,0.00066513189557623
"ENSG00000170776","AKAP13",0.335859696829306,0.00162394015902248
"ENSG00000170949","ZNF160",0.907690831273599,2.35653491336796e-07
"ENSG00000171159","BBLN",0.352065465409112,0.0214275221584115
"ENSG00000171160","MORN4",0.386513814968705,0.0303562344305402
"ENSG00000171222","SCAND1",0.611723031230557,1.46351706104667e-05
"ENSG00000171246","NPTX1",0.830704769358897,0.00458917701710556
"ENSG00000171295","ZNF440",0.597229992416034,0.00159937695925715
"ENSG00000171453","POLR1C",0.24712009855754,0.0206917038216267
"ENSG00000171490","RSL1D1",0.152868644296118,0.0176907899697015
"ENSG00000171574","ZNF584",0.3749463162458,0.0107023054362149
"ENSG00000171604","CXXC5",0.401097691137714,0.00141169482635142
"ENSG00000171786","NHLH1",1.02714049379177,0.0145794272787404
"ENSG00000171860","C3AR1",0.73698435560582,0.0164759112414304
"ENSG00000171861","MRM3",0.416659061781002,8.06521097155345e-05
"ENSG00000171970","ZNF57",1.31763091890322,0.00283161393082157
"ENSG00000172057","ORMDL3",0.54141497689192,3.06553026618462e-05
"ENSG00000172061","LRRC15",0.988077313961454,0.0109858318294707
"ENSG00000172113","NME6",0.297873505581758,0.0023444655479038
"ENSG00000172123","SLFN12",0.429379095987557,0.00767415295662496
"ENSG00000172270","BSG",0.435406543922581,3.36532212398096e-08
"ENSG00000172331","BPGM",0.572697043962975,0.00044618948411709
"ENSG00000172336","POP7",0.261370334721762,0.00360615316563169
"ENSG00000172382","PRSS27",0.900898570671857,0.0231471065473558
"ENSG00000172531","PPP1CA",0.282503613332702,0.00973495818999634
"ENSG00000172575","RASGRP1",1.15092677196587,0.0101971976395588
"ENSG00000172594","SMPDL3A",1.02501520632398,8.0839909496019e-05
"ENSG00000172661","WASHC2C",0.463399533009481,0.000295907270000119
"ENSG00000172748","ZNF596",2.54938338651868,9.5506391766737e-08
"ENSG00000172830","SSH3",0.568456130826732,0.00558151665488076
"ENSG00000172888","ZNF621",0.354497586581038,0.00846871440967186
"ENSG00000172922","RNASEH2C",0.431156774158154,0.000208418165343463
"ENSG00000172936","MYD88",0.786922524555407,0.0354339157852444
"ENSG00000172992","DCAKD",0.375676624868532,0.00480921914324397
"ENSG00000173193","PARP14",0.468860063515405,0.00213522422186303
"ENSG00000173230","GOLGB1",0.322301664877306,0.0108218427022763
"ENSG00000173295","FAM86B3P",0.579526684192535,0.041707541774667
"ENSG00000173327","MAP3K11",0.404654513026407,0.000124225990008487
"ENSG00000173391","OLR1",0.92720925989344,0.0215010478387358
"ENSG00000173465","ZNRD2",0.238370908144282,0.018774204279591
"ENSG00000173480","ZNF417",0.563055065414763,0.0099256338247918
"ENSG00000173530","TNFRSF10D",0.825688165618364,0.0307624131114265
"ENSG00000173545","ZNF622",0.414309915380596,1.05515458519589e-07
"ENSG00000173548","SNX33",0.457708420644275,0.000180350550918262
"ENSG00000173818","ENDOV",0.423104501368499,0.00334910405661232
"ENSG00000173875","ZNF791",0.316430979629388,2.01294438864338e-05
"ENSG00000173947","CIMAP3",0.865446169278091,0.0266161488109912
"ENSG00000174032","SLC25A30",0.688597543786035,0.00113125528573473
"ENSG00000174151","CYB561D1",0.656604255080804,0.00193346814943903
"ENSG00000174227","PIGG",0.258280439036835,0.0126754161648307
"ENSG00000174292","TNK1",0.774989120337819,0.026398854002363
"ENSG00000174365","SNHG11",0.322149364212594,0.0237145898879799
"ENSG00000174446","SNAPC5",0.664554077544976,3.84650197510921e-06
"ENSG00000174483","BBS1",1.14098105626508,0.00211014320260931
"ENSG00000174514","MFSD4A",0.729527760298335,0.0336051035754787
"ENSG00000174574","AKIRIN1",0.240913828593422,0.00170389210196528
"ENSG00000174808","BTC",0.891887223401025,0.0162748570911354
"ENSG00000174938","SEZ6L2",0.449999052892404,0.0412829894214093
"ENSG00000174943","KCTD13",0.466209533300577,0.00214654656312494
"ENSG00000175161","CADM2",0.875414727053473,0.0235578038456813
"ENSG00000175213","ZNF408",1.07691706790433,1.98673125462343e-17
"ENSG00000175324","LSM1",0.21595613004105,0.0390639287625366
"ENSG00000175482","POLD4",0.945224262602261,0.0166101924183345
"ENSG00000175691","ZNF77",0.654525460703138,0.0498985951394234
"ENSG00000175820","CCDC168",2.80938111794834,4.43142108873091e-10
"ENSG00000176125","UFSP1",0.525970997078383,0.0237019495972849
"ENSG00000176248","ANAPC2",0.702954114600885,0.000891846633714764
"ENSG00000176401","EID2B",0.580187527421262,0.000104800535853663
"ENSG00000176410","DNAJC30",0.276474820419712,0.00927585917377906
"ENSG00000176428","VPS37D",0.610118375062721,0.0263992453732736
"ENSG00000176692","FOXC2",0.409501278980024,0.00519324430542798
"ENSG00000176715","ACSF3",0.326413694460739,0.0272260928401561
"ENSG00000176723","ZNF843",1.05752547892753,0.0134012600883257
"ENSG00000176809","LRRC37A3",1.019845529515,0.0143370345513507
"ENSG00000176842","IRX5",1.75991635690002,3.87759709809452e-19
"ENSG00000176896","TCEANC",0.589226485659874,0.0483711811491927
"ENSG00000176927","EFCAB5",0.739237868096505,0.0248483009213803
"ENSG00000177058","SLC38A9",0.446097511112048,0.0102027138950303
"ENSG00000177125","ZBTB34",0.800346752535531,0.000413535788678531
"ENSG00000177239","MAN1B1",0.379384264977746,0.00179660050970799
"ENSG00000177303","CASKIN2",0.379622240176448,0.0394085554584371
"ENSG00000177380","PPFIA3",0.597728758073895,0.0266969550003066
"ENSG00000177595","PIDD1",0.547860182163429,0.00407017633318087
"ENSG00000177600","RPLP2",0.277920634151472,4.41804602651726e-08
"ENSG00000177602","HASPIN",0.387506028415476,0.0363522245979948
"ENSG00000177663","IL17RA",0.555328503329434,1.78122113357237e-07
"ENSG00000177692","DNAJC28",1.68006752085775,3.75010990655155e-05
"ENSG00000177700","POLR2L",0.285968046737246,0.000119125023295899
"ENSG00000177854","TMEM187",0.502589793522091,0.0055183553230967
"ENSG00000177875","CCDC184",1.08475302885604,0.0101971976395588
"ENSG00000177885","GRB2",0.230669279507514,0.00217100162241378
"ENSG00000177888","ZBTB41",0.282125519152138,0.0384805308403273
"ENSG00000177946",NA,0.407773490100295,0.00097429139721963
"ENSG00000177963","RIC8A",0.314397742609439,0.00110072801168405
"ENSG00000178172","SPINK6",0.953781273278347,0.0148863109578088
"ENSG00000178307","TMEM11",0.326423516089003,0.000245071906231707
"ENSG00000178467","P4HTM",0.919043862826533,0.00076328519920616
"ENSG00000178567","EPM2AIP1",0.222278281829264,0.0272661402235636
"ENSG00000178602","OTOS",0.951953609818371,0.0191525875621324
"ENSG00000178607","ERN1",0.451240440020548,0.0256028767020806
"ENSG00000178821","TMEM52",1.63653580876306,0.00102741296070599
"ENSG00000178913","TAF7",0.216310649338266,0.0452304132222666
"ENSG00000178935","ZNF552",0.429546844720137,0.0167964273011909
"ENSG00000178977","LINC00324",1.00259407262346,1.19559976593779e-07
"ENSG00000178996","SNX18",0.293260455265722,0.0296148886319433
"ENSG00000179094","PER1",1.33499666914541,1.39850045601175e-08
"ENSG00000179119","SPTY2D1",0.399187913672201,1.24003327231783e-05
"ENSG00000179406","LINC00174",0.68221886806969,0.0202425353472456
"ENSG00000179476","DORIP1",0.675617350290507,0.0153594764114078
"ENSG00000179562","GCC1",0.426677909267119,0.00064690203174046
"ENSG00000179632","MAF1",0.172497788564637,0.04242913406409
"ENSG00000180008","SOCS4",0.474750967063027,5.20185042157913e-06
"ENSG00000180304","OAZ2",0.26393772905446,0.00462628608548287
"ENSG00000180329","CCDC43",0.229839455796653,0.000426300831981336
"ENSG00000180346","TIGD2",0.262272120161979,0.040627666790924
"ENSG00000180385",NA,0.640343125178197,1.59968466768874e-07
"ENSG00000180448","ARHGAP45",0.729330643684484,0.00746218672239142
"ENSG00000180530","NRIP1",0.94171685808502,4.80013934211235e-09
"ENSG00000180535","BHLHA15",0.803764757040931,0.0257636955868427
"ENSG00000180628","PCGF5",0.217235445393921,0.0192383412924213
"ENSG00000180818","HOXC10",0.775150915948008,4.37131402543505e-10
"ENSG00000180902","D2HGDH",0.423551580567163,0.0036707938080496
"ENSG00000181097",NA,0.440987747828523,4.00414895893741e-05
"ENSG00000181135","ZNF707",0.485976989644125,0.019221416897467
"ENSG00000181220","ZNF746",0.385533654872619,0.00320635961133159
"ENSG00000181418","DDN",2.16047872896929,9.27620039552337e-05
"ENSG00000181638","ZFP41",0.874994023593446,2.53525299578252e-06
"ENSG00000181666","ZNF875",0.487458085878647,0.00156089312477548
"ENSG00000181773","GPR3",0.648915158912047,0.00401303641572917
"ENSG00000181830","SLC35C1",0.508336512352362,0.000294712217672596
"ENSG00000181894","ZNF329",0.410589560810161,0.0196834920054928
"ENSG00000181896","ZNF101",0.309150380920195,0.018560173566857
"ENSG00000181982","CCDC149",0.583349452188248,0.00581021687661356
"ENSG00000182054","IDH2",0.405788447637647,0.0137654966470916
"ENSG00000182173","TSEN54",0.328037726247208,0.00927585917377906
"ENSG00000182179","UBA7",0.695887551925358,0.0016671550144535
"ENSG00000182195","LDOC1",0.315306598127665,0.000109270443474073
"ENSG00000182372","CLN8",0.570270645347862,7.36750818849395e-07
"ENSG00000182379","NXPH4",0.351126925603398,0.0297862014980522
"ENSG00000182400","TRAPPC6B",0.351009768197379,0.0034178777215744
"ENSG00000182541","LIMK2",0.320203244685766,0.0170555132418108
"ENSG00000183060","LYSMD4",0.552559983449864,0.0309058745300422
"ENSG00000183077","AFMID",0.465071721965892,0.000126264416750951
"ENSG00000183091","NEB",0.935102834593925,0.0209774600103233
"ENSG00000183935",NA,0.391161698984181,0.0431795746026358
"ENSG00000183978","COA3",0.264383416890988,0.00560866657495184
"ENSG00000184076","UQCR10",0.288263936004153,0.000251839414716088
"ENSG00000184254","ALDH1A3",1.0333302547148,1.11776652589817e-05
"ENSG00000184677","ZBTB40",0.442101696235287,0.000911319963790625
"ENSG00000184697","CLDN6",1.71450143968062,0.00108182434877866
"ENSG00000184716","SERINC4",1.1681365065613,0.0100465523730793
"ENSG00000184752","NDUFA12",0.242849963974218,0.00880573418456068
"ENSG00000184887","BTBD6",0.314641678237722,0.0321520663209999
"ENSG00000184939","ZFP90",1.07847362641553,1.97769555320323e-05
"ENSG00000184983","NDUFA6",0.338975765549301,0.00158725180415956
"ENSG00000185015","CA13",0.665223996849156,0.00670866084671324
"ENSG00000185043","CIB1",0.214744416142152,0.0218045686156459
"ENSG00000185090","MANEAL",0.577702937163601,0.000240096729548424
"ENSG00000185219","ZNF445",0.30325663753613,0.0131147146665745
"ENSG00000185252","ZNF74",0.709493966150083,7.18192328734612e-05
"ENSG00000185272","RBM11",1.83260889944571,0.000435330989345617
"ENSG00000185332","TMEM105",1.41217470327248,0.00459064565465011
"ENSG00000185404","SP140L",0.257382870002916,0.0172686096113089
"ENSG00000185418","TARS3",0.559554657845733,0.00238128506590342
"ENSG00000185495",NA,0.673442912140325,0.0265653215610961
"ENSG00000185513","L3MBTL1",0.751780753635342,0.0399908618088525
"ENSG00000185614","INKA1",1.3898824189705,1.18083445168223e-07
"ENSG00000185869","ZNF829",0.712988683376552,2.92397457739781e-08
"ENSG00000185900","POMK",0.219481378158816,0.0147528732548356
"ENSG00000185947","ZNF267",0.516897671254996,3.87238701187296e-07
"ENSG00000186010","NDUFA13",0.387886703383299,0.0199675996361886
"ENSG00000186019","ZNF225-AS1",0.782097601939629,0.00698450032304238
"ENSG00000186020","ZNF529",0.428880491268319,0.0263823654834307
"ENSG00000186056","MATN1-AS1",2.1171631370904,0.000260261189711207
"ENSG00000186111","PIP5K1C",0.367759187014367,0.0109655974507135
"ENSG00000186162","CIDECP1",0.553376950035875,0.0030263493561163
"ENSG00000186230","ZNF749",0.506212174429939,0.0262649519596987
"ENSG00000186312",NA,0.346612812830995,0.0140368024129367
"ENSG00000186350","RXRA",0.308929927703273,0.0033120310861457
"ENSG00000186409","CCDC30",0.653365105876481,0.0266919687484487
"ENSG00000186448","ZNF197",0.498890682509472,0.00054680204994739
"ENSG00000186493",NA,0.556641702228421,0.000196337452041927
"ENSG00000186501","TMEM222",0.412100775204336,0.00376031059456712
"ENSG00000186564","FOXD2",0.610325991735579,0.00403695752114006
"ENSG00000186654","PRR5",0.930996326548376,0.00127149564865806
"ENSG00000186666","BCDIN3D",0.447522213633771,0.0218277439480721
"ENSG00000186787","SPIN2B",0.413075691556166,0.0416717017363905
"ENSG00000186812","ZNF397",0.316241909533592,0.0173159821036503
"ENSG00000186866","POFUT2",0.440655376766036,0.000701727689112681
"ENSG00000186908","ZDHHC17",0.340219517840021,0.0181747582169125
"ENSG00000187531","SIRT7",0.348645979898777,0.00734969649573279
"ENSG00000187601","MAGEH1",0.450165223994593,0.0154667043619095
"ENSG00000187609","EXD3",0.614812191512338,0.00307933511929144
"ENSG00000187624","LIAT1",0.540642780840088,0.0019854279548657
"ENSG00000187650","VMAC",0.736078541803286,0.014975920305068
"ENSG00000187699","C2orf88",0.857621126010156,0.00490610337275313
"ENSG00000188153","COL4A5",0.462788505893657,0.0172291506210538
"ENSG00000188185",NA,0.886152572277294,0.0185276409126856
"ENSG00000188211","NCR3LG1",0.777454272493783,0.0114248174289616
"ENSG00000188295","ZNF669",1.13467933284025,3.22911795740484e-08
"ENSG00000188305","PEAK3",1.03530686233926,0.0148213318971901
"ENSG00000188321","ZNF559",0.512268311242191,0.0350750651818306
"ENSG00000188483","IER5L",0.510755082864367,0.00137562626648691
"ENSG00000188613","NANOS1",0.716160577332127,0.00700010851519306
"ENSG00000188786","MTF1",0.451789225562509,3.64201160210196e-05
"ENSG00000188827","SLX4",0.501102410870313,0.00210830211049608
"ENSG00000188878","FBF1",0.505253459868375,0.00918303567281973
"ENSG00000188996","HUS1B",0.631485039069782,0.0393048999250397
"ENSG00000189043","NDUFA4",0.467448310998536,5.80442243502185e-06
"ENSG00000189046","ALKBH2",0.330923759804463,0.000949028189924183
"ENSG00000189058","APOD",3.190133566102,4.65444585091035e-05
"ENSG00000189067","LITAF",0.466931023201219,4.02082855679058e-09
"ENSG00000189114","BLOC1S3",0.963242997688997,1.55331348617862e-09
"ENSG00000189136",NA,0.469267922749773,0.0294377694537668
"ENSG00000189241","TSPYL1",0.382545885493294,7.49897623886807e-05
"ENSG00000196118","CFAP119",0.659834558415595,0.00271523958511187
"ENSG00000196150","ZNF250",0.497900484813866,0.0453566993376016
"ENSG00000196159","FAT4",0.544623558219513,0.0252919879263249
"ENSG00000196177","ACADSB",0.335509336688749,0.0207401459484616
"ENSG00000196204","RNF216P1",0.316202013039317,0.0136716369887121
"ENSG00000196214","ZNF766",0.787027340123263,5.13049113538047e-13
"ENSG00000196267","ZNF836",0.812238391540618,0.00375421300076966
"ENSG00000196323","ZBTB44",0.422322686684646,9.72460704379217e-07
"ENSG00000196337","CGB7",1.50357713658833,0.00260457416875269
"ENSG00000196378","ZNF34",0.989171668115764,0.000127868602586592
"ENSG00000196418","ZNF124",0.313458392564983,0.0463456226638736
"ENSG00000196547","MAN2A2",0.384111051542424,0.0135495686947194
"ENSG00000196639","HRH1",0.255320654597331,0.0154075454869065
"ENSG00000196646","ZNF136",0.576612245519705,0.00158962423226026
"ENSG00000196652","ZKSCAN5",0.644378234837025,1.91221117388016e-11
"ENSG00000196683","TOMM7",0.223407132340406,0.0353373301488904
"ENSG00000196776","CD47",0.181057584196445,0.027839779448345
"ENSG00000196950","SLC39A10",0.265049020532855,0.0349811608430796
"ENSG00000196975","ANXA4",0.534996541420574,0.000129429203127973
"ENSG00000196976","LAGE3",0.504185113824917,7.9004518333246e-07
"ENSG00000196998","WDR45",0.509919062913648,0.000188151301226466
"ENSG00000197044","ZNF441",1.18775402696943,2.77955052938017e-07
"ENSG00000197122","SRC",0.839465955922902,2.92961886811168e-07
"ENSG00000197249","SERPINA1",1.41576006113155,0.00150733443706532
"ENSG00000197279","ZNF165",0.808869518532501,0.00725133643354012
"ENSG00000197329","PELI1",0.658379315616604,0.00292114161489363
"ENSG00000197361","FBXL22",0.828455779547563,0.0120070167546643
"ENSG00000197363","ZNF517",0.717454956033474,0.0306599114631942
"ENSG00000197429","IPP",0.307953631631161,0.0278982666284973
"ENSG00000197472","ZNF695",0.67625076242044,0.00367628653684683
"ENSG00000197576","HOXA4",0.470932941943853,0.0166544252768262
"ENSG00000197619","ZNF615",0.758071481942923,0.000437976810131248
"ENSG00000197747","S100A10",0.300351663536006,0.0131044179181475
"ENSG00000197763","TXNRD3",0.515796095518846,0.00388008361381349
"ENSG00000197889","MEIG1",1.10094137872031,0.0120524330604843
"ENSG00000197948","FCHSD1",0.66008596116659,9.64390219485635e-05
"ENSG00000197958","RPL12",0.154518146615082,0.0253124595529424
"ENSG00000197961","ZNF121",0.306293012052925,4.1781353747922e-05
"ENSG00000197976","AKAP17A",0.391553684786765,5.92118838940133e-05
"ENSG00000198000","NOL8",0.320560741750778,8.22235266908626e-05
"ENSG00000198018","ENTPD7",0.39245081406982,0.00599467315512299
"ENSG00000198040","ZNF84",0.403521504386794,0.00712594464091382
"ENSG00000198218","QRICH1",0.320121556712545,0.00177103970782241
"ENSG00000198246","SLC29A3",1.34116351650764,3.06699832454959e-07
"ENSG00000198258","UBL5",0.245564612346231,0.0124682405554652
"ENSG00000198298","ZNF485",0.511788523477016,0.00813936823289595
"ENSG00000198346","ZNF813",0.756231432270064,0.00497529160961047
"ENSG00000198353","HOXC4",0.46880631158194,0.0309863228688903
"ENSG00000198356","GET3",0.409437779064808,0.00089495074750375
"ENSG00000198399","ITSN2",0.217593700140793,0.0248483009213803
"ENSG00000198408","OGA",0.337991092579092,0.00138446721894729
"ENSG00000198464","ZNF480",0.528562407020979,5.03344837683563e-06
"ENSG00000198466","ZNF587",0.285600428608993,0.0393187064193104
"ENSG00000198467","TPM2",0.325648778945317,0.000463883764239503
"ENSG00000198551","ZNF627",0.457549781450109,0.0321549106179455
"ENSG00000198576","ARC",1.57884626368925,8.72250985086385e-08
"ENSG00000198612","COPS8",0.361371243996613,4.05527499491122e-05
"ENSG00000198690","FAN1",0.354790144814644,0.0034606319531341
"ENSG00000198730","CTR9",0.393952788352885,1.53990847491863e-06
"ENSG00000198746","GPATCH3",0.684358920396419,8.24449469346894e-08
"ENSG00000198804","MT-CO1",0.6003486688129,0.000220771061116094
"ENSG00000198807","PAX9",0.893656246196511,0.0018201807824826
"ENSG00000198854","KPLCE",1.34223196112326,0.00593023770563773
"ENSG00000198879","SFMBT2",0.77297239094279,0.000570051741602338
"ENSG00000198930","CSAG1",0.648291803474713,5.31315854308188e-11
"ENSG00000198931","APRT",0.312291357138098,1.18585117332807e-05
"ENSG00000198952","SMG5",0.302129837090268,0.0240015846016329
"ENSG00000199512","RNU6-212P",1.27280365099561,0.00640759640945872
"ENSG00000199753","SNORD104",0.548922723886045,0.0248695990974763
"ENSG00000199872","RNU6-942P",0.669579346361107,0.0444865961551482
"ENSG00000200502",NA,1.08987407903746,0.00241592387946703
"ENSG00000200913","SNORD46",2.93647967000564,6.4216605068708e-09
"ENSG00000201592",NA,0.605382735420201,0.0459515302594854
"ENSG00000202400","SNORD82",1.90717917822906,0.0015159025871032
"ENSG00000202538","RNU4-2",0.758301875212307,0.030227945341405
"ENSG00000203497",NA,0.680735422408694,0.0129998709578009
"ENSG00000203499","IQANK1",2.33590874088024,0.00015057883359192
"ENSG00000203546",NA,0.681901641667851,0.0218054177814686
"ENSG00000203722","RAET1G",1.29719503201345,0.000558877875750224
"ENSG00000203727","SAMD5",0.567478668473057,0.0395740265002216
"ENSG00000203930","LINC00632",0.825299400553861,0.00012588900031144
"ENSG00000203965","EFCAB7",0.584382560640911,0.0441358029117337
"ENSG00000204103","MAFB",2.82353931773805,9.73242789230421e-12
"ENSG00000204237","OXLD1",0.324377283264801,0.0179522126194687
"ENSG00000204248","COL11A2",1.26495481586448,0.00484960995342404
"ENSG00000204256","BRD2",0.377647474959259,8.47758398831603e-08
"ENSG00000204257","HLA-DMA",0.482119097984391,0.0154075454869065
"ENSG00000204314","PRRT1",0.730561690008245,0.0342280172473655
"ENSG00000204351","SKIC2",0.268061068200274,0.0048502506905816
"ENSG00000204356","NELFE",0.281009386203961,1.01019192695554e-05
"ENSG00000204390","HSPA1L",0.560624447878561,0.0338837861149332
"ENSG00000204428","LY6G5C",0.840117228153824,0.00305451533332884
"ENSG00000204438","GPANK1",0.381801694073537,0.000416394878147187
"ENSG00000204498","NFKBIL1",0.382255345833743,0.0153158297841874
"ENSG00000204524","ZNF805",0.585628441956404,0.00627877064939502
"ENSG00000204540","PSORS1C1",0.873465509994213,0.000669105983063496
"ENSG00000204611","ZNF616",0.889699065955448,1.250310915585e-05
"ENSG00000204923","FBXO48",0.827423601382997,0.00160188556395955
"ENSG00000204954","UQCC6",0.585774521719053,2.01213614629636e-05
"ENSG00000204959",NA,1.29750898918269,0.00605713292052066
"ENSG00000204991","SPIRE2",0.896392019998645,7.39564530993237e-06
"ENSG00000205045","SLFN12L",1.3982567232259,0.00479102045779754
"ENSG00000205129","CFAP96",1.24714749058086,0.00720413005046576
"ENSG00000205155","PSENEN",0.354518987192103,0.00186800216518538
"ENSG00000205277","MUC12",0.738500911599861,0.0406440838110987
"ENSG00000205302","SNX2",0.265466388968508,0.00339887194396583
"ENSG00000205325",NA,0.746823079758459,0.0406546758800964
"ENSG00000205336","ADGRG1",0.368525008240024,0.00669731649450185
"ENSG00000205629","LCMT1",0.284980680240858,0.00528359122729451
"ENSG00000205707","ETFRF1",0.361794955918268,0.0081643383101344
"ENSG00000205726","ITSN1",0.277920035297502,0.00551006896145064
"ENSG00000205809","KLRC2",2.22804583943215,0.000470269397732926
"ENSG00000206172","HBA1",1.97903634868932,0.000745561653739326
"ENSG00000206538","VGLL3",1.41328949883161,2.32700443108023e-11
"ENSG00000206573","THUMPD3-AS1",0.401535561727846,0.00977165684264246
"ENSG00000206754","SNORD101",0.984910903029935,0.0165066178182048
"ENSG00000209482","SNORD83A",2.62198410755276,7.65496351332826e-05
"ENSG00000210100",NA,0.733439874326455,0.0057372958218348
"ENSG00000212452","SNORD69",1.2124574668786,0.00871593712058113
"ENSG00000212864","RNF208",1.2225576734722,6.42750791295499e-05
"ENSG00000213199","ASIC3",0.750910971261322,0.0312982423015801
"ENSG00000213269","RPS6P26",0.849948847535183,0.0278489374420973
"ENSG00000213398","LCAT",0.519165101618607,0.0327356962617067
"ENSG00000213433",NA,0.93626878250749,9.06163146062463e-05
"ENSG00000213442","RPL18AP3",0.401884587303853,0.026007539191155
"ENSG00000213533","STIMATE",0.667962901968185,0.00485731352136727
"ENSG00000213742","ZNF337-AS1",0.492364068640714,0.0251400226617077
"ENSG00000213918","DNASE1",0.912538288079822,0.000127640204787432
"ENSG00000213928","IRF9",0.673053567989403,0.00223413616356445
"ENSG00000214274","ANG",1.66345912124094,1.46881862988406e-06
"ENSG00000214439",NA,1.76613223150138,0.00106372183846362
"ENSG00000214559",NA,2.12438833192043,1.24648625152132e-05
"ENSG00000214655","ZSWIM8",0.545651879868006,0.000127717964526013
"ENSG00000215014",NA,0.705645946751577,0.0157488507002992
"ENSG00000215039","CD27-AS1",0.375163504075919,0.04817933664694
"ENSG00000215067",NA,0.520240247534011,0.0380877840886168
"ENSG00000215193","PEX26",0.383487777833686,1.45183007287538e-08
"ENSG00000215252","GOLGA8B",0.507791768336694,0.00411971857581013
"ENSG00000215717","TMEM167B",0.35356840500879,0.00503015069449927
"ENSG00000215915","ATAD3C",1.17404622763029,0.00982447572541617
"ENSG00000217442","SYCE3",0.744670999762591,0.0380877840886168
"ENSG00000218891","ZNF579",0.313801340254691,0.0196244504881876
"ENSG00000221164","SNORA11F",0.689898899372858,0.0014303089311442
"ENSG00000221821","PEX39",0.665373087883471,0.00207564248153674
"ENSG00000221909","FAM200A",0.319688047344002,0.0446666096607228
"ENSG00000221983","UBA52",0.240051111120003,0.000320851104789697
"ENSG00000222011","FAM185A",1.78569958864909,8.59227659402028e-08
"ENSG00000222043",NA,1.92445981037394,5.30033865490057e-05
"ENSG00000222057","RNU4-62P",0.744427642597123,0.0186407889070507
"ENSG00000223131","RNA5SP304",0.896622040614162,0.00538521265356397
"ENSG00000223552","CCR5AS",0.898443820619205,0.0236863133545935
"ENSG00000223745",NA,0.820430657006648,5.32967057355769e-05
"ENSG00000223820",NA,0.645523099858899,0.04406221771255
"ENSG00000224046","DMTF1-AS1",0.944327567270568,0.00122264782947255
"ENSG00000224259","LINC01133",0.595285922890467,0.0295518355489003
"ENSG00000224525",NA,0.701873659655027,0.0474133893245027
"ENSG00000224616",NA,0.55748108530935,0.0443329144926327
"ENSG00000224786",NA,0.727542279024732,0.0347305711676934
"ENSG00000224805","LINC00853",1.43032568216438,0.00231011831651954
"ENSG00000224934","GOT1-DT",1.17245014190737,0.00342829290978598
"ENSG00000225140","DIP2C-AS2",1.5079237668109,0.000398902187867091
"ENSG00000225173",NA,2.72927032699848,8.25091407013136e-05
"ENSG00000225190","PLEKHM1",0.53181488198401,0.00122264782947255
"ENSG00000225335",NA,0.99688983137557,0.00525757185790162
"ENSG00000225339",NA,0.725589614412316,0.0140728462352366
"ENSG00000225361","PPP1R26-AS1",0.65193438917477,0.004879918320049
"ENSG00000225518","LINC01703",0.708782844364967,0.0474512325786131
"ENSG00000225693",NA,1.16703710806494,0.00638902807538832
"ENSG00000225720",NA,1.92682265497895,0.00129862738694773
"ENSG00000225793","TMEM30A-DT",0.910161475238226,0.00964142524855899
"ENSG00000225969",NA,1.06491329696149,0.00801399142734792
"ENSG00000226180","LOC100129215",0.826138336093328,0.0232717734982017
"ENSG00000226210","WASH8P",1.48390111632708,0.00271523958511187
"ENSG00000226287",NA,0.781126059778586,0.00885053494855996
"ENSG00000226328","NUP50-DT",0.377113514130787,0.0445237096234296
"ENSG00000226386",NA,0.932901902735514,0.0208232491853435
"ENSG00000226520",NA,0.952798386980162,0.00515558480568853
"ENSG00000226688","ENTPD1-AS1",0.263919468546973,0.0168423335762258
"ENSG00000226853",NA,0.881743397938738,0.000667933095331191
"ENSG00000226935","LINC00161",0.408223792169793,0.0476500025415149
"ENSG00000227051","C14orf132",0.53925080432002,2.56152475170192e-05
"ENSG00000227053","MUC12-AS1",1.28032959583995,0.00462338447771288
"ENSG00000227070","EPS15-AS1",0.820351156351927,0.0304557956485587
"ENSG00000227398",NA,0.687816210578153,0.0117942342707009
"ENSG00000228434",NA,0.539749219872337,0.0498473471438545
"ENSG00000228474","OST4",0.187010606308342,0.0421352057774301
"ENSG00000228643",NA,1.19898029219398,0.00868145702001189
"ENSG00000228661","STIM1-AS1",0.714241664198673,0.0328937689519074
"ENSG00000229178",NA,0.668429309344256,0.0453966204379849
"ENSG00000229180",NA,0.277581014695271,0.0222559756286776
"ENSG00000229334",NA,0.833627751534424,0.00744993352589684
"ENSG00000229544","NKX1-2",2.64499707833283,3.69696163676195e-05
"ENSG00000229891","LINC01315",2.02481142630927,5.09597391104398e-05
"ENSG00000229994","RPL5P4",0.411467358622332,0.00454112753545183
"ENSG00000230098",NA,1.37442222901549,0.00542884396067831
"ENSG00000230424","EMC1-AS1",1.26655542119812,0.000108960319678921
"ENSG00000230457",NA,0.702991849921375,0.0424984918463426
"ENSG00000230555",NA,0.644830248380397,0.0302878748558296
"ENSG00000230679","ENO1-AS1",0.845876163794958,0.0110089560207178
"ENSG00000230732",NA,0.761487608573964,0.00252533129574603
"ENSG00000230758","SNAP23P1",0.940730553547718,0.0199482009513661
"ENSG00000230832",NA,2.55531223468421,0.000174685012199854
"ENSG00000231249","ITPR1-DT",0.79097754645912,0.0173652149795309
"ENSG00000231389","HLA-DPA1",0.44169571516034,0.033272140553311
"ENSG00000231636","AGBL5-AS1",0.710679786775603,0.0179004824057597
"ENSG00000231663","COA6-AS1",0.711105418103379,0.000610560869216523
"ENSG00000231711",NA,0.654978658483793,0.0272477649243245
"ENSG00000231742","LINC01273",1.11922458904368,0.00584165646238114
"ENSG00000231770",NA,0.627398625964947,0.00310810057309503
"ENSG00000231784",NA,1.10129248929236,0.00548782903803775
"ENSG00000231789","PIK3CD-AS2",0.905618976249699,0.0117181847050564
"ENSG00000231856",NA,0.853116625914307,0.00706983238440732
"ENSG00000231925","TAPBP",0.256104539383385,0.0100559825864969
"ENSG00000232284","GNG12-AS1",0.733539551913598,0.0424709740714073
"ENSG00000232445",NA,0.44988518277952,0.0138615893081325
"ENSG00000232859","LYRM9",0.853648219206879,0.00851470073993173
"ENSG00000232956","SNHG15",0.30765942822638,0.0210458179259357
"ENSG00000233006","MIR3936HG",1.10756503340262,0.00956081051136012
"ENSG00000233203",NA,0.862942322940152,0.0265724013632512
"ENSG00000233264",NA,0.801655105559083,0.0116477368749237
"ENSG00000233515","LINC01518",0.853842904541713,0.000574007447546634
"ENSG00000233558","LOC100287430",0.832453130288292,0.0299743624433202
"ENSG00000233560","KRT8P39",0.901732860998033,0.0226622640255211
"ENSG00000233757","ZNF892",1.09849114976268,4.27840864636011e-05
"ENSG00000233822","H2BC15",0.919070377136499,0.000340566527176674
"ENSG00000233927","RPS28",0.212542300604061,0.00069498805924385
"ENSG00000234432","LINC02983",0.720018884303933,0.0457570493329036
"ENSG00000234608","MAPKAPK5-AS1",0.467493144040716,0.000231547916594676
"ENSG00000234753","FOXP4-AS1",0.571071510780794,0.0136920828527442
"ENSG00000234880","LINC00163",0.737498936405469,0.0427274275754264
"ENSG00000234913",NA,0.79268302772556,0.0328937689519074
"ENSG00000234936",NA,0.698240150349893,0.0484135126619271
"ENSG00000235453","SMIM27",0.351954584921904,0.0418450222837645
"ENSG00000235513",NA,0.840737945272828,0.0235295506896199
"ENSG00000235527","HIPK1-AS1",0.760404401480352,0.0330206584181585
"ENSG00000235529","AGAP1-IT1",1.78066290830461,0.000117125950432581
"ENSG00000235919","ASH1L-AS1",0.523554390318246,0.0275700156070698
"ENSG00000237036","ZEB1-AS1",0.555721975319778,0.0101695491109056
"ENSG00000237074",NA,1.17694959856923,0.00975189475739939
"ENSG00000237161",NA,0.682282766625834,0.0256252109358001
"ENSG00000237232","ZNF295-AS1",0.624404591669941,0.0448462428784628
"ENSG00000237575",NA,1.13669712544852,0.0109858318294707
"ENSG00000237605","DYRK3-AS1",2.09276930767602,9.03301336021719e-07
"ENSG00000238045",NA,2.12039083332949,8.21639129823048e-07
"ENSG00000238741","SCARNA7",0.816765366997549,0.0138077028909552
"ENSG00000238835","SCARNA18",0.651522852081683,0.0434862811056845
"ENSG00000239569","LHFPL3-AS2",0.904530017211337,6.28665841638706e-05
"ENSG00000239617","RPL32P27",2.07636001195569,0.000162239306808809
"ENSG00000239719",NA,1.26690283093854,6.1888752569505e-05
"ENSG00000240003","RPL7P24",0.755158451548426,0.0399816287516888
"ENSG00000240065","PSMB9",0.545302612596884,0.0120528055680221
"ENSG00000240445","FOXO3B",0.551665269367384,0.00667228420226923
"ENSG00000240750","RN7SL559P",0.644269391372591,0.0225890653823604
"ENSG00000240849","PEDS1",0.285247084100969,0.00733972018676311
"ENSG00000240875",NA,0.930882534617167,0.0120237981040425
"ENSG00000240964","RN7SL751P",0.674911914388604,0.0408872283621919
"ENSG00000241255",NA,0.957887531430236,0.00326965843088868
"ENSG00000241288","LINC02614",1.35540124914293,0.000265846822861116
"ENSG00000241468","ATP5MF",0.234246866169126,0.0345551017622731
"ENSG00000241839","PLEKHO2",0.333337722827927,0.0286672558827852
"ENSG00000242147","LINC02677",0.563996432154532,0.0123242067228676
"ENSG00000242247","ARFGAP3",0.299333796618284,0.0054737228229152
"ENSG00000242512","LINC01206",1.42583095019288,0.00441012164589696
"ENSG00000242599",NA,0.706834567931237,0.0296440461360964
"ENSG00000242612","DECR2",0.372529273672268,0.00975486785765458
"ENSG00000242697","RPL5P12",0.392655310468895,0.0339839897890426
"ENSG00000242802","AP5Z1",0.355528807086887,0.013499480805723
"ENSG00000243103","RN7SL452P",0.68355657368316,0.044930899588483
"ENSG00000243224","TWF2-DT",0.66260917017803,0.0421402748634844
"ENSG00000243225",NA,3.12175744272372,2.84092340993597e-06
"ENSG00000243279","PRAF2",0.451446421556587,0.000246858511035552
"ENSG00000243978","RTL9",1.68459595312825,0.000248705774375892
"ENSG00000244045","VMA12",0.307415659437408,0.000469913609723142
"ENSG00000244119",NA,1.45143095267743,0.00399165579550355
"ENSG00000244184","PELP1-DT",1.23591119057501,7.33217752773632e-05
"ENSG00000244300",NA,0.662499388656788,0.0139667677851622
"ENSG00000244459",NA,1.3273625752442,0.00309220903212199
"ENSG00000244687","UBE2V1",0.780124021455263,0.0185479151183069
"ENSG00000245293","CYP2U1-AS1",0.937316419133051,0.00309673645353553
"ENSG00000245317","MRNIP-DT",0.73760580732537,0.0304557956485587
"ENSG00000245975","MINDY2-DT",1.98753677591935,0.00111010624345632
"ENSG00000246130","TNFRSF10B-AS1",0.818661061157795,0.0314401253683274
"ENSG00000246174","KCTD21-AS1",0.73902798335174,0.00593712055097329
"ENSG00000247092","SNHG10",0.580815161701237,0.000563781409291927
"ENSG00000247137","ANKRD42-DT",0.456093806132394,0.0181241909421565
"ENSG00000247317",NA,0.8708125036763,0.0221740140345007
"ENSG00000247373",NA,0.726714905590677,0.030144859489448
"ENSG00000247498","GPRC5D-AS1",1.082063018527,0.0127328296571606
"ENSG00000247675","LRP4-AS1",0.681715475754981,0.00256216654386508
"ENSG00000247735",NA,0.762701011147045,0.0216431825168451
"ENSG00000248008","NRAV",0.422161689144199,0.0123191949757567
"ENSG00000248015",NA,0.970644747370384,0.0155104822082504
"ENSG00000248333","CDK11B",0.371272929711306,0.00103601216868476
"ENSG00000248489","LOC100289230",0.55137079336044,0.0283870544765235
"ENSG00000248698","KLF17P2",1.03040505717528,0.00120948789429819
"ENSG00000248968",NA,1.03792136530272,0.0136636222798209
"ENSG00000249069",NA,0.777558128663299,0.0341000635145046
"ENSG00000249307",NA,0.763353335171692,0.0264487378991866
"ENSG00000249348","UGDH-AS1",0.560365382279907,0.0266982254194228
"ENSG00000249592","PCGF3-AS1",0.544052060698093,0.00784256689962851
"ENSG00000249673",NA,0.625638097603543,1.19173995912673e-06
"ENSG00000250222",NA,0.569295227104251,0.000542022687329529
"ENSG00000250564",NA,1.52420691272274,0.00374000954161127
"ENSG00000250571","GLI4",0.495124890798621,0.0238831876599898
"ENSG00000251239","LOC101927253",1.52498993974727,0.00369513938674974
"ENSG00000251257",NA,1.29851455441532,0.00186984806499501
"ENSG00000251279",NA,0.597846956468581,0.0238176905748059
"ENSG00000251348",NA,0.622522338978894,0.0392413766583584
"ENSG00000251369","ZNF550",0.679348289796201,3.42859926576656e-07
"ENSG00000252835","SCARNA21",1.57375256015659,0.00178829982039754
"ENSG00000253125",NA,0.795690900469073,0.0325652534034536
"ENSG00000253540",NA,0.836785245979692,0.0108856547495753
"ENSG00000253552",NA,3.05527387909588,8.22992042384581e-06
"ENSG00000253819",NA,1.22252690486737,1.64207811031342e-06
"ENSG00000254373",NA,0.894545268223898,0.0168754288685382
"ENSG00000254876","SUGT1P4-STRA6LP",0.853543456102791,0.0183940209639396
"ENSG00000254999","BRK1",0.203930590436333,0.00853829434045822
"ENSG00000255112","CHMP1B",0.408949137618985,0.00207569317793469
"ENSG00000255145",NA,1.26652422099076,0.00235076718444258
"ENSG00000255153","TOLLIP-DT",1.2397050368182,0.000649290797066203
"ENSG00000255224",NA,1.12778476992543,0.00267649823618196
"ENSG00000255284","GATD1-DT",0.436582059413564,0.0196511085877939
"ENSG00000255491","LOC105375743",0.747900855486008,0.0410050614320067
"ENSG00000255521","CD44-DT",1.34567612851144,0.00572909001776261
"ENSG00000255856",NA,0.574976792566401,0.0164781271741835
"ENSG00000255931","LOC105369329",1.3561566672293,0.0040166909384662
"ENSG00000256053","COA8",0.328422809231206,0.00197751008193428
"ENSG00000256073",NA,0.798820147104626,8.57563544788001e-05
"ENSG00000256188","TAS2R30",0.607492551172247,0.0362064776835566
"ENSG00000256223","ZNF10",0.728181023434255,0.0345481197847288
"ENSG00000256325",NA,0.85723192244881,0.0216816681077353
"ENSG00000256591",NA,0.765233636698691,0.0310148072561973
"ENSG00000256628","ZBTB11-AS1",0.455690702146246,0.00924132622974148
"ENSG00000257135",NA,0.773101679217537,0.0298703892771312
"ENSG00000257267",NA,0.371239787933911,1.2242125275735e-06
"ENSG00000257335","MGAM",1.30992871305664,0.00359820891106228
"ENSG00000257556","LOC124903398",0.841901871933185,0.0189754694422165
"ENSG00000257604",NA,0.677978635563396,0.0426033172261363
"ENSG00000257605",NA,0.680832710555943,0.000321923627551963
"ENSG00000257702","LBX2-AS1",0.952182124028264,0.00061842785389725
"ENSG00000257704","INAFM1",0.392656143248869,0.00312316704303488
"ENSG00000258057","BCDIN3D-AS1",0.679862648954126,0.0416798147012994
"ENSG00000258738","BAZ1A-AS1",0.737811932844843,0.00351991809340753
"ENSG00000258788",NA,0.94852251462705,0.0198994227283731
"ENSG00000258920","FOXN3-AS1",0.940344822366909,0.00490669244851336
"ENSG00000259494","MRPL46",0.561711019454144,0.0333756555204939
"ENSG00000259630",NA,0.662653887460806,0.0245614523912398
"ENSG00000259706","HSP90B2P",0.615095239877769,0.0333247224600538
"ENSG00000259820",NA,0.637068610194989,0.0360277894230888
"ENSG00000260027","HOXB7",0.255705752876091,0.0138444856351392
"ENSG00000260083","MIR762HG",0.813737232262704,0.000269564982403521
"ENSG00000260302",NA,1.21064678314056,0.00113005419871712
"ENSG00000260565",NA,0.532935742088734,0.0102133804732513
"ENSG00000260615","RPL23AP97",0.767347699113719,0.0366571281827193
"ENSG00000260643",NA,0.928457586475425,0.0193034697292692
"ENSG00000260708","TBC1D22A-DT",0.578372032356867,0.000424528697414844
"ENSG00000260778",NA,0.787050767591547,0.0115512969822672
"ENSG00000260806",NA,0.593239219468736,0.00596320508258329
"ENSG00000261071",NA,0.516981614205286,0.0435670843047747
"ENSG00000261118","LOC101927863",0.982195778620755,0.0167849923110013
"ENSG00000261359","PYCARD-AS1",0.884933298517868,0.0245210628354687
"ENSG00000261360","OTULIN-DT",1.73911019687256,0.000442801209274987
"ENSG00000261404","PSMD7-DT",0.915535770268,0.01965273242281
"ENSG00000261431",NA,0.948509652881764,0.00079271920966722
"ENSG00000261465","COQ7-DT",0.868661801959474,0.0257075062665308
"ENSG00000261526",NA,0.859049825289431,0.00033663417187053
"ENSG00000261652","PIERCE2",0.92807862697718,0.00532209197336187
"ENSG00000261716","H2BC20P",0.568686605550847,0.00698450032304238
"ENSG00000261838","LOC105371361",0.947708460183207,0.0199223191442267
"ENSG00000262089",NA,1.82729526499942,7.5906048563276e-05
"ENSG00000262136","NQO1-DT",0.583251760333985,0.0486411454996164
"ENSG00000262580",NA,0.899823678411328,0.0125638113556087
"ENSG00000262691",NA,0.802263008020538,0.0267645116123553
"ENSG00000262884","LOC101927911",0.6792695766945,0.0470908692892184
"ENSG00000262902","MTCO1P40",1.18834210655643,0.00645078823408691
"ENSG00000263072","ZNF213-AS1",0.443547909902788,0.00510349437043308
"ENSG00000263627",NA,1.72631522771409,0.00213521905524225
"ENSG00000263934",NA,0.762014121525944,0.0295372418358569
"ENSG00000264107","MIR4733HG",0.606263040992491,0.033549546553297
"ENSG00000264522","OTUD7B",0.345479012059725,0.0130167691283196
"ENSG00000264596",NA,0.939000604845393,0.00824183289290292
"ENSG00000264743","DPRXP4",0.732516962309593,0.0384173217254579
"ENSG00000264808",NA,0.896950358270655,0.0212773750852795
"ENSG00000265055","LOC124904048",1.95025399380191,0.00113952059820865
"ENSG00000265096","C1QTNF1-AS1",1.55530412315016,0.00320556493866406
"ENSG00000265190","ANXA8",1.03956271585084,0.014374946502398
"ENSG00000265688","MILIP",0.335384423962949,0.0361990591920774
"ENSG00000265763","ZNF488",0.998637013524398,0.000496440106761785
"ENSG00000265806","MIR4292",0.670328267299406,0.049678057546923
"ENSG00000266126",NA,1.59212708649759,0.000848800046822909
"ENSG00000266401","DLGAP1-AS6",0.686096552697401,0.0226446007013681
"ENSG00000266495",NA,1.06213588036136,0.00670090698944148
"ENSG00000266921","ZNF230-DT",0.700114271437707,0.0470941446599335
"ENSG00000266970","SOCS3-DT",0.836886841391847,0.0288038083055416
"ENSG00000267002",NA,0.431182092100867,0.0251271806643537
"ENSG00000267080","ASB16-AS1",0.443315558046715,0.00229186333543215
"ENSG00000267100","ILF3-DT",0.245550003955148,0.00794446445471826
"ENSG00000267221","C17orf113",0.860067437916296,0.0263992453732736
"ENSG00000267260","LOC728485",0.609253090452432,0.0125627140959487
"ENSG00000267270","PARD6G-AS1",1.2859022372282,0.00188549223188691
"ENSG00000267288","HEXIM2-AS2",1.1359999149445,0.00936171954229533
"ENSG00000267301","RPL23AP77",2.45342362820648,0.000324808064264106
"ENSG00000267321",NA,0.571044774414399,0.00226097024266392
"ENSG00000267390","KDSR-DT",0.631521221269016,0.0445237096234296
"ENSG00000267419",NA,0.818263615674816,0.00381175216311496
"ENSG00000267462",NA,0.95912589653858,0.0136430729357304
"ENSG00000267530",NA,0.918449859732605,0.0201665527051518
"ENSG00000267577","DNAAF3-AS1",0.669001003559807,0.00827548123681021
"ENSG00000267632",NA,0.625876797798606,0.0342127163853904
"ENSG00000267666",NA,1.68255067621614,0.00237812566323926
"ENSG00000267680","ZNF224",0.658923870967899,7.69440414418383e-05
"ENSG00000267737",NA,0.907767126514399,0.0225573145601101
"ENSG00000267764",NA,0.753090198973182,0.0346100316986171
"ENSG00000268089","GABRQ",1.11682064529246,0.010963763519794
"ENSG00000268129","LOC100289361",0.746062564064527,3.93582476867134e-05
"ENSG00000268189",NA,0.870215495394037,0.0262709892279571
"ENSG00000268403","ZNF143-AS1",0.507023456658933,0.0476989168790774
"ENSG00000268583",NA,1.28364366193591,0.00390958386068988
"ENSG00000268996","MAN1B1-DT",0.746416360130586,6.94097925135078e-07
"ENSG00000269386","RAB11B-AS1",0.615508767854484,0.00973091706203784
"ENSG00000269399",NA,0.618253467067551,0.0456540161207869
"ENSG00000269743","SLC25A53",0.542592544644555,0.0155006790201146
"ENSG00000269906",NA,1.24214177036949,0.00115285282762676
"ENSG00000269952",NA,1.15089724394768,0.000531487162608356
"ENSG00000270170","NCBP2AS2",0.291923169472587,0.00133760994348027
"ENSG00000270194","GOLGA4-AS1",1.3167346232358,0.000266240913672041
"ENSG00000270344",NA,0.564348785942875,0.0338837861149332
"ENSG00000270673",NA,0.814896117225689,0.00503356662688874
"ENSG00000270761",NA,0.957469340621368,0.0118407859706663
"ENSG00000270820","USP34-DT",0.628275165593194,0.0406440838110987
"ENSG00000270906","MTND4P35",1.90172904650449,0.00130221103098076
"ENSG00000270959","LPP-AS2",0.611342480861244,0.00193480799557423
"ENSG00000271122","HERPUD2-AS1",0.319118703310375,0.0121055763193313
"ENSG00000271709","LOC124907880",0.9248289436195,0.00347392951841191
"ENSG00000271737",NA,0.785212759082283,0.0165023933627154
"ENSG00000271751",NA,0.604183308696745,0.0420181656571268
"ENSG00000272081",NA,0.689583602709757,0.0315634942251415
"ENSG00000272086",NA,0.930989631659844,0.000236561413643266
"ENSG00000272092",NA,0.815200502229299,0.00979562926101273
"ENSG00000272121",NA,1.26749428784229,1.06440024297683e-05
"ENSG00000272137",NA,1.3173051555067,0.00650606364300164
"ENSG00000272146",NA,0.518928921011929,0.0298202291552833
"ENSG00000272288","ILRUN-AS1",0.767778417711843,0.00427886861106904
"ENSG00000272341",NA,0.773243218341951,0.0228330811940831
"ENSG00000272398","CD24",0.665308582062524,0.0190032585348345
"ENSG00000272459","FAM193B-DT",1.15069495237608,0.00985017073615111
"ENSG00000272468",NA,1.21229661412998,2.96156330140438e-05
"ENSG00000272578",NA,0.494592032450168,0.039236389396051
"ENSG00000272602","ZNF595",0.698297227252114,0.000496694012854094
"ENSG00000272627",NA,1.02681481959717,0.0144102688886081
"ENSG00000272677",NA,1.20152102971332,2.60363309029801e-05
"ENSG00000272703",NA,1.37598848074847,0.000824159302707348
"ENSG00000272758","WDR5B-DT",0.565983114817814,0.0202368400908128
"ENSG00000272779",NA,0.770534790256895,0.000948676635829339
"ENSG00000272831",NA,0.501841833252477,0.000218251180680596
"ENSG00000273008","CSGALNACT2-DT",0.969642759288309,0.0183955662204927
"ENSG00000273132","LOC124901427",0.300686011464858,0.00999859104026958
"ENSG00000273311","DGCR11",0.819267070589377,0.00385458902800577
"ENSG00000273314",NA,0.424995661930788,0.0342127163853904
"ENSG00000273391",NA,1.17927763918825,0.000447840811373076
"ENSG00000273416",NA,1.10044845173716,0.00288269979787978
"ENSG00000273706","LHX1",0.471213295899346,0.00905017400317306
"ENSG00000273763",NA,0.891176243524208,0.0241127226215708
"ENSG00000273820","USP27X",0.547734537407515,0.0101825330537153
"ENSG00000273821",NA,0.654460013281477,0.0496761481189949
"ENSG00000273841","TAF9",0.224022829816811,0.0157488507002992
"ENSG00000274231",NA,3.16249186068208,1.72021736697601e-05
"ENSG00000274349","ZNF658",0.599178382804434,0.0427993857847388
"ENSG00000274383",NA,0.553936996075608,0.049897603215443
"ENSG00000274591",NA,0.708957369405361,0.046644874455783
"ENSG00000274677",NA,0.692702746572358,0.0459734745046534
"ENSG00000274737",NA,0.730122024016572,0.0413537813898542
"ENSG00000274818",NA,1.25612910106017,2.96246011050018e-05
"ENSG00000275494",NA,0.690723529581611,0.041728551920563
"ENSG00000275880","NAXD-AS1",1.64439944062318,6.55001454819286e-07
"ENSG00000276045","ORAI1",0.296441710745693,0.0078380584477059
"ENSG00000276337",NA,0.647533261270527,0.0362205877586413
"ENSG00000276449",NA,0.676207315100601,0.0399654614296497
"ENSG00000276509","LOC105371254",0.702744376726859,0.0250778788802951
"ENSG00000276728",NA,0.64634674911063,0.0140820918290915
"ENSG00000277182","LOC100287808",0.702861708326153,0.0278699841777028
"ENSG00000277232","GTSE1-DT",1.24925098824348,0.00347309804337933
"ENSG00000277287",NA,1.05067242259032,0.0138572547826171
"ENSG00000277453",NA,1.4638563275061,0.00307019767387402
"ENSG00000277462","ZNF670",0.378940490046207,0.0414360483574668
"ENSG00000277476",NA,0.675729019651327,0.0204834390018358
"ENSG00000277597",NA,2.79321334299595,1.06091348925472e-06
"ENSG00000277602",NA,1.26707808940548,1.36653553355754e-05
"ENSG00000277662",NA,1.00538355530708,0.0114248174289616
"ENSG00000277715",NA,0.850730551891216,0.00965291201522826
"ENSG00000277895",NA,0.978821098904315,0.0140766110636378
"ENSG00000278129","ZNF8",0.901029567548029,5.49774265966376e-08
"ENSG00000278318","ZNF229",0.45034434570709,0.0424822711727028
"ENSG00000278514",NA,1.44095766216004,0.00122575634181588
"ENSG00000278611","ZNF426-DT",1.10675549977839,0.00411763109236704
"ENSG00000278626",NA,0.904472790013747,0.021919122199485
"ENSG00000278730",NA,0.479533904036612,0.00303617278248201
"ENSG00000278828","H3C10",1.35064507569228,2.02858334903256e-07
"ENSG00000278986",NA,0.981118978527134,0.0178204167357933
"ENSG00000278995",NA,2.06308685250657,0.00100673396128533
"ENSG00000279059",NA,0.56660128133244,0.00362873697487863
"ENSG00000279227",NA,0.660167057030141,0.0272788907550165
"ENSG00000279799",NA,0.646389551673844,0.0255554190916796
"ENSG00000279901",NA,0.67809848108842,0.02507459971994
"ENSG00000279903",NA,0.744094596356265,0.0413537813898542
"ENSG00000280219",NA,0.995196792130393,0.000192418736236236
"ENSG00000280587","LINC01348",0.90653709635965,0.0231579997374805
"ENSG00000280721","LINC01943",1.92842953042217,0.000169930999115208
"ENSG00000281189","GHET1",0.924448724478073,0.0210930021327529
"ENSG00000282386",NA,0.756752537902423,0.000212281440974575
"ENSG00000283103","LOC105372480",0.446187526861225,0.00361040680290381
"ENSG00000283122","HYMAI",1.13684535655054,0.00157262981656334
"ENSG00000284968",NA,0.552982763581232,0.00419077068973306
"ENSG00000285294","LINC00842",0.668694204969215,0.0474243659985507
"ENSG00000285572","LOC124903183",1.25270330315529,0.00717193396369948
"ENSG00000285756","LOC389906",0.355697437770201,0.00167112269680955
"ENSG00000285831",NA,1.3950173772504,0.00523415116349618
"ENSG00000285877",NA,1.13095485952558,0.0108865046810257
"ENSG00000286288","LOC100289473",2.04979203472958,0.000603727909346313
"ENSG00000286760","LOC100289495",0.751974621251735,0.0265949689149598
"ENSG00000286883",NA,1.28469709963468,0.00615505622984877
"ENSG00000286909",NA,0.706197627531443,0.0410970916172621
"ENSG00000287200","LOC124902947",0.656561682777865,0.0461197418303831
"ENSG00000287207","LOC107984000",0.885474934424362,0.0236269869071416
"ENSG00000287460",NA,0.725452532697898,0.0388658146689795
"ENSG00000287507",NA,1.64938302254203,0.00256162205868893
"ENSG00000287539",NA,0.734697383327632,0.0416775459942388
"ENSG00000287710",NA,0.490969862803565,0.043477459776555
"ENSG00000287902",NA,1.02047812793129,0.0157488507002992
"ENSG00000288675","PANO1",0.646328445727641,0.0424526062468544
"ENSG00000288741",NA,1.10610582157418,0.00713973491367674
"ENSG00000288743",NA,1.8437431536903,4.24275816624362e-05
"ENSG00000288752",NA,0.486217669983867,0.00109540350034425
"ENSG00000288769",NA,1.68563504274429,0.00131366399428839
"ENSG00000288814",NA,1.12122014406861,0.00661133381724731
"ENSG00000288820",NA,0.589904629784191,0.0417453775398376
"ENSG00000288850",NA,0.819654399409753,0.0297986692559446
"ENSG00000288953",NA,1.04959157425483,8.26260917427472e-06
"ENSG00000289021",NA,0.663333562908312,0.0151763551337992
"ENSG00000289074",NA,0.897086442684066,0.0185452363787223
"ENSG00000289109",NA,0.620698457789047,0.0437202730884643
"ENSG00000289121",NA,0.545577489292934,0.0415826575958535
"ENSG00000289141",NA,2.64261243544005,0.000181936328561145
"ENSG00000289151",NA,1.12817601321703,0.0112307043313492
"ENSG00000289159",NA,0.681045639640166,0.0244262362784645
"ENSG00000289161","LOC100310756",0.348954444422336,0.0308531574032199
"ENSG00000289222",NA,1.11643750361886,0.00814923674607967
"ENSG00000289226",NA,0.919374566671512,0.00348788948851232
"ENSG00000289331",NA,1.01998642259016,0.0144916709296943
"ENSG00000289334",NA,1.56406331721204,0.00311826607228964
"ENSG00000289341",NA,0.765517467078724,0.0380513218431026
"ENSG00000289390",NA,2.57675440689247,1.8094388301476e-06
"ENSG00000289393",NA,0.459070336138983,0.0276081919439036
"ENSG00000289410","LOC107985767",0.889661201208831,0.0245688000289633
"ENSG00000289423",NA,1.0534724145367,0.0124173849397671
"ENSG00000289437",NA,0.487312796358684,0.0423085363309609
"ENSG00000289440",NA,1.05104849485737,0.000273830589939607
"ENSG00000289511",NA,1.81649720828516,0.00177839347758513
"ENSG00000289531",NA,0.806899022898079,0.0324676901265777
"ENSG00000289562",NA,0.938639497968327,0.00797095033877046
"ENSG00000289564",NA,1.25663891183953,0.00118388016421871
"ENSG00000289574",NA,1.01034933507598,0.00614623640278487
"ENSG00000289578","LOC105375478",2.02184635439232,9.76983147820752e-05
"ENSG00000289592",NA,1.54654535986934,0.000550965928365754
"ENSG00000289901",NA,1.13557369287062,0.0106713560199081
"ENSG00000289938",NA,2.01484069761827,9.11818921442842e-05
"ENSG00000289979",NA,0.686663478721488,0.0469507162351598
"ENSG00000290033",NA,0.60355957507937,0.0341000635145046
"ENSG00000290035",NA,0.441324356266101,0.0463124074799291
"ENSG00000290055",NA,0.621321846547023,0.0476989168790774
"ENSG00000290095",NA,1.13592450829114,0.010963763519794
