"ENSEMBL","SYMBOL_wt","log2FC_wt","padj_wt","SYMBOL_KO","log2FC_KO","padj_KO"
"ENSG00000004660","CAMKK1",-0.532417910447916,0.00820948952084606,"CAMKK1",-0.944935966314794,1.88095391658857e-05
"ENSG00000004700","RECQL",-0.24662296770564,0.0133999301587774,"RECQL",-0.445658288506359,2.18109785747956e-06
"ENSG00000004864","SLC25A13",-0.613952526370046,2.73337963990947e-13,"SLC25A13",-0.182977691066881,0.0456703727307002
"ENSG00000005022","SLC25A5",-0.405299493761859,3.61931726748223e-05,"SLC25A5",-0.433063474885907,7.27707024416768e-06
"ENSG00000005059","MCUB",-1.16191137746038,4.87588222097523e-23,"MCUB",-0.693568644324637,1.17679177241551e-09
"ENSG00000005700","IBTK",-0.376691438452857,2.84097410026833e-05,"IBTK",-0.254438363244685,0.00539255452664116
"ENSG00000005810","MYCBP2",-0.536799177593326,3.35904756378245e-07,"MYCBP2",-0.44815022716107,1.85342416643488e-05
"ENSG00000005884","ITGA3",-0.933672075793435,3.03100569502206e-15,"ITGA3",-1.14768109400409,4.60605702091212e-22
"ENSG00000006125","AP2B1",-0.686464663807461,1.30449943925158e-20,"AP2B1",-0.556257159628534,6.14633792808755e-14
"ENSG00000006634","DBF4",-0.601885993711832,6.86007055429134e-10,"DBF4",-0.363306352907742,0.000185394732274569
"ENSG00000006715","VPS41",-0.577235655229809,1.588143157104e-08,"VPS41",-1.08926908021566,3.42589421397339e-24
"ENSG00000007968","E2F2",-0.846876830608614,3.45538273439769e-05,"E2F2",-0.980854240649395,6.21076619275626e-06
"ENSG00000008277","ADAM22",-0.789405017800429,0.000612715447838022,"ADAM22",-0.776707863269666,0.00111712254321653
"ENSG00000008324","SS18L2",-0.30146166250824,0.00806015875464436,"SS18L2",-0.296306219046748,0.00822681186191611
"ENSG00000009307","CSDE1",-0.271746858966541,6.16693941583334e-10,"CSDE1",-0.308447253573331,1.66058963223794e-12
"ENSG00000009694","TENM1",-1.00380321415733,0.00425169831088733,"TENM1",-2.17669833258544,1.07392890312922e-19
"ENSG00000010219","DYRK4",-0.524865248540336,8.21991255111847e-06,"DYRK4",-0.844190638719594,6.52959064607509e-12
"ENSG00000010244","ZNF207",-0.258093637958228,6.64514716823886e-05,"ZNF207",-0.247471927122036,0.000191009718141037
"ENSG00000010803","SCMH1",-1.52161335516146,1.33470474097847e-23,"SCMH1",-1.03363329348803,1.70442214082004e-14
"ENSG00000011114","BTBD7",-0.297456164902208,0.000712202635364127,"BTBD7",-0.202120602155011,0.0263268994651309
"ENSG00000011201","ANOS1",-1.21463079617291,8.21590075630268e-09,"ANOS1",-1.0449223848796,6.71410311682309e-07
"ENSG00000011295","TTC19",-0.546819772481197,2.69143207763517e-08,"TTC19",-0.315369343410119,0.001473129482817
"ENSG00000011422","PLAUR",-0.60130216952786,1.3226004127395e-10,"PLAUR",-0.432678913441138,3.46772165455439e-06
"ENSG00000011454","RABGAP1",-0.547463240894578,9.69532299910288e-15,"RABGAP1",-0.260733390632722,0.000200965370623455
"ENSG00000011677","GABRA3",-0.63957704386666,6.76458662335904e-06,"GABRA3",-1.68119198061965,2.99490623302485e-21
"ENSG00000012124","CD22",-0.757355981772308,0.00217100162241378,"CD22",-0.927739989815036,0.000345261778502093
"ENSG00000012660","ELOVL5",-0.442766275880253,2.71560269477442e-06,"ELOVL5",-0.266604930832218,0.00681031473629261
"ENSG00000014824","SLC30A9",-0.552516463924543,5.86962405910205e-13,"SLC30A9",-0.540763692767164,1.17076051335122e-12
"ENSG00000015133","CCDC88C",-0.428860294604492,0.00508225990056622,"CCDC88C",-0.47746300239575,0.000901544867072856
"ENSG00000015153","YAF2",-0.28729223250829,0.00584891363121347,"YAF2",-0.421837166668636,3.0950593468526e-05
"ENSG00000015171","ZMYND11",-0.698963093594851,2.10986310541153e-21,"ZMYND11",-0.240857193733023,0.0012037584071398
"ENSG00000015475","BID",-0.236556249617804,0.0206791515111706,"BID",-0.299921262548424,0.0019912893825234
"ENSG00000015676","NUDCD3",-0.461428572405282,1.43774280195942e-12,"NUDCD3",-0.448157239272477,4.8820822070455e-12
"ENSG00000018699","TTC27",-0.349164090798395,0.00135967122335654,"TTC27",-0.234501853943514,0.0467820179301868
"ENSG00000020426","MNAT1",-0.613944897115702,1.4323102498489e-08,"MNAT1",-0.4826026312633,4.61871485476399e-06
"ENSG00000021645","NRXN3",-1.3989466198526,6.0708627368282e-08,"NRXN3",-1.47055628104359,1.74890453301426e-07
"ENSG00000021776","AQR",-0.341687717098661,3.46600438237631e-06,"AQR",-0.438720245069604,2.47157923044089e-09
"ENSG00000021826","CPS1",-1.43604705188777,1.31207166982674e-12,"CPS1",-2.3089430991551,6.96384885851438e-21
"ENSG00000022267","FHL1",-0.890410260587069,2.69892136713369e-14,"FHL1",-0.671087997699361,2.02777028322126e-08
"ENSG00000022976","ZNF839",-0.430498972571574,0.0016231634775583,"ZNF839",-0.469154643871028,0.000369031819959156
"ENSG00000023041","ZDHHC6",-0.384359364154308,0.000121113662475465,"ZDHHC6",-0.545133706477186,2.63276789781276e-08
"ENSG00000024526","DEPDC1",-0.599728658741457,2.08457029451773e-06,"DEPDC1",-0.302237377821518,0.0160159706494571
"ENSG00000025796","SEC63",-0.237348134077415,0.0173652149795309,"SEC63",-0.23725718626775,0.0155091432540397
"ENSG00000026025","VIM",-0.474427128806996,0.00222573975227559,"VIM",-0.494524884715929,0.00112015774478449
"ENSG00000026559","KCNG1",-0.393106755623779,0.00609923089694107,"KCNG1",-0.567162765127997,0.000113158582644641
"ENSG00000027001","MIPEP",-0.670933250080937,2.15815952093185e-05,"MIPEP",-1.08113956532712,2.24391892419418e-09
"ENSG00000029153","BMAL2",-1.18737828054663,1.59803802961829e-21,"BMAL2",-0.704898945038033,5.38167273768179e-09
"ENSG00000029639","TFB1M",-0.575875169825765,3.95129073731025e-05,"TFB1M",-0.628946330311159,8.66277786414713e-06
"ENSG00000032389","EIPR1",-0.596627989259233,3.7642307698412e-09,"EIPR1",-0.495767461730879,7.90304769075578e-07
"ENSG00000032742","IFT88",-0.325942930893995,0.0295244083929682,"IFT88",-0.297788424567625,0.0324269930627703
"ENSG00000033170","FUT8",-0.972832118987865,2.41141361679905e-14,"FUT8",-0.699017182522963,7.01648292190257e-08
"ENSG00000034053","APBA2",-0.259048838027294,0.046197207222235,"APBA2",-0.476872632750221,0.00020118202356183
"ENSG00000035403","VCL",-0.308186469705829,0.000545033554543866,"VCL",-0.190967758253828,0.0422466150625535
"ENSG00000035499","DEPDC1B",-0.321606636928297,0.0489984521510685,"DEPDC1B",-0.34662430418047,0.0256959529567757
"ENSG00000035681","NSMAF",-0.890162713068752,1.17119440860888e-20,"NSMAF",-0.501395032332676,5.7216107116396e-08
"ENSG00000038210","PI4K2B",-0.817388357746171,1.1470246747699e-07,"PI4K2B",-0.918956972808171,2.27402164339344e-08
"ENSG00000039560","RAI14",-0.590114449488364,7.28184336433627e-10,"RAI14",-0.422135196348557,1.01898336742597e-05
"ENSG00000040341","STAU2",-0.729413631602382,1.15950518536966e-06,"STAU2",-0.60901304486793,2.22718710636884e-05
"ENSG00000040633","PHF23",-0.191031577001035,0.0263823654834307,"PHF23",-0.216081617562759,0.0100471238815999
"ENSG00000041982","TNC",-1.7157960290648,3.42656869602829e-09,"TNC",-1.65531186602455,3.61839283097292e-09
"ENSG00000042088","TDP1",-0.797455296310522,2.38135900601097e-12,"TDP1",-0.278025357869757,0.0128292365223041
"ENSG00000044459","CNTLN",-0.360110593697554,0.000237597408119952,"CNTLN",-0.402807798480825,2.17225711014227e-05
"ENSG00000044574","HSPA5",-0.824938351926821,5.75079544094861e-26,"HSPA5",-0.862906117793528,6.53357159019866e-28
"ENSG00000047579","DTNBP1",-0.309092767478007,0.00129444068003513,"DTNBP1",-0.293150333630303,0.00195688510432111
"ENSG00000047849","MAP4",-0.690712205450732,1.38457655496408e-22,"MAP4",-0.650201877374941,5.35687158157041e-20
"ENSG00000048828","FAM120A",-0.517395358312175,1.79730205258354e-17,"FAM120A",-0.453882014204709,9.85701670798098e-14
"ENSG00000048991","R3HDM1",-0.681316677507477,2.47789050816687e-14,"R3HDM1",-0.599327162553345,4.26492558336702e-11
"ENSG00000049246","PER3",-0.622322527099152,0.000763634121106407,"PER3",-1.44638418901439,2.56468224519477e-13
"ENSG00000049618","ARID1B",-0.327778892204251,0.000339879356572708,"ARID1B",-0.19509292389417,0.0411508588085551
"ENSG00000050165","DKK3",-0.776261272124704,1.14273376411324e-09,"DKK3",-1.06438290119409,1.57203191484403e-14
"ENSG00000050748","MAPK9",-0.909152737129619,1.28751680221896e-23,"MAPK9",-0.565927955315392,1.42036394571622e-10
"ENSG00000051108","HERPUD1",-0.557273664740484,0.000196976546281031,"HERPUD1",-0.840287920697607,5.23595931860473e-08
"ENSG00000052802","MSMO1",-0.968765862649706,6.32692451479145e-09,"MSMO1",-1.10785279668637,5.83422707157349e-11
"ENSG00000053372","MRTO4",-0.336781418076205,2.66081448875533e-05,"MRTO4",-0.292248770491815,0.000275176410398111
"ENSG00000054118","THRAP3",-0.512601075593945,1.13327795770952e-15,"THRAP3",-0.489324303416323,2.35296098852561e-14
"ENSG00000054282","SDCCAG8",-0.767875523402958,2.21673494898633e-10,"SDCCAG8",-0.974664455298435,1.08145551525556e-15
"ENSG00000054654","SYNE2",-1.0321867017452,2.89043497674154e-12,"SYNE2",-0.953762212161453,9.67067785484547e-11
"ENSG00000055044","NOP58",-0.313767797174383,9.86336100190685e-06,"NOP58",-0.363008103563775,1.87808367733572e-07
"ENSG00000056050","HPF1",-0.430538879483926,2.69548774372963e-05,"HPF1",-0.318627492754247,0.00155566332165604
"ENSG00000057019","DCBLD2",-0.776090701903392,4.8905451903736e-19,"DCBLD2",-0.68586424420938,4.97847901679547e-15
"ENSG00000057608","GDI2",-0.290879137590566,2.04798896276569e-05,"GDI2",-0.222377763013503,0.00150957774382746
"ENSG00000057663","ATG5",-0.400717763950603,0.00122896014839759,"ATG5",-0.295317606512548,0.0141866842881264
"ENSG00000058085","LAMC2",-0.482059690678091,1.0705685484474e-05,"LAMC2",-0.353561769712017,0.00169231184534249
"ENSG00000058091","CDK14",-0.976789016934691,7.85403790860422e-15,"CDK14",-1.07564160541195,3.76729554550168e-17
"ENSG00000058668","ATP2B4",-0.389808886436433,0.0463212259247235,"ATP2B4",-0.813080202485911,0.000120423101686121
"ENSG00000059758","CDK17",-0.815595812550537,2.63061976175377e-13,"CDK17",-0.499340816281161,9.94769647849084e-06
"ENSG00000060982","BCAT1",-1.63727463326279,2.03807759330142e-144,"BCAT1",-1.58686792729454,8.95520844304063e-137
"ENSG00000064199","SPA17",-0.370391982244689,0.0129759540956213,"SPA17",-0.791329319814743,6.9288376906416e-07
"ENSG00000064313","TAF2",-0.222683485672009,0.00127087273034985,"TAF2",-0.261416374971965,0.00016143795700675
"ENSG00000064393","HIPK2",-0.339346258865333,0.0162261580909225,"HIPK2",-0.44101352816919,0.00108349197619114
"ENSG00000064652","SNX24",-0.879475097717721,1.63022669660687e-11,"SNX24",-0.818924507801723,2.51528972694159e-10
"ENSG00000064692","SNCAIP",-2.43727956045794,5.29238547870442e-06,"SNCAIP",-2.58275566648544,1.87808367733572e-07
"ENSG00000064763","FAR2",-0.855360458234857,8.45707508476134e-07,"FAR2",-1.86351785477691,1.87487218817323e-10
"ENSG00000064933","PMS1",-0.63189528754022,8.35402720256669e-07,"PMS1",-0.2733961402762,0.0292466778609956
"ENSG00000064999","ANKS1A",-0.334898121440169,0.0301841046659425,"ANKS1A",-0.28391678931561,0.0423902324485593
"ENSG00000065029","ZNF76",-0.453282406844778,0.00667221783488541,"ZNF76",-0.371387114996467,0.0209087729955385
"ENSG00000065150","IPO5",-0.504894210842416,5.25261264384065e-13,"IPO5",-0.374309589040303,9.50256542348405e-08
"ENSG00000065413","ANKRD44",-0.689364516899141,0.000129540345770222,"ANKRD44",-0.372947331814143,0.0143319758574309
"ENSG00000065485","PDIA5",-0.61721881923493,5.97671451666623e-09,"PDIA5",-0.596480528192428,4.56231368763427e-08
"ENSG00000065534","MYLK",-0.315352521818968,0.00870087128903296,"MYLK",-0.583521131137863,5.03586615677635e-07
"ENSG00000065802","ASB1",-0.481179594807842,4.48980139575454e-06,"ASB1",-0.315322318512319,0.00248568805172499
"ENSG00000065833","ME1",-0.508514308223592,1.18585117332807e-05,"ME1",-0.790642358545576,1.13870017184714e-11
"ENSG00000065911","MTHFD2",-0.530039084045563,9.41980969224367e-08,"MTHFD2",-0.379202996732226,0.000118988640938745
"ENSG00000065923","SLC9A7",-0.604144886362059,9.19514157838802e-10,"SLC9A7",-0.888380712248171,2.99174810199437e-18
"ENSG00000065978","YBX1",-0.240937799119243,0.0319781396941328,"YBX1",-0.259558649687218,0.0164205646660107
"ENSG00000066056","TIE1",-1.63149951020503,3.91277083452791e-16,"TIE1",-1.6602823054394,1.64928672616153e-16
"ENSG00000066117","SMARCD1",-0.408194349292667,5.7583473145763e-05,"SMARCD1",-0.36375139140113,0.000291751149333333
"ENSG00000066279","ASPM",-0.586666754638856,0.00015301787982637,"ASPM",-0.381617864624445,0.0105207313438965
"ENSG00000066651","TRMT11",-0.3825860499313,0.0107988062900863,"TRMT11",-0.468949673427917,0.00134953453305647
"ENSG00000066933","MYO9A",-1.0852375525341,1.2557477853356e-22,"MYO9A",-0.834928338465464,6.82794076579136e-15
"ENSG00000067057","PFKP",-0.174896302269136,0.0346333737343313,"PFKP",-0.173418597238058,0.0360777257664094
"ENSG00000067064","IDI1",-0.553151033295296,0.00146564267488598,"IDI1",-0.448096888275459,0.00715933139984989
"ENSG00000067066","SP100",-0.219358882920745,0.0180832300345655,"SP100",-0.231355378966394,0.0110246930374536
"ENSG00000067082","KLF6",-0.447734927934737,0.000975468273083572,"KLF6",-0.558763307825842,3.41077249114331e-05
"ENSG00000067560","RHOA",-0.307966186284902,2.11327164062985e-07,"RHOA",-0.382784861473795,6.32966206856421e-11
"ENSG00000068366","ACSL4",-0.57423106907369,5.0316328836095e-10,"ACSL4",-0.327790556000907,0.000491072672932516
"ENSG00000068489","PRR11",-0.841811006619964,5.20319357958818e-14,"PRR11",-0.616847416287232,3.46621118473396e-08
"ENSG00000068796","KIF2A",-0.495581435801449,2.20847114445366e-11,"KIF2A",-0.251758309516927,0.000987914441954613
"ENSG00000068885","IFT80",-1.15984058033252,9.53040900894942e-06,"IFT80",-0.614635988899461,0.00427794895440944
"ENSG00000069275","NUCKS1",-0.925106694690965,3.3818830959557e-23,"NUCKS1",-0.600241678994598,1.31097468555782e-10
"ENSG00000069702","TGFBR3",-0.643938563325015,9.65064801319703e-06,"TGFBR3",-0.474752706942877,0.000268721825125396
"ENSG00000069974","RAB27A",-0.748303698244236,2.24504775812728e-10,"RAB27A",-0.560779397914824,8.71544868776586e-07
"ENSG00000070081","NUCB2",-0.286219402893495,0.0126986372004979,"NUCB2",-0.389301086854159,0.000356269298594693
"ENSG00000070087","PFN2",-0.493667952371595,1.40818245352413e-06,"PFN2",-0.306858325449012,0.00288593447162718
"ENSG00000070214","SLC44A1",-0.60671461148162,1.0832038337362e-14,"SLC44A1",-0.447696443265122,7.56221432697893e-09
"ENSG00000070269","TMEM260",-0.338141028722204,0.0289362645196493,"TMEM260",-0.445011524007079,0.00238875457523549
"ENSG00000070756","PABPC1",-0.370442016674891,0.000309798788104554,"PABPC1",-0.530716756581426,1.2394167558503e-07
"ENSG00000070785","EIF2B3",-0.623495752163211,8.50509641983347e-09,"EIF2B3",-0.403619340826193,0.00012044312260295
"ENSG00000070961","ATP2B1",-0.610567113187434,2.25583144099119e-12,"ATP2B1",-0.202648176406055,0.0297880941462788
"ENSG00000071051","NCK2",-0.553688097229451,7.46839734324531e-06,"NCK2",-0.279476340429745,0.0211084026058269
"ENSG00000071054","MAP4K4",-0.994215683862894,1.24175670072661e-19,"MAP4K4",-0.803836229719586,3.89088158524644e-13
"ENSG00000071242","RPS6KA2",-2.06771249252814,7.39868733480776e-17,"RPS6KA2",-3.17109187431385,7.48110204514865e-38
"ENSG00000071575","TRIB2",-0.987882094942266,1.16940436799809e-05,"TRIB2",-0.567735271217856,0.00481948766284149
"ENSG00000071626","DAZAP1",-0.582059074029868,1.0263093897673e-20,"DAZAP1",-0.317497059642714,7.11572990230882e-07
"ENSG00000072042","RDH11",-0.360839186949425,0.00032434328860209,"RDH11",-0.249171129386007,0.0151505147473849
"ENSG00000072274","TFRC",-0.313149986236208,0.00491621247942854,"TFRC",-0.370555976477285,0.000530988199092521
"ENSG00000072571","HMMR",-0.688972346361009,0.000306219967576028,"HMMR",-0.565199702484704,0.00229044353529434
"ENSG00000072657","TRHDE",-1.1731101047023,5.22996633076036e-10,"TRHDE",-1.33447025690178,6.67289951065284e-12
"ENSG00000072864","NDE1",-0.337139607500115,0.00563168538573761,"NDE1",-0.257692082913132,0.029649170688384
"ENSG00000073331","ALPK1",-1.13764573731786,4.40150872933025e-05,"ALPK1",-0.941171858972889,0.000131988354072405
"ENSG00000073711","PPP2R3A",-0.947314740401636,2.5165967233562e-19,"PPP2R3A",-0.418692366866649,3.65927225717853e-05
"ENSG00000073792","IGF2BP2",-1.0504758810532,3.25114100943662e-29,"IGF2BP2",-0.945509982789047,9.67376826850123e-24
"ENSG00000073849","ST6GAL1",-1.93707819529121,1.11616698297915e-16,"ST6GAL1",-1.54554653607868,3.70793365368848e-14
"ENSG00000074416","MGLL",-1.12387086842509,1.75230498466518e-06,"MGLL",-1.36305845674481,9.82057096412848e-09
"ENSG00000074657","ZNF532",-0.271061587228748,0.0353779754753979,"ZNF532",-0.390358760493989,0.00099620530932505
"ENSG00000074696","HACD3",-0.314718789912897,2.92457677712063e-05,"HACD3",-0.175386283027888,0.0302952110867945
"ENSG00000074800","ENO1",-0.417348031557453,9.47985241915096e-09,"ENO1",-0.557450706936926,8.2116705112451e-15
"ENSG00000075131","TIPIN",-0.441938102944713,0.000299431134693864,"TIPIN",-0.281697107129094,0.0209232511242644
"ENSG00000075142","SRI",-0.337550166449112,0.00333039723564632,"SRI",-0.404771191333533,0.000292359438226361
"ENSG00000075151","EIF4G3",-0.688960814243863,4.4864148674668e-11,"EIF4G3",-0.596799499700456,1.14770938681094e-08
"ENSG00000075275","CELSR1",-0.306336860502956,0.0473842275883506,"CELSR1",-0.575160831013166,3.9603169863965e-05
"ENSG00000075303","SLC25A40",-1.01108823666601,5.11913177553291e-09,"SLC25A40",-0.450979266711542,0.00212656232346018
"ENSG00000075413","MARK3",-0.324402695913278,3.62822684527625e-08,"MARK3",-0.429692278844887,6.44800852954788e-14
"ENSG00000075415","SLC25A3",-0.23110626074487,0.00284002914499366,"SLC25A3",-0.192258268148797,0.015299855507023
"ENSG00000075624","ACTB",-0.403454373000542,2.20630306326665e-06,"ACTB",-0.404847331655166,1.52060638259833e-06
"ENSG00000075711","DLG1",-1.00243381748784,1.23091004586765e-21,"DLG1",-0.705429696026023,2.51522548514543e-11
"ENSG00000075785","RAB7A",-0.234406084364968,3.15439383904552e-05,"RAB7A",-0.181921465321622,0.00186689597375057
"ENSG00000075914","EXOSC7",-0.640303337804347,6.20773789311186e-09,"EXOSC7",-0.313313304737635,0.0044375841901823
"ENSG00000076003","MCM6",-1.36428582384216,2.11246250582695e-31,"MCM6",-1.20186694784014,2.93913095157865e-25
"ENSG00000076248","UNG",-0.539210995865815,7.99482633403582e-09,"UNG",-0.828637309609001,2.73420808883981e-18
"ENSG00000076356","PLXNA2",-0.730890877515822,0.000410832485963122,"PLXNA2",-1.09552099023962,1.33205840811673e-06
"ENSG00000076770","MBNL3",-0.743437310119008,7.15531398037025e-05,"MBNL3",-1.45604495609671,5.87003410672305e-06
"ENSG00000077232","DNAJC10",-0.171255766108854,0.0350750651818306,"DNAJC10",-0.371607422854979,5.3880619446414e-07
"ENSG00000077458","FAM76B",-0.419716947886895,0.00250351838999281,"FAM76B",-0.38696420021881,0.0036230913059914
"ENSG00000077514","POLD3",-0.286135598285736,0.0118272515038308,"POLD3",-0.238399709056627,0.0332475890422219
"ENSG00000077549","CAPZB",-0.475876708454935,1.56101998594974e-14,"CAPZB",-0.548144381566933,6.25855824500235e-19
"ENSG00000077684","JADE1",-0.5384807391105,2.36791805805674e-09,"JADE1",-0.239742280740602,0.0093873541236879
"ENSG00000078018","MAP2",-1.15785722785121,0.00187477239666998,"MAP2",-1.23984729443454,0.00159129565917027
"ENSG00000078124","ACER3",-0.365949281763539,0.000894481974676427,"ACER3",-0.305380489177993,0.00621602727064902
"ENSG00000078369","GNB1",-0.624423665009719,4.83739275194799e-30,"GNB1",-0.346386865565177,4.93333043411089e-10
"ENSG00000078618","NRDC",-0.330621229179518,4.48300475859381e-05,"NRDC",-0.363068774367099,5.22112958105844e-06
"ENSG00000079156","OSBPL6",-1.21064865448838,1.86014821066182e-32,"OSBPL6",-0.734466122397271,1.27458697156438e-15
"ENSG00000079308","TNS1",-0.653016086381837,0.000122292113197172,"TNS1",-0.713884792985099,1.27505828618783e-05
"ENSG00000079459","FDFT1",-0.684147404849618,1.80756168339802e-06,"FDFT1",-0.483884163730945,0.000526288314543162
"ENSG00000079616","KIF22",-0.418772361276488,0.000207364937658372,"KIF22",-0.250425828801485,0.0294876267238218
"ENSG00000079739","PGM1",-0.338647376115811,0.00870087128903296,"PGM1",-0.390904837881944,0.00131633799924147
"ENSG00000079819","EPB41L2",-0.852480939096214,9.69675979345036e-26,"EPB41L2",-0.640707147872916,4.41570112525745e-15
"ENSG00000079931","MOXD1",-0.752014486889072,0.0019688799407287,"MOXD1",-1.70552276440524,1.09410952816814e-08
"ENSG00000080298","RFX3",-0.577830507369466,0.0060592796026789,"RFX3",-1.02034161329801,1.19355988332162e-05
"ENSG00000080608","PUM3",-0.35447892711409,8.64463219028997e-09,"PUM3",-0.19884631340659,0.00227606950330185
"ENSG00000080823","MOK",-1.06479065931021,1.39698635959387e-19,"MOK",-0.399619619390768,0.00046315345643862
"ENSG00000080986","NDC80",-0.38871979369524,0.00066376950175323,"NDC80",-0.299039500654195,0.00799297616552754
"ENSG00000081026","MAGI3",-0.680324535061519,1.44006696033171e-08,"MAGI3",-0.489190161004979,1.58551168811174e-05
"ENSG00000081189","MEF2C",-0.622131178009358,0.00218193134879831,"MEF2C",-0.378507148379242,0.0324184732448538
"ENSG00000081791","DELE1",-0.314196572558232,0.00751662483869132,"DELE1",-0.26696521931683,0.0226144663422225
"ENSG00000081803","CADPS2",-1.44233086606871,6.1430696584836e-14,"CADPS2",-2.03649502371751,8.44608470105792e-26
"ENSG00000082068","WDR70",-0.573540641575866,4.26696990168353e-07,"WDR70",-0.681497448165014,2.80922335847374e-09
"ENSG00000082153","BZW1",-0.355363208714788,3.38752779696524e-05,"BZW1",-0.224069442696129,0.0119837669373728
"ENSG00000082397","EPB41L3",-0.682485430809518,6.87163736901265e-10,"EPB41L3",-0.288880164923399,0.0109015881695562
"ENSG00000082482","KCNK2",-1.44670103955688,5.34765058426854e-08,"KCNK2",-1.0646035755649,2.9418195735267e-06
"ENSG00000082805","ERC1",-0.482127029907266,1.89340592073154e-05,"ERC1",-0.567178153428212,3.58690633409094e-07
"ENSG00000083123","BCKDHB",-1.00219191637694,0.000901054947293053,"BCKDHB",-0.94016870018506,0.00131715361983807
"ENSG00000083544","TDRD3",-0.740529266564435,9.86056857925979e-08,"TDRD3",-0.648465435887663,3.19352808468088e-06
"ENSG00000083807","SLC27A5",-0.402957740577679,0.0191306454224455,"SLC27A5",-0.693757932001543,4.11929903257307e-05
"ENSG00000084710","EFR3B",-1.76581224215383,0.00049080044493951,"EFR3B",-1.80063273649553,6.2532816975203e-05
"ENSG00000084754","HADHA",-0.143243537387787,0.0317008802456799,"HADHA",-0.319367651373326,2.18326539018457e-07
"ENSG00000084774","CAD",-0.438464877767608,2.03768388363295e-06,"CAD",-0.372944135487804,5.95419010837782e-05
"ENSG00000085224","ATRX",-0.541075175338015,3.68508951021639e-10,"ATRX",-0.411658537600972,1.76076022679891e-06
"ENSG00000085377","PREP",-0.439440507389252,1.39596226095197e-05,"PREP",-0.216469303778805,0.0410133485578006
"ENSG00000085511","MAP3K4",-0.2161368562645,0.0157835271317471,"MAP3K4",-0.257750408366665,0.00293757547601322
"ENSG00000085719","CPNE3",-0.359909562823247,0.000389459183881955,"CPNE3",-0.507877442749986,3.54730191658908e-07
"ENSG00000085832","EPS15",-0.266207969031752,0.00873768844905932,"EPS15",-0.347698869391636,0.000346203044464764
"ENSG00000085982","USP40",-0.383832333289601,2.47275678160739e-06,"USP40",-0.264413330121089,0.00141641525377416
"ENSG00000087338","GMCL1",-0.578383579672953,3.90163370774231e-09,"GMCL1",-0.217720834216625,0.030789415511987
"ENSG00000087448","KLHL42",-0.784050920462941,1.27909687517374e-25,"KLHL42",-0.630977909686411,3.41670602699156e-18
"ENSG00000087586","AURKA",-0.395176816999973,6.24726116443486e-05,"AURKA",-0.236596216442428,0.0210117150333737
"ENSG00000087842","PIR",-0.795738690605814,9.20703460374389e-07,"PIR",-0.636410826147101,2.28358717505422e-05
"ENSG00000087995","METTL2A",-0.451117294414722,1.51874777287373e-06,"METTL2A",-0.381452837562531,3.20039582761216e-05
"ENSG00000088205","DDX18",-0.2182138810468,1.20428000956571e-05,"DDX18",-0.110646257283094,0.045756855003765
"ENSG00000088387","DOCK9",-0.394211163385805,0.00148440750632107,"DOCK9",-0.277016532715652,0.0155181841941659
"ENSG00000088812","ATRN",-0.308144590525403,0.0195586444856906,"ATRN",-0.415668009062944,0.00119914327043604
"ENSG00000088986","DYNLL1",-0.210547440818227,0.0022121752399778,"DYNLL1",-0.206844872117486,0.00263254536302866
"ENSG00000089006","SNX5",-0.49004994624084,2.08102530948827e-16,"SNX5",-0.312930714022113,2.98054433237668e-07
"ENSG00000089818","NECAP1",-0.369215798308723,0.0103108228719585,"NECAP1",-0.473598502739034,0.00113824447197721
"ENSG00000090447","TFAP4",-0.738999202684172,2.60334669838398e-11,"TFAP4",-0.264645999182129,0.016861527860667
"ENSG00000090470","PDCD7",-0.558323574849874,1.23785411749547e-11,"PDCD7",-0.478061563949543,5.03732647046911e-09
"ENSG00000090861","AARS1",-0.434895114055267,7.57446980640263e-06,"AARS1",-0.274285184166234,0.00544894973024178
"ENSG00000090863","GLG1",-0.388723930176383,2.72936327607215e-06,"GLG1",-0.307427730900986,0.000216063956357921
"ENSG00000091039","OSBPL8",-0.289472895804262,0.000524327178990018,"OSBPL8",-0.190068697713139,0.0284058268093798
"ENSG00000091129","NRCAM",-0.54774666433662,0.0163108761581387,"NRCAM",-0.812939150533132,0.000219720827230819
"ENSG00000091137","SLC26A4",-0.85600969663254,5.69054095958429e-05,"SLC26A4",-0.778542675619188,0.000130814286579806
"ENSG00000091157","WDR7",-1.22240049553018,6.20366895929911e-12,"WDR7",-0.6938762872819,4.28168151695069e-05
"ENSG00000091409","ITGA6",-1.37240229154142,1.01316586767564e-26,"ITGA6",-1.35142310277809,5.47411530631011e-26
"ENSG00000091436","MAP3K20",-0.452088052264319,2.14152036302539e-12,"MAP3K20",-0.259646500565265,6.72869930777967e-05
"ENSG00000091490","SEL1L3",-0.802570542237007,3.46305795190215e-09,"SEL1L3",-0.539152899332466,4.6689042326745e-05
"ENSG00000091844","RGS17",-1.23802869414209,5.33384620961302e-12,"RGS17",-0.572168459450402,0.00012703064342521
"ENSG00000091986","CCDC80",-0.436792285257303,0.0123261825913524,"CCDC80",-0.593685726725907,0.00066778419171163
"ENSG00000092108","SCFD1",-0.227322248749828,0.0108882745889924,"SCFD1",-0.264440273740866,0.00196843033651469
"ENSG00000092199","HNRNPC",-0.401262812455324,4.8843483887513e-06,"HNRNPC",-0.273561319795578,0.00222046129701008
"ENSG00000092470","WDR76",-1.14655537464876,6.10933151941382e-26,"WDR76",-0.941359946329984,5.31875602766552e-20
"ENSG00000092621","PHGDH",-0.800960707474736,0.00163427239018563,"PHGDH",-0.800234985122719,0.00178299984281921
"ENSG00000092964","DPYSL2",-0.503643306234734,3.69545243346469e-07,"DPYSL2",-0.456662380883326,3.1147592248967e-06
"ENSG00000093009","CDC45",-0.875344891560888,1.38240725880534e-09,"CDC45",-0.340491493761207,0.0120207457547128
"ENSG00000093144","ECHDC1",-0.195457435702141,0.00751662483869132,"ECHDC1",-0.160323368714064,0.0344235681996387
"ENSG00000095002","MSH2",-0.526384121969821,1.16334903765277e-07,"MSH2",-0.23150715164595,0.0230104221677143
"ENSG00000096063","SRPK1",-0.319369737374626,8.91133963312373e-13,"SRPK1",-0.17985116900386,0.000152663416675348
"ENSG00000096433","ITPR3",-0.457830441001785,0.00016733156777764,"ITPR3",-0.353322954899749,0.00351416976673128
"ENSG00000096872","IFT74",-0.374882113508765,0.00369140483245808,"IFT74",-0.3979585490434,0.00127821897138932
"ENSG00000097007","ABL1",-0.428207372753002,4.82911546984734e-05,"ABL1",-0.224751726146784,0.0372437172770633
"ENSG00000097021","ACOT7",-0.446002695611024,9.14664300669486e-06,"ACOT7",-0.550079979857454,3.27895958281563e-08
"ENSG00000099194","SCD",-0.845533856681318,5.54983610558922e-05,"SCD",-0.809862806963485,0.000138202708692233
"ENSG00000099250","NRP1",-0.918014622456317,4.7137259599737e-17,"NRP1",-0.791383159988086,4.59229100756495e-13
"ENSG00000099800","TIMM13",-0.418789469718469,2.2501280843445e-07,"TIMM13",-0.21637462915995,0.011481188827961
"ENSG00000100097","LGALS1",-0.251384546946252,0.0141214874971393,"LGALS1",-0.585869223355289,1.20453212117649e-09
"ENSG00000100219","XBP1",-1.03777777714374,1.54563505591279e-14,"XBP1",-1.31888601162083,2.2329058132567e-23
"ENSG00000100242","SUN2",-0.550713225067667,1.67389522281344e-07,"SUN2",-0.367350864600352,0.000446748121498694
"ENSG00000100297","MCM5",-0.493435687583265,6.0708627368282e-08,"MCM5",-0.542241614004624,2.48191731688399e-09
"ENSG00000100320","RBFOX2",-0.34055072080718,8.02981970238518e-07,"RBFOX2",-0.18578844282484,0.0110888960000062
"ENSG00000100410","PHF5A",-0.423619829938127,1.89208462031264e-05,"PHF5A",-0.419727458213152,1.78538636445312e-05
"ENSG00000100412","ACO2",-0.260968776472122,0.000146968295651969,"ACO2",-0.301808335147334,1.44250792971352e-05
"ENSG00000100422","CERK",-0.225999234591282,0.0279807610051861,"CERK",-0.264064558101597,0.00711795912657461
"ENSG00000100442","FKBP3",-0.318978030509371,2.93236822324287e-05,"FKBP3",-0.264740237058619,0.00052832266931211
"ENSG00000100479","POLE2",-0.674118183983112,0.000159940758371521,"POLE2",-0.38180338495052,0.0186963757522411
"ENSG00000100504","PYGL",-0.22193281790912,0.0394239285323407,"PYGL",-0.269918218025191,0.0130017401061723
"ENSG00000100522","GNPNAT1",-0.372859659638737,7.13461503546988e-05,"GNPNAT1",-0.332678438712105,0.000363551708666825
"ENSG00000100526","CDKN3",-0.954460964260053,4.7658203093328e-09,"CDKN3",-0.493022465974105,0.00128558413549011
"ENSG00000100578","KIAA0586",-0.397015344982363,0.00020280080518946,"KIAA0586",-0.249105497161471,0.0224828148685347
"ENSG00000100580","TMED8",-0.655978538693039,6.2085668513545e-12,"TMED8",-0.520830218360682,3.87524996515752e-08
"ENSG00000100596","SPTLC2",-0.354179649543782,0.00400245254694748,"SPTLC2",-0.274953648356692,0.0238433590133107
"ENSG00000100605","ITPK1",-0.313998629704941,0.000872522302066973,"ITPK1",-0.311810369683533,0.000975847296674511
"ENSG00000100625","SIX4",-1.02164892623655,6.66803999841497e-10,"SIX4",-0.861701951027828,7.08500359955941e-08
"ENSG00000100626","GALNT16",-0.575550955597368,0.00148872549737484,"GALNT16",-1.01285567926793,2.49476359165724e-08
"ENSG00000100629","CEP128",-0.587512632679438,7.33975219526778e-05,"CEP128",-0.326560339690728,0.0189977569940965
"ENSG00000100632","ERH",-0.269281366992463,0.00455612552049562,"ERH",-0.244574479019044,0.00959677468551443
"ENSG00000100714","MTHFD1",-0.602077924939199,2.66109518656331e-12,"MTHFD1",-0.528591992302671,7.43007214677993e-10
"ENSG00000100731","PCNX1",-0.264278117235296,0.0112561502661757,"PCNX1",-0.27293159094678,0.00746079696971774
"ENSG00000100784","RPS6KA5",-1.12999626697778,1.37320459697894e-08,"RPS6KA5",-0.92020723176516,8.86828720796992e-07
"ENSG00000100889","PCK2",-1.1354607418171,1.03704629090076e-05,"PCK2",-0.983490863753146,0.000114751624173862
"ENSG00000100938","GMPR2",-0.615189796549749,6.01542851775429e-08,"GMPR2",-0.772587448277257,1.10916980933464e-11
"ENSG00000100994","PYGB",-0.621384809371208,3.02920532578924e-13,"PYGB",-1.28047656835038,3.75181946787265e-48
"ENSG00000101166","PRELID3B",-0.255961974364027,0.0117441164139199,"PRELID3B",-0.231765982742305,0.0217069923483522
"ENSG00000101224","CDC25B",-0.596159488101412,5.80362539557857e-08,"CDC25B",-0.370007031635907,0.000623814116245913
"ENSG00000101236","RNF24",-0.891475255143139,2.06467866464135e-18,"RNF24",-0.517568425712388,2.06076610327094e-07
"ENSG00000101246","ARFRP1",-1.02449938984586,5.18261459165458e-12,"ARFRP1",-0.574083438738544,7.60233999408271e-05
"ENSG00000101255","TRIB3",-1.14792776067822,3.66650437814719e-07,"TRIB3",-1.17981574808641,1.60800661923397e-07
"ENSG00000101266","CSNK2A1",-0.303172857843299,1.96046885364495e-11,"CSNK2A1",-0.292369209866372,1.65801938633002e-10
"ENSG00000101307","SIRPB1",-0.955006337103287,0.000311963777281308,"SIRPB1",-1.22824023164539,0.000230946403252551
"ENSG00000101333","PLCB4",-0.773608134231123,0.00112934773752959,"PLCB4",-0.439808429482202,0.0368799097923557
"ENSG00000101361","NOP56",-0.213248876083702,0.0157488507002992,"NOP56",-0.322418017222603,9.90128931135095e-05
"ENSG00000101412","E2F1",-0.934875747233191,1.97564518035718e-09,"E2F1",-0.96713058926412,9.68733995248792e-10
"ENSG00000101452","DHX35",-0.487069579914513,0.00802385030560654,"DHX35",-0.382854999098413,0.0220800434596794
"ENSG00000101457","DNTTIP1",-0.48472713351363,1.43319227428759e-05,"DNTTIP1",-0.388232352539456,0.000387035416184615
"ENSG00000101557","USP14",-0.316873770977286,1.18803052163329e-10,"USP14",-0.205118096840422,7.13433905945745e-05
"ENSG00000101608","MYL12A",-0.446537805356585,6.20964009610534e-09,"MYL12A",-0.543417645880261,9.01763841848163e-13
"ENSG00000101773","RBBP8",-0.298535260635164,0.00166456016827253,"RBBP8",-0.210468694648169,0.0295694201513271
"ENSG00000101846","STS",-0.535184807994654,0.01162665432443,"STS",-0.99662625365653,7.3307261827851e-05
"ENSG00000101868","POLA1",-1.58140687196878,8.10560268986095e-40,"POLA1",-1.40467470922727,3.17126850125904e-33
"ENSG00000101911","PRPS2",-0.612188608050983,2.20193209373422e-08,"PRPS2",-0.226124227647903,0.0473683404396117
"ENSG00000101938","CHRDL1",-1.70995359022512,0.000561598522544324,"CHRDL1",-1.23333635904726,0.000518342796735576
"ENSG00000101955","SRPX",-0.270349259191834,0.0286332413412359,"SRPX",-0.509806056716082,1.19355988332162e-05
"ENSG00000101974","ATP11C",-0.616285100577097,2.91476018626554e-11,"ATP11C",-0.432128349956076,4.52145318494402e-06
"ENSG00000102054","RBBP7",-0.332035606632587,7.87110487493277e-07,"RBBP7",-0.191235027390532,0.00668034656197877
"ENSG00000102144","PGK1",-0.29946384388624,0.00711527615959026,"PGK1",-0.266971254087236,0.0149086812630549
"ENSG00000102172","SMS",-0.775235002721466,9.61395517671996e-18,"SMS",-0.527028951849051,5.51525962638599e-09
"ENSG00000102174","PHEX",-0.533006556174336,0.00611804945770534,"PHEX",-1.01901206232342,1.23161653660966e-06
"ENSG00000102189","EEA1",-0.314419083422267,0.00228244272510936,"EEA1",-0.219387403614896,0.0377379114797725
"ENSG00000102271","KLHL4",-1.52422895379104,1.04324629563454e-07,"KLHL4",-1.99385671455571,5.9851393673063e-11
"ENSG00000102317","RBM3",-0.482668563186816,1.97580580809549e-05,"RBM3",-0.919565928624747,1.15069766075007e-15
"ENSG00000102547","CAB39L",-0.865156328737563,0.00137686871538412,"CAB39L",-1.86633681730987,1.56393411035301e-07
"ENSG00000102595","UGGT2",-0.517777084032301,6.75984810416546e-05,"UGGT2",-0.71344073658471,4.42886567849144e-08
"ENSG00000102753","KPNA3",-0.647510338337996,2.04160856391567e-16,"KPNA3",-0.407631509835977,2.72905232609563e-07
"ENSG00000102763","VWA8",-0.581537418972435,0.000319362129699648,"VWA8",-1.0281007759248,1.68262899520862e-09
"ENSG00000102893","PHKB",-0.809083238928604,1.74697408054212e-16,"PHKB",-0.997855005982342,4.64414414318991e-24
"ENSG00000102967","DHODH",-0.526762125573972,0.000489324909821291,"DHODH",-0.331502426409594,0.0252788428431124
"ENSG00000103035","PSMD7",-0.29079793501742,2.68779531213889e-05,"PSMD7",-0.312796560626129,4.97172552582959e-06
"ENSG00000103043","VAC14",-0.289875065425041,0.0494189745192386,"VAC14",-0.302563011840398,0.0302231518053663
"ENSG00000103047","TANGO6",-0.53575114911446,0.000299431134693864,"TANGO6",-0.409465297387598,0.00521183625088495
"ENSG00000103111","MON1B",-0.350557888112687,4.04490515295438e-05,"MON1B",-0.458734770014517,8.94462606264467e-08
"ENSG00000103145","HCFC1R1",-0.296464975189351,0.0021653841977462,"HCFC1R1",-0.325766362971387,0.000460700596384219
"ENSG00000103202","NME4",-0.206752047402203,0.0358747522839306,"NME4",-0.332785186377841,0.000260538875461355
"ENSG00000103254","ANTKMT",-0.576426982316211,0.000448479272194549,"ANTKMT",-0.502190875674463,0.00172518092149523
"ENSG00000103257","SLC7A5",-0.732452525365656,4.39562942421697e-06,"SLC7A5",-0.975421488883632,2.97516944811941e-09
"ENSG00000103266","STUB1",-0.278091899186427,0.0027598321890034,"STUB1",-0.262546018079324,0.00464489431158417
"ENSG00000103319","EEF2K",-0.676978344660041,6.72598169512946e-10,"EEF2K",-0.329247600273661,0.00261389336337095
"ENSG00000103335","PIEZO1",-0.827584099015821,9.27145814580105e-11,"PIEZO1",-0.630923393000559,9.15068642486473e-07
"ENSG00000103381","CPPED1",-0.52400216993117,2.87235756399315e-06,"CPPED1",-0.733281117221387,2.84473046977221e-09
"ENSG00000103647","CORO2B",-2.5836427649465,1.10970311956064e-19,"CORO2B",-1.63008379045832,5.19326876394805e-12
"ENSG00000104177","MYEF2",-0.615838818326578,5.32791466536416e-06,"MYEF2",-0.392469662619901,0.00269044319528233
"ENSG00000104299","INTS9",-0.553278699626411,0.000125857831478738,"INTS9",-0.581454028274469,9.63510009000298e-05
"ENSG00000104331","BPNT2",-0.384085075275586,1.55637792450161e-09,"BPNT2",-0.403111754325139,1.96800194286756e-10
"ENSG00000104369","JPH1",-0.419977166742941,0.00400288912599961,"JPH1",-0.572181430223727,0.000165050429970299
"ENSG00000104375","STK3",-0.858254739725502,1.69147345743083e-13,"STK3",-0.837968979820794,2.56468224519477e-13
"ENSG00000104408","EIF3E",-0.280588858445243,0.000521715256155257,"EIF3E",-0.200359959209001,0.0171346086910958
"ENSG00000104442","ARMC1",-0.349994851228093,6.51032013088899e-06,"ARMC1",-0.261232784247296,0.000985428561559661
"ENSG00000104472","CHRAC1",-0.371749825930733,1.36706183973591e-07,"CHRAC1",-0.16744497185188,0.029392132379984
"ENSG00000104490","NCALD",-1.90186069366783,2.40679667870172e-17,"NCALD",-1.92323157172871,5.74579646438564e-19
"ENSG00000104549","SQLE",-0.683223410232987,2.23040936430718e-08,"SQLE",-0.459554307755491,0.000130677250328995
"ENSG00000104626","ERI1",-0.646499931649915,3.07252531394122e-10,"ERI1",-0.511308711581065,5.09721940914275e-07
"ENSG00000104635","SLC39A14",-0.410586204912528,3.45647613701858e-07,"SLC39A14",-0.610722432384275,3.42963181447496e-14
"ENSG00000104723","TUSC3",-0.307274322695512,4.61877763333104e-05,"TUSC3",-0.332182559472668,1.21004301577221e-05
"ENSG00000104731","KLHDC4",-0.548591795706934,5.30033865490057e-05,"KLHDC4",-0.385506155899581,0.00331462633645794
"ENSG00000104738","MCM4",-0.311646935102983,8.60432541630387e-05,"MCM4",-0.221832706904776,0.00684266092215774
"ENSG00000104756","KCTD9",-0.269922991406445,0.0213653415624809,"KCTD9",-0.269291446531453,0.0167640150514442
"ENSG00000104872","PIH1D1",-0.405921527214666,1.71213284567804e-05,"PIH1D1",-0.386219737880505,3.04690647958383e-05
"ENSG00000104884","ERCC2",-0.405579068393462,0.00353017373623176,"ERCC2",-0.268667067597313,0.0495960484298257
"ENSG00000104886","PLEKHJ1",-0.666918928201938,2.0505476509188e-10,"PLEKHJ1",-0.269777379548441,0.01183713983682
"ENSG00000104904","OAZ1",-0.301837420380742,2.2685099503713e-05,"OAZ1",-0.372616161887754,8.71746135917289e-08
"ENSG00000104980","TIMM44",-0.187249966385332,0.0308089894986284,"TIMM44",-0.249331264135007,0.00303483469072499
"ENSG00000105186","ANKRD27",-0.724233313035023,2.19933582522298e-10,"ANKRD27",-0.47186361138011,2.04421369931748e-05
"ENSG00000105220","GPI",-0.184153759044223,0.0306101601879301,"GPI",-0.180032008051022,0.0351586777768052
"ENSG00000105393","BABAM1",-0.289079916054432,5.92532313036589e-05,"BABAM1",-0.245304141650179,0.000774626918813754
"ENSG00000105429","MEGF8",-0.891179132765241,7.76774472310458e-06,"MEGF8",-1.00848000392901,5.81071649788551e-07
"ENSG00000105738","SIPA1L3",-0.52634562427261,0.000638799514084673,"SIPA1L3",-0.31291968673052,0.0383731379589833
"ENSG00000105778","AVL9",-0.314225956792238,0.00191629932919336,"AVL9",-0.32246868042356,0.00140926864354952
"ENSG00000105792","CFAP69",-0.775070084411769,0.0135495686947194,"CFAP69",-0.72640389709188,0.0177827522526475
"ENSG00000105968","H2AZ2",-0.358245460980469,0.000299778866565721,"H2AZ2",-0.29703393641385,0.00258561220772589
"ENSG00000105993","DNAJB6",-0.418584421017746,1.0274196595919e-05,"DNAJB6",-0.520117083065317,3.24886106174671e-08
"ENSG00000106003","LFNG",-0.421973875036649,0.0284898741844294,"LFNG",-0.538571494760463,0.00359865932515685
"ENSG00000106034","CPED1",-1.80629993003144,2.38140033907339e-18,"CPED1",-1.98587889151855,1.93865785819951e-17
"ENSG00000106049","HIBADH",-1.22877696182291,1.45499773562185e-12,"HIBADH",-0.907589479830844,3.36390753862977e-08
"ENSG00000106089","STX1A",-0.282695060970046,0.036951136986459,"STX1A",-0.422280444329093,0.00113538641091348
"ENSG00000106105","GARS1",-0.938146682825155,1.69140813084267e-14,"GARS1",-1.07824880757275,1.6559026958726e-18
"ENSG00000106244","PDAP1",-0.314501026558508,9.78101885820122e-06,"PDAP1",-0.194958044617071,0.00931478669198853
"ENSG00000106355","LSM5",-0.267539846832271,0.00860923095995308,"LSM5",-0.206568942823343,0.0453345600362234
"ENSG00000106392","C1GALT1",-0.51926221710037,2.84229649146828e-09,"C1GALT1",-0.39142975517647,2.63750151193783e-06
"ENSG00000106399","RPA3",-0.269473249502895,0.0414393531286542,"RPA3",-0.366600997388874,0.00276559857830904
"ENSG00000106443","PHF14",-0.284614274684907,0.000645380180699086,"PHF14",-0.251034635358426,0.0025748425037623
"ENSG00000106460","TMEM106B",-0.370764220250319,0.000251048046602602,"TMEM106B",-0.561157584064591,4.18338458594726e-08
"ENSG00000106462","EZH2",-0.918206454792847,8.4345916889703e-23,"EZH2",-0.571760301921009,4.41446130801433e-10
"ENSG00000106477","CEP41",-0.486230439498386,8.63334244702986e-10,"CEP41",-0.349195760160751,2.34588351989638e-05
"ENSG00000106554","CHCHD3",-0.923508483524343,4.77425109937732e-20,"CHCHD3",-0.552512799601574,3.38428561062116e-08
"ENSG00000106603","COA1",-0.547244886355472,1.90491401118182e-07,"COA1",-0.241670571089214,0.0254372747741826
"ENSG00000106609","TMEM248",-0.181926627871191,0.0489639806466005,"TMEM248",-0.19079457891776,0.0377379114797725
"ENSG00000106615","RHEB",-0.320686982104836,0.000392881887394797,"RHEB",-0.214816964762445,0.0224557993213758
"ENSG00000106628","POLD2",-0.272231815584683,0.0130860545186728,"POLD2",-0.230194636906849,0.0367552728910376
"ENSG00000106665","CLIP2",-0.769221870816826,1.56052117649953e-05,"CLIP2",-0.72120957158936,3.60592125768772e-05
"ENSG00000106683","LIMK1",-0.273263566429488,0.0457563371644754,"LIMK1",-0.352951692594067,0.00749703629906806
"ENSG00000106771","TMEM245",-0.571007543037018,1.24175670072661e-19,"TMEM245",-0.289681608846454,6.3552249819444e-06
"ENSG00000107020","PLGRKT",-0.713737914497223,4.00595151959471e-05,"PLGRKT",-0.404183729164765,0.00918488450795682
"ENSG00000107186","MPDZ",-0.765291252982633,2.78584863580719e-10,"MPDZ",-0.644184463994661,3.64233699514887e-08
"ENSG00000107282","APBA1",-1.13479698008889,0.00582494096295467,"APBA1",-0.668297643563116,0.0319499076552544
"ENSG00000107566","ERLIN1",-0.714738165876865,6.17974340980637e-22,"ERLIN1",-0.819378363097308,3.63924624270348e-27
"ENSG00000107614","TRDMT1",-0.843185118463559,4.49282778730358e-08,"TRDMT1",-0.477851953881354,0.000528296697156528
"ENSG00000107669","ATE1",-0.331592682874218,0.000221168487243532,"ATE1",-0.203076974796987,0.0271756890356562
"ENSG00000107745","MICU1",-0.252035242108979,0.0144102688886081,"MICU1",-0.373037800589,9.02488719626072e-05
"ENSG00000107957","SH3PXD2A",-1.16943089284227,1.32166730147547e-06,"SH3PXD2A",-0.941602365194381,4.06860147762098e-05
"ENSG00000108100","CCNY",-0.503981788747537,1.47474395932927e-11,"CCNY",-0.181025318059612,0.0259354479201774
"ENSG00000108106","UBE2S",-0.564194230683782,0.000529401517747372,"UBE2S",-0.321721178226861,0.0482530271028591
"ENSG00000108256","NUFIP2",-0.373147949489933,3.18319541488455e-06,"NUFIP2",-0.198617549067017,0.0214780057309257
"ENSG00000108306","FBXL20",-0.575106379731986,0.000110329743657335,"FBXL20",-1.21649484953899,3.90483322369789e-13
"ENSG00000108424","KPNB1",-0.545473724919592,4.54062210226108e-17,"KPNB1",-0.283105792847903,2.35650614005261e-05
"ENSG00000108443","RPS6KB1",-0.234241807562021,0.0313489833722817,"RPS6KB1",-0.391010246671468,0.000137614925636051
"ENSG00000108509","CAMTA2",-0.337202880827879,0.0245375551243022,"CAMTA2",-0.322308498979915,0.0252552740246446
"ENSG00000108561","C1QBP",-0.26606292828022,0.0283177192954533,"C1QBP",-0.301069264927306,0.0090917183094155
"ENSG00000108578","BLMH",-0.333427763254843,0.000246679719587678,"BLMH",-0.295494871705495,0.00117551338090541
"ENSG00000108654","DDX5",-0.186034265810822,0.00539615915706272,"DDX5",-0.231900075654544,0.000348351810517273
"ENSG00000108784","NAGLU",-0.345551098429689,0.0364862049525739,"NAGLU",-0.371231125703496,0.0167248799714353
"ENSG00000108798","ABI3",-2.63182025112407,5.48653298716837e-06,"ABI3",-0.604933385940979,0.042749007795743
"ENSG00000108854","SMURF2",-0.979491834780747,6.21698889531049e-11,"SMURF2",-0.79903296231838,1.64628041291281e-07
"ENSG00000108953","YWHAE",-0.418981694944391,6.21151200786048e-06,"YWHAE",-0.475214513941772,1.91694283833917e-07
"ENSG00000108984","MAP2K6",-1.64817795180935,6.04446036966189e-09,"MAP2K6",-1.40427689763975,2.15929756212503e-07
"ENSG00000109066","TMEM104",-0.499216879144281,0.00262840801785363,"TMEM104",-0.354178147364362,0.0209414599293549
"ENSG00000109332","UBE2D3",-0.405056385242098,4.49372616441733e-11,"UBE2D3",-0.266820622966494,2.2979765108009e-05
"ENSG00000109685","NSD2",-0.845555635805579,3.59914492361613e-25,"NSD2",-0.411368169553087,4.10478868910291e-07
"ENSG00000109686","SH3D19",-0.663972512716954,2.75486670502641e-07,"SH3D19",-0.326185845504418,0.00605222769953719
"ENSG00000109787","KLF3",-0.250622733904151,0.0267833630183009,"KLF3",-0.273686703271328,0.0149040723240804
"ENSG00000109911","ELP4",-1.27672677029607,8.16659914612411e-13,"ELP4",-1.22847300017918,4.8939090032377e-12
"ENSG00000109929","SC5D",-0.396803726744339,0.00168857559850903,"SC5D",-0.47654268211293,0.000153767333662246
"ENSG00000110092","CCND1",-0.385263537617958,0.00407587479315373,"CCND1",-0.503071769765786,0.000118788003291899
"ENSG00000110427","KIAA1549L",-1.8592550570634,1.13219153099599e-43,"KIAA1549L",-1.554418601341,7.63793989058924e-33
"ENSG00000110619","CARS1",-0.590208750670219,9.33910559535129e-07,"CARS1",-0.54718315737367,4.71855937906136e-06
"ENSG00000110768","GTF2H1",-0.212218279868329,0.0135033127163487,"GTF2H1",-0.209551185249687,0.0134776886923609
"ENSG00000110871","COQ5",-0.425572704536021,0.0027920723667713,"COQ5",-0.367193450085489,0.0067879094624925
"ENSG00000110911","SLC11A2",-0.501798304959366,2.93441625200906e-07,"SLC11A2",-0.354271170177967,0.00041191531373798
"ENSG00000110921","MVK",-0.869616459931078,1.34488980498449e-06,"MVK",-0.417433092705614,0.0124929698019365
"ENSG00000110931","CAMKK2",-0.681806172184286,4.45960019256578e-10,"CAMKK2",-0.514756327686671,3.96743131614788e-06
"ENSG00000110958","PTGES3",-0.433230532860493,1.32158027786123e-13,"PTGES3",-0.153732632674944,0.0177881542318803
"ENSG00000111011","RSRC2",-0.429618494493732,1.28404998524919e-07,"RSRC2",-0.582071762294884,5.72262162862965e-13
"ENSG00000111145","ELK3",-0.358918091566391,0.000121360897161877,"ELK3",-0.46551908067911,2.93826851827106e-07
"ENSG00000111186","WNT5B",-2.36733091186774,2.30319422407433e-11,"WNT5B",-0.851792323883733,0.00107918691816594
"ENSG00000111196","MAGOHB",-0.445238076446928,7.45482261907185e-06,"MAGOHB",-0.285811441866882,0.00434201605844509
"ENSG00000111252","SH2B3",-0.341984469645271,0.0178975996259726,"SH2B3",-0.476714604578514,0.000621600532979947
"ENSG00000111271","ACAD10",-0.440376025997456,0.013499480805723,"ACAD10",-0.952555782482753,4.14665002322713e-06
"ENSG00000111348","ARHGDIB",-0.679200533452741,2.71484802960494e-06,"ARHGDIB",-1.09996764905909,4.43943814562544e-13
"ENSG00000111358","GTF2H3",-0.483439401901052,4.54435232771114e-07,"GTF2H3",-0.24673948700579,0.0129696937371705
"ENSG00000111445","RFC5",-0.366708196378517,0.0031975955081329,"RFC5",-0.266848870484149,0.0293895337443145
"ENSG00000111450","STX2",-0.45153693153939,3.07936528274486e-05,"STX2",-0.480196212113041,7.58204052045469e-06
"ENSG00000111605","CPSF6",-0.285478385268849,0.000433449863632798,"CPSF6",-0.514601132300857,9.38389507034438e-11
"ENSG00000111652","COPS7A",-0.28976726246788,0.000581443382722645,"COPS7A",-0.23958452342101,0.00515883528162198
"ENSG00000111728","ST8SIA1",-0.918334104511821,0.0107987407267801,"ST8SIA1",-1.71350054337496,4.03459326240963e-05
"ENSG00000111802","TDP2",-0.357781767147719,0.00381175216311496,"TDP2",-0.333731184807455,0.00588957680548086
"ENSG00000111863","ADTRP",-1.68575761102037,3.08757334462153e-11,"ADTRP",-1.05051470174752,1.48687166816449e-05
"ENSG00000111906","HDDC2",-0.253237698264218,0.0123849871623785,"HDDC2",-0.288357141391042,0.0033955196021218
"ENSG00000111962","UST",-1.09876529367043,5.23797099491946e-08,"UST",-0.705890754013443,7.91020290432693e-05
"ENSG00000112029","FBXO5",-0.490860477469761,7.43716702750657e-05,"FBXO5",-0.314007205419451,0.0105564242249663
"ENSG00000112081","SRSF3",-0.57363151316313,6.3718534356931e-14,"SRSF3",-0.480860986092573,2.93614591535421e-10
"ENSG00000112118","MCM3",-1.11103228035095,6.65911210909131e-32,"MCM3",-0.985467408896809,6.28437799867068e-26
"ENSG00000112137","PHACTR1",-1.39443969509299,2.0945740922518e-10,"PHACTR1",-1.32756193995835,1.64606351439517e-08
"ENSG00000112144","CILK1",-0.835871863883382,1.37118442106401e-06,"CILK1",-0.84026802349728,6.50410189202075e-07
"ENSG00000112159","MDN1",-0.26114774732372,0.023219805461986,"MDN1",-0.252860872231694,0.0247522697199786
"ENSG00000112234","FBXL4",-0.390631962933214,0.00369140483245808,"FBXL4",-0.335168276160355,0.00881687379985832
"ENSG00000112290","WASF1",-0.453199149874779,0.000777694883755571,"WASF1",-0.31801331751623,0.014212636996778
"ENSG00000112297","CRYBG1",-0.557730537497052,1.57787826895765e-12,"CRYBG1",-0.249422858917132,0.0011450102506161
"ENSG00000112305","SMAP1",-0.349879927884862,5.52819104346471e-06,"SMAP1",-0.181108734479844,0.0298040024397803
"ENSG00000112308","C6orf62",-0.447689192762444,8.32461402636248e-07,"C6orf62",-0.393035511427444,1.46210574116856e-05
"ENSG00000112312","GMNN",-0.391093810140023,0.000958914706196057,"GMNN",-0.268922275588336,0.0227084723868702
"ENSG00000112320","SOBP",-0.684297820507435,0.00263415892767335,"SOBP",-0.661079631149759,0.00224960929438502
"ENSG00000112379","ARFGEF3",-0.832191827617382,0.0018622970687883,"ARFGEF3",-1.16988054875176,9.52523832877495e-05
"ENSG00000112419","PHACTR2",-0.490651936160394,1.0705685484474e-05,"PHACTR2",-0.349600734645087,0.00165713085217311
"ENSG00000112425","EPM2A",-0.570167626758894,0.015778656485208,"EPM2A",-0.674999602150342,0.00234577844936857
"ENSG00000112659","CUL9",-0.429544310250862,0.0142395830269654,"CUL9",-0.475635073824659,0.00698186003036868
"ENSG00000112679","DUSP22",-0.438633699802536,0.00107143107853468,"DUSP22",-0.288196128382209,0.0291546722191076
"ENSG00000112697","TMEM30A",-0.254062980684594,0.00106922995119046,"TMEM30A",-0.244954021977057,0.00176418654582131
"ENSG00000112699","GMDS",-1.48026624469461,2.95730552846728e-24,"GMDS",-1.82911786827806,1.00773314179727e-32
"ENSG00000112739","PRP4K",-0.376789935865065,1.73449734206691e-05,"PRP4K",-0.564104073954133,6.43208405432346e-11
"ENSG00000112893","MAN2A1",-0.315789263915505,0.0028345392998226,"MAN2A1",-0.253568736208298,0.0189119195059132
"ENSG00000112972","HMGCS1",-1.37426888434149,6.3440475340381e-13,"HMGCS1",-1.06211793487409,3.30716601262272e-08
"ENSG00000112992","NNT",-0.747096868070755,3.05789489544108e-06,"NNT",-0.723062448875448,3.09559312290594e-06
"ENSG00000113013","HSPA9",-0.424937079496213,1.99812542052173e-07,"HSPA9",-0.401373357589499,7.6156710036301e-07
"ENSG00000113048","MRPS27",-0.388438046575859,6.26984878552678e-06,"MRPS27",-0.344877253853098,5.66955671840956e-05
"ENSG00000113161","HMGCR",-0.821015999907326,3.47005383450164e-08,"HMGCR",-0.670627245709915,6.65720904196057e-06
"ENSG00000113163","CERT1",-0.244122660927495,0.0033582392273968,"CERT1",-0.200530723568726,0.017240079283002
"ENSG00000113231","PDE8B",-1.45593118763725,0.00449962843106347,"PDE8B",-1.09911372466503,0.0104004711494409
"ENSG00000113269","RNF130",-0.394646458119965,0.00232816863580688,"RNF130",-0.354522687700679,0.00542536166063687
"ENSG00000113318","MSH3",-0.349000372885652,0.000205111925348188,"MSH3",-0.420590579189685,3.40485254066626e-06
"ENSG00000113356","POLR3G",-0.437680108083211,0.000110098455729189,"POLR3G",-0.236717038680844,0.0431980809412814
"ENSG00000113360","DROSHA",-0.365687152366148,1.04328631082153e-05,"DROSHA",-0.255663047381311,0.00249305404476906
"ENSG00000113368","LMNB1",-1.26174211877606,3.17249986994137e-30,"LMNB1",-0.744904282627802,1.34434688901204e-11
"ENSG00000113391","ARB2A",-1.25482439692746,2.51137463374787e-33,"ARB2A",-1.58468267852862,3.13434807249138e-49
"ENSG00000113407","TARS1",-0.391121546568407,1.43891583746601e-07,"TARS1",-0.347447878516966,2.62658574254752e-06
"ENSG00000113441","LNPEP",-0.234704510120167,0.0049187900136182,"LNPEP",-0.301643040761384,0.000209228420726278
"ENSG00000113456","RAD1",-0.185977493339611,0.0329509515109558,"RAD1",-0.26147321079499,0.00126986318418476
"ENSG00000113578","FGF1",-1.11086938261569,5.50219505034555e-07,"FGF1",-0.530152172958832,0.00761763531475236
"ENSG00000113649","TCERG1",-0.545037166525241,6.06359771189836e-09,"TCERG1",-0.351026008555818,0.000191903859949599
"ENSG00000113712","CSNK1A1",-0.439855164693191,2.03916918522787e-12,"CSNK1A1",-0.278441574242777,1.44966038791229e-05
"ENSG00000113719","ERGIC1",-0.389282834062911,2.79875100120292e-08,"ERGIC1",-0.72352015749158,1.5590659153732e-24
"ENSG00000113749","HRH2",-1.01736395852878,0.000124048523095819,"HRH2",-0.965119761236099,4.08897240948213e-05
"ENSG00000113805","CNTN3",-0.752284234920592,0.0120776909456871,"CNTN3",-1.40980754330839,5.12289564943276e-06
"ENSG00000113810","SMC4",-0.957539361400848,3.85304364091693e-19,"SMC4",-0.553654333357794,1.99194494258843e-07
"ENSG00000114120","SLC25A36",-0.291350299027618,0.000135818818809763,"SLC25A36",-0.307009168644989,5.59664863123933e-05
"ENSG00000114166","KAT2B",-0.33445358109119,0.0424526062468544,"KAT2B",-0.517302494507653,0.00115941360603153
"ENSG00000114279","FGF12",-1.7424775372127,7.66363664015788e-08,"FGF12",-2.17627746435071,1.79013391295079e-10
"ENSG00000114353","GNAI2",-0.167957632028721,0.0372430149954318,"GNAI2",-0.294203769025624,8.38444931270094e-05
"ENSG00000114480","GBE1",-0.469603984523965,4.38034055429717e-05,"GBE1",-0.839728129392741,1.42891464451954e-11
"ENSG00000114541","FRMD4B",-0.347610145966134,0.0380513218431026,"FRMD4B",-1.01698803787874,6.01251460110712e-20
"ENSG00000114554","PLXNA1",-0.288781796763077,0.00987273670216277,"PLXNA1",-0.506264111698209,1.68030393136061e-06
"ENSG00000114686","MRPL3",-0.416622350501528,4.2547406630383e-08,"MRPL3",-0.250128625888802,0.00150173906503257
"ENSG00000114767","RRP9",-0.21324207821404,0.034461360480313,"RRP9",-0.272198882572225,0.00605070715083299
"ENSG00000114850","SSR3",-0.787922291595023,3.87288818745342e-16,"SSR3",-0.621816775344411,1.47553840407407e-10
"ENSG00000114978","MOB1A",-0.208966775301072,0.00994082679437855,"MOB1A",-0.228821639896954,0.00374391603905391
"ENSG00000114999","TTL",-0.511759077599678,2.50998664432289e-12,"TTL",-0.250014116841161,0.00118852331878249
"ENSG00000115053","NCL",-0.216989181548184,0.0382578002171461,"NCL",-0.247885442491821,0.0136279181654661
"ENSG00000115091","ACTR3",-0.399132207378989,2.18474681129808e-10,"ACTR3",-0.266041824384309,3.68497658781045e-05
"ENSG00000115159","GPD2",-0.726636795945871,2.76274727065492e-18,"GPD2",-0.239784010294971,0.00339154003365743
"ENSG00000115163","CENPA",-0.392346024528057,0.0103374222114265,"CENPA",-0.363455788032707,0.0137985581576126
"ENSG00000115170","ACVR1",-0.463197304979489,0.00136877767291786,"ACVR1",-0.27699003689187,0.0486456957024753
"ENSG00000115232","ITGA4",-0.538920896152451,0.000663811667588708,"ITGA4",-0.637064016228325,7.06887720007226e-05
"ENSG00000115234","SNX17",-0.442726130342165,2.0966736291349e-07,"SNX17",-0.491509462018723,1.18140478227645e-08
"ENSG00000115310","RTN4",-0.589646702497916,1.49810371122489e-14,"RTN4",-0.503068754864036,5.56574740367795e-11
"ENSG00000115318","LOXL3",-0.374301215331428,0.00735168296678359,"LOXL3",-0.421606033861732,0.00264010762778021
"ENSG00000115365","LANCL1",-0.437406983365992,7.16962546784993e-06,"LANCL1",-0.241488449255108,0.0166397033885855
"ENSG00000115464","USP34",-0.329131226685335,2.41423644743934e-05,"USP34",-0.22435823213893,0.00530001084227955
"ENSG00000115504","EHBP1",-0.721868124330888,6.23756187152166e-13,"EHBP1",-0.679785363464054,3.28719142200078e-11
"ENSG00000115750","TAF1B",-0.61568176206632,4.55304412620863e-09,"TAF1B",-0.397620297645228,0.000102888321793294
"ENSG00000115756","HPCAL1",-0.553023871471661,4.5716761825139e-06,"HPCAL1",-0.349034922165341,0.00335684794139596
"ENSG00000115866","DARS1",-0.39430233061295,2.88717691986777e-08,"DARS1",-0.444904732810477,2.81954847935801e-10
"ENSG00000115875","SRSF7",-0.794271898613406,1.51372485590099e-23,"SRSF7",-0.725817258814086,1.02248968593831e-19
"ENSG00000115902","SLC1A4",-1.07217201567747,1.84997911918807e-05,"SLC1A4",-0.658912276485334,0.00373610768090562
"ENSG00000115970","THADA",-0.350608712275411,0.0001536011291305,"THADA",-0.458670932421383,8.59893998079925e-07
"ENSG00000116030","SUMO1",-0.188221215356691,0.0358526245102646,"SUMO1",-0.190434066367928,0.031050654911756
"ENSG00000116062","MSH6",-0.634020644749648,3.7843518538325e-24,"MSH6",-0.456966697033602,2.08713830709822e-13
"ENSG00000116117","PARD3B",-1.74853180055028,2.22668432437853e-10,"PARD3B",-2.39362901780797,1.5969450581044e-16
"ENSG00000116120","FARSB",-0.570556572419728,7.23898521983842e-11,"FARSB",-0.36651245899353,3.18061040903402e-05
"ENSG00000116127","ALMS1",-0.575892250721298,4.0394398549272e-06,"ALMS1",-0.452632869276956,0.000188025803230629
"ENSG00000116133","DHCR24",-0.753823400618356,5.12411357355775e-10,"DHCR24",-0.350722808367688,0.0033762240088423
"ENSG00000116183","PAPPA2",-1.47546962604239,1.84238572127529e-08,"PAPPA2",-1.63731741165037,7.52543291704032e-11
"ENSG00000116191","RALGPS2",-0.341875352647814,0.00701281151180096,"RALGPS2",-0.314724640635843,0.0217999951173369
"ENSG00000116205","TCEANC2",-0.428333395703017,8.42793470244417e-05,"TCEANC2",-0.627794197648217,1.44015047334047e-08
"ENSG00000116251","RPL22",-0.298536350256219,0.000338694641590376,"RPL22",-0.409776832737031,5.03586615677635e-07
"ENSG00000116285","ERRFI1",-0.421693294844603,0.0053272325167062,"ERRFI1",-0.55061323291461,0.00030575222597888
"ENSG00000116350","SRSF4",-0.369473861174474,5.79366223254172e-05,"SRSF4",-0.370237597661688,4.07439446943995e-05
"ENSG00000116406","EDEM3",-0.41137063525816,0.000156561727265045,"EDEM3",-0.314661774603983,0.0037726788159805
"ENSG00000116473","RAP1A",-0.405094004858546,1.06091348925472e-06,"RAP1A",-0.200691945407792,0.0213458553845892
"ENSG00000116489","CAPZA1",-0.287380129814838,4.16916536752103e-05,"CAPZA1",-0.152166946516663,0.0472422367577674
"ENSG00000116584","ARHGEF2",-0.233308844802125,0.0125339873013106,"ARHGEF2",-0.373544013884003,2.22718710636884e-05
"ENSG00000116667","C1orf21",-1.16341795217903,2.67577726527639e-22,"C1orf21",-0.783045687792489,1.87138045581156e-11
"ENSG00000116678","LEPR",-1.32400158144186,3.04686154194237e-05,"LEPR",-1.47344969930227,2.1767674250072e-05
"ENSG00000116679","IVNS1ABP",-0.563757534216449,1.00561345278264e-06,"IVNS1ABP",-0.298259595989363,0.00914993697907222
"ENSG00000116754","SRSF11",-0.290646462391711,1.96305557146072e-06,"SRSF11",-0.388060657739337,8.49826210424949e-11
"ENSG00000116761","CTH",-0.590576954213287,0.0152713504030794,"CTH",-0.566613224473715,0.011597595395842
"ENSG00000116852","KIF21B",-1.25038540617725,1.19570131910065e-07,"KIF21B",-0.749949730906374,0.00113179301301642
"ENSG00000116984","MTR",-0.374167323140749,0.000438817609824392,"MTR",-0.242718939249433,0.0256404045508203
"ENSG00000117020","AKT3",-1.06553918949992,1.33528735016704e-19,"AKT3",-0.855605055300479,2.97673976371156e-13
"ENSG00000117054","ACADM",-0.215584920109513,0.038705100463672,"ACADM",-0.21551345038083,0.0332162349246118
"ENSG00000117143","UAP1",-0.570401225436479,3.27726510137632e-06,"UAP1",-0.274486631789304,0.0283727179276922
"ENSG00000117152","RGS4",-1.35154595584727,4.6244276413532e-14,"RGS4",-1.14047765592507,2.44694294345894e-10
"ENSG00000117362","APH1A",-0.472248565490062,2.40710677992157e-07,"APH1A",-0.374587268318144,4.08883238332596e-05
"ENSG00000117395","EBNA1BP2",-0.342024210247778,1.09896343322619e-06,"EBNA1BP2",-0.312047687574037,9.48280311322979e-06
"ENSG00000117411","B4GALT2",-0.195427527110055,0.010457587509821,"B4GALT2",-0.228948705614638,0.00247051904177742
"ENSG00000117448","AKR1A1",-0.225653961184446,0.0364053409383441,"AKR1A1",-0.213242277986505,0.043123413910863
"ENSG00000117569","PTBP2",-0.523073370790699,0.00224785302108185,"PTBP2",-0.373691565732844,0.0209603160961319
"ENSG00000117594","HSD11B1",-1.32497159202917,2.30825895981526e-08,"HSD11B1",-1.80185753418265,3.93749429788297e-13
"ENSG00000117632","STMN1",-0.586144183512651,7.27602936987377e-08,"STMN1",-0.618842823789816,1.4192995177657e-08
"ENSG00000117748","RPA2",-0.343294872232736,0.00226289649514033,"RPA2",-0.388757347738137,0.000274904852752072
"ENSG00000118007","STAG1",-0.953005695324752,1.95618382736736e-31,"STAG1",-0.484171961086839,8.61061267685836e-10
"ENSG00000118217","ATF6",-0.444626566749848,8.81491309668321e-06,"ATF6",-0.446401600734382,7.42529048684568e-06
"ENSG00000118257","NRP2",-0.486218111867231,0.00126408874437329,"NRP2",-0.823664388984398,1.5568576161054e-07
"ENSG00000118260","CREB1",-0.646539004805618,2.98977088677653e-13,"CREB1",-0.514219913510753,1.71775967333785e-09
"ENSG00000118263","KLF7",-0.454031184062944,7.58217564722705e-05,"KLF7",-0.400176757158471,0.000429643842237855
"ENSG00000118276","B4GALT6",-1.2323668765695,3.42306146236186e-16,"B4GALT6",-0.925329128790112,6.83476749163367e-10
"ENSG00000118496","FBXO30",-0.37975417937169,0.000516251743703982,"FBXO30",-0.23013981245806,0.0393192103235849
"ENSG00000118507","AKAP7",-0.7705442728716,2.81267572535331e-06,"AKAP7",-0.312532970873307,0.0338614141217205
"ENSG00000118762","PKD2",-0.629363731644433,4.31258243525981e-08,"PKD2",-0.809909108404677,2.99582144022822e-12
"ENSG00000118816","CCNI",-0.142388733472678,0.0327868903310117,"CCNI",-0.254303574314869,3.60620517988031e-05
"ENSG00000118873","RAB3GAP2",-0.353309720487145,0.000180644186819655,"RAB3GAP2",-0.310946521025708,0.000887813222390103
"ENSG00000118922","KLF12",-0.442624091415373,0.00769315521943778,"KLF12",-0.373335953326696,0.0155880528004357
"ENSG00000118939","UCHL3",-0.413832287517001,4.86212006720276e-05,"UCHL3",-0.282916795912254,0.00620892827562512
"ENSG00000118961","LDAH",-0.750718508465709,4.53430397333051e-08,"LDAH",-0.394269026076616,0.00222127895877362
"ENSG00000119285","HEATR1",-0.267083177862409,0.000633128325079794,"HEATR1",-0.208321455366608,0.0102370959268646
"ENSG00000119326","CTNNAL1",-0.930574524644109,9.06512392805525e-19,"CTNNAL1",-0.722071164518336,8.39359555293761e-12
"ENSG00000119403","PHF19",-0.644830817890539,2.35964304042298e-08,"PHF19",-0.394796235597902,0.000429922809748262
"ENSG00000119487","MAPKAP1",-0.820374143731229,3.48452997125795e-43,"MAPKAP1",-0.712004679712629,9.61876145481717e-33
"ENSG00000119509","INVS",-0.705614209527762,2.01215492396162e-06,"INVS",-0.829608603778928,4.79616123085419e-08
"ENSG00000119522","DENND1A",-0.975591399234287,7.07089917539622e-14,"DENND1A",-1.3562815819447,9.22724311839156e-22
"ENSG00000119547","ONECUT2",-0.548403932803384,0.0211653050936234,"ONECUT2",-0.675772189477288,0.0147007212938065
"ENSG00000119559","C19orf25",-0.467394681982912,3.85147364741357e-05,"C19orf25",-0.736639609322269,2.69590365998991e-10
"ENSG00000119599","DCAF4",-0.334880969445216,0.019556236477719,"DCAF4",-0.409941544845549,0.00373610768090562
"ENSG00000119685","TTLL5",-0.485270912950403,8.00161991840828e-07,"TTLL5",-0.860931436255335,5.18298196741251e-16
"ENSG00000119729","RHOQ",-0.424258209504912,5.90028220720618e-07,"RHOQ",-0.290028276323535,0.000948402543305076
"ENSG00000119771","KLHL29",-0.694934185682682,0.000570199674085847,"KLHL29",-0.415100822024989,0.0243158844132218
"ENSG00000119865","CNRIP1",-0.533781156366445,3.68106305297869e-08,"CNRIP1",-0.54564156875259,3.2291064628399e-08
"ENSG00000119969","HELLS",-0.798498635980524,4.68333560751948e-17,"HELLS",-0.616506915629607,9.20432837646222e-11
"ENSG00000120053","GOT1",-0.305727116182819,0.000371897486115424,"GOT1",-0.358866288949901,1.85387515075818e-05
"ENSG00000120159","CAAP1",-0.611787832233156,9.67340842872406e-07,"CAAP1",-0.407315092500535,0.000602075548821475
"ENSG00000120217","CD274",-0.544374779147089,0.000303068665650292,"CD274",-0.600161426061198,0.000117338190366417
"ENSG00000120437","ACAT2",-0.727228531195104,3.26474751301541e-06,"ACAT2",-0.316955385422735,0.0335692535264454
"ENSG00000120458","MSANTD2",-0.500611939068083,0.00157875354694272,"MSANTD2",-0.782092190060085,2.53265496179585e-06
"ENSG00000120658","ENOX1",-1.44853580138947,7.374384667177e-06,"ENOX1",-1.93288456242771,3.78677008402494e-11
"ENSG00000120675","DNAJC15",-0.492731603502949,9.9001183321227e-08,"DNAJC15",-0.625874225862977,5.6684570939096e-12
"ENSG00000120699","EXOSC8",-0.601509912942243,7.47795429537088e-08,"EXOSC8",-0.432254895070652,7.76413352963701e-05
"ENSG00000120705","ETF1",-0.235165641445277,9.15787258476711e-05,"ETF1",-0.181944745182612,0.00367544610609953
"ENSG00000120725","SIL1",-0.349083532387405,0.00354240863998529,"SIL1",-0.602008562743072,4.65149587677716e-06
"ENSG00000120742","SERP1",-0.149763494136805,0.0335991033098967,"SERP1",-0.167350332296038,0.0161502037692057
"ENSG00000120805","ARL1",-0.326443490602699,0.000194722088163772,"ARL1",-0.205147568516682,0.0254502016454006
"ENSG00000120860","WASHC3",-0.312684648995112,0.0140766110636378,"WASHC3",-0.420844523350805,0.000432928187995269
"ENSG00000120925","RNF170",-0.376174170971915,0.00544930087218044,"RNF170",-0.403676781052018,0.00176257259938056
"ENSG00000121022","COPS5",-0.225372935639347,0.0377032368863459,"COPS5",-0.249521967659884,0.0156038898689004
"ENSG00000121289","CEP89",-0.319521821685336,0.00841237465875646,"CEP89",-0.408014382191204,0.000280928420081321
"ENSG00000121350","PYROXD1",-0.838841871446369,1.48427720493091e-08,"PYROXD1",-0.716887188652705,4.73189727918566e-07
"ENSG00000121388",NA,-0.326660990897336,0.00719110425283477,NA,-0.293799393050513,0.0115639772613058
"ENSG00000121644","DESI2",-0.434906287867376,2.56683546821753e-08,"DESI2",-0.348061851629728,1.55070186578129e-05
"ENSG00000121749","TBC1D15",-0.434127636504325,4.65082384155307e-07,"TBC1D15",-0.262555081617838,0.00258431497462985
"ENSG00000121775","TMEM39B",-0.576432901870272,5.33557003663155e-08,"TMEM39B",-0.244903545646179,0.0213681788444785
"ENSG00000121957","GPSM2",-0.649477089961091,1.46010338943822e-08,"GPSM2",-0.324118979906298,0.00410156298623341
"ENSG00000121964","GTDC1",-1.91279515663287,9.53828888940704e-14,"GTDC1",-1.83857577039811,5.51236468438307e-13
"ENSG00000121988","ZRANB3",-1.12339252178122,3.88819095977882e-08,"ZRANB3",-1.02503485901408,3.18632644790147e-07
"ENSG00000122218","COPA",-0.232677252423873,0.00064528318730732,"COPA",-0.261177338259526,0.000111343494583848
"ENSG00000122376","SHLD2",-0.59130439662333,5.59078407682918e-10,"SHLD2",-0.351357625239232,0.000119793231374467
"ENSG00000122406","RPL5",-0.192008905755461,0.0295270451141795,"RPL5",-0.265556572900509,0.00140635682747556
"ENSG00000122483","CCDC18",-0.61077765926347,3.23738166361891e-07,"CCDC18",-0.701294304960941,4.97255101724152e-09
"ENSG00000122545","SEPTIN7",-0.349509547125059,3.84496711954637e-05,"SEPTIN7",-0.232052115270464,0.00803116575625548
"ENSG00000122565","CBX3",-0.430433632127772,9.11987713669643e-10,"CBX3",-0.232452362672104,0.00155257769654795
"ENSG00000122566","HNRNPA2B1",-0.602268519291616,2.88287648278994e-17,"HNRNPA2B1",-0.322263518283192,9.64840494722074e-06
"ENSG00000122741","DCAF10",-0.433937601850699,0.000338161138727998,"DCAF10",-0.494809272249875,4.10252613567463e-05
"ENSG00000122786","CALD1",-0.516376694692367,1.78302959526626e-07,"CALD1",-0.43886493428067,7.97226152746911e-06
"ENSG00000122912","SLC25A16",-0.353921375507851,0.0364537230401833,"SLC25A16",-0.52021259444437,0.00199105860113758
"ENSG00000122966","CIT",-0.927190679106621,5.39957324452437e-10,"CIT",-0.645205784362328,1.08500346769739e-05
"ENSG00000123104","ITPR2",-0.510951573160423,0.00115675229395392,"ITPR2",-0.99462054382026,2.40520908668911e-09
"ENSG00000123106","CCDC91",-0.847993660545652,8.03099672140379e-21,"CCDC91",-1.02050794943153,4.13865756362032e-30
"ENSG00000123219","CENPK",-0.598155169395788,5.29238547870442e-06,"CENPK",-0.4486982029363,0.000372318987479714
"ENSG00000123416","TUBA1B",-0.517428958572931,1.68654604388985e-05,"TUBA1B",-0.399121728588015,0.000750382746679828
"ENSG00000123485","HJURP",-0.681287553473042,3.64555788144985e-09,"HJURP",-0.367421463275386,0.00123455257780953
"ENSG00000123505","AMD1",-0.462080317453353,5.95815886194089e-16,"AMD1",-0.315206908607989,6.4336752892943e-08
"ENSG00000123975","CKS2",-0.436283377513503,0.00094012456232595,"CKS2",-0.285968677261684,0.0284784565080711
"ENSG00000124126","PREX1",-1.00726116162675,2.89547336095225e-13,"PREX1",-0.772695537204066,1.13654837307211e-08
"ENSG00000124164","VAPB",-0.341052320255967,9.80179009625866e-06,"VAPB",-0.216159761297397,0.00615775583363897
"ENSG00000124191","TOX2",-0.731090011545061,9.17034800586245e-05,"TOX2",-0.676980622828539,0.000298392194960932
"ENSG00000124193","SRSF6",-0.821123101923894,1.24262220935049e-25,"SRSF6",-0.654434434575766,8.97042347562963e-17
"ENSG00000124214","STAU1",-0.259062718515505,0.000173673350796884,"STAU1",-0.199149090600713,0.00517823698721875
"ENSG00000124222","STX16",-0.310744784836715,0.000924469792509618,"STX16",-0.378093812562247,3.31956422625715e-05
"ENSG00000124275","MTRR",-0.515735422120133,1.16813692279059e-08,"MTRR",-0.580840542233896,1.48833120901587e-10
"ENSG00000124795","DEK",-0.552107638892519,2.71935241586399e-11,"DEK",-0.198721920859726,0.0264143838896812
"ENSG00000124802","EEF1E1",-0.421067517539462,0.000281388682293507,"EEF1E1",-0.281058023879417,0.0157188587521136
"ENSG00000124831","LRRFIP1",-0.511422623251386,3.37530903670421e-13,"LRRFIP1",-0.366285236159181,2.31729186770083e-07
"ENSG00000125148","MT2A",-0.391946966481675,8.52976242501925e-06,"MT2A",-1.0389688965288,3.02381988041548e-33
"ENSG00000125246","CLYBL",-0.642088124896903,0.0464228990674395,"CLYBL",-1.95708853252649,0.00143969157508795
"ENSG00000125247","TMTC4",-1.04754577766203,3.8915262217707e-10,"TMTC4",-0.475117004864817,0.00157818795241872
"ENSG00000125257","ABCC4",-0.629644561737304,1.40090890367015e-08,"ABCC4",-0.62184046394039,7.21117099527226e-08
"ENSG00000125354","SEPTIN6",-0.612960057326593,0.000259532410474851,"SEPTIN6",-0.762027578134274,2.70866401625403e-05
"ENSG00000125458","NT5C",-0.603199593714847,2.16578522963864e-06,"NT5C",-0.299713453073645,0.0154113404029009
"ENSG00000125520","SLC2A4RG",-0.341427965315144,2.91758222726123e-05,"SLC2A4RG",-0.336653745252849,4.15110779231702e-05
"ENSG00000125630","POLR1B",-0.33607480619632,1.9556988956397e-09,"POLR1B",-0.386191081926166,4.71725230905672e-12
"ENSG00000125691","RPL23",-0.182743925305423,0.00395147443674805,"RPL23",-0.202472173681543,0.00120659587728452
"ENSG00000125703","ATG4C",-0.498788546781252,0.000116844678509532,"ATG4C",-0.299342139203381,0.0167444408568988
"ENSG00000125817","CENPB",-0.555898831507922,6.87718735382954e-11,"CENPB",-0.208889738571514,0.0214595109889966
"ENSG00000125821","DTD1",-1.33613956287201,1.22039731119838e-61,"DTD1",-1.23714158791275,2.65812436524562e-54
"ENSG00000125977","EIF2S2",-0.503244569696807,1.08713855950308e-14,"EIF2S2",-0.374286626798344,1.12392751593293e-08
"ENSG00000126091","ST3GAL3",-0.55683697696626,0.00832896867400815,"ST3GAL3",-0.378100006951144,0.0417403842584926
"ENSG00000126106","TMEM53",-0.442928203779023,0.0337144333490682,"TMEM53",-0.599385992436227,0.00327453772016101
"ENSG00000126457","PRMT1",-0.603000031534412,2.96159746578613e-09,"PRMT1",-0.417375310072747,3.95891136220278e-05
"ENSG00000126562","WNK4",-0.635190032027708,0.000227493190787694,"WNK4",-0.841684900316315,6.95351411581199e-06
"ENSG00000126602","TRAP1",-0.238744326747114,0.00581745452888583,"TRAP1",-0.251173300550109,0.00333691020342037
"ENSG00000126777","KTN1",-0.456202631219101,7.78145755607446e-11,"KTN1",-0.335155515830486,2.15468525536561e-06
"ENSG00000126785","RHOJ",-0.711113174195293,0.00145046459109376,"RHOJ",-0.948209971238794,5.31879481228423e-05
"ENSG00000126787","DLGAP5",-0.518305777207593,0.000285612515420376,"DLGAP5",-0.43895575943116,0.00154767386004561
"ENSG00000126858","RHOT1",-0.972557849163732,2.86418994715499e-12,"RHOT1",-0.924495272451109,1.53447095967261e-11
"ENSG00000127022","CANX",-0.279503294039602,2.26064018814097e-06,"CANX",-0.273221554969321,3.81622560642656e-06
"ENSG00000127445","PIN1",-0.264321516043961,0.00675317779745201,"PIN1",-0.298139067413057,0.00164974242501862
"ENSG00000127483","HP1BP3",-0.515461646700145,9.10425110670737e-09,"HP1BP3",-0.467239431135953,1.45786955446582e-07
"ENSG00000127947","PTPN12",-0.469232812145145,1.32106320592881e-07,"PTPN12",-0.235142869218232,0.0106333744680645
"ENSG00000128050","PAICS",-0.434818694738952,9.35667603656226e-08,"PAICS",-0.321914950278201,9.34429035060363e-05
"ENSG00000128059","PPAT",-0.292272893879634,0.000552807426975494,"PPAT",-0.309409799687249,0.000262012411865174
"ENSG00000128165","ADM2",-1.17587847217662,0.000350866886559828,"ADM2",-0.60528630751619,0.0196248598318192
"ENSG00000128245","YWHAH",-0.407893269896715,7.15056282861357e-06,"YWHAH",-0.227849635187509,0.0179040622227208
"ENSG00000128272","ATF4",-0.723724025886843,9.07403170763207e-10,"ATF4",-0.892878564667048,8.12348681887159e-14
"ENSG00000128512","DOCK4",-1.45163249354413,2.18570159952147e-32,"DOCK4",-0.886518686062648,3.26634275254569e-14
"ENSG00000128564","VGF",-0.722707987916839,0.000695239389560201,"VGF",-0.740302639048285,0.000127017248524666
"ENSG00000128567","PODXL",-1.2560843264393,1.14637922375283e-10,"PODXL",-1.01549116507829,3.22066239516354e-07
"ENSG00000128595","CALU",-0.501373629208833,1.8959411714693e-09,"CALU",-0.585208644070767,1.8603540713766e-12
"ENSG00000128656","CHN1",-0.519910614790441,0.00340645258814521,"CHN1",-0.330945311842823,0.0395156016513947
"ENSG00000128692",NA,-0.581037361854718,0.0116899357994724,NA,-0.540556782442,0.0213919075258284
"ENSG00000128694","OSGEPL1",-0.542960209533858,0.00203583101974196,"OSGEPL1",-0.391358846129176,0.016703322559086
"ENSG00000128699","ORMDL1",-0.204636783624157,0.0317421926706922,"ORMDL1",-0.33729949358036,0.000157199533095221
"ENSG00000128731","HERC2",-0.3613209896037,0.00111883401369574,"HERC2",-0.23353519591392,0.0419247803455482
"ENSG00000128805","ARHGAP22",-0.898650912298606,3.89739342501537e-11,"ARHGAP22",-1.18333296067514,2.27594812898159e-17
"ENSG00000128833","MYO5C",-0.681387780226249,0.0407249876012584,"MYO5C",-1.10596140848043,0.00800099118085112
"ENSG00000128951","DUT",-0.856190928395789,1.43636117593047e-19,"DUT",-0.795190235501661,5.40053577386515e-17
"ENSG00000128965","CHAC1",-1.50958017544126,0.000267188136156592,"CHAC1",-1.90093600514773,1.69089581857706e-05
"ENSG00000128989","ARPP19",-0.267417961794296,0.000698558693566501,"ARPP19",-0.167847030868627,0.0439914780422048
"ENSG00000129038","LOXL1",-0.793486782367756,1.56697183469018e-05,"LOXL1",-0.785968016860021,2.40060367610761e-05
"ENSG00000129084","PSMA1",-0.34715880422431,0.000150270424112964,"PSMA1",-0.198443958395046,0.0408540346687396
"ENSG00000129158","SERGEF",-1.24512439928506,5.50600861740652e-14,"SERGEF",-1.77594377389904,2.04557349359153e-23
"ENSG00000129173","E2F8",-0.781819037227387,7.70732235090398e-05,"E2F8",-0.747067670789777,0.000231917565220006
"ENSG00000129315","CCNT1",-0.296633487467978,0.0028855981657426,"CCNT1",-0.509733261927056,1.41335361565108e-07
"ENSG00000129317","PUS7L",-0.334291794599056,0.000230560993877703,"PUS7L",-0.213105065030119,0.0241953901502068
"ENSG00000129351","ILF3",-0.487063657492222,1.27485130009007e-16,"ILF3",-0.334969958004631,2.17516431299334e-08
"ENSG00000129355","CDKN2D",-0.756457311428779,2.12521084913531e-09,"CDKN2D",-0.518347426919952,2.97143661867069e-05
"ENSG00000129534","MIS18BP1",-0.529111482760788,9.21469674395773e-07,"MIS18BP1",-0.275028445666203,0.0120840576096415
"ENSG00000129824","RPS4Y1",-0.257737421510137,0.00492103351535891,"RPS4Y1",-0.369976176803108,2.35176309305539e-05
"ENSG00000130038","CRACR2A",-0.32144845660521,0.00505681900298155,"CRACR2A",-0.32268498966398,0.00552036517777504
"ENSG00000130052","STARD8",-0.621635704307399,0.0215664689605323,"STARD8",-0.548257141571599,0.0348202306105775
"ENSG00000130164","LDLR",-0.833891248228086,3.82675688205053e-11,"LDLR",-0.362761359674258,0.00312550019201271
"ENSG00000130193","THEM6",-0.471649227288912,0.000489768703598537,"THEM6",-0.320835010038866,0.013650490112138
"ENSG00000130396","AFDN",-0.782301580435943,2.87617234656926e-18,"AFDN",-0.343311259158703,0.000112855498770512
"ENSG00000130402","ACTN4",-0.636025722518416,5.64786037212924e-09,"ACTN4",-0.609344140594643,2.57726561066534e-08
"ENSG00000130560","UBAC1",-0.445300484230983,1.05515458519589e-07,"UBAC1",-0.246415680828232,0.0046708046206463
"ENSG00000130638","ATXN10",-0.619860144740373,5.53718088511957e-19,"ATXN10",-0.39469489737674,1.26958333475545e-08
"ENSG00000130741","EIF2S3",-0.538767904214836,4.06299581107148e-18,"EIF2S3",-0.570484665689377,9.7832700917837e-20
"ENSG00000130816","DNMT1",-0.457085625258437,2.39523973875651e-08,"DNMT1",-0.223861436629622,0.00948831045854666
"ENSG00000130826","DKC1",-0.394288279260834,4.11564918810237e-12,"DKC1",-0.210388636650037,0.000452979896933997
"ENSG00000131051","RBM39",-0.556973804453906,2.05089105070676e-26,"RBM39",-0.452658717001543,5.88469296632553e-18
"ENSG00000131089","ARHGEF9",-0.914764499388777,9.37623558029852e-08,"ARHGEF9",-1.09555017028347,1.20453212117649e-09
"ENSG00000131153","GINS2",-0.827595272340984,1.73212649223268e-08,"GINS2",-0.51071154895161,0.000292207463859493
"ENSG00000131236","CAP1",-0.175036876768288,0.0217047767545545,"CAP1",-0.245319717939916,0.000695642335628521
"ENSG00000131263","RLIM",-0.316524268075539,2.10767338804641e-05,"RLIM",-0.238452542649778,0.00235905066580463
"ENSG00000131374","TBC1D5",-1.43855313333267,9.52286136670668e-36,"TBC1D5",-2.12004348401609,2.68185183334779e-68
"ENSG00000131378","RFTN1",-0.350636206197816,0.000429860131611268,"RFTN1",-0.418612569528358,1.49464121865896e-05
"ENSG00000131459","GFPT2",-0.911942035771321,2.25505037079281e-05,"GFPT2",-0.8039990153876,0.000180745121450952
"ENSG00000131473","ACLY",-0.414091172476255,2.56682353782042e-08,"ACLY",-0.343989010355643,5.27846308593507e-06
"ENSG00000131558","EXOC4",-1.19030522648965,9.38043941067969e-24,"EXOC4",-2.04603147661761,3.89611812303271e-55
"ENSG00000131711","MAP1B",-0.771587812732715,7.47193658159686e-08,"MAP1B",-0.633486670693158,9.49286640199017e-06
"ENSG00000131732","ZCCHC9",-0.475005483839767,1.43007328359752e-06,"ZCCHC9",-0.272652942506869,0.00616076731078006
"ENSG00000131779","PEX11B",-0.295974746077012,0.0362635669892532,"PEX11B",-0.454653447316611,0.000914359244628823
"ENSG00000132199","ENOSF1",-0.6789600495327,1.88068549729526e-07,"ENOSF1",-0.803427077687331,6.26793947278162e-10
"ENSG00000132204",NA,-0.503119485008548,0.00326434415621508,NA,-0.343904393236379,0.0304285814542785
"ENSG00000132294","EFR3A",-0.208508478479447,0.00337721637603819,"EFR3A",-0.154383701984901,0.0376481781021798
"ENSG00000132305","IMMT",-0.220663356286474,2.96882135832117e-05,"IMMT",-0.285703343835742,3.65700664401549e-08
"ENSG00000132341","RAN",-0.472012168884502,5.38346227586256e-06,"RAN",-0.365512130597244,0.000387504214029668
"ENSG00000132394","EEFSEC",-0.984913001488841,8.11825968671951e-09,"EEFSEC",-0.858823711545522,3.78681373105143e-07
"ENSG00000132429","POPDC3",-0.716850018342597,9.10555296812844e-08,"POPDC3",-0.326517056416045,0.0113970063713195
"ENSG00000132436","FIGNL1",-0.312697383582502,0.00366539571467723,"FIGNL1",-0.276876399510942,0.00859740281923008
"ENSG00000132475","H3-3B",-0.749150031851872,2.27257689747957e-38,"H3-3B",-0.374003033323486,1.55062361710009e-10
"ENSG00000132507","EIF5A",-0.261717793419968,0.0398264199696702,"EIF5A",-0.328209165155008,0.00626951912635338
"ENSG00000132549","VPS13B",-1.19341263550836,1.47225611524701e-12,"VPS13B",-1.10496201817144,1.6423087555604e-11
"ENSG00000132603","NIP7",-0.581107562706151,1.31651598745087e-12,"NIP7",-0.471531211053582,7.893167751131e-09
"ENSG00000132639","SNAP25",-1.33981704255314,5.40798203290089e-07,"SNAP25",-0.478758427853939,0.0171392526813456
"ENSG00000132661","NXT1",-0.325517363323181,0.00958433409526705,"NXT1",-0.418181157288602,0.00051563467465864
"ENSG00000132669","RIN2",-0.591779979367097,3.21918382553368e-13,"RIN2",-0.458208527231136,9.22285809403205e-09
"ENSG00000132670","PTPRA",-0.604958979541046,2.26519954878495e-06,"PTPRA",-0.379803717882631,0.00210390322764663
"ENSG00000132716","DCAF8",-0.350996582154768,0.00127529724311264,"DCAF8",-0.41789581233547,8.64088847561824e-05
"ENSG00000132773","TOE1",-0.537026555500331,8.45827348609686e-06,"TOE1",-0.458883449306652,0.000112549876400832
"ENSG00000132792","CTNNBL1",-0.442388277865858,5.00965366575266e-09,"CTNNBL1",-0.293805082509136,0.00022844644970425
"ENSG00000132842","AP3B1",-0.50442404391103,2.08643181257524e-07,"AP3B1",-0.545383771846187,1.78989335160022e-08
"ENSG00000132932","ATP8A2",-0.759981064226319,0.0158356345151854,"ATP8A2",-1.33514707442032,0.000183924354500995
"ENSG00000132970","WASF3",-0.238512986436417,0.0484135126619271,"WASF3",-0.474752019967995,1.61081968717696e-05
"ENSG00000133019","CHRM3",-0.884452948636234,9.50231555520241e-05,"CHRM3",-0.387492960499772,0.0485249489921229
"ENSG00000133026","MYH10",-1.4578939651836,1.07811187135945e-24,"MYH10",-0.720815553673864,5.22041495170498e-08
"ENSG00000133027","PEMT",-0.613728884590803,1.1057771363227e-05,"PEMT",-1.05342389736515,1.25481346874709e-11
"ENSG00000133111","RFXAP",-0.675342843117704,0.00142640364847814,"RFXAP",-0.454540120023944,0.0175633941479263
"ENSG00000133114","GPALPP1",-0.385764527703193,0.00100373308399753,"GPALPP1",-0.472428230454579,3.01313786108397e-05
"ENSG00000133195","SLC39A11",-1.06802887394193,1.472892456074e-08,"SLC39A11",-1.48692847277446,2.6673379391407e-13
"ENSG00000133216","EPHB2",-0.991111114182009,5.94000838773362e-11,"EPHB2",-0.528392034717649,0.000278259964035372
"ENSG00000133226","SRRM1",-0.29853352685668,0.00010197870718538,"SRRM1",-0.339024176839177,7.02068852242636e-06
"ENSG00000133313","CNDP2",-0.568438402319796,1.39088591516211e-09,"CNDP2",-0.51059909905579,2.91419461334594e-08
"ENSG00000133315","MACROD1",-0.840619601619786,0.00504798433572473,"MACROD1",-1.12196338335813,0.000393295206142811
"ENSG00000133393","CEP20",-0.569958085193101,2.61228515159059e-10,"CEP20",-0.282593369305708,0.0018729879886967
"ENSG00000133640","LRRIQ1",-0.496753183816792,0.0340572923927549,"LRRIQ1",-0.81638867706446,0.00235625241729712
"ENSG00000133706","LARS1",-0.483856323775195,6.64638164226097e-09,"LARS1",-0.588575606325692,1.07918849612628e-12
"ENSG00000133812","SBF2",-0.42637965457241,0.00123299483354472,"SBF2",-0.373964244719847,0.00339151868077068
"ENSG00000133816","MICAL2",-1.02386373361,4.67996144099617e-16,"MICAL2",-1.02293904449183,7.68512833726253e-16
"ENSG00000133818","RRAS2",-0.265605747212492,0.012579931034975,"RRAS2",-0.314861142582611,0.00263949330284732
"ENSG00000133835","HSD17B4",-0.325492166950421,0.00334565761389087,"HSD17B4",-0.431655874041462,7.28532663784979e-05
"ENSG00000133943","DGLUCY",-0.337956469179634,0.0386943702396192,"DGLUCY",-0.622184588821506,8.88347974358058e-05
"ENSG00000134013","LOXL2",-0.763233235502903,6.20112456898204e-08,"LOXL2",-0.764140805338762,1.17076929092446e-07
"ENSG00000134030","CTIF",-0.368169741197483,0.0293539591903371,"CTIF",-0.494439361370572,0.0035295612379951
"ENSG00000134046","MBD2",-0.361812523807114,4.63628497878365e-10,"MBD2",-0.166402672776013,0.00834458395719532
"ENSG00000134057","CCNB1",-0.748630457850488,3.82288558781363e-08,"CCNB1",-0.26663944319912,0.048457750555057
"ENSG00000134061","CD180",-1.30738602804285,0.00669891798479951,"CD180",-1.99949223696193,0.00138964567667375
"ENSG00000134146","DPH6",-1.20115073872634,4.58911469352632e-12,"DPH6",-1.85748664089689,5.13566597072182e-22
"ENSG00000134186","PRPF38B",-0.561635549181003,5.99513296957992e-10,"PRPF38B",-0.664299110622096,3.13048150683203e-13
"ENSG00000134222","PSRC1",-1.20873375934565,2.22416383605629e-20,"PSRC1",-0.55762331736386,5.96366745764491e-06
"ENSG00000134243","SORT1",-0.520814496329769,0.00529381815664712,"SORT1",-0.630574024700536,0.000255665438925248
"ENSG00000134278","SPIRE1",-0.466461178107924,4.65410883887783e-07,"SPIRE1",-0.244434300433647,0.0112756317635073
"ENSG00000134308","YWHAQ",-0.425231778853088,2.01394644842901e-07,"YWHAQ",-0.396887429822092,1.15297069586802e-06
"ENSG00000134324","LPIN1",-0.620174146289254,0.000589461829318602,"LPIN1",-0.879149366254919,4.21027050441156e-06
"ENSG00000134333","LDHA",-0.681837002849774,1.04866491806413e-10,"LDHA",-0.630930069175982,2.59912432418268e-09
"ENSG00000134369","NAV1",-0.621801850771712,9.20793626963204e-07,"NAV1",-0.507405962365737,5.30990769495782e-05
"ENSG00000134490","TMEM241",-0.587355296920798,4.6244310096235e-05,"TMEM241",-0.900371845435841,1.6670153601182e-07
"ENSG00000134508","CABLES1",-0.696503361988984,0.000202438558777732,"CABLES1",-0.428404988723645,0.0127774806924354
"ENSG00000134531","EMP1",-0.739525553195016,1.82579612853899e-11,"EMP1",-0.75661057527312,1.33335182234545e-11
"ENSG00000134684","YARS1",-0.893715195955387,2.75679402660638e-21,"YARS1",-0.813221075054316,7.509502551886e-18
"ENSG00000134690","CDCA8",-0.503379407312775,1.00218191949975e-06,"CDCA8",-0.368304549087551,0.000336641924560364
"ENSG00000134748","PRPF38A",-0.176571807767256,0.0206738117518645,"PRPF38A",-0.184664452076788,0.0135238416946576
"ENSG00000134769","DTNA",-0.863797779602896,3.91346130120049e-08,"DTNA",-0.776715237038266,7.01904504846062e-06
"ENSG00000134775","FHOD3",-0.781080166158072,0.000106860370223373,"FHOD3",-0.744312042714564,0.000187591035755264
"ENSG00000134802","SLC43A3",-0.834136095192997,9.39466263105522e-10,"SLC43A3",-0.379637004024369,0.00330835653208446
"ENSG00000134851","TMEM165",-0.337880201935032,0.0028713351256349,"TMEM165",-0.421675082953483,0.000124088442083528
"ENSG00000134884","ARGLU1",-0.464835991819929,1.39549650724901e-08,"ARGLU1",-0.815505806131518,3.61481151195322e-23
"ENSG00000134897","BIVM",-0.550385131769653,9.32802773942509e-10,"BIVM",-0.191853662454693,0.045548700815185
"ENSG00000134900","TPP2",-0.232032256502122,0.00951152105183584,"TPP2",-0.184097823750942,0.0472422367577674
"ENSG00000134909","ARHGAP32",-0.920274838163463,1.47155575621776e-08,"ARHGAP32",-0.405349668283225,0.00505425969069686
"ENSG00000135045","C9orf40",-0.802568578547931,7.15044665770395e-12,"C9orf40",-0.681476545016697,3.56276444764615e-09
"ENSG00000135046","ANXA1",-0.250060823682162,0.025097008251347,"ANXA1",-0.24107572052924,0.0270912018573126
"ENSG00000135069","PSAT1",-1.32517785938507,3.63646164629531e-17,"PSAT1",-1.01005203984851,1.6508729979293e-10
"ENSG00000135090","TAOK3",-0.711070745321609,1.90004481506078e-23,"TAOK3",-0.68007545124442,1.7729402603411e-21
"ENSG00000135119","RNFT2",-0.79366119266822,0.0006112789209331,"RNFT2",-1.06585271184363,7.72068904986938e-06
"ENSG00000135245","HILPDA",-0.514061544808633,4.98745437276219e-07,"HILPDA",-0.366868748869363,0.000247532281484412
"ENSG00000135316","SYNCRIP",-0.627114172140471,1.2640124969648e-17,"SYNCRIP",-0.282153401109605,0.00019439117551803
"ENSG00000135341","MAP3K7",-0.382960989295304,1.49839123556007e-08,"MAP3K7",-0.256437130030059,0.000254752482571783
"ENSG00000135446","CDK4",-0.559223731537315,1.80196624923176e-12,"CDK4",-0.3694055376883,3.54445212489044e-06
"ENSG00000135541","AHI1",-0.332751821495961,0.00230211712798329,"AHI1",-0.295485329573096,0.0056004460242726
"ENSG00000135636","DYSF",-0.535629381509645,0.00235547481056149,"DYSF",-1.01633295099958,9.28329738521127e-05
"ENSG00000135698","MPHOSPH6",-0.29602535681356,6.25504684110242e-06,"MPHOSPH6",-0.348054959850132,9.62576073504817e-08
"ENSG00000135775","COG2",-0.40786377867061,0.00307224863192679,"COG2",-0.617516806687423,8.87226230166244e-06
"ENSG00000135829","DHX9",-0.287581901028552,8.53732673839816e-05,"DHX9",-0.18812569880608,0.0145762360513506
"ENSG00000135842","NIBAN1",-1.49071081757709,6.4544976792317e-22,"NIBAN1",-1.29477925505338,9.64022483199359e-18
"ENSG00000135862","LAMC1",-0.292102198737703,0.0069266484663437,"LAMC1",-0.421151721584611,4.15818410934594e-05
"ENSG00000136026","CKAP4",-0.311457079483518,4.09219728131288e-06,"CKAP4",-0.312316277817349,3.52845025873471e-06
"ENSG00000136051","WASHC4",-0.665185654266255,7.91532135139274e-16,"WASHC4",-0.423600296486779,2.39084136439076e-07
"ENSG00000136098","NEK3",-0.850953959892499,0.000531238759602082,"NEK3",-0.611694904816792,0.0047620032180235
"ENSG00000136104","RNASEH2B",-0.541018766482268,3.93197300795448e-06,"RNASEH2B",-0.26310479828186,0.0144448859574732
"ENSG00000136111","TBC1D4",-0.488925048830801,1.5398680248189e-06,"TBC1D4",-0.284142201281816,0.00400119205262074
"ENSG00000136193","SCRN1",-0.511642863094914,2.2349086278234e-06,"SCRN1",-0.258227640712874,0.0196705740177465
"ENSG00000136261","BZW2",-0.283320307174069,0.000563781409291927,"BZW2",-0.216666544942689,0.01056647124397
"ENSG00000136450","SRSF1",-0.626852235167511,8.96455933754859e-15,"SRSF1",-0.344218073894761,2.58522479821437e-05
"ENSG00000136527","TRA2B",-0.742827389149823,2.73591328714851e-25,"TRA2B",-0.621253258185173,3.29548059590555e-18
"ENSG00000136628","EPRS1",-0.613585147228157,5.84771346865246e-09,"EPRS1",-0.500130788695831,1.75533425462912e-06
"ENSG00000136636","KCTD3",-0.555562547268786,7.56714637050414e-08,"KCTD3",-0.383476330203621,0.000182405163827164
"ENSG00000136731","UGGT1",-0.332529096033731,1.36653553355754e-05,"UGGT1",-0.545673773893198,5.42809480190145e-13
"ENSG00000136830","NIBAN2",-0.54952928479156,1.46024482123751e-10,"NIBAN2",-0.433367839687752,3.79783157682927e-07
"ENSG00000136930","PSMB7",-0.266870207018509,0.00141714353454027,"PSMB7",-0.289756648486949,0.000403365421312434
"ENSG00000136937","NCBP1",-0.235781944291914,0.00277739220786914,"NCBP1",-0.293638628771481,0.000140979122556402
"ENSG00000136938","ANP32B",-0.54307888657778,1.42624775156945e-15,"ANP32B",-0.340190903329134,8.13382551531525e-07
"ENSG00000136950","ARPC5L",-0.238741210197268,0.00447202942213574,"ARPC5L",-0.200589269154206,0.0196021892160085
"ENSG00000136997","MYC",-0.633486103037063,0.000745382629758363,"MYC",-1.01952891686265,2.06908956130799e-06
"ENSG00000137076","TLN1",-0.276909919717125,0.011121657464884,"TLN1",-0.40258523660516,9.94482456249005e-05
"ENSG00000137106","GRHPR",-0.261459819405384,0.00287765498033073,"GRHPR",-0.189464200407155,0.0397300165205635
"ENSG00000137168","PPIL1",-0.2668037192065,0.0187221812621723,"PPIL1",-0.252966841413752,0.0225656592682374
"ENSG00000137177","KIF13A",-0.328635671846736,0.00795763039128925,"KIF13A",-0.364548294256721,0.00213602117466303
"ENSG00000137288","UQCC2",-0.593291016965407,0.000153556625754632,"UQCC2",-0.615847230174185,7.21711132813431e-05
"ENSG00000137309","HMGA1",-0.546110785649101,9.16288665262407e-16,"HMGA1",-0.617763419262888,1.1428824372406e-19
"ENSG00000137310","TCF19",-0.490996561402264,1.53324933408329e-05,"TCF19",-0.359706198332832,0.00144963179023748
"ENSG00000137492","THAP12",-0.401274795926101,0.000434894715328619,"THAP12",-0.315406347120484,0.0048962016265145
"ENSG00000137628","DDX60",-1.32198739922434,5.64310095143167e-09,"DDX60",-0.92531850218968,1.5161215938065e-05
"ENSG00000137642","SORL1",-1.11788423238605,0.00193801901747134,"SORL1",-0.47066041095203,0.0377379114797725
"ENSG00000137710","RDX",-0.323611558269668,6.76034288367992e-06,"RDX",-0.371077589160215,1.46327272558086e-07
"ENSG00000137764","MAP2K5",-0.7104093714789,9.43254873906741e-08,"MAP2K5",-1.00475546605049,2.33977499290742e-13
"ENSG00000137770","CTDSPL2",-0.312700021169513,0.000578680417703068,"CTDSPL2",-0.270010686788394,0.0022280263422106
"ENSG00000137819","PAQR5",-0.900061584879719,2.495351009857e-11,"PAQR5",-0.702060641868752,3.15199742647849e-07
"ENSG00000137845","ADAM10",-0.215195431394127,0.00333604795320444,"ADAM10",-0.291056580226963,4.33449118129472e-05
"ENSG00000137876","RSL24D1",-0.288528061342053,0.0426056647142403,"RSL24D1",-0.434797426984538,0.00111392429009467
"ENSG00000137936","BCAR3",-0.737141995586253,2.19265083321955e-13,"BCAR3",-0.423947438810061,1.70932847498429e-05
"ENSG00000137942","FNBP1L",-0.294954672329499,0.0248195659955608,"FNBP1L",-0.288707577602816,0.0213167710090595
"ENSG00000137955","RABGGTB",-0.817779550052691,3.52601951328038e-06,"RABGGTB",-0.556266228506949,0.00103775861091932
"ENSG00000137992","DBT",-0.30301408110253,0.00728430324246779,"DBT",-0.505128366548918,9.25515203172008e-06
"ENSG00000138031","ADCY3",-0.943185686493092,5.56922323165764e-17,"ADCY3",-0.357325630798373,0.00154754602064975
"ENSG00000138035","PNPT1",-0.357796219539157,9.40073289148767e-06,"PNPT1",-0.209052313794581,0.0136727518830283
"ENSG00000138071","ACTR2",-0.287099623242969,0.000426690813699721,"ACTR2",-0.211270847423658,0.0118729342398752
"ENSG00000138190","EXOC6",-0.726777214759689,4.40671320300682e-06,"EXOC6",-0.358050529640244,0.0119432930016851
"ENSG00000138193","PLCE1",-1.02479750224658,2.59741552876179e-09,"PLCE1",-1.23560924738255,1.3570736988758e-12
"ENSG00000138246","DNAJC13",-0.324873786716031,0.00778524766724747,"DNAJC13",-0.330425123319562,0.0052810763454976
"ENSG00000138286","FAM149B1",-1.13003513740665,7.78631979642543e-09,"FAM149B1",-1.10910488484473,1.05568134910461e-07
"ENSG00000138380","CARF",-0.583754075077546,0.0347238156294957,"CARF",-0.808998791170152,0.00326811634215574
"ENSG00000138430","OLA1",-0.500825529749567,2.30307797081116e-09,"OLA1",-0.396098206917034,2.00055839122609e-06
"ENSG00000138442","WDR12",-0.334868065981648,0.000575536097090175,"WDR12",-0.371303594743279,9.47135720060206e-05
"ENSG00000138468","SENP7",-0.44049344426551,0.00502435110978895,"SENP7",-0.337458866084893,0.0206999307776209
"ENSG00000138623","SEMA7A",-1.16409666396987,4.93133844193849e-15,"SEMA7A",-1.10314139504777,2.14144954707357e-13
"ENSG00000138639","ARHGAP24",-0.699957090724457,0.00205118283999185,"ARHGAP24",-1.10636203656818,1.07262466777887e-05
"ENSG00000138668","HNRNPD",-0.752687813136425,4.36589045671763e-25,"HNRNPD",-0.448389453840179,8.0667375450587e-10
"ENSG00000138675","FGF5",-0.958693528586301,3.2338303260599e-06,"FGF5",-0.803794708736411,0.000132090620205152
"ENSG00000138678","GPAT3",-0.850398199180022,6.64940493402895e-17,"GPAT3",-0.43208269236908,1.33289597539729e-05
"ENSG00000138696","BMPR1B",-0.897519740139732,4.53915301771609e-05,"BMPR1B",-0.530113100576825,0.00469942786767129
"ENSG00000138698","RAP1GDS1",-0.559110972868091,2.92166483073649e-08,"RAP1GDS1",-0.497747323878808,1.48463156156027e-06
"ENSG00000138758","SEPTIN11",-0.406578744287226,1.56463997849974e-10,"SEPTIN11",-0.394249523726567,4.73723931932417e-10
"ENSG00000138772","ANXA3",-1.1128333019985,1.27014934349329e-10,"ANXA3",-0.369639610130699,0.0149913062110153
"ENSG00000138777","PPA2",-0.954738288197717,6.36086016527979e-13,"PPA2",-1.18085581093026,1.3956329731285e-18
"ENSG00000138778","CENPE",-0.416339625628428,0.00249844317632787,"CENPE",-0.320166662810856,0.0174937701473582
"ENSG00000138801","PAPSS1",-0.431801299692634,2.09676928711876e-06,"PAPSS1",-0.390583313037102,1.19004827568032e-05
"ENSG00000138814","PPP3CA",-0.721785379619464,5.48702380979952e-27,"PPP3CA",-0.385018939369108,1.13654837307211e-08
"ENSG00000138829","FBN2",-1.62661203127976,1.11691593303808e-11,"FBN2",-1.48458622616965,4.14606244039863e-05
"ENSG00000139174","PRICKLE1",-1.08138571607427,2.47173156200674e-13,"PRICKLE1",-0.753872331796484,7.73859646339053e-07
"ENSG00000139269","INHBE",-2.23040679172656,9.6754747014587e-06,"INHBE",-2.54719886403419,1.57795333999735e-09
"ENSG00000139291","TMEM19",-0.39993722799266,0.00031293345857144,"TMEM19",-0.267218593060913,0.0159630118336726
"ENSG00000139323","POC1B",-0.723220460796002,1.56052999781647e-06,"POC1B",-0.808582674822109,3.97467351600624e-08
"ENSG00000139428","MMAB",-0.527488810824844,4.64933520030995e-05,"MMAB",-0.449904638705854,0.000429402326441942
"ENSG00000139437","TCHP",-0.477599532429352,3.35771144398192e-06,"TCHP",-0.362194387286644,0.000433962550082745
"ENSG00000139514","SLC7A1",-0.806523337279853,1.24372878158403e-14,"SLC7A1",-0.73204088943977,4.72808025003372e-12
"ENSG00000139629","GALNT6",-0.568387486534099,3.10231712986344e-08,"GALNT6",-0.488747473360029,1.4686047277483e-06
"ENSG00000139668","WDFY2",-0.514745106166137,7.09964471272281e-07,"WDFY2",-0.689583998703616,3.20599358014665e-11
"ENSG00000139684","ESD",-0.323095733400995,0.000240067778110495,"ESD",-0.569471073839173,3.54227478215085e-11
"ENSG00000139726","DENR",-0.373685335582481,3.79080482638985e-08,"DENR",-0.3286264710491,1.59880712110814e-06
"ENSG00000139734","DIAPH3",-1.07722684946009,1.09319455656872e-25,"DIAPH3",-0.820460514031738,9.72469215419495e-16
"ENSG00000139915","MDGA2",-3.03476950873526,5.47361896833235e-13,"MDGA2",-2.98007708269961,9.81761245070245e-27
"ENSG00000139974","SLC38A6",-0.795551814040752,2.42044296029371e-07,"SLC38A6",-0.976686760240862,7.15834118042928e-10
"ENSG00000140006","WDR89",-0.51559819084141,9.03767576153779e-09,"WDR89",-0.372255367443121,2.39585251737868e-05
"ENSG00000140015","KCNH5",-0.952207029133324,0.00211014320260931,"KCNH5",-1.37497809914501,2.76312810658021e-05
"ENSG00000140025","EFCAB11",-0.890053932763614,1.39111419987885e-06,"EFCAB11",-0.820029536128107,4.71067749410736e-06
"ENSG00000140044","JDP2",-1.09130261780855,7.8333618805742e-11,"JDP2",-1.36738895159042,2.96141364762941e-17
"ENSG00000140105","WARS1",-0.581268900678623,1.70296065707405e-07,"WARS1",-0.817580737980024,5.89887552336838e-13
"ENSG00000140157","NIPA2",-0.18224685067863,0.0269736664396964,"NIPA2",-0.203893366415863,0.0127765020100784
"ENSG00000140262","TCF12",-0.592590262440968,5.18084539392752e-13,"TCF12",-0.219423692188164,0.0086631942055232
"ENSG00000140299","BNIP2",-0.241399933153099,0.000134515717906464,"BNIP2",-0.316766210625658,3.82730290756175e-07
"ENSG00000140350","ANP32A",-0.704422324009127,1.97597151299703e-23,"ANP32A",-0.234472746132874,0.00139562530690025
"ENSG00000140374","ETFA",-0.292124054715126,0.000242875327696815,"ETFA",-0.278289506060332,0.000433962550082745
"ENSG00000140379","BCL2A1",-0.934796410507881,0.000746261724145962,"BCL2A1",-1.72441308225145,1.95689472716645e-08
"ENSG00000140386","SCAPER",-0.513524893713409,5.47859182020605e-05,"SCAPER",-0.442355943786563,0.000410538227863484
"ENSG00000140406","TLNRD1",-0.439920950121019,0.000119212652963396,"TLNRD1",-0.348517856809457,0.00297449494214016
"ENSG00000140451","PIF1",-1.06976340353665,1.45973716225182e-07,"PIF1",-0.996630825938081,5.54859634158974e-07
"ENSG00000140455","USP3",-0.373236845950872,7.37566168639379e-06,"USP3",-0.180931481467068,0.0425014411144118
"ENSG00000140479","PCSK6",-0.473841694080836,0.000704580595022164,"PCSK6",-0.950798674540819,0.00287850848607778
"ENSG00000140575","IQGAP1",-0.208407298006613,0.00357350282251587,"IQGAP1",-0.193706673160883,0.00718778233284473
"ENSG00000140694","PARN",-0.345376985364659,6.17920594248858e-07,"PARN",-0.17329056481883,0.0175633941479263
"ENSG00000140718","FTO",-1.33515250933425,1.70663695409563e-23,"FTO",-1.23155078459781,9.00886841108005e-21
"ENSG00000140740","UQCRC2",-0.709766109930526,4.39606978658805e-14,"UQCRC2",-0.753170708640852,2.81153001798296e-15
"ENSG00000140945","CDH13",-0.544295191800434,0.000116844678509532,"CDH13",-0.682610042532087,1.31482136833464e-06
"ENSG00000141002","TCF25",-0.293576624261277,0.000175795373970942,"TCF25",-0.289966658788795,0.000184582872569912
"ENSG00000141295","SCRN2",-0.305838865556516,0.0436166071834384,"SCRN2",-0.291770055804387,0.0424083933678417
"ENSG00000141401","IMPA2",-0.49075802704676,0.0371521838691356,"IMPA2",-1.01730189065877,0.0110798909937774
"ENSG00000141425","RPRD1A",-0.211595448757723,0.0186285655008695,"RPRD1A",-0.220728489163876,0.0123761278650927
"ENSG00000141429","GALNT1",-0.189177997445867,0.0167171986924871,"GALNT1",-0.21830649735961,0.00489653817148804
"ENSG00000141458","NPC1",-0.383124106496985,0.000119698886099667,"NPC1",-0.414322448351133,3.8287120024688e-05
"ENSG00000141526","SLC16A3",-0.728282837396484,1.2025503002299e-19,"SLC16A3",-0.457289054850103,1.25894852705764e-08
"ENSG00000141556","TBCD",-0.511814022191253,2.6451662700771e-05,"TBCD",-0.681308927375334,8.39084931432317e-08
"ENSG00000141580","WDR45B",-0.161273947226327,0.046619007572326,"WDR45B",-0.171905772665707,0.0337674184167931
"ENSG00000141627","DYM",-0.98487071912499,1.89538879431135e-18,"DYM",-1.01412347506511,8.46200634099512e-20
"ENSG00000142197","DOP1B",-1.11381701117982,5.58449817449106e-11,"DOP1B",-1.24082771979202,2.83358231226397e-13
"ENSG00000142230","SAE1",-0.363146059706281,6.89850322289412e-05,"SAE1",-0.246076887233292,0.00870277053352542
"ENSG00000142552","RCN3",-0.504978717488298,0.00138430716960803,"RCN3",-0.473064059039252,0.00165640108246531
"ENSG00000142634","EFHD2",-0.359501013764749,0.000838191866145929,"EFHD2",-0.520537795000491,1.3404090522401e-06
"ENSG00000142687","KIAA0319L",-0.678850506785445,7.01892698235004e-13,"KIAA0319L",-0.845493020431476,2.67983251641478e-18
"ENSG00000142798","HSPG2",-0.405277411161743,0.0263823654834307,"HSPG2",-1.03685712630694,7.09511347679065e-06
"ENSG00000142856","ITGB3BP",-0.898943162304853,1.00185567978398e-11,"ITGB3BP",-0.693017927631645,8.67884106905288e-08
"ENSG00000142892","PIGK",-0.284443915289426,0.0209154426216663,"PIGK",-0.682564418573373,1.1887340226272e-08
"ENSG00000142937","RPS8",-0.254496852497004,0.00178509806625971,"RPS8",-0.394976491794067,3.38424864964957e-07
"ENSG00000142949","PTPRF",-0.393380819123277,8.29905637345221e-08,"PTPRF",-0.439534219825468,1.72093613046928e-09
"ENSG00000143013","LMO4",-0.338711044443829,0.00756394846564182,"LMO4",-0.34205930210153,0.00525301026346212
"ENSG00000143155","TIPRL",-0.349207828702486,0.000117169053763913,"TIPRL",-0.22909878047948,0.0142608702350234
"ENSG00000143156","NME7",-0.343961004665342,0.000545033554543866,"NME7",-0.547402533549345,1.41035995492321e-07
"ENSG00000143228","NUF2",-0.670706244820698,0.000150301949561217,"NUF2",-0.382570162861859,0.0210117150333737
"ENSG00000143248","RGS5",-0.521013461159334,0.0466643638378057,"RGS5",-1.204891887522,0.000269811334298918
"ENSG00000143256","PFDN2",-0.466802466490935,1.73835350991792e-06,"PFDN2",-0.312060382022285,0.00150248785490385
"ENSG00000143314","MRPL24",-0.463240633217919,1.05594119228207e-05,"MRPL24",-0.467555367751499,6.92241821796354e-06
"ENSG00000143321","HDGF",-0.427726706191996,2.61963413851292e-08,"HDGF",-0.304692971977919,9.34144788402932e-05
"ENSG00000143384","MCL1",-0.696679060727961,6.1944219731341e-14,"MCL1",-0.649783897118348,3.73737425585808e-12
"ENSG00000143469","SYT14",-0.398989969844314,0.0186800949776571,"SYT14",-0.466583621180958,0.00489653817148804
"ENSG00000143498","TAF1A",-0.842515614987408,1.4464740586913e-07,"TAF1A",-0.821905334840649,3.48359279950386e-07
"ENSG00000143499","SMYD2",-0.648779908144686,4.63204694857944e-06,"SMYD2",-0.422964928961978,0.0031681891796962
"ENSG00000143549","TPM3",-0.313083641357149,2.25413978193009e-05,"TPM3",-0.251506157385437,0.00079220115180216
"ENSG00000143702","CEP170",-1.23374302344247,1.01074403558217e-16,"CEP170",-0.850075483918071,1.38052785237692e-08
"ENSG00000143742","SRP9",-0.532818563215714,3.71069263649034e-07,"SRP9",-0.493456612591424,2.14294801927428e-06
"ENSG00000143761","ARF1",-0.202213777522014,0.00092464185131849,"ARF1",-0.16348004456028,0.00998600471931549
"ENSG00000143786","CNIH3",-1.05356693140261,1.27205984857402e-10,"CNIH3",-0.824833868550169,1.13334217454526e-07
"ENSG00000143797","MBOAT2",-0.618964992019879,1.80393824920257e-10,"MBOAT2",-0.4333978936065,9.43430515245061e-06
"ENSG00000143815","LBR",-0.838626565671776,4.00847919393224e-19,"LBR",-0.403203840557444,1.65173904048599e-05
"ENSG00000143924","EML4",-0.470762150765473,6.4441205338758e-08,"EML4",-0.190995966395718,0.0420997306616219
"ENSG00000143933","CALM2",-0.350362849486608,2.67586155730016e-05,"CALM2",-0.257668708617913,0.0024085507721037
"ENSG00000143951","WDPCP",-1.63530681485387,1.63202448224612e-11,"WDPCP",-1.33749383790193,1.27335681867641e-09
"ENSG00000143970","ASXL2",-0.28589537991947,0.00106118411938744,"ASXL2",-0.203220449385628,0.0230928478998141
"ENSG00000144036","EXOC6B",-0.779625024313667,9.12751693491869e-08,"EXOC6B",-0.959698287129728,3.28345506072849e-09
"ENSG00000144136","SLC20A1",-0.838838707717749,1.37031410182524e-16,"SLC20A1",-0.922036997589561,1.68339801095859e-19
"ENSG00000144218","AFF3",-1.70712356653731,4.78305657220281e-28,"AFF3",-1.54885392755092,1.04451630183012e-28
"ENSG00000144228","SPOPL",-0.410181092618494,4.21120098969618e-05,"SPOPL",-0.273606878227333,0.00555806634853951
"ENSG00000144231","POLR2D",-0.218703695152089,0.00143237546435868,"POLR2D",-0.230487208764502,0.00076470407959846
"ENSG00000144278","GALNT13",-2.82082512789291,6.49630428157213e-05,"GALNT13",-1.2438980683871,0.00349166119997067
"ENSG00000144283","PKP4",-0.763198946405351,8.04522291200403e-19,"PKP4",-0.462070953233384,1.52473203754668e-07
"ENSG00000144354","CDCA7",-1.59157926124244,1.75372220004497e-28,"CDCA7",-1.28891565344861,1.52193177473969e-21
"ENSG00000144426","NBEAL1",-0.316458813772762,0.0103603201207638,"NBEAL1",-0.324030391157929,0.00729093506080265
"ENSG00000144455","SUMF1",-0.298700166347123,0.0031739158717377,"SUMF1",-0.968640347417652,1.83278954276979e-20
"ENSG00000144468","RHBDD1",-0.400856913797092,0.00796474439272226,"RHBDD1",-0.611564387698222,8.51878638674478e-05
"ENSG00000144535","DIS3L2",-0.559696246542985,4.81374955422513e-05,"DIS3L2",-0.388605304256489,0.00353049941968559
"ENSG00000144554","FANCD2",-0.378793193716659,0.0055183553230967,"FANCD2",-0.346812260830288,0.00801088801545759
"ENSG00000144580","CNOT9",-0.455430325908903,5.98906600453763e-13,"CNOT9",-0.182745878960082,0.00660269189546033
"ENSG00000144642","RBMS3",-2.018895518905,1.28533557997771e-24,"RBMS3",-1.74242182131228,1.13266219504558e-20
"ENSG00000144645","OSBPL10",-0.690751986637991,5.5218475550329e-12,"OSBPL10",-0.315058997945445,0.000904387266294126
"ENSG00000144681","STAC",-1.21695789821064,1.70800657287613e-09,"STAC",-1.52395597551052,7.42961265568912e-13
"ENSG00000144724","PTPRG",-1.63495795484681,1.73885920047506e-42,"PTPRG",-1.97508841363313,1.38999948695752e-61
"ENSG00000144810","COL8A1",-1.17345367920792,0.000180350550918262,"COL8A1",-1.61528144824277,3.03121797158791e-07
"ENSG00000144840","RABL3",-0.516960317440983,2.4398330088119e-05,"RABL3",-0.353171193773146,0.00389922935146942
"ENSG00000144959","NCEH1",-0.387048626374328,0.00057527651961294,"NCEH1",-0.344002944091646,0.00188446826486247
"ENSG00000145012","LPP",-1.0181559790037,5.53938561346259e-16,"LPP",-1.33294807120747,3.85381137600136e-26
"ENSG00000145191","EIF2B5",-0.383149995911383,7.89123262033925e-09,"EIF2B5",-0.147457989856554,0.0471324086164432
"ENSG00000145284","SCD5",-0.315813883070104,0.0049187900136182,"SCD5",-0.248755947024981,0.0224557993213758
"ENSG00000145362","ANK2",-2.80089747767711,1.39135538635922e-23,"ANK2",-3.17990138944236,5.45847480341813e-25
"ENSG00000145365","TIFA",-0.310630064419163,0.0307388723734138,"TIFA",-0.506136470581796,0.000201232451548138
"ENSG00000145375","AFG2A",-0.665396635530123,1.9264263840159e-10,"AFG2A",-0.505121017376293,6.89357394414069e-07
"ENSG00000145439","CBR4",-0.33286284426763,0.0133125854535489,"CBR4",-0.288907132642689,0.0254917127305647
"ENSG00000145604","SKP2",-1.31376289736621,6.85596637538137e-46,"SKP2",-0.669932568275337,3.45024979813014e-13
"ENSG00000145687","SSBP2",-1.00536463601644,1.28810303751264e-05,"SSBP2",-1.17560310979133,1.78343445792025e-07
"ENSG00000145715","RASA1",-1.13443341513976,1.07668685834095e-23,"RASA1",-0.755212495373908,3.18310732990528e-11
"ENSG00000145725","PPIP5K2",-0.48006310865911,1.56204907932635e-07,"PPIP5K2",-0.377535111556726,3.24831900544117e-05
"ENSG00000145730","PAM",-0.404801660403003,3.000328493041e-06,"PAM",-0.625571332737063,3.78510064235136e-13
"ENSG00000145743","FBXL17",-1.56059894494732,7.8929503843092e-19,"FBXL17",-2.50384981029124,5.64740912447636e-40
"ENSG00000145781","COMMD10",-1.2514266106498,1.9264263840159e-10,"COMMD10",-1.75460397369635,1.04236966239499e-19
"ENSG00000145860","RNF145",-0.758046277611876,2.77035652270894e-11,"RNF145",-0.646322672474027,1.44015047334047e-08
"ENSG00000145919","BOD1",-0.943353954296932,1.92601539513923e-19,"BOD1",-0.659768256803887,6.32966206856421e-11
"ENSG00000145934","TENM2",-1.28759644096427,7.57703043640757e-05,"TENM2",-1.27322065062476,0.000116784113824736
"ENSG00000145982","FARS2",-1.42941477807483,8.90288345972021e-22,"FARS2",-1.79107518418852,5.07980781382419e-29
"ENSG00000145990","GFOD1",-0.840007351379494,4.34246106902904e-08,"GFOD1",-0.399442235499228,0.0197720074968326
"ENSG00000145996","CDKAL1",-1.4966082562274,1.35814611034667e-30,"CDKAL1",-1.96450940710494,1.01671486584393e-45
"ENSG00000146112","PPP1R18",-0.426424253801817,1.20590290468634e-05,"PPP1R18",-0.263313432340542,0.0084629148555118
"ENSG00000146223","RPL7L1",-0.286843785039732,6.31104204086477e-07,"RPL7L1",-0.306632209389464,1.24027361006301e-07
"ENSG00000146243","IRAK1BP1",-0.850321478237736,6.1094415020744e-06,"IRAK1BP1",-0.986042315387465,1.99561461446421e-07
"ENSG00000146281","PM20D2",-0.915028744189201,4.87344362672959e-13,"PM20D2",-0.42561135812301,0.000333501804794207
"ENSG00000146376","ARHGAP18",-1.25224125285954,3.2963800103039e-29,"ARHGAP18",-0.466178908448134,7.20422780536829e-06
"ENSG00000146416","AIG1",-0.856393899180028,2.93244079421538e-10,"AIG1",-0.904202838786349,2.14504521056373e-11
"ENSG00000146463","ZMYM4",-0.295544837588971,0.0016655912826984,"ZMYM4",-0.213530922475781,0.0262691050783049
"ENSG00000146592","CREB5",-0.67280528349377,1.80969695296815e-06,"CREB5",-0.762381052543322,7.11046738297657e-07
"ENSG00000146729","NIPSNAP2",-1.08781014622906,5.26579446774667e-21,"NIPSNAP2",-0.698684413686225,4.16118905781971e-10
"ENSG00000146731","CCT6A",-0.16392386763759,0.000426138817919042,"CCT6A",-0.162021617666279,0.00056222982933237
"ENSG00000146733","PSPH",-0.512822596311579,7.94856117592678e-05,"PSPH",-0.422438910449418,0.000863485889426297
"ENSG00000146802","TMEM168",-0.81831694064811,1.04079326532925e-08,"TMEM168",-1.03764319583249,1.39523795525507e-10
"ENSG00000146918","NCAPG2",-0.434393414742707,4.32820123004725e-05,"NCAPG2",-0.235653392743092,0.0304978535682393
"ENSG00000146963","LUC7L2",-0.504959607245338,2.37069301718001e-13,"LUC7L2",-0.277919279852197,7.70866894091106e-05
"ENSG00000147010","SH3KBP1",-0.476363056247276,0.000695065811244523,"SH3KBP1",-0.824866463451362,1.03229693696803e-08
"ENSG00000147044","CASK",-0.382388973788274,0.00540761594027854,"CASK",-0.542299155641755,7.44472918670059e-05
"ENSG00000147065","MSN",-0.619168573929929,3.88096214897415e-12,"MSN",-0.718697640061893,1.5140408258481e-15
"ENSG00000147099","HDAC8",-0.542765014502819,6.47563923833813e-05,"HDAC8",-0.426739171994087,0.00112890727961988
"ENSG00000147133","TAF1",-0.541917946161189,1.42592621293389e-09,"TAF1",-0.231518525112504,0.0141832615898685
"ENSG00000147162","OGT",-0.482586663629633,7.34514689822799e-06,"OGT",-0.273569521890261,0.0123410561346797
"ENSG00000147202","DIAPH2",-1.94587506140002,1.05940653633711e-33,"DIAPH2",-2.29131173425706,3.75058521705688e-38
"ENSG00000147274","RBMX",-0.710386174152846,9.66055455309755e-26,"RBMX",-0.285911265840009,4.18020112929347e-05
"ENSG00000147316","MCPH1",-0.273882556187812,0.00674474598960061,"MCPH1",-0.226512265619016,0.0236568207358582
"ENSG00000147364","FBXO25",-0.308224936916036,0.0112287030479609,"FBXO25",-0.262304375538314,0.0275329926026374
"ENSG00000147394","ZNF185",-0.64061706889139,0.000410832485963122,"ZNF185",-1.0144272626622,1.62200836610595e-06
"ENSG00000147454","SLC25A37",-0.42464739593173,1.21771773525876e-07,"SLC25A37",-0.242364615154929,0.00359865932515685
"ENSG00000147459","DOCK5",-0.360166577669387,0.000373799969414659,"DOCK5",-0.215468353791519,0.0392313792708727
"ENSG00000147471","PLPBP",-0.229795971771269,0.0204834390018358,"PLPBP",-0.391923321018596,4.07439446943995e-05
"ENSG00000147679","UTP23",-0.215272148275148,0.01141402209077,"UTP23",-0.206059835136963,0.0169096338601225
"ENSG00000147687","TATDN1",-0.378729463245298,0.000395285474902991,"TATDN1",-0.340215077288411,0.00122499264394972
"ENSG00000147852","VLDLR",-0.768802628654589,0.000145356472313374,"VLDLR",-1.03386310349664,5.16742231533748e-07
"ENSG00000147854","UHRF2",-0.378183558109147,0.000448479272194549,"UHRF2",-0.39605578986702,0.000142446185074409
"ENSG00000147862","NFIB",-1.8344758193894,9.65753981482175e-63,"NFIB",-1.27934960808466,4.51723285771024e-33
"ENSG00000147874","HAUS6",-0.304633705357703,0.00103664221895835,"HAUS6",-0.255866634704561,0.00580870887775454
"ENSG00000147905","ZCCHC7",-0.502715185402706,9.18508272087343e-07,"ZCCHC7",-0.445265953114644,7.85241289587073e-06
"ENSG00000148090","AUH",-0.826185692222219,0.00202430881835665,"AUH",-0.841313921644185,0.000785774243921749
"ENSG00000148153","INIP",-0.261465097439017,0.0028587763881448,"INIP",-0.338166261712147,9.97098568901996e-05
"ENSG00000148154","UGCG",-0.68900524685726,2.61605040313369e-14,"UGCG",-0.20016302390835,0.0412247224480242
"ENSG00000148187","MRRF",-0.321000329745987,0.00155144327382191,"MRRF",-0.267265920898874,0.00846058344891539
"ENSG00000148303","RPL7A",-0.238133276124879,0.00130221103098076,"RPL7A",-0.176300155662086,0.0220542720981597
"ENSG00000148341","SH3GLB2",-0.596832712371736,1.18877784218773e-11,"SH3GLB2",-0.358324345530146,5.67793187304304e-05
"ENSG00000148399","DPH7",-0.251522252071517,0.0429731591733877,"DPH7",-0.260268608479067,0.0328587460840673
"ENSG00000148484","RSU1",-0.696613735639533,4.39606978658805e-14,"RSU1",-1.07542359971423,5.94127025706198e-30
"ENSG00000148516","ZEB1",-0.654905702984643,5.66280803668343e-06,"ZEB1",-0.365846555198168,0.00835386667055289
"ENSG00000148672","GLUD1",-0.206242827448994,0.0128400435469946,"GLUD1",-0.838424647655374,7.95657701025778e-27
"ENSG00000148773","MKI67",-0.462273351024735,0.00222891989729079,"MKI67",-0.375633368203801,0.0101547076581387
"ENSG00000148834","GSTO1",-0.319067394958472,0.00678498123533657,"GSTO1",-0.520743996213451,4.15728994520405e-06
"ENSG00000149179","CSTPP1",-1.13983900885796,2.11081065134139e-08,"CSTPP1",-2.09007983392848,4.01038139629563e-20
"ENSG00000149196","HIKESHI",-0.312943001847856,0.00474417196605498,"HIKESHI",-0.368537541371434,0.000556380134258875
"ENSG00000149218","ENDOD1",-0.282903145119875,0.00684818369207443,"ENDOD1",-0.657167926193837,3.61669580891588e-10
"ENSG00000149256","TENM4",-1.78524543814338,4.33253363915739e-18,"TENM4",-2.44061820672283,9.61876145481717e-33
"ENSG00000149294","NCAM1",-1.15715810969543,5.03223450962075e-17,"NCAM1",-1.32420011089041,1.14679639972812e-20
"ENSG00000149571","KIRREL3",-2.04830267361289,5.14292408536531e-05,"KIRREL3",-1.79563335421465,0.000463771142668133
"ENSG00000149600","COMMD7",-0.412720587657684,7.46643314854724e-05,"COMMD7",-0.400126097138266,9.00923576867709e-05
"ENSG00000149948","HMGA2",-1.01600841255196,1.28423309095256e-13,"HMGA2",-0.561340413891046,2.87247630975385e-05
"ENSG00000149970","CNKSR2",-0.864051785749238,9.18332659401995e-07,"CNKSR2",-0.604154495936314,0.000266490256408145
"ENSG00000150093","ITGB1",-0.510403185782267,1.33764282583422e-05,"ITGB1",-0.723538162310412,1.03006443351558e-09
"ENSG00000150403","TMCO3",-0.595256552235063,8.90350929455678e-06,"TMCO3",-0.57832074801098,1.58088655659511e-05
"ENSG00000150636","CCDC102B",-1.31657231729427,0.000275037803127489,"CCDC102B",-1.18716239626689,0.000368829149378496
"ENSG00000150753","CCT5",-0.272862393722208,1.05246628089059e-08,"CCT5",-0.110060686140512,0.0410202965402642
"ENSG00000150760","DOCK1",-1.12508385819736,1.31530101475792e-23,"DOCK1",-1.18401027035341,2.65416120816496e-26
"ENSG00000150776","NKAPD1",-0.195178572563693,0.0337679875574068,"NKAPD1",-0.38583736104325,4.12821682505447e-06
"ENSG00000150867","PIP4K2A",-0.286993739237138,0.00752602679264125,"PIP4K2A",-0.263228286226579,0.0118903742982451
"ENSG00000150938","CRIM1",-0.727464027147074,1.76170818608791e-09,"CRIM1",-0.51203562338219,2.01918717625329e-05
"ENSG00000151148","UBE3B",-0.425834518556147,6.13485021540393e-07,"UBE3B",-0.272046103899922,0.00204699802053702
"ENSG00000151229","SLC2A13",-1.53208810648479,1.88843360564705e-11,"SLC2A13",-1.75033977600326,6.77524726135312e-10
"ENSG00000151240","DIP2C",-0.578880611655044,0.000293402719327943,"DIP2C",-0.813773045537209,2.85070534185558e-07
"ENSG00000151247","EIF4E",-0.373664886193338,3.73061042751627e-07,"EIF4E",-0.21838195582025,0.00547171737096929
"ENSG00000151276","MAGI1",-1.55152069310092,7.00786951865474e-27,"MAGI1",-1.61872001486379,6.77170674783893e-33
"ENSG00000151338","MIPOL1",-1.31858679731227,7.46155933202419e-11,"MIPOL1",-1.2487091731018,1.86881692140015e-09
"ENSG00000151353","TMEM18",-0.23251793275013,0.0389050316427587,"TMEM18",-0.219735770038346,0.0472422367577674
"ENSG00000151413","NUBPL",-1.08412439127701,1.67378060353503e-25,"NUBPL",-1.68338370934413,4.40796435562937e-47
"ENSG00000151422","FER",-0.776614005641354,2.76697598851607e-16,"FER",-0.567003397073525,1.92843487171821e-09
"ENSG00000151465","CDC123",-0.385976050504183,2.78115179570704e-08,"CDC123",-0.166089006947527,0.0279433586845872
"ENSG00000151466","SCLT1",-0.842794378561553,1.21306338613361e-11,"SCLT1",-0.826828874435733,4.42895827004698e-11
"ENSG00000151502","VPS26B",-0.62236696031825,8.54151296207037e-09,"VPS26B",-0.645532708029388,5.54859670522107e-09
"ENSG00000151532","VTI1A",-0.871464879904253,2.5936516837602e-11,"VTI1A",-0.721215817609146,1.26106875626795e-08
"ENSG00000151611","MMAA",-0.563335506183533,0.0113806696619717,"MMAA",-0.624817062462813,0.00473573161339874
"ENSG00000151718","WWC2",-0.351947794548637,0.000383126948412381,"WWC2",-0.231135335027865,0.0250714469343605
"ENSG00000151743","AMN1",-0.644783013279793,0.00118546034088967,"AMN1",-0.391460867653996,0.031491787716344
"ENSG00000151746","BICD1",-0.860890751958422,1.01072479545847e-11,"BICD1",-0.714278848486692,2.83506962805858e-09
"ENSG00000151779","NBAS",-0.493355542807224,2.60073856259725e-05,"NBAS",-0.741513429687711,5.2926504748743e-10
"ENSG00000151876","FBXO4",-0.977195011685883,1.24235906233193e-06,"FBXO4",-0.860599155054265,1.85571248389994e-05
"ENSG00000151917","BEND6",-1.33218733154767,2.61953201742659e-10,"BEND6",-1.63018408589739,2.42240277524656e-16
"ENSG00000151923","TIAL1",-0.278408614081704,2.60363309029801e-05,"TIAL1",-0.510422578136599,4.78094132701142e-15
"ENSG00000151952","TMEM132D",-2.2267563713687,0.000612715447838022,"TMEM132D",-2.00820367231918,1.21445236323498e-05
"ENSG00000152061","RABGAP1L",-0.949498969499334,1.12654491477011e-07,"RABGAP1L",-1.31673776702308,2.32513112404134e-11
"ENSG00000152086","TUBA3E",-1.05781295855032,0.000151180109808968,"TUBA3E",-0.559202184440476,0.0147761118836243
"ENSG00000152127","MGAT5",-0.688235657166193,5.75569958805294e-15,"MGAT5",-0.605429905862229,2.32186813581368e-11
"ENSG00000152193","OBI1",-0.237621740948103,0.013075825146213,"OBI1",-0.396087605291129,1.167781718223e-05
"ENSG00000152234","ATP5F1A",-0.380729030283977,5.02239092235508e-07,"ATP5F1A",-0.32371310238869,2.00251248846553e-05
"ENSG00000152240","HAUS1",-0.294549410377206,0.00717044753366541,"HAUS1",-0.267079396986395,0.0102116391832878
"ENSG00000152348","ATG10",-1.00738713313047,7.7731769404546e-08,"ATG10",-1.21747466858812,5.00376218711546e-11
"ENSG00000152402","GUCY1A2",-1.23025986446476,0.000419051672947108,"GUCY1A2",-1.61487767643136,0.000153618306704986
"ENSG00000152413","HOMER1",-0.314191650535137,0.00122575634181588,"HOMER1",-0.253588004944492,0.0148696251795473
"ENSG00000152484","USP12",-0.430515433940882,5.09520670719383e-06,"USP12",-0.219560777219141,0.0261177476707131
"ENSG00000152492","CCDC50",-0.191381171563922,0.00725845559848188,"CCDC50",-0.225359786158417,0.00126797530890722
"ENSG00000152495","CAMK4",-0.725564656301359,8.47003767836147e-08,"CAMK4",-0.755358181689969,4.25471600378889e-08
"ENSG00000152558","TMEM123",-0.376817483554136,3.2950779581815e-09,"TMEM123",-0.229994370200117,0.000499050578784301
"ENSG00000152620","NADK2",-0.51112271568032,7.43018836838679e-06,"NADK2",-0.344699726599701,0.0018215674132158
"ENSG00000152749","GPR180",-0.522313871275911,1.24551126247827e-05,"GPR180",-0.586083202517695,1.83315319040947e-06
"ENSG00000152767","FARP1",-0.881543052175366,0.000190061396920178,"FARP1",-1.49568190470371,2.81540323911509e-09
"ENSG00000152784","PRDM8",-0.484673698429653,0.0021984080494336,"PRDM8",-0.636138833615001,5.51817523850904e-05
"ENSG00000152818","UTRN",-1.13855002797873,5.61422160834108e-16,"UTRN",-0.927802017193711,3.74396830681248e-11
"ENSG00000152952","PLOD2",-0.497926373194347,0.00144522235425124,"PLOD2",-0.477365977899248,0.0016831863932095
"ENSG00000153015","CWC27",-0.452257921569216,4.27322722014462e-10,"CWC27",-0.644663541283497,9.92794153864029e-19
"ENSG00000153113",NA,-0.310761868789115,5.8443310251719e-07,NA,-0.34827990103832,1.13734293739251e-08
"ENSG00000153179","RASSF3",-0.653459527425698,4.58114236034019e-08,"RASSF3",-0.311932889389766,0.00989893930867759
"ENSG00000153187","HNRNPU",-0.44806308831946,2.08489850162955e-12,"HNRNPU",-0.317085766519938,9.46141885226107e-07
"ENSG00000153317","ASAP1",-0.534734448480529,8.04110743246156e-11,"ASAP1",-0.225938033790693,0.00931469592124386
"ENSG00000153487","ING1",-0.285466582449818,0.02428976478503,"ING1",-0.359025452058097,0.00353049941968559
"ENSG00000153560","UBP1",-0.407292830414061,1.09010011627772e-08,"UBP1",-0.445630312275962,4.80547767999311e-10
"ENSG00000153574","RPIA",-0.853489592999244,1.17154014362354e-16,"RPIA",-0.791392223316221,1.94475610989974e-13
"ENSG00000153707","PTPRD",-1.4855078312848,1.52593343185637e-15,"PTPRD",-1.95433007840761,5.14711437269752e-24
"ENSG00000153774","CFDP1",-0.511800406334619,2.83824584829931e-06,"CFDP1",-0.593532433623303,2.55084295572137e-08
"ENSG00000153814","JAZF1",-0.390590268253089,0.00453674916423031,"JAZF1",-0.271571234688904,0.0338049256157631
"ENSG00000153879","CEBPG",-0.702725852326031,3.68470858435889e-08,"CEBPG",-0.976220886058572,2.59033362726321e-14
"ENSG00000153898","MCOLN2",-0.583444325525358,0.000588776491096736,"MCOLN2",-0.435624143466598,0.00480774349442148
"ENSG00000153914","SREK1",-0.281259309845654,1.42444067864309e-05,"SREK1",-0.234455259347092,0.000371875131169635
"ENSG00000153936","HS2ST1",-0.720376061252275,1.51151241248958e-16,"HS2ST1",-0.335316079153502,0.00010966100989733
"ENSG00000153944","MSI2",-0.335441737696877,0.000718991922501897,"MSI2",-0.566359038854712,1.66283304856035e-08
"ENSG00000153956","CACNA2D1",-1.25635959072106,8.72740118204193e-23,"CACNA2D1",-1.79754559215725,4.48353666267867e-43
"ENSG00000153976","HS3ST3A1",-1.55807311466737,6.22464076972786e-61,"HS3ST3A1",-0.913768289512821,1.06098097341432e-22
"ENSG00000153989","NUS1",-0.721251395074375,3.48002566861166e-09,"NUS1",-0.256402417460174,0.0351838894689413
"ENSG00000153993","SEMA3D",-1.41580922276895,5.12097537618793e-09,"SEMA3D",-0.394068273414755,0.0353413125198018
"ENSG00000154027","AK5",-0.765043294365295,0.00143370387433784,"AK5",-0.721728782318921,0.000547283897407856
"ENSG00000154059","IMPACT",-0.540121269380292,3.94788796045839e-08,"IMPACT",-0.574465573406848,9.89808560437939e-09
"ENSG00000154102","C16orf74",-0.722075207495442,3.01378475959093e-08,"C16orf74",-0.535794235502281,4.03547809383347e-05
"ENSG00000154122","ANKH",-0.512041985345916,4.598903722773e-05,"ANKH",-0.745889384244141,1.08066339784101e-09
"ENSG00000154133","ROBO4",-0.858635678482226,7.01066200356979e-06,"ROBO4",-0.620497868623426,0.000709258846141326
"ENSG00000154217","PITPNC1",-0.589266277017041,0.000321995792860077,"PITPNC1",-0.962992033456753,4.20132567304066e-08
"ENSG00000154229","PRKCA",-0.611489658997896,6.9468403680378e-10,"PRKCA",-0.701417295510202,1.36801886125832e-12
"ENSG00000154240","CEP112",-0.960479505789654,9.93566982619993e-06,"CEP112",-1.57554356788865,9.99823573262737e-12
"ENSG00000154319","FAM167A",-0.381101217049169,0.0249993885570101,"FAM167A",-0.569005445951464,0.00098333842899389
"ENSG00000154473","BUB3",-0.276097055013192,1.11900305235261e-06,"BUB3",-0.182242851379506,0.00215315983076912
"ENSG00000154814","OXNAD1",-0.56805165308169,2.32923290978283e-06,"OXNAD1",-0.292840361969496,0.0114247362865617
"ENSG00000154928","EPHB1",-2.03066969382066,1.05125490017252e-07,"EPHB1",-2.45920492794853,7.36005715011468e-09
"ENSG00000155008","APOOL",-0.654080920528179,9.60991057778619e-13,"APOOL",-0.616334575784903,9.1649104260402e-11
"ENSG00000155189","AGPAT5",-0.306589337121703,8.88247729635384e-06,"AGPAT5",-0.40158104400219,5.07605638805021e-09
"ENSG00000155313","USP25",-0.303243444961161,0.0148814421179033,"USP25",-0.39513221646813,0.00123476473090563
"ENSG00000155903","RASA2",-0.582801626121445,1.56770078572851e-07,"RASA2",-0.495907145105474,6.88006710317567e-06
"ENSG00000155957","TMBIM4",-0.371388113749388,0.00449636821446508,"TMBIM4",-0.260919742783502,0.0421112041968943
"ENSG00000155970","MICU3",-0.450984131536727,0.02428249265368,"MICU3",-0.860835721504578,0.000163063588052583
"ENSG00000156011","PSD3",-0.803661399013189,1.06294483590207e-12,"PSD3",-0.727483874508593,4.85542098919679e-10
"ENSG00000156026","MCU",-0.606173510093043,3.32215378538949e-07,"MCU",-0.293057218166713,0.0126706167540233
"ENSG00000156103","MMP16",-1.25943193516621,1.00030267444947e-14,"MMP16",-0.959706542612095,1.59286516882621e-09
"ENSG00000156110","ADK",-1.37172712570163,6.25834954216682e-42,"ADK",-1.45826998402845,5.11712568518069e-49
"ENSG00000156113","KCNMA1",-0.461984427534036,0.0154075454869065,"KCNMA1",-0.541203526776201,0.00399676532281777
"ENSG00000156140","ADAMTS3",-1.75922659126854,2.9993793726021e-10,"ADAMTS3",-1.41071508399585,7.16681147738478e-09
"ENSG00000156239","HEMK2",-0.420623298456875,0.00807788799905094,"HEMK2",-0.47548670420237,0.00231895444635336
"ENSG00000156313","RPGR",-0.336262220671253,0.014049451788994,"RPGR",-0.450617140509919,0.000461076769342083
"ENSG00000156384","SFR1",-0.483387930481395,0.00466254020294577,"SFR1",-0.321472195215259,0.032683367625946
"ENSG00000156508","EEF1A1",-0.352808986169217,0.00187239276108477,"EEF1A1",-0.325493993304177,0.00339151868077068
"ENSG00000156639","ZFAND3",-0.353184106636795,0.000384062376179409,"ZFAND3",-0.333102274695681,0.000860792846656857
"ENSG00000156642","NPTN",-0.227098019045897,0.0052557689502182,"NPTN",-0.298239755833864,0.00015052179727327
"ENSG00000156802","ATAD2",-0.598203614855812,2.58398375879873e-13,"ATAD2",-0.249653120641151,0.0031345697747714
"ENSG00000156831","NSMCE2",-0.756367575680856,1.00181819183861e-06,"NSMCE2",-0.551289452543607,0.000169644442233682
"ENSG00000156958","GALK2",-0.370037426146985,0.00784408326979813,"GALK2",-0.320529308364507,0.0171053854513
"ENSG00000157064","NMNAT2",-1.32694826241447,3.70355493579701e-12,"NMNAT2",-1.54299984247716,1.83117586872044e-14
"ENSG00000157193","LRP8",-1.37107966002955,1.39492336056919e-26,"LRP8",-1.17893857611724,3.6412012419435e-20
"ENSG00000157227","MMP14",-0.561456018332019,0.00297468372625327,"MMP14",-0.547840182415426,0.00312585651357946
"ENSG00000157500","APPL1",-0.245005034192532,7.24961512364447e-05,"APPL1",-0.159065540434963,0.0171337611246579
"ENSG00000157510","AFAP1L1",-1.26928727653123,0.00408669928713582,"AFAP1L1",-0.912450724454565,0.0127009188610093
"ENSG00000157827","FMNL2",-0.865496299512015,7.64400066943723e-21,"FMNL2",-0.427955920852812,1.73488008564071e-06
"ENSG00000157985","AGAP1",-1.18575386809983,1.92748937861205e-21,"AGAP1",-1.38664422031516,9.81761245070245e-27
"ENSG00000158019","BABAM2",-1.0593808508052,3.03714373029343e-12,"BABAM2",-1.02783261883228,1.78459519038174e-11
"ENSG00000158042","MRPL17",-0.268866277080299,0.00136647831498993,"MRPL17",-0.175244972127808,0.0479205506373121
"ENSG00000158092","NCK1",-0.271221546164214,0.0303238144704047,"NCK1",-0.276704839180767,0.0202345429497821
"ENSG00000158161","EYA3",-0.403258368324507,1.93360234236363e-05,"EYA3",-0.300686835670399,0.00141142802630157
"ENSG00000158321","AUTS2",-0.577066289321356,5.62856628782186e-07,"AUTS2",-0.477978627597512,4.12771925656066e-05
"ENSG00000158411","MITD1",-0.301145087277322,0.0137272444032678,"MITD1",-0.328598287874154,0.00389249798757631
"ENSG00000158458","NRG2",-0.811787188488593,0.00495264244842118,"NRG2",-1.60985633843442,2.53721837110464e-06
"ENSG00000158470","B4GALT5",-0.404063096724314,1.72128886051955e-06,"B4GALT5",-0.291060649490336,0.000640911982055537
"ENSG00000158528","PPP1R9A",-1.59527606992742,1.66598415637403e-06,"PPP1R9A",-0.913101984471003,0.0013706325410867
"ENSG00000158623","COPG2",-0.499830890498948,0.00597895452057568,"COPG2",-0.575833820493192,0.00173005033698479
"ENSG00000158711","ELK4",-0.31348014601906,0.00750037673013364,"ELK4",-0.350144728525137,0.00194746511915935
"ENSG00000158813","EDA",-1.77107711401496,9.10968619538723e-06,"EDA",-1.38626900349084,0.000230977645028084
"ENSG00000159023","EPB41",-0.463998619154664,0.000131273293201188,"EPB41",-0.661726802014274,7.80601322414792e-09
"ENSG00000159131","GART",-0.511795753208794,1.54563505591279e-14,"GART",-0.28407695886219,2.73503171050939e-05
"ENSG00000159167","STC1",-1.07242186537175,1.43673271879661e-17,"STC1",-0.981832967794696,8.50675949240816e-15
"ENSG00000159176","CSRP1",-0.235627719163545,0.0347365851440203,"CSRP1",-0.44803629581498,1.64492065367723e-05
"ENSG00000159199","ATP5MC1",-0.324196999083526,0.000441303859153745,"ATP5MC1",-0.405549554816711,6.51915488680764e-06
"ENSG00000159208","CIART",-0.473579658857228,0.0479413388237219,"CIART",-1.10310010639553,0.000106409755627592
"ENSG00000159267","HLCS",-0.732213306948641,7.39865970807601e-08,"HLCS",-0.997510150707584,4.43943814562544e-13
"ENSG00000159322","ADPGK",-0.266178611450901,0.0170017433897547,"ADPGK",-0.280074252118946,0.0106753603673192
"ENSG00000159685","CHCHD6",-0.973265821358772,2.26599998631469e-10,"CHCHD6",-1.76269161681494,2.8785607405626e-22
"ENSG00000160062","ZBTB8A",-0.328314663130082,0.0275223299912522,"ZBTB8A",-0.330956874197303,0.0189594759518185
"ENSG00000160131","VMA21",-0.457958688670207,7.01892698235004e-13,"VMA21",-0.248342662123947,0.000177133420564478
"ENSG00000160193","WDR4",-0.806482425268406,1.79615875979777e-16,"WDR4",-0.454198308690593,3.93710593947506e-06
"ENSG00000160285","LSS",-0.820364084130411,1.1057771363227e-05,"LSS",-0.645216294938381,0.000375538461415314
"ENSG00000160563","MED27",-0.654830514690149,1.28682787644655e-13,"MED27",-0.539816191258877,8.9882378243229e-10
"ENSG00000160679","CHTOP",-0.296140735455985,0.000232185253150928,"CHTOP",-0.243695573452215,0.00291925067043766
"ENSG00000160746","ANO10",-1.04659958106998,1.41603422859515e-23,"ANO10",-1.22579624561918,1.67324874001949e-29
"ENSG00000160752","FDPS",-0.659293787907793,1.2242125275735e-06,"FDPS",-0.434197641544781,0.00104732299833684
"ENSG00000160813","PPP1R35",-0.676307008842052,3.66632816011265e-08,"PPP1R35",-0.293802267291704,0.0159279082228223
"ENSG00000160888","IER2",-0.322976364673578,0.00122969196532622,"IER2",-0.270052862844241,0.00701415170318868
"ENSG00000161547","SRSF2",-0.74604344160644,6.33015669238274e-16,"SRSF2",-0.828387698654597,5.74579646438564e-19
"ENSG00000161960","EIF4A1",-0.62164305136632,0.0017221017258086,"EIF4A1",-0.392092773276411,0.0348678476699854
"ENSG00000162063","CCNF",-0.59456360519234,1.22991219587833e-07,"CCNF",-0.551167409254745,1.42969254553893e-06
"ENSG00000162073","PAQR4",-0.790191608126944,3.84734871135133e-08,"PAQR4",-0.928906989231099,2.12327935845841e-10
"ENSG00000162222","TTC9C",-0.324704406373143,0.019339987228124,"TTC9C",-0.3721579294737,0.0046424600939474
"ENSG00000162302","RPS6KA4",-0.468711775644688,0.000275236351617554,"RPS6KA4",-0.465634745326438,0.000313761672461976
"ENSG00000162337","LRP5",-0.385274719189267,0.0223407008274462,"LRP5",-0.362919136930943,0.0214595109889966
"ENSG00000162368","CMPK1",-0.409589841961094,9.14929582950891e-10,"CMPK1",-0.204556368754274,0.00374138485006589
"ENSG00000162385","MAGOH",-0.210957483144424,0.00859238690660957,"MAGOH",-0.220198144337487,0.00590271275671455
"ENSG00000162433","AK4",-0.377188548777726,0.014494759149109,"AK4",-0.827648352452052,1.86211988436425e-06
"ENSG00000162521","RBBP4",-0.310851236838414,2.4469700605622e-05,"RBBP4",-0.375341673431365,1.73666550410734e-07
"ENSG00000162599","NFIA",-0.508131338099954,6.70138732517765e-09,"NFIA",-0.899721858952723,9.80411461342817e-22
"ENSG00000162607","USP1",-0.302821760837959,0.00104119850892847,"USP1",-0.287348512034955,0.00155219316991421
"ENSG00000162618","ADGRL4",-1.04438018075561,7.26803927470952e-34,"ADGRL4",-1.17845004243351,2.70609641648439e-52
"ENSG00000162631","NTNG1",-1.29272124683808,1.78712134863333e-12,"NTNG1",-0.789519723569415,1.81935885854997e-06
"ENSG00000162694","EXTL2",-0.787246770272151,5.09287683335157e-11,"EXTL2",-0.995969909909965,8.77666161427254e-17
"ENSG00000162704","ARPC5",-0.304929613750479,0.000410832485963122,"ARPC5",-0.204744992866719,0.021644704168125
"ENSG00000162733","DDR2",-0.996029151939843,9.55000310135136e-18,"DDR2",-0.542024567802501,1.67036802285047e-06
"ENSG00000162814","SPATA17",-0.813686419788193,0.0140135477632892,"SPATA17",-2.05396501838824,2.01763019573645e-05
"ENSG00000162869","PPP1R21",-0.3514276904591,0.0158812876161284,"PPP1R21",-0.769402882655868,6.60474186849773e-07
"ENSG00000162909","CAPN2",-0.439672286212274,3.68958947403851e-07,"CAPN2",-0.51647437133199,2.10433484313328e-09
"ENSG00000163083","INHBB",-0.941087262211859,0.00015273637717271,"INHBB",-1.44222764950478,3.78159286771154e-05
"ENSG00000163104","SMARCAD1",-0.174154071939742,0.0365529717790567,"SMARCAD1",-0.253407324128984,0.00131323524675685
"ENSG00000163132","MSX1",-0.527684003814716,0.000992141404833094,"MSX1",-0.853821728181544,2.21263076068697e-07
"ENSG00000163297","ANTXR2",-0.926802566300557,1.303795368052e-11,"ANTXR2",-0.80185534230281,8.89606318606555e-09
"ENSG00000163359","COL6A3",-1.07631712683542,2.78706480736803e-13,"COL6A3",-1.29281107186581,2.01636484997784e-18
"ENSG00000163430","FSTL1",-0.293906005486987,0.00525757185790162,"FSTL1",-0.253768823745142,0.0148677822091077
"ENSG00000163512","AZI2",-0.28625157841343,0.00668153427848937,"AZI2",-0.403650420569271,5.28854705006085e-05
"ENSG00000163513","TGFBR2",-0.481904132896618,3.64968677068317e-06,"TGFBR2",-0.596223894982424,8.61501155518124e-09
"ENSG00000163535","SGO2",-0.559291760390986,2.62300341210194e-07,"SGO2",-0.444833339033656,3.53119402632503e-05
"ENSG00000163584","RPL22L1",-0.95126452719697,8.54349473147131e-26,"RPL22L1",-1.14583148389793,1.12380089777749e-36
"ENSG00000163590","PPM1L",-0.88908852895946,0.0034546964098059,"PPM1L",-1.06786673000324,0.00464279324569043
"ENSG00000163597","SNHG16",-0.443096111685146,1.25943363838013e-08,"SNHG16",-0.548439171680043,1.53583853871655e-12
"ENSG00000163661","PTX3",-0.387040247644419,0.0158356345151854,"PTX3",-0.427697700537171,0.00541653986969274
"ENSG00000163697","APBB2",-0.959492921239473,1.20486074005762e-17,"APBB2",-1.01958682478434,1.67067616092276e-19
"ENSG00000163734","CXCL3",-0.827697412749857,0.00220299025590134,"CXCL3",-1.15613687479487,6.97172224075976e-05
"ENSG00000163888","CAMK2N2",-0.721818180772822,8.11022522666834e-06,"CAMK2N2",-0.859775670176177,3.83531257427219e-08
"ENSG00000163933","RFT1",-0.457003645174341,4.11067416469703e-07,"RFT1",-0.237972675105451,0.013608197128356
"ENSG00000163946","TASOR",-0.49065879167168,1.09910612186669e-09,"TASOR",-0.200317522454328,0.0184603359206233
"ENSG00000163950","SLBP",-0.486157070390478,5.1209542828832e-09,"SLBP",-0.420588482987597,2.44356722929232e-07
"ENSG00000163964","PIGX",-0.24740281448465,0.00501989591779268,"PIGX",-0.284262890744536,0.000692882305249476
"ENSG00000164010","ERMAP",-1.01886125320445,0.000234293627079097,"ERMAP",-0.645360557427326,0.0057735878069045
"ENSG00000164031","DNAJB14",-0.347805849224391,0.000102202042365823,"DNAJB14",-0.499829423050333,1.44015047334047e-08
"ENSG00000164045","CDC25A",-0.429788628793447,0.00174200452259615,"CDC25A",-0.296700632907523,0.0295276001405581
"ENSG00000164062","APEH",-0.418516622599011,1.9757861485415e-06,"APEH",-0.496246861090339,7.17015795227522e-09
"ENSG00000164182","NDUFAF2",-0.75627158586353,1.50333828690497e-12,"NDUFAF2",-0.900333617638238,7.42774460443719e-17
"ENSG00000164197","RNF180",-1.14627108115211,0.000376200631157386,"RNF180",-2.86655842600199,0.000103884364765774
"ENSG00000164258","NDUFS4",-0.477775242308172,6.14662203648672e-06,"NDUFS4",-0.480651006616693,3.02131446304506e-06
"ENSG00000164291","ARSK",-0.42340521117832,8.31856659716217e-05,"ARSK",-0.719697712134191,4.45565775569657e-10
"ENSG00000164294","GPX8",-0.569851777490081,6.96799441503960e-09,"GPX8",-0.341538294749278,0.000513267742430283
"ENSG00000164306","PRIMPOL",-0.716393709407884,9.03779717837244e-06,"PRIMPOL",-0.294211336350087,0.0412804660742489
"ENSG00000164494","PDSS2",-1.17390437822264,1.33385847022265e-13,"PDSS2",-1.27423896421832,2.68263982843252e-15
"ENSG00000164548","TRA2A",-0.239787082242771,0.00503015069449927,"TRA2A",-0.290643650223184,0.00053609268070539
"ENSG00000164574","GALNT10",-0.77370421268495,8.91608292762966e-14,"GALNT10",-0.764398306911076,7.62236352968929e-14
"ENSG00000164597","COG5",-1.0351042568906,4.73573900955232e-12,"COG5",-1.17893153533255,4.10071861148197e-15
"ENSG00000164649","CDCA7L",-0.775352510956273,1.94698318488047e-20,"CDCA7L",-0.325419051898376,0.000113487195282012
"ENSG00000164754","RAD21",-0.40195925131904,2.06261648806379e-07,"RAD21",-0.268609897129409,0.000668283785573648
"ENSG00000164808","SPIDR",-1.28957937861712,1.35347877872693e-10,"SPIDR",-1.23419540341846,2.18189256166161e-10
"ENSG00000164924","YWHAZ",-0.489452790047192,6.9400043899717e-17,"YWHAZ",-0.35721115533136,1.72970564029853e-09
"ENSG00000164961","WASHC5",-0.431025640064601,0.000449668358262866,"WASHC5",-0.617011194206261,1.69615091078873e-06
"ENSG00000164985","PSIP1",-0.528088011877578,5.87042636799436e-07,"PSIP1",-0.378344312058019,0.000302295921271007
"ENSG00000164989","CCDC171",-0.680423454742846,0.00825321239560216,"CCDC171",-0.768372639950633,0.00614762322781751
"ENSG00000165119","HNRNPK",-0.416104259602075,1.69140813084267e-14,"HNRNPK",-0.221598404562928,9.52523832877495e-05
"ENSG00000165233","CARD19",-0.672793782212053,1.86098179399241e-06,"CARD19",-0.461693835599555,0.000634495923527364
"ENSG00000165244","ZNF367",-1.05636053149151,4.55726436490869e-15,"ZNF367",-0.748418459246745,3.34017515840512e-08
"ENSG00000165246","NLGN4Y",-0.9338963476929,0.001220629899622,"NLGN4Y",-0.559374332273704,0.0214461321323738
"ENSG00000165280","VCP",-0.190661935375291,0.000415101291329117,"VCP",-0.143669108763538,0.012543634813042
"ENSG00000165475","CRYL1",-0.652039802520066,0.00137645843216224,"CRYL1",-1.08682172557013,4.69364117878103e-07
"ENSG00000165476","REEP3",-0.484305747944015,8.59230458580623e-08,"REEP3",-0.403259503211684,6.1666768582068e-06
"ENSG00000165494","PCF11",-0.301379918189675,0.00766282486029226,"PCF11",-0.307272066262294,0.00534507014917366
"ENSG00000165512","ZNF22",-0.749105260896627,8.82219790207596e-06,"ZNF22",-0.430682871900184,0.0059363153006378
"ENSG00000165527","ARF6",-0.663751140513841,2.04383289691129e-19,"ARF6",-0.343721094728255,3.70043523627228e-06
"ENSG00000165629","ATP5F1C",-0.538488964599651,9.91808739491989e-09,"ATP5F1C",-0.448932833992535,1.40140890423718e-06
"ENSG00000165633","VSTM4",-0.620436371189398,0.00100776757608233,"VSTM4",-1.20851380063809,7.92600143830844e-11
"ENSG00000165650","PDZD8",-0.249298615874382,0.0157526915159207,"PDZD8",-0.246160159938386,0.0152499557621224
"ENSG00000165675","ENOX2",-1.38834164460258,3.62541621517043e-39,"ENOX2",-1.32191296202385,6.25432493916889e-37
"ENSG00000165704","HPRT1",-0.589243945539434,3.3748104913867e-06,"HPRT1",-0.294406487261522,0.0199183502292481
"ENSG00000165914","TTC7B",-1.08499174077522,6.88886301055555e-12,"TTC7B",-0.787489970590397,1.30786956978832e-06
"ENSG00000165983","PTER",-0.361396079533463,0.030025798951434,"PTER",-0.455497334078144,0.00931478669198853
"ENSG00000165997","ARL5B",-0.308078852897185,0.0142987127119935,"ARL5B",-0.276981906375732,0.0189607497495256
"ENSG00000166037","CEP57",-0.62457760235257,1.54363582786681e-09,"CEP57",-0.320891219601362,0.00168634815905777
"ENSG00000166068","SPRED1",-0.295999541743566,0.00133226279154855,"SPRED1",-0.337950041828395,0.000224334699954169
"ENSG00000166123","GPT2",-0.948936008638015,1.17684235333782e-10,"GPT2",-0.69429517503049,1.75795134732801e-06
"ENSG00000166197","NOLC1",-0.167693989999855,0.0166806684695335,"NOLC1",-0.154981609462865,0.0309282767445123
"ENSG00000166250","CLMP",-1.02075444830042,2.33411025070715e-20,"CLMP",-0.817615243986499,5.63493903145259e-14
"ENSG00000166263","STXBP4",-0.345347821305376,0.0421074603918486,"STXBP4",-0.540048044586408,0.0015389312266027
"ENSG00000166377","ATP9B",-0.423834361907656,0.0108308652588886,"ATP9B",-0.47478846176953,0.00340614338083856
"ENSG00000166479","TMX3",-0.850354331601811,2.90356463294867e-21,"TMX3",-0.720984460728451,7.39826128866046e-16
"ENSG00000166503","HDGFL3",-0.499793084370938,7.81850926063665e-17,"HDGFL3",-0.206247309411682,0.0012478467452553
"ENSG00000166508","MCM7",-0.661185760290693,2.15674511083835e-10,"MCM7",-0.39996105138773,0.000107589514990298
"ENSG00000166598","HSP90B1",-0.416049542225222,3.31484163385213e-06,"HSP90B1",-0.667017305653507,5.63493903145259e-14
"ENSG00000166780","BMERB1",-1.05215816250043,1.94293916108966e-09,"BMERB1",-1.75257479519335,4.19028067644841e-19
"ENSG00000166801","FAM111A",-0.46641445348691,7.23858949382161e-07,"FAM111A",-0.250981955506874,0.00915008911016793
"ENSG00000166822","TMEM170A",-0.538865457850802,4.09099807026341e-06,"TMEM170A",-0.43628304286279,0.000205708489959901
"ENSG00000166825","ANPEP",-0.603317953673122,1.53021914322653e-06,"ANPEP",-0.723483909211004,1.01977650558432e-08
"ENSG00000166833","NAV2",-0.620335866881678,0.00249975204835423,"NAV2",-2.1839885343607,1.56786525462268e-18
"ENSG00000166912","MTMR10",-0.836448435912291,1.83380725740889e-08,"MTMR10",-0.913992689737782,2.76932877437527e-09
"ENSG00000166913","YWHAB",-0.170293079576645,0.00271933128176577,"YWHAB",-0.135189966546731,0.0225528231994198
"ENSG00000166986","MARS1",-0.717515163291624,5.92658927872321e-12,"MARS1",-0.534498231958153,2.37812143171325e-07
"ENSG00000167005","NUDT21",-0.867589798401055,6.61467743721214e-14,"NUDT21",-0.369350964026839,0.00111085151097848
"ENSG00000167074","TEF",-0.585221271570947,0.0100420140287597,"TEF",-1.49782604911086,2.41577168202563e-08
"ENSG00000167081","PBX3",-0.941616982836258,4.18679804314633e-13,"PBX3",-0.678290475990939,1.7607058137072e-07
"ENSG00000167460","TPM4",-0.645635577654661,6.68485667747069e-09,"TPM4",-0.53359301829382,1.43115813236365e-06
"ENSG00000167553","TUBA1C",-0.514950238390355,2.71151426758182e-09,"TUBA1C",-0.270256923381489,0.00248597115188508
"ENSG00000167601","AXL",-0.72500272642129,2.30259319089091e-07,"AXL",-0.685020910177421,1.26165927439049e-06
"ENSG00000167632","TRAPPC9",-1.44204459496956,5.32203035681759e-06,"TRAPPC9",-2.1743496382889,1.4352999564921e-10
"ENSG00000167862","MRPL58",-0.254272091690518,0.0112340718411678,"MRPL58",-0.31411448435639,0.00119380357445278
"ENSG00000168040","FADD",-0.577293370088821,1.1601596705896e-10,"FADD",-0.452517551975698,4.31222794394429e-07
"ENSG00000168078","PBK",-0.665398882026123,1.70323067965295e-05,"PBK",-0.301357497534952,0.0428879632789572
"ENSG00000168137","SETD5",-0.291596819434696,3.34802202342202e-05,"SETD5",-0.158197999342999,0.0369793487373206
"ENSG00000168172","HOOK3",-0.337050801774515,2.37995372071663e-06,"HOOK3",-0.257833143197689,0.000381938223884283
"ENSG00000168297","PXK",-0.503754400092609,0.000554694910333809,"PXK",-0.528674651895608,0.000154472785354365
"ENSG00000168298","H1-4",-0.572703945255667,0.0190913925806523,"H1-4",-0.678810705090095,0.0063690016338075
"ENSG00000168306","ACOX2",-0.582667406535933,0.00541329660831425,"ACOX2",-0.56198033571147,0.00485625325794988
"ENSG00000168385","SEPTIN2",-0.382026884886684,6.5658674453771e-12,"SEPTIN2",-0.404098893897634,2.5750530881166e-13
"ENSG00000168438","CDC40",-0.373593468688185,8.08182487906943e-06,"CDC40",-0.256545505861091,0.00271889253939109
"ENSG00000168710","AHCYL1",-0.428533395718068,2.29955054487241e-10,"AHCYL1",-0.484585918423488,4.79386300470199e-13
"ENSG00000168807","SNTB2",-0.190598907883241,0.0467398543817709,"SNTB2",-0.32480875909275,0.00020033323107653
"ENSG00000168904","LRRC28",-0.466048362093434,0.00829211682066399,"LRRC28",-0.464513202616577,0.00627233783421154
"ENSG00000168936","TMEM129",-0.373939954351886,0.00604453095293189,"TMEM129",-0.625063296448619,3.56257866461428e-06
"ENSG00000168952","STXBP6",-0.48323597833268,0.0257636955868427,"STXBP6",-0.622018548856201,0.00550232409786127
"ENSG00000169045","HNRNPH1",-0.566429702479749,2.61964742537694e-22,"HNRNPH1",-0.214228564652747,0.000536369733147422
"ENSG00000169083","AR",-0.396849828471579,0.00106165226112921,"AR",-0.37145295090771,0.00138408122166955
"ENSG00000169084","DHRSX",-1.33036493514846,9.8887333727527e-26,"DHRSX",-1.20837025307952,1.00757273920446e-22
"ENSG00000169100","SLC25A6",-0.125215012784514,0.0484958330352355,"SLC25A6",-0.230612883010559,8.38444931270094e-05
"ENSG00000169126","ODAD2",-0.609603301126354,0.00766282486029226,"ODAD2",-0.832124251883407,0.00138831829306189
"ENSG00000169139","UBE2V2",-0.308195822604766,2.90475776445453e-06,"UBE2V2",-0.24475253470449,0.000272199208055966
"ENSG00000169189","NSMCE1",-0.29567109577286,0.00772577601983685,"NSMCE1",-0.425646048171302,6.2532816975203e-05
"ENSG00000169213","RAB3B",-0.761732529229293,4.39037646397215e-06,"RAB3B",-0.41423482680613,0.00813829741162216
"ENSG00000169239","CA5B",-1.43999758307325,3.10022142322557e-05,"CA5B",-1.37277171890362,1.60886680594392e-05
"ENSG00000169372","CRADD",-0.413422880943617,0.0351365993372238,"CRADD",-0.437206303405969,0.0176964812422813
"ENSG00000169379","ARL13B",-0.656859273895868,1.89563697212744e-12,"ARL13B",-0.281537824491661,0.00250335118466965
"ENSG00000169410","PTPN9",-0.681318327891445,1.17856463456048e-08,"PTPN9",-0.274411935152443,0.0167769181750706
"ENSG00000169432","SCN9A",-0.81844304077697,0.0115987293496026,"SCN9A",-1.30315107474772,7.86063766446713e-05
"ENSG00000169504","CLIC4",-1.07244939043009,1.82989908716134e-24,"CLIC4",-1.03052714631112,2.24573755181731e-22
"ENSG00000169519","METTL15",-0.818764989647035,4.14802798058825e-09,"METTL15",-0.564196101852756,3.80691164597124e-05
"ENSG00000169564","PCBP1",-0.285552090450579,3.19927172763612e-06,"PCBP1",-0.148693881275844,0.0258306029389372
"ENSG00000169570","DTWD2",-0.446654839859823,0.0218054177814686,"DTWD2",-0.487716008738524,0.00895487176315959
"ENSG00000169604","ANTXR1",-0.404543173226008,0.0012400631919624,"ANTXR1",-0.449395473296106,0.000251835526903809
"ENSG00000169714","CNBP",-0.343428965073,7.55846493947911e-07,"CNBP",-0.41959140369762,8.15502949030717e-10
"ENSG00000169715","MT1E",-0.572873686415005,4.45448873305492e-05,"MT1E",-0.924340633792761,1.63321914055631e-10
"ENSG00000169813","HNRNPF",-0.530280150865683,2.45631148589423e-14,"HNRNPF",-0.322276186177792,6.03604719735691e-06
"ENSG00000169814","BTD",-0.428787933911588,0.00469654634953935,"BTD",-0.464213119624124,0.00119306788633891
"ENSG00000169855","ROBO1",-0.679436440168984,9.20703460374389e-07,"ROBO1",-1.13241718337248,1.63232732430537e-14
"ENSG00000169857","AVEN",-0.590404219862058,6.68079988381524e-06,"AVEN",-0.785648277430337,3.81209513469028e-09
"ENSG00000169905","TOR1AIP2",-0.126383035156281,0.0280519673066503,"TOR1AIP2",-0.212469080705799,9.05222226202389e-05
"ENSG00000169946","ZFPM2",-1.6527269889356,1.70953277865946e-07,"ZFPM2",-1.46878113571445,1.96587447657334e-07
"ENSG00000170006","TMEM154",-1.05516910521065,6.35360340604823e-20,"TMEM154",-0.606632014656791,1.59985372253688e-07
"ENSG00000170017","ALCAM",-0.912708056198958,1.52614911962352e-17,"ALCAM",-0.797725923397536,1.46848362430812e-13
"ENSG00000170027","YWHAG",-0.316491280758822,1.95361671393567e-06,"YWHAG",-0.252194510317765,0.000199132453449239
"ENSG00000170144","HNRNPA3",-0.552647369682306,2.47051125776261e-12,"HNRNPA3",-0.182690621766367,0.0346859342378292
"ENSG00000170191","NANP",-0.355136599976233,0.00272637170985307,"NANP",-0.664643899721022,6.44051502821147e-08
"ENSG00000170234","PWWP2A",-0.46304134944039,1.21538079956931e-08,"PWWP2A",-0.436261313493944,1.06607765982111e-07
"ENSG00000170310","STX8",-1.29958593769647,5.68158468676008e-18,"STX8",-2.43258662532946,4.22609280307464e-47
"ENSG00000170348","TMED10",-0.182639488347214,0.00550645036790701,"TMED10",-0.317042050857238,3.3690322906571e-07
"ENSG00000170485","NPAS2",-1.13128472137493,6.01746641074962e-20,"NPAS2",-1.08462550432801,1.140334318288e-17
"ENSG00000170522","ELOVL6",-0.702818192823951,3.08024549360116e-14,"ELOVL6",-0.433562800887285,1.63629596016312e-06
"ENSG00000170537","TMC7",-0.632843839832288,6.95683194644915e-05,"TMC7",-0.857464183616541,1.27986484322092e-07
"ENSG00000170584","NUDCD2",-0.496838838399033,1.09025686775752e-05,"NUDCD2",-0.355358355595336,0.00126085832728356
"ENSG00000170632","ARMC10",-0.295198870850651,0.00449481376621838,"ARMC10",-0.214485084377982,0.0432126873941664
"ENSG00000170681","CAVIN4",-0.623354486270566,0.0290952065661425,"CAVIN4",-0.836622663156459,0.00437789726304506
"ENSG00000170689","HOXB9",-0.386600665541734,0.00966523864522412,"HOXB9",-0.42890740903893,0.00354152141145443
"ENSG00000170779","CDCA4",-0.702816326549083,2.63036500627931e-12,"CDCA4",-0.249354954889649,0.0156850597200226
"ENSG00000170802","FOXN2",-0.439560016275697,0.000422960278988801,"FOXN2",-0.433544377885888,0.000420293901552073
"ENSG00000170909","OSCAR",-1.74143663769244,3.93197300795448e-06,"OSCAR",-1.16036969813354,3.02866170757124e-05
"ENSG00000170961","HAS2",-1.62137947353202,7.96655969333128e-08,"HAS2",-0.591905488360996,0.0134641118390198
"ENSG00000171132","PRKCE",-0.42928886453015,0.000437375813716325,"PRKCE",-0.559001605652659,6.33702108591727e-06
"ENSG00000171310","CHST11",-0.901513988044096,3.10667014473627e-13,"CHST11",-0.8162143992417,7.84280505318404e-11
"ENSG00000171388","APLN",-0.917593205605548,0.000365097349106287,"APLN",-0.569632013128245,0.0240004983273282
"ENSG00000171517","LPAR3",-0.669785834762114,1.74409523131591e-07,"LPAR3",-0.614395398687986,6.85520784373274e-07
"ENSG00000171530","TBCA",-0.511934966912953,2.74254016366458e-11,"TBCA",-0.290968651555228,0.000219720827230819
"ENSG00000171723","GPHN",-1.29594528293232,2.80418023961604e-18,"GPHN",-1.37644034933965,2.80507342742961e-18
"ENSG00000171735","CAMTA1",-0.334837139913253,0.00261529390611769,"CAMTA1",-0.634813153483509,5.72350844057005e-09
"ENSG00000171772","SYCE1",-0.293300310911578,0.0169917285776237,"SYCE1",-0.249160153935628,0.0360482791387358
"ENSG00000171791","BCL2",-0.952718481799243,2.03565743212352e-08,"BCL2",-0.726725883674617,1.79397025273152e-05
"ENSG00000171853","TRAPPC12",-0.704523190537911,3.6698042644909e-09,"TRAPPC12",-0.45059358721475,5.36940853596803e-05
"ENSG00000171863","RPS7",-0.460821637581223,0.000630031878273525,"RPS7",-0.540476642174673,4.98719549392314e-05
"ENSG00000171865","RNASEH1",-0.638882225599078,3.55160600192022e-16,"RNASEH1",-0.679026046812992,9.64022483199359e-18
"ENSG00000171914","TLN2",-1.0671939749362,5.29844159464021e-17,"TLN2",-1.18491597171416,2.03505148390705e-21
"ENSG00000171943","SRGAP2C",-0.494524110052763,1.31631325944241e-05,"SRGAP2C",-0.414621565548898,0.000190797544827236
"ENSG00000171960","PPIH",-0.427503244926692,0.00138088546585671,"PPIH",-0.352041439784752,0.00661291134176767
"ENSG00000172086","KRCC1",-0.517403875110041,0.00094958408783688,"KRCC1",-0.633422200129809,0.000111343494583848
"ENSG00000172164","SNTB1",-1.93548918739183,3.19232216614701e-12,"SNTB1",-1.1322387467377,1.8525434272244e-07
"ENSG00000172216","CEBPB",-0.401228877997161,0.00131200450837442,"CEBPB",-0.339197924078013,0.00529766404996001
"ENSG00000172260","NEGR1",-1.17649475071256,3.27726510137632e-06,"NEGR1",-1.2831315041224,7.79580126078604e-07
"ENSG00000172339","ALG14",-0.873954329963291,1.35132885415312e-08,"ALG14",-0.959982108115011,2.10337606162006e-08
"ENSG00000172340","SUCLG2",-1.33673005735211,1.22404304560223e-34,"SUCLG2",-1.32354942586178,3.19986820197434e-34
"ENSG00000172380","GNG12",-0.433357084117545,4.06102650732643e-09,"GNG12",-0.30348517345373,4.82231390156286e-05
"ENSG00000172456","FGGY",-1.29280055722061,2.21418711091684e-06,"FGGY",-1.90846748493019,1.29953476677677e-09
"ENSG00000172469","MANEA",-0.526667526029694,0.000321524276992012,"MANEA",-0.566588475880901,0.000140409022135059
"ENSG00000172590","MRPL52",-0.23217199922688,0.016788829420903,"MRPL52",-0.373434819066476,3.84659143194717e-05
"ENSG00000172638","EFEMP2",-0.320643387117253,0.0224596341265747,"EFEMP2",-0.599124802565533,1.07630638112377e-05
"ENSG00000172716","SLFN11",-1.51134078664397,4.56720572707989e-09,"SLFN11",-0.581584362466472,0.00296096620538103
"ENSG00000172731","LRRC20",-1.95099127499819,2.35722916869756e-08,"LRRC20",-0.827474375637192,0.0018151083731202
"ENSG00000172915","NBEA",-1.42554233616591,1.50474279874358e-14,"NBEA",-1.94819403733956,3.11776868904238e-21
"ENSG00000172985","SH3RF3",-1.71457267117017,1.98446299907556e-11,"SH3RF3",-1.07584456625813,1.78944882816137e-06
"ENSG00000173068","BNC2",-1.29238734640684,2.14997547164576e-25,"BNC2",-1.27737932426129,1.8321300825621e-25
"ENSG00000173145","NOC3L",-0.257473413312802,0.00233288117021047,"NOC3L",-0.211805129849443,0.0139141695894703
"ENSG00000173163","COMMD1",-0.920544462096564,1.08694758122963e-16,"COMMD1",-2.08960294769334,9.69901619859697e-55
"ENSG00000173166","RAPH1",-0.545445452569912,2.84092340993597e-06,"RAPH1",-0.263780657264799,0.0259588044224793
"ENSG00000173409","ARV1",-0.547809033594226,3.07323586294585e-05,"ARV1",-0.472034277217457,0.000218653810381232
"ENSG00000173436","MICOS10",-0.332129178744104,7.69331706617166e-06,"MICOS10",-0.371608212609804,7.01051548488086e-07
"ENSG00000173457","PPP1R14B",-0.689878658085363,1.70717839154801e-17,"PPP1R14B",-0.457443821101771,1.65430815224589e-08
"ENSG00000173473","SMARCC1",-0.422093821573791,2.34393239344677e-10,"SMARCC1",-0.210863979774455,0.00271494432901847
"ENSG00000173482","PTPRM",-0.645325874553454,0.000200175694865261,"PTPRM",-0.7634562109272,1.05061771505937e-05
"ENSG00000173511","VEGFB",-0.260713331041319,0.0133586708101301,"VEGFB",-0.331201182513049,0.00074685236339297
"ENSG00000173588","CEP83",-0.3649370607225,0.00548498978053036,"CEP83",-0.481158083071951,0.000131675012243127
"ENSG00000173674","EIF1AX",-0.286452574007591,0.000111919753787371,"EIF1AX",-0.172611289046018,0.0291031381255582
"ENSG00000173692","PSMD1",-0.237354847251008,1.9284553136342e-06,"PSMD1",-0.228234469832089,6.33733412774871e-06
"ENSG00000173706","HEG1",-0.314858106948482,0.00320676305613843,"HEG1",-0.249078148947173,0.0203394632417705
"ENSG00000173726","TOMM20",-0.263120568307791,0.0140478246102737,"TOMM20",-0.298814856862964,0.00379179994993078
"ENSG00000173812","EIF1",-0.167829331370914,0.0265487118559281,"EIF1",-0.157337571299823,0.0394603244830708
"ENSG00000173852","DPY19L1",-0.318724537447435,0.00221717130155351,"DPY19L1",-0.546624636598838,5.76867258070849e-08
"ENSG00000173898","SPTBN2",-0.409958345835515,0.00348900484295072,"SPTBN2",-0.525436440130092,0.000218330132286551
"ENSG00000173950","XXYLT1",-0.50406901342024,9.03687360417414e-05,"XXYLT1",-0.657918466005675,3.49317247552379e-07
"ENSG00000174013","FBXO45",-0.283039693961053,0.000205638539054621,"FBXO45",-0.228202730259886,0.00359693718945346
"ENSG00000174099","MSRB3",-0.952691121559155,2.39018652773594e-07,"MSRB3",-1.06916804273614,1.55962906675121e-08
"ENSG00000174136","RGMB",-0.57295832391932,1.29356934728689e-05,"RGMB",-0.632856386319921,3.38383090141e-06
"ENSG00000174306","ZHX3",-0.239784453992202,0.0362064776835566,"ZHX3",-0.387704648321206,0.000215858979403388
"ENSG00000174579","MSL2",-0.421910638479103,5.12997376931484e-08,"MSL2",-0.25673528985384,0.00136522261355511
"ENSG00000174738","NR1D2",-0.832812249852643,1.6299279832436e-19,"NR1D2",-0.801221900896259,1.29036164928133e-18
"ENSG00000174780","SRP72",-0.264643168462007,5.75697017625104e-07,"SRP72",-0.223135305888222,3.37203247821779e-05
"ENSG00000174891","RSRC1",-0.908559081480503,2.73591328714851e-25,"RSRC1",-0.916474979258352,6.71531937149619e-26
"ENSG00000174989","FBXW8",-0.498941476561934,0.00308157748533739,"FBXW8",-0.624592985604068,0.000153767333662246
"ENSG00000175048","ZDHHC14",-1.47711321133891,2.96597402954411e-28,"ZDHHC14",-1.21208481088321,4.14792448392934e-23
"ENSG00000175198","PCCA",-1.30087692104725,1.07249845113929e-08,"PCCA",-1.88067801862304,9.78872443507667e-16
"ENSG00000175279","CENPS",-0.234926552374921,0.0465181122581747,"CENPS",-0.316572822783524,0.00418722596303505
"ENSG00000175305","CCNE2",-0.325652852869706,0.02651032936891,"CCNE2",-0.527220782087614,0.000200900062255183
"ENSG00000175395","ZNF25",-1.40153939690828,8.42201227405545e-08,"ZNF25",-0.892492084088067,0.000348777505936776
"ENSG00000175471","MCTP1",-0.838835085575934,2.55091470579317e-05,"MCTP1",-0.660193504618398,0.000616682618569657
"ENSG00000175592","FOSL1",-0.533429867527454,3.20814662409707e-06,"FOSL1",-0.412639230171776,0.000241540929953485
"ENSG00000175595","ERCC4",-0.212413457341557,0.0413537813898542,"ERCC4",-0.20612638643276,0.0435805608141839
"ENSG00000175643","RMI2",-0.401887477828859,0.00634366169629726,"RMI2",-0.584525237555015,4.82231390156286e-05
"ENSG00000175701","MTLN",-0.457978999367136,0.000125527562708832,"MTLN",-0.498313645571034,2.82653051133757e-05
"ENSG00000175764","TTLL11",-1.2314806473932,7.63725100034753e-11,"TTLL11",-1.16574963553164,6.26353254359205e-11
"ENSG00000175806","MSRA",-1.06975797635866,5.27192726785005e-15,"MSRA",-2.0357978303885,1.54542641938229e-41
"ENSG00000175879","HOXD8",-0.569845643464265,0.000351810775751793,"HOXD8",-0.429198334166809,0.00666379749099087
"ENSG00000176014","TUBB6",-0.730580258519246,6.38483553823042e-10,"TUBB6",-0.724168539990325,1.54741973250409e-09
"ENSG00000176055","MBLAC2",-0.596188064214912,0.000218251180680596,"MBLAC2",-0.782968587722251,2.88923913021678e-06
"ENSG00000176142","TMEM39A",-0.385405064964548,0.00120269645296336,"TMEM39A",-0.359944164615596,0.00238500152618989
"ENSG00000176261","ZBTB8OS",-0.233323314203971,0.0190199309329115,"ZBTB8OS",-0.41412295512227,9.42051947250349e-06
"ENSG00000176463","SLCO3A1",-0.867976544265497,7.42310333652895e-10,"SLCO3A1",-0.645870711714202,0.0208129814451018
"ENSG00000176623","RMDN1",-0.474427245168508,2.38866399264481e-07,"RMDN1",-0.423429878584217,2.36623291994923e-06
"ENSG00000176624","MEX3C",-0.836483986732975,1.3226004127395e-10,"MEX3C",-0.483887872203945,0.000154946562707783
"ENSG00000176783","RUFY1",-0.613402452325997,1.9555005026072e-09,"RUFY1",-0.629976272692784,8.76170826803334e-11
"ENSG00000176894","PXMP2",-0.343643969691826,0.0133868262236076,"PXMP2",-0.500835361205806,0.000167253817344592
"ENSG00000176953","NFATC2IP",-0.462773316026291,4.78810063554719e-11,"NFATC2IP",-0.237725963335945,0.00124824860306492
"ENSG00000177119","ANO6",-0.281933311051757,0.00817799062786223,"ANO6",-0.35034662823605,0.000640419671307552
"ENSG00000177189","RPS6KA3",-0.584218707294275,4.46197917505293e-08,"RPS6KA3",-0.382992005138179,0.000473588240350526
"ENSG00000177192","PUS1",-0.554258096125349,3.02113276914426e-06,"PUS1",-0.54545903730821,1.03640641957925e-05
"ENSG00000177200","CHD9",-0.24303255386217,0.00372548642836715,"CHD9",-0.184811799233282,0.0310724648001068
"ENSG00000177283","FZD8",-0.783671096058864,3.52601951328038e-06,"FZD8",-1.07555468980692,6.16167284019224e-10
"ENSG00000177463","NR2C2",-0.527169914661836,9.19277233597856e-06,"NR2C2",-0.419928055843428,0.000303634258804929
"ENSG00000177606","JUN",-0.479951526065008,5.03647266306698e-05,"JUN",-0.371606114902071,0.00146095376614347
"ENSG00000177646","ACAD9",-0.575672208164527,8.53105944420968e-09,"ACAD9",-0.497205287164266,6.78829515340871e-07
"ENSG00000177683","THAP5",-0.34745000500486,5.69435112061266e-05,"THAP5",-0.362089261629755,1.70156140144229e-05
"ENSG00000177706","FAM20C",-0.860639414183028,8.51378667280686e-05,"FAM20C",-0.803283974972711,0.000297565059795254
"ENSG00000177733","HNRNPA0",-0.509559656977453,1.44178282259912e-12,"HNRNPA0",-0.388540542129991,7.63674929844737e-08
"ENSG00000177889","UBE2N",-0.537547734344799,3.90163370774231e-09,"UBE2N",-0.384017530207764,2.57160674474989e-05
"ENSG00000177917","ARL6IP6",-1.02335707718866,1.04637078679168e-12,"ARL6IP6",-0.78188807912963,3.2532398159661e-08
"ENSG00000178177","LCORL",-0.710894166590819,3.86565844630274e-10,"LCORL",-0.623974168480092,2.83920715569704e-08
"ENSG00000178202","POGLUT3",-0.646890892582548,9.80222595322899e-05,"POGLUT3",-0.509423576376756,0.00145178796178858
"ENSG00000178295","GEN1",-0.269062220997749,0.0365190459083102,"GEN1",-0.311336336604238,0.0114787202973878
"ENSG00000178409","BEND3",-0.422400840831159,0.00934763834043499,"BEND3",-0.829062816208592,7.11542313762131e-06
"ENSG00000178425","NT5DC1",-0.676196913677339,1.03101965906068e-09,"NT5DC1",-0.50515891231576,3.06675126931326e-06
"ENSG00000178904","DPY19L3",-1.00771255420162,1.59124260392351e-10,"DPY19L3",-0.468050864427662,0.000833871300355182
"ENSG00000178921","PFAS",-0.377323488855162,0.000588776491096736,"PFAS",-0.256225913691272,0.0235218985950698
"ENSG00000178966","RMI1",-0.31785612922913,0.0118931395070327,"RMI1",-0.292640911133477,0.0151382121102098
"ENSG00000178982","EIF3K",-0.23986232316211,0.0171705868565862,"EIF3K",-0.467953794274432,6.51646667024974e-07
"ENSG00000179091","CYC1",-0.31106426698206,0.00539615915706272,"CYC1",-0.270335667988924,0.0144522557258772
"ENSG00000179104","TMTC2",-1.28192000938399,8.35722697790284e-07,"TMTC2",-1.46569530820099,6.57523415228589e-08
"ENSG00000179241","LDLRAD3",-0.488570346700856,4.56819021740683e-06,"LDLRAD3",-0.320606524500311,0.00340726144675354
"ENSG00000179242","CDH4",-4.98371012578153,1.3374656666578e-11,"CDH4",-3.37191920854763,1.24290600632405e-17
"ENSG00000179262","RAD23A",-0.299579615905776,0.00393971122794811,"RAD23A",-0.312948085792265,0.0019317798648421
"ENSG00000179912","R3HDM2",-1.02447405393793,6.22228496583293e-12,"R3HDM2",-0.486265688204727,0.00059514721661052
"ENSG00000179958","DCTPP1",-0.423307515128047,0.000239804866438782,"DCTPP1",-0.390503528401799,0.00050703721828673
"ENSG00000180287","PLD5",-1.65131403784214,0.00185899145657144,"PLD5",-1.7463938175978,1.24195337600443e-05
"ENSG00000180398","MCFD2",-0.478354950458374,5.82443836354309e-10,"MCFD2",-0.682005843263577,2.20353056892439e-18
"ENSG00000180773","SLC36A4",-0.564494301562664,7.88924322249629e-07,"SLC36A4",-0.252198513664745,0.0194737079105001
"ENSG00000180776","ZDHHC20",-0.243263698153956,0.0427754442980702,"ZDHHC20",-0.361277552891762,0.00152510230517735
"ENSG00000180801","ARSJ",-0.50978765529858,3.58903092033417e-06,"ARSJ",-0.284124757597852,0.0140100851729575
"ENSG00000180914","OXTR",-0.547647256529948,0.00263302314804007,"OXTR",-0.381353948965046,0.0288180400487563
"ENSG00000180957","PITPNB",-0.356515758033861,4.29102401225208e-10,"PITPNB",-0.240947893217493,4.3789374106463e-05
"ENSG00000180998","GPR137C",-1.35719433549663,0.00265448327573114,"GPR137C",-1.14635946556377,0.0052426064035669
"ENSG00000181061","HIGD1A",-0.372311445952283,0.00227053353314842,"HIGD1A",-0.416456456984943,0.000493503096239271
"ENSG00000181163","NPM1",-0.613686207680399,1.57569316438006e-15,"NPM1",-0.613503699922198,1.75846028155879e-15
"ENSG00000181467","RAP2B",-0.456570920216498,4.43256135617572e-07,"RAP2B",-0.268482664713237,0.00397751788988864
"ENSG00000181751","MACIR",-0.588612367684695,1.63968804578291e-05,"MACIR",-0.513542561459387,0.000183180527046474
"ENSG00000181788","SIAH2",-0.397599120830875,0.00101043400220791,"SIAH2",-0.488050770077486,5.29068622571279e-05
"ENSG00000181915","ADO",-0.247313278378734,0.0265653215610961,"ADO",-0.269685609059886,0.0141104894217067
"ENSG00000182150","ERCC6L2",-0.495741047169963,7.73595643155674e-07,"ERCC6L2",-0.430838718072193,1.1015180189536e-05
"ENSG00000182180","MRPS16",-0.18333279214374,0.0443329144926327,"MRPS16",-0.196366783143952,0.0274387900981246
"ENSG00000182185","RAD51B",-0.730135294650621,0.0116242062934533,"RAD51B",-1.32336859668934,4.73891580668047e-05
"ENSG00000182199","SHMT2",-0.620047299638466,1.35795130518698e-14,"SHMT2",-0.497696007542577,5.22141833642953e-10
"ENSG00000182240","BACE2",-0.533333408240118,5.41127879719858e-09,"BACE2",-0.854379845257272,1.6230435858728e-18
"ENSG00000182247","UBE2E2",-0.68868520338236,3.2568077425385e-09,"UBE2E2",-1.17399687942277,4.99262436467089e-22
"ENSG00000182324","KCNJ14",-0.430149954625289,0.0400574953355553,"KCNJ14",-0.750716313125055,0.00145027666372567
"ENSG00000182518","VCF2",-0.302298139071188,0.0299538856878513,"VCF2",-0.602078347246857,2.5619811748922e-05
"ENSG00000182557","SPNS3",-0.915123086586947,0.0223649605130988,"SPNS3",-0.909269279420208,0.0208129814451018
"ENSG00000182621","PLCB1",-1.89444331341406,2.47476746610497e-20,"PLCB1",-1.97594438369218,3.86501118517161e-30
"ENSG00000182628","SKA2",-0.594304476180387,3.34645154018329e-13,"SKA2",-0.439787530025665,6.93247660325468e-08
"ENSG00000182667","NTM",-2.16211297292755,1.89155275490642e-85,"NTM",-1.93946236168709,1.19022027385102e-77
"ENSG00000182670","TTC3",-0.489337979523819,3.08874459221189e-12,"TTC3",-0.581019219050422,5.87178497984322e-17
"ENSG00000182718","ANXA2",-0.381786572629026,0.00178222673825733,"ANXA2",-0.571672341649884,1.93848851727014e-06
"ENSG00000182752","PAPPA",-0.579453069175284,0.0121655370920847,"PAPPA",-0.760441865222737,0.00166652036069601
"ENSG00000182923","CEP63",-0.770091134276908,7.26387128476675e-10,"CEP63",-0.676389176799479,3.7459273535441e-08
"ENSG00000183010","PYCR1",-0.965747230172771,4.58819312187362e-15,"PYCR1",-1.00336414681402,1.00751398278658e-15
"ENSG00000183023","SLC8A1",-1.35894237513366,8.71926535863155e-08,"SLC8A1",-0.76106332461377,0.00101260312778137
"ENSG00000183032","SLC25A21",-1.11069192571314,0.0116961260981074,"SLC25A21",-1.8414828738723,0.0018452012604188
"ENSG00000183049","CAMK1D",-0.596506566185191,0.00953769084636834,"CAMK1D",-1.54043386639546,7.78218769221217e-11
"ENSG00000183087","GAS6",-1.2225222720586,6.01149439564114e-16,"GAS6",-1.27232767479231,2.4122597030986e-16
"ENSG00000183098","GPC6",-1.11412242118704,0.00032038316603142,"GPC6",-1.73895678417706,1.85768031867538e-07
"ENSG00000183137","CEP57L1",-0.454412052080325,1.57830512064726e-06,"CEP57L1",-0.438274382807979,2.88490643469026e-06
"ENSG00000183166","CALN1",-1.05067640033764,3.56011089708372e-05,"CALN1",-1.69118765475781,1.29953476677677e-09
"ENSG00000183172","SMDT1",-0.256844872416776,0.0219482465333297,"SMDT1",-0.452429798695925,1.09106569156212e-05
"ENSG00000183207","RUVBL2",-0.294087530055242,0.000232496622825473,"RUVBL2",-0.450203218417186,8.36767513129882e-09
"ENSG00000183287","CCBE1",-1.91304158055967,7.24740195994165e-30,"CCBE1",-2.20031757946583,9.03574962832258e-36
"ENSG00000183580","FBXL7",-2.05645813297859,5.46254717125229e-10,"FBXL7",-1.85575931336886,4.14801703669326e-09
"ENSG00000183621","ZNF438",-0.839663216744299,4.00999743862881e-05,"ZNF438",-0.661602707275583,0.000476886707419248
"ENSG00000183722","LHFPL6",-0.878030178373506,2.5359749597666e-05,"LHFPL6",-0.491602154554782,0.00960153638870275
"ENSG00000183723","CMTM4",-0.430459058466313,0.002974079707374,"CMTM4",-0.366421132331608,0.0108694512524471
"ENSG00000183780","SLC35F3",-1.45249695038052,2.9993793726021e-10,"SLC35F3",-0.776959901058695,0.000156844067587789
"ENSG00000183826","BTBD9",-0.825491494867907,5.07810097459115e-06,"BTBD9",-0.76983140290895,7.88871712601404e-05
"ENSG00000183955","KMT5A",-0.230957964189484,0.00663182668574386,"KMT5A",-0.272964424692926,0.00101260312778137
"ENSG00000184007","PTP4A2",-0.631427187983119,3.31409137062907e-30,"PTP4A2",-0.433177515041125,6.37098423708895e-15
"ENSG00000184178","SCFD2",-1.79512599376496,2.30527766601038e-51,"SCFD2",-2.64999731504397,1.45695057948648e-68
"ENSG00000184207","PGP",-0.421294531939957,1.2020892509553e-05,"PGP",-0.269604563407716,0.00573071636951872
"ENSG00000184208",NA,-0.675606562822871,0.000267788800436152,NA,-0.668080244909371,0.000168392555497808
"ENSG00000184220","CMSS1",-1.42578663370174,4.99326959128038e-79,"CMSS1",-1.37000090419441,2.09936319003554e-74
"ENSG00000184232","OAF",-0.683342027128887,9.12800930907479e-20,"OAF",-0.713151057712191,2.6220973292991e-20
"ENSG00000184260","H2AC20",-0.943559456866587,0.00010049537368043,"H2AC20",-0.986664619662024,5.45919240317243e-05
"ENSG00000184270","H2AC21",-0.70074527980347,0.0110857138817533,"H2AC21",-0.583559081315433,0.0204733700468643
"ENSG00000184384","MAML2",-0.564962975139516,0.000669665134109664,"MAML2",-0.340768602119288,0.0272014050281324
"ENSG00000184445","KNTC1",-0.59159936464118,0.000110784109625026,"KNTC1",-0.333884399997386,0.0188508367390784
"ENSG00000184575","XPOT",-0.589613583615121,2.89800264022023e-11,"XPOT",-0.46305343338467,1.75338280798899e-07
"ENSG00000184640","SEPTIN9",-0.432582779354777,5.45467745518844e-08,"SEPTIN9",-0.207985392600591,0.0149488979322392
"ENSG00000184787","UBE2G2",-0.537913769299032,4.21431005843532e-15,"UBE2G2",-0.287414182326912,4.17191084217787e-05
"ENSG00000184792","OSBP2",-0.933942146219249,1.24755720024174e-05,"OSBP2",-0.436315598131778,0.0126706167540233
"ENSG00000184900","SUMO3",-0.589904459252123,7.55970486483979e-14,"SUMO3",-0.411814136438011,1.83173106392069e-07
"ENSG00000184903","IMMP2L",-1.74906855284858,9.73242789230421e-12,"IMMP2L",-1.91655894195554,1.74907611863728e-09
"ENSG00000184990","SIVA1",-0.416260070543269,0.0011692557093279,"SIVA1",-0.359327066278029,0.00401918936659973
"ENSG00000185033","SEMA4B",-0.646354065671915,5.09276772141878e-06,"SEMA4B",-0.587917160582638,4.4980461953937e-05
"ENSG00000185104","FAF1",-1.33032190524419,1.76251968538674e-65,"FAF1",-1.44255795491437,1.41870898182197e-75
"ENSG00000185127","C6orf120",-0.407704542317046,2.24750743179389e-05,"C6orf120",-0.796968995306291,5.22363937351795e-15
"ENSG00000185129","PURA",-0.241616345324209,0.00226020359855053,"PURA",-0.237279088821448,0.00252760152446331
"ENSG00000185238","PRMT3",-0.533954794823729,0.000240191445293965,"PRMT3",-0.548759348270009,0.000122226389693371
"ENSG00000185246","PRPF39",-0.392767428544117,0.00501534709620281,"PRPF39",-0.769571451699804,1.27875493687084e-07
"ENSG00000185305","ARL15",-0.639879722387052,0.00741268732016033,"ARL15",-1.07324397785878,0.00382012967207376
"ENSG00000185361","TNFAIP8L1",-0.348928682225916,0.0223064777378971,"TNFAIP8L1",-0.400126108816661,0.00871302087312879
"ENSG00000185379","RAD51D",-0.271493838704084,0.016996880073528,"RAD51D",-0.333532238970069,0.00201720745051732
"ENSG00000185414","MRPL30",-0.24722682733107,0.0111321395925709,"MRPL30",-0.297839148467664,0.00145777769336275
"ENSG00000185420","SMYD3",-1.17435201440757,2.36451728375141e-13,"SMYD3",-1.62104768879014,2.8705476264429e-24
"ENSG00000185480","PARPBP",-0.725594549229203,4.68042642205056e-07,"PARPBP",-0.795623040371566,5.04656706421015e-08
"ENSG00000185515","BRCC3",-0.436416562750806,6.17152873096990e-09,"BRCC3",-0.20172574718181,0.0131465275846122
"ENSG00000185651","UBE2L3",-0.517318187578487,4.92027565342748e-12,"UBE2L3",-0.290861721051835,0.00016618527340258
"ENSG00000185716","MOSMO",-0.332074390034689,0.00239277471205302,"MOSMO",-0.310558610913278,0.00418722596303505
"ENSG00000185722","ANKFY1",-0.237154948002994,0.0175371052246985,"ANKFY1",-0.420351152804313,7.98254437579222e-06
"ENSG00000185730","ZNF696",-0.563081207599933,0.000203265350347039,"ZNF696",-0.400553544578896,0.00541653986969274
"ENSG00000185813","PCYT2",-0.71979591081445,1.17130639959048e-06,"PCYT2",-0.297464238442605,0.0401889249636719
"ENSG00000185924","RTN4RL1",-0.865260993354522,0.00860736070317267,"RTN4RL1",-0.939392306604633,0.0138362581885078
"ENSG00000185989","RASA3",-0.782972048677283,5.99159143534928e-16,"RASA3",-0.511738831137336,2.23673615470454e-08
"ENSG00000186132","C2orf76",-0.426900017134036,0.0368327941590921,"C2orf76",-0.444982447579961,0.0200872046855082
"ENSG00000186185","KIF18B",-0.727024216596448,1.42910247092385e-06,"KIF18B",-0.381209533345872,0.00759571084345822
"ENSG00000186193","SAPCD2",-0.749185970658455,2.34900984918982e-06,"SAPCD2",-0.358329541504413,0.0162073939310537
"ENSG00000186480","INSIG1",-1.12099581193693,4.59378524038236e-09,"INSIG1",-0.603078128966063,0.000875120097950598
"ENSG00000186517","ARHGAP30",-1.02050120621398,3.68797235190647e-07,"ARHGAP30",-1.53502008304593,3.64614542512911e-06
"ENSG00000186522","SEPTIN10",-0.510117274219741,2.38235909166156e-05,"SEPTIN10",-0.658344899140476,4.6972151284852e-08
"ENSG00000186687","LYRM7",-0.648456872511622,1.12516950291156e-17,"LYRM7",-0.75700899044451,4.72810736481545e-23
"ENSG00000186815","TPCN1",-0.371398135367864,0.0361001932501559,"TPCN1",-0.655314762857567,0.000205956098001473
"ENSG00000187049","TMEM216",-0.75737784482973,0.000217122657602276,"TMEM216",-0.36873961934383,0.0281374937875204
"ENSG00000187109","NAP1L1",-0.382872260997128,1.58889605289098e-15,"NAP1L1",-0.387201881819179,5.54957770040728e-16
"ENSG00000187240","DYNC2H1",-0.293673255288228,0.0195717187641853,"DYNC2H1",-0.31643466596964,0.00946117115038342
"ENSG00000187257","RSBN1L",-0.38371151065309,1.65231401148888e-05,"RSBN1L",-0.237407076141974,0.00965109718095298
"ENSG00000187323","DCC",-2.47144052240635,3.98565195214995e-05,"DCC",-2.9780584362133,1.32978460840307e-08
"ENSG00000187514","PTMA",-0.514616494652653,3.09920313481167e-10,"PTMA",-0.352278562572523,1.88657869162322e-05
"ENSG00000187676","B3GLCT",-0.450639990231046,0.000119212652963396,"B3GLCT",-0.536192509022262,5.50251240360051e-06
"ENSG00000187678","SPRY4",-0.704935760123155,0.000658341891297687,"SPRY4",-0.982027233056408,8.48192737125585e-06
"ENSG00000187688","TRPV2",-0.267785762799293,0.0472589572387365,"TRPV2",-0.284515695639063,0.033109747773842
"ENSG00000187720","THSD4",-0.577288766811776,0.000352421353203137,"THSD4",-0.942902199248607,8.3132919448575e-09
"ENSG00000187735","TCEA1",-0.405006204707409,0.000907922815981372,"TCEA1",-0.256495883240643,0.0362397426923042
"ENSG00000187742","SECISBP2",-0.51843990841344,1.52199774622739e-07,"SECISBP2",-0.289614064750694,0.00369225265446947
"ENSG00000187764","SEMA4D",-0.720389818777834,9.84158320053597e-07,"SEMA4D",-0.661863953629641,2.15839609809128e-05
"ENSG00000187840","EIF4EBP1",-0.761451100723094,4.24776392994131e-13,"EIF4EBP1",-0.779575372044081,2.14144954707357e-13
"ENSG00000187957","DNER",-0.577612964642682,4.85887232435167e-07,"DNER",-0.473985986913575,2.13036645485519e-05
"ENSG00000188312","CENPP",-0.684529851217426,1.23095017641204e-05,"CENPP",-0.642422001988865,3.21493990333928e-05
"ENSG00000188352","FOCAD",-0.325975858139965,0.000479304550623454,"FOCAD",-0.339902935888193,0.000242086632225415
"ENSG00000188419","CHM",-0.275601585199393,0.015010641940423,"CHM",-0.409489183428729,0.000116506631810492
"ENSG00000188501","LCTL",-0.710289640434482,0.000563781409291927,"LCTL",-0.395401346892568,0.0258306029389372
"ENSG00000188529","SRSF10",-0.503912222570512,1.16293024420536e-18,"SRSF10",-0.37543206666293,3.64521486732254e-11
"ENSG00000188559","RALGAPA2",-0.857027539748466,4.61463697129153e-06,"RALGAPA2",-1.50203025132356,1.29620611610834e-08
"ENSG00000188641","DPYD",-1.40890340912535,2.47522559430637e-09,"DPYD",-1.62644883626336,1.46848362430812e-13
"ENSG00000188643","S100A16",-0.297121836828365,0.000700059766365022,"S100A16",-0.442448969655226,1.50264558016963e-07
"ENSG00000188677","PARVB",-0.307234214040042,0.00192117910547232,"PARVB",-0.366359692852131,0.000119793231374467
"ENSG00000188735","TMEM120B",-0.289044000907975,0.0358955911070597,"TMEM120B",-0.453287341915615,0.000757495082940631
"ENSG00000188846","RPL14",-0.241816863015679,0.00268558818317738,"RPL14",-0.344238709216418,7.63164705699139e-06
"ENSG00000188859","FAM78B",-1.81651302585093,5.65114901256451e-08,"FAM78B",-1.41170019963082,0.000219612731758156
"ENSG00000189057","FAM111B",-1.40513147616536,3.09975555597683e-22,"FAM111B",-1.3927663378339,5.50543034862836e-22
"ENSG00000189060","H1-0",-1.42663838358075,6.78302160058161e-21,"H1-0",-0.670792091627525,7.00288418061377e-06
"ENSG00000189180","ZNF33A",-0.230187113586137,0.0332608141193622,"ZNF33A",-0.27736664075897,0.00702954854727116
"ENSG00000189223","PAX8-AS1",-1.5848684189957,2.29009623155462e-07,"PAX8-AS1",-1.58062678300308,4.21839102006125e-08
"ENSG00000189229","LOC105376944",-0.667728903981372,0.00350449146724686,"LOC105376944",-0.407450312069887,0.0396703624650816
"ENSG00000196182","STK40",-0.635872714609233,6.60274031078601e-07,"STK40",-0.391330882277434,0.00238500152618989
"ENSG00000196230","TUBB",-0.564465819075752,2.16898994260766e-15,"TUBB",-0.293415401011574,6.06412978098137e-05
"ENSG00000196262","PPIA",-0.409403909317823,9.25562585703621e-06,"PPIA",-0.49797832840994,4.21475938475774e-08
"ENSG00000196284","SUPT3H",-1.01459235381216,6.33633710953624e-06,"SUPT3H",-1.15126660547616,2.81749629873358e-07
"ENSG00000196305","IARS1",-0.653725695869554,1.37383237412395e-16,"IARS1",-0.685878875540557,1.90556620184098e-18
"ENSG00000196312",NA,-0.36338732923779,0.00042402086574175,NA,-0.477013548048192,2.72002127702749e-06
"ENSG00000196365","LONP1",-1.05080482503242,1.70583828430646e-16,"LONP1",-0.835806948625916,9.01652859233329e-11
"ENSG00000196405","EVL",-0.768492862201185,1.75639478010026e-07,"EVL",-0.415110094425274,0.00415498761247105
"ENSG00000196419","XRCC6",-0.192292791808651,0.00923507751895222,"XRCC6",-0.159471709800364,0.0363687152086508
"ENSG00000196460","RFX8",-1.9304798504594,2.12709020358049e-08,"RFX8",-0.7822227769203,0.00322736930763198
"ENSG00000196517","SLC6A9",-1.06720979579969,0.000358183296557319,"SLC6A9",-0.853503621796949,0.00250612725824183
"ENSG00000196549","MME",-0.672680617303262,0.000227802093973856,"MME",-1.06655499468701,2.58746984552461e-08
"ENSG00000196715","VKORC1L1",-0.789380611994797,1.70663695409563e-23,"VKORC1L1",-0.483366142516276,5.22141833642953e-10
"ENSG00000196756","SNHG17",-0.280644055420658,0.012474481984992,"SNHG17",-0.611247126477225,3.31878219760671e-08
"ENSG00000196782","MAML3",-1.0646475295534,2.85290407387513e-15,"MAML3",-0.945619423844176,3.78510064235136e-13
"ENSG00000196865","NHLRC2",-0.69654729553821,3.55108648370517e-11,"NHLRC2",-0.496678624157982,1.63315625015837e-06
"ENSG00000196876","SCN8A",-1.50043619423646,1.303795368052e-11,"SCN8A",-1.71621090062863,9.43340999446826e-15
"ENSG00000196968","FUT11",-0.456944752574198,1.14887651066e-06,"FUT11",-0.506871147252577,4.69530124787826e-08
"ENSG00000197006","METTL9",-0.427576385452046,1.6022307892768e-06,"METTL9",-0.25587414696748,0.00541902407575868
"ENSG00000197043","ANXA6",-0.558755196366207,9.86422252522166e-06,"ANXA6",-0.767022288079863,3.8230900448565e-09
"ENSG00000197045","GMFB",-0.315988169276406,0.00128386527767583,"GMFB",-0.31134863889512,0.00143028626941858
"ENSG00000197046","SIGLEC15",-1.16118565494288,1.38240725880534e-09,"SIGLEC15",-1.18808873258908,7.34966981430763e-10
"ENSG00000197061","H4C3",-1.20922660936909,9.13748692139888e-11,"H4C3",-0.772379480829172,2.9356597516713e-05
"ENSG00000197063","MAFG",-0.459517134372294,4.75032385193143e-05,"MAFG",-0.247631001050183,0.0317656172972774
"ENSG00000197111","PCBP2",-0.311466823552744,5.74193383824002e-07,"PCBP2",-0.188675741245778,0.00436317727172813
"ENSG00000197157","SND1",-0.823857204212093,1.05265387366092e-33,"SND1",-1.06138550802122,1.31210518624858e-52
"ENSG00000197415","VEPH1",-1.82564508893114,3.62541621517043e-39,"VEPH1",-1.76329863178409,8.48457106818195e-37
"ENSG00000197442","MAP3K5",-0.641341862904534,1.66544357865463e-05,"MAP3K5",-0.47076234454193,0.00079516385996877
"ENSG00000197451","HNRNPAB",-0.407137090184504,1.39512998794379e-09,"HNRNPAB",-0.279644230520316,5.01140908768866e-05
"ENSG00000197457","STMN3",-0.905927060687547,1.53846664690107e-07,"STMN3",-0.922302502813686,4.82453859351332e-07
"ENSG00000197467","COL13A1",-1.59722360483022,2.75167771648009e-29,"COL13A1",-1.45533660478727,7.58952073833551e-25
"ENSG00000197535","MYO5A",-0.282548381510265,0.0119061722481538,"MYO5A",-0.557818292791807,1.8023816937736e-07
"ENSG00000197548","ATG7",-0.837244769531005,6.02803304564622e-14,"ATG7",-0.553246360295347,2.93817877534308e-07
"ENSG00000197555","SIPA1L1",-0.529451021795942,2.07425883593619e-06,"SIPA1L1",-0.513201905551676,3.36573438317501e-06
"ENSG00000197586","ENTPD6",-0.255510587297263,0.0411552719597632,"ENTPD6",-0.276862120812477,0.0234546354599721
"ENSG00000197601","FAR1",-0.472821508705722,7.35854194748275e-09,"FAR1",-0.297912397871445,0.000430889955292399
"ENSG00000197702","PARVA",-0.602134866685163,3.39367432986656e-08,"PARVA",-1.01129760471426,7.47913797082131e-18
"ENSG00000197930","ERO1A",-0.548280275971731,8.70804301881314e-15,"ERO1A",-0.357572971705885,5.82103041639498e-07
"ENSG00000197969","VPS13A",-0.704535624412374,3.06886842767413e-07,"VPS13A",-0.608231423738274,8.36504531121159e-06
"ENSG00000197977","ELOVL2",-1.80692068538562,2.47030249260739e-16,"ELOVL2",-1.38327005497306,2.06670164017902e-12
"ENSG00000198015","MRPL42",-0.325852662530351,4.77287510357944e-07,"MRPL42",-0.321939475596517,9.33271524671527e-07
"ENSG00000198108","CHSY3",-1.66540462499853,9.91918066690193e-08,"CHSY3",-1.76470486816062,3.425681665785e-06
"ENSG00000198130","HIBCH",-0.322473105094397,0.00372965291239497,"HIBCH",-0.245216149371323,0.0252235314537393
"ENSG00000198168","SVIP",-0.354491057433295,0.00861685499466075,"SVIP",-0.264643345921908,0.0461183943275198
"ENSG00000198276","UCKL1",-0.282349775731765,0.0365539329794371,"UCKL1",-0.278009476560377,0.0346713953918628
"ENSG00000198363","ASPH",-0.8449777534403,6.25098636468211e-35,"ASPH",-1.06168484513177,1.59795913676656e-54
"ENSG00000198382","UVRAG",-0.597317147701751,1.74930781454748e-09,"UVRAG",-0.307679220263545,0.00161118556886326
"ENSG00000198542","ITGBL1",-0.882420585345054,2.10378554186829e-09,"ITGBL1",-1.28028076398573,1.0998628179214e-17
"ENSG00000198589","LRBA",-1.00587509366687,5.90105003268448e-14,"LRBA",-1.10029390561367,7.76073582921709e-17
"ENSG00000198625","MDM4",-0.360672199275421,0.00183923762359254,"MDM4",-0.454146374369007,4.48907564558957e-05
"ENSG00000198642","KLHL9",-0.226844474800877,0.000343325958935241,"KLHL9",-0.153839454400936,0.0252841854108422
"ENSG00000198648","STK39",-1.18214816637838,2.91970022790429e-28,"STK39",-1.32265722273485,1.79250519539676e-33
"ENSG00000198677","SKIC3",-0.506318358188311,3.99446522544888e-11,"SKIC3",-0.377102847272341,8.81776205566671e-07
"ENSG00000198695","MT-ND6",-3.04791423942807,1.14502548646294e-51,"MT-ND6",-2.84499827926548,1.68324806022926e-45
"ENSG00000198744","MTCO3P12",-2.19887085883348,0.00061842785389725,"MTCO3P12",-2.38063489189624,9.55543403315369e-05
"ENSG00000198768","APCDD1L",-2.09304473567625,2.23147825130316e-09,"APCDD1L",-1.75717377853002,3.14221116333922e-15
"ENSG00000198795","ZNF521",-1.4313495154077,4.46921144560057e-10,"ZNF521",-1.39655440184364,6.43739738867664e-13
"ENSG00000198833","UBE2J1",-0.441848667425881,3.1702534550806e-10,"UBE2J1",-0.297961179997035,5.19733460112063e-05
"ENSG00000198840","MT-ND3",-0.460315808090371,0.000440759160946832,"MT-ND3",-0.716955661034931,6.35524219521048e-08
"ENSG00000198860","TSEN15",-0.82495675180643,2.15706047344266e-18,"TSEN15",-0.769989265508018,2.1407319595507e-16
"ENSG00000198862","LTN1",-0.489559052219774,1.05515679064256e-09,"LTN1",-0.480858274953743,1.69635911952717e-09
"ENSG00000198874","TYW1",-0.499898649304286,3.08778424095671e-07,"TYW1",-0.371875087384218,0.000151624532046129
"ENSG00000198911","SREBF2",-0.640383837835361,2.17672826545673e-06,"SREBF2",-0.678416494164737,8.5760195279858e-07
"ENSG00000198912","C1orf174",-0.433774703349814,7.894940986734e-05,"C1orf174",-0.290716816623635,0.00920356051826999
"ENSG00000198924","DCLRE1A",-0.635373043067958,7.03682912278452e-05,"DCLRE1A",-0.290287046915746,0.0495217576088941
"ENSG00000202515","VTRNA1-3",-1.23377084746461,2.25101167727505e-06,"VTRNA1-3",-0.854353102450143,0.000843243035311237
"ENSG00000203666","EFCAB2",-0.472715062606027,0.00268934527909417,"EFCAB2",-0.812406665133481,4.53856353019855e-08
"ENSG00000204209","DAXX",-0.189955484984093,0.00815080629881406,"DAXX",-0.35323657291116,1.48800612030687e-07
"ENSG00000204381","LAYN",-0.419457728900127,4.36002749167271e-06,"LAYN",-0.350488398154702,0.000136386913622722
"ENSG00000204394","VARS1",-0.480621543196441,2.56735732597318e-10,"VARS1",-0.398144885598541,1.81376450839419e-07
"ENSG00000204442","NALF1",-2.07268916716253,1.35779527571934e-34,"NALF1",-2.54059738173389,4.49813134333346e-52
"ENSG00000204628","RACK1",-0.306768866815272,1.4323102498489e-08,"RACK1",-0.514468541840335,1.62235753983572e-22
"ENSG00000204899","MZT1",-0.311094598473758,0.00582662350888361,"MZT1",-0.296554903408381,0.00698369044928984
"ENSG00000204977","TRIM13",-0.267813316800642,0.00359819662194202,"TRIM13",-0.21396786868829,0.027979572775073
"ENSG00000205060","SLC35B4",-0.247153437636511,0.000873367941565693,"SLC35B4",-0.219423096352723,0.00423248502010017
"ENSG00000205133","TRIQK",-0.39369840069954,0.0173341643744248,"TRIQK",-0.422675485119015,0.0104228734900616
"ENSG00000205208","C4orf46",-0.533561342564741,3.84882676790378e-06,"C4orf46",-0.61207871008183,1.17335262179797e-07
"ENSG00000205250","E2F4",-0.866439375801775,4.59176989287775e-26,"E2F4",-0.512523365473431,2.08825835926335e-10
"ENSG00000205476","CCDC85C",-0.738445298892149,6.51462399935229e-08,"CCDC85C",-0.35022083916363,0.00690816328267709
"ENSG00000205581","HMGN1",-0.366148593267264,4.03749575524774e-06,"HMGN1",-0.373029423501722,1.97555949158914e-06
"ENSG00000205659","LIN52",-0.791313740404796,1.06377569442925e-08,"LIN52",-0.425241079473324,0.000768557498316228
"ENSG00000205683","DPF3",-0.868286946020414,0.000321842557819174,"DPF3",-1.21178383978659,4.51852314744607e-07
"ENSG00000206052","DOK6",-1.12646240267194,0.00479987019349271,"DOK6",-0.783023341932848,0.0292012128512667
"ENSG00000206192",NA,-0.464951344428414,0.0036707938080496,NA,-0.917888361454378,5.01114935356427e-08
"ENSG00000206418","RAB12",-0.344338055157399,0.000183293452489076,"RAB12",-0.274050386831599,0.00326329110484288
"ENSG00000206560","ANKRD28",-0.814369303495033,2.98444096708863e-21,"ANKRD28",-0.367470999296434,1.10028705459956e-05
"ENSG00000210107",NA,-1.53185359779063,7.31667742611765e-07,NA,-1.75880235772185,1.781382883361e-08
"ENSG00000210112",NA,-2.42207366752478,4.40425948919045e-15,NA,-3.5822877001333,1.27981979382766e-30
"ENSG00000210127",NA,-3.30007937547937,1.04969866319556e-09,NA,-3.04587395449757,7.20839243750595e-12
"ENSG00000210140",NA,-3.33042736456155,4.22946089626582e-22,NA,-3.68305460564431,4.58524085304978e-29
"ENSG00000210144",NA,-3.07647681127464,7.34129177854546e-25,NA,-3.71568032764941,9.55140392448689e-36
"ENSG00000210151","MIR12136",-2.75951352269348,1.45054699779636e-08,"MIR12136",-3.40867556414887,1.54081988512873e-10
"ENSG00000210184",NA,-2.04571836534088,6.47850672773751e-09,NA,-2.60900753226834,1.7393929202102e-12
"ENSG00000210191",NA,-0.99388041192913,0.00297437608096936,NA,-1.80510677996321,1.10502584906997e-05
"ENSG00000210194",NA,-0.613394628850495,0.0449742002208256,NA,-4.74895673126641,1.99491943343094e-08
"ENSG00000213047","DENND1B",-0.689145788223526,0.000152201198449083,"DENND1B",-0.409802544982284,0.0149488979322392
"ENSG00000213186","TRIM59",-0.55186291411897,0.00144522677995473,"TRIM59",-0.447986026168053,0.00801088801545759
"ENSG00000213347","MXD3",-1.25482458379255,1.39943257705992e-06,"MXD3",-1.03024609804799,1.99337969198988e-05
"ENSG00000213551","DNAJC9",-0.418459122918463,4.28208274767412e-06,"DNAJC9",-0.326701871253538,0.000292359438226361
"ENSG00000213585","VDAC1",-0.272698230266992,1.83602554552562e-11,"VDAC1",-0.247896015850885,2.73503705252127e-09
"ENSG00000213654","GPSM3",-0.790369667996091,1.62456323158309e-06,"GPSM3",-0.622781053893697,0.000106051789131439
"ENSG00000214078","CPNE1",-0.460213406951183,1.14816953831119e-07,"CPNE1",-0.399108830897492,3.90862786958146e-06
"ENSG00000214113","LYRM4",-0.378967877609666,4.75494526462138e-05,"LYRM4",-0.488059862438603,1.90047438191047e-07
"ENSG00000214765",NA,-0.364547039520588,0.0259407477292777,NA,-0.463964990600011,0.00354778771732695
"ENSG00000214888",NA,-1.36477011016162,5.78896870682956e-08,NA,-1.05816578518536,5.22112958105844e-06
"ENSG00000215021","PHB2",-0.491432424233641,7.74633215011707e-12,"PHB2",-0.299119877641767,4.51027582932774e-05
"ENSG00000218336","TENM3",-1.35512250624052,1.74921717957129e-19,"TENM3",-1.53634322510939,5.49667168810947e-25
"ENSG00000219545","UMAD1",-0.92633809253071,4.24779550167315e-05,"UMAD1",-0.90038477493199,6.00556675454288e-05
"ENSG00000221866","PLXNA4",-2.44150516154224,8.24488439249195e-56,"PLXNA4",-2.88299869621797,4.1199731405433e-78
"ENSG00000221914","PPP2R2A",-0.244556530425195,0.00018231241151761,"PPP2R2A",-0.220169890672353,0.000978257821366989
"ENSG00000221978","CCNL2",-0.559172973786193,5.40492904828151e-06,"CCNL2",-0.519111702118301,1.54328842197129e-05
"ENSG00000222032",NA,-0.870356144392914,0.00893809250750833,NA,-0.596833544977965,0.0299388362368543
"ENSG00000223482","NUTM2A-AS1",-0.316567127237541,0.00478114623208807,"NUTM2A-AS1",-0.301880628979615,0.00589523651995355
"ENSG00000223501","VPS52",-0.221920626937574,0.0431597927085755,"VPS52",-0.306679202124011,0.00335684794139596
"ENSG00000223959",NA,-0.62317126916517,3.58908929916702e-05,NA,-0.496977178947379,0.000865830633036323
"ENSG00000224043",NA,-0.617757970648766,0.0333964868494797,NA,-0.712609441198949,0.0150615237364771
"ENSG00000224078",NA,-0.809195693371189,4.03752975184748e-11,NA,-0.606422142116892,3.38424864964957e-07
"ENSG00000224126",NA,-0.710283867772412,0.0210461299067786,NA,-0.669484199337214,0.0229897459382241
"ENSG00000225470","JPX",-0.406576528207337,1.30307207694025e-07,"JPX",-0.42697562072654,1.60069297536934e-08
"ENSG00000225733","FGD5-AS1",-0.213570489456368,0.0139834558529676,"FGD5-AS1",-0.304481911402063,0.00020033323107653
"ENSG00000226124","FTCDNL1",-0.669323471481049,0.0142869533572071,"FTCDNL1",-0.846304564410182,0.0114378473656944
"ENSG00000227482",NA,-0.703374868025221,0.0105313782221771,NA,-0.584827047546992,0.0190908370189056
"ENSG00000228065",NA,-1.13411124099931,1.81866717813604e-09,NA,-0.683179407569637,4.97170982526336e-05
"ENSG00000228340","LINC02910",-0.921586041233332,0.000136169639192456,"LINC02910",-1.3238493535135,1.95468636270787e-06
"ENSG00000228716","DHFR",-0.712913617691261,7.556529154507e-12,"DHFR",-0.96461789980664,1.36799065218193e-19
"ENSG00000230124","ACBD6",-0.434495682356228,0.000226667787288399,"ACBD6",-0.45489155732187,6.41771018713789e-05
"ENSG00000230615","LOC107984948",-0.472783703948294,0.00275830816206576,"LOC107984948",-0.926227535386843,7.72354306224619e-09
"ENSG00000231290","APCDD1L-DT",-0.627832256735705,0.000129217156783615,"APCDD1L-DT",-0.578498025281857,0.000204357302477704
"ENSG00000231607","DLEU2",-0.938443249113346,1.25477403500136e-10,"DLEU2",-0.386448624279232,0.00572862423838415
"ENSG00000232119","MCTS1",-0.219278059812386,0.00681940958318016,"MCTS1",-0.279845862864823,0.000354844931477897
"ENSG00000232389",NA,-1.20331696501351,0.00247309050702896,NA,-0.787169558752595,0.0176717183811131
"ENSG00000233098","LOC339260",-1.26783694636979,4.35449736251305e-44,"LOC339260",-0.942705601709023,3.72331407801613e-26
"ENSG00000233608","TWIST2",-0.787905450967863,5.25868793342985e-09,"TWIST2",-0.326460477017214,0.0112968675016991
"ENSG00000234616","JRK",-0.361230215202931,0.00496662852909479,"JRK",-0.300819004426057,0.0229559688969845
"ENSG00000235531","MSC-AS1",-0.788351673316847,0.00304392346584202,"MSC-AS1",-0.52650432397262,0.0139201590956029
"ENSG00000235590","GNAS-AS1",-0.514171693572847,0.0252845127208171,"GNAS-AS1",-0.733583640164392,0.00318599685043586
"ENSG00000236404","VLDLR-AS1",-0.95849735922912,0.00951078427111607,"VLDLR-AS1",-1.30115302835248,0.0015389312266027
"ENSG00000236449",NA,-1.17623163906565,6.49831524838353e-06,NA,-1.10554585852064,1.11222302071624e-05
"ENSG00000237057",NA,-0.444903287852232,0.000582072309093105,NA,-0.331742360690035,0.0079551549936686
"ENSG00000237441","RGL2",-0.200424500590156,0.0465107917129952,"RGL2",-0.23191246516401,0.0182768012511872
"ENSG00000237819","CDK6-AS1",-0.749429910767719,0.0138077028909552,"CDK6-AS1",-1.53006190017037,0.000699387378928656
"ENSG00000239306","RBM14",-0.949084708469674,9.29101757110501e-13,"RBM14",-0.755250214515418,4.11287271890928e-08
"ENSG00000239900","ADSL",-0.338774733446895,0.00229052882394916,"ADSL",-0.271634311052344,0.0136688986682843
"ENSG00000240344","PPIL3",-0.402695660871841,0.00211230991373583,"PPIL3",-0.398885063508035,0.00143717542148318
"ENSG00000241472","PTPRG-AS1",-0.565107651497077,0.0122948725133555,"PTPRG-AS1",-0.626896093772493,0.00381377757118106
"ENSG00000241685","ARPC1A",-0.404120150942317,2.75237837329092e-08,"ARPC1A",-0.401284806754268,4.21475938475774e-08
"ENSG00000243943","ZNF512",-0.420409956539594,0.00113479112976575,"ZNF512",-0.629576400285108,7.64845983197507e-07
"ENSG00000244405","ETV5",-0.5605195602645,3.85638854661813e-06,"ETV5",-0.424968514463937,0.000336641924560364
"ENSG00000245694","CRNDE",-0.92136711628171,5.04055302716911e-10,"CRNDE",-0.942527566544974,1.48833120901587e-10
"ENSG00000245937","SLC12A2-DT",-0.309477098198384,0.00568617552485477,"SLC12A2-DT",-0.396002322868746,0.000216296539747741
"ENSG00000247556","OIP5-AS1",-0.646248611338543,2.95925472852091e-19,"OIP5-AS1",-0.462805328744028,1.03371020395205e-11
"ENSG00000247626","MARS2",-0.499742565360026,0.0158405938992035,"MARS2",-0.419736449928231,0.0379855652990327
"ENSG00000247828","TMEM161B-DT",-0.36236793809695,0.0255381788776453,"TMEM161B-DT",-0.432483556015828,0.00511971247738384
"ENSG00000249484","LINC01470",-0.659427887313759,0.0147812030924829,"LINC01470",-1.50868726741065,6.9689338396442e-07
"ENSG00000249550","LINC01234",-0.286175137744627,0.000882777724151071,"LINC01234",-0.215439668189065,0.0154919580845249
"ENSG00000249751","ECSCR",-0.842318045621413,4.54908241709858e-07,"ECSCR",-0.744350048165774,7.93938003079249e-06
"ENSG00000249992","TMEM158",-1.23152852287572,5.1168927087597e-14,"TMEM158",-0.593547847374006,0.00017639234912367
"ENSG00000250899",NA,-0.938560237705466,3.08338134608684e-11,NA,-0.575714223090854,2.03981720378459e-05
"ENSG00000251003",NA,-0.553535459907584,0.00345748979663189,NA,-0.98803010337686,4.31222794394429e-07
"ENSG00000253363","LOC124906685",-0.618673101875483,0.00581150033554204,"LOC124906685",-1.02872224578875,6.98671584081595e-05
"ENSG00000253377",NA,-1.70647208882092,1.18283255992167e-07,NA,-1.33759573506048,2.702555388777e-05
"ENSG00000253642",NA,-0.769614995054924,9.26597765219893e-10,NA,-1.16483296773088,1.40460781753365e-19
"ENSG00000253729","PRKDC",-0.509779818980055,5.32392705969265e-06,"PRKDC",-0.362252279214833,0.00110290769077585
"ENSG00000253746",NA,-0.818447181151863,0.000128906402672709,NA,-0.977410504874135,6.46870696679747e-05
"ENSG00000253948","VPS13B-DT",-0.612684146276089,0.0425230249482288,"VPS13B-DT",-1.04158952512196,0.00218026708787163
"ENSG00000253982","CLN8-AS1",-0.47303938864245,0.00354667258888205,"CLN8-AS1",-0.308659592036875,0.0378803904660597
"ENSG00000254302",NA,-0.674448646910166,0.0497981956056039,NA,-1.53444622372817,0.00286333323062723
"ENSG00000254911","SCARNA9",-1.02160475530037,7.1883002802812e-05,"SCARNA9",-1.09637488646246,9.73425039529784e-05
"ENSG00000255135","EMSY-DT",-0.511940939234274,0.00846415760231005,"EMSY-DT",-0.375140879209355,0.0355126469223207
"ENSG00000255248","MIR100HG",-1.07052328559656,4.56495893565055e-10,"MIR100HG",-1.31963309566191,2.44806998551355e-14
"ENSG00000255561","FDXACB1",-0.45307897737965,0.0376502845601249,"FDXACB1",-0.497878565660423,0.0215037949900443
"ENSG00000257354","MIRLET7IHG",-0.753199062496256,0.00585207741385415,"MIRLET7IHG",-0.564523097959382,0.02423985339668
"ENSG00000257365","FNTB",-0.807606036908948,7.47652727428075e-09,"FNTB",-0.587618328050452,1.86782018088055e-05
"ENSG00000258441","LINC00641",-0.769588304926996,0.000429622253733513,"LINC00641",-0.615688244788876,0.00413513944563895
"ENSG00000260257","LOC119746555",-0.97844863180353,1.4732334480947e-09,"LOC119746555",-0.724901607949892,6.715434967083e-06
"ENSG00000260804","LINC01963",-0.922660851240816,7.57980241871175e-06,"LINC01963",-1.22242846889581,1.99624574322651e-08
"ENSG00000260917","LOC103344931",-0.696484587531022,0.0384985246454433,"LOC103344931",-1.01752884061294,0.010357358366256
"ENSG00000261167",NA,-0.996586641167237,0.000163057197586643,NA,-0.751831626218326,0.002453408195231
"ENSG00000261799",NA,-0.622697494797245,0.0206826830114838,NA,-0.585267312172759,0.0210833931665168
"ENSG00000261801","LOXL1-AS1",-0.921824867939252,3.67455320691498e-11,"LOXL1-AS1",-0.817809502633872,2.84473046977221e-09
"ENSG00000262246","CORO7",-0.622605604547847,0.00232742387134109,"CORO7",-0.440910913368368,0.0309798496861358
"ENSG00000262454","MIR193BHG",-0.767896901211177,0.00121857370731837,"MIR193BHG",-0.622871614093529,0.00536447574316338
"ENSG00000263155","MYZAP",-0.809118329321939,0.0111265122717783,"MYZAP",-0.562955884471925,0.0363688311774728
"ENSG00000263563",NA,-1.82365925588058,2.01767118454325e-44,NA,-1.2285224700374,6.08855468615761e-24
"ENSG00000263731",NA,-0.625487782699608,4.06367444636248e-05,NA,-0.354239764793224,0.0210586427982293
"ENSG00000263956","NBPF11",-0.681318310808582,0.0013127210198963,"NBPF11",-0.41279498664172,0.0330702742757866
"ENSG00000265241","RBM8A",-0.285595511631008,6.64514716823886e-05,"RBM8A",-0.169903977891691,0.0264436475250654
"ENSG00000265354","TIMM23",-0.17050055402377,0.0251480937108034,"TIMM23",-0.175341285013873,0.02227130522592
"ENSG00000265843","LINC01029",-0.49748714207575,7.90257279896655e-21,"LINC01029",-0.382354311951988,1.58149427928134e-12
"ENSG00000267374","MIR924HG",-0.38532271814725,0.0432546974733366,"MIR924HG",-0.612690549239771,0.000896473596562007
"ENSG00000267761","MIR4527HG",-0.568481816831967,5.98793035309566e-08,"MIR4527HG",-0.299239765767782,0.00547171737096929
"ENSG00000270230","MTND6P22",-1.22033426431812,0.00817471023656086,"MTND6P22",-0.949795463112658,0.0170771405916334
"ENSG00000271270","TMCC1-DT",-0.48324509277699,0.0158661053686123,"TMCC1-DT",-0.746845254739968,0.000491072672932516
"ENSG00000272325","NUDT3",-0.929912404196562,9.8603355306627e-13,"NUDT3",-0.709880533309717,5.40210261445902e-08
"ENSG00000272660",NA,-0.716913514614651,0.00877230321139984,NA,-0.59346811538878,0.0240068002026673
"ENSG00000272711","HK2-DT",-0.367885688504255,0.0103014743653651,"HK2-DT",-0.287783730695511,0.030204982571917
"ENSG00000272888",NA,-0.830569274444208,7.04736244504312e-22,NA,-0.486135070254488,6.38446402759895e-09
"ENSG00000273143","LOC105378482",-0.381028602734392,0.0078412693489981,"LOC105378482",-0.316802131388736,0.0232997503558195
"ENSG00000273156",NA,-1.90246793631304,2.45848219738553e-07,NA,-1.51376204405202,3.9230524290499e-06
"ENSG00000273437",NA,-0.624574331362776,0.0254692906000757,NA,-0.761447981695097,0.0114247362865617
"ENSG00000273559","CWC25",-0.221379596798913,0.0145137040164699,"CWC25",-0.332203650353355,0.000165597184237924
"ENSG00000274964",NA,-0.816969356044152,0.0310161395046172,NA,-1.22482887518876,0.00863430042084585
"ENSG00000275004","ZNF280B",-0.54591514295049,6.26201005747807e-05,"ZNF280B",-0.408465105452404,0.00225893652514857
"ENSG00000275016",NA,-1.00786159206387,1.30144704692318e-12,NA,-1.1292095967353,1.26615773441356e-14
"ENSG00000275023","MLLT6",-0.40822593980939,0.000468896586094572,"MLLT6",-0.323944546975837,0.00512598306736515
"ENSG00000275180",NA,-0.873546074533504,0.00933918417266304,NA,-0.81381343889309,0.0104440157599882
"ENSG00000275632",NA,-0.821362943965653,2.51438741451963e-07,NA,-0.462608471536387,0.00172785516408193
"ENSG00000276043","UHRF1",-0.884580724282864,1.13382310260066e-08,"UHRF1",-0.651542995506731,0.000101723974180791
"ENSG00000276234","TADA2A",-0.668142172711787,2.88799574775572e-16,"TADA2A",-0.25880022678876,0.00111070710431335
"ENSG00000276368","H2AC14",-1.25609412158635,8.14982739303354e-06,"H2AC14",-0.530123129066574,0.0234146707512525
"ENSG00000276533",NA,-1.12025076318702,0.0032189632855488,NA,-0.538425538508949,0.0444497966530868
"ENSG00000276851",NA,-0.460369589076751,0.0295270451141795,NA,-0.517547429735312,0.0122329586127641
"ENSG00000278259","MYO19",-0.618152324809216,6.1094804071218e-09,"MYO19",-0.405046395022805,8.489496188368e-05
"ENSG00000278266",NA,-0.589132025167436,0.000195264281318028,NA,-0.998278349915567,3.18111994393758e-09
"ENSG00000278540","ACACA",-0.766804613754623,1.30163195464558e-13,"ACACA",-0.63464059456515,1.1926961812155e-09
"ENSG00000279822",NA,-1.3182084114227,0.000547179659667995,NA,-2.51988468647021,2.69827838191631e-06
"ENSG00000279864",NA,-1.20750587864922,1.61346942835348e-14,NA,-1.18333138740305,2.61551015241199e-15
"ENSG00000280206",NA,-0.738744942931826,9.33543624467497e-08,NA,-0.736469312176236,2.53115557711529e-07
"ENSG00000280789","PAGR1",-0.689360132974042,5.35364347358577e-07,"PAGR1",-0.465006581082216,0.000563756107904061
"ENSG00000281344",NA,-0.413968625734003,0.0363422701414433,NA,-0.485951036824429,0.0103348097883186
"ENSG00000281566",NA,-1.87528040959719,0.000466234863887131,NA,-1.36587939039005,0.000318740329034858
"ENSG00000284948","LOC254896",-0.773034794022792,0.00422585940300348,"LOC254896",-0.576472468370332,0.0199595430750972
"ENSG00000285822",NA,-0.549884876743486,0.00145547036789593,NA,-0.3703405165978,0.0190807554287026
"ENSG00000285967","NIPBL-DT",-0.296708768521604,0.0318516993113502,"NIPBL-DT",-0.440371920737153,0.00081943215072351
"ENSG00000286103",NA,-0.598555589502466,0.00900706293029082,NA,-1.39467467312169,1.43994804302178e-10
"ENSG00000287001",NA,-0.949019406930045,0.0030452506203761,NA,-1.97489100606064,1.37708909452278e-07
"ENSG00000287064",NA,-1.16671910762415,0.00298145011978202,NA,-0.526647079757252,0.0479073668815125
"ENSG00000287069",NA,-0.734439884475866,0.0145415812868991,NA,-0.580482024492888,0.0297894236438991
"ENSG00000287530","LOC105370115",-0.989933733770378,3.15549578439977e-13,"LOC105370115",-0.425818027683365,0.000896667251064026
"ENSG00000287592","LOC124901813",-0.700833443337312,0.00788423580591815,"LOC124901813",-0.555218574860695,0.0196052992429039
"ENSG00000287774",NA,-0.82917318428175,1.92308630999131e-05,NA,-0.690530476456623,0.000114521723360227
"ENSG00000288016",NA,-2.36395534794827,4.25056872247693e-09,NA,-2.23562352148056,7.7119250303401e-08
"ENSG00000288558","DUS4L-BCAP29",-1.12639126822425,8.04110743246156e-11,"DUS4L-BCAP29",-0.421315011709621,0.00530316604511155
"ENSG00000288829",NA,-0.366178786345921,0.0470685982654326,NA,-0.660622808527446,0.000433495480774175
"ENSG00000288899",NA,-0.296679001454304,0.0286267032921913,NA,-0.306736287909255,0.0191785112753476
"ENSG00000288971",NA,-2.05445527428235,9.78939300565259e-06,NA,-1.09569375817014,0.00148999345220154
"ENSG00000289353",NA,-0.446714977753909,0.00109179448642603,NA,-0.471431181333669,0.000340351925808692
"ENSG00000289357",NA,-1.04710854178008,2.21535099750041e-09,NA,-0.345996091063932,0.0221060670404949
"ENSG00000289520",NA,-1.01583986655945,0.0120481655382128,NA,-1.10048144869774,0.011218363497781
"ENSG00000289609","LOC124901321",-2.01751725119467,2.86255096671379e-07,"LOC124901321",-0.510157603984627,0.0486325309782651
"ENSG00000289612",NA,-0.922263934486058,4.94665712381325e-05,NA,-0.830890880383046,0.000120608505791461
