"ENSEMBL","SYMBOL_wt","log2FC_wt","padj_wt","SYMBOL_KO","log2FC_KO","padj_KO"
"ENSG00000000003","TSPAN6",0.273476328220394,0.0325971373983389,"TSPAN6",0.470852665876454,5.44164898323144e-05
"ENSG00000001036","FUCA2",0.306535319291679,0.00219449638487398,"FUCA2",0.265953333155516,0.00576768098701937
"ENSG00000001084","GCLC",0.456900693265044,0.00163612998607374,"GCLC",0.484274003779186,0.000483647145588991
"ENSG00000001460","STPG1",0.30421149725721,0.0370067039042915,"STPG1",0.61663668555657,1.90651286347239e-05
"ENSG00000002079","MYH16",1.00525516783898,2.04110370864466e-07,"MYH16",1.38966970157194,9.72541847586919e-13
"ENSG00000002746","HECW1",0.665975654640464,0.0192812957752081,"HECW1",0.760751559154607,0.0112054031572949
"ENSG00000004478","FKBP4",0.287659312597311,0.000142559390119285,"FKBP4",0.54495259425385,2.6673379391407e-13
"ENSG00000004848","ARX",1.71620027271539,0.00068787250095869,"ARX",3.06065608332598,2.68074099477717e-05
"ENSG00000004961","HCCS",0.37517875266698,6.50414966399779e-05,"HCCS",0.271341414016518,0.0052050252091583
"ENSG00000005175","RPAP3",0.230992004302683,0.0123512447569424,"RPAP3",0.389621275960703,5.21608078839021e-06
"ENSG00000005189","REXO5",0.377086226512323,0.0283870544765235,"REXO5",0.973677078675843,3.76985186253229e-08
"ENSG00000005194","CIAPIN1",0.330206600581012,0.000101967042455525,"CIAPIN1",0.26597796637057,0.00205084289357031
"ENSG00000005238","ATOSB",0.555026572585669,0.000227802093973856,"ATOSB",0.310539110608551,0.0411453836581841
"ENSG00000005243","COPZ2",0.615947100101152,0.000267533146986847,"COPZ2",0.344535509948443,0.0472422367577674
"ENSG00000005486","RHBDD2",1.43517197002877,1.00291796423589e-27,"RHBDD2",1.19800521688553,2.23644494967882e-19
"ENSG00000005882","PDK2",1.71390305767924,7.97381085375784e-13,"PDK2",1.13172578584907,0.00025691436769479
"ENSG00000006016","CRLF1",1.13375519938329,7.04948775307557e-05,"CRLF1",1.12265866099689,2.20968895415623e-05
"ENSG00000006432","MAP3K9",0.553178136884292,0.000791615745218478,"MAP3K9",0.839362467158487,2.01024859541652e-05
"ENSG00000006453","BAIAP2L1",0.551498492415767,2.5757767789652e-10,"BAIAP2L1",0.753843453508042,1.67765294783088e-14
"ENSG00000006606","CCL26",2.36062826044511,1.917799614116e-08,"CCL26",3.31383102875425,6.08816913853573e-08
"ENSG00000006638","TBXA2R",0.917608835710669,0.000592886416522932,"TBXA2R",0.868116861256195,0.00402281143817424
"ENSG00000006712","PAF1",0.17714038069346,0.0424286359127021,"PAF1",0.212342698293297,0.0119795537909678
"ENSG00000007341","ST7L",0.396039575299201,0.00580607145472351,"ST7L",0.326813786378511,0.0208215860936753
"ENSG00000007384","RHBDF1",0.909319852972515,1.22071180502803e-12,"RHBDF1",0.719797355830169,2.02777028322126e-08
"ENSG00000007866","TEAD3",1.23593500947831,9.43146587410432e-20,"TEAD3",1.02665906970671,1.37649262385328e-12
"ENSG00000008283","CYB561",0.904792346892113,2.30551573327032e-13,"CYB561",0.69575394653279,5.96366745764491e-06
"ENSG00000008382","MPND",0.759679695119644,0.000180465425335527,"MPND",0.735079546876528,0.00322399120705082
"ENSG00000008394","MGST1",0.201191659976955,0.0419849277506256,"MGST1",0.249332751955309,0.00762286017158804
"ENSG00000008735","MAPK8IP2",0.845501139640884,0.0181003591258923,"MAPK8IP2",1.13097791936414,0.0106776518440781
"ENSG00000008869","HEATR5B",0.39535458777224,0.00297337505836705,"HEATR5B",0.29164459968224,0.0287008814952974
"ENSG00000010319","SEMA3G",2.18964379174163,2.15815952093185e-05,"SEMA3G",2.16863689483134,7.06232959233349e-05
"ENSG00000010322","NISCH",0.451308671439908,0.000973626015277475,"NISCH",0.417477290389194,0.00246523103970337
"ENSG00000010818","HIVEP2",0.280266975164797,0.0189060819345974,"HIVEP2",0.580912356134146,2.37284679545053e-07
"ENSG00000011009","LYPLA2",0.278608245079986,0.000964862414655287,"LYPLA2",0.393423578571942,1.5350048272243e-06
"ENSG00000011243","AKAP8L",0.768136340384772,1.14466609159843e-06,"AKAP8L",0.660629479054761,4.23385274805399e-05
"ENSG00000011332","DPF1",0.28358365746516,0.0460973515162672,"DPF1",0.526878148844881,0.000228090043534676
"ENSG00000011405","PIK3C2A",0.186933538009283,0.010121738677934,"PIK3C2A",0.310748274258071,5.07459326271092e-06
"ENSG00000011451","WIZ",0.347678161110017,0.0037925714440041,"WIZ",0.457040905720477,0.000102888321793294
"ENSG00000011523","CEP68",0.663453702899023,6.16093788937313e-07,"CEP68",0.292301711706463,0.0338814820744817
"ENSG00000012171","SEMA3B",1.43348836884968,5.65114901256451e-08,"SEMA3B",1.41030899162206,8.08824297686165e-10
"ENSG00000012211","PRICKLE3",0.335831801878499,0.043004292082917,"PRICKLE3",0.594681909888301,0.000254840747321685
"ENSG00000013016","EHD3",0.47042729879015,0.000852545119568298,"EHD3",0.560657630173821,5.34248667421611e-05
"ENSG00000013275","PSMC4",0.432811665137312,9.53909044284469e-06,"PSMC4",0.272316434056152,0.00649653497523741
"ENSG00000013375","PGM3",0.220030137998107,0.000470269397732926,"PGM3",0.266238287942704,1.28022746711058e-05
"ENSG00000013523","ANGEL1",1.21338314454709,8.47161363425052e-07,"ANGEL1",0.443393442516214,0.045388191139586
"ENSG00000013588","GPRC5A",1.89047103649199,1.04617609079957e-21,"GPRC5A",1.9574349321791,1.73144408247823e-22
"ENSG00000017797","RALBP1",0.26607940141744,7.20152651109572e-06,"RALBP1",0.175906138726353,0.00572713253605331
"ENSG00000019144","PHLDB1",0.729530930804934,9.84802526929155e-09,"PHLDB1",0.789425522055735,1.71775967333785e-09
"ENSG00000020129","NCDN",0.364666486574064,0.00178509806625971,"NCDN",0.27584809779397,0.0182768012511872
"ENSG00000022840","RNF10",0.195831894453822,0.0245942178086827,"RNF10",0.368771905951028,7.40345403025772e-06
"ENSG00000023287","RB1CC1",0.332086767145566,8.02577576345795e-05,"RB1CC1",0.201906412112793,0.0230104221677143
"ENSG00000023330","ALAS1",0.269383282599001,0.0450247277528741,"ALAS1",0.399553222358777,0.00170401644361046
"ENSG00000023445","BIRC3",1.75233953303537,1.16892455543142e-15,"BIRC3",1.55739889173706,2.5105647318596e-14
"ENSG00000025293","PHF20",0.364086617200418,7.00912834555119e-08,"PHF20",0.555047359798566,3.47817487001331e-17
"ENSG00000026103","FAS",1.24640057787972,2.22416383605629e-20,"FAS",1.04938467655916,1.59537019312634e-14
"ENSG00000026297","RNASET2",0.636057884431753,1.48363469210948e-06,"RNASET2",0.433553570394954,0.00215888656918958
"ENSG00000026508","CD44",0.271338048531678,2.46658387447798e-05,"CD44",0.196520675199736,0.00331885737292641
"ENSG00000026751","SLAMF7",0.798467866951384,9.83111467856846e-05,"SLAMF7",0.716179437830153,0.000709258846141326
"ENSG00000027075","PRKCH",0.483682938943086,0.0266695575719036,"PRKCH",1.03546520630948,0.00177024749760746
"ENSG00000027869","SH2D2A",1.07814772842305,3.78682345067163e-06,"SH2D2A",1.59645077522847,1.05899933847853e-10
"ENSG00000030110","BAK1",0.672205066200518,3.05254333922421e-08,"BAK1",0.563997391919041,4.37157059970928e-06
"ENSG00000030582","GRN",0.990037604296752,1.51628785101599e-17,"GRN",0.512896938626081,8.88894760910373e-06
"ENSG00000031003","FAM13B",0.384486747931408,0.0148101080359558,"FAM13B",0.3761949859668,0.0132973999230338
"ENSG00000032219","ARID4A",0.346333189304557,0.00124056146288783,"ARID4A",0.254804577028535,0.019141226423286
"ENSG00000033011","ALG1",0.380946545416329,0.000272048641369611,"ALG1",0.430624058323783,4.50662801027547e-05
"ENSG00000033100","CHPF2",0.342845077121806,0.00243076623538025,"CHPF2",0.254324230662659,0.0292012128512667
"ENSG00000033627","ATP6V0A1",0.557524997556504,8.6527802184537e-06,"ATP6V0A1",0.7228278036386,8.775592572798e-08
"ENSG00000034152","MAP2K3",0.300507174532668,0.0125047715304904,"MAP2K3",0.470387104894901,4.2092709547665e-05
"ENSG00000039319","ZFYVE16",0.277039127301258,0.014722295008176,"ZFYVE16",0.247766629999624,0.0246985365049205
"ENSG00000039523","RIPOR1",0.351826139079877,0.00142793338401267,"RIPOR1",0.3220976289791,0.00307034936526322
"ENSG00000040487","SLC66A1",0.43763198579425,0.00068491777313426,"SLC66A1",0.446726147081095,0.000657693751714126
"ENSG00000040531","CTNS",0.38719241374781,0.0108321095301003,"CTNS",0.304760977866465,0.0411022766060209
"ENSG00000041802","LSG1",0.429083660428623,8.13224300674063e-17,"LSG1",0.255654241269536,2.39137504067062e-06
"ENSG00000042286","AIFM2",0.594077656282738,7.82194009967464e-05,"AIFM2",0.348936144892184,0.0189893399334617
"ENSG00000042445","RETSAT",0.947078255633602,1.5443471725174e-25,"RETSAT",1.09687502984521,6.14935949703581e-34
"ENSG00000043143","JADE2",0.354870449683991,0.00166145546075423,"JADE2",0.592000943928019,1.51496264999994e-07
"ENSG00000046604","DSG2",0.394686383519827,6.6790862725032e-06,"DSG2",0.334694825488132,0.00012157359298754
"ENSG00000046651","OFD1",0.528370490046966,1.07128115368258e-07,"OFD1",0.334309924325202,0.000762003206237976
"ENSG00000047346","ATOSA",1.17658770967854,1.06563332040197e-13,"ATOSA",0.995967810023858,1.10599700849871e-09
"ENSG00000047932","GOPC",0.348985561755692,2.30693717105341e-05,"GOPC",0.476709991061534,3.15512396217743e-09
"ENSG00000048392","RRM2B",0.531503162907352,0.000256749563191276,"RRM2B",1.12919842738875,4.90555394436824e-14
"ENSG00000049130","KITLG",1.08550768405035,1.60262183318449e-10,"KITLG",0.721673724069394,4.60459376470932e-05
"ENSG00000049283","EPN3",0.955200397736304,0.0192812957752081,"EPN3",3.12120542136413,5.53534695447997e-06
"ENSG00000050405","LIMA1",0.57959149580743,6.96433895093308e-08,"LIMA1",0.860610250363239,2.26019322201539e-15
"ENSG00000052723","SIKE1",0.715558242325319,1.08821903290836e-20,"SIKE1",0.403351220279807,7.12704277976677e-07
"ENSG00000054148","PHPT1",0.659235188730478,2.83296453282296e-06,"PHPT1",0.420355875475736,0.00207339552704087
"ENSG00000054598","FOXC1",0.420729423753257,1.61261000709894e-05,"FOXC1",0.485685237280582,6.17162770855802e-07
"ENSG00000054967","RELT",0.395026077807829,0.000951252121607242,"RELT",0.467484000642978,0.000133687656816637
"ENSG00000055070","SZRD1",0.18452813608116,0.00169127236756173,"SZRD1",0.225235725716958,0.000112914746083482
"ENSG00000055163","CYFIP2",0.504852334582383,0.00317415552572488,"CYFIP2",0.451132152914341,0.00637805720007545
"ENSG00000056558","TRAF1",1.74718826410941,1.34353999788534e-14,"TRAF1",1.17817349957663,1.84712941726557e-06
"ENSG00000056972","TRAF3IP2",0.479858684508779,2.61663332854565e-05,"TRAF3IP2",0.669252716192151,2.24367426375926e-08
"ENSG00000058262","SEC61A1",0.445740893022015,5.65254880337397e-06,"SEC61A1",0.332482455916715,0.00079718450873505
"ENSG00000058404","CAMK2B",1.42106090849956,0.00434404020296846,"CAMK2B",0.840922012516862,0.0257256078245903
"ENSG00000058799","YIPF1",0.577538868724703,1.39437350592936e-06,"YIPF1",0.323256795050788,0.00720651547921681
"ENSG00000059122","FLYWCH1",1.31815659326353,2.90602136565018e-23,"FLYWCH1",1.14245272790745,8.77404985940434e-16
"ENSG00000059378","PARP12",0.548071889595856,0.00144220621169723,"PARP12",0.620232142571014,0.000153513318042822
"ENSG00000059769","DNAJC25",0.526162483984661,1.48951177215011e-06,"DNAJC25",0.412049580500737,0.000241620975115382
"ENSG00000060138","YBX3",0.253552116578531,0.000935547090055155,"YBX3",0.282421512755877,0.000183219258502521
"ENSG00000060140","STYK1",1.22687401584333,2.56087770503048e-05,"STYK1",2.08914814815676,1.00831710507323e-09
"ENSG00000060491","OGFR",0.321961305828253,1.31852577473382e-05,"OGFR",0.247743702161064,0.00138363022857768
"ENSG00000060656","PTPRU",0.789574434336291,1.40818245352413e-06,"PTPRU",0.772058934198488,1.33299019291632e-06
"ENSG00000062598","ELMO2",0.420259774993931,0.0025556667758029,"ELMO2",0.325639290811187,0.0187050811727955
"ENSG00000063180","CA11",0.901463363778936,0.000653165748567404,"CA11",0.447920676042555,0.0439433288238728
"ENSG00000063660","GPC1",1.02494754983617,4.68280363990941e-16,"GPC1",0.932594638097744,3.02423045110166e-13
"ENSG00000063854","HAGH",0.330881367974092,0.0124682405554652,"HAGH",0.301027395311971,0.0193039988235817
"ENSG00000064012","CASP8",0.618182950288174,3.34036726712109e-10,"CASP8",0.490088126275287,4.1883284560331e-07
"ENSG00000064545","TMEM161A",0.456106418435848,7.94274304246028e-06,"TMEM161A",0.469215509468859,7.14824206827257e-06
"ENSG00000064601","CTSA",0.621169911999791,4.47562937689825e-12,"CTSA",0.297576780583741,0.00201699661322475
"ENSG00000064607","SUGP2",0.274529687507534,0.00110013426459286,"SUGP2",0.195073241050138,0.0267171709342197
"ENSG00000064666","CNN2",0.400214948111405,0.00038284177144309,"CNN2",0.595569661627847,9.50256542348405e-08
"ENSG00000064932","SBNO2",0.421450148643569,0.000277974384486708,"SBNO2",0.459794546328634,6.95368282395304e-05
"ENSG00000065357","DGKA",0.771641945146682,1.18947268511107e-21,"DGKA",0.982805801706796,1.10258950921488e-34
"ENSG00000065361","ERBB3",1.40976431308481,0.000561598522544324,"ERBB3",1.16353611897834,0.0035529435400459
"ENSG00000065491","TBC1D22B",0.515952014193833,0.000552763083740634,"TBC1D22B",0.361634715355187,0.018360784054878
"ENSG00000065548","ZC3H15",0.23262351076638,0.00164312083887511,"ZC3H15",0.157432559876121,0.0442821923043108
"ENSG00000065621","GSTO2",1.14549300714978,3.53516634600037e-07,"GSTO2",0.61589200971321,0.00879263544157871
"ENSG00000065665","SEC61A2",0.661911160236103,0.000150148910924028,"SEC61A2",0.548653413487883,0.00247431036770244
"ENSG00000066427","ATXN3",0.438385168819578,1.90070963289427e-06,"ATXN3",0.280115770552486,0.00341267488153698
"ENSG00000067048","DDX3Y",0.158832092040443,0.0132928992453992,"DDX3Y",0.138888652972022,0.0343711659611215
"ENSG00000067113","PLPP1",0.80395090620931,5.38735306820878e-07,"PLPP1",0.85344497558788,1.31723980144326e-06
"ENSG00000067167","TRAM1",0.607282266281711,3.79925769932399e-16,"TRAM1",0.444930897685052,4.18136764552496e-09
"ENSG00000067606","PRKCZ",2.02769658431919,2.03878209416589e-12,"PRKCZ",3.86837981283292,6.42166528861426e-09
"ENSG00000067836","ROGDI",1.47263223757079,1.65085804972791e-14,"ROGDI",1.55305013989212,2.00367932535538e-12
"ENSG00000068078","FGFR3",1.26145275952937,0.000149410024600073,"FGFR3",0.576982614364036,0.0319101612677935
"ENSG00000068654","POLR1A",0.357276450558278,0.000868130527691152,"POLR1A",0.29220998417911,0.0079056518818983
"ENSG00000068745","IP6K2",0.720266662366418,1.84417583051871e-16,"IP6K2",0.494210067855877,3.12559225231457e-08
"ENSG00000068878","PSME4",0.190732878299193,0.00799095931383957,"PSME4",0.385542161601735,8.97786613318905e-09
"ENSG00000068971","PPP2R5B",0.856913444726843,0.000123988252409252,"PPP2R5B",0.66249444100408,0.00364395938279099
"ENSG00000069812","HES2",3.92885011627151,2.94548187099108e-19,"HES2",2.56082479236086,7.2383961440948e-07
"ENSG00000070404","FSTL3",1.25888130760913,8.51974821318557e-14,"FSTL3",1.13066109629922,4.6895666937397e-11
"ENSG00000070495","JMJD6",0.328119191840671,0.000927771700792494,"JMJD6",0.240084134914909,0.0210117150333737
"ENSG00000070501","POLB",0.573017463239528,4.8176257974539e-07,"POLB",0.654546700887173,1.44029453495142e-08
"ENSG00000070718","AP3M2",0.282820828905865,0.0107566502931045,"AP3M2",0.22208716000418,0.0485187865041102
"ENSG00000071553","ATP6AP1",0.561294729453463,1.05963472480955e-09,"ATP6AP1",0.459061600479473,7.40034650830999e-07
"ENSG00000071859","FAM50A",0.594840252418836,5.80362539557857e-08,"FAM50A",0.666658315300093,3.80865560521639e-09
"ENSG00000072364","AFF4",0.526317542603861,1.52389547266702e-06,"AFF4",0.449415706737933,3.45147462845762e-05
"ENSG00000072518","MARK2",0.277097936268546,0.0129138990086895,"MARK2",0.290899952478991,0.00818798969361034
"ENSG00000072682","P4HA2",0.713460759021324,4.46136625878533e-08,"P4HA2",0.948490720879402,3.48325906892166e-12
"ENSG00000072736","NFATC3",0.304616579576443,0.0123795627030296,"NFATC3",0.715422179850895,1.27163719154195e-10
"ENSG00000073578","SDHA",0.526975729794221,4.15292053895536e-08,"SDHA",0.475573148149566,6.3601002737517e-07
"ENSG00000073737","DHRS9",2.14744565588863,0.000207450521203563,"DHRS9",1.02625474293012,0.00872110671601229
"ENSG00000073756","PTGS2",0.942438440831671,0.00263463187204489,"PTGS2",1.14583832237048,0.000430738370389544
"ENSG00000073803","MAP3K13",0.353249813773483,1.8298829439474e-07,"MAP3K13",0.238218093724443,0.000621600532979947
"ENSG00000074319","TSG101",0.365922101198156,0.000162871394587603,"TSG101",0.272598368026662,0.00474543827215679
"ENSG00000074590","NUAK1",0.426381816286329,0.00344582626775775,"NUAK1",0.592617864063337,3.87277532447088e-05
"ENSG00000074842","MYDGF",0.528774780310894,7.40713077433509e-09,"MYDGF",0.327474039804364,0.00082563671627697
"ENSG00000075407","ZNF37A",0.85417772161117,1.2557477853356e-22,"ZNF37A",0.49632243800072,3.90026610698129e-08
"ENSG00000075618","FSCN1",0.340027606731772,5.66280803668343e-06,"FSCN1",0.327905839291065,1.04247918717492e-05
"ENSG00000076108","BAZ2A",0.62558674090852,5.1168927087597e-14,"BAZ2A",0.455569163593714,6.16511022523366e-08
"ENSG00000076201","PTPN23",0.242124309519111,0.00800571579712951,"PTPN23",0.321084800148476,0.000262818660605304
"ENSG00000076351","SLC46A1",1.2781474902576,8.1159544897096e-11,"SLC46A1",2.29262165736492,3.57707480276381e-08
"ENSG00000076604","TRAF4",0.842637572093456,2.83355560170209e-13,"TRAF4",0.942515812130062,6.66485612095338e-16
"ENSG00000076662","ICAM3",0.895457008641483,8.31386623757999e-11,"ICAM3",0.331779952333141,0.0142608702350234
"ENSG00000077044","DGKD",0.590027538974927,2.51821086545591e-10,"DGKD",0.692503911805234,3.15527616956996e-13
"ENSG00000077150","NFKB2",0.916869438536497,5.06688520191635e-11,"NFKB2",1.01857540094931,2.92478082471761e-13
"ENSG00000077238","IL4R",0.336632282857839,0.00227629163154999,"IL4R",0.25275735864913,0.0214595109889966
"ENSG00000077254","USP33",0.343277708992233,5.96406380582934e-06,"USP33",0.30531406228525,4.16118986939687e-05
"ENSG00000077463","SIRT6",0.730902840338904,6.47260130262208e-09,"SIRT6",0.400632893455041,0.0049288289577553
"ENSG00000077721","UBE2A",0.728218073710316,2.73443755178159e-15,"UBE2A",0.55947305231612,1.99137822815518e-09
"ENSG00000078401","EDN1",1.21140551250839,4.70720867155054e-08,"EDN1",1.2751782710749,6.27906253086298e-08
"ENSG00000078808","SDF4",0.499311930392286,2.65854358578151e-17,"SDF4",0.382748013954954,2.44694294345894e-10
"ENSG00000078900","TP73",2.58977953654682,6.44740077139194e-05,"TP73",1.62179046759024,0.00229100314460298
"ENSG00000078902","TOLLIP",0.704076864347429,9.60991057778619e-13,"TOLLIP",0.5326051520619,2.01298011179848e-07
"ENSG00000079277","MKNK1",0.403027690698058,0.00120827683892082,"MKNK1",0.88075386963283,7.35556106653223e-13
"ENSG00000079332","SAR1A",0.523620318891231,2.30039934298961e-11,"SAR1A",0.222221159033575,0.00844512375743169
"ENSG00000079335","CDC14A",0.806755005823401,0.00611840388227793,"CDC14A",0.552997935410804,0.0370955155569664
"ENSG00000079337","RAPGEF3",0.799237857328004,0.00164529796787211,"RAPGEF3",0.592357870179734,0.0193897868769228
"ENSG00000079385","CEACAM1",6.36636177576974,2.44494105109242e-20,"CEACAM1",4.17488194715005,9.71404923969765e-10
"ENSG00000079999","KEAP1",0.476445157272652,6.56054153557295e-09,"KEAP1",0.502261990493519,1.08066339784101e-09
"ENSG00000080546","SESN1",1.26369216857755,5.64590336975145e-24,"SESN1",0.989617100900736,2.46294501423612e-14
"ENSG00000080603","SRCAP",0.731014041445004,0.000122292113197172,"SRCAP",0.541809669904611,0.00358442295091511
"ENSG00000080815","PSEN1",0.434570031425292,3.33695476388729e-05,"PSEN1",0.327271309955598,0.00184469259696779
"ENSG00000081051","AFP",1.13304694052131,0.000355375147204462,"AFP",0.642792181053709,0.0172757625222781
"ENSG00000081181","ARG2",0.396223929209756,0.0414713541554013,"ARG2",0.452868862042964,0.0130745239009223
"ENSG00000081307","UBA5",0.265401564174937,3.85147364741357e-05,"UBA5",0.260941314290569,7.28974157085913e-05
"ENSG00000083750","RRAGB",0.902119881568268,5.24488119969668e-05,"RRAGB",0.513279616342772,0.0130511555855177
"ENSG00000083799","CYLD",0.42899246781894,9.75117691827517e-05,"CYLD",0.376566203107911,0.00055559190376078
"ENSG00000083857","FAT1",0.37332941374816,0.00632802691056045,"FAT1",0.350050270936961,0.00813829741162216
"ENSG00000083937","CHMP2B",0.333578628842347,6.42531284710856e-05,"CHMP2B",0.449707638933117,4.20136712845636e-08
"ENSG00000084070","SMAP2",0.304838939158903,0.00177839347758513,"SMAP2",0.386533204577992,3.37203247821779e-05
"ENSG00000084207","GSTP1",0.398875212812349,1.96728444777749e-07,"GSTP1",0.268768542622211,0.000634690841650849
"ENSG00000085185","BCORL1",0.749615289535456,3.04159682012482e-07,"BCORL1",0.858607272873088,3.86040104047176e-08
"ENSG00000085433","WDR47",0.568812424450652,0.000880843650045221,"WDR47",0.389990788829452,0.0216703378886057
"ENSG00000086061","DNAJA1",0.423105593166468,3.41085259780144e-08,"DNAJA1",0.410807980375652,7.22635177393948e-08
"ENSG00000086102","NFX1",0.249819937414756,6.01200905817674e-05,"NFX1",0.41271513077342,6.69049210366439e-12
"ENSG00000086504","MRPL28",0.277202285360073,0.0471243272724544,"MRPL28",0.334717266723256,0.0115545212053505
"ENSG00000086589","RBM22",0.36213762258244,1.2994045392795e-09,"RBM22",0.219691106687446,0.000525546030625985
"ENSG00000086619","ERO1B",0.490967656187159,0.0165698778305804,"ERO1B",0.449900848652306,0.0279617609277888
"ENSG00000086730","LAT2",0.567601298240007,0.0149854400260196,"LAT2",0.765325064088223,0.000621530742380031
"ENSG00000087077","TRIP6",0.441359238408986,1.07466520610496e-08,"TRIP6",0.367332444114358,2.14194426709222e-06
"ENSG00000087087","SRRT",0.322057275690564,2.21547080538517e-05,"SRRT",0.312310783263911,3.84659143194717e-05
"ENSG00000087128","TMPRSS11E",3.49875807074186,3.90770489078933e-07,"TMPRSS11E",2.8675846279196,2.03981720378459e-05
"ENSG00000087303","NID2",1.88421799287254,2.63808662447882e-08,"NID2",1.53622779471328,5.63905699402681e-07
"ENSG00000087365","SF3B2",0.165753105307376,0.0066232317317189,"SF3B2",0.235154570135411,5.62972912484712e-05
"ENSG00000088726","TMEM40",1.76054053538018,0.00146951246146565,"TMEM40",2.50454067860504,0.000115393484714473
"ENSG00000088836","SLC4A11",1.51417132611426,3.19862967697742e-09,"SLC4A11",1.70241803407634,2.24645758924285e-08
"ENSG00000088899","LZTS3",0.565656008188465,0.00287561768200351,"LZTS3",0.654910862781902,0.00140593542556937
"ENSG00000089127","OAS1",0.605160873741719,0.0123798428721244,"OAS1",1.08211212302512,9.67502912857562e-06
"ENSG00000089234","BRAP",0.741880021445503,2.63057326506571e-12,"BRAP",0.265804183642902,0.0193039988235817
"ENSG00000089351","GRAMD1A",0.293348184272067,0.00222006719422851,"GRAMD1A",0.221274203976114,0.0248863473108391
"ENSG00000089486","CDIP1",1.26236416985194,3.26143519478173e-31,"CDIP1",1.16331333145012,4.85107803625903e-25
"ENSG00000089639","GMIP",1.06365766767566,3.28352265965206e-07,"GMIP",1.52304087609393,1.55413735931441e-11
"ENSG00000089693","MLF2",0.473279080523659,4.03811055877183e-10,"MLF2",0.540325552154531,1.00397118880944e-12
"ENSG00000089723","OTUB2",0.440643353033938,0.0168034049080029,"OTUB2",0.776939501375899,2.06626243452485e-05
"ENSG00000089737","DDX24",0.44149521084458,4.33343596488056e-14,"DDX24",0.39178866205379,2.30064943988356e-11
"ENSG00000090013","BLVRB",0.614245831318404,1.47795713343941e-07,"BLVRB",0.341339335478405,0.0047620032180235
"ENSG00000090020","SLC9A1",0.865487648672231,1.60537891979918e-09,"SLC9A1",0.368100852706505,0.00894726758878734
"ENSG00000090061","CCNK",0.600031709149179,2.3150089289008e-10,"CCNK",0.539571622091149,1.73170067171467e-08
"ENSG00000090238","YPEL3",2.66615958397556,1.3225360616025e-38,"YPEL3",1.21438932732521,5.71937281412053e-09
"ENSG00000090512","FETUB",2.32141667057275,8.3210859649442e-11,"FETUB",2.53635624865012,1.81283818646539e-13
"ENSG00000090530","P3H2",0.837386939396219,0.00239221508486742,"P3H2",2.25546150058531,0.000312665508731464
"ENSG00000090612","ZNF268",0.743471869630734,3.22996180635967e-09,"ZNF268",0.348485781163127,0.00482311887984174
"ENSG00000090674","MCOLN1",1.07779984208383,1.7057613859666e-06,"MCOLN1",0.586689673234019,0.0077818258883501
"ENSG00000090776","EFNB1",1.15360531862331,9.88579857017825e-27,"EFNB1",0.384237513925761,0.00055377771059353
"ENSG00000090932","DLL3",0.366444818837676,0.0492374703325905,"DLL3",0.34678770860969,0.0458367119109575
"ENSG00000091009","RBM27",0.281699972096254,6.26201005747807e-05,"RBM27",0.252976234561868,0.00033175400186998
"ENSG00000091073","DTX2",0.337903818458133,0.0111168848271716,"DTX2",0.332649419792972,0.0107057569252325
"ENSG00000091592","NLRP1",0.380461746337501,0.0137272444032678,"NLRP1",0.32758235570982,0.029961714200206
"ENSG00000091656","ZFHX4",0.478736057910727,0.00204757935216928,"ZFHX4",0.337127539460887,0.0263389578974846
"ENSG00000092068","SLC7A8",0.790248032888186,0.0348803885145458,"SLC7A8",0.820293111877429,0.0275172544619623
"ENSG00000092203","TOX4",0.501723020543027,1.29729472500412e-15,"TOX4",0.213313280327995,0.00189654509466811
"ENSG00000092531","SNAP23",0.462970531763915,1.03325343605523e-05,"SNAP23",0.507618565931,1.11747981928897e-06
"ENSG00000092929","UNC13D",1.10792782944608,4.06088912791891e-06,"UNC13D",1.19563132418828,2.18637107673355e-07
"ENSG00000092969","TGFB2",0.433800648709109,0.0374929164585487,"TGFB2",1.15210719637094,8.3293822368061e-07
"ENSG00000095139","ARCN1",0.170600233772632,0.0224845959528437,"ARCN1",0.195166622145822,0.00803254308170349
"ENSG00000095209","TMEM38B",0.327186344708837,0.00608019695073742,"TMEM38B",0.326231593622299,0.00564342348751695
"ENSG00000095464","PDE6C",2.40721713653401,0.000539863489027305,"PDE6C",2.14375909886162,0.00107380102839785
"ENSG00000095739","BAMBI",1.19598914572254,2.94973782753374e-07,"BAMBI",1.0734796503012,0.000570887378867146
"ENSG00000095951","HIVEP1",0.440794682709698,0.00558151665488076,"HIVEP1",0.312313272031555,0.0450091740515479
"ENSG00000095970","TREM2",6.76878286245392,6.35360340604823e-20,"TREM2",3.51926084600389,1.45692143933861e-17
"ENSG00000096080","MRPS18A",0.305720915542025,0.000485687483387936,"MRPS18A",0.266688945974947,0.00286463379921158
"ENSG00000096696","DSP",1.05207856949417,1.31207166982674e-12,"DSP",1.08049234880503,3.43240747307844e-09
"ENSG00000097096","SYDE2",0.456098232157572,0.0109104569369446,"SYDE2",0.541669259514454,0.0026180269962487
"ENSG00000099203","TMED1",0.44868369953986,7.43832607374221e-05,"TMED1",0.34273565858147,0.00251010849283631
"ENSG00000099308","MAST3",0.849205102884387,4.61877763333104e-05,"MAST3",0.581310165104025,0.00641541810742617
"ENSG00000099330","OCEL1",0.622903688008595,0.00216647973008961,"OCEL1",0.597639917462591,0.00244042185765791
"ENSG00000099331","MYO9B",0.298902400701275,0.0105117938361111,"MYO9B",0.330479645377132,0.00363503804974035
"ENSG00000099381","SETD1A",0.262447166965463,0.0244999321861796,"SETD1A",0.3222112410646,0.00404900611677943
"ENSG00000099804","CDC34",0.372609234650196,0.00332792522988802,"CDC34",0.417861484046245,0.000771462639231986
"ENSG00000099812","MISP",2.02652666005544,0.000554694910333809,"MISP",0.74537275951708,0.0356860781614787
"ENSG00000099814","CEP170B",0.859299399005367,1.35913039200708e-11,"CEP170B",0.733928961535507,1.78428256507216e-08
"ENSG00000099849","RASSF7",0.542632861983001,0.000885535400515251,"RASSF7",0.358751221343408,0.0249366270401362
"ENSG00000099875","MKNK2",0.277267338552101,0.00196114216711763,"MKNK2",0.424940989080912,1.31968613807347e-06
"ENSG00000099889","ARVCF",2.8456233635298,3.07965742739158e-14,"ARVCF",2.01232126408179,8.44000871902813e-10
"ENSG00000099910","KLHL22",0.417347291437556,0.0265208759117566,"KLHL22",0.368491557486241,0.0380755139541644
"ENSG00000099937","SERPIND1",1.33054822843218,1.3904153583354e-06,"SERPIND1",1.3351207054557,2.11667717996219e-06
"ENSG00000099968","BCL2L13",0.23914231461755,0.00221550744493138,"BCL2L13",0.48570022184442,8.41795389399865e-11
"ENSG00000100003","SEC14L2",1.02009355645659,5.44020756862779e-07,"SEC14L2",0.55584063061217,0.00874212697673103
"ENSG00000100033","PRODH",4.48233284113718,1.17364180933107e-09,"PRODH",3.54584376502288,1.47674004679453e-07
"ENSG00000100055","CYTH4",2.00029205269596,2.58490129870414e-09,"CYTH4",1.6668157082383,1.55661824519803e-06
"ENSG00000100056","ESS2",0.372271501285957,0.00497125811415787,"ESS2",0.293673815968647,0.029392132379984
"ENSG00000100104","SRRD",0.557319438347515,7.68745308555738e-10,"SRRD",0.61201951332007,3.01187069246566e-11
"ENSG00000100105","PATZ1",0.261903692879971,0.0121369516459877,"PATZ1",0.552164394608222,3.09727576620325e-08
"ENSG00000100109","TFIP11",0.422969480303109,0.000173076071814929,"TFIP11",0.274566834357119,0.0176964812422813
"ENSG00000100124","ANKRD54",0.251166179793692,0.0201276437047276,"ANKRD54",0.438896342649472,1.33986995183361e-05
"ENSG00000100142","POLR2F",0.495852556730058,6.81841441812577e-10,"POLR2F",0.292673399981094,0.000392985912909175
"ENSG00000100147","CCDC134",0.681448227812328,6.2819765559892e-07,"CCDC134",0.519356922965799,9.81567947866401e-05
"ENSG00000100209","HSCB",0.443506941497993,0.00116900410122079,"HSCB",0.495170626466635,0.000277181550447226
"ENSG00000100211","CBY1",0.304101000852376,0.0139754947802485,"CBY1",0.329425904425658,0.0106615356776282
"ENSG00000100220","RTCB",0.284249178144781,0.000531896114046132,"RTCB",0.257932886348812,0.00200836444842705
"ENSG00000100228","RAB36",1.09194291010571,2.82633884791885e-06,"RAB36",0.531065273758938,0.0142548024310829
"ENSG00000100258","LMF2",0.387926251671911,0.00132253342405903,"LMF2",0.463076228661107,8.06364010441823e-05
"ENSG00000100263","RHBDD3",0.404646940204329,0.00764790412318748,"RHBDD3",0.605843809000147,0.000108800763177541
"ENSG00000100284","TOM1",0.98321148281145,7.13359010502605e-10,"TOM1",1.1656932232417,2.78572247619557e-11
"ENSG00000100290","BIK",2.21398129393701,7.22002690343871e-06,"BIK",2.29702237163691,0.000249527997199727
"ENSG00000100298","APOBEC3H",2.62997750534941,4.67121795990441e-09,"APOBEC3H",3.4367819636269,4.30334853075375e-09
"ENSG00000100319","ZMAT5",0.677209873464256,2.15291264360302e-07,"ZMAT5",0.28213628551315,0.0422486479008742
"ENSG00000100325","ASCC2",0.332386758147455,3.9632667002638e-05,"ASCC2",0.235065220498052,0.00552562788252498
"ENSG00000100342","APOL1",1.16457215466357,1.53521017602567e-12,"APOL1",0.867086207632216,1.76006482590691e-07
"ENSG00000100347","SAMM50",0.351325629116722,1.94104518412041e-09,"SAMM50",0.459520394793167,6.88995675649644e-15
"ENSG00000100348","TXN2",0.368415656160117,4.35344321534503e-09,"TXN2",0.162610112507792,0.0214311925489358
"ENSG00000100360","IFT27",0.677943873135934,0.0126661997577069,"IFT27",0.702021084374274,0.0415314301103418
"ENSG00000100393","EP300",0.246510236709655,0.011362070548893,"EP300",0.250130874095434,0.00920559683616538
"ENSG00000100395","L3MBTL2",0.37114447821954,0.00144431802544887,"L3MBTL2",0.343804152011439,0.00347087228687786
"ENSG00000100403","ZC3H7B",0.242014542924194,0.032192641091654,"ZC3H7B",0.40550640397033,0.000112707091397458
"ENSG00000100439","ABHD4",1.70399807074212,1.70553971345806e-16,"ABHD4",1.59870608415497,1.20074530951756e-13
"ENSG00000100441","KHNYN",0.619992380482113,1.85492175312194e-06,"KHNYN",0.301080636638176,0.0227392425532238
"ENSG00000100461","RBM23",0.207183643519062,0.0380877840886168,"RBM23",0.41606691759403,9.26486484714195e-05
"ENSG00000100485","SOS2",0.463074725683178,0.000321923627551963,"SOS2",0.502391422342524,6.6057933994843e-05
"ENSG00000100592","DAAM1",1.35662145033573,4.62599521337213e-25,"DAAM1",0.875168146760838,4.28227049604977e-11
"ENSG00000100600","LGMN",0.703522396597344,1.05717834041113e-05,"LGMN",0.814451735819883,6.71363294593684e-07
"ENSG00000100612","DHRS7",1.16554564635058,3.27751980239898e-22,"DHRS7",1.21034779458306,1.46684278871181e-23
"ENSG00000100614","PPM1A",0.322920234656745,1.73449734206691e-05,"PPM1A",0.181472965724193,0.0308258780645296
"ENSG00000100644","HIF1A",0.243531284246016,0.0225678481131262,"HIF1A",0.465200001972143,2.86933641963041e-06
"ENSG00000100647","SUSD6",1.31107198342405,2.24427011009893e-21,"SUSD6",1.00912141765892,1.55551501341619e-12
"ENSG00000100796","PPP4R3A",0.31333097318099,0.000722632675150006,"PPP4R3A",0.272659170034534,0.00352827334112381
"ENSG00000100888","CHD8",0.382072067803294,4.02154532638071e-06,"CHD8",0.384030780546657,2.95285458794611e-06
"ENSG00000100916","BRMS1L",0.694899969328521,2.85978175524948e-08,"BRMS1L",0.408875681976778,0.00107848198895838
"ENSG00000100949","RABGGTA",0.595849938051246,1.20651216437331e-07,"RABGGTA",0.769599172467004,3.74340620080152e-11
"ENSG00000100983","GSS",0.281615153473007,0.00141912916583721,"GSS",0.241646471946646,0.00701415170318868
"ENSG00000101000","PROCR",1.10841254712341,7.69249890741243e-25,"PROCR",1.24246390693042,1.04573945910749e-28
"ENSG00000101098","RIMS4",2.84731681439281,3.65952998456752e-05,"RIMS4",3.57090980288924,1.38482576918604e-06
"ENSG00000101161","PRPF6",0.414184853529449,2.6225064370265e-11,"PRPF6",0.347189794023634,3.92764470639409e-08
"ENSG00000101193","GID8",0.299282404994615,0.000346852391490472,"GID8",0.2051246394482,0.0204762145361275
"ENSG00000101290","CDS2",0.342454915853949,0.00116900410122079,"CDS2",0.438362839769569,2.02652921155669e-05
"ENSG00000101311","FERMT1",0.285154089287178,0.0103991767455421,"FERMT1",0.349339041428633,0.00126887668628898
"ENSG00000101347","SAMHD1",0.380262035868898,0.00424084792134715,"SAMHD1",0.285751053375716,0.0316944862986387
"ENSG00000101421","CHMP4B",0.53632874962774,8.14085211960796e-09,"CHMP4B",0.331492605512835,0.000486616061186033
"ENSG00000101439","CST3",0.622490658381833,8.48577492550982e-14,"CST3",0.249642283602487,0.0045429307639698
"ENSG00000101624","CEP76",0.590583534869272,4.00999743862881e-05,"CEP76",0.740638791238986,1.51960133153144e-07
"ENSG00000101842","VSIG1",5.8560840370289,1.51506808463557e-14,"VSIG1",1.98592056226513,0.00107848198895838
"ENSG00000101844","ATG4A",0.540053933851345,9.07818600938873e-05,"ATG4A",0.443704716649974,0.00225544962775058
"ENSG00000101856","PGRMC1",0.362919303992891,2.70323901758187e-06,"PGRMC1",0.306338788114905,0.000105451095117551
"ENSG00000101882","NKAP",0.403579971947555,4.75525276907037e-06,"NKAP",0.207469703577643,0.0292466778609956
"ENSG00000101928","MOSPD1",1.14325715234994,1.1609507190378e-17,"MOSPD1",0.985734791001646,2.29826921839994e-12
"ENSG00000101986","ABCD1",1.2037466072245,3.54663676010108e-05,"ABCD1",1.10357925346214,0.000440816342763057
"ENSG00000101997","CCDC22",0.499294575091364,0.00042468898303253,"CCDC22",0.33739524061445,0.0211915776524984
"ENSG00000102265","TIMP1",0.787427807991378,1.18905441547296e-07,"TIMP1",0.701206772796412,2.71465305900623e-06
"ENSG00000102309","PIN4",0.207650142987258,0.0297148155302416,"PIN4",0.359062502404309,4.16118986939687e-05
"ENSG00000102312","PORCN",0.976121687745568,4.01876558643576e-05,"PORCN",0.813319932389232,0.000513626419777589
"ENSG00000102393","GLA",0.693116672868032,6.44371349323755e-11,"GLA",0.677014767138411,5.2611055519646e-10
"ENSG00000102409","BEX4",0.795154069333116,0.0332350698546868,"BEX4",0.760875012593157,0.0337811562400514
"ENSG00000102524","TNFSF13B",1.41414621245588,2.0319648524243e-13,"TNFSF13B",1.5513253074686,2.06344302235001e-09
"ENSG00000102554","KLF5",1.37575074659725,3.69830064875311e-27,"KLF5",1.08807784281176,8.46687626478566e-18
"ENSG00000102710","SUPT20H",0.215307985511005,0.0164722575609787,"SUPT20H",0.351339568797975,2.57919073685451e-05
"ENSG00000102743","SLC25A15",0.320693787158651,0.00318845377978148,"SLC25A15",0.333220647240175,0.00222826452287871
"ENSG00000102858","MGRN1",0.610735287307408,2.56569911668675e-05,"MGRN1",0.440014568136312,0.00203592075940722
"ENSG00000102878","HSF4",1.9917879990591,2.17327960852751e-08,"HSF4",1.57049935798319,2.96841996035818e-05
"ENSG00000102886","GDPD3",1.80402191954885,0.000151071071981059,"GDPD3",1.07136276138132,0.0065872696928793
"ENSG00000102901","CENPT",0.40029796130108,0.00664708065222131,"CENPT",0.562010215318279,0.000158193965025532
"ENSG00000102981","PARD6A",0.808751112246489,0.00637127946792045,"PARD6A",0.758917322584037,0.00593361086970945
"ENSG00000102996","MMP15",1.08805284468121,2.26920329636386e-05,"MMP15",1.16464548306333,1.33289597539729e-05
"ENSG00000103005","USB1",0.357401264513818,0.0007252190862237,"USB1",0.459460290615005,1.40505093319435e-05
"ENSG00000103034","NDRG4",1.03173589496757,2.83251528501118e-05,"NDRG4",1.38990748336873,4.14665002322713e-06
"ENSG00000103044","HAS3",1.29707790144924,2.36024419344727e-05,"HAS3",0.841527757189192,0.00339341369527684
"ENSG00000103066","PLA2G15",0.453358757432499,0.00110180185039701,"PLA2G15",0.278849743432075,0.0485249489921229
"ENSG00000103174","NAGPA",0.33769333696844,0.00290583361469889,"NAGPA",0.253006726617402,0.0409819879008881
"ENSG00000103196","CRISPLD2",2.32843685482598,5.71849306948338e-05,"CRISPLD2",2.01236212160631,0.000838628061585242
"ENSG00000103249","CLCN7",0.555562264069066,4.1010040330132e-05,"CLCN7",0.524546785936038,0.000140903441614513
"ENSG00000103353","UBFD1",0.534852586074823,1.3480142254536e-06,"UBFD1",0.315413956509138,0.00563351138483218
"ENSG00000103363","ELOB",0.616262607824519,4.5194794373238e-17,"ELOB",0.245719684602539,0.00158927186271134
"ENSG00000103404","USP31",0.398640505002107,0.00421454910650797,"USP31",0.391718931041054,0.0052964683443525
"ENSG00000103415","HMOX2",0.423111092086512,1.04694194414841e-07,"HMOX2",0.479258778403432,2.00973829526959e-09
"ENSG00000103502","CDIPT",0.924679359184114,4.62610076902387e-25,"CDIPT",0.709279617460427,6.88995675649644e-15
"ENSG00000103549","RNF40",0.566211378055208,2.11678888337191e-09,"RNF40",0.509856349558072,9.6458916713171e-08
"ENSG00000103723","AP3B2",2.62163131008517,8.35924664155404e-06,"AP3B2",2.32292026859423,0.000269619997543378
"ENSG00000103855","CD276",0.444282235831739,1.82927220709728e-05,"CD276",0.558114607909568,8.52836116715264e-08
"ENSG00000103932","RPAP1",0.286017980774899,0.00302885127055591,"RPAP1",0.364539110678715,0.000129577729833732
"ENSG00000103978","TMEM87A",0.287527248019519,0.000280436133909834,"TMEM87A",0.221493232524789,0.00588957680548086
"ENSG00000103994","ZNF106",0.485285977417957,2.66572363530079e-10,"ZNF106",0.629522775192767,2.47866007249944e-16
"ENSG00000104081","BMF",1.02368399842755,0.011802212176596,"BMF",1.18011052049567,0.00434495922222248
"ENSG00000104312","RIPK2",0.382054353961104,0.00016494338209952,"RIPK2",0.430912774509326,2.1767674250072e-05
"ENSG00000104341","LAPTM4B",0.322755213666636,3.91542764732995e-07,"LAPTM4B",0.257868324357337,0.0001080651618856
"ENSG00000104365","IKBKB",0.431114458399524,0.000918520546276854,"IKBKB",0.41828598418095,0.00121834948988773
"ENSG00000104368","PLAT",2.06150718740057,7.48320167788866e-23,"PLAT",2.21883678485412,5.03382894847632e-25
"ENSG00000104450","SPAG1",0.340496867030892,0.0139754947802485,"SPAG1",0.472494256670743,0.000547027218494416
"ENSG00000104613","INTS10",0.43831354445681,6.48699210967866e-06,"INTS10",0.511592538850955,1.17150279580573e-07
"ENSG00000104671","DCTN6",0.244641216474214,0.0312573945562616,"DCTN6",0.315504555971901,0.00250649122669446
"ENSG00000104679","R3HCC1",0.459930499861727,4.46353532236984e-07,"R3HCC1",0.449259149368323,1.67569053756466e-06
"ENSG00000104695","PPP2CB",0.207880424444389,0.0142395830269654,"PPP2CB",0.308454482220115,0.000128591622071179
"ENSG00000104763","ASAH1",0.563732310923641,6.41125604019298e-08,"ASAH1",0.310597465153393,0.00327114951530422
"ENSG00000104852","SNRNP70",0.413069383260112,2.58450473492774e-07,"SNRNP70",0.262548303965581,0.00166629042623186
"ENSG00000104853","CLPTM1",0.544577512219296,2.0199026488913e-05,"CLPTM1",0.416191323165683,0.000989888481539025
"ENSG00000104856","RELB",1.11240868055817,2.21197158577243e-09,"RELB",1.18116446549808,3.5464317715244e-10
"ENSG00000104863","LIN7B",1.18692194677024,6.81349604913184e-10,"LIN7B",0.843792285924943,2.03324144077695e-05
"ENSG00000104897","SF3A2",0.340559788347798,0.00635372479937409,"SF3A2",0.581961908836283,1.78985151661672e-06
"ENSG00000104998","IL27RA",0.274877580174762,0.010360086773704,"IL27RA",0.254495895239272,0.0100824803177519
"ENSG00000105053","VRK3",0.760239021061146,2.15904145021215e-12,"VRK3",0.482138667063113,3.10693274190038e-05
"ENSG00000105127","AKAP8",0.367193403017087,4.31605650800816e-06,"AKAP8",0.23277086593894,0.00661035627903398
"ENSG00000105246","EBI3",1.47482609922686,0.00048837917326979,"EBI3",1.1120669876471,0.00307166105747399
"ENSG00000105287","PRKD2",1.23632516907394,1.92748937861205e-21,"PRKD2",1.2784687309807,1.67884721384285e-20
"ENSG00000105290","APLP1",2.99411858488766,7.95748220947622e-14,"APLP1",2.12364436868997,1.36662002534624e-05
"ENSG00000105321","CCDC9",1.06369055032163,8.7702635538736e-08,"CCDC9",1.06198445999901,8.89627188456072e-07
"ENSG00000105327","BBC3",1.18804728223976,1.08218788167042e-15,"BBC3",1.64440075348771,1.36879292662062e-28
"ENSG00000105419","MEIS3",0.839889575018515,0.0143232496215268,"MEIS3",0.735674312277677,0.0240048182862664
"ENSG00000105427","CNFN",1.97168439531326,9.09616626374341e-08,"CNFN",0.774334557460485,0.00817380973236655
"ENSG00000105552","BCAT2",0.437873713025043,0.000592322763957518,"BCAT2",0.356230468443846,0.00544894973024178
"ENSG00000105559","PLEKHA4",2.25103307380881,4.99429095760708e-08,"PLEKHA4",0.619376426027732,0.0239690694734997
"ENSG00000105617","LENG1",0.374731962075358,0.00688644726520685,"LENG1",0.450212544361102,0.000911846811933472
"ENSG00000105619","TFPT",0.309900194899358,0.0142987127119935,"TFPT",0.435965067431866,0.000501031207427246
"ENSG00000105655","ISYNA1",1.5232588223462,0.00149927627009689,"ISYNA1",0.96572346505941,0.0107035673594524
"ENSG00000105656","ELL",0.354287255199093,0.00149296257551766,"ELL",0.285415728871586,0.0145692932348144
"ENSG00000105671","DDX49",0.286495704162106,0.00164280596885566,"DDX49",0.216465501849799,0.0234371938062356
"ENSG00000105723","GSK3A",0.233116790392884,0.0463226561874171,"GSK3A",0.263103562222245,0.0224098127078356
"ENSG00000105771","SMG9",0.402240568751551,0.000260331926457616,"SMG9",0.273098860778582,0.0145406260439873
"ENSG00000105854","PON2",0.257654311510594,0.00344758251509648,"PON2",0.354772803247351,2.89232252138501e-05
"ENSG00000105877","DNAH11",0.736377799962521,0.000633277198746439,"DNAH11",0.910316738243382,0.000851698572853975
"ENSG00000105929","ATP6V0A4",1.25831662643857,0.0014871463649651,"ATP6V0A4",1.81201921830343,4.14184458915079e-05
"ENSG00000105939","ZC3HAV1",0.208840661457325,0.0249993885570101,"ZC3HAV1",0.275838038336862,0.00177201403278897
"ENSG00000105967","TFEC",1.39530225538322,0.00332759166830382,"TFEC",0.753770993242974,0.0326342296762872
"ENSG00000106009","BRAT1",0.504435540770031,2.15881049406635e-06,"BRAT1",0.487897844885992,6.74332604451308e-06
"ENSG00000106025","TSPAN12",1.17077449697967,7.9310839209315e-06,"TSPAN12",1.55794994325944,3.27885890282431e-08
"ENSG00000106052","TAX1BP1",0.385221464583075,6.88479758513852e-07,"TAX1BP1",0.197629082165414,0.0168546649661903
"ENSG00000106086","PLEKHA8",0.555358573952498,6.03747462510172e-05,"PLEKHA8",0.572533702957524,6.80651687727322e-05
"ENSG00000106123","EPHB6",2.04503937111518,3.19603503621582e-14,"EPHB6",2.74902826978328,6.29366759784781e-24
"ENSG00000106246","PTCD1",0.339959801425548,0.00912541906601609,"PTCD1",0.348537361786825,0.00716956575978287
"ENSG00000106266","SNX8",0.356242158147614,0.000760123804044102,"SNX8",0.371704074489757,0.000443148200662112
"ENSG00000106415","GLCCI1",0.79658330884929,1.56890670456336e-07,"GLCCI1",0.730160325547983,1.3404090522401e-06
"ENSG00000106537","TSPAN13",1.43937148686184,6.00427478661242e-06,"TSPAN13",1.80470141920049,1.38557645822186e-05
"ENSG00000106605","BLVRA",0.414950937362589,0.000233598176229152,"BLVRA",0.28284745344077,0.0435805608141839
"ENSG00000106852","LHX6",0.632636010120538,0.0355477959599062,"LHX6",0.665758924517044,0.0338049256157631
"ENSG00000106992","AK1",1.29627794871044,2.06467866464135e-18,"AK1",1.12372184113474,1.1659682063014e-13
"ENSG00000107140","TESK1",0.670974745233392,0.000558877875750224,"TESK1",0.847714050485288,5.26183754929742e-05
"ENSG00000107175","CREB3",0.545076805329021,9.44288447748033e-07,"CREB3",0.611629904465279,6.14212766095418e-08
"ENSG00000107187","LHX3",5.42188242703921,7.55870888405059e-13,"LHX3",3.84857385510433,1.51864850613002e-07
"ENSG00000107290","SETX",0.417709637168209,4.3585229471702e-05,"SETX",0.224524623594583,0.0370957076341738
"ENSG00000107438","PDLIM1",0.383162034400508,0.000834628692601384,"PDLIM1",0.722654568414113,2.68941817100559e-10
"ENSG00000107537","PHYH",1.39137438609575,1.22041822322671e-20,"PHYH",1.22377462072688,2.91335632609016e-14
"ENSG00000107679","PLEKHA1",0.24792961351089,0.025975611849543,"PLEKHA1",0.427053154881602,1.76718701678153e-05
"ENSG00000107796","ACTA2",1.25482084477314,1.8285726121439e-07,"ACTA2",0.663443310029436,0.00322399120705082
"ENSG00000107816","LZTS2",0.556173980046455,6.28665841638706e-05,"LZTS2",0.561835609530833,4.17191084217787e-05
"ENSG00000107821","KAZALD1",0.436544373445318,0.0108422196723532,"KAZALD1",0.328837199303099,0.0362748824173739
"ENSG00000107854","TNKS2",0.247432592179033,0.0494368171714441,"TNKS2",0.285853486560555,0.016584482262891
"ENSG00000107890","ANKRD26",0.255134734524749,0.00229545990049521,"ANKRD26",0.180893427546973,0.0388419098100181
"ENSG00000107897","ACBD5",0.254198312341133,0.0309596350156314,"ACBD5",0.350032376375523,0.00136564112888213
"ENSG00000107959","PITRM1",0.281457624115458,0.00274699311923714,"PITRM1",0.195729477786516,0.0464726284876325
"ENSG00000107968","MAP3K8",1.03837042208002,0.0017913358992893,"MAP3K8",0.644275248869811,0.0349736619962227
"ENSG00000108021","TASOR2",0.318693886862961,0.00213036532477009,"TASOR2",0.329503343048303,0.00115747528434067
"ENSG00000108239","TBC1D12",0.802797004319797,3.50918446697879e-10,"TBC1D12",1.01453004489025,1.30699577096434e-13
"ENSG00000108344","PSMD3",0.28318901296093,0.00643124935013081,"PSMD3",0.216402824098118,0.0413036229008321
"ENSG00000108406","DHX40",0.615622247116783,6.06536843368173e-12,"DHX40",0.384987394688299,4.30197030304287e-05
"ENSG00000108602","ALDH3A1",0.743089104972712,0.0417453775398376,"ALDH3A1",2.28374436534553,0.000192996590356893
"ENSG00000108622","ICAM2",1.10867863720521,2.26526459087824e-10,"ICAM2",1.07107671933736,8.6360911623161e-13
"ENSG00000108639","SYNGR2",0.460839835881451,0.000229577146448778,"SYNGR2",0.353758202292839,0.0043921337431299
"ENSG00000108669","CYTH1",0.350747367206971,0.00882438099896992,"CYTH1",0.566163790462816,1.58088655659511e-05
"ENSG00000108773","KAT2A",0.861264585511062,1.2218728146446e-13,"KAT2A",0.812996022284592,1.39853872875594e-11
"ENSG00000108819","PPP1R9B",0.396741617892306,0.000783302064565218,"PPP1R9B",0.366946113048104,0.00164757789055713
"ENSG00000108826","MRPL27",0.307882958061701,0.00421326395144618,"MRPL27",0.421510251402572,4.21819000591501e-05
"ENSG00000108830","RND2",1.14624314468899,0.0102476030502306,"RND2",1.07339591023911,0.00883310014054859
"ENSG00000108840","HDAC5",0.70750825180274,0.000252043391602284,"HDAC5",0.609092605671295,0.00146023041959567
"ENSG00000108849","PPY",1.19880352457564,0.00821423148239104,"PPY",1.84273992022998,0.00186470494615074
"ENSG00000108861","DUSP3",0.537319506006388,1.8285726121439e-07,"DUSP3",0.44740409693104,1.48846077984073e-05
"ENSG00000109062","NHERF1",0.650928866550632,1.70935658454584e-11,"NHERF1",0.577809641945017,1.99975179530522e-09
"ENSG00000109079","TNFAIP1",0.552343795273055,6.4090220392638e-12,"TNFAIP1",0.565817127590651,4.21613571466371e-12
"ENSG00000109089","CDR2L",1.14523625264653,1.69383617658456e-09,"CDR2L",1.05736921264567,5.96513441541426e-08
"ENSG00000109103","UNC119",0.499948057034942,3.44504747132382e-06,"UNC119",0.550642062104903,1.15799775935221e-06
"ENSG00000109220","CHIC2",0.307914431435773,0.0140975798761317,"CHIC2",0.278055623816289,0.019612639253581
"ENSG00000109321","AREG",3.13357331688109,3.04688552361347e-50,"AREG",1.43583580310015,1.49200680911487e-16
"ENSG00000109390","NDUFC1",0.297845890975837,1.94431527156962e-05,"NDUFC1",0.181344302768829,0.0155474371069579
"ENSG00000109445","ZNF330",0.439148768844273,4.18020487431354e-08,"ZNF330",0.245765596544187,0.00401745806274776
"ENSG00000109501","WFS1",0.908021103609577,6.57496225361634e-14,"WFS1",0.736816116860054,6.05585272160757e-09
"ENSG00000109511","ANXA10",1.11016999641976,0.00132774170521142,"ANXA10",2.88261684438695,2.64082428905201e-09
"ENSG00000109667","SLC2A9",1.70324598322088,0.000290531211575383,"SLC2A9",1.98032559019878,3.81071921717075e-05
"ENSG00000109771","LRP2BP",1.1679665908329,1.47810715245738e-05,"LRP2BP",0.620580754157497,0.0101702386025961
"ENSG00000109790","KLHL5",0.584784126992854,3.21671239049495e-08,"KLHL5",0.357207247743666,0.000776300706309845
"ENSG00000109814","UGDH",0.700546082483073,4.81443985541516e-12,"UGDH",1.12455299147436,1.07572533107046e-28
"ENSG00000109846","CRYAB",1.33103883499261,0.00461976237246985,"CRYAB",0.727014044562475,0.0380063612561054
"ENSG00000109881","CCDC34",0.536291502054434,1.55452954211205e-09,"CCDC34",0.510211068614873,7.31589568603526e-09
"ENSG00000110011","DNAJC4",0.783675587760756,1.81941163277439e-05,"DNAJC4",0.488688192304033,0.0050737246081766
"ENSG00000110046","ATG2A",0.864199364219871,2.51921830080812e-10,"ATG2A",0.789470519776649,4.25471600378889e-08
"ENSG00000110048","OSBP",0.332225194375604,0.00515126095964785,"OSBP",0.251542407279604,0.0358890387163889
"ENSG00000110057","UNC93B1",0.723018467036052,1.41716681470576e-05,"UNC93B1",0.780761582790539,3.19405027379704e-05
"ENSG00000110066","KMT5B",0.712674370936336,6.11197340328034e-26,"KMT5B",0.545851129916843,4.34409479953317e-15
"ENSG00000110171","TRIM3",0.87600490766977,3.09622868549306e-05,"TRIM3",0.422004708624043,0.0264993923268034
"ENSG00000110218","PANX1",0.816227087926135,1.78933774335858e-12,"PANX1",0.594565294914018,5.36056195781687e-07
"ENSG00000110274","CEP164",0.521485171310232,1.09362351166959e-07,"CEP164",0.518940294722826,2.04970097474344e-07
"ENSG00000110400","NECTIN1",0.301100109431346,0.0111265122717783,"NECTIN1",0.73660339769711,1.91389979452975e-09
"ENSG00000110435","PDHX",0.427538151947684,6.97580006168773e-06,"PDHX",0.753797502839745,2.78919633756046e-16
"ENSG00000110514","MADD",0.294101442095592,0.0336400370947994,"MADD",0.385870721262968,0.00228182407757326
"ENSG00000110651","CD81",0.352875783334987,1.9958160167517e-07,"CD81",0.179366636914906,0.0159083675683054
"ENSG00000110711","AIP",0.411267076211429,0.000150148910924028,"AIP",0.522682588121086,7.77531620155663e-07
"ENSG00000110852","CLEC2B",1.62182799220271,6.34756783205452e-05,"CLEC2B",2.12491136915938,7.83660888997986e-07
"ENSG00000110876","SELPLG",3.16867888757786,9.16888457649962e-08,"SELPLG",0.658065620022814,0.0401772176983717
"ENSG00000110925","CSRNP2",0.677368559778591,2.03400319124696e-07,"CSRNP2",0.37264708999745,0.00436550753816527
"ENSG00000111144","LTA4H",0.238210157693195,0.0346333737343313,"LTA4H",0.458385494760646,1.13757155395549e-05
"ENSG00000111328","CDK2AP1",0.304578412303875,0.000196827791781026,"CDK2AP1",0.296134459322636,0.000327728134298966
"ENSG00000111335","OAS2",2.10750362697894,8.29442020835873e-12,"OAS2",1.44959608356194,2.36925373825103e-06
"ENSG00000111684","LPCAT3",0.740347943261852,1.72305616874726e-06,"LPCAT3",0.630529570219687,9.4747943373566e-05
"ENSG00000111799","COL12A1",0.431803453568872,0.0362182850215991,"COL12A1",0.962458906579862,1.76905263664928e-05
"ENSG00000111859","NEDD9",3.06242797073746,2.22565754143604e-18,"NEDD9",2.58374172674174,3.45242195839572e-06
"ENSG00000112079","STK38",0.587893668956181,1.92935266802733e-08,"STK38",0.343584020963046,0.0013828508503329
"ENSG00000112183","RBM24",0.769461603671412,0.0196358658962655,"RBM24",2.04780393703617,0.000815078177134307
"ENSG00000112378","PERP",0.639547329648794,4.21216814228177e-15,"PERP",0.849099043315334,8.19021246934138e-25
"ENSG00000112406","HECA",0.474442284759021,3.66737015856238e-06,"HECA",0.577701140753998,1.8259748036742e-07
"ENSG00000112473","SLC39A7",0.269925248378701,0.0123916420063742,"SLC39A7",0.260688255104235,0.0141913140543239
"ENSG00000112576","CCND3",0.612592790862978,1.63930220679043e-12,"CCND3",0.739009872236266,9.17182554380248e-17
"ENSG00000112578","BYSL",0.366827703643601,5.14118761626207e-06,"BYSL",0.297782379514973,0.000388723556678317
"ENSG00000112640","PPP2R5D",0.656940577540987,4.8905451903736e-19,"PPP2R5D",0.619543692993307,5.56250312027685e-16
"ENSG00000112651","MRPL2",0.347222255119255,0.036697859671365,"MRPL2",0.362095994102478,0.021644704168125
"ENSG00000112773","TENT5A",1.6015437363217,1.46149837794548e-38,"TENT5A",1.26408525323278,4.78618141387706e-24
"ENSG00000113141","IK",0.358251147025994,3.42219560560076e-06,"IK",0.297278519678998,0.000129611387566283
"ENSG00000113272","THG1L",0.319306906612464,0.000155508162429406,"THG1L",0.269976018670206,0.00178539711280928
"ENSG00000113504","SLC12A7",1.2828572477675,1.37165065332936e-06,"SLC12A7",0.665890414372698,0.00668916001649411
"ENSG00000113555","PCDH12",1.82604098144266,0.00044618948411709,"PCDH12",1.07413432797555,0.0129089105558443
"ENSG00000113732","ATP6V0E1",0.455887327989948,2.01806400335943e-05,"ATP6V0E1",0.331604287091475,0.00195187557279074
"ENSG00000113742","CPEB4",0.95871345252833,1.5843793261903e-14,"CPEB4",0.804094535376089,4.94206651916492e-10
"ENSG00000113971","NPHP3",0.390354090046242,0.000451075857223426,"NPHP3",0.246014644400759,0.0363687152086508
"ENSG00000114374","USP9Y",0.245728559207887,0.0211875013011935,"USP9Y",0.268599547076456,0.00959593430711339
"ENSG00000114423","CBLB",1.0939543178626,1.74531395974961e-09,"CBLB",0.979075353976405,8.05927825507222e-08
"ENSG00000114520","SNX4",0.286578427389284,0.00182594929092707,"SNX4",0.262624050239328,0.00389922935146942
"ENSG00000114529","C3orf52",0.353143795654829,0.0230516071539124,"C3orf52",0.348465281085505,0.0202285474483804
"ENSG00000114573","ATP6V1A",0.16193116199559,0.0460652611999503,"ATP6V1A",0.255774058807002,0.000690412037876548
"ENSG00000114742","WDR48",0.388502875000449,1.06440024297683e-05,"WDR48",0.362160689829057,3.87921418740606e-05
"ENSG00000114770","ABCC5",0.264106453252004,0.00504798433572473,"ABCC5",0.264771091889018,0.00721115091513405
"ENSG00000114796","KLHL24",1.0013526458305,1.56052999781647e-06,"KLHL24",0.575336725750566,0.00411054269091468
"ENSG00000114857","NKTR",0.464801622472762,4.4192708097123e-05,"NKTR",0.264045025333984,0.023089608125939
"ENSG00000115129","TP53I3",2.70834911237509,1.5003800964125e-70,"TP53I3",2.01775620766352,1.18447503435979e-39
"ENSG00000115194","SLC30A3",1.93151394238138,1.60920007656196e-26,"SLC30A3",2.48665922357739,2.39652978673e-43
"ENSG00000115211","EIF2B4",0.378572544874779,9.39899476793805e-06,"EIF2B4",0.440298404586847,2.37495696469456e-07
"ENSG00000115216","NRBP1",0.488184032944678,1.23875486505924e-06,"NRBP1",0.666949631642378,8.78490086020586e-11
"ENSG00000115274","INO80B",0.512945402245868,0.00184698048177502,"INO80B",0.649985370832065,0.000123298790328987
"ENSG00000115307","AUP1",0.551733835570878,1.12266696408554e-16,"AUP1",0.511241268497783,2.78657350427797e-14
"ENSG00000115415","STAT1",0.341144720110322,2.23971947135741e-05,"STAT1",0.408834055769419,1.45786955446582e-07
"ENSG00000115641","FHL2",0.93385216419624,7.631684663837e-15,"FHL2",1.011747798489,7.43897529333034e-17
"ENSG00000115649","CNPPD1",0.291137556087535,0.00830732942506707,"CNPPD1",0.322204099961954,0.00257566220058634
"ENSG00000115738","ID2",1.67412220612031,1.6195216430829e-26,"ID2",0.330641038655984,0.0337482428215709
"ENSG00000115762","PLEKHB2",0.173417806612017,0.00662030512613627,"PLEKHB2",0.240265092774056,0.00011454040064755
"ENSG00000115827","DCAF17",0.339838440410045,0.00178509806625971,"DCAF17",0.242742150002364,0.0279335615091873
"ENSG00000115844","DLX2",1.18604553380578,1.60681577686277e-05,"DLX2",0.900603973990135,0.000932534983227314
"ENSG00000115919","KYNU",1.15655965812889,0.00213521905524225,"KYNU",3.35344353532522,1.42513370594035e-18
"ENSG00000115935","WIPF1",0.409855748088653,0.000101346074803809,"WIPF1",0.744519540064068,2.50920275064127e-13
"ENSG00000115963","RND3",0.693745898866256,6.19900538758512e-06,"RND3",0.505214549019157,0.000779194616677524
"ENSG00000116005","PCYOX1",0.591079924043374,3.08216718805011e-09,"PCYOX1",0.465574961245754,3.75472596643244e-06
"ENSG00000116017","ARID3A",0.997253503711616,4.57324691919738e-11,"ARID3A",0.817884067022982,1.16202451477237e-06
"ENSG00000116096","SPR",1.12940134269706,7.34129177854546e-25,"SPR",1.06075759435499,4.97377674322956e-20
"ENSG00000116106","EPHA4",0.912085073943738,4.82368302032322e-05,"EPHA4",0.88015595302011,0.000233674254359887
"ENSG00000116198","CEP104",0.631437825745803,3.8447844862609e-13,"CEP104",0.307572409987212,0.000695263592759882
"ENSG00000116209","TMEM59",0.444252302961705,4.66165841162651e-05,"TMEM59",0.280991164959567,0.0109984607374253
"ENSG00000116221","MRPL37",0.280933685097294,9.55318944603436e-05,"MRPL37",0.32963089256103,4.16318133012311e-06
"ENSG00000116266","STXBP3",0.633449820956041,6.49816706290827e-07,"STXBP3",0.431372732956712,0.000670341993382265
"ENSG00000116299","ELAPOR1",1.56600528763573,4.23021843337352e-18,"ELAPOR1",1.78278442685734,1.06904941882083e-23
"ENSG00000116514","RNF19B",1.27142553292898,1.52444051564148e-21,"RNF19B",1.11574470403886,1.60855967829639e-16
"ENSG00000116521","SCAMP3",0.740193708755777,3.089311274021e-19,"SCAMP3",0.552365015641726,5.62453251415013e-11
"ENSG00000116663","FBXO6",1.20053938205312,2.84828276521328e-05,"FBXO6",0.978779659090533,0.000683715460976244
"ENSG00000116670","MAD2L2",0.527811960012667,2.77842169774173e-08,"MAD2L2",0.401156783588008,2.49227919444448e-05
"ENSG00000116688","MFN2",0.398695741558865,3.5381269250187e-09,"MFN2",0.275659617318658,0.000121601337471945
"ENSG00000116691","MIIP",0.346611500787196,0.0244298962459716,"MIIP",0.350973350439657,0.0182897722976711
"ENSG00000116701","NCF2",0.673375050420152,0.000291595253373901,"NCF2",1.01026474673428,8.71746135917289e-08
"ENSG00000116717","GADD45A",0.928849760065489,9.94859558643241e-15,"GADD45A",0.60794769855209,3.97054058042179e-07
"ENSG00000116741","RGS2",1.55293900400808,3.82675688205053e-11,"RGS2",1.4614143389569,5.17453346602015e-09
"ENSG00000116786","PLEKHM2",0.254307901696801,0.0251480937108034,"PLEKHM2",0.271577664209414,0.0138296789463355
"ENSG00000116809","ZBTB17",0.508300623935028,8.24678487079077e-06,"ZBTB17",0.643497593009135,9.921859593735e-08
"ENSG00000116990","MYCL",0.648709338125492,0.0251271806643537,"MYCL",0.547644506797612,0.0480064417526631
"ENSG00000116991","SIPA1L2",1.22268770134115,9.31598056497206e-09,"SIPA1L2",1.21087965685932,3.82596529742509e-10
"ENSG00000117139","KDM5B",0.710694909529328,1.15235461347536e-10,"KDM5B",0.752397713685472,4.4243196106216e-11
"ENSG00000117226","GBP3",0.703342945553321,3.87238701187296e-07,"GBP3",0.542594078303713,7.80385954485839e-05
"ENSG00000117228","GBP1",0.48862540470993,1.38302029437274e-05,"GBP1",0.595345810372798,7.40272743129701e-08
"ENSG00000117280","RAB29",0.389939837473434,0.000228120196047571,"RAB29",0.387191415986574,0.000211218865133671
"ENSG00000117408","IPO13",0.864205825299568,1.42849381906027e-10,"IPO13",0.450243712081207,0.00112854747756636
"ENSG00000117410","ATP6V0B",0.46607621150631,4.90973954673543e-06,"ATP6V0B",0.405707248388195,5.93296872137759e-05
"ENSG00000117450","PRDX1",0.291064102303907,1.92819421087085e-05,"PRDX1",0.18919788638084,0.00833160496493363
"ENSG00000117461","PIK3R3",1.01891376527254,1.0115071910166e-07,"PIK3R3",0.539653743611864,0.00708034712637079
"ENSG00000117472","TSPAN1",2.33622534567044,2.88910380831162e-15,"TSPAN1",2.40099531364804,1.22480171208408e-14
"ENSG00000117598","PLPPR5",1.74579615638785,0.000526474707794691,"PLPPR5",0.713874750793356,0.0398200821265465
"ENSG00000117676","RPS6KA1",0.846352765787885,7.30728184132266e-11,"RPS6KA1",1.2625384782137,3.81165532164568e-21
"ENSG00000117691","NENF",0.643540056668359,2.1930542889007e-12,"NENF",0.340497131327881,0.000300990863624938
"ENSG00000117899","MESD",0.240423151470196,0.000233382658054288,"MESD",0.206563504749776,0.00197648639700409
"ENSG00000118096","IFT46",0.494800796460769,2.73966024278951e-05,"IFT46",0.465188420815637,6.05336681949529e-05
"ENSG00000118503","TNFAIP3",0.968365225494682,3.17859050021426e-09,"TNFAIP3",0.956537049851607,7.13684191891584e-09
"ENSG00000118689","FOXO3",0.319730424460903,0.00337437234660793,"FOXO3",0.28800090163984,0.00807458474975376
"ENSG00000118960","HS1BP3",0.686088397459738,1.97433976976566e-06,"HS1BP3",0.783879370984977,8.47072359779341e-07
"ENSG00000119314","PTBP3",0.267522479388861,0.000147458699735534,"PTBP3",0.67665774799513,4.91777286169905e-24
"ENSG00000119321","FKBP15",0.286774743944649,0.00256162205868893,"FKBP15",0.264720455750093,0.0049160969362545
"ENSG00000119333","DYNC2I2",0.276579621365103,0.0125927574777048,"DYNC2I2",0.450625022432994,1.71184931164461e-05
"ENSG00000119392","GLE1",0.370531901265751,6.80316351114112e-05,"GLE1",0.647897544412204,1.75587054968896e-12
"ENSG00000119401","TRIM32",0.530303696426898,4.03789220675383e-09,"TRIM32",0.37028532133065,7.93912207867426e-05
"ENSG00000119421","NDUFA8",0.256148330362396,0.0199270195786457,"NDUFA8",0.322077052133079,0.00219699632096925
"ENSG00000119471","HSDL2",0.557700179398452,4.03440120260227e-12,"HSDL2",0.587310684104964,2.14144954707357e-13
"ENSG00000119537","KDSR",0.352565563145934,4.85729331862087e-06,"KDSR",0.275749556758646,0.000400158601764741
"ENSG00000119541","VPS4B",0.434771116782976,1.3710488604632e-17,"VPS4B",0.457123072654511,2.78255041751335e-19
"ENSG00000119630","PGF",0.467681708063885,0.000945013680924774,"PGF",0.313771566444317,0.0263298098379214
"ENSG00000119655","NPC2",0.42832930071913,4.61314603116016e-06,"NPC2",0.275782300303862,0.00407626706622392
"ENSG00000119686","FLVCR2",2.34476155045513,3.98203531833163e-09,"FLVCR2",1.46299264561734,0.000379360598217682
"ENSG00000119699","TGFB3",1.34933957192574,3.62778248888291e-05,"TGFB3",1.13558275593104,0.000364614946035534
"ENSG00000119760","SUPT7L",0.584977884352621,1.22141760454317e-08,"SUPT7L",0.332885986936908,0.00149964023971493
"ENSG00000119801","YPEL5",0.660985216206544,4.57757005886919e-06,"YPEL5",0.398543412495513,0.00601599683777532
"ENSG00000119862","LGALSL",0.524988751708263,0.0123636607420414,"LGALSL",0.890906875275311,0.000215507277013994
"ENSG00000119878","CRIPT",0.633384409230981,1.39343494307883e-08,"CRIPT",0.241258146562277,0.0377680566933677
"ENSG00000119917","IFIT3",1.13465223200831,1.7089844418183e-11,"IFIT3",1.2071445431701,7.43541358384986e-13
"ENSG00000119922","IFIT2",1.48035246196283,3.35085636597612e-05,"IFIT2",1.37037628671691,0.000297762132096516
"ENSG00000119946","CNNM1",0.704520213032182,0.0134478824850911,"CNNM1",1.15826865100288,0.00959123331184639
"ENSG00000119986","AVPI1",1.0721415154268,1.53777581741071e-15,"AVPI1",0.395026994011086,0.0020931783973642
"ENSG00000120129","DUSP1",1.40004362887737,1.49450190320222e-08,"DUSP1",1.08712953695954,2.41634146967236e-05
"ENSG00000120211","INSL4",3.51900699334527,1.07878232398347e-07,"INSL4",2.88443789225351,7.0791227142878e-06
"ENSG00000120279","MYCT1",0.693582525044484,0.0458837470552246,"MYCT1",1.35206763629826,0.00401918936659973
"ENSG00000120549","KIAA1217",0.865583849940441,1.15335052850933e-10,"KIAA1217",0.973335218389597,2.62999853289262e-12
"ENSG00000120694","HSPH1",0.397687204165298,4.79108098577453e-05,"HSPH1",0.486469571366075,4.06195002486926e-07
"ENSG00000120708","TGFBI",0.388144320012647,0.00532894205488747,"TGFBI",1.42764615439015,2.33795182460476e-20
"ENSG00000120709","FAM53C",0.76211122687503,2.99456590932551e-16,"FAM53C",0.453829587311209,2.41136694885524e-06
"ENSG00000120798","NR2C1",0.638524453388944,1.14906300055254e-07,"NR2C1",0.51434891048316,1.3683325562141e-05
"ENSG00000120868","APAF1",0.689291840305268,3.40110558932181e-08,"APAF1",0.66900816597193,1.1098064661559e-07
"ENSG00000120885","CLU",1.5570438614548,1.4090190307502e-39,"CLU",1.42389896800398,5.92975179384031e-34
"ENSG00000121039","RDH10",1.44148611171478,5.63053143387835e-27,"RDH10",1.04581716911224,7.92118525709418e-14
"ENSG00000121057","AKAP1",0.269822930487747,0.000941967793734106,"AKAP1",0.404437028161134,2.81525725256293e-07
"ENSG00000121064","SCPEP1",0.405289222223307,0.020740286331361,"SCPEP1",0.426642319118902,0.0120975822924498
"ENSG00000121274","TENT4B",0.340954955698514,0.000387345159782385,"TENT4B",0.42246320609838,6.69229323409274e-06
"ENSG00000121417","ZNF211",0.85129546597885,5.1881553852022e-06,"ZNF211",0.608832586243847,0.00150957774382746
"ENSG00000121454","LHX4",0.963515092646189,0.00508103284524749,"LHX4",0.79537067123458,0.00374843153329597
"ENSG00000121552","CSTA",0.525054960396912,0.0492354453734415,"CSTA",0.474948994080866,0.0473988268323528
"ENSG00000121690","DEPDC7",0.481730784982493,0.0436225164049353,"DEPDC7",1.35516543193206,2.13864234567655e-08
"ENSG00000121741","ZMYM2",0.254734822895082,0.029924751344744,"ZMYM2",0.240612393480487,0.0370320170875318
"ENSG00000121797","CCRL2",0.896505469001183,0.000126945424588052,"CCRL2",1.16852795979422,3.09323232196455e-06
"ENSG00000121851","POLR3GL",0.841763693105903,2.95548910698088e-11,"POLR3GL",0.723731024333675,5.84121448954455e-08
"ENSG00000121895","TMEM156",0.655441535899742,0.00181173051670463,"TMEM156",0.780167822760709,0.000344709289866917
"ENSG00000122378","PRXL2A",1.51843628082216,0.000912094038292001,"PRXL2A",2.26650245925294,0.000129923441169615
"ENSG00000122550","KLHL7",0.641537582251005,2.93768721317397e-05,"KLHL7",1.05657975470893,8.58178157841067e-12
"ENSG00000122696","SLC25A51",0.393162781127966,0.0187437284107413,"SLC25A51",0.557983108157713,0.00199501173229043
"ENSG00000122705","CLTA",0.281742668168265,4.94575327368127e-06,"CLTA",0.142789667608946,0.0356749141720938
"ENSG00000122787","AKR1D1",1.19295929684383,0.00930087902612954,"AKR1D1",1.33898013946445,0.00637385890180372
"ENSG00000122882","ECD",0.211043550026551,0.00171300759760647,"ECD",0.226153887703517,0.000928379774980845
"ENSG00000123064","DDX54",0.318541682095555,6.50414966399779e-05,"DDX54",0.391652889322851,5.37983737842407e-07
"ENSG00000123091","RNF11",0.267726287834851,0.00376031059456712,"RNF11",0.291953585132949,0.00126904899334605
"ENSG00000123146","ADGRE5",0.86945912416147,3.12089334333836e-21,"ADGRE5",0.964440676837088,3.42437200702228e-25
"ENSG00000123178","SPRYD7",0.191826530252205,0.041690809527161,"SPRYD7",0.241686576243863,0.00815348525246173
"ENSG00000123353","ORMDL2",0.502636804088062,5.0410885218164e-06,"ORMDL2",0.517760485659762,2.71404447499798e-06
"ENSG00000123358","NR4A1",2.08316081708712,3.1270619268092e-06,"NR4A1",0.669849127539844,0.0337300039722676
"ENSG00000123364","HOXC13",1.73386797492529,2.22936956958987e-17,"HOXC13",1.18297155142509,2.22966706258523e-08
"ENSG00000123384","LRP1",0.982530101614507,7.03576062448962e-07,"LRP1",0.502586469801688,0.00558405541831514
"ENSG00000123609","NMI",0.51113573709405,0.000150784539425686,"NMI",0.53702320411516,4.80771730174882e-05
"ENSG00000123700","KCNJ2",0.46234824752755,0.0382887259793819,"KCNJ2",0.927597191823529,6.89739758826121e-05
"ENSG00000123933","MXD4",1.15033937677602,8.10155915229852e-11,"MXD4",0.955984743086996,2.44937014667861e-07
"ENSG00000123989","CHPF",0.303042687779226,0.00515101796421567,"CHPF",0.250393449392299,0.0226910331155554
"ENSG00000124067","SLC12A4",0.942900437766096,1.28898506536724e-09,"SLC12A4",1.11474680605035,7.64811324744022e-13
"ENSG00000124074","ENKD1",0.477564921352202,0.000133817684891991,"ENKD1",0.249633626760516,0.0472422367577674
"ENSG00000124098","FAM210B",1.10110055785915,8.96835148457745e-23,"FAM210B",0.335800806378567,0.00439901425943637
"ENSG00000124104","SNX21",0.3432787598072,0.0155751334514193,"SNX21",0.289174966990726,0.0417873128349254
"ENSG00000124107","SLPI",1.34731749837725,0.00554798487025035,"SLPI",3.03628012243403,2.49791612532499e-07
"ENSG00000124151","NCOA3",0.279921286627924,0.0311446724805215,"NCOA3",0.253840156212457,0.0445231992002693
"ENSG00000124224",NA,0.735786326079387,0.000139255504663868,NA,0.651488153192254,0.000669407000752449
"ENSG00000124225","PMEPA1",0.79824232575677,0.00068491777313426,"PMEPA1",0.511495282610805,0.0170768401244754
"ENSG00000124226","RNF114",0.5588583838663,1.27054306553136e-07,"RNF114",0.436839314778229,3.76948490342625e-05
"ENSG00000124228","DDX27",0.266560237476618,0.000273906626962261,"DDX27",0.259682971171832,0.000397265995564235
"ENSG00000124356","STAMBP",0.270362909490656,0.005859214558411,"STAMBP",0.222143199021171,0.0233776929857304
"ENSG00000124357","NAGK",0.498820895938566,0.000173968501634264,"NAGK",0.45183831812118,0.000480983338442138
"ENSG00000124444","ZNF576",0.32740607783619,0.00443995153531658,"ZNF576",0.332509010791818,0.00355885161956975
"ENSG00000124635","H2BC11",1.66837831655644,9.73054382086045e-13,"H2BC11",1.76434945652942,4.74560638388786e-12
"ENSG00000124733","MEA1",0.289650098594345,0.00123426764047498,"MEA1",0.308112354152206,0.000423666450557363
"ENSG00000124762","CDKN1A",1.38370584568841,9.9976490015241e-17,"CDKN1A",1.48038215746145,1.03104310628274e-18
"ENSG00000124783","SSR1",0.379826636130399,1.00543317075368e-10,"SSR1",0.295074147252037,9.82988071412796e-07
"ENSG00000124785","NRN1",1.94531673970934,0.000167544736920627,"NRN1",2.51440654809215,9.94461086723309e-06
"ENSG00000124813","RUNX2",0.297595500128089,0.0320327448969969,"RUNX2",0.743642166262228,3.41895733292231e-08
"ENSG00000124839","RAB17",2.34471209580528,0.000112094610434682,"RAB17",1.72210580016363,5.29381111403918e-05
"ENSG00000125037","EMC3",0.702754043433176,1.87266725222708e-16,"EMC3",0.621416275480013,2.23097787220891e-12
"ENSG00000125089","SH3TC1",0.642637518482367,0.0188617195157747,"SH3TC1",1.19268913145077,0.00351499003798044
"ENSG00000125170","DOK4",1.22484223999425,1.17668274524382e-06,"DOK4",1.38917821959744,2.03110115991097e-06
"ENSG00000125319","HROB",0.820112342101882,5.27301949047207e-09,"HROB",0.598531724271047,1.82106297921825e-05
"ENSG00000125378","BMP4",0.676790352730085,0.0117726300887782,"BMP4",1.07042469105452,0.000415959808422562
"ENSG00000125454","SLC25A19",0.294625836572846,0.0242257408475789,"SLC25A19",0.331664958656319,0.00913665469401521
"ENSG00000125482","TTF1",0.13095174569483,0.0458452481935855,"TTF1",0.132806197568427,0.0461436850152649
"ENSG00000125505","MBOAT7",0.48921552034187,1.69470291635971e-06,"MBOAT7",0.406562277020149,7.63929593017141e-05
"ENSG00000125657","TNFSF9",0.779807262501659,1.20078510553464e-07,"TNFSF9",1.13004477547958,2.16040340126634e-13
"ENSG00000125734","GPR108",0.581384413904243,5.29238547870442e-06,"GPR108",0.398236770673224,0.00147764777801044
"ENSG00000125740","FOSB",1.45190869479187,8.82966013392976e-05,"FOSB",1.2579898978371,0.000662747703051019
"ENSG00000125814","NAPB",0.43721157978429,0.0344955637527866,"NAPB",0.399974270538563,0.0415804044691654
"ENSG00000125827","TMX4",0.434255829277114,0.000835067853192362,"TMX4",0.482029655439881,0.000140903441614513
"ENSG00000125845","BMP2",1.66256800887956,2.04290418945167e-09,"BMP2",1.15625585783706,0.000118988640938745
"ENSG00000125848","FLRT3",0.879016135715,7.67864706370822e-06,"FLRT3",0.379555484770359,0.0356021997566059
"ENSG00000125864","BFSP1",1.49892379775206,1.12625374898013e-08,"BFSP1",1.60109847755146,1.29827907331794e-09
"ENSG00000125871","MGME1",0.255809995075507,0.00162471509573729,"MGME1",0.264094542145928,0.00116410133394347
"ENSG00000125967","NECAB3",0.82012730690623,2.74377420035969e-05,"NECAB3",0.461287118633196,0.00901408229758692
"ENSG00000125991","ERGIC3",0.40080647031366,1.93857299628981e-08,"ERGIC3",0.326964861378083,6.95351411581199e-06
"ENSG00000126012","KDM5C",0.338967760270638,1.18574317342587e-05,"KDM5C",0.529190560273591,1.42636180221448e-12
"ENSG00000126107","HECTD3",0.346323955876773,0.00540535025951169,"HECTD3",0.335102395713581,0.00682273437492267
"ENSG00000126254","RBM42",0.669374453487906,9.26733932258567e-15,"RBM42",0.405328044393328,4.97728755051996e-06
"ENSG00000126351","THRA",0.447158709659591,9.369043434338e-06,"THRA",0.390233562762616,8.42291738540159e-05
"ENSG00000126391","FRMD8",0.825351087867446,6.14385867521169e-10,"FRMD8",0.512582607197651,0.000106794401112728
"ENSG00000126456","IRF3",0.732193382775396,5.26689568725008e-13,"IRF3",0.827978032519696,2.61551015241199e-15
"ENSG00000126458","RRAS",0.328130485943346,0.00876453278398695,"RRAS",0.285669983163426,0.0208129814451018
"ENSG00000126603","GLIS2",0.571147296192263,0.0019688799407287,"GLIS2",0.700804004939448,0.000292099424483956
"ENSG00000126803","HSPA2",1.39570674642899,2.49125094222209e-07,"HSPA2",0.598353880604769,0.0172229081904918
"ENSG00000126822","PLEKHG3",0.291513133762325,0.0119459759407403,"PLEKHG3",0.297678348015249,0.0102700493390532
"ENSG00000126903","SLC10A3",0.644155073204997,6.03934324581518e-08,"SLC10A3",0.384322512980132,0.00120659587728452
"ENSG00000127325","BEST3",0.581024200955989,0.0185426967685436,"BEST3",0.456539964123471,0.0406476717682997
"ENSG00000127511","SIN3B",0.636981498917489,1.75170660876441e-11,"SIN3B",0.54871563438455,1.12636733506448e-08
"ENSG00000127554","GFER",0.489528160852057,2.06322248805575e-06,"GFER",0.414972882856454,5.93657432748189e-05
"ENSG00000127663","KDM4B",0.79762878903617,4.71075264493524e-12,"KDM4B",0.92608718173107,3.13048150683203e-13
"ENSG00000127824","TUBA4A",0.921146108286244,2.88475569600756e-24,"TUBA4A",0.931949778277453,1.71072154233796e-24
"ENSG00000127884","ECHS1",0.349705945249298,5.00862070777776e-09,"ECHS1",0.186851264114352,0.00410835243805019
"ENSG00000127914","AKAP9",0.318308024988007,0.00101543080694163,"AKAP9",0.271090911274439,0.00512805759226206
"ENSG00000127920","GNG11",0.544527643200127,0.0130094747954726,"GNG11",0.430974945671531,0.0337811562400514
"ENSG00000127948","POR",0.455452123550448,6.74200622397813e-06,"POR",0.479635113327676,2.4211190490932e-06
"ENSG00000127955","GNAI1",0.750196562740322,6.80945140354417e-11,"GNAI1",1.09317314933243,2.17588255829194e-21
"ENSG00000128011","LRFN1",0.309909666147398,0.0374602760911388,"LRFN1",0.558241068965612,9.24512031224998e-05
"ENSG00000128185","DGCR6L",0.39676122806077,0.00123087727596081,"DGCR6L",0.387460286511563,0.00140296026084589
"ENSG00000128284","APOL3",1.04205204955986,0.000993537265156439,"APOL3",0.751303825867649,0.0091125930813262
"ENSG00000128311","TST",1.24562137919976,1.93256334121496e-17,"TST",1.21475403178068,3.84571305566734e-16
"ENSG00000128335","APOL2",1.2595052614323,7.65090842598059e-27,"APOL2",1.12862601807386,1.38936667992062e-18
"ENSG00000128394","APOBEC3F",1.25692976594095,1.35325123732257e-08,"APOBEC3F",0.97181124935348,6.15242437586213e-05
"ENSG00000128422","KRT17",2.44570905200018,1.71526343454998e-10,"KRT17",1.79702172586961,2.38747690586781e-08
"ENSG00000128510","CPA4",0.871892398563977,0.00140922840549883,"CPA4",1.49450380134972,6.13859771297626e-07
"ENSG00000128524","ATP6V1F",0.679408252255106,1.92601539513923e-19,"ATP6V1F",0.587315785901953,1.90591858129245e-14
"ENSG00000128563","PRKRIP1",0.417212061969533,6.56018627573065e-05,"PRKRIP1",0.225310095818037,0.0470253802422214
"ENSG00000128596","CCDC136",0.658063367760649,0.00202880856056078,"CCDC136",0.63367852253285,0.00449390028370068
"ENSG00000128602","SMO",0.460112075128028,0.0119550042905069,"SMO",0.518352570117468,0.00525301026346212
"ENSG00000128626","MRPS12",0.43894057972952,3.69702182492964e-07,"MRPS12",0.444519380141225,3.38424864964957e-07
"ENSG00000128683","GAD1",1.25711179700762,1.18208306459891e-08,"GAD1",0.717908135198315,0.000270375380160521
"ENSG00000129116","PALLD",0.428464866765035,2.60916198081667e-05,"PALLD",0.865864942904324,1.1455874439365e-17
"ENSG00000129235","TXNDC17",0.452715436910383,1.06377569442925e-08,"TXNDC17",0.200378818554725,0.0186448014041581
"ENSG00000129353","SLC44A2",0.974059475714689,8.96087468308148e-11,"SLC44A2",1.17874359452061,9.86830925049789e-09
"ENSG00000129354","AP1M2",0.43968501967388,0.0217039747416257,"AP1M2",0.985427946538712,2.42129179274663e-05
"ENSG00000129474","AJUBA",0.316479106590862,0.0191499962077627,"AJUBA",0.860220007880532,1.3023412727569e-10
"ENSG00000129566","TEP1",0.764018767928522,0.000146235259171536,"TEP1",0.558044608373013,0.00477668811754593
"ENSG00000129625","REEP5",0.391469396096024,1.80855693454316e-08,"REEP5",0.437672960433085,3.858623379371e-10
"ENSG00000129667","RHBDF2",0.666250151874901,0.000124791618515555,"RHBDF2",0.674396633330271,0.000102242777215447
"ENSG00000129925","PGAP6",0.330535308769475,0.00346989253753855,"PGAP6",0.485682124364338,1.28104797834967e-05
"ENSG00000129933","MAU2",0.26159610974988,0.0106901770096427,"MAU2",0.247572296857648,0.0167248799714353
"ENSG00000130005","GAMT",0.595608411011227,7.85643043311004e-07,"GAMT",0.772712118268318,2.99822274144933e-11
"ENSG00000130066","SAT1",1.70581823029645,6.27367696362853e-43,"SAT1",1.04086028442438,1.01018260620277e-15
"ENSG00000130147","SH3BP4",0.668590025407393,2.14916523618489e-11,"SH3BP4",0.910316738015199,1.8070493989389e-19
"ENSG00000130158","DOCK6",0.481082916958718,0.0188435530578576,"DOCK6",0.414166805861889,0.047795068809127
"ENSG00000130165","ELOF1",0.245565520957969,0.00729076224961168,"ELOF1",0.200209538934221,0.0335692535264454
"ENSG00000130176","CNN1",1.38332736142447,0.00121588995877251,"CNN1",1.61090978557524,0.000983445571730223
"ENSG00000130244","FAM98C",1.25001389945404,8.77836602870518e-25,"FAM98C",0.95249353893092,3.56010569329905e-14
"ENSG00000130254","SAFB2",0.246400286337867,0.0245279386671364,"SAFB2",0.343059156226631,0.000853915209204249
"ENSG00000130270","ATP8B3",0.381759274589786,0.00857641592972918,"ATP8B3",0.330732938976655,0.0208282320092994
"ENSG00000130305","NSUN5",0.615445429060749,2.54248683463614e-10,"NSUN5",0.715784997147897,2.52071850808036e-13
"ENSG00000130363","RSPH3",0.600243534284192,1.75437654433132e-05,"RSPH3",0.609352402178656,4.33183285528463e-05
"ENSG00000130513","GDF15",2.16328808631659,8.33916848927181e-33,"GDF15",2.24515570396636,4.50352830609908e-35
"ENSG00000130517","PGPEP1",0.670596481352623,7.51173489926659e-05,"PGPEP1",1.01109470262542,1.12392751593293e-08
"ENSG00000130522","JUND",0.24859132636781,0.0362166483180528,"JUND",0.82498802953536,3.00390165770918e-13
"ENSG00000130589","HELZ2",1.21698292733949,4.65070835812906e-18,"HELZ2",0.933513695076379,2.39624999376964e-10
"ENSG00000130590","SAMD10",0.286500507432586,0.0346660611021079,"SAMD10",0.511624903273653,5.62972912484712e-05
"ENSG00000130684","ZNF337",0.742882035411868,3.15024383617768e-10,"ZNF337",0.624990806235217,5.0904491702579e-07
"ENSG00000130703","OSBPL2",0.446770163127142,5.3678974369135e-06,"OSBPL2",0.504437469627248,2.97862841608157e-07
"ENSG00000130706","ADRM1",0.371978417256625,4.52424988469633e-06,"ADRM1",0.324522036620678,6.60155096497355e-05
"ENSG00000130726","TRIM28",0.182963839349924,0.0361990591920774,"TRIM28",0.189965041951093,0.0276189183758282
"ENSG00000130751","NPAS1",1.96050005873494,0.000265879976223504,"NPAS1",2.78097618675857,8.24292770083834e-05
"ENSG00000130787","HIP1R",0.675353599546041,8.12117730061619e-05,"HIP1R",0.862333729865363,2.14194426709222e-06
"ENSG00000130818","ZNF426",0.767215473174612,4.3384640970084e-08,"ZNF426",0.323565557361573,0.0195032733901401
"ENSG00000130821","SLC6A8",1.16304297919616,4.94341586473594e-16,"SLC6A8",1.20131760101229,4.10091857900226e-16
"ENSG00000130827","PLXNA3",0.775289200439205,7.60582342718119e-06,"PLXNA3",0.933066592799458,1.60603445703034e-07
"ENSG00000130962","PRRG1",0.35453123671878,0.000752546764089715,"PRRG1",0.317594682284712,0.00397787917526759
"ENSG00000130985","UBA1",0.370024151067562,0.000282753705918131,"UBA1",0.247808190317831,0.0176988826288478
"ENSG00000131015","ULBP2",0.85690350686768,2.00381269829117e-08,"ULBP2",0.855400341439324,1.79299587962323e-07
"ENSG00000131080","EDA2R",0.617280667765469,2.107914036669e-08,"EDA2R",0.405252942462217,0.000295256319757643
"ENSG00000131100","ATP6V1E1",0.370057191079435,1.86620659894249e-07,"ATP6V1E1",0.276387089342523,0.000135591320412377
"ENSG00000131149","GSE1",0.510659027925922,9.93076047825158e-05,"GSE1",0.652470929404249,4.58424477506956e-07
"ENSG00000131187","F12",1.0190599174224,2.22465799529911e-13,"F12",1.0924656984719,4.80980460439158e-15
"ENSG00000131375","CAPN7",0.603121353651458,2.96468513418019e-08,"CAPN7",0.745139015191184,8.01125082195324e-12
"ENSG00000131437","KIF3A",0.700212023717345,8.84525324291033e-13,"KIF3A",0.565731247926062,4.75469653774236e-08
"ENSG00000131446","MGAT1",0.290105450726736,0.000670533570434458,"MGAT1",0.185340458068846,0.0432663124208372
"ENSG00000131462","TUBG1",0.257960218980786,0.00178550033194592,"TUBG1",0.360533887357687,5.60983538033118e-06
"ENSG00000131503","ANKHD1",0.506599169642199,0.000562234322562001,"ANKHD1",0.724180926323929,5.34524410422216e-06
"ENSG00000131507","NDFIP1",0.257189518397455,0.00115795128633816,"NDFIP1",0.263686512131984,0.00102331848055836
"ENSG00000131669","NINJ1",1.31739325548196,1.46501111594474e-35,"NINJ1",0.731797241221922,6.2882759220227e-12
"ENSG00000131746","TNS4",1.73386175609704,2.61764335021843e-06,"TNS4",1.29697666566847,0.000942938670879434
"ENSG00000131748","STARD3",0.529132792070964,3.41667565655742e-09,"STARD3",0.415512472137798,6.43635579114685e-06
"ENSG00000131791","PRKAB2",1.05733160766715,1.12667245713641e-18,"PRKAB2",0.627464594489466,4.7501068098058e-07
"ENSG00000131876","SNRPA1",0.282621592377722,0.0058931528186075,"SNRPA1",0.538606539853612,4.09019972508826e-08
"ENSG00000131944","FAAP24",1.05146154175182,3.26700129870321e-10,"FAAP24",0.370288119163712,0.0237979546847497
"ENSG00000131979","GCH1",0.721472526764845,0.000225344572096418,"GCH1",1.23484324684314,7.52806432689568e-09
"ENSG00000132000","PODNL1",1.24606932777622,0.000258675381415975,"PODNL1",1.26545839263732,8.93652344512151e-05
"ENSG00000132005","RFX1",0.480727812121956,1.36706183973591e-07,"RFX1",0.219692096638252,0.0254305098131019
"ENSG00000132109","TRIM21",0.682247130696529,2.84323563165079e-06,"TRIM21",0.537208453750623,0.000229675139391399
"ENSG00000132128","LRRC41",0.358521962513357,7.54029301481878e-07,"LRRC41",0.183302319470685,0.0194887228906485
"ENSG00000132153","DHX30",0.17899827806759,0.0156554203070234,"DHX30",0.249306647279336,0.000525546030625985
"ENSG00000132185","FCRLA",1.98696845160732,2.61248479001983e-09,"FCRLA",1.22533779695359,0.000878291917748737
"ENSG00000132256","TRIM5",0.427494842284355,0.000108968410097215,"TRIM5",0.798522343863313,7.4743069203143e-13
"ENSG00000132274","TRIM22",1.15582934750347,1.31163170737962e-09,"TRIM22",1.28958987113729,8.72709973031748e-12
"ENSG00000132357","CARD6",1.33037639823244,3.01594875825056e-20,"CARD6",1.30598454830018,7.19325280975812e-16
"ENSG00000132376","INPP5K",0.602780128755703,4.03713740307654e-06,"INPP5K",0.5733441387214,2.02941405755411e-05
"ENSG00000132405","TBC1D14",0.215479155702488,0.0336104596875753,"TBC1D14",0.275740046373139,0.00442951528046905
"ENSG00000132470","ITGB4",1.70245432495299,2.15936701849991e-08,"ITGB4",0.662596746156609,0.0068198895176773
"ENSG00000132481","TRIM47",0.738596707973513,1.33524069510511e-08,"TRIM47",0.535550906705348,2.53260919825545e-05
"ENSG00000132510","KDM6B",1.06450688172516,6.37282242420868e-09,"KDM6B",0.404178387253955,0.0337255649681358
"ENSG00000132563","REEP2",1.45941385789521,8.32717621596354e-06,"REEP2",2.34417013871907,6.43310268204225e-06
"ENSG00000132591","ERAL1",0.29967341112848,0.00240127155974972,"ERAL1",0.230323663133606,0.0259609154652824
"ENSG00000132612","VPS4A",0.207442992265201,0.00458164423075574,"VPS4A",0.266668889956418,0.000227253528921925
"ENSG00000132613","MTSS2",0.563701019923442,1.10281970276766e-05,"MTSS2",0.441880867680291,0.000458123592967419
"ENSG00000132623","ANKEF1",0.648453902462619,0.00251738121277488,"ANKEF1",0.523620164719732,0.0156390254225082
"ENSG00000132646","PCNA",0.47715374858086,8.00278580622598e-07,"PCNA",0.452992092280688,2.09666674755298e-06
"ENSG00000132740","IGHMBP2",0.603632084282845,2.43065193217483e-05,"IGHMBP2",0.431316428941117,0.00312408878880521
"ENSG00000132793","LPIN3",2.7014400648532,2.46401263262332e-05,"LPIN3",0.861969331043795,0.0224893822611454
"ENSG00000132819","RBM38",0.837709862767851,1.65730078461883e-07,"RBM38",0.90383830442833,4.60137797335264e-08
"ENSG00000132879","FBXO44",1.46355893112372,3.30775442452026e-07,"FBXO44",1.29089527859414,0.00410274763842343
"ENSG00000132881","CPLANE2",0.578546926545427,0.0298876841783057,"CPLANE2",0.618663537394261,0.0185367796988006
"ENSG00000133059","DSTYK",0.662144778849995,1.39664811024024e-13,"DSTYK",0.234148608654065,0.0180881369572833
"ENSG00000133065","SLC41A1",0.387020699079192,0.00139078995769212,"SLC41A1",0.361318846094825,0.00285783790882271
"ENSG00000133121","STARD13",0.831489564808452,2.12754662449675e-07,"STARD13",1.12278163039651,1.76862125381924e-11
"ENSG00000133131","MORC4",1.00234528913547,3.89282453661852e-30,"MORC4",0.902689197306687,9.33210627469499e-25
"ENSG00000133134","BEX2",0.964431817561912,0.0019864935767618,"BEX2",0.894919381929934,0.00475998931153011
"ENSG00000133597","ADCK2",0.409060363482561,4.3466428952681e-05,"ADCK2",0.407126890801054,7.64108440075765e-05
"ENSG00000133606","MKRN1",0.308343582621388,0.000392881887394797,"MKRN1",0.28989636687392,0.00079415236307324
"ENSG00000133619","KRBA1",0.451329175499916,0.0211147927375438,"KRBA1",0.691434533486054,0.000734546155836687
"ENSG00000133639","BTG1",0.823696989959645,1.48651877669695e-24,"BTG1",0.360129254851194,1.13240293856578e-05
"ENSG00000133794","BMAL1",0.443750578104202,0.000422960278988801,"BMAL1",1.09844956164763,1.8094072845693e-19
"ENSG00000133884","DPF2",0.578513138047088,1.93859711590658e-12,"DPF2",0.353571518635408,2.24270846783149e-05
"ENSG00000133895","MEN1",0.217981303427155,0.0163688545269928,"MEN1",0.256347706902383,0.00460177810552262
"ENSG00000134058","CDK7",0.499435867417824,6.65636863995611e-07,"CDK7",0.624005154641262,4.59130102324155e-09
"ENSG00000134107","BHLHE40",1.0970145164457,4.76046447815777e-09,"BHLHE40",0.57106575645556,0.00165345732514229
"ENSG00000134153","EMC7",0.433008942755677,6.46283629487655e-06,"EMC7",0.517382584866,5.93240193869043e-08
"ENSG00000134198","TSPAN2",0.881706759006113,0.00443497240783662,"TSPAN2",2.03934823870779,2.1185259230148e-05
"ENSG00000134202","GSTM3",0.775500135683617,5.09908563475489e-15,"GSTM3",0.607070249188329,7.56221432697893e-09
"ENSG00000134242","PTPN22",0.861184964858554,1.41239727331425e-06,"PTPN22",0.795959982971914,7.68276789066707e-06
"ENSG00000134313","KIDINS220",0.293297917370509,0.000332744309726534,"KIDINS220",0.295399207131173,0.000354921652923578
"ENSG00000134452","FBH1",0.259499139984101,0.000857764904838586,"FBH1",0.328096037128669,2.55588585673785e-05
"ENSG00000134574","DDB2",0.7718677154622,4.22946089626582e-22,"DDB2",1.0524627428666,1.70487228679963e-40
"ENSG00000134575","ACP2",0.322907470602305,0.0265752288273501,"ACP2",0.334247968544602,0.0152446895645092
"ENSG00000134590","RTL8C",0.720076410174706,1.64318799917812e-12,"RTL8C",0.326931946539199,0.00188021169750156
"ENSG00000134815","DHX34",0.897322448957988,2.57625279943727e-11,"DHX34",0.750198351444371,1.23188404218755e-07
"ENSG00000134901","POGLUT2",0.375887521277454,0.049301587823547,"POGLUT2",0.404758717492367,0.0257048880112933
"ENSG00000135047","CTSL",0.410971689802026,2.34262234969921e-05,"CTSL",0.278695024578933,0.00514079891523018
"ENSG00000135070","ISCA1",0.575328291890616,2.52869673800563e-07,"ISCA1",0.393570108389754,0.000457144153159887
"ENSG00000135111","TBX3",0.528576833251832,0.00276394340807125,"TBX3",0.362563350153842,0.0310650272392675
"ENSG00000135148","TRAFD1",0.474055215362218,0.000294628311081088,"TRAFD1",0.784402455547628,4.20835646765216e-09
"ENSG00000135241","PNPLA8",0.463789107822898,1.07885194178396e-05,"PNPLA8",0.225863792575853,0.0403738967877456
"ENSG00000135249","RINT1",0.275665715935984,0.014494759149109,"RINT1",0.271068800061192,0.0159974882987033
"ENSG00000135269","TES",0.247378305373713,0.0231667891286944,"TES",0.349801480250778,0.000631312024933784
"ENSG00000135346","CGA",2.02855595959558,0.000449668358262866,"CGA",4.12156966318469,1.6566843836782e-07
"ENSG00000135378","PRRG4",0.932046393465656,7.64528285465708e-10,"PRRG4",0.737836235856853,0.000339506706535117
"ENSG00000135414","GDF11",0.404774345983777,7.73927848261872e-05,"GDF11",0.486770871978871,2.90392972025121e-06
"ENSG00000135454","B4GALNT1",0.585569578021111,5.63509807432479e-05,"B4GALNT1",0.715901868645552,1.1500328330461e-06
"ENSG00000135480","KRT7",0.884758454350724,2.04409117297619e-05,"KRT7",0.690971910953494,0.000753713720962878
"ENSG00000135622","SEMA4F",0.439251298232951,0.00251879445080314,"SEMA4F",0.821394193781286,3.43791787228248e-06
"ENSG00000135637","CCDC142",0.804248411794941,8.81519472215269e-07,"CCDC142",0.682832257103702,3.25246521514349e-05
"ENSG00000135679","MDM2",1.05999461645728,5.67927566556357e-14,"MDM2",1.17782783353039,9.19786633011308e-17
"ENSG00000135709","KIAA0513",0.931678011244037,0.00029899462693453,"KIAA0513",0.739936550593721,0.00488089216976263
"ENSG00000135723","FHOD1",0.263830115166693,0.0172579241054984,"FHOD1",0.463253908519882,8.89006314692111e-06
"ENSG00000135778","NTPCR",0.357189375729723,0.00625061382292293,"NTPCR",0.263125311719863,0.0416816175334216
"ENSG00000135823","STX6",0.475598766188322,5.77280716148198e-06,"STX6",0.394750896579205,0.000219229902695862
"ENSG00000135899","SP110",0.634509217968186,1.42802517940316e-19,"SP110",0.502350860874966,5.30900187183107e-12
"ENSG00000135916","ITM2C",0.347599556773384,0.0358561838273877,"ITM2C",0.452077738540457,0.00348065954242014
"ENSG00000135924","DNAJB2",1.21787297435262,1.0320742231145e-10,"DNAJB2",0.934591368165433,1.13365060127953e-06
"ENSG00000135926","TMBIM1",0.61304531101152,6.75889958099449e-08,"TMBIM1",0.340410990159735,0.00318701586506641
"ENSG00000135951","TSGA10",0.378235530179101,0.0476989168790774,"TSGA10",0.414623715891536,0.021785040921854
"ENSG00000135956","TMEM127",0.600517701838415,4.08968504576254e-08,"TMEM127",0.414475375376468,0.000175616701260633
"ENSG00000135966","TGFBRAP1",0.412776494948574,1.6070152960941e-05,"TGFBRAP1",0.40427529162962,2.15839609809128e-05
"ENSG00000135968","GCC2",0.769940942598278,8.31443860899524e-15,"GCC2",0.415399501224343,3.19898984881907e-05
"ENSG00000136003","ISCU",1.05772973051851,4.35995840932787e-31,"ISCU",0.961656613241499,4.56423922258971e-25
"ENSG00000136048","DRAM1",0.835328753814578,6.98698242485309e-16,"DRAM1",0.688981897746588,6.45455292519893e-11
"ENSG00000136114","THSD1",0.645441061014803,8.48540478572459e-06,"THSD1",1.30110366008202,3.00443550224428e-16
"ENSG00000136153","LMO7",0.526439484847173,0.000244025518390337,"LMO7",0.518091914730598,0.000256715203370397
"ENSG00000136156","ITM2B",0.610546907739546,6.90938880352433e-16,"ITM2B",0.606000961922465,1.57354300005183e-15
"ENSG00000136235","GPNMB",1.73723342116318,2.16636133313467e-11,"GPNMB",1.63097246715977,1.99080912853745e-11
"ENSG00000136273","HUS1",0.711147549206414,1.15087860043462e-09,"HUS1",0.420057890862588,0.000440653443674911
"ENSG00000136367","ZFHX2",0.672788336038722,0.00863161485774728,"ZFHX2",0.839216319366723,0.00322399120705082
"ENSG00000136490","LIMD2",0.446428419854179,0.000332264354815856,"LIMD2",0.380499154420905,0.0021906261682229
"ENSG00000136504","KAT7",0.3566041026652,0.000418058380474355,"KAT7",0.306326217963769,0.00249899336899357
"ENSG00000136531","SCN2A",0.666908194648816,5.3036005637887e-10,"SCN2A",0.500882617674843,1.90220246638449e-06
"ENSG00000136603","SKIL",0.683244503458196,4.03562239069337e-06,"SKIL",0.359801253472395,0.0123259717488678
"ENSG00000136710","VMA22",0.753098642090238,7.8382822019268e-07,"VMA22",0.387837069061892,0.0101578874603153
"ENSG00000136717","BIN1",0.426283378207511,0.000853261883402542,"BIN1",0.44701975919427,0.000335271926788163
"ENSG00000136738","STAM",0.442107101177268,1.00070766951885e-05,"STAM",0.298935096593348,0.00337430061207428
"ENSG00000136827","TOR1A",0.40337181563865,1.23708517016038e-07,"TOR1A",0.191728074951692,0.0221566860465691
"ENSG00000136848","DAB2IP",0.636717760609494,3.93380567270359e-07,"DAB2IP",0.411349624118191,0.000790041075142719
"ENSG00000136854","STXBP1",0.240040890434937,0.0366571281827193,"STXBP1",0.270914594278443,0.0213205805641354
"ENSG00000136856","SLC2A8",0.797060353064217,4.77311607360292e-07,"SLC2A8",0.657774766212172,6.15180114904233e-06
"ENSG00000136867","SLC31A2",1.17557265704133,2.01225489801402e-11,"SLC31A2",0.956075745278296,4.36240756275891e-07
"ENSG00000136869","TLR4",0.562386622883856,1.62589459853147e-06,"TLR4",0.78338627166201,2.99696306226348e-10
"ENSG00000136943","CTSV",1.73995303757539,3.12466730527141e-14,"CTSV",2.38532285426661,5.83576001187353e-15
"ENSG00000136999","CCN3",1.05940040959604,1.10226562801603e-05,"CCN3",2.09978514261913,2.20202859268858e-16
"ENSG00000137033","IL33",1.49714372026069,0.0034546964098059,"IL33",0.977816967309979,0.0170771405916334
"ENSG00000137074","APTX",0.2647226268062,0.000477373763014121,"APTX",0.501599532531547,1.16058256417378e-11
"ENSG00000137207","YIPF3",0.392484995369078,6.13326628506447e-06,"YIPF3",0.335967358447411,0.000138250736884223
"ENSG00000137216","TMEM63B",0.806091086467393,1.15170581919239e-05,"TMEM63B",1.08376758305086,1.09721367352848e-08
"ENSG00000137267","TUBB2A",1.18256608581124,1.26503071078421e-17,"TUBB2A",0.988385994154793,3.59250280022305e-12
"ENSG00000137364","TPMT",0.403834048679384,0.00145547036789593,"TPMT",0.257939838452875,0.0495604369268133
"ENSG00000137414","FAM8A1",0.368195446910097,0.0155887831961398,"FAM8A1",0.385360655227354,0.0112188815036391
"ENSG00000137497","NUMA1",0.353300892814667,0.0055183553230967,"NUMA1",0.397497520391187,0.00121510318127914
"ENSG00000137502","RAB30",0.794171079290209,1.84768954733329e-06,"RAB30",1.39336208925199,1.66077412988995e-15
"ENSG00000137509","PRCP",0.431527176948215,8.67819237296984e-07,"PRCP",0.520775245011917,1.66120506082866e-09
"ENSG00000137522","RNF121",0.379652911613896,0.00122896014839759,"RNF121",0.452764332971758,8.68227294567112e-05
"ENSG00000137563","GGH",0.381755647745208,0.000410832485963122,"GGH",0.312658770963786,0.00324555352432671
"ENSG00000137575","SDCBP",0.284666135006307,0.00837369209380342,"SDCBP",0.318771249203831,0.00246556271514915
"ENSG00000137752","CASP1",1.65052935776216,2.27267373162701e-14,"CASP1",1.51057579272472,3.48855547603494e-14
"ENSG00000137767","SQOR",0.437815741263371,0.000665527072808,"SQOR",0.341161332669274,0.00744254119377102
"ENSG00000137802","MAPKBP1",0.824140623840807,1.24953917903686e-08,"MAPKBP1",0.920106016076891,1.2384104122935e-09
"ENSG00000137806","NDUFAF1",0.365439606009342,0.000861184040952264,"NDUFAF1",0.403590718354374,0.000230264995613142
"ENSG00000137825","ITPKA",0.975076564820115,6.89325134491121e-07,"ITPKA",1.28667210685452,5.96748221443482e-12
"ENSG00000137857","DUOX1",1.79195372015484,0.00112888591901021,"DUOX1",2.91434570377802,3.84985749252502e-05
"ENSG00000137975","CLCA2",3.58156802723189,1.80126519671318e-07,"CLCA2",2.48207264017594,3.50475041480863e-05
"ENSG00000138073","PREB",0.295168984194718,0.00266500930073931,"PREB",0.246746775466446,0.0137337837714286
"ENSG00000138078","PREPL",0.357965578128487,2.47040992212721e-06,"PREPL",0.313926918435556,3.91559284266702e-05
"ENSG00000138231","DBR1",0.378273061682523,8.02886820666705e-05,"DBR1",0.225052606246389,0.027345696684368
"ENSG00000138271","GPR87",2.11571742001227,1.42361800295494e-34,"GPR87",3.45172031514572,7.23867897440784e-39
"ENSG00000138347","MYPN",0.432607867546539,0.0407071722751157,"MYPN",0.723713239135299,0.00128642694605863
"ENSG00000138496","PARP9",0.575473565051695,6.27090923620548e-08,"PARP9",0.476902783939723,5.61719334247309e-06
"ENSG00000138593","SECISBP2L",0.529491055486757,5.34391188518655e-07,"SECISBP2L",0.610605986294729,8.41674080546531e-09
"ENSG00000138613","APH1B",0.645500730847255,9.64390219485635e-05,"APH1B",0.663443143920367,0.000334596278654629
"ENSG00000138621","PPCDC",0.350434642562896,0.041634634963387,"PPCDC",0.386003424687751,0.0229371110330538
"ENSG00000138629","UBL7",0.479815292929191,8.39385470831594e-07,"UBL7",0.447943987069906,3.97133695100678e-06
"ENSG00000138686","BBS7",0.560673397962039,9.11200089468214e-09,"BBS7",0.677169950378378,6.10800066645992e-12
"ENSG00000138759","FRAS1",0.947862275838754,0.00933849114216313,"FRAS1",0.662830477439123,0.0245079477419408
"ENSG00000138764","CCNG2",0.984201541941272,3.72233016847926e-10,"CCNG2",1.03798373074153,6.94660199678311e-11
"ENSG00000138768","USO1",0.256173728425131,0.000712672032964806,"USO1",0.176003945881333,0.0286466903027396
"ENSG00000138771","SHROOM3",0.985783354315546,2.66984446991693e-20,"SHROOM3",0.962711959005994,2.73420808883981e-18
"ENSG00000138794","CASP6",0.8705681126201,3.5182993206197e-22,"CASP6",0.888014520697305,2.79292573428461e-22
"ENSG00000139112","GABARAPL1",1.64500897305652,4.87588222097523e-23,"GABARAPL1",1.34530709578541,1.72645740173121e-12
"ENSG00000139116","KIF21A",0.750343701727467,3.87759709809452e-19,"KIF21A",0.623124498700942,3.10675746153181e-13
"ENSG00000139132","FGD4",1.75636693104545,1.55827160750846e-20,"FGD4",0.917403243080807,3.79286639539057e-06
"ENSG00000139163","ETNK1",0.457381710645625,3.37348954189076e-07,"ETNK1",0.231339983168281,0.0212462325871565
"ENSG00000139182","CLSTN3",0.689627226016678,0.00678387242106131,"CLSTN3",0.76119280415009,0.00509623902433251
"ENSG00000139278","GLIPR1",0.449882122302204,0.000536991012134555,"GLIPR1",0.442114243768141,0.000473555463225719
"ENSG00000139372","TDG",0.449979386131774,4.30154256249214e-05,"TDG",0.315803280756875,0.00417437068677456
"ENSG00000139405","RITA1",0.27458454717762,0.00158195477254388,"RITA1",0.280037242187469,0.00144385258558612
"ENSG00000139410","SDSL",0.66508742544983,0.00155547574548634,"SDSL",0.496990304791905,0.0132136967476993
"ENSG00000139579","NABP2",0.389559664087084,1.72021736697601e-05,"NABP2",0.30168334191712,0.000992021697108191
"ENSG00000139597","N4BP2L1",1.04415260333374,0.00414931937781482,"N4BP2L1",0.713450968128942,0.022463793717554
"ENSG00000139624","CERS5",0.480578031211002,1.62859175781756e-06,"CERS5",0.627154074290527,3.19383781727866e-10
"ENSG00000139697","SBNO1",0.259045845987601,1.26726401417545e-05,"SBNO1",0.232696637808548,0.000123358952151746
"ENSG00000139719","VPS33A",0.470044683059389,4.97195714386347e-07,"VPS33A",0.204734671823313,0.0482719579168174
"ENSG00000139722","VPS37B",0.320847905450584,0.000580031537371145,"VPS37B",0.50578624106599,9.41855351454276e-09
"ENSG00000140022","STON2",1.49337890775651,1.59804532740866e-13,"STON2",1.07857788112863,8.66133272696418e-07
"ENSG00000140043","PTGR2",0.464037419850652,0.0389097032958628,"PTGR2",0.416039822091771,0.0474627914761947
"ENSG00000140297","GCNT3",1.29828384801529,0.000278872540361719,"GCNT3",1.32196826411716,0.000160897978407765
"ENSG00000140332","TLE3",0.501534970987893,1.6126494493765e-05,"TLE3",0.30095307337889,0.0117907622890067
"ENSG00000140443","IGF1R",1.41319319812387,7.48707964143028e-27,"IGF1R",1.29553783823237,2.19856452479396e-23
"ENSG00000140465","CYP1A1",1.44504425586642,0.000276071230563347,"CYP1A1",2.07635199898042,3.49317247552379e-07
"ENSG00000140497","SCAMP2",0.562149511358669,2.39440635758515e-08,"SCAMP2",0.69376382035109,1.06328496433619e-11
"ENSG00000140511","HAPLN3",0.62582459979258,0.00937075655414288,"HAPLN3",0.95414000771791,0.000148480350561011
"ENSG00000140545","MFGE8",0.904685371669641,1.64604285471591e-06,"MFGE8",0.727215314138651,0.000129274864079526
"ENSG00000140553","UNC45A",0.390693735810355,5.89296673840466e-07,"UNC45A",0.35359946086231,1.42334436313176e-05
"ENSG00000140750","ARHGAP17",0.521793928608526,4.54848244119577e-06,"ARHGAP17",0.617910445529493,8.75297284205917e-08
"ENSG00000140829","DHX38",0.416074954994847,4.47098804949095e-06,"DHX38",0.326541231117946,0.000418108093839365
"ENSG00000140832","MARVELD3",1.69127411018106,0.000481532747762014,"MARVELD3",1.19434530620163,0.00829534354212592
"ENSG00000140859","KIFC3",0.243161081775701,0.0238785561628436,"KIFC3",0.216108914602593,0.0404650281582543
"ENSG00000140939","NOL3",0.548138303175517,0.000143473047765703,"NOL3",0.451645180067806,0.0019746930761333
"ENSG00000140948","ZCCHC14",0.354117315050976,0.0101069931979707,"ZCCHC14",0.590912427093871,1.24823178578497e-05
"ENSG00000140950","MEAK7",0.232357834122412,0.0138820394301296,"MEAK7",0.22699084045386,0.0188711998778074
"ENSG00000140995","DEF8",0.508217905043518,1.40934867820449e-08,"DEF8",0.431583585831356,3.98646080761286e-06
"ENSG00000141012","GALNS",1.01555354158437,9.13015593461166e-09,"GALNS",0.889989630253483,5.30164688821463e-06
"ENSG00000141068","KSR1",1.05161582771735,0.000131273293201188,"KSR1",0.519677972817866,0.0296584122466807
"ENSG00000141098","GFOD2",0.340256995769368,0.00322329741219826,"GFOD2",0.403527745970503,0.000458904076068129
"ENSG00000141232","TOB1",0.946090291027755,5.13463009748373e-13,"TOB1",0.551614327785026,6.96928881029093e-05
"ENSG00000141298","SSH2",0.306001651901781,0.00526015599257518,"SSH2",0.364513420316454,0.000441682515866164
"ENSG00000141424","SLC39A6",0.976601808094062,2.99590765142162e-49,"SLC39A6",1.07696033632727,6.65841333001339e-59
"ENSG00000141447","OSBPL1A",0.464560528594615,5.25282848787316e-05,"OSBPL1A",0.246957371814477,0.0476939192410528
"ENSG00000141452","RMC1",0.35271629294726,0.00990433695344352,"RMC1",0.442715372382696,0.00117551338090541
"ENSG00000141456","PELP1",0.238745398684138,0.00585333206050971,"PELP1",0.398643302843605,1.03117877909929e-06
"ENSG00000141480","ARRB2",0.242620190840757,0.0366007387676006,"ARRB2",0.418701272655149,8.39708156792543e-05
"ENSG00000141503","MINK1",0.393316102464624,0.0139184945692056,"MINK1",0.34411700628828,0.0267427457503801
"ENSG00000141504","SAT2",1.03126071554753,2.07083052981065e-20,"SAT2",0.583147531170845,4.92157201834874e-07
"ENSG00000141562","NARF",0.636454286367562,5.75524096784186e-11,"NARF",0.346788709790008,0.000456359430825982
"ENSG00000141644","MBD1",0.223087909343776,0.0236588823541249,"MBD1",0.205351723479059,0.0389699031987268
"ENSG00000141698","NT5C3B",0.338285488939159,0.000495133988094521,"NT5C3B",0.250988328195091,0.0226288853719776
"ENSG00000141699","RETREG3",0.6326369821586,3.25283437431184e-06,"RETREG3",0.502212825540727,0.00024931327223104
"ENSG00000141736","ERBB2",0.507868099980816,0.000245772157777351,"ERBB2",0.454578560939868,0.00131715361983807
"ENSG00000141873","SLC39A3",0.589277581405294,1.2500081835945e-05,"SLC39A3",0.622971123315874,6.45582896895498e-06
"ENSG00000141985","SH3GL1",0.274782060493373,0.00320068899801328,"SH3GL1",0.280768758531386,0.00289703664754143
"ENSG00000142166","IFNAR1",0.504451455549183,8.44235951229295e-11,"IFNAR1",0.440655465366058,3.21584338016473e-08
"ENSG00000142168","SOD1",0.222006756415489,5.93144089936518e-05,"SOD1",0.131730961908981,0.0288479185314427
"ENSG00000142544","CTU1",1.10088024455021,1.57569316438006e-15,"CTU1",0.410625291297799,0.00304655984025541
"ENSG00000142546","NOSIP",0.560640213253101,3.75886627004904e-09,"NOSIP",0.310550016281171,0.0014715664270744
"ENSG00000142599","RERE",0.226272593404153,0.0298216171392567,"RERE",0.330704031340282,0.000619172078012591
"ENSG00000142623","PADI1",3.27568243254934,1.22565371453357e-32,"PADI1",3.07322792773402,1.2667461866381e-18
"ENSG00000142684","ZNF593",0.533891657799425,1.57700669675292e-06,"ZNF593",0.320491591305316,0.00572589231897456
"ENSG00000142686","C1orf216",0.35077289832776,0.000943680835003555,"C1orf216",0.259068682278263,0.0137985581576126
"ENSG00000142694","EVA1B",0.88309544300853,1.22740404373566e-05,"EVA1B",1.30352600128913,4.62711770894903e-08
"ENSG00000143033","MTF2",0.249282371640457,0.000609222215104305,"MTF2",0.274303980490616,0.000130614546731889
"ENSG00000143162","CREG1",0.757352847721453,4.6897506955256e-06,"CREG1",0.551248627655796,0.000649448005178738
"ENSG00000143183","TMCO1",0.313692662684553,2.36453264083937e-05,"TMCO1",0.264885440277799,0.000426282868826099
"ENSG00000143217","NECTIN4",3.23857762090134,5.85818187538662e-61,"NECTIN4",2.89855598771831,2.88324116436782e-45
"ENSG00000143320","CRABP2",0.970680857610023,0.000874362624841452,"CRABP2",0.919241412569197,0.0014986775491705
"ENSG00000143322","ABL2",0.429938099785474,4.35896843955923e-05,"ABL2",0.507413555836628,1.08777532592979e-06
"ENSG00000143337","TOR1AIP1",0.293802201468211,0.00784166649552417,"TOR1AIP1",0.261533515690384,0.0185463449800238
"ENSG00000143355","LHX9",1.95289127449838,2.82940494945592e-05,"LHX9",0.962691531773024,0.0121970714903407
"ENSG00000143367","TUFT1",1.13915273810382,3.5691711529683e-10,"TUFT1",0.999750809173347,7.48262280102443e-08
"ENSG00000143368","SF3B4",0.31346433255798,0.00299835015687782,"SF3B4",0.297403350189073,0.00415498761247105
"ENSG00000143369","ECM1",1.14433424467184,6.2795949696228e-13,"ECM1",0.586134898840693,8.40317707163213e-05
"ENSG00000143374","TARS2",0.360358989961279,0.00120078025420675,"TARS2",0.347399489965544,0.00175551069152462
"ENSG00000143393","PI4KB",0.593937841634319,1.27552597446226e-09,"PI4KB",0.402883843719394,9.90128931135095e-05
"ENSG00000143437","ARNT",0.368240313656082,0.004879918320049,"ARNT",0.273153596069224,0.0366912531780042
"ENSG00000143479","DYRK3",0.702540923599152,1.2700309053728e-08,"DYRK3",0.699065942643031,2.08697753303839e-08
"ENSG00000143507","DUSP10",0.45980389263316,0.00136506160193996,"DUSP10",0.441922119811219,0.00127691548290046
"ENSG00000143514","TP53BP2",0.27633733037247,0.00651692033706157,"TP53BP2",0.310557269440963,0.00155566332165604
"ENSG00000143631","FLG",0.652664892427308,0.0176542094402078,"FLG",2.1632737812085,1.98305761145562e-10
"ENSG00000143740","SNAP47",0.542323239309764,6.32830662409031e-07,"SNAP47",0.619313590111662,2.34832594546337e-08
"ENSG00000143816","WNT9A",2.96302174218364,6.25337488348104e-07,"WNT9A",1.24691345739279,0.000195443941955636
"ENSG00000143819","EPHX1",1.30573252135913,3.8653910459939e-12,"EPHX1",1.04170252719597,1.90649425519039e-07
"ENSG00000143842","SOX13",0.68288723979082,0.000148174237536963,"SOX13",0.444929282479731,0.00813829741162216
"ENSG00000143878","RHOB",0.764191392236935,3.91068266233227e-05,"RHOB",0.855526285188803,1.00424817709698e-05
"ENSG00000144048","DUSP11",0.628569026970667,5.79326282361654e-06,"DUSP11",0.898341419511909,2.37843252465995e-10
"ENSG00000144369","FAM171B",1.22245134926264,2.66815911281245e-18,"FAM171B",1.21580956358521,3.49167636140864e-17
"ENSG00000144452","ABCA12",4.99610620596576,6.34884954043659e-13,"ABCA12",1.93975591352819,0.000261811898341321
"ENSG00000144485","HES6",0.501934349855564,0.00142823881721659,"HES6",0.555623458643831,0.000549436934164398
"ENSG00000144560","VGLL4",0.230092204263182,0.0278223398393253,"VGLL4",0.266893951632828,0.0070494418164331
"ENSG00000144591","GMPPA",0.549708922291455,2.38159372317469e-06,"GMPPA",0.356072694872563,0.00310573585506973
"ENSG00000144647","POMGNT2",0.279529151884465,0.0387269297044784,"POMGNT2",0.312329282819017,0.0177841654428814
"ENSG00000144655","CSRNP1",0.781673401679335,4.03118763639754e-07,"CSRNP1",0.581387260436284,0.000238324637512676
"ENSG00000144747","TMF1",0.350351303964669,0.00010681729237209,"TMF1",0.197202158204926,0.0414596240966941
"ENSG00000144824","PHLDB2",0.76990254693142,8.56182982556497e-17,"PHLDB2",1.01075962199086,2.10906774268014e-27
"ENSG00000144867","SRPRB",0.584163638074719,9.14929582950891e-10,"SRPRB",0.446064093420967,3.05872055011626e-06
"ENSG00000145214","DGKQ",0.382124960296517,0.0367090559058144,"DGKQ",0.406141182138248,0.0188630519209358
"ENSG00000145287","PLAC8",1.29515870597635,5.39206165341052e-06,"PLAC8",1.09139068180152,1.79397025273152e-05
"ENSG00000145494","NDUFS6",0.306068090615978,7.0718968659413e-09,"NDUFS6",0.149008637257192,0.00998747039850581
"ENSG00000145569","OTULINL",0.886046785250586,3.29899225740359e-05,"OTULINL",0.618465483086639,0.007154066624668
"ENSG00000145632","PLK2",0.665957329485977,6.44371349323755e-11,"PLK2",1.20973434137782,2.00245568321253e-32
"ENSG00000145882","PCYOX1L",0.952736964599894,3.44250768691698e-05,"PCYOX1L",1.30376255938464,1.60681893329789e-05
"ENSG00000145901","TNIP1",0.348995458471534,0.000168304973542585,"TNIP1",0.287270754427023,0.00221359829925179
"ENSG00000145916","RMND5B",0.269000846998569,0.0214473971369248,"RMND5B",0.40960356684064,6.53735171840169e-05
"ENSG00000146006","LRRTM2",1.29447703697602,7.64991738136197e-07,"LRRTM2",0.505157185428134,0.0295743288196443
"ENSG00000146007","ZMAT2",0.545186157161294,4.30086417551041e-16,"ZMAT2",0.222104995371562,0.00211287192355384
"ENSG00000146083","RNF44",0.750141524079973,5.79441624416802e-15,"RNF44",0.443129511271384,2.98283851407934e-05
"ENSG00000146278","PNRC1",0.841024467554283,2.5928765808112e-05,"PNRC1",0.545179756457104,0.00541348513567366
"ENSG00000146409","SLC18B1",0.785238146326913,0.000227802093973856,"SLC18B1",0.54359042589574,0.0078156209100345
"ENSG00000146707","POMZP3",0.874474697098437,1.12383637838194e-05,"POMZP3",0.469333351247783,0.0118009209531784
"ENSG00000147027","TMEM47",1.13619628674091,3.48337008857257e-06,"TMEM47",2.23006248726751,2.82032391380027e-10
"ENSG00000147408","CSGALNACT1",1.51082356485197,1.68453504374857e-08,"CSGALNACT1",0.943158914217288,0.000222118570486242
"ENSG00000147457","CHMP7",0.253137941253889,0.0258859844501649,"CHMP7",0.516997571890966,1.51986345408028e-06
"ENSG00000147509","RGS20",0.525988781098043,5.51823373398496e-05,"RGS20",1.07890143367813,1.1455874439365e-17
"ENSG00000147535","PLPP5",0.574271312452274,2.17704654820426e-05,"PLPP5",0.400012431007313,0.00265836633333953
"ENSG00000147536","GINS4",0.724822919407188,3.29505301572073e-09,"GINS4",0.361738534198053,0.00321635015728979
"ENSG00000147573","TRIM55",1.83482677010155,0.000180256138716987,"TRIM55",0.831923121112724,0.0234627591497067
"ENSG00000147601","TERF1",0.281976712870023,0.000971220621191598,"TERF1",0.245373538880189,0.00450799902084275
"ENSG00000147614","ATP6V0D2",0.953613461662043,0.00115675229395392,"ATP6V0D2",1.38801268516469,2.08468192169292e-06
"ENSG00000147804","SLC39A4",0.476417186708561,3.60717527409641e-06,"SLC39A4",0.37714058155358,0.000180027729823625
"ENSG00000147955","SIGMAR1",0.196147614386845,0.00588874086966461,"SIGMAR1",0.24325991813709,0.000484783699971199
"ENSG00000148120","AOPEP",0.849803050085368,4.21103918328297e-07,"AOPEP",0.927475741452953,1.31359441462122e-08
"ENSG00000148175","STOM",1.08187940320054,2.06073318984121e-06,"STOM",0.995395394837301,0.00418513439919735
"ENSG00000148180","GSN",0.350525338934451,0.0118931395070327,"GSN",0.312469817146177,0.0166618947835473
"ENSG00000148219","ASTN2",1.21053441972442,2.72151724207636e-15,"ASTN2",1.51656022982215,3.8568668614363e-21
"ENSG00000148308","GTF3C5",0.267161644580752,0.0123153357928734,"GTF3C5",0.265644821848166,0.0121182955852798
"ENSG00000148337","CIZ1",0.241813304438167,0.00392102354824599,"CIZ1",0.213274034429498,0.0126835409275375
"ENSG00000148344","PTGES",1.25221898027519,1.87302545176963e-06,"PTGES",0.813976926957075,0.0021602624755501
"ENSG00000148411","NACC2",0.432899644552304,0.00142640364847814,"NACC2",0.424180366921448,0.00142024518810706
"ENSG00000148426","PROSER2",0.638132498962526,4.29686608839978e-06,"PROSER2",0.544771680428891,0.000123439127650488
"ENSG00000148541","FAM13C",1.43313648530996,2.25093366791798e-06,"FAM13C",1.21055156363059,0.000142137538206285
"ENSG00000148606","POLR3A",0.43348682856972,2.09284980142894e-08,"POLR3A",0.228623036992312,0.00798711171356033
"ENSG00000148634","HERC4",0.334149699381033,0.000976982307785623,"HERC4",0.460969572130876,4.02924488186844e-06
"ENSG00000148671","ADIRF",0.539914341152419,0.0201724259118506,"ADIRF",0.55326423123675,0.00997828911453133
"ENSG00000148688","RPP30",0.299721863669612,0.00159124649485978,"RPP30",0.284003564035595,0.00259015867039911
"ENSG00000148730","EIF4EBP2",0.25126268965168,0.00257137237882579,"EIF4EBP2",0.331967132839663,3.27318908572881e-05
"ENSG00000148925","BTBD10",0.325141935480881,5.81531419977561e-05,"BTBD10",0.492082337557464,4.7413395483434e-10
"ENSG00000148985","PGAP2",0.373276603140883,0.0311238154108709,"PGAP2",0.766476335931361,1.0676548107328e-05
"ENSG00000149091","DGKZ",0.333412601863238,0.00928990721454819,"DGKZ",0.489502523161268,9.73733487820511e-05
"ENSG00000149292","TTC12",0.348728519193262,0.0461150825738062,"TTC12",0.388688675994877,0.0188922996348777
"ENSG00000149418","ST14",1.71954284600357,0.00108133572048625,"ST14",2.90318443237053,1.81061799828592e-05
"ENSG00000149485","FADS1",0.222290676880069,0.0117076967873974,"FADS1",0.415077318582527,3.64957608816275e-07
"ENSG00000149527","PLCH2",1.28006111523564,0.00613052636888495,"PLCH2",1.06137113388501,0.01006298428652
"ENSG00000149541","B3GAT3",0.994362463686519,1.28527246819329e-15,"B3GAT3",1.07032560443557,5.38048322352826e-17
"ENSG00000149547","EI24",0.598894120952685,1.14802019400873e-14,"EI24",0.812333775272778,2.39601232993726e-25
"ENSG00000149573","MPZL2",0.573971975493874,0.000992551032715795,"MPZL2",0.940556820612515,8.63825423473967e-07
"ENSG00000149577","SIDT2",1.27961417869198,9.64322317251185e-15,"SIDT2",1.2272420999903,1.60696905137182e-12
"ENSG00000149743","TRPT1",0.318557564046266,0.00582357620682583,"TRPT1",0.426952940295121,7.51022499561853e-05
"ENSG00000149761","NUDT22",0.252096191597364,0.00751662483869132,"NUDT22",0.342294191070329,0.000147932700895874
"ENSG00000149792","MRPL49",0.83286540242241,3.00519916392275e-15,"MRPL49",0.515829472333218,9.81268414481844e-07
"ENSG00000150347","ARID5B",0.966192768484958,1.16887025531788e-10,"ARID5B",0.75562836458018,5.79297691438339e-07
"ENSG00000150459","SAP18",0.520439527928323,9.73242789230421e-12,"SAP18",0.194090652873049,0.0208215860936753
"ENSG00000150551","LYPD1",0.288767499856866,0.0321520663209999,"LYPD1",0.742679455991362,3.02634828486744e-08
"ENSG00000150556","LYPD6B",0.715514340563463,0.00146503956152833,"LYPD6B",0.822671281454471,0.000235711289855043
"ENSG00000150593","PDCD4",0.787994849208724,5.46619318209536e-09,"PDCD4",0.481192399165507,0.000403248924709152
"ENSG00000150967","ABCB9",0.74649007931944,1.14918272789319e-06,"ABCB9",0.951935118495388,5.91444653383119e-10
"ENSG00000150990","DHX37",0.329202320658184,0.00583245353923188,"DHX37",0.45241507664162,0.00011001153206406
"ENSG00000150991","UBC",0.224514732591025,0.00102590927315124,"UBC",0.402704781673432,4.87852270054243e-10
"ENSG00000151014","NOCT",1.1609952983691,1.32917742124576e-08,"NOCT",0.5120166886084,0.0121304606427783
"ENSG00000151023","ENKUR",0.630033808766099,0.0282121686092518,"ENKUR",0.587551988321189,0.0337674184167931
"ENSG00000151065","DCP1B",0.415888286715741,0.0056017722680807,"DCP1B",0.590188351266514,4.92445477606096e-05
"ENSG00000151131","NOPCHAP1",1.25514965432434,1.43220952601055e-45,"NOPCHAP1",0.637912310924831,1.94403898167713e-11
"ENSG00000151491","EPS8",0.334595620757275,0.0229767145008143,"EPS8",0.642343916951535,8.83210966479653e-06
"ENSG00000151553","FHIP2A",0.36372150087924,0.00992261404516345,"FHIP2A",0.287030182027161,0.0495960484298257
"ENSG00000151575","TEX9",0.504003794598906,0.0175476486399544,"TEX9",0.521457938926085,0.0116189614558054
"ENSG00000151689","INPP1",0.792388389612385,6.12442172838962e-13,"INPP1",0.613542921291322,2.74891636830199e-08
"ENSG00000151726","ACSL1",0.756251261964362,0.000140840526372682,"ACSL1",0.914600175620931,0.000404418136828654
"ENSG00000151729","SLC25A4",0.469422806976978,1.819653083289e-05,"SLC25A4",0.460076651637299,2.34196980217212e-05
"ENSG00000151748","SAV1",0.877847496231187,1.75851991979712e-22,"SAV1",0.822999013327308,1.38374874262755e-18
"ENSG00000151773","CCDC122",0.716918469892061,4.15226048170086e-05,"CCDC122",0.723955347798135,2.47981628569163e-05
"ENSG00000152049","KCNE4",2.58516929583165,8.9274629749185e-05,"KCNE4",2.22825182761274,0.00012166227518967
"ENSG00000152137","HSPB8",1.24252746089081,0.000805902136471332,"HSPB8",0.726420369675097,0.0234706577256338
"ENSG00000152229","PSTPIP2",1.11769254910695,1.05771736800057e-20,"PSTPIP2",1.24263149637441,1.24440320369949e-25
"ENSG00000152332","UHMK1",0.250582752292358,0.00497673292099376,"UHMK1",0.266148958009055,0.00250626582214899
"ENSG00000152503","TRIM36",0.847331584903683,0.00114305511580435,"TRIM36",0.779513395647673,0.00317274477175984
"ENSG00000152779","SLC16A12",1.16715016257658,4.92198769600796e-05,"SLC16A12",1.54697593791817,4.88629850353531e-06
"ENSG00000152894","PTPRK",0.570967974769761,9.0087257465782e-05,"PTPRK",0.358340247457286,0.0108978859967043
"ENSG00000152931","PART1",1.31179333323624,0.00144522677995473,"PART1",0.923637026214366,0.00632876052010774
"ENSG00000153029","MR1",2.02118852613345,4.82299008069614e-14,"MR1",0.80461450244363,0.00741329315929778
"ENSG00000153094","BCL2L11",1.40115404004105,2.90356463294867e-21,"BCL2L11",0.829732809545084,9.41360386482772e-08
"ENSG00000153233","PTPRR",0.573974264474777,0.00437843012266571,"PTPRR",0.615931031248959,0.00257515784090134
"ENSG00000153237","CCDC148",1.77204791064757,4.99867392418828e-11,"CCDC148",1.81559105333195,2.04443327108185e-10
"ENSG00000153294","ADGRF4",0.641040959608257,0.000478089194241558,"ADGRF4",0.68024630580094,0.00010548061825543
"ENSG00000153443","UBALD1",0.586968925391481,2.71530232184873e-08,"UBALD1",0.353841807975187,0.000986304893664347
"ENSG00000153531","ADPRHL1",5.30132575262188,8.18958403013222e-36,"ADPRHL1",3.99020262693079,1.62526193942678e-19
"ENSG00000153561","RMND5A",0.502506857865176,1.68289515848519e-09,"RMND5A",0.499517147359022,7.44726707653573e-09
"ENSG00000154124","OTULIN",0.180727350594063,0.0387220121908821,"OTULIN",0.225306457507254,0.00686785848726144
"ENSG00000154174","TOMM70",0.181479660064879,0.0172450373996708,"TOMM70",0.268178881429782,0.000205708489959901
"ENSG00000154380","ENAH",0.224546270568844,0.0354355418418275,"ENAH",0.305936300087614,0.00245439411997268
"ENSG00000154553","PDLIM3",1.12714162428039,4.4400897294138e-09,"PDLIM3",0.652548279860395,0.000300746252925203
"ENSG00000154767","XPC",0.661848173182541,6.64221410441186e-12,"XPC",0.712787833303454,1.22828856288065e-13
"ENSG00000154803","FLCN",0.6144826823062,1.1148997418548e-08,"FLCN",0.541853277905908,7.09820994007678e-07
"ENSG00000155034","FBXL18",0.424416769210143,0.000370112762945805,"FBXL18",0.301485605590929,0.0113423592832181
"ENSG00000155097","ATP6V1C1",0.493689075044265,1.65483131277692e-07,"ATP6V1C1",0.278389143721912,0.00571291120493925
"ENSG00000155115","GTF3C6",0.31734498212013,5.7333699083758e-06,"GTF3C6",0.282020560624436,6.95368282395304e-05
"ENSG00000155330","C16orf87",0.270277885179413,0.0401202692314061,"C16orf87",0.251873388046417,0.0479073668815125
"ENSG00000156017","CARNMT1",0.225929702741789,0.0223277690049573,"CARNMT1",0.314854905967402,0.00104508693501397
"ENSG00000156253","RWDD2B",0.371849879194458,9.73699187972841e-06,"RWDD2B",0.229300345041544,0.0096205820210408
"ENSG00000156453","PCDH1",0.70165421260119,0.00133306539213784,"PCDH1",0.621133209259868,0.00605070715083299
"ENSG00000156521","TYSND1",0.845385358933602,2.72568342867173e-11,"TYSND1",0.710859947044518,7.28930585270831e-07
"ENSG00000156587","UBE2L6",0.852752940919359,8.71373572229153e-08,"UBE2L6",0.513181370870677,0.000836544933876689
"ENSG00000156599","ZDHHC5",0.337348494807369,4.12870203091897e-05,"ZDHHC5",0.307487280610763,0.000209465198631131
"ENSG00000156675","RAB11FIP1",0.739070720824674,1.30427048789178e-14,"RAB11FIP1",0.835541623192495,2.56184088346969e-18
"ENSG00000156804","FBXO32",0.84190661487807,0.000624707468865308,"FBXO32",0.822193860622165,0.000873376406804019
"ENSG00000156860","FBRS",0.655057473294627,4.68728457691294e-11,"FBRS",0.665275980648309,7.25104013504049e-11
"ENSG00000156990","RPUSD3",0.487798403422702,2.61953201742659e-10,"RPUSD3",0.505761160765401,1.47196017461631e-10
"ENSG00000157107","FCHO2",0.366136405018539,0.00827548123681021,"FCHO2",0.369608572672408,0.00420164820986483
"ENSG00000157110","RBPMS",0.273248653128172,0.0313184048851658,"RBPMS",0.26736997676009,0.0213205805641354
"ENSG00000157168","NRG1",0.92148452804097,6.26371160019939e-13,"NRG1",1.27192798144364,3.50652324702126e-23
"ENSG00000157637","SLC38A10",0.515575103359285,3.91390805460395e-06,"SLC38A10",0.282243914768659,0.0133145469779663
"ENSG00000157734","SNX22",0.76540260052446,0.000211016892587376,"SNX22",1.77150218802421,3.65788302217595e-17
"ENSG00000157873","TNFRSF14",2.00401318134317,2.29031372746334e-23,"TNFRSF14",1.4702161025402,4.01523957932001e-13
"ENSG00000157954","WIPI2",0.383180819777807,1.24950190439851e-08,"WIPI2",0.361999025865278,1.37591030657185e-07
"ENSG00000158023","CFAP251",1.34165667344466,4.29103327065895e-08,"CFAP251",1.02092036560681,2.05664626561832e-05
"ENSG00000158055","GRHL3",3.30078129968395,2.37268883757812e-06,"GRHL3",2.50763891012299,0.000143229500358169
"ENSG00000158062","UBXN11",0.75999408703319,0.0184232449017601,"UBXN11",0.753391635602884,0.0177881542318803
"ENSG00000158125","XDH",0.742346826133222,8.2980110755451e-05,"XDH",0.989344621701803,7.50631509811231e-07
"ENSG00000158186","MRAS",1.06856418887887,4.23737904617172e-06,"MRAS",2.06425545542237,1.48971525799854e-05
"ENSG00000158292","GPR153",0.443794956109252,0.0191499962077627,"GPR153",1.39043074445098,8.65124301429123e-09
"ENSG00000158301","GPRASP2",0.681825496726825,9.96251312173782e-06,"GPRASP2",1.08176793715203,1.24475491668227e-11
"ENSG00000158373","H2BC5",0.998594686908508,2.39018652773594e-07,"H2BC5",0.595169581907957,0.00165640108246531
"ENSG00000158604","TMED4",0.205248861228665,0.0251767618987156,"TMED4",0.243161113854145,0.00594603771182817
"ENSG00000158669","GPAT4",0.31925177520091,0.000463176868988497,"GPAT4",0.263644863648202,0.00447834553455635
"ENSG00000158715","SLC45A3",0.50072116230624,0.00066376950175323,"SLC45A3",0.693220691571415,6.76467900962785e-06
"ENSG00000158747","NBL1",0.817471705410998,1.15397423534368e-11,"NBL1",0.919420520184405,3.05860323511725e-13
"ENSG00000158769","F11R",0.545559608188424,6.62137849104039e-05,"F11R",1.01663390660088,4.66442105972852e-11
"ENSG00000158792","SPATA2L",0.580586435394581,0.00874595373523105,"SPATA2L",0.519229093941707,0.0160159706494571
"ENSG00000158828","PINK1",0.493489648084103,7.58828367091819e-08,"PINK1",0.415630689033601,5.62139272825564e-06
"ENSG00000158856","DMTN",1.14416344665371,5.81531419977561e-05,"DMTN",1.00481431058592,9.37481302847517e-05
"ENSG00000158863","FHIP2B",0.512513839348235,0.00018860490885503,"FHIP2B",0.34682084705598,0.0113938695616477
"ENSG00000159082","SYNJ1",0.426169699401351,0.00267483408366361,"SYNJ1",0.348362318041253,0.0111939920039559
"ENSG00000159263","SIM2",0.895887915737408,4.60620404851704e-07,"SIM2",0.935117241171014,2.23949578597042e-06
"ENSG00000159339","PADI4",0.823034344843118,0.0305737142371886,"PADI4",0.698202729906827,0.0409819879008881
"ENSG00000159346","ADIPOR1",0.39488827462031,2.60363309029801e-05,"ADIPOR1",0.284131879873799,0.00312585651357946
"ENSG00000159348","CYB5R1",0.641726581678273,4.75952167310753e-07,"CYB5R1",0.699049008974934,9.82486526462308e-08
"ENSG00000159388","BTG2",1.98169216076504,2.62410267724566e-25,"BTG2",1.60425956472882,6.20624866531324e-16
"ENSG00000159403","C1R",2.23056200358612,7.15245219698232e-07,"C1R",1.25957741959044,0.00166985371995833
"ENSG00000159423","ALDH4A1",0.893736685242028,6.33026549098746e-06,"ALDH4A1",0.492657479752976,0.0273882172995802
"ENSG00000159461","AMFR",0.245485216142256,0.00512458907125795,"AMFR",0.235899385006679,0.00881687379985832
"ENSG00000159596","TMEM69",0.489728490073526,4.56979765697514e-07,"TMEM69",0.427458221321639,1.02254564652342e-05
"ENSG00000159720","ATP6V0D1",0.594282413040891,1.7227664849615e-09,"ATP6V0D1",0.370903659569911,0.000214849789247289
"ENSG00000159884","CCDC107",0.370391312297088,0.0164510414653793,"CCDC107",0.422643304216511,0.0047657948342314
"ENSG00000159899","NPR2",0.818214321954057,5.07953635593498e-13,"NPR2",0.944126528995078,2.4122597030986e-16
"ENSG00000160050","CCDC28B",0.781156850151765,2.31569979303152e-06,"CCDC28B",0.810620731930058,1.69278717463677e-06
"ENSG00000160058","BSDC1",0.385291644973607,0.00204820422605844,"BSDC1",0.341535664713339,0.00674615367582913
"ENSG00000160097","FNDC5",1.77795323021152,0.000293610064159694,"FNDC5",2.15292682168832,5.44164898323144e-05
"ENSG00000160145","KALRN",0.821421374399917,0.0016867430680815,"KALRN",1.33186632778023,5.236815857715e-05
"ENSG00000160194","NDUFV3",0.405115493409404,4.99429095760708e-08,"NDUFV3",0.218851962576586,0.00601596202132891
"ENSG00000160218","TRAPPC10",0.384905762408398,0.00225611098149009,"TRAPPC10",0.616735049924491,1.31968613807347e-06
"ENSG00000160255","ITGB2",1.48830682724769,2.45975254865767e-12,"ITGB2",3.40251817876909,2.21443058839152e-24
"ENSG00000160256","SLX9",0.314739888412128,0.00674474598960061,"SLX9",0.608013440971652,5.81812016058545e-07
"ENSG00000160271","RALGDS",1.21974181085111,6.94653968703503e-13,"RALGDS",0.524444791939351,0.00163968843699016
"ENSG00000160325","CACFD1",1.85678897744958,3.87629707950878e-05,"CACFD1",2.0787692663667,2.33661291312074e-05
"ENSG00000160336","ZNF761",1.29483068464235,1.27186804088614e-08,"ZNF761",0.802610873246222,0.000432082001099934
"ENSG00000160360","GPSM1",0.550421525163989,7.27433015421391e-05,"GPSM1",0.416467221507469,0.00359244629332932
"ENSG00000160469","BRSK1",0.383677685866174,0.0410050614320067,"BRSK1",0.414249666188112,0.0271108552768565
"ENSG00000160606","TLCD1",0.87235315457935,1.13247371071812e-09,"TLCD1",0.608192600128264,2.02672508819468e-05
"ENSG00000160685","ZBTB7B",1.10131640670406,2.61620752714125e-08,"ZBTB7B",0.927899193172937,1.69071447998726e-06
"ENSG00000160688","FLAD1",0.303092805417348,0.0141769796576869,"FLAD1",0.27444274441713,0.0253736575519376
"ENSG00000160691","SHC1",0.527086414845465,1.76952204848261e-09,"SHC1",0.39001327461432,1.21216531327548e-05
"ENSG00000160703","NLRX1",1.32951562226683,1.7692522636371e-11,"NLRX1",0.621089070647571,0.00104810814520386
"ENSG00000160710","ADAR",0.386999365026355,2.63088092778415e-05,"ADAR",0.321839325308368,0.000481377538696605
"ENSG00000160753","RUSC1",0.54043175556742,1.704216858257e-07,"RUSC1",0.509537456032202,1.11959030736133e-06
"ENSG00000160886","LY6K",0.664763419982327,1.49934337153447e-07,"LY6K",0.645953477159721,4.90955518073944e-07
"ENSG00000160932","LY6E",0.765831702800949,6.18189736041568e-20,"LY6E",0.497166273455066,6.9313404147973e-09
"ENSG00000161036","LRWD1",0.664042074230325,0.000195398739171915,"LRWD1",0.563877428348758,0.00162391398481159
"ENSG00000161091","MFSD12",0.640854878811668,4.50842071014872e-06,"MFSD12",0.753725638674405,1.27066261253022e-07
"ENSG00000161202","DVL3",0.93727350023618,5.01620755983613e-28,"DVL3",0.754872417005388,1.90828854835862e-18
"ENSG00000161277","THAP8",0.594177594021352,0.00687524267468603,"THAP8",0.39819759049332,0.0432663124208372
"ENSG00000161509","GRIN2C",2.57072118945785,1.36953323904587e-06,"GRIN2C",2.52586911089588,5.28854705006085e-05
"ENSG00000161513","FDXR",2.08115633623749,2.268864055952e-44,"FDXR",2.30741232575485,1.66739160554283e-53
"ENSG00000161533","ACOX1",0.570052199401332,2.00542644794541e-08,"ACOX1",0.455099216381877,1.0808415929515e-05
"ENSG00000161542","PRPSAP1",0.232802831790843,0.00318597570735876,"PRPSAP1",0.301399345297326,7.3935439167581e-05
"ENSG00000161544","CYGB",2.45141989862327,1.24285572849643e-11,"CYGB",2.21391383684041,3.5599057227545e-15
"ENSG00000161642","ZNF385A",1.68329007671032,2.84157634773477e-23,"ZNF385A",1.46537995708049,3.0462341305523e-17
"ENSG00000161671","EMC10",0.548306121992953,3.79080482638985e-08,"EMC10",0.277274751769351,0.00605070715083299
"ENSG00000161682","FAM171A2",1.39233641427497,4.13465746204425e-17,"FAM171A2",1.15451897730004,1.32374347695267e-11
"ENSG00000161714","PLCD3",0.477307327508413,1.88709427215424e-05,"PLCD3",0.643576144435937,5.37260093812753e-09
"ENSG00000161813","LARP4",0.207328313095742,0.00121316851137835,"LARP4",0.486022819820483,5.17217179754815e-16
"ENSG00000161911","TREML1",1.43531067763475,0.00475069003626868,"TREML1",2.53345044024967,0.000379506697828278
"ENSG00000161921","CXCL16",2.66828514917165,9.13452485645943e-22,"CXCL16",3.56519975624297,1.00990256082195e-16
"ENSG00000161981","SNRNP25",0.613606570939357,5.59101529084761e-08,"SNRNP25",0.508346921380923,8.08655485050307e-06
"ENSG00000161999","JMJD8",0.762808115963359,8.84070235833911e-10,"JMJD8",0.341311745022499,0.0080717111622664
"ENSG00000162076","FLYWCH2",0.791137069936133,0.000141298107264082,"FLYWCH2",0.477717320429423,0.0143306791584692
"ENSG00000162144","CYB561A3",0.676186964233857,1.95908756676099e-15,"CYB561A3",0.541809659712909,4.65093713115867e-10
"ENSG00000162241","SLC25A45",2.18568168202114,1.2214918533758e-17,"SLC25A45",2.28730953433972,9.90392948542441e-18
"ENSG00000162408","NOL9",0.24354186962083,0.00252542589537369,"NOL9",0.373381284541422,1.7811765701226e-06
"ENSG00000162490","DRAXIN",1.02944270380161,0.0140135477632892,"DRAXIN",0.847727653019144,0.0214056901215377
"ENSG00000162511","LAPTM5",1.46683626404677,0.000146823125580714,"LAPTM5",1.52252616281287,4.08897240948213e-05
"ENSG00000162585","FAAP20",0.563934248797619,5.58407658879028e-08,"FAAP20",0.355985878733572,0.000722370483803819
"ENSG00000162616","DNAJB4",1.05582695381675,3.2568077425385e-09,"DNAJB4",0.361990517177055,0.0288363171786877
"ENSG00000162641","AKNAD1",1.00228179036613,2.05075026031236e-05,"AKNAD1",0.8968120585058,0.000123459310952432
"ENSG00000162643","DNAI3",2.49379888147078,2.58450473492774e-07,"DNAI3",1.70365181783665,0.00111728729409855
"ENSG00000162645","GBP2",0.908468671543729,5.19558670397179e-05,"GBP2",0.559053019357107,0.0100465734321748
"ENSG00000162722","TRIM58",1.03678911375842,2.7516937771017e-07,"TRIM58",1.41817300859634,3.13425230867916e-11
"ENSG00000162735","PEX19",0.341010001639124,0.00146310758938837,"PEX19",0.229761155030289,0.0411508588085551
"ENSG00000162755","KLHDC9",1.63964170368962,0.000137353543623305,"KLHDC9",1.28621029932354,0.00103042793539399
"ENSG00000162772","ATF3",3.76741863769436,2.53773455758151e-59,"ATF3",2.36553523096512,2.09798777947436e-23
"ENSG00000162783","IER5",0.539799755483029,2.71317681169494e-06,"IER5",0.904544515201886,1.47826977635434e-14
"ENSG00000162819","BROX",0.381816694031284,1.09115668929304e-09,"BROX",0.413432307339023,1.61489065246149e-10
"ENSG00000162910","MRPL55",0.433738375121138,0.000153098193400335,"MRPL55",0.243140263857464,0.0443430592135383
"ENSG00000162981","LRATD1",1.76794611961338,7.87884550589291e-18,"LRATD1",1.43735791726328,1.62599584930062e-10
"ENSG00000163156","SCNM1",0.788163471291518,4.93603634040835e-17,"SCNM1",0.521830544319952,5.1768939731137e-08
"ENSG00000163202","LCE3D",1.15204751918187,0.00996993430819588,"LCE3D",2.85412249771135,1.9110689844272e-05
"ENSG00000163207","IVL",0.640834953876045,0.0104017484551474,"IVL",0.737330798091192,0.0363532253930337
"ENSG00000163235","TGFA",0.400047425393119,0.00410814946494336,"TGFA",0.628316188374476,3.40485254066626e-06
"ENSG00000163251","FZD5",0.676241848686954,0.000545033554543866,"FZD5",0.577293164708254,0.00354998188222408
"ENSG00000163291","PAQR3",0.599398557507539,7.67864706370822e-06,"PAQR3",0.630535599879993,1.27829579102963e-05
"ENSG00000163293","NIPAL1",0.49798834063257,0.000894481974676427,"NIPAL1",0.607448503660943,0.000114040563332042
"ENSG00000163319","MRPS18C",0.251556809915823,0.00106357194756917,"MRPS18C",0.276180034327641,0.000258978328333842
"ENSG00000163346","PBXIP1",1.06647495703953,1.06508885409198e-07,"PBXIP1",0.76933815571168,0.000178738579021933
"ENSG00000163349","HIPK1",0.302648990222215,0.00517003565264816,"HIPK1",0.305265519157447,0.00346591479348644
"ENSG00000163491","NEK10",0.59112229347912,0.0133371605697595,"NEK10",0.636823615445072,0.00718450677698226
"ENSG00000163545","NUAK2",0.904947422420167,2.71068654576423e-06,"NUAK2",0.750369946300144,0.000116611673184072
"ENSG00000163558","PRKCI",0.224047552848869,0.0197058834711099,"PRKCI",0.634652733724444,7.0329902415231e-13
"ENSG00000163564","PYHIN1",2.54646997695974,6.77915111398437e-05,"PYHIN1",3.42518313700148,9.83553258257937e-07
"ENSG00000163624","CDS1",0.653975016065016,1.11577806297265e-06,"CDS1",0.689037281465231,0.000347775914844103
"ENSG00000163638","ADAMTS9",0.820710105379531,0.0117168431460013,"ADAMTS9",0.816611629950974,0.0245659448117049
"ENSG00000163644","PPM1K",0.366841533358302,0.0111321395925709,"PPM1K",1.15880057458722,1.37599528820818e-10
"ENSG00000163659","TIPARP",0.252853720383708,0.0274137021472614,"TIPARP",0.237654368196494,0.0333620319095917
"ENSG00000163704","PRRT3",0.706447616570219,0.000259118041498192,"PRRT3",0.845470316405995,6.46440200304081e-05
"ENSG00000163798","SLC4A1AP",0.28556254227361,0.000303228621726933,"SLC4A1AP",0.352085633760553,5.60983538033118e-06
"ENSG00000163811","WDR43",0.179202593095887,0.0161757891334661,"WDR43",0.245046239055844,0.000574357657499789
"ENSG00000163812","ZDHHC3",0.230718602752292,0.00294505599232978,"ZDHHC3",0.184269626537038,0.0232064296202034
"ENSG00000163840","DTX3L",0.669713699723687,8.8469845166499e-14,"DTX3L",0.427798472463008,2.03110115991097e-06
"ENSG00000163870","TPRA1",0.422515050614175,0.00032049417264314,"TPRA1",0.520547814410513,7.03540604006985e-06
"ENSG00000163898","LIPH",1.28548561713558,0.000819442378809798,"LIPH",1.13916866072221,0.00576621888967993
"ENSG00000163930","BAP1",0.257075379815166,0.0127682620683941,"BAP1",0.218670803922177,0.0432663124208372
"ENSG00000163956","LRPAP1",0.94159950507599,6.90033122485801e-23,"LRPAP1",0.70976695088508,3.02423045110166e-13
"ENSG00000164002","EXO5",0.835972069256131,0.000132588715886116,"EXO5",0.403835286338565,0.0445040417876639
"ENSG00000164039","BDH2",0.589127825194961,0.00251399638746121,"BDH2",0.426011237846817,0.0199293766593527
"ENSG00000164040","PGRMC2",0.566896584315893,1.64262552796882e-13,"PGRMC2",0.568403899317078,3.02423045110166e-13
"ENSG00000164050","PLXNB1",0.433041122763714,0.026397726821972,"PLXNB1",0.597465465279684,0.00123367198668244
"ENSG00000164054","SHISA5",0.412235745706438,5.95197156067649e-10,"SHISA5",0.495723496010124,8.65744182909356e-14
"ENSG00000164070","HSPA4L",0.811554432925829,5.13475878150097e-11,"HSPA4L",1.14365308415347,3.80281740557148e-20
"ENSG00000164077","MON1A",0.359504056072339,0.00221550744493138,"MON1A",0.44303747365792,0.000223522952786247
"ENSG00000164081","TEX264",0.467785756134612,2.12443936440772e-05,"TEX264",0.256606653160231,0.028342301243575
"ENSG00000164096","ARLN",0.450675643455708,8.5832934898076e-07,"ARLN",0.214961546743778,0.0295343252118571
"ENSG00000164099","PRSS12",0.54102379140436,0.00737146753800156,"PRSS12",1.92838836306884,0.000790258948341328
"ENSG00000164114","MAP9",0.45220912193408,2.26956556594689e-08,"MAP9",0.244305406754871,0.00344059727056314
"ENSG00000164125","GASK1B",2.01495473274143,1.15592791460989e-06,"GASK1B",0.742191830574409,0.015503025850787
"ENSG00000164181","ELOVL7",0.591603811107683,0.00144273509417064,"ELOVL7",1.12401430447228,0.000485936620626806
"ENSG00000164220","F2RL2",0.733424038777076,0.00102185827866274,"F2RL2",0.668276712471023,0.00218683690771858
"ENSG00000164221","CCDC112",0.268135252643542,0.00557855617245147,"CCDC112",0.402332309927991,1.04351926241536e-05
"ENSG00000164237","CMBL",1.19582943913541,1.04380664600942e-34,"CMBL",1.10470669442289,3.12816015197853e-30
"ENSG00000164296","TIGD6",0.659835586942982,0.000333679339024959,"TIGD6",0.573319255118218,0.0025803033830467
"ENSG00000164331","ANKRA2",1.04510708174568,3.11384515276065e-14,"ANKRA2",0.801335708983456,6.08297079103712e-09
"ENSG00000164342","TLR3",1.93892625833618,1.45720240999471e-10,"TLR3",1.70710604401242,8.54621930232542e-08
"ENSG00000164403","SHROOM1",0.406632875420048,0.00012755855056591,"SHROOM1",0.350829283110227,0.00188021169750156
"ENSG00000164442","CITED2",1.27708874777194,1.47981235985642e-24,"CITED2",1.28879793266508,1.87352063736884e-23
"ENSG00000164465","DCBLD1",0.859091155627834,7.39756259441237e-13,"DCBLD1",1.06734067946241,4.82895396875148e-19
"ENSG00000164535","DAGLB",0.481167219448789,0.000146451055939061,"DAGLB",0.609727770129334,2.82621024886995e-06
"ENSG00000164543","STK17A",0.340506031763016,0.000332744309726534,"STK17A",0.34268393505933,0.00022903302267462
"ENSG00000164638","SLC29A4",1.7227463482544,2.87962654274436e-06,"SLC29A4",1.43960807240968,0.000333070483357365
"ENSG00000164796","CSMD3",0.555263369489813,0.0473842275883506,"CSMD3",0.869574559374903,0.00670564000430229
"ENSG00000164850","GPER1",1.7224399071561,2.48375919993234e-08,"GPER1",0.934594940371887,0.00134034667693085
"ENSG00000164855","TMEM184A",1.44170315586197,1.43744635823039e-06,"TMEM184A",1.15501073710271,0.00404002368479246
"ENSG00000164877","MICALL2",1.01827396834663,1.8298829439474e-07,"MICALL2",0.880971959638089,7.85174688987503e-06
"ENSG00000164889","SLC4A2",0.426539824557151,0.0013636313911465,"SLC4A2",0.625748425791072,2.61136884007074e-06
"ENSG00000164920","OSR2",1.99607665119322,5.63580153377895e-08,"OSR2",1.76049563928864,1.83284808935938e-05
"ENSG00000164932","CTHRC1",0.494666419423287,0.019798536354488,"CTHRC1",0.501139116585531,0.0127719838382333
"ENSG00000164938","TP53INP1",2.51640240510571,3.09479970716505e-51,"TP53INP1",2.26262413770385,1.72280270346288e-37
"ENSG00000164976","MYORG",1.23346513772791,4.33343596488056e-14,"MYORG",1.15077624094986,6.52440811677843e-11
"ENSG00000165272","AQP3",2.63352079159374,5.49774265966376e-08,"AQP3",3.87817881938433,3.48325906892166e-12
"ENSG00000165282","PIGO",0.249614131089403,0.0401202692314061,"PIGO",0.353256969993132,0.00161391837713344
"ENSG00000165434","PGM2L1",0.589321455590153,3.85147364741357e-05,"PGM2L1",0.569860054221786,4.35212280864608e-05
"ENSG00000165458","INPPL1",0.706959567686601,2.29938885510201e-09,"INPPL1",0.722921704926894,1.99975179530522e-09
"ENSG00000165490","DDIAS",0.465149572711827,0.000205194109407867,"DDIAS",0.313551148413106,0.0111621859683004
"ENSG00000165516","KLHDC2",0.424037320727318,8.50884431102177e-06,"KLHDC2",0.257117504858473,0.00907842222406916
"ENSG00000165632","TAF3",0.604541692733647,9.86943113329961e-13,"TAF3",0.490264723157928,1.01314819216862e-08
"ENSG00000165637","VDAC2",0.294524304291839,1.7188865580158e-06,"VDAC2",0.226074430440545,0.00043932508425299
"ENSG00000165644","COMTD1",0.341476324880358,0.0197975795099016,"COMTD1",0.671783500803025,4.15044544196079e-06
"ENSG00000165757","JCAD",0.709773321881828,1.35573327370631e-06,"JCAD",0.486838940873305,0.0022995458140701
"ENSG00000165799","RNASE7",4.54593797343619,1.29464024006958e-10,"RNASE7",3.19809773799626,2.94894596026685e-06
"ENSG00000165804","ZNF219",0.385353367756143,0.0018622970687883,"ZNF219",0.303139208538005,0.0112188815036391
"ENSG00000165861","ZFYVE1",0.837382269775143,4.52978263642187e-15,"ZFYVE1",0.88755759762486,1.07081467033252e-13
"ENSG00000165912","PACSIN3",0.423277808809601,2.44152904251569e-05,"PACSIN3",0.60861239709223,3.84148862714551e-10
"ENSG00000165949","IFI27",1.10738736087128,4.0153107553184e-10,"IFI27",1.22811645792821,9.19262768244036e-09
"ENSG00000165996","HACD1",0.309384722560603,0.0108053584687625,"HACD1",0.28994398478395,0.0137985581576126
"ENSG00000166016","ABTB2",0.573395848191067,0.000474880927036009,"ABTB2",0.462010046911559,0.00376112725173386
"ENSG00000166049","PASD1",0.320991103805551,4.39384458813234e-07,"PASD1",0.413271175712308,4.39599146067193e-11
"ENSG00000166130","IKBIP",0.341355620702024,0.000381266359364971,"IKBIP",0.48203722201834,2.40977941370786e-07
"ENSG00000166135","HIF1AN",0.354884604081703,8.0687387496115e-05,"HIF1AN",0.219243514585778,0.0209191156006715
"ENSG00000166140","ZFYVE19",0.376491789669086,0.0262513694107759,"ZFYVE19",0.369351408374323,0.0168137216896866
"ENSG00000166233","ARIH1",0.203224651397892,0.027350484829002,"ARIH1",0.289057993219927,0.000819549072334255
"ENSG00000166275","BORCS7",0.314745105654365,0.00168048925115622,"BORCS7",0.225802692726615,0.032683367625946
"ENSG00000166311","SMPD1",0.986392675345002,2.33411025070715e-20,"SMPD1",0.458921375887107,2.86427680270672e-05
"ENSG00000166398","GARRE1",0.348614821511137,0.00256216654386508,"GARRE1",0.385353777176303,0.000419447710061656
"ENSG00000166444","DENND2B",0.815465813370947,2.85796952892952e-09,"DENND2B",0.985748031407969,6.2510145056245e-13
"ENSG00000166452","AKIP1",0.394650141984505,5.49702161381539e-06,"AKIP1",0.401610851369003,4.20330628397876e-06
"ENSG00000166454","ATMIN",0.494468562502496,4.93133844193849e-15,"ATMIN",0.15380728198151,0.0379833468132818
"ENSG00000166478","ZNF143",0.382448723723376,0.000570051741602338,"ZNF143",0.299351126908654,0.00938125577149247
"ENSG00000166532","RIMKLB",0.606220276129372,3.15366763823576e-05,"RIMKLB",0.552114677043795,0.000170935425730539
"ENSG00000166557","TMED3",0.565098290658299,1.49599778341946e-17,"TMED3",0.34139568677958,1.11129004433339e-06
"ENSG00000166562","SEC11C",0.431586872149304,2.74377420035969e-05,"SEC11C",0.319106807594621,0.0023241852779296
"ENSG00000166619","BLCAP",0.835598089333897,3.96375833458581e-15,"BLCAP",0.58303265357675,1.46717958630757e-07
"ENSG00000166685","COG1",0.680716367333425,2.26306398931151e-12,"COG1",0.536570517352625,6.37662266822974e-08
"ENSG00000166710","B2M",0.646146580746049,7.39756259441237e-13,"B2M",0.25217565306472,0.00734382258947009
"ENSG00000166716","ZNF592",0.478986787612,0.000834947356473446,"ZNF592",0.512730630127339,0.000420274983940461
"ENSG00000166797","CIAO2A",0.220850998425487,0.0415294599052345,"CIAO2A",0.289500487887168,0.00448335251813325
"ENSG00000166847","DCTN5",0.219628460648411,0.00224095070441382,"DCTN5",0.203055255119267,0.00572862423838415
"ENSG00000166848","TERF2IP",0.264730254272448,0.000850817489658423,"TERF2IP",0.168500709925327,0.0470188261409112
"ENSG00000166855","CLPX",0.339645011971835,0.000132816963115985,"CLPX",0.2694740675081,0.00308154963734016
"ENSG00000166897","ELFN2",0.802272438522999,2.99224935417636e-07,"ELFN2",0.644157901696865,3.80126154454577e-05
"ENSG00000166908","PIP4K2C",0.308403759045736,0.0248516343468577,"PIP4K2C",0.404693672659207,0.00182387507516811
"ENSG00000166925","TSC22D4",0.51378408734263,2.56419218810974e-05,"TSC22D4",0.520351131605613,4.98040746542879e-05
"ENSG00000166946","CCNDBP1",0.472223006128146,0.000261893898932803,"CCNDBP1",0.342350134695983,0.00773345639852164
"ENSG00000166963","MAP1A",1.40207325335676,5.256473048109e-14,"MAP1A",0.800366738226924,5.96898695915451e-05
"ENSG00000166974","MAPRE2",0.752704309212506,1.54809300198605e-10,"MAPRE2",0.858424340019541,8.05854989864978e-12
"ENSG00000167105","TMEM92",0.843101206737907,0.0024036066305308,"TMEM92",1.37904213390508,7.79580126078604e-07
"ENSG00000167106","EEIG1",0.570409462249795,0.000168973528494277,"EEIG1",0.629236161800408,3.4603358029014e-05
"ENSG00000167110","GOLGA2",0.414568024039247,2.5928765808112e-05,"GOLGA2",0.309074133514901,0.00182387507516811
"ENSG00000167123","CERCAM",0.30458234047232,0.00892186180423832,"CERCAM",0.308939334741975,0.00441497953040938
"ENSG00000167136","ENDOG",0.978996620808854,2.2193882073565e-26,"ENDOG",0.518918288865616,4.91867164511348e-06
"ENSG00000167191","GPRC5B",1.56161386892048,2.43720409269081e-14,"GPRC5B",1.05105375165828,8.89627188456072e-07
"ENSG00000167196","FBXO22",0.527896862959233,1.09456483069115e-09,"FBXO22",0.2599912520713,0.00379101927707835
"ENSG00000167280","ENGASE",0.531919414628792,0.00786029226675869,"ENGASE",0.612198739107897,0.004189662259438
"ENSG00000167286","CD3D",1.11942790779113,0.00186984806499501,"CD3D",2.26755782137548,1.83402075703505e-06
"ENSG00000167315","ACAA2",0.343741197869801,0.000401257340313274,"ACAA2",0.318409054579861,0.000415959808422562
"ENSG00000167378","IRGQ",0.600095646867732,9.88747890526334e-05,"IRGQ",0.339048195649891,0.0246622416112406
"ENSG00000167397","VKORC1",0.313406099393482,0.00051979029106505,"VKORC1",0.235425302924763,0.0108901497339309
"ENSG00000167487","KLHL26",0.587391944120374,0.000524442523074876,"KLHL26",0.493725014905757,0.00355024679318492
"ENSG00000167515","TRAPPC2L",0.510431923600351,4.64591754917599e-07,"TRAPPC2L",0.32785972510845,0.00156987901374005
"ENSG00000167523","SPATA33",0.313906278197662,0.0251330704793255,"SPATA33",0.34186694639542,0.0124298683136791
"ENSG00000167528","ZNF641",0.526579268751764,0.015770942875047,"ZNF641",0.41259994554075,0.0338765092746662
"ENSG00000167535","CACNB3",0.673714724078812,2.34759292963159e-07,"CACNB3",0.498976178917051,0.000174384596220589
"ENSG00000167536","DHRS13",0.764573688822911,1.7188865580158e-06,"DHRS13",0.992258323720671,1.86084822112102e-10
"ENSG00000167543","TP53I13",0.967465942012699,6.94653968703503e-13,"TP53I13",0.756862406242678,7.42422362692839e-08
"ENSG00000167562","ZNF701",1.04322614759274,5.6182447538022e-06,"ZNF701",0.597894378549639,0.00787925066209691
"ENSG00000167566","NCKAP5L",0.519711652572012,0.000131469671192944,"NCKAP5L",0.407733540931972,0.00222476743902125
"ENSG00000167600","CYP2S1",0.65754860254197,0.00211217845752849,"CYP2S1",0.807582830071625,0.00226970471430103
"ENSG00000167657","DAPK3",0.820507074041689,2.95209286659594e-05,"DAPK3",0.446860221799717,0.0175777593356081
"ENSG00000167676","PLIN4",2.29250588927264,0.000245218354071833,"PLIN4",2.81218131494686,4.38899965455003e-05
"ENSG00000167703","SLC43A2",1.58500231272335,8.41471630859407e-14,"SLC43A2",1.49229545454511,2.54095694543155e-07
"ENSG00000167705","RILP",1.05285481000576,5.54833437854702e-08,"RILP",1.04958532171781,1.61125153535855e-07
"ENSG00000167767","KRT80",0.636017653913451,0.00123201628534911,"KRT80",1.91742509958585,2.16089658115443e-19
"ENSG00000167770","OTUB1",0.254754365172678,0.00120506372629186,"OTUB1",0.307834121258887,6.34698270685966e-05
"ENSG00000167778","SPRYD3",0.271974918063281,0.0414607509645628,"SPRYD3",0.349837368044044,0.00701415170318868
"ENSG00000167881","SRP68",0.277304948570462,3.71023823885989e-05,"SRP68",0.315994234638911,2.738415981078e-06
"ENSG00000167912","TOX-DT",1.55766703554862,2.63162571858088e-06,"TOX-DT",0.98792950019847,0.00230297805042277
"ENSG00000167930","FAM234A",0.758632056714642,3.94806846786995e-10,"FAM234A",0.361887705339212,0.00237424631660607
"ENSG00000168014","C2CD3",0.519349172873494,0.000154048228640362,"C2CD3",0.845291080060395,2.55919698745189e-09
"ENSG00000168016","TRANK1",1.27466751505387,1.81401716569601e-05,"TRANK1",1.37765325363041,3.31637917166886e-05
"ENSG00000168056","LTBP3",0.541205238212598,0.00194989085503419,"LTBP3",0.429397507070683,0.0117116131931153
"ENSG00000168061","SAC3D1",0.72155315845817,5.02325350778121e-09,"SAC3D1",0.351730160002533,0.00432356373533932
"ENSG00000168062","BATF2",0.784236816697801,0.00220423042310367,"BATF2",1.14056193508567,0.000183545039290549
"ENSG00000168071","CCDC88B",0.974744464616643,9.63782696695295e-06,"CCDC88B",0.84574939351244,6.89739758826121e-05
"ENSG00000168140","VASN",2.16151283588619,1.98881603006782e-24,"VASN",0.957952084782818,5.55205955212296e-06
"ENSG00000168159","RNF187",0.555743029351093,2.12663667402805e-10,"RNF187",0.215992055363537,0.0221566860465691
"ENSG00000168288","MMADHC",0.179840544866424,0.0173218402047953,"MMADHC",0.283594206163925,6.82907359750166e-05
"ENSG00000168394","TAP1",1.9048400720138,2.11132789840346e-41,"TAP1",1.53649005913634,7.95657701025778e-27
"ENSG00000168397","ATG4B",0.682802718337002,9.41421856946944e-15,"ATG4B",0.735162366467013,2.56132351068497e-15
"ENSG00000168427","KLHL30",2.60477641083285,9.09221302947016e-05,"KLHL30",2.74607355643086,7.26175785144359e-05
"ENSG00000168487","BMP1",0.792088120311142,1.87231365709807e-08,"BMP1",0.610957924086922,1.59652232122629e-05
"ENSG00000168497","CAVIN2",5.07227242648146,9.23263341022839e-16,"CAVIN2",4.40586248822692,4.1080719061602e-11
"ENSG00000168505","GBX2",0.6629070955178,0.00933895894464278,"GBX2",0.946566330548923,0.00130534274343604
"ENSG00000168610","STAT3",1.04435868024361,6.25084688001177e-38,"STAT3",1.03472950155778,4.44492536110208e-36
"ENSG00000168653","NDUFS5",0.396681176763791,1.63772462436818e-05,"NDUFS5",0.202014093245719,0.0390683592464359
"ENSG00000168672","LRATD2",1.07026678899671,3.82445992191762e-07,"LRATD2",0.852678061802109,0.00212433275007412
"ENSG00000168685","IL7R",0.483061020094592,0.0131250189523118,"IL7R",0.957123820467557,5.27846308593507e-06
"ENSG00000168701","TMEM208",0.549551075396024,2.1846075711224e-08,"TMEM208",0.464624505373613,2.15524171368719e-06
"ENSG00000168763","CNNM3",0.533518394786436,4.29165475389102e-05,"CNNM3",0.474267890292799,0.00026275694260881
"ENSG00000168769","TET2",0.517025207872814,4.03894427682399e-06,"TET2",0.433981529404174,8.54448114282898e-05
"ENSG00000168778","TCTN2",0.661771553911334,9.8321070123152e-05,"TCTN2",0.351614923845868,0.0337488098511779
"ENSG00000168792","ABHD15",1.46568032961326,6.08591877404827e-32,"ABHD15",0.786227923575949,3.74079704497732e-09
"ENSG00000168824","NSG1",3.05786900744582,4.94341586473594e-16,"NSG1",3.13516908578277,1.25543141992929e-07
"ENSG00000168890","TMEM150A",0.982325560080736,2.53022985784864e-06,"TMEM150A",1.18702970431595,3.72461816172437e-07
"ENSG00000168913","ENHO",1.87756422251515,4.99674592585736e-08,"ENHO",1.82080139734752,4.25226474519397e-06
"ENSG00000168918","INPP5D",1.09569618797452,1.12392361144476e-05,"INPP5D",1.77135406710784,4.86881374523913e-10
"ENSG00000168938","PPIC",0.694808166593377,2.37347637846759e-11,"PPIC",0.722549340347678,6.0620090586706e-12
"ENSG00000168961","LGALS9",0.759952314736947,0.0110089560207178,"LGALS9",0.937272220412364,0.00238500152618989
"ENSG00000169067","ACTBL2",2.83896104231454,4.73573900955232e-12,"ACTBL2",4.49201756470675,9.07974927154694e-20
"ENSG00000169118","CSNK1G1",0.331722596250902,0.000269092041762079,"CSNK1G1",0.36967515865371,3.65188727153514e-05
"ENSG00000169131","ZNF354A",0.409301997810816,0.0034546964098059,"ZNF354A",0.27916469015463,0.0390297740427755
"ENSG00000169548","ZNF280A",1.81087297388915,2.13822328192927e-07,"ZNF280A",0.552434118976462,0.0401211163777282
"ENSG00000169635","HIC2",0.59801888054999,2.70569262029715e-06,"HIC2",0.424560988063762,0.00102391064792647
"ENSG00000169692","AGPAT2",0.520192843975309,0.000299778866565721,"AGPAT2",0.660203416876855,8.65518797563028e-06
"ENSG00000169696","ASPSCR1",0.386490405073828,0.0105897085122918,"ASPSCR1",0.545204425373736,0.000323178626809756
"ENSG00000169733","RFNG",0.292449790833007,0.0194598885921484,"RFNG",0.305256981743382,0.0115186727710711
"ENSG00000169826","CSGALNACT2",0.691711988354215,8.3514294169729e-07,"CSGALNACT2",0.350761648259598,0.00845374373709082
"ENSG00000169851","PCDH7",1.45422669686551,4.73324633348128e-08,"PCDH7",2.0755666084262,7.28570482638782e-15
"ENSG00000169884","WNT10B",1.14970338709715,0.000183779500701024,"WNT10B",2.90087006283822,1.66931027223918e-06
"ENSG00000169895","SYAP1",0.197659420545614,0.0201120138911145,"SYAP1",0.193747869859416,0.0219819992135594
"ENSG00000169967","MAP3K2",0.262521532393905,0.0130440044419777,"MAP3K2",0.311162219845778,0.00200080997123557
"ENSG00000169991","IFFO2",0.357829889712109,0.0182644395051208,"IFFO2",0.443319642899876,0.00299474090900574
"ENSG00000170162","VGLL2",1.54102070810607,0.00361863997069506,"VGLL2",1.38205215352677,0.00580399770448644
"ENSG00000170260","ZNF212",0.319380827505351,0.010963763519794,"ZNF212",0.285995921072015,0.0212872080871886
"ENSG00000170322","NFRKB",0.50426657951961,3.12386097538149e-10,"NFRKB",0.426719384815651,1.3062835460919e-07
"ENSG00000170379","TCAF2",0.575746412466167,0.00290755507855209,"TCAF2",0.487380935366292,0.0167555709291308
"ENSG00000170423","KRT78",0.784452304644568,0.029048176739906,"KRT78",1.39621178181902,0.000933984442907818
"ENSG00000170448","NFXL1",0.437720029195751,0.000316411134393144,"NFXL1",0.361159173080386,0.00304138876060828
"ENSG00000170464","DNAJC18",0.326374707851601,0.00971431807976648,"DNAJC18",0.514010646554616,3.12400945745108e-05
"ENSG00000170471","RALGAPB",0.220583584490187,0.0255511791232878,"RALGAPB",0.212422226494326,0.0316174485679912
"ENSG00000170473","PYM1",0.308453607712612,0.0250500310475038,"PYM1",0.333662170893036,0.0104228734900616
"ENSG00000170581","STAT2",0.582925612187185,4.71832699896667e-05,"STAT2",0.340151694845975,0.0120248735552014
"ENSG00000170734","POLH",0.483698884230739,1.33683167950863e-05,"POLH",0.706877346105274,2.76952638581905e-10
"ENSG00000170775","GPR37",0.952486967809796,0.000152861553427381,"GPR37",1.17372581394258,1.09219452171458e-07
"ENSG00000170791","CHCHD7",0.801863940480196,1.59959744232207e-16,"CHCHD7",0.691535972823532,2.71434751363454e-12
"ENSG00000170835","CEL",2.67332598031485,3.71023823885989e-05,"CEL",2.8816059740883,3.8877200492989e-05
"ENSG00000170836","PPM1D",1.41435942318512,1.77791743753106e-27,"PPM1D",1.58066279312369,1.64466052448736e-33
"ENSG00000170855","TRIAP1",0.908942376905752,2.88788501189206e-15,"TRIAP1",0.970977069081873,6.11262220640068e-17
"ENSG00000170860","LSM3",0.303253567555809,6.50348798489162e-06,"LSM3",0.225476695923061,0.00112994059575499
"ENSG00000170892","TSEN34",0.217574879958575,0.0265653215610961,"TSEN34",0.376216245617554,3.90739376485406e-05
"ENSG00000171017","LRRC8E",0.666790394794329,1.22025375312369e-07,"LRRC8E",0.341561952950655,0.00789248527276532
"ENSG00000171067","C11orf24",0.566623395318785,2.71884349531111e-08,"C11orf24",0.622915683079273,2.3782170135527e-09
"ENSG00000171161","ZNF672",0.930416194729458,3.06415857856624e-11,"ZNF672",0.452117663052754,0.00150920212990053
"ENSG00000171219","CDC42BPG",2.48567594420387,4.35608474683883e-05,"CDC42BPG",3.09745542974709,4.77050956738734e-06
"ENSG00000171223","JUNB",0.840638322633405,6.80224377017431e-12,"JUNB",0.541682732031029,1.03640641957925e-05
"ENSG00000171234","UGT2B7",4.92444329603718,1.63520408902034e-08,"UGT2B7",3.42272942452963,1.66750774038503e-05
"ENSG00000171298","GAA",1.11520132532535,1.51362731280493e-06,"GAA",0.799845803210842,0.00250769392821702
"ENSG00000171421","MRPL36",0.252720452848998,0.0255363000853713,"MRPL36",0.247689993023022,0.0245490561767783
"ENSG00000171444","MCC",0.83775444192616,4.14631046502625e-11,"MCC",0.545867268176582,1.06497741267254e-05
"ENSG00000171451","DSEL",0.994019061074895,2.2093557084474e-11,"DSEL",1.02978208560324,9.70090971936243e-12
"ENSG00000171462","DLK2",0.923567510643081,9.76277918518058e-06,"DLK2",1.04728095898283,1.81533040948363e-06
"ENSG00000171466","ZNF562",0.384260170897804,0.000211328817425985,"ZNF562",0.233702774253595,0.028811045244142
"ENSG00000171469","ZNF561",1.06299047089297,6.59432092912742e-20,"ZNF561",0.265046333206425,0.033836262621226
"ENSG00000171552","BCL2L1",0.361757165918902,0.0114406537845292,"BCL2L1",0.603785140590304,2.01485188632303e-05
"ENSG00000171631","P2RY6",1.27489804922822,0.0012729807943988,"P2RY6",1.86685677889501,5.98404652270841e-05
"ENSG00000171658",NA,0.768421353107387,0.00634895466737486,NA,0.677063182083332,0.01070596615872
"ENSG00000171680","PLEKHG5",0.653110521703759,7.99948330771142e-06,"PLEKHG5",0.80350190187412,1.04540760770957e-07
"ENSG00000171813","PWWP2B",1.41413344787634,4.17179252003615e-09,"PWWP2B",0.923164868695671,8.07105504369214e-05
"ENSG00000171862","PTEN",0.199510453225366,0.026868037532905,"PTEN",0.416241048464482,5.06857659033078e-07
"ENSG00000171992","SYNPO",1.13714479373327,5.80709328316378e-14,"SYNPO",1.43591243399872,9.13257396054693e-20
"ENSG00000172037","LAMB2",0.529611052473234,0.000110098455729189,"LAMB2",0.551717275427358,3.9603169863965e-05
"ENSG00000172301","COPRS",0.289857880298272,0.0162510496619487,"COPRS",0.386960094628144,0.000753713720962878
"ENSG00000172354","GNB2",0.346137721931917,0.00523415116349618,"GNB2",0.288772983953123,0.0202285474483804
"ENSG00000172366","MCRIP2",0.328979154281525,0.0169247722875665,"MCRIP2",0.286315640269847,0.0388062002644861
"ENSG00000172409","CLP1",0.994494042276466,2.39720018935874e-14,"CLP1",0.2805219202693,0.0394309407352634
"ENSG00000172428","COPS9",0.558700850049528,2.09781008263267e-14,"COPS9",0.255626354430662,0.00100719110895594
"ENSG00000172465","TCEAL1",0.3059431924849,0.047724264556512,"TCEAL1",0.375454874120814,0.0078429110172305
"ENSG00000172493","AFF1",0.428520247500447,0.000847085202257386,"AFF1",0.340737866997101,0.00733993747829376
"ENSG00000172602","RND1",1.07475363020775,0.0131757866457921,"RND1",0.908843203125874,0.0204698128267023
"ENSG00000172663","TMEM134",0.800217757163457,1.09676438771025e-08,"TMEM134",0.417374953030331,0.00401168385194847
"ENSG00000172667","ZMAT3",0.370397765396379,0.00270281051948911,"ZMAT3",0.304255907681989,0.0125932114418268
"ENSG00000172728","FUT10",0.817988281939304,3.85391263514603e-06,"FUT10",0.476702006853465,0.005036693425305
"ENSG00000172831","CES2",0.862109061597774,1.70226278460151e-13,"CES2",0.640980329048294,5.01114935356427e-08
"ENSG00000172890","NADSYN1",0.634201632840887,1.06117824326908e-07,"NADSYN1",0.387194567419554,0.00123288358341177
"ENSG00000173039","RELA",0.416878234034657,2.90475776445453e-06,"RELA",0.354380057693364,8.81585291281513e-05
"ENSG00000173110","HSPA6",2.48847199904595,5.1007519243287e-09,"HSPA6",1.99923066344761,0.00063941326824721
"ENSG00000173120","KDM2A",0.268638140264262,0.00908159095025071,"KDM2A",0.263725921235232,0.00944983780503051
"ENSG00000173153","ESRRA",0.242975512078196,0.011073022764894,"ESRRA",0.359504490313055,6.72006435644507e-05
"ENSG00000173264","GPR137",0.626456881679759,3.31537700337986e-09,"GPR137",0.302869320851235,0.00661791809108034
"ENSG00000173267","SNCG",0.833240309800345,0.000172038827110463,"SNCG",0.763287752502941,0.00236675577485487
"ENSG00000173581","CCDC106",0.561812705713692,0.00065932153134403,"CCDC106",0.599145106850174,0.000574357657499789
"ENSG00000173597","SULT1B1",1.0660617333382,0.00303974344646152,"SULT1B1",1.27344060360397,0.0012532001450364
"ENSG00000173598","NUDT4",0.377459762838965,9.79831707724457e-06,"NUDT4",0.333887339039381,0.000140301248597402
"ENSG00000173702","MUC13",4.49744334745191,9.32062272158258e-17,"MUC13",3.1393004190085,1.4839607289918e-05
"ENSG00000173727",NA,0.667558263688443,5.40492904828151e-06,NA,0.569416924451893,0.000174723522432957
"ENSG00000173744","AGFG1",0.141092846752508,0.0358880516386133,"AGFG1",0.316442151783655,1.91028018190034e-07
"ENSG00000173786","CNP",0.613874571436861,3.29241943306036e-13,"CNP",0.461020823807488,5.07438176635667e-08
"ENSG00000173801","JUP",1.9033656233147,2.68292759020894e-19,"JUP",1.69141333034025,2.84430476199059e-16
"ENSG00000173825","TIGD3",1.50367963713561,6.1888752569505e-05,"TIGD3",0.815286078728587,0.0120597022232822
"ENSG00000173846","PLK3",1.05333176124011,8.89256933411502e-19,"PLK3",1.2842825573448,5.44499778631351e-26
"ENSG00000173926","MARCHF3",0.811015564567549,5.38144472963285e-06,"MARCHF3",0.924961968010776,2.16524302600163e-06
"ENSG00000173933","RBM4",0.528448420046071,6.63922692156728e-05,"RBM4",0.31840013458536,0.0174342715527895
"ENSG00000173991","TCAP",0.731356303845808,0.042069330972587,"TCAP",0.789753332150583,0.0303586948052832
"ENSG00000173992","CCS",1.04922462255962,7.98461160209502e-13,"CCS",0.699812811928101,9.61445600032677e-07
"ENSG00000174007","CEP19",0.601714498645268,0.000538971590079638,"CEP19",0.784015878357705,7.09511347679065e-06
"ENSG00000174080","CTSF",1.01609374324103,6.22266699200624e-07,"CTSF",0.664557295147873,0.000625605253995792
"ENSG00000174165","ZDHHC24",0.855152101363762,3.40359498039737e-12,"ZDHHC24",0.361406764853241,0.00425169493144504
"ENSG00000174243","DDX23",0.203420422690315,0.0181817772869921,"DDX23",0.227054893416829,0.00778740117056245
"ENSG00000174276","ZNHIT2",0.614918355121443,6.01716773828981e-07,"ZNHIT2",0.285478440620484,0.0275636436028525
"ENSG00000174282","ZBTB4",0.271327247911569,0.0243481240335516,"ZBTB4",0.297312157495924,0.0101876967558155
"ENSG00000174307","PHLDA3",0.876591529652641,1.00543317075368e-10,"PHLDA3",1.24962717403041,6.86799248610983e-20
"ENSG00000174332","GLIS1",1.41936391649841,6.91359727213521e-08,"GLIS1",0.892782321601032,0.000426282868826099
"ENSG00000174343","CHRNA9",1.07938164758144,6.77333383068932e-05,"CHRNA9",1.40135329863632,1.49883451722763e-06
"ENSG00000174516","PELI3",0.97650781172653,7.37028314931261e-08,"PELI3",1.0297791470874,4.97095424508312e-08
"ENSG00000174652","ZNF266",0.795250647918268,8.4909455409424e-06,"ZNF266",0.538526599419082,0.000843856809522768
"ENSG00000174684","B4GAT1",0.73591293771103,1.90080307781942e-12,"B4GAT1",0.432528378895685,3.68824525201992e-05
"ENSG00000174744","BRMS1",0.378823030666088,0.000729186386760959,"BRMS1",0.381700971894214,0.000701369117106908
"ENSG00000174775","HRAS",0.411569257310748,5.02609473456499e-05,"HRAS",0.314024410773668,0.00251580671921405
"ENSG00000174791","RIN1",0.746810533961594,1.46472934916839e-19,"RIN1",0.566477023653802,4.34741237337773e-12
"ENSG00000174792","ODAPH",2.39715170161386,1.57700669675292e-06,"ODAPH",2.00641304234672,0.000104678467619866
"ENSG00000174851","YIF1A",0.40894050864236,1.01504452779209e-05,"YIF1A",0.340041178493239,0.000297358252717182
"ENSG00000174915","PTDSS2",0.33763353296198,0.00760736030472584,"PTDSS2",0.270699667046305,0.0358620020330644
"ENSG00000174939","ASPHD1",1.33355801413794,2.20526686785149e-11,"ASPHD1",0.671331589015603,0.000836544933876689
"ENSG00000174996","KLC2",0.560557682119239,0.00102590139703194,"KLC2",0.33766840495686,0.0435866702855381
"ENSG00000175105","ZNF654",0.318756378564069,0.011362070548893,"ZNF654",0.517846044103327,2.75358391890458e-05
"ENSG00000175130","MARCKSL1",0.694669337764874,3.51117153490942e-09,"MARCKSL1",0.824104567207529,5.42600848928466e-12
"ENSG00000175183","CSRP2",1.0281858835574,1.38848102515852e-10,"CSRP2",1.60609317312058,4.97099719426368e-25
"ENSG00000175221","MED16",0.596880096160193,1.2592503988038e-05,"MED16",0.713448063079304,1.10439269496516e-06
"ENSG00000175224","ATG13",0.595963245690173,5.0316328836095e-10,"ATG13",0.503898242666176,2.2575824124666e-07
"ENSG00000175274","TP53I11",2.20955053676408,9.26733932258567e-15,"TP53I11",3.79410629771489,3.65295301971561e-08
"ENSG00000175283","DOLK",0.577913305605583,7.19472226548553e-06,"DOLK",0.27495110539442,0.0417500946464808
"ENSG00000175348","TMEM9B",0.264036763241967,0.00305446133195501,"TMEM9B",0.279304705525843,0.00149247045992149
"ENSG00000175600","SUGCT",1.5613095813011,5.07363986407919e-18,"SUGCT",2.05069002207447,4.66678234856127e-28
"ENSG00000175782","SLC35E3",0.402584636951782,1.03651822075153e-06,"SLC35E3",0.239380744445733,0.00559352284770524
"ENSG00000175793","SFN",1.46578368420108,8.54722642487816e-13,"SFN",3.11989787046507,6.33389996775438e-43
"ENSG00000175866","BAIAP2",0.550360710864526,3.69955204936446e-06,"BAIAP2",0.408469995726187,0.000636918477427663
"ENSG00000175906","ARL4D",0.346362020643745,0.0163034710970056,"ARL4D",0.459888349868493,0.000475149597315785
"ENSG00000175938","ORAI3",0.96443160934607,7.99043956398408e-07,"ORAI3",0.831113241255073,3.10757652714474e-05
"ENSG00000175984","DENND2C",1.26019379566169,0.000912569527977782,"DENND2C",1.82841475266788,0.000617857322193065
"ENSG00000176040","TMPRSS7",2.50761709668254,1.04015280542982e-09,"TMPRSS7",3.39415460420129,2.05978186101482e-12
"ENSG00000176058","TPRN",0.812677989284719,8.83392964003348e-14,"TPRN",0.255457912381935,0.036553030043397
"ENSG00000176092","CRYBG2",1.42298789673341,0.000270081090700833,"CRYBG2",4.15791838627421,1.21239978055732e-09
"ENSG00000176095","IP6K1",0.345064155065782,0.00122264782947255,"IP6K1",0.378783464883535,0.000265239686199707
"ENSG00000176102","CSTF3",0.177686812634685,0.0394085554584371,"CSTF3",0.22229371971107,0.0063690016338075
"ENSG00000176148","TCP11L1",0.801167334847503,1.13055450219162e-06,"TCP11L1",0.437690962195924,0.00732036118727486
"ENSG00000176170","SPHK1",0.64133692714154,9.0251580868322e-05,"SPHK1",0.337136487202356,0.030789415511987
"ENSG00000176371","ZSCAN2",0.574127676585308,0.000616976929919184,"ZSCAN2",0.446508065054672,0.00741000340697568
"ENSG00000176387","HSD11B2",1.85698224290951,1.9823098249285e-05,"HSD11B2",2.70040747429504,4.43310412223731e-05
"ENSG00000176399","DMRTA1",1.10794841410412,2.11397063277672e-05,"DMRTA1",0.492132035097679,0.0338365244125325
"ENSG00000176422","SPRYD4",0.411738608842739,5.13295167645305e-05,"SPRYD4",0.245802686626019,0.0194438073006458
"ENSG00000176531","PHLDB3",1.76930604239741,2.44256044018371e-07,"PHLDB3",1.52598197001191,0.000145129584382515
"ENSG00000176788","BASP1",0.32181591302235,7.1054592978063e-07,"BASP1",0.447570033212714,2.02340734955112e-12
"ENSG00000176845","METRNL",0.540015555227469,1.75325974250956e-05,"METRNL",0.486568043298298,0.000122809682610177
"ENSG00000176853","FAM91A1",0.2305453279141,0.00272637170985307,"FAM91A1",0.361569312086398,8.03110710097007e-07
"ENSG00000176903","PNMA1",0.228152548575797,0.0415833221615056,"PNMA1",0.444719588616942,1.83777989048306e-05
"ENSG00000176912",NA,1.11444374469151,3.57636458916657e-08,NA,0.519640798555948,0.00544293799815501
"ENSG00000176973","FAM89B",0.533575409148303,2.79778828549283e-08,"FAM89B",0.254810488672295,0.0182005311081997
"ENSG00000177000","MTHFR",0.656675872493464,0.000200090325221858,"MTHFR",0.608474420193344,0.00164712607712435
"ENSG00000177051","FBXO46",0.341567338263572,0.00403898959771384,"FBXO46",0.523498732887837,6.45577864748721e-06
"ENSG00000177076","ACER2",1.78150371168951,1.09789252324626e-05,"ACER2",1.87947820542078,0.000147367151239135
"ENSG00000177106","EPS8L2",1.1423549556106,9.12173480047082e-09,"EPS8L2",1.46229176071978,2.16040340126634e-13
"ENSG00000177169","ULK1",0.915843896468369,5.12041084912883e-14,"ULK1",0.662745434555247,1.29715019108894e-07
"ENSG00000177337",NA,0.505232457076992,0.0017913358992893,NA,0.318647785624618,0.0411623337435014
"ENSG00000177427","MIEF2",0.384819873553636,0.021663780931226,"MIEF2",0.598842566860665,0.000568725459155667
"ENSG00000177542","SLC25A22",0.310364934068097,0.00622177112951673,"SLC25A22",0.483827482584485,1.54328842197129e-05
"ENSG00000177551","NHLH2",4.28798584365655,6.1094804071218e-09,"NHLH2",0.763332096013043,0.0332162349246118
"ENSG00000177556","ATOX1",0.435994112162336,3.49888336086337e-07,"ATOX1",0.325088000250631,0.000165226090614132
"ENSG00000177666","PNPLA2",0.65826819376544,1.14382757826071e-12,"PNPLA2",0.537329272690952,1.64606351439517e-08
"ENSG00000177674","AGTRAP",0.813214961696189,1.82247803331899e-13,"AGTRAP",0.704990222308587,1.42036394571622e-10
"ENSG00000177675","CD163L1",1.00089173460786,0.00225611098149009,"CD163L1",1.57181061378981,0.00017412420370028
"ENSG00000177707","NECTIN3",0.260683396067752,0.0163251076798211,"NECTIN3",0.219667462526096,0.0430926801435853
"ENSG00000177822",NA,0.464350556344871,0.00439078685960142,NA,0.622891621962424,0.000166677971798086
"ENSG00000177993","ZNRF3-AS1",2.47924027156465,3.71151243257309e-05,"ZNRF3-AS1",1.03826848833406,0.013142061708007
"ENSG00000178028","DMAP1",0.349265140833691,0.00646328920594756,"DMAP1",0.498454191345029,8.44291494133529e-05
"ENSG00000178035","IMPDH2",0.188737720883824,0.0402120430246417,"IMPDH2",0.347484773959485,3.83298519458766e-05
"ENSG00000178038","ALS2CL",0.872582184149021,0.000294991405219788,"ALS2CL",1.17754633690291,9.42085605994472e-05
"ENSG00000178053","MLF1",0.646485747309714,4.21421416914009e-10,"MLF1",0.41873231256205,0.000124313480868594
"ENSG00000178078","STAP2",0.794711043869638,0.00151383215544379,"STAP2",1.04218615119097,0.000388070304693328
"ENSG00000178184","PARD6G",0.479392508434142,0.00437811591417263,"PARD6G",0.812044203739801,1.97971066161121e-06
"ENSG00000178401","DNAJC22",0.563863025367293,0.00123426764047498,"DNAJC22",0.340491643357069,0.0350606853624549
"ENSG00000178498","DTX3",0.497810454435088,0.00039084963493133,"DTX3",0.595419191751202,1.81365559031203e-05
"ENSG00000178537","SLC25A20",0.88118510857532,6.30697024357203e-06,"SLC25A20",0.861531169254707,1.61081968717696e-05
"ENSG00000178685","PARP10",1.60311494537687,6.09294845150817e-10,"PARP10",1.30065104057245,7.40034650830999e-07
"ENSG00000178719","GRINA",1.0915782993233,6.81019846466553e-30,"GRINA",0.837908188835708,3.49167636140864e-17
"ENSG00000178752","ERFE",0.941180897586113,8.3275438891123e-06,"ERFE",1.00807920121307,4.25979972055522e-06
"ENSG00000178776","C5orf46",1.48407660453466,7.45268845610049e-10,"C5orf46",2.34607202371098,4.14948709671568e-21
"ENSG00000178896","EXOSC4",0.501418386007232,1.15235461347536e-10,"EXOSC4",0.257060948768953,0.00163772205159563
"ENSG00000178927","CYBC1",0.274479842202323,0.0206963752170837,"CYBC1",0.30090090685894,0.00844311535517305
"ENSG00000178950","GAK",0.331329714268219,0.000321616483433387,"GAK",0.349462605920137,0.000150588817536856
"ENSG00000178971","CTC1",1.03226066116859,1.41994492377307e-11,"CTC1",0.937676761366061,3.65295301971561e-08
"ENSG00000178980","SELENOW",0.581939267345446,8.0276167455526e-06,"SELENOW",0.353129774567026,0.0061031550205874
"ENSG00000179029","TMEM107",0.329909611916563,0.0140421787710054,"TMEM107",0.426925559816424,0.000600301091653976
"ENSG00000179046","TRIML2",0.731476116844417,5.76514418912875e-05,"TRIML2",0.944780935747592,0.0022427063640062
"ENSG00000179148","ALOXE3",0.710814256964905,0.0127205748551989,"ALOXE3",1.49694561931462,0.000359567263641791
"ENSG00000179151","EDC3",0.482315657634796,5.12298174922938e-06,"EDC3",0.317169720153254,0.00396092582623196
"ENSG00000179152","TCAIM",1.05092070878606,4.56134100334508e-17,"TCAIM",1.01810665246501,2.4643189955787e-14
"ENSG00000179163","FUCA1",2.49650342176337,3.99349541951718e-42,"FUCA1",1.99261865855255,4.48792794663287e-33
"ENSG00000179222","MAGED1",0.279966113181701,0.010742349356929,"MAGED1",0.310465660371715,0.00346591479348644
"ENSG00000179271","GADD45GIP1",0.276625016245143,0.000129839015870166,"GADD45GIP1",0.157288840749022,0.0456362109489863
"ENSG00000179348","GATA2",1.94501275992453,8.91608292762966e-14,"GATA2",0.609175513856738,0.011366932483176
"ENSG00000179361","ARID3B",0.450111279114377,0.0163774477674439,"ARID3B",0.377069652315573,0.0356021997566059
"ENSG00000179523","EIF3J-DT",0.460101546703653,0.00440495599656693,"EIF3J-DT",0.322841802496302,0.0407629155690917
"ENSG00000179546","HTR1D",0.688631958514706,1.01922554347946e-06,"HTR1D",0.815190637239781,2.36056025053395e-08
"ENSG00000179588","ZFPM1",0.654690270842062,0.00352538022319441,"ZFPM1",0.787075943639543,0.00120878672826993
"ENSG00000179630","LACC1",0.727368105722462,8.20866392959416e-05,"LACC1",0.525020303755415,0.00266631766143334
"ENSG00000179674","ARL14",1.76782818874547,1.61814420305575e-06,"ARL14",1.59166356439097,3.34050470709248e-05
"ENSG00000179820","MYADM",0.362416001043907,0.00635436606500943,"MYADM",0.34162380612348,0.00832048935572752
"ENSG00000179869","ABCA13",1.23546766941435,0.00256123572848889,"ABCA13",1.42616109184599,0.00165077734815509
"ENSG00000179941","BBS10",0.612638446664148,0.0012729807943988,"BBS10",0.480401849082442,0.00912988260755556
"ENSG00000179988","PSTK",1.01630418093047,5.1906117327427e-08,"PSTK",0.811018188012221,2.30635438628579e-05
"ENSG00000180104","EXOC3",0.32160735128796,3.9632667002638e-05,"EXOC3",0.170882053937844,0.0447341721846501
"ENSG00000180155","LYNX1",2.32027051137606,1.31146789125287e-05,"LYNX1",2.01908283017545,4.22118191968753e-06
"ENSG00000180209","MYL11",1.55698741773456,8.77723886891783e-05,"MYL11",1.8573968456984,2.14210858165734e-05
"ENSG00000180263","FGD6",0.28646158318576,0.0253894961116468,"FGD6",0.325928102678456,0.0096077352119609
"ENSG00000180354","MTURN",1.20911703147185,7.4873904677741e-17,"MTURN",1.10402629378429,2.70666421433885e-08
"ENSG00000180488","MIGA1",0.480834953270906,2.79563648709574e-06,"MIGA1",0.475351892005785,3.68153703976157e-06
"ENSG00000180730","SHISA2",1.49193892727977,0.000490461891492907,"SHISA2",0.918672530199518,0.00255995011041817
"ENSG00000180806","HOXC9",0.649526695513914,2.22873218807988e-21,"HOXC9",0.250115482089356,0.000987914441954613
"ENSG00000180871","CXCR2",1.55659930542612,0.00347093674505872,"CXCR2",0.68232994695618,0.0398314051229977
"ENSG00000180900","SCRIB",0.40118492657111,2.44518581258792e-05,"SCRIB",0.47924882037883,4.64968156785629e-07
"ENSG00000180921","FAM83H",6.29257706834461,4.04619000486229e-20,"FAM83H",3.94822286185347,2.83506962805858e-09
"ENSG00000181026","AEN",0.255021631728145,0.0345874153877735,"AEN",0.569050227515429,5.54859634158974e-07
"ENSG00000181027","FKRP",0.344749439290146,0.00828965215599081,"FKRP",0.256145251309077,0.0498077230461909
"ENSG00000181045","SLC26A11",2.059469592035,4.73324633348128e-08,"SLC26A11",2.01950556122056,0.000513626419777589
"ENSG00000181191","PJA1",0.592426872877101,4.2606189504453e-06,"PJA1",0.514346964319476,9.97098568901996e-05
"ENSG00000181222","POLR2A",0.688753634379649,1.10394736339790e-11,"POLR2A",0.468544203186104,3.78963952206065e-06
"ENSG00000181458","TMEM45A",0.758267914600122,0.00208953368862228,"TMEM45A",1.93962928579191,1.84958316281568e-12
"ENSG00000181523","SGSH",0.761648169905046,6.01716773828981e-07,"SGSH",1.03455234705804,1.56081756928217e-07
"ENSG00000182057",NA,0.738074036239016,0.00148118476038085,NA,1.04829513122845,5.41741462768032e-05
"ENSG00000182149","IST1",0.226944535758887,0.000722182185353555,"IST1",0.232103570197131,0.000665988113728289
"ENSG00000182154","MRPL41",0.267518809087652,0.0175248916613564,"MRPL41",0.325975677697903,0.00242485666180949
"ENSG00000182165","TP53TG1",1.22661511533306,2.2685209947422e-10,"TP53TG1",1.52439783639717,3.84967422629713e-13
"ENSG00000182220","ATP6AP2",0.907700839075568,2.34433026906119e-25,"ATP6AP2",0.449500591901696,3.40454443601698e-07
"ENSG00000182326","C1S",0.827661027134508,0.0121160327288203,"C1S",0.610916405913211,0.0372871391056326
"ENSG00000182473","EXOC7",0.355906120143002,0.000677931205448958,"EXOC7",0.245018406121929,0.0234468692694697
"ENSG00000182544","MFSD5",0.461328900740791,6.1094804071218e-09,"MFSD5",0.358974803969321,1.87078664935791e-05
"ENSG00000182580","EPHB3",2.65670976387596,4.77425109937732e-20,"EPHB3",1.72773381966502,1.44966038791229e-05
"ENSG00000182612","TSPAN10",2.13086733366333,2.33046412183696e-22,"TSPAN10",1.92002367842527,4.34409479953317e-15
"ENSG00000182687","GALR2",2.80033158154133,2.34315723273341e-09,"GALR2",3.29095584509165,7.1265294339795e-08
"ENSG00000182704","TSKU",0.902892762065716,2.35182898721545e-15,"TSKU",0.558072683415976,1.0282414733487e-06
"ENSG00000182795","C1orf116",2.80572516353734,8.67834543630045e-07,"C1orf116",1.62336481003657,0.00154543547253973
"ENSG00000182827","ACBD3",0.284597019596481,3.07446674757049e-05,"ACBD3",0.260922919168744,0.000163358146292375
"ENSG00000182950","CIMAP1C",2.55830065806069,0.000164380425079588,"CIMAP1C",1.82058531340186,0.00187476709721449
"ENSG00000183072","NKX2-5",1.52932219945851,1.45524695720639e-31,"NKX2-5",1.05852143314135,4.96084558956987e-14
"ENSG00000183250","LINC01547",0.594883712305323,0.0228473477085955,"LINC01547",1.29163914857034,9.81524376957021e-05
"ENSG00000183283","DAZAP2",0.325190617750627,1.19173995912673e-06,"DAZAP2",0.225986023575648,0.00110290769077585
"ENSG00000183309","ZNF623",0.358122151002053,0.00875948670057707,"ZNF623",0.623156581235811,2.91326436500036e-06
"ENSG00000183421","RIPK4",1.92297353997294,2.10378554186829e-09,"RIPK4",0.499447036513536,0.0443430592135383
"ENSG00000183560","IZUMO1R",3.16318352332813,1.35182394381177e-05,"IZUMO1R",2.18709072554366,0.000578190449943238
"ENSG00000183624","HMCES",0.388191561027321,7.49897623886807e-05,"HMCES",0.733130076500334,1.49984076292436e-13
"ENSG00000183628","DGCR6",0.747302543857065,0.0151697912376952,"DGCR6",1.26367241813451,0.0030112751806148
"ENSG00000183647","ZNF530",0.619438530297105,3.36061344759351e-06,"ZNF530",0.655387238206932,9.63933206268023e-07
"ENSG00000183688","RFLNB",0.31350707232714,0.00245467455931772,"RFLNB",0.371993279983761,0.0002723105188931
"ENSG00000183696","UPP1",0.539693348375878,0.000665527072808,"UPP1",0.331108371709828,0.0339895516886528
"ENSG00000183715","OPCML",3.58001576565805,1.80970174785295e-08,"OPCML",4.6709776166145,3.28848334041145e-09
"ENSG00000183726","TMEM50A",0.365367319500166,7.07946001867135e-06,"TMEM50A",0.286657428537116,0.000566589850099483
"ENSG00000183828","NUDT14",0.664302834724294,1.82806095186607e-05,"NUDT14",0.3170763017364,0.0361741138279557
"ENSG00000184014","DENND5A",0.218065964661473,0.0468466266783957,"DENND5A",0.474911050290759,3.46772165455439e-06
"ENSG00000184160","ADRA2C",1.12861710774617,0.00484489679633293,"ADRA2C",1.73078672762308,0.000998224621676198
"ENSG00000184203","PPP1R2",0.449060402735487,3.81868880840383e-09,"PPP1R2",0.485291724744203,2.19295268534018e-10
"ENSG00000184205","TSPYL2",1.50785716536104,2.53639950419602e-15,"TSPYL2",1.74288065089636,4.56258621559904e-18
"ENSG00000184226","PCDH9",1.68207544251134,1.81796461787931e-12,"PCDH9",0.829476325254055,0.00040688823513778
"ENSG00000184281","TSSC4",0.296035206534824,0.00807788799905094,"TSSC4",0.250720288320414,0.0283002830899453
"ENSG00000184319",NA,0.653951902447629,0.000695065811244523,NA,0.917565200470925,1.00638683432166e-05
"ENSG00000184363","PKP3",0.622311862747479,0.000794574321910927,"PKP3",0.933563393532254,2.51458734472517e-06
"ENSG00000184481","FOXO4",1.14456080700759,2.30789009200586e-06,"FOXO4",1.0553770934002,0.000312665508731464
"ENSG00000184486","POU3F2",0.97491304803748,1.05515458519589e-07,"POU3F2",0.949786532358866,4.55067383245887e-07
"ENSG00000184502","GAST",2.42428435760192,0.00015763413419991,"GAST",0.862912222511714,0.0240157343255606
"ENSG00000184545","DUSP8",1.08379268402611,3.76761864194757e-05,"DUSP8",1.08747596571857,0.00100113628636204
"ENSG00000184564","SLITRK6",2.00988304421847,0.000275315215049925,"SLITRK6",2.43696350383687,7.79297103988925e-05
"ENSG00000184584","STING1",0.883898697826808,4.01408076692993e-12,"STING1",0.746780197877806,1.65430815224589e-08
"ENSG00000184619","KRBA2",1.29623647997685,9.40171843286758e-06,"KRBA2",1.1183405297257,0.000265559081734296
"ENSG00000184678","H2BC21",0.781962769826972,0.000410832485963122,"H2BC21",0.613137938056663,0.00710847335788648
"ENSG00000184788","SATL1",1.49817517491158,0.00397261893454184,"SATL1",0.69730369106445,0.0401532546611476
"ENSG00000184840","TMED9",0.303489607963117,3.35926992145605e-06,"TMED9",0.207770965482582,0.0023749986725496
"ENSG00000184979","USP18",1.54417622936188,4.28208274767412e-06,"USP18",1.02101898046645,0.00323970018758598
"ENSG00000184988","TMEM106A",1.15766690432822,1.23866977294067e-08,"TMEM106A",0.902809899304066,8.53819952654225e-06
"ENSG00000185000","DGAT1",0.482996395720708,0.000919417030422292,"DGAT1",0.406377121861146,0.00581836334688357
"ENSG00000185085","INTS5",0.703381742604825,8.06960106849343e-10,"INTS5",0.825375816258422,2.32902052597786e-12
"ENSG00000185088","RPS27L",0.480690487537918,0.000289920573578149,"RPS27L",0.515206886639781,8.18557948594334e-05
"ENSG00000185112","FAM43A",0.822059365491501,5.51246816648992e-06,"FAM43A",0.655489901750425,0.000282037805435846
"ENSG00000185122","HSF1",0.395140724287142,2.54581848030869e-05,"HSF1",0.223492974488132,0.0241870644565932
"ENSG00000185236","RAB11B",0.317586957680721,0.000319362129699648,"RAB11B",0.299055584078304,0.000623426419595673
"ENSG00000185247","MAGEA11",0.354490147088576,0.00100124283096767,"MAGEA11",0.389219974201962,0.000307656617905501
"ENSG00000185432","TMT1A",1.27440725896351,0.00148424947864582,"TMT1A",1.00422389184589,0.00859740281923008
"ENSG00000185527","PDE6G",2.85798499822758,1.8718720249219e-09,"PDE6G",2.51891617571869,7.88811729457582e-07
"ENSG00000185561","TLCD2",1.13915285981833,3.52695895982385e-09,"TLCD2",0.471988765784594,0.00985114086575324
"ENSG00000185608","MRPL40",0.356141051520838,0.000245663620693429,"MRPL40",0.205365123199062,0.0450813890864027
"ENSG00000185634","SHC4",1.37214084821275,6.8558782255139e-07,"SHC4",2.16023593718979,5.51741648827126e-17
"ENSG00000185668","POU3F1",1.39638475288649,0.00407026527376949,"POU3F1",1.17817086917234,0.00973914756164938
"ENSG00000185721","DRG1",0.212676852862851,0.0123261825913524,"DRG1",0.247500626159261,0.00275632387176762
"ENSG00000185745","IFIT1",0.689338801983333,0.00613653844358979,"IFIT1",0.5862385341201,0.0202439383705041
"ENSG00000185761","ADAMTSL5",0.78627842723908,2.07975838064115e-05,"ADAMTSL5",0.362792172250047,0.0297042843503214
"ENSG00000185800","DMWD",0.410058647679113,0.000182330349124121,"DMWD",0.345875148644699,0.00162580651107859
"ENSG00000185803","SLC52A2",0.366493451366537,0.000298266569043309,"SLC52A2",0.408485759913086,4.6689042326745e-05
"ENSG00000185860","CCDC190",0.683716489926061,0.0036707938080496,"CCDC190",1.6551621259929,3.25687560695433e-08
"ENSG00000185862","EVI2B",1.0751455755862,5.5430190127745e-11,"EVI2B",1.69063091453605,8.38144721124492e-25
"ENSG00000185896","LAMP1",0.550212496168497,3.55698811533213e-14,"LAMP1",0.306626709570702,4.20143876570373e-05
"ENSG00000185904","LINC00839",0.46392720009599,8.80308294532433e-05,"LINC00839",0.24557124328438,0.0498603184389279
"ENSG00000185909","KLHDC8B",0.727243117733918,0.00283228627618267,"KLHDC8B",0.868024062461053,0.000295890458516354
"ENSG00000185950","IRS2",0.778156548815561,1.04328631082153e-05,"IRS2",0.602399804504711,0.000495819006144914
"ENSG00000186115","CYP4F2",1.93840306024875,0.000186478997182909,"CYP4F2",4.48182280550641,1.71317682526073e-09
"ENSG00000186166","CENATAC",0.452758002588528,0.00750743436700245,"CENATAC",0.490962916033034,0.00276720428188552
"ENSG00000186174","BCL9L",0.727547023421706,6.76458662335904e-06,"BCL9L",0.766939737425683,3.425681665785e-06
"ENSG00000186226","LCE1E",3.86074374390146,8.49697175309607e-18,"LCE1E",4.03005064854157,5.2611055519646e-10
"ENSG00000186451","SPATA12",1.16910110650407,0.00220506085600772,"SPATA12",0.703395343603275,0.0222657052259355
"ENSG00000186462","NAP1L2",0.697084120523495,0.0239686354773826,"NAP1L2",0.963485119804643,0.00914993697907222
"ENSG00000186481",NA,2.08299505225186,1.26704743099806e-09,NA,2.06754970569938,9.46530057232382e-09
"ENSG00000186529","CYP4F3",3.33349639809789,5.19743392689903e-12,"CYP4F3",2.49776982684101,1.65801938633002e-10
"ENSG00000186854","TRABD2A",0.302067522750439,0.00538521265356397,"TRABD2A",0.23051342533561,0.0375700356936166
"ENSG00000186897","C1QL4",1.06100760503062,0.000358089529936881,"C1QL4",0.770462298809794,0.00652868336853665
"ENSG00000186994","KANK3",1.27307739040901,0.00711788864199006,"KANK3",0.905068124214955,0.0211924089013941
"ENSG00000187098","MITF",1.32126001780252,1.03000167349034e-15,"MITF",2.30577307768475,2.2440325300197e-41
"ENSG00000187134","AKR1C1",1.21948488524112,0.00145293749145863,"AKR1C1",1.79781188460083,3.28321017171594e-05
"ENSG00000187189","TSPYL4",0.307389571676009,0.011265425204192,"TSPYL4",0.305608060733261,0.0116429465225761
"ENSG00000187229",NA,1.49928916550205,0.000872203302244732,NA,1.93471127021179,0.000367441059926241
"ENSG00000187479","C11orf96",1.55786738229638,7.65779532840211e-09,"C11orf96",0.86483001899616,0.00128294797199291
"ENSG00000187583","PLEKHN1",0.761302121904368,3.1604088035725e-08,"PLEKHN1",1.01048103994825,1.07572205868456e-10
"ENSG00000187608","ISG15",1.95258535697614,1.01626569209588e-29,"ISG15",1.33096710147926,5.63493903145259e-14
"ENSG00000187689","AMTN",3.20218284616263,7.95738063917997e-07,"AMTN",3.14927459595806,1.3270241027121e-06
"ENSG00000187908","DMBT1",1.355567425924,0.00171381517529636,"DMBT1",0.977334265751728,0.00956918212677559
"ENSG00000187954","ZFTRAF1",0.675866801505267,1.67990918727163e-08,"ZFTRAF1",0.445185074826669,0.000228090043534676
"ENSG00000187994","RINL",1.17203880715935,7.78009246760657e-07,"RINL",1.16147208100855,9.19262768244036e-09
"ENSG00000188215","DCUN1D3",0.620601833841452,6.83168033430481e-05,"DCUN1D3",0.684376042899493,2.22725274408803e-05
"ENSG00000188522","FAM83G",0.490370647417427,0.000991348932253275,"FAM83G",0.326535444261319,0.026961284033775
"ENSG00000188554","NBR1",0.227739301990854,0.0140757521647782,"NBR1",0.270234974850706,0.00267210366628699
"ENSG00000188706","ZDHHC9",0.953679291854957,9.08447216999408e-21,"ZDHHC9",1.06605408155836,4.6338139455408e-22
"ENSG00000188825","LINC00910",2.25952145840931,1.27485130009007e-16,"LINC00910",3.23278770237906,2.53410687716201e-25
"ENSG00000189056","RELN",1.85091108058027,0.00115587530905602,"RELN",2.36916359471955,0.000583157465068665
"ENSG00000189077","TMEM120A",0.589263094240192,3.4119920465491e-06,"TMEM120A",0.579651073072491,1.21004301577221e-05
"ENSG00000189171","S100A13",0.869066791311829,6.99048246751264e-19,"S100A13",0.703197474266976,9.01763841848163e-13
"ENSG00000189190","ZNF600",1.58204794258216,1.76112333602324e-05,"ZNF600",1.84798909013799,2.54441579127078e-05
"ENSG00000189252","SPANXN3",1.07982224254022,0.00357512394948506,"SPANXN3",1.83486425990517,2.90955716060569e-06
"ENSG00000189275","LINC01164",5.31472999940704,1.05278391309103e-13,"LINC01164",3.57363606779603,3.96454158883596e-12
"ENSG00000189280","GJB5",0.810882458762083,0.0323532654478506,"GJB5",1.19630005292423,0.00889614810501599
"ENSG00000189334","S100A14",1.36442514800602,0.000941239820917389,"S100A14",0.759053650013605,0.0319555671605767
"ENSG00000189366",NA,2.3359667559635,0.00044036156817007,NA,1.83381058517094,0.00197484471423422
"ENSG00000196072","BLOC1S2",0.620761432688025,4.58819312187362e-15,"BLOC1S2",0.479795950052365,2.24391892419418e-09
"ENSG00000196110","ZNF699",1.32228760932936,5.69645794452043e-06,"ZNF699",1.91058756522633,2.72743395161366e-17
"ENSG00000196139","AKR1C3",0.951034800704736,0.000478089194241558,"AKR1C3",1.08746337682909,0.000665664350932287
"ENSG00000196152","ZNF79",1.9525314028233,2.26138589758794e-10,"ZNF79",0.730633331310984,0.011068847944788
"ENSG00000196155","PLEKHG4",1.68032755382533,3.19268781923238e-11,"PLEKHG4",1.50193623575415,2.08082380178213e-07
"ENSG00000196187","TMEM63A",0.538474531280204,0.000355714284423218,"TMEM63A",0.358871283499197,0.015687774246316
"ENSG00000196196","HRCT1",1.61441244694176,1.95447596484891e-15,"HRCT1",1.43354277986448,1.01490618577929e-11
"ENSG00000196199","MPHOSPH8",0.30343363358735,7.05701128354102e-08,"MPHOSPH8",0.153824892854158,0.0136095430236782
"ENSG00000196208","GREB1",2.66008002048291,2.51181728984565e-39,"GREB1",2.22609244301161,4.53470524607755e-25
"ENSG00000196235","SUPT5H",0.552177489941133,2.16892862647471e-13,"SUPT5H",0.38129122554339,6.86125900695946e-07
"ENSG00000196247","ZNF107",0.399867320166251,0.0166488704848696,"ZNF107",0.471388993738258,0.00354998188222408
"ENSG00000196352","CD55",0.799403888056181,2.00543585802499e-09,"CD55",0.441069615884959,0.000819030870853116
"ENSG00000196391","ZNF774",0.71824785735229,0.000656897897404914,"ZNF774",1.37001810634652,2.06076610327094e-07
"ENSG00000196406","SPANXD",1.65351325163931,8.64045901442902e-06,"SPANXD",1.34585838758662,0.000864879868374551
"ENSG00000196411","EPHB4",0.287294046651666,0.00240979117422494,"EPHB4",0.207075179162456,0.0365296073137122
"ENSG00000196417","ZNF765",1.0707585045792,3.31354992101985e-09,"ZNF765",0.569052254605026,0.00131502241910835
"ENSG00000196428","TSC22D2",0.373032634869691,0.00288377066537416,"TSC22D2",0.276662295651502,0.0292370696116119
"ENSG00000196507","TCEAL3",0.288662753653735,0.0268004710621707,"TCEAL3",0.405089420112824,0.000927407302095662
"ENSG00000196562","SULF2",2.41557675511221,3.339856731416e-08,"SULF2",2.34429754504585,4.3748505624224e-05
"ENSG00000196576","PLXNB2",0.8081594875416,1.44592519892785e-12,"PLXNB2",1.02655054785175,4.46771701205288e-19
"ENSG00000196586","MYO6",0.514231242676414,8.38015765092821e-08,"MYO6",0.29256413025901,0.00302117460091883
"ENSG00000196588","MRTFA",0.488846014804172,0.000783970370748858,"MRTFA",0.565021589119835,0.000113341167856752
"ENSG00000196689","TRPV1",1.20420494285616,0.000840234476905442,"TRPV1",0.623750972512275,0.0278729027839493
"ENSG00000196704","AMZ2",0.37083102992518,0.000355327886944833,"AMZ2",0.242249875329417,0.0240068002026673
"ENSG00000196734","LCE1B",6.09930079589901,1.02979872236332e-18,"LCE1B",5.88141159303579,3.68374745713866e-18
"ENSG00000196743","GM2A",0.900739496793179,1.45056900999099e-13,"GM2A",0.921797623657519,1.56696868320204e-12
"ENSG00000196839","ADA",0.794526222446477,1.72623554711871e-09,"ADA",0.769329915308952,3.55606878841285e-07
"ENSG00000196843","ARID5A",0.692937070509441,0.00330767240844077,"ARID5A",0.683042642772681,0.00545067854894409
"ENSG00000196878","LAMB3",0.444370240782713,0.000238691151661239,"LAMB3",0.281806813864275,0.0208288052502662
"ENSG00000196937","FAM3C",0.381771865318842,6.41956841596819e-07,"FAM3C",0.25657239924856,0.00157580578957942
"ENSG00000196943","NOP9",0.36243787744138,0.00228888855719324,"NOP9",0.455627674448541,0.000112855498770512
"ENSG00000196954","CASP4",0.539344793335495,8.59227659402028e-08,"CASP4",0.648813217239138,1.02402681012479e-10
"ENSG00000197019","SERTAD1",1.92496456546687,9.53370382335146e-41,"SERTAD1",1.26192796211019,5.88469296632553e-18
"ENSG00000197070","ARRDC1",0.479621351050196,0.00280728416664269,"ARRDC1",0.487135163349653,0.00387004054735825
"ENSG00000197084","LCE1C",7.31752018563117,3.65803531414708e-24,"LCE1C",6.49073339975749,1.36070894337991e-19
"ENSG00000197093","GAL3ST4",2.32913330574496,8.50884431102177e-06,"GAL3ST4",3.95815243377191,1.26860422459832e-07
"ENSG00000197121","PGAP1",0.742257933894057,2.18162958434673e-05,"PGAP1",0.478623272375819,0.00452718133227457
"ENSG00000197181","PIWIL2",0.986502510674673,0.000304419423563545,"PIWIL2",1.40908670106693,7.3575284786109e-07
"ENSG00000197191","CYSRT1",1.87878871385166,2.26728447688275e-11,"CYSRT1",2.35509208716242,2.39502844901185e-14
"ENSG00000197217","ENTPD4",0.244871063976992,0.0415029607340536,"ENTPD4",0.246972247106403,0.0366911955398464
"ENSG00000197256","KANK2",0.31207622308346,0.0011110778382403,"KANK2",0.527188945786815,1.0332189513842e-08
"ENSG00000197323","TRIM33",0.217841126390443,0.00497733729564764,"TRIM33",0.281569757262445,0.000169341427868819
"ENSG00000197324","LRP10",0.274394815781667,0.0158753542579586,"LRP10",0.251421739488934,0.0246092333535266
"ENSG00000197362","ZNF786",0.70507249494082,0.00230069931924398,"ZNF786",0.635456964019853,0.0066945933167987
"ENSG00000197375","SLC22A5",1.27523163746899,2.29945566875625e-09,"SLC22A5",2.0091351148084,2.26865331591443e-14
"ENSG00000197530","MIB2",1.86896629629803,7.07628734463718e-22,"MIB2",1.53591866824675,8.48694521568421e-14
"ENSG00000197565","COL4A6",1.88514210829566,1.6475931148744e-07,"COL4A6",1.0540274981414,0.0119680922898308
"ENSG00000197608","ZNF841",1.35473690652561,3.80250374530439e-07,"ZNF841",0.886114068698906,0.000786287801819427
"ENSG00000197632","SERPINB2",1.78288457018586,2.9826717745673e-06,"SERPINB2",2.48455487296366,7.57095329218945e-11
"ENSG00000197694","SPTAN1",0.429748280529387,0.000123214591314953,"SPTAN1",0.338595328041146,0.00244372062585898
"ENSG00000197696","NMB",1.30133056087115,1.73811749911625e-16,"NMB",0.922187359446521,4.55549109070742e-11
"ENSG00000197746","PSAP",0.635342718588088,6.26707090018113e-13,"PSAP",0.256943696321141,0.00545652613654586
"ENSG00000197774","EME2",0.85843916999536,0.00020617101325074,"EME2",0.591135554142339,0.00940178741280141
"ENSG00000197852","INKA2",2.39027755813484,2.57132779137679e-53,"INKA2",2.16727902412533,5.45162360924375e-47
"ENSG00000197912","SPG7",0.542596529503581,7.09964471272281e-07,"SPG7",0.28671232074452,0.0114497754776723
"ENSG00000197982","C1orf122",0.788939178392055,9.09731492292173e-21,"C1orf122",0.423992601438744,7.4136977586886e-07
"ENSG00000197993","KEL",5.34860106885322,3.34258507003761e-12,"KEL",3.80201867848509,6.29453801269774e-10
"ENSG00000198074","AKR1B10",2.67948038012959,1.49403909743022e-15,"AKR1B10",2.01745471656992,7.92648988520214e-09
"ENSG00000198131","ZNF544",0.231654929851193,0.0475992743413716,"ZNF544",0.343241446908933,0.00154767386004561
"ENSG00000198157","HMGN5",0.845432868764391,7.04988809074705e-08,"HMGN5",0.82969281359176,2.10969129765456e-07
"ENSG00000198171","DDRGK1",1.08993478436851,1.21066042220732e-44,"DDRGK1",1.343677094179,1.84213215974757e-62
"ENSG00000198189","HSD17B11",0.502669407971229,0.00305611927805926,"HSD17B11",0.441241571367269,0.00726111863839609
"ENSG00000198265","HELZ",0.236279771855332,0.0321247936871095,"HELZ",0.462156234697239,6.89889958570417e-06
"ENSG00000198324","PHETA1",0.406366620871647,0.0270339933082939,"PHETA1",0.654485849253517,0.00103775861091932
"ENSG00000198468","FLVCR1-DT",0.417925430648036,0.0101614081762482,"FLVCR1-DT",0.539970612071388,0.000641272934460506
"ENSG00000198517","MAFK",0.312695600638407,0.00904937879764058,"MAFK",0.287078819832252,0.0162324663017088
"ENSG00000198556","ZNF789",0.507473801753557,0.0246065270082983,"ZNF789",0.425766606757026,0.0410263579298696
"ENSG00000198573","SPANXC",1.86949470665805,1.01336866067814e-10,"SPANXC",2.98150705669255,1.47863501114002e-24
"ENSG00000198604","BAZ1A",0.223170166317014,0.000405969503685847,"BAZ1A",0.390259553043745,1.09400476377451e-10
"ENSG00000198712","MT-CO2",0.982079992831705,6.67658218503879e-11,"MT-CO2",0.6706512478525,7.16930238737507e-06
"ENSG00000198715","GLMP",0.736905411915988,8.39385470831594e-07,"GLMP",0.835726642336779,9.52047891724582e-08
"ENSG00000198720","ANKRD13B",1.04863222482195,2.72258029552556e-11,"ANKRD13B",0.747837271989588,2.09091450572306e-06
"ENSG00000198728","LDB1",0.904176538707915,1.78246270295629e-11,"LDB1",0.808395972444887,8.20276085382793e-09
"ENSG00000198732","SMOC1",1.69577381952007,1.17333464626038e-17,"SMOC1",2.85259499693433,1.80311066294839e-25
"ENSG00000198818","SFT2D1",0.483692144018895,1.04324629563454e-07,"SFT2D1",0.538721281986274,3.81463021221414e-09
"ENSG00000198832","SELENOM",1.35275506201857,7.00267990474045e-16,"SELENOM",1.17100434648291,2.59615885211866e-10
"ENSG00000198838","RYR3",2.74581156403855,0.000184128915585232,"RYR3",2.53785978782122,0.000387424863869082
"ENSG00000198863","RUNDC1",0.373180255071642,0.000368647057865737,"RUNDC1",0.306307849963952,0.00353049941968559
"ENSG00000198886","MT-ND4",0.5175461814199,0.000254700742328872,"MT-ND4",0.398832446383482,0.00376067689742172
"ENSG00000198892","SHISA4",1.09087184582703,8.37566246904002e-09,"SHISA4",0.888678323207545,1.21004301577221e-05
"ENSG00000198899","MT-ATP6",0.460517050488801,0.0011100229622728,"MT-ATP6",0.795394390666792,3.68586109534756e-08
"ENSG00000198933","TBKBP1",1.11580092730881,0.000121360897161877,"TBKBP1",1.21921169448886,0.000147285720898567
"ENSG00000198947","DMD",0.76298829066285,5.53285358240239e-05,"DMD",1.12652094973715,2.90374239034776e-07
"ENSG00000198951","NAGA",0.416068443646361,0.0119925916095801,"NAGA",0.314598119234002,0.0415380027821928
"ENSG00000198954","KIFBP",0.2545336750505,0.00650868150276586,"KIFBP",0.204755273536523,0.0372634943431106
"ENSG00000203326","ZNF525",1.26956994345479,0.000588961683666721,"ZNF525",2.23309179752165,1.64292677154441e-06
"ENSG00000203644",NA,0.530182335243049,0.00458917701710556,NA,0.595863796143623,0.00142846536089408
"ENSG00000203760","CENPW",0.536884803784596,4.1755164055097e-05,"CENPW",0.86388370949844,1.03432454939176e-10
"ENSG00000203783","PRR9",3.11464753368906,1.80603423368107e-21,"PRR9",1.23301077492084,0.000113341167856752
"ENSG00000203879","GDI1",0.572271416683849,1.60499067162192e-08,"GDI1",0.377279459895355,0.000219559847592994
"ENSG00000203950","RTL8A",0.396557533133184,4.82911546984734e-05,"RTL8A",0.316032561370394,0.00124484127166293
"ENSG00000203999","LINC01270",1.17363519821508,0.00207286554377323,"LINC01270",1.77224176406131,0.000103553866501179
"ENSG00000204052","LRRC73",1.76775447547007,5.66572263573637e-06,"LRRC73",1.20018650923406,0.00218101422299852
"ENSG00000204138","PHACTR4",0.210274390971473,0.0030324638154172,"PHACTR4",0.155091197900126,0.0367404257210519
"ENSG00000204178","MACO1",0.374771443565857,0.000255289975936386,"MACO1",0.311720391237678,0.00252310500905102
"ENSG00000204219","TCEA3",0.987791130815783,0.000402974227669168,"TCEA3",1.48399196391177,3.76965061736139e-06
"ENSG00000204227","RING1",0.429960134127132,1.62575507117965e-07,"RING1",0.439319944454582,6.37662266822974e-08
"ENSG00000204264","PSMB8",0.434412718245583,0.0105782508533555,"PSMB8",0.440180604841938,0.00661035627903398
"ENSG00000204267","TAP2",0.360851812253727,2.38142643878372e-05,"TAP2",0.370574907979793,1.17611178071694e-05
"ENSG00000204287","HLA-DRA",1.15007331386081,0.00309573910144011,"HLA-DRA",1.0056314101556,0.0119899553131043
"ENSG00000204386","NEU1",1.16873880642412,1.2252507619098e-31,"NEU1",1.1562279283649,3.52992383122898e-29
"ENSG00000204388","HSPA1B",0.991810833654495,5.86886749498709e-17,"HSPA1B",1.28297822137267,1.09352586012732e-26
"ENSG00000204389","HSPA1A",1.50248217003821,1.04987072924907e-37,"HSPA1A",1.81148358850194,1.36404833742074e-54
"ENSG00000204397","CARD16",1.77361289684843,3.66044186920242e-11,"CARD16",1.62973799959972,2.55545775295672e-11
"ENSG00000204520","MICA",0.5621782098809,3.6789006272252e-05,"MICA",0.45795710724791,0.000962192411521333
"ENSG00000204525","HLA-C",0.967512460100944,7.58796280380997e-11,"HLA-C",0.546292844921217,7.12065010984646e-05
"ENSG00000204569","PPP1R10",0.242245254487595,0.0188903175838948,"PPP1R10",0.606071105180705,4.13016810543907e-10
"ENSG00000204580","DDR1",0.828309327306606,3.54214650157262e-15,"DDR1",0.950192513260863,4.46771701205288e-19
"ENSG00000204592","HLA-E",0.915939053043029,3.34644680722746e-09,"HLA-E",0.703040545982429,7.0202401870794e-06
"ENSG00000204604","ZNF468",0.992171753608636,0.000331964907805688,"ZNF468",0.663305223294448,0.0120840576096415
"ENSG00000204619","PPP1R11",0.279353886068735,0.00137686871538412,"PPP1R11",0.30671771706,0.000335271926788163
"ENSG00000204634","TBC1D8",0.665767813263017,0.000220771061116094,"TBC1D8",0.807059297585737,2.03110115991097e-06
"ENSG00000204859","ZBTB48",1.24000031573656,1.833059615092e-08,"ZBTB48",0.545306795738527,0.00992583455532398
"ENSG00000204866","IGFL2",1.02538804524531,0.0153819821682195,"IGFL2",1.70983906370528,0.000308084345430405
"ENSG00000204922","UQCC3",0.360769220582281,0.00309573910144011,"UQCC3",0.363873808461761,0.00216761435962369
"ENSG00000204947","ZNF425",2.12693532430862,7.36313234420442e-06,"ZNF425",1.27647609587936,0.00412268421738961
"ENSG00000205352","PRR13",0.37227825452236,7.63585872110557e-07,"PRR13",0.278910398293955,0.000318009404992134
"ENSG00000205413","SAMD9",0.574376862165363,1.86098179399241e-06,"SAMD9",0.499206846269356,6.15772516143083e-05
"ENSG00000205426","KRT81",0.333726348142014,0.0337951411790546,"KRT81",0.348015187857774,0.019386216627585
"ENSG00000205559","CHKB-DT",0.953871762101264,5.31366028530501e-08,"CHKB-DT",0.791015399046749,1.3389647982471e-05
"ENSG00000205593","DENND6B",1.4205029293748,0.00174987145077061,"DENND6B",0.950337748802466,0.011482408408714
"ENSG00000205913","SRRM2-AS1",0.885435488695116,0.00719913653511071,"SRRM2-AS1",1.08833359029563,0.0019819996353329
"ENSG00000206075","SERPINB5",1.81566612114629,1.04860173414949e-54,"SERPINB5",1.64344784644177,1.40189256999257e-46
"ENSG00000206503","HLA-A",0.841369652385507,4.23088342297605e-10,"HLA-A",0.578783690542316,1.2638924573832e-05
"ENSG00000210082",NA,1.14639468307501,4.5677376916369e-05,NA,1.09805357336658,0.000114218637278177
"ENSG00000210154",NA,3.58110629448986,4.43621141419992e-16,NA,3.00420812556011,1.42014736603606e-11
"ENSG00000211448","DIO2",1.83847760576554,1.33192072526958e-05,"DIO2",1.47794532024709,0.000485936620626806
"ENSG00000211455","STK38L",0.363552621277381,0.0102273373215506,"STK38L",0.488949173510095,0.000232061634343708
"ENSG00000211584","SLC48A1",1.61687294263556,1.08518244202427e-33,"SLC48A1",1.32591369980691,2.95342935450818e-23
"ENSG00000213020","ZNF611",0.790302766275443,1.86098179399241e-06,"ZNF611",0.340504573163307,0.0483986089791955
"ENSG00000213064","SFT2D2",0.331141758376605,0.000436383578263582,"SFT2D2",0.279186337053454,0.00367544610609953
"ENSG00000213185","FAM24B",1.4143563639914,6.66803999841497e-10,"FAM24B",2.37508254061657,3.55637534391466e-20
"ENSG00000213213","CCDC183",3.25887767877242,8.43553187412471e-06,"CCDC183",1.12604980453242,0.0107422419849446
"ENSG00000213337","ANKRD39",0.532077854552797,0.000223575701727588,"ANKRD39",0.452097204132746,0.00225893652514857
"ENSG00000213523","SRA1",0.848080764298838,1.08694758122963e-16,"SRA1",0.464789522100631,6.14398830898762e-06
"ENSG00000213626","LBH",2.07723914912243,7.65009314638734e-13,"LBH",1.60507325696452,6.51170622144859e-09
"ENSG00000213694","S1PR3",1.94992726822419,2.21710469320892e-05,"S1PR3",1.62518539337156,0.0014111205730628
"ENSG00000213799","ZNF845",1.70592576186765,2.73291626737225e-28,"ZNF845",0.688657839715899,2.32159182760135e-05
"ENSG00000213859","KCTD11",1.18343799681429,3.0997584575988e-09,"KCTD11",0.569169283603874,0.00322399120705082
"ENSG00000213904","LIPE-AS1",2.16838891139129,4.7658203093328e-09,"LIPE-AS1",1.27841116212733,0.000608154074082629
"ENSG00000214146","LINC02026",2.28617259180773,4.12870203091897e-05,"LINC02026",0.838507160814125,0.022412422221903
"ENSG00000214160","ALG3",0.58700329892673,5.73031336117904e-08,"ALG3",0.493061969607275,4.71809700466676e-06
"ENSG00000214318",NA,0.896549400091206,0.0121497118018476,NA,1.35844161613451,0.00107848198895838
"ENSG00000214517","PPME1",0.512859123782654,5.05192539166008e-10,"PPME1",0.874607366428416,9.22204956939061e-27
"ENSG00000214553",NA,0.769268116630856,0.0363594506067066,NA,0.649410174571491,0.0480198701556927
"ENSG00000214756","CSKMT",0.538622648191152,0.000141808157698613,"CSKMT",0.446266576064712,0.00155032139948144
"ENSG00000214796",NA,2.4774644922234,2.79507733693851e-27,NA,2.04350577642516,7.16578823751439e-11
"ENSG00000214866","DCDC2C",2.75187514819637,9.06735336612434e-14,"DCDC2C",2.51258143326605,2.45675983955573e-11
"ENSG00000214900","LINC01599",0.643986430681494,0.000146146095046964,"LINC01599",1.1039950410898,9.73729328501376e-11
"ENSG00000215182","MUC5AC",1.96527810648525,0.00074647166059687,"MUC5AC",0.722276105524306,0.0383260388238386
"ENSG00000215559",NA,3.79782578758321,1.8836534462323e-17,NA,3.17106627691003,2.33998477948444e-10
"ENSG00000218739","CEBPZOS",0.285529354591196,0.000649290797066203,"CEBPZOS",0.233279710797963,0.00643439183186893
"ENSG00000219481","NBPF1",0.466502957053808,0.000370772622721069,"NBPF1",0.403017520507101,0.00183784382037073
"ENSG00000221890","NPTXR",1.13402913468677,5.02010474950946e-13,"NPTXR",0.884512116258049,4.71677513285942e-08
"ENSG00000221955","SLC12A8",1.03838302205059,4.2189177993237e-06,"SLC12A8",1.36191720618285,1.70717487324212e-09
"ENSG00000221968","FADS3",0.551591984949831,0.000127299322773346,"FADS3",0.926810508339108,2.71538569543143e-09
"ENSG00000221986","MYBPHL",2.23566278187973,0.000333884393787103,"MYBPHL",1.55400334746934,0.00346784596537784
"ENSG00000222489","SNORA79B",1.31385335271431,3.33385340298094e-06,"SNORA79B",0.523437014264655,0.0282410668477393
"ENSG00000223466","LINC01825",1.22279768093866,0.00844682636910853,"LINC01825",0.64957156591952,0.0488644711415163
"ENSG00000223508",NA,1.48035162941059,2.48569339038178e-11,NA,1.09309194558101,2.0682172173387e-06
"ENSG00000223653",NA,1.07039096233002,0.00238286720435682,NA,0.815613325173321,0.0121020037793991
"ENSG00000223768","LINC00205",0.523822814486868,0.000424022835458028,"LINC00205",0.531936216866862,0.000433255295355821
"ENSG00000223799",NA,2.2407983389435,0.000473159052316617,NA,0.882232631726134,0.0226288853719776
"ENSG00000223861","RPS10P6",1.11831642227518,0.00352761830106243,"RPS10P6",0.788323777605803,0.0258814697808179
"ENSG00000223903","RPL23P4",1.79761601644548,2.4740603012415e-05,"RPL23P4",1.35239029536055,0.000940591429382771
"ENSG00000223969",NA,0.884512503402845,0.00876300937324582,NA,0.827957828163968,0.0100762154567485
"ENSG00000224292","PORCN-DT",0.691000324779915,0.0322491159944921,"PORCN-DT",1.53142981956855,9.04289668630218e-05
"ENSG00000224294","PINCR",3.18090864314571,1.85482193809322e-48,"PINCR",3.45290846085511,1.68324806022926e-45
"ENSG00000224424","PRKAR2A-AS1",0.824291932968127,0.0187007343856222,"PRKAR2A-AS1",0.863116691511528,0.019296032166387
"ENSG00000224592","MIR3659HG",2.81973721375283,0.000104559499854913,"MIR3659HG",1.81210351155753,0.0018534001001229
"ENSG00000224597",NA,0.404803403738595,0.00101903573673102,NA,0.280462560353636,0.0275706982039496
"ENSG00000225101","OR52K3P",1.95437081981185,0.000142542078891363,"OR52K3P",1.36536226560155,0.00307034936526322
"ENSG00000225511",NA,1.59248522613138,2.83251528501118e-05,NA,0.649437570538049,0.030364613570257
"ENSG00000225830","ERCC6",0.864016241970908,2.15841301573728e-15,"ERCC6",0.640808448980181,2.09527515809562e-09
"ENSG00000226137","BAIAP2-DT",0.847434147285312,1.27390904689477e-05,"BAIAP2-DT",0.3584885694588,0.046405601758864
"ENSG00000226312","CFLAR-AS1",1.03993569314068,0.00429021669815783,"CFLAR-AS1",1.93814129485958,2.63921535241215e-05
"ENSG00000226465",NA,0.802757136868739,0.0189060819345974,NA,0.71611019264716,0.0271756890356562
"ENSG00000226824","LOC100996437",0.341977596312378,0.0337117743405043,"LOC100996437",0.465962036237331,0.00267666486843268
"ENSG00000226833","LOC100505774",0.857732072317912,0.0144887826706117,"LOC100505774",0.742334600378156,0.032683367625946
"ENSG00000226887","ERVMER34-1",1.60494160294582,3.38463525092021e-11,"ERVMER34-1",1.77155919784994,2.08055617123025e-10
"ENSG00000226889","ATF6-DT",0.721084702182123,0.00363858268734229,"ATF6-DT",0.457197171604261,0.0492106495808432
"ENSG00000227036","LINC00511",0.713592050263271,1.64646323421687e-05,"LINC00511",0.376128072017923,0.0128222340768085
"ENSG00000227039","ITGB2-AS1",1.8699062528466,3.15798991561833e-10,"ITGB2-AS1",3.18511670846171,7.05514266258376e-20
"ENSG00000227234","SPANXB1",1.72002868535143,2.35632925811646e-05,"SPANXB1",1.75044867798018,2.01917396590151e-05
"ENSG00000227268","KLLN",2.46050545789452,7.67729247809191e-07,"KLLN",2.36712881458614,1.9467377987009e-06
"ENSG00000227308","LOC105373888",0.859832943612591,0.00268708237903771,"LOC105373888",1.28036664929561,0.000219092857921059
"ENSG00000227496","LOC102723834",1.70625742883213,0.000301763304404081,"LOC102723834",1.47027868591666,0.00317521119900061
"ENSG00000227500","SCAMP4",0.449415606808275,0.000104057347915031,"SCAMP4",0.433923603678224,0.00023836204281467
"ENSG00000228063","LYPLAL1-DT",0.887724952536472,0.0105523847252468,"LYPLAL1-DT",1.4730868833127,0.00015911218543466
"ENSG00000228288","MGAT4EP",1.74306179097526,4.56507559911293e-08,"MGAT4EP",1.03828153296318,0.0044825568700686
"ENSG00000228300","FAM174C",0.849891792634291,2.90356463294867e-21,"FAM174C",0.751344432546261,2.68314477499861e-16
"ENSG00000228451",NA,1.1484598420649,1.23393387340958e-11,NA,0.524693179505741,0.0017869076351351
"ENSG00000228528",NA,1.92161238432302,0.0010822033284675,NA,1.76263845678705,0.00209894726943076
"ENSG00000228624","HDAC2-AS2",0.952552038527127,0.000155589579963667,"HDAC2-AS2",1.15686587606093,5.75623271680524e-06
"ENSG00000228649","SNHG26",1.40915407330515,2.38491199699365e-20,"SNHG26",1.3214089710405,3.80288960863718e-15
"ENSG00000228709",NA,0.859729882856824,0.00330187559925442,NA,0.554795374072231,0.029738583619712
"ENSG00000228714",NA,0.90913001132075,0.011613247549212,NA,1.31991588843168,0.00111487355386782
"ENSG00000228742","LINC02577",0.816169723446619,0.0283568550094485,"LINC02577",1.0545212057886,0.0104771562138539
"ENSG00000228889","UBAC2-AS1",0.60910885178643,0.0118808984168919,"UBAC2-AS1",0.679789815170671,0.00626324729750549
"ENSG00000229214","LINC00242",1.02013673433279,0.0156554203070234,"LINC00242",0.904401800685577,0.0211761740570048
"ENSG00000229344","MTCO2P12",1.33849268242079,8.27119091095506e-06,"MTCO2P12",0.490870914776957,0.0447776724976361
"ENSG00000229539",NA,0.682928703544734,3.66134444024199e-05,NA,0.578836020565205,0.000243631955481277
"ENSG00000229950","MIR5689HG",0.753410606685868,0.00635372479937409,"MIR5689HG",0.504581248571061,0.0358057494470757
"ENSG00000229951","FOSL2-AS1",1.73077512712747,0.00108297778410493,"FOSL2-AS1",1.14853772808155,0.00913124860551935
"ENSG00000230943","LINC02541",1.08096021808831,0.0105931451117995,"LINC02541",2.48251792523897,4.08865964696522e-05
"ENSG00000231131","LOC105378305",2.59657103503799,1.80385332047922e-15,"LOC105378305",5.6462694966948,1.29144466923388e-40
"ENSG00000231574","LINC02015",1.37143474232398,0.00361207162542085,"LINC02015",2.28463243462002,0.000316791587790408
"ENSG00000231638","LUARIS",2.90861460530253,1.2117036642335e-05,"LUARIS",0.958309352829313,0.0139302663721657
"ENSG00000231652","CD109-AS1",1.52773095543212,5.2577523775766e-11,"CD109-AS1",1.32929921018198,1.12012019162766e-08
"ENSG00000231666","LINC01704",0.832646776235013,0.00535973440264201,"LINC01704",0.673082108454379,0.0143150468166972
"ENSG00000231948","HS1BP3-IT1",1.3515441143943,0.0038061339842361,"HS1BP3-IT1",1.21645059621864,0.00878673886594828
"ENSG00000232415","ELN-AS1",0.903465598892413,0.00644024655558327,"ELN-AS1",0.785250651830997,0.0185182610961003
"ENSG00000232586","KIAA1614-AS1",0.685034304317748,0.00634449512173858,"KIAA1614-AS1",1.41228664396637,6.13767652176024e-06
"ENSG00000232677","LINC00665",1.30971415502,1.15119312302262e-07,"LINC00665",0.706968177046296,0.000576094909288865
"ENSG00000232679","LINC02257",1.19983974157622,0.00204348173899179,"LINC02257",1.24305001577097,0.00167706887822643
"ENSG00000232721",NA,1.01263640695081,0.0161264860542421,NA,2.41821576437004,0.000433255295355821
"ENSG00000232759","STEAP1B-AS1",1.04313921380887,0.0113424111492447,"STEAP1B-AS1",0.676387418895312,0.0437487302129935
"ENSG00000232774","LINC03033",0.715554118575547,0.0341000635145046,"LINC03033",0.917726597701082,0.0104771562138539
"ENSG00000233276","GPX1",0.681107463171194,7.99794027168041e-09,"GPX1",0.246173444481753,0.0423868295332852
"ENSG00000233532","LINC00460",1.00125181819586,0.000544185506105828,"LINC00460",0.645848277425426,0.0151506152324162
"ENSG00000233695",NA,1.48894710460488,9.10425110670737e-09,NA,1.54720474122146,3.22461399101603e-09
"ENSG00000233818",NA,0.666667597729453,0.00948148963132094,NA,0.890868100797928,0.000873376406804019
"ENSG00000234127","TRIM26",0.740569137523566,1.66926691349631e-11,"TRIM26",0.413493473316347,0.000272199208055966
"ENSG00000234261",NA,1.48165901753216,0.00407797220971311,NA,1.22768852861222,0.00827437715051001
"ENSG00000234498","RPL13AP20",2.03080184429397,5.3346939157901e-22,"RPL13AP20",2.75742353430507,5.01379068322223e-36
"ENSG00000234684","SDCBP2-AS1",0.385241637219795,0.0401202692314061,"SDCBP2-AS1",0.54775027586045,0.00098333842899389
"ENSG00000234745","HLA-B",1.16751322215348,2.47443519900449e-16,"HLA-B",0.843835354124431,2.68559260897754e-09
"ENSG00000234795","RFTN1P1",1.27339510877366,0.00203629609367091,"RFTN1P1",1.49022153658419,0.00048461373654149
"ENSG00000235098","ANKRD65",3.22456384901109,2.88525620456691e-06,"ANKRD65",1.56467079280476,0.00296887988837395
"ENSG00000235106","BRD3OS",0.38385544552202,0.0048943776774895,"BRD3OS",0.295962744378903,0.032683367625946
"ENSG00000235109","ZSCAN31",0.931082645897988,0.000124106614000705,"ZSCAN31",1.2609163431772,1.7609666111105e-08
"ENSG00000235374",NA,0.595672818362011,0.010883858221139,NA,0.623416217245152,0.0121211308898656
"ENSG00000235863","B3GALT4",0.933926722478075,0.0116192786828333,"B3GALT4",1.21016289377633,0.00273564664953952
"ENSG00000235885","LOC101927661",1.25017185955224,0.00330767240844077,"LOC101927661",1.62190526090673,0.00137534645396427
"ENSG00000235927","NEXN-AS1",1.16962824161556,2.10232817690777e-05,"NEXN-AS1",1.89187303738899,3.00118345743606e-10
"ENSG00000235978","LOC124906209",1.20126366963597,0.00221400966433662,"LOC124906209",0.802641031650406,0.0152794783339595
"ENSG00000236256","DIAPH2-AS1",1.32030435169108,4.24275816624362e-05,"DIAPH2-AS1",0.499934479112461,0.0421857244328395
"ENSG00000236345","SCAT8",0.663056553706995,0.0354087104930974,"SCAT8",1.00107271799593,0.00153236577157868
"ENSG00000236427","CCDST",2.44268573008681,1.42592621293389e-09,"CCDST",2.53717471987082,1.01490618577929e-11
"ENSG00000236682","MAP3K2-DT",1.57670905460766,2.36423259109804e-05,"MAP3K2-DT",1.17715344237542,0.000815751878063677
"ENSG00000236751",NA,0.536643586348098,0.010698434160423,NA,1.08461259023834,6.9456125872053e-06
"ENSG00000236753","MKLN1-AS",0.512880620328441,0.00948799279777902,"MKLN1-AS",0.735020654466555,0.000379360598217682
"ENSG00000236810","ELOA-AS1",0.63657924702202,0.00155005212500689,"ELOA-AS1",0.570589098641322,0.00323964634801732
"ENSG00000237310","LINC03011",0.729386095703864,0.00267783134743356,"LINC03011",0.484983520401153,0.0262697243102938
"ENSG00000237499",NA,0.97364118921841,0.000759100586893529,NA,1.70757527349844,3.93436085857517e-07
"ENSG00000237523","LINC00857",0.597183614710133,0.0180896137598294,"LINC00857",0.63023012882239,0.0173346332311139
"ENSG00000237595","LINC01275",1.08918685016411,0.00603281477182697,"LINC01275",0.66160033127772,0.0416294938249319
"ENSG00000237596","PDE7B-AS1",0.994862495857725,0.00779584639350997,"PDE7B-AS1",0.783157814608061,0.0132136967476993
"ENSG00000237765","FAM200B",0.249294757463631,0.0277314808674089,"FAM200B",0.526601291439341,3.06313264860759e-07
"ENSG00000237807","LINC02984",1.54623374731663,3.69955204936446e-06,"LINC02984",2.15037526198966,1.39812900804743e-09
"ENSG00000237854",NA,0.486138679820336,3.17490114392539e-05,NA,0.356073347381086,0.0156056453215126
"ENSG00000237945","LINC00649",0.720325527023189,0.0424984918463426,"LINC00649",1.11107788683622,0.0102285563330855
"ENSG00000238142","LOC105376805",0.767427772303485,0.000843710038599932,"LOC105376805",0.670496622507873,0.0031345697747714
"ENSG00000239039","SNORD13",1.86955941453058,2.51657187698648e-13,"SNORD13",0.633687384611541,0.00529729842528182
"ENSG00000239305","RNF103",0.8544183014327,4.49770671650522e-10,"RNF103",0.375204349483352,0.0114663113628604
"ENSG00000239521",NA,1.17263822725151,2.96156734214425e-06,NA,1.29277810165145,7.45060532057144e-06
"ENSG00000239713","APOBEC3G",0.928818905858437,8.60432541630387e-05,"APOBEC3G",1.06850802658812,1.64492065367723e-05
"ENSG00000239969",NA,0.446172035444266,0.0442974000359535,NA,0.50458922894384,0.0186249690380376
"ENSG00000240350",NA,3.49217510692287,1.43198405944357e-07,NA,3.25888423598343,1.42436358233834e-06
"ENSG00000240386","LCE1F",3.82142573052285,2.427767499446e-13,"LCE1F",6.72460294181065,2.34715776028643e-17
"ENSG00000240583","AQP1",0.833965624380325,0.0298317232063739,"AQP1",1.78666001487803,0.00188021169750156
"ENSG00000240602",NA,6.33278498771301,3.88410015413059e-20,NA,6.77127695849414,3.13610481195171e-21
"ENSG00000240687","LOC105373418",1.61261250304564,0.000102710544081916,"LOC105373418",0.913423345824728,0.0157187595023067
"ENSG00000240891","PLCXD2",2.06659738954132,2.28141301692409e-13,"PLCXD2",1.36087953714841,3.11746021616903e-07
"ENSG00000241015",NA,1.16080800308531,1.81989356174819e-12,NA,0.526795345461327,0.000532885587844827
"ENSG00000241749",NA,1.20026946477858,1.90810696337624e-05,NA,1.90638639665598,1.71816651137272e-12
"ENSG00000242086","SDHAP2",0.591381243755755,0.000173891839256985,"SDHAP2",0.317243624219254,0.0399212111319072
"ENSG00000242094",NA,0.610637334602857,0.0236891051938802,NA,0.736952273978153,0.00928501301649206
"ENSG00000242242",NA,1.66826134804907,6.0114781221128e-07,NA,2.02513061743493,1.70715518189083e-07
"ENSG00000242550","SERPINB10",2.52215957542287,0.000196041191607643,"SERPINB10",1.35976848369826,0.0061157530525746
"ENSG00000243449","NICOL1",0.622698335732419,1.47010555425734e-05,"NICOL1",0.284686856544918,0.0485966907558531
"ENSG00000243701","DUBR",0.535278887133937,7.78354022556839e-05,"DUBR",1.0451676800851,1.52789693880669e-14
"ENSG00000244128","LINC01322",3.45200136885827,2.47643792509148e-07,"LINC01322",1.95425094457579,0.000867612691856026
"ENSG00000244509","APOBEC3C",1.56520978067696,3.43083148921484e-58,"APOBEC3C",1.33402172378428,4.6085150718465e-42
"ENSG00000245522","LINC02709",0.687523090633277,0.000289267259168696,"LINC02709",1.02189978538419,2.17621754892279e-08
"ENSG00000245532","NEAT1",0.911914910627935,4.38582723979828e-05,"NEAT1",0.829752510773256,0.00021822970390114
"ENSG00000245556","SCAMP1-AS1",0.910448414050576,2.20630306326665e-06,"SCAMP1-AS1",0.339764249702481,0.0497047637236898
"ENSG00000245904",NA,1.00425174649711,0.00694086465249775,NA,0.692039294323553,0.0333292032754748
"ENSG00000245954","LINC02273",0.824738261676621,0.00893900866286545,"LINC02273",1.09522252741192,0.00237603486880455
"ENSG00000246016",NA,1.29763543570628,0.0047662394668703,NA,1.32709971584746,0.00636299602729485
"ENSG00000246067","RAB30-DT",0.483590369574782,7.03576062448962e-07,"RAB30-DT",0.47359270346931,1.08701485350461e-06
"ENSG00000246263",NA,1.46172174373985,0.000287148154784978,NA,0.810548685559293,0.0138054837209579
"ENSG00000246273","SBF2-AS1",0.415289257641084,0.0101605208282093,"SBF2-AS1",0.863625819842866,5.22041495170498e-08
"ENSG00000246640","PICART1",1.66972996992936,1.52313333499117e-07,"PICART1",0.60873634235587,0.0213500039694659
"ENSG00000246695","RASSF8-AS1",0.394081083184188,0.00130259895694012,"RASSF8-AS1",0.624342456394028,4.57367868421741e-07
"ENSG00000246731","MGC16275",0.748823144016626,0.0104388457788734,"MGC16275",0.82173495892708,0.00808301568734204
"ENSG00000246889",NA,1.41060601970625,0.000741074387234383,NA,1.17241699898575,0.00295457400349517
"ENSG00000247400","DNAJC3-DT",0.486303458540747,0.0134763069627946,"DNAJC3-DT",0.424295756962029,0.0214372295771831
"ENSG00000247516","MIR4458HG",0.936698860906217,1.46024482123751e-10,"MIR4458HG",0.443705153143725,0.00166650172362455
"ENSG00000247796","MOCS2-DT",0.322791697496279,0.0295518355489003,"MOCS2-DT",0.677661433565439,5.83658705186753e-06
"ENSG00000247934",NA,0.853002436208724,0.0059111429834705,NA,0.641376577854782,0.0244123863482984
"ENSG00000248323","LUCAT1",0.877260825063506,0.000175729177783833,"LUCAT1",0.734070227376855,0.00140108638825689
"ENSG00000248346",NA,2.26265644128655,0.000405969503685847,NA,1.84250706816996,0.0018689627635486
"ENSG00000248487","ABHD14A",0.933739238373128,2.19622404788937e-09,"ABHD14A",0.688983196554852,8.15933862058911e-06
"ENSG00000248508","SRP14-DT",0.442188382565034,0.0276485956565936,"SRP14-DT",1.05695094821799,1.60315357913056e-06
"ENSG00000248583",NA,0.729058413288451,0.00321421065119282,NA,1.20986584340136,7.05222742037958e-06
"ENSG00000248787",NA,2.37528847160132,5.5564255433647e-08,NA,2.29598962880159,1.94734810225508e-05
"ENSG00000248846",NA,0.919632558014798,0.021663780931226,NA,0.917009108622175,0.0204758735340282
"ENSG00000248932","COPB2-DT",0.612377651515839,0.00858055446269742,"COPB2-DT",0.602269006356482,0.0115664879703144
"ENSG00000248964","LOC101929470",1.71811770435808,6.03768934141965e-06,"LOC101929470",1.06419595887966,0.00134034667693085
"ENSG00000249859","PVT1",0.611417229593982,1.75804563424848e-06,"PVT1",0.725888973860073,4.06665066593232e-08
"ENSG00000249915","PDCD6",1.46218550475014,1.27994746567283e-13,"PDCD6",0.352724326640957,0.0499170482728019
"ENSG00000250041","LOC124902629",2.03033969140535,3.64968677068317e-06,"LOC124902629",1.7826005832137,3.05872055011626e-06
"ENSG00000250303","LINC02762",0.591285928537456,0.00851340578104295,"LINC02762",1.01679683111335,2.35650614005261e-05
"ENSG00000250320","EDIL3-DT",1.72577305126213,6.1094415020744e-06,"EDIL3-DT",1.09783468548066,0.000964175570662756
"ENSG00000250337","PURPL",1.65021573997822,4.04140500184494e-20,"PURPL",1.46955327327508,6.3595710185725e-16
"ENSG00000250510","GPR162",0.562843466938974,0.0476500025415149,"GPR162",1.1360010621761,0.000581619783374848
"ENSG00000250532",NA,0.867435616701607,0.0262709892279571,NA,2.52226748440865,0.000262818660605304
"ENSG00000250548","LINC01303",2.11571354840185,7.39600428647665e-08,"LINC01303",2.40520045654149,1.07038314423328e-07
"ENSG00000250786","SNHG18",0.639064584087992,0.000948489449224068,"SNHG18",0.437890385466983,0.0312537159677872
"ENSG00000250934","LOC105374088",4.93262656530285,1.0150014120753e-10,"LOC105374088",2.45597348658582,4.5771539777237e-05
"ENSG00000251095","LOC105377329",5.93063934038483,5.09674328320648e-21,"LOC105377329",5.654876970674,9.41967182329531e-17
"ENSG00000251136","PARAIL",0.360207558257685,0.0338420841654119,"PARAIL",0.476324930937806,0.00260652905159621
"ENSG00000251381","LINC00958",2.36896584453849,4.1019421257957e-13,"LINC00958",2.0090183487339,1.68861332939576e-08
"ENSG00000251602","MTA1-DT",0.716018478950937,4.14628461616589e-05,"MTA1-DT",0.642057068729526,0.000183924354500995
"ENSG00000253227",NA,1.363860065349,0.000345278795869627,NA,1.00617391041671,0.00263949330284732
"ENSG00000253669",NA,1.30012233558998,1.62762228481051e-10,NA,0.848127441969239,4.52323791684992e-05
"ENSG00000253802","SIRLNT",0.92162505078253,3.08972261158931e-05,"SIRLNT",1.9042030132026,9.63597486713114e-10
"ENSG00000254004","ZNF260",0.467736734491599,0.000305745835458698,"ZNF260",0.289111180195773,0.0248790600047811
"ENSG00000254415","SIGLEC14",1.51976733912166,4.30121158441219e-05,"SIGLEC14",1.13897421620596,7.32272290977451e-05
"ENSG00000254470","AP5B1",0.342282914590031,0.00568617552485477,"AP5B1",0.584403194052178,1.55716545504608e-06
"ENSG00000254531","PPP3CA-DT",0.584329470682387,0.000159156348679806,"PPP3CA-DT",0.857087872669285,1.58669133404859e-07
"ENSG00000254842",NA,2.52085624822076,1.06528021888721e-08,NA,2.35958515423564,1.67804962434607e-06
"ENSG00000254901","BORCS8",0.387362279969517,0.000165791533399442,"BORCS8",0.253501801692422,0.0173928287215706
"ENSG00000254986","DPP3",0.228307051102506,0.0298729940200411,"DPP3",0.247728219310789,0.0172473306112282
"ENSG00000255100","TSKU-AS1",2.03699093317058,1.64604285471591e-06,"TSKU-AS1",1.43324673107941,0.000269619997543378
"ENSG00000255121",NA,0.611300305979174,0.0415826575958535,NA,1.09645461453463,0.00233110420682333
"ENSG00000255198",NA,0.787576775964512,2.31215622517304e-10,NA,0.647044316868497,2.20973575187159e-07
"ENSG00000255314","LOC101928894",1.1845044910592,0.000200090325221858,"LOC101928894",1.10664963931911,0.000482220367592853
"ENSG00000255317","LOC105369558",1.31010275088796,1.98015798060685e-05,"LOC105369558",1.32757790626031,4.92374667648442e-05
"ENSG00000255345",NA,0.694997535155509,0.0442974000359535,NA,0.867445239286124,0.01518783829852
"ENSG00000255375","LOC107984322",0.88727538575172,0.0117832714674119,"LOC107984322",1.8842226323915,0.000133687656816637
"ENSG00000255517",NA,0.536144424324701,0.012057053489126,NA,0.417316334580974,0.0411515880098542
"ENSG00000255874","PRECSIT",0.335612966559575,0.00781298055791463,"PRECSIT",0.406652435826214,0.00164712607712435
"ENSG00000256060","TRAPPC2B",0.364712749081469,0.0384209228041065,"TRAPPC2B",0.430687917023671,0.0133499775056322
"ENSG00000256087","ZNF432",0.992145522532636,5.33893222993439e-11,"ZNF432",0.637322640384649,5.51726220263564e-05
"ENSG00000256196",NA,0.870923727264903,0.025525637537155,NA,1.47692530488427,0.004496023764063
"ENSG00000256268","LINC02454",0.716829866235316,8.46444612187718e-05,"LINC02454",1.04809891173275,5.99163108200146e-08
"ENSG00000256443",NA,1.36921987202455,0.00159822123239353,NA,0.908655625051046,0.0129699134139661
"ENSG00000256537","SMIM10L1",0.510208931756858,2.01348196628538e-08,"SMIM10L1",0.24932686648575,0.00959677468551443
"ENSG00000256683","ZNF350",0.902394064596099,7.03576062448962e-07,"ZNF350",0.461121518001215,0.00883310014054859
"ENSG00000256940","PPP1R14B-AS1",0.889699940102405,1.06473060480426e-11,"PPP1R14B-AS1",0.827912366918165,2.08270912124001e-10
"ENSG00000257337","TNS2-AS1",1.07344487435739,7.83947652276999e-11,"TNS2-AS1",0.731778204473662,1.16918595823565e-05
"ENSG00000257433",NA,1.66631907278588,8.29290705951951e-05,NA,0.958716244959823,0.0119438480087982
"ENSG00000257531",NA,0.711882312385433,0.0428428499485445,NA,1.23791876918412,0.00649558229401707
"ENSG00000257557","PPP1R12A-AS1",0.629789118027606,0.0152082192278477,"PPP1R12A-AS1",0.487678279414994,0.0435076746848104
"ENSG00000257727","CNPY2",0.441988518259665,4.31017240456619e-07,"CNPY2",0.36668316700738,4.6689042326745e-05
"ENSG00000258376",NA,0.656910267847463,0.00472790888049883,NA,0.765669655260441,0.00123983950173866
"ENSG00000258457",NA,1.0054853723136,0.000388636555224571,NA,0.911811725549316,0.00166650172362455
"ENSG00000258590",NA,0.751188601550501,0.0385462458288802,NA,0.915705111419359,0.0121353454057016
"ENSG00000258602","LINC01629",3.09087898813443,1.22894111229572e-05,"LINC01629",2.17253181860552,0.00064780990540872
"ENSG00000259153","MAP3K9-DT",0.67153849722823,2.53531960031781e-05,"MAP3K9-DT",0.832583662107446,6.00378131832878e-06
"ENSG00000259178",NA,2.9108723467531,8.69688713575358e-08,NA,2.29662270668839,0.000163057485384534
"ENSG00000259230","LINC02323",1.77332851936058,0.000248921736166174,"LINC02323",0.776554453653508,0.0297323861284927
"ENSG00000259426","KIF23-AS1",0.836435224021614,0.00165886835608289,"KIF23-AS1",0.566481810879837,0.0238771636729598
"ENSG00000259727",NA,1.14281351193277,0.00244478184006085,NA,0.970425189141954,0.00611934489797555
"ENSG00000259867",NA,2.31181842520454,1.10509384076015e-05,NA,3.54110552169616,1.21432259244044e-07
"ENSG00000260000",NA,1.6107383253382,2.19628775165795e-05,NA,1.12942794569012,0.0014375490798617
"ENSG00000260018",NA,1.03096644503953,0.000793287642862347,NA,0.78821730100827,0.008143431526328
"ENSG00000260095",NA,0.954854208803169,0.00269781607016266,NA,1.13658708607984,0.000913593418434177
"ENSG00000260193","LINC02846",3.38902605046799,2.1177731148386e-07,"LINC02846",2.18427696790039,0.000222520413337514
"ENSG00000260231","KDM7A-DT",2.11617916057612,2.804670319851e-08,"KDM7A-DT",1.06724183257754,0.00206083750723174
"ENSG00000260260","SNHG19",0.99709377838774,5.256473048109e-14,"SNHG19",0.787360145392084,3.54269747726095e-09
"ENSG00000260328",NA,0.925672697612143,0.00551557193377887,NA,1.10532357147893,0.00308154963734016
"ENSG00000260367",NA,1.39027441291533,0.000797312552524113,NA,0.750370305773108,0.024154387640863
"ENSG00000260552","COSMOC",1.37744974528908,4.23844451442392e-07,"COSMOC",1.1141263532071,0.000104128935278493
"ENSG00000260563",NA,1.40369210464171,5.12399572608058e-08,NA,0.583212769815046,0.0101702386025961
"ENSG00000260604",NA,2.39568304016672,6.34331290971225e-09,NA,3.11006515035156,5.13115226722035e-11
"ENSG00000260823",NA,0.709653937529598,0.0470685982654326,NA,0.863329682399778,0.0232460627992377
"ENSG00000260912",NA,1.58070490705691,1.34220857510805e-09,NA,1.17735939490213,2.51245782513315e-05
"ENSG00000260916","CCPG1",0.918527593393048,1.6094101978341e-08,"CCPG1",0.865958461036534,5.9384941022722e-08
"ENSG00000261040",NA,1.38581567961392,1.08497364993647e-05,NA,0.768935948868813,0.00488858577911733
"ENSG00000261092",NA,1.23857071331708,0.00795120906933819,NA,0.942094112126906,0.018920038283945
"ENSG00000261575",NA,1.11160100718667,0.000414925799870215,NA,1.55747787507014,1.28211816743791e-05
"ENSG00000261804",NA,2.87212805996723,1.82902089793276e-05,NA,3.01490377770591,9.80621078407415e-06
"ENSG00000262165","C17orf114",0.921740960299696,0.0125018672534349,"C17orf114",1.23353178394046,0.00671109416078174
"ENSG00000262714",NA,3.08757581086072,1.86098179399241e-06,NA,2.90889611728215,8.54138932413699e-07
"ENSG00000263823",NA,1.20112995420647,0.00155664514434551,NA,1.14281626872988,0.0042939624589684
"ENSG00000264920",NA,0.396407873467813,0.0328851333015408,NA,0.383858546449812,0.0275221235145718
"ENSG00000265907",NA,1.76361502661834,0.00208772672760223,NA,1.86889188680336,0.00191602872740613
"ENSG00000265972","TXNIP",0.597153983484842,0.0146240099786409,"TXNIP",0.897898909556881,0.000798109426242658
"ENSG00000266088","LOC105371773",0.407024973775484,0.0245614523912398,"LOC105371773",0.942281099608654,4.62895668463581e-07
"ENSG00000266402","SNHG25",1.06537965445003,2.47293086299318e-15,"SNHG25",1.05917413926489,5.11589194086365e-15
"ENSG00000266412","NCOA4",0.317331021209481,1.63149404470198e-05,"NCOA4",0.168599185191588,0.0377029772261691
"ENSG00000266473",NA,2.03403696929639,0.000753553107613808,NA,2.01281956976906,0.00127691548290046
"ENSG00000266538",NA,0.674048642272303,0.00897092356128489,NA,0.519230375848977,0.0292012128512667
"ENSG00000266680",NA,2.1473246281931,2.88041192970511e-10,NA,0.969127285802284,0.00391347885912126
"ENSG00000266801",NA,1.03086366367325,0.00751662483869132,NA,0.944041730713088,0.0146239271968641
"ENSG00000266995",NA,0.942091021781548,0.0202425353472456,NA,0.743624222869556,0.0357333404815911
"ENSG00000267041","ZNF850",1.06996542018111,2.6144787103736e-09,"ZNF850",0.59311351386759,0.00128642694605863
"ENSG00000267060","PTGES3L",0.794517753295105,0.027714670927774,"PTGES3L",0.654107957181113,0.0427849675346111
"ENSG00000267073",NA,0.875012407317699,0.0137029197764742,NA,0.779127803812227,0.0170379996537676
"ENSG00000267106","ZNF561-AS1",0.537166266587256,0.000378326117646949,"ZNF561-AS1",0.324635888503549,0.0297323861284927
"ENSG00000267107","PCAT19",1.74337658900896,8.23553008810888e-05,"PCAT19",1.48911399666596,0.000479161496744442
"ENSG00000267226","MALT1-AS1",0.559421012961638,0.0396704158359816,"MALT1-AS1",0.741595023543258,0.00808677676258469
"ENSG00000267278",NA,0.959224957932934,0.0192294840439011,NA,0.740469615383014,0.0362785395229981
"ENSG00000267279",NA,0.716619884446291,0.0034385212435976,NA,1.16214167634808,1.77956484745217e-05
"ENSG00000267317",NA,0.8745351895893,8.21361567108367e-07,NA,0.620651308205816,0.000420293901552073
"ENSG00000267493","CIRBP-AS1",1.47880647272344,7.17951640553972e-05,"CIRBP-AS1",0.890749844212298,0.00802956332953574
"ENSG00000267534","S1PR2",1.26895242904534,1.56463388433102e-09,"S1PR2",0.493935833194408,0.0113607039944954
"ENSG00000267750",NA,1.11996485290429,0.000113783285617821,NA,0.740987599551946,0.0258332643658217
"ENSG00000267858","CENPBD2P",0.49695176324612,0.0121901199978736,"CENPBD2P",0.53208490272506,0.00525076913457593
"ENSG00000268061",NA,0.664656999002506,0.00915486979569626,NA,0.821006859569994,0.00276994811300926
"ENSG00000268460","LOC93429",1.11732012259097,0.0116477368749237,"LOC93429",1.4083984438267,0.00533819783103222
"ENSG00000268621","IGFL2-AS1",1.18937587261391,0.00759192148300315,"IGFL2-AS1",3.68684065861939,2.97152378684417e-15
"ENSG00000268812","LIF-AS2",1.05349918008101,0.0139465994338146,"LIF-AS2",1.62846410067421,0.00321497350014657
"ENSG00000269246",NA,1.97448055391488,1.46051321845974e-18,NA,1.58783283706313,7.30783022239154e-12
"ENSG00000269293","ZSCAN16-AS1",0.79360466541166,6.39405328189139e-09,"ZSCAN16-AS1",0.472114494418389,0.000430738370389544
"ENSG00000269729","LOC105372424",3.14606224328521,1.41314151943122e-26,"LOC105372424",2.82638123269849,1.34782804632292e-27
"ENSG00000269927",NA,1.58740412901403,6.20757604164689e-12,NA,0.989074668965306,8.81660337802444e-06
"ENSG00000269976",NA,3.03793283355442,4.49372616441733e-11,NA,3.22074680703766,1.39944451977523e-06
"ENSG00000269989",NA,2.12671910475595,1.11948503713121e-07,NA,1.50340192819128,2.36684447784858e-05
"ENSG00000270002",NA,2.85034640841361,3.05477265941492e-12,NA,2.87264682621753,3.79795655722451e-12
"ENSG00000270049","ATP6V0D1-DT",0.464890233644776,0.0246295549839069,"ATP6V0D1-DT",0.693308341780943,0.000587105469864907
"ENSG00000270362","HMGN3-AS1",1.45512978486937,1.22025375312369e-07,"HMGN3-AS1",0.736758230574168,0.00607136888989453
"ENSG00000270681",NA,3.30656882310519,4.70824564144349e-08,NA,1.08075738546257,0.00957733902683172
"ENSG00000270885","RASL10B",0.650503574182611,0.019358448938499,"RASL10B",0.902930083692778,0.00209762255462173
"ENSG00000271133","ITGB8-AS1",1.06761154531452,0.00828852145265977,"ITGB8-AS1",1.23090383295542,0.000903956757818233
"ENSG00000271334","LINC02104",0.967797247026198,0.00713055904650995,"LINC02104",2.47296197181084,6.89003449993288e-07
"ENSG00000271643","PDCD6IP-DT",0.394872055893887,0.0321744349916029,"PDCD6IP-DT",0.532976409085771,0.00389249798757631
"ENSG00000271869","DCTN6-DT",1.37443836549186,6.17152873096990e-09,"DCTN6-DT",0.412331843772859,0.0377680566933677
"ENSG00000272047","GTF2H5",0.158269516152259,0.0479846052607005,"GTF2H5",0.159808360704882,0.0443095513091609
"ENSG00000272068",NA,1.13142130450232,7.13352588725879e-06,NA,0.591190243777496,0.00937860119581681
"ENSG00000272071",NA,0.802522879226425,0.0180954711612522,NA,1.40444529708721,0.000870417599933023
"ENSG00000272157",NA,2.48660952222654,8.33133031514104e-06,NA,1.36746584568223,0.00318599685043586
"ENSG00000272275",NA,1.87038953870163,0.00112951922572018,NA,1.34636524657641,0.0062391374990304
"ENSG00000272333","KMT2B",0.309399404660508,0.0110833812749954,"KMT2B",0.330232147400736,0.00510910122070262
"ENSG00000272391","POM121C",0.327776598913705,0.00581745452888583,"POM121C",0.288538018589727,0.0144064666262997
"ENSG00000272449",NA,0.937504756818127,0.00158097320452379,NA,0.513215794314403,0.0485926802512279
"ENSG00000272523",NA,1.54301988493735,5.2368568849923e-11,NA,1.49006402654904,1.75765667815562e-08
"ENSG00000272599",NA,0.657547596538923,0.000817426606384304,NA,0.956587170819191,6.73669047336666e-06
"ENSG00000272688",NA,1.2143497315574,4.0118761424647e-05,NA,0.599384468450283,0.0203963866388377
"ENSG00000272841","MAP3K4-AS1",1.74425381233935,2.91582832257542e-09,"MAP3K4-AS1",1.56183063575235,1.90649425519039e-07
"ENSG00000273102","LOC124905013",0.579295756225066,0.0263992453732736,"LOC124905013",0.472863634425738,0.0497240515747318
"ENSG00000273145","LOC124905134",1.19996990513832,2.8320842536157e-05,"LOC124905134",0.456226195651983,0.0482530271028591
"ENSG00000273174",NA,1.19791877869797,0.00208857962116453,NA,1.03952513753237,0.00729059198010369
"ENSG00000273199",NA,4.10825604136036,6.67149470723855e-35,NA,2.20842298728857,2.81811215950995e-11
"ENSG00000273204",NA,1.59440877013696,5.32869462585345e-08,NA,1.12122184607057,0.000175218975714437
"ENSG00000273270",NA,0.510879519592029,0.0171797043846497,NA,0.503851457736128,0.0160159706494571
"ENSG00000273382",NA,0.531218143662859,0.0095649290508892,NA,0.622695028743686,0.00396954971445429
"ENSG00000273456",NA,1.0758655111877,2.4821142473472e-07,NA,0.808596222241252,0.000215444885791124
"ENSG00000273568",NA,0.935861286054158,8.14618275901652e-06,NA,0.655760724672802,0.00262241661844243
"ENSG00000273802","H2BC8",0.699763525393028,0.0443190925094591,"H2BC8",1.14791197545431,0.008851045167185
"ENSG00000274070","CASTOR2",0.776991148539233,8.03058231968484e-05,"CASTOR2",1.16863322026099,1.55271497296999e-06
"ENSG00000274180","NATD1",2.197929283522,1.64126022763794e-11,"NATD1",1.92451973013721,3.99396860674272e-08
"ENSG00000274213",NA,1.77998252288624,1.40340473617396e-13,NA,0.962532000074729,6.6057933994843e-05
"ENSG00000274443","C8orf89",1.92390931190283,9.7519479239437e-05,"C8orf89",1.51159875019292,0.000673751859182394
"ENSG00000274528",NA,1.02906586423539,1.14334750328462e-05,NA,0.635092706938698,0.00138828918322285
"ENSG00000274605",NA,0.738136108078206,2.20965702936438e-10,NA,0.373492542334577,0.00128558413549011
"ENSG00000275342","PRAG1",0.391210453335932,0.00234557634598828,"PRAG1",0.772026196207046,2.0994026479858e-09
"ENSG00000275441",NA,1.95313609566804,2.88197699531392e-05,NA,0.614343786475901,0.0473807648437219
"ENSG00000275479",NA,3.22786544146101,1.77757564885085e-08,NA,1.32814296612659,0.002734100534267
"ENSG00000275481",NA,1.38220113513271,0.00137686871538412,NA,1.01824812589838,0.0115801106861403
"ENSG00000276023","DUSP14",1.13319407040445,1.31163487359897e-18,"DUSP14",0.95798222064371,3.0128092292632e-13
"ENSG00000276141",NA,0.903042940874903,0.000312060245994371,NA,0.591099409509681,0.0130260659207612
"ENSG00000276600","RAB7B",0.993749814430419,0.0129422813813913,"RAB7B",1.06478722484673,0.0131774234920853
"ENSG00000276850","ANXA8",1.59342094134801,0.00221124017769931,"ANXA8",1.07965412148325,0.0123125115827092
"ENSG00000276900",NA,1.29153254718603,1.87150133721884e-09,NA,0.668991498545549,0.00121328171538997
"ENSG00000277459",NA,1.31134464823181,0.00089495074750375,NA,0.78622637350215,0.0221060670404949
"ENSG00000277496",NA,3.06567778618367,6.51817718142455e-07,NA,1.12858120941316,0.0108610031433065
"ENSG00000277534",NA,0.41293488906833,0.013272237532656,NA,0.391188892771522,0.0177392148167431
"ENSG00000277586","NEFL",1.61535012991462,5.04410795910843e-06,"NEFL",2.17005224893053,7.00872317637788e-09
"ENSG00000277639","CHD9NB",1.48183940538559,4.58281224664064e-10,"CHD9NB",1.10937800102225,2.87361122677241e-06
"ENSG00000277734","TRAC",0.474629039611252,0.0236007745835172,"TRAC",0.893492610869754,5.63797965700266e-05
"ENSG00000278238","CKAP2-DT",1.627506083238,2.40884841309556e-07,"CKAP2-DT",0.892805037064729,0.00228182407757326
"ENSG00000278376",NA,0.853828699211455,0.000410599909377321,NA,0.41061530537767,0.0491858171737679
"ENSG00000278709","NKILA",1.73519060825945,6.80841256646715e-08,"NKILA",1.42227388155821,1.99922203058834e-06
"ENSG00000279088","LOC124902453",1.01322316483934,2.16707547639467e-11,"LOC124902453",0.538336998019166,0.000246618424348175
"ENSG00000279140",NA,1.61944475052164,2.97152082774013e-05,NA,1.06212943192025,0.00355024679318492
"ENSG00000279208",NA,1.09452959445124,1.58130672079284e-06,NA,0.851142678215463,0.000111742143164341
"ENSG00000279384",NA,1.46811087333752,3.04947406958569e-06,NA,1.86325800440372,7.04472009153381e-08
"ENSG00000279407",NA,0.490695968720802,0.0274846396240263,NA,1.26677552611613,4.10536420860488e-06
"ENSG00000279591",NA,0.607229905763883,0.0453881414068787,NA,0.723542543828031,0.0192225390995675
"ENSG00000279673",NA,0.672013490691836,0.000791679782180036,NA,0.745848496413643,0.00013089884416816
"ENSG00000279766",NA,1.84739917300801,0.000447377843341816,NA,0.80468023924681,0.0243010070442552
"ENSG00000280187",NA,0.872202172312615,7.40169723870708e-08,NA,0.316352883489646,0.0349000145009358
"ENSG00000280213","UCKL1-AS1",1.50597286530144,0.000328522041779913,"UCKL1-AS1",0.857694537002849,0.0118320070007993
"ENSG00000280407",NA,0.758470871236638,0.0130427784838866,NA,1.07456611553092,0.0019746930761333
"ENSG00000281468",NA,0.360433142271253,0.0306633581774892,NA,0.630310928861956,0.000267752201948278
"ENSG00000281501",NA,0.428302550107907,0.0101069931979707,NA,0.394263028952752,0.0138181896077029
"ENSG00000282057",NA,1.00185493490351,2.48627871056776e-06,NA,1.43343278413535,2.80987606837911e-10
"ENSG00000283078","LOC105372705",2.51643055809639,8.29442020835873e-12,"LOC105372705",1.54127740162638,2.24313230496196e-05
"ENSG00000283294",NA,2.12579383275674,4.72477516818995e-08,NA,1.3330874998057,0.000338167854251812
"ENSG00000283436",NA,1.45822265674236,0.00447341385684176,NA,1.33578017964709,0.00649654528324338
"ENSG00000284194","SCO2",0.725745580504907,5.04444995506016e-13,"SCO2",0.421807915188488,3.36093044805175e-05
"ENSG00000284308","C2orf81",0.990525950108489,0.00418994808624943,"C2orf81",0.971061112819671,0.011482474762142
"ENSG00000284640","LOC105378644",0.837861498371478,0.0210622241202846,"LOC105378644",1.25065513470504,0.00627449496968267
"ENSG00000284719","LOC130932201",0.599128724008487,0.0490289833680455,"LOC130932201",0.601218413628796,0.0389966433850548
"ENSG00000284753","EEF1AKMT4",0.85590258192896,1.70935658454584e-11,"EEF1AKMT4",0.704233855231746,1.66601536606192e-07
"ENSG00000285230","RALY-AS1",1.08904428427383,1.59991541702062e-08,"RALY-AS1",0.64029444334073,0.000744588941919924
"ENSG00000285244","DINOL",3.25359035357529,5.7145402331006e-07,"DINOL",0.741023585039504,0.0240611168976941
"ENSG00000285278","TFAP2A-AS2",0.646154629018505,0.00767075366997619,"TFAP2A-AS2",0.478556346356893,0.0268812071264266
"ENSG00000285331","TCF12-DT",0.603557296917987,0.0041427685298556,"TCF12-DT",0.552919699356037,0.00422323134405017
"ENSG00000285646",NA,1.9355074127757,0.0004002080532143,NA,0.88924728240399,0.0215488672397611
"ENSG00000285872","LOC101929691",1.33752927139184,0.00123426764047498,"LOC101929691",1.89461034804668,0.00011001153206406
"ENSG00000286009",NA,0.807113270143892,0.0259413761028806,NA,0.834941678542593,0.0219434470733286
"ENSG00000286048",NA,1.85073149925204,1.97494549904931e-05,NA,2.79701437330167,2.45699528080404e-07
"ENSG00000286284",NA,0.56223789105054,0.00178611571475146,NA,0.638645372485905,0.00021498897331919
"ENSG00000286369","LOC105369363",3.17717171268871,1.50136867150381e-11,"LOC105369363",3.10567562885522,3.65433596039823e-12
"ENSG00000286406",NA,0.684461361423351,0.00456975519046545,NA,1.45479194592985,4.78663298341012e-08
"ENSG00000286707",NA,2.00308861584657,0.000433463738032524,NA,1.05892813385715,0.0134795034488627
"ENSG00000286874",NA,0.806862946252135,0.00722359519115558,NA,1.59760586561942,0.000136274712838861
"ENSG00000287016","LOC124902546",0.686245118290966,0.00343253302946733,"LOC124902546",0.972660091634815,0.000140409022135059
"ENSG00000287078",NA,1.14004328581792,0.00130450134559444,NA,0.828496571499033,0.0113423592832181
"ENSG00000287097","LOC107986639",1.05451743977638,0.00203671699180818,"LOC107986639",1.05887454248306,0.00318055798089792
"ENSG00000287104",NA,1.0931443698356,1.50400211277065e-05,NA,0.708752821022399,0.00407343185148694
"ENSG00000287151","LINC03124",0.357896585653204,0.0452938057867838,"LINC03124",0.635057635439657,0.000322699333467643
"ENSG00000287158","LOC105377188",1.73430406959253,1.37118442106401e-06,"LOC105377188",2.59162990290884,1.78473096622108e-10
"ENSG00000287185",NA,0.655062158388111,0.0103696254372319,NA,0.58095919093105,0.0230461045700201
"ENSG00000287287",NA,1.13662568176116,1.56649468711459e-05,NA,0.975466653344595,0.00055151638108096
"ENSG00000287600",NA,1.71109959935116,0.00231184953407676,NA,0.762345238007084,0.0317882235465288
"ENSG00000287750","LINC03026",3.14662503417729,6.55294941273104e-11,"LINC03026",2.22984386793116,4.9741176733016e-06
"ENSG00000287804",NA,1.37488065462981,0.00546433240696812,NA,1.28197554488327,0.00742394648523881
"ENSG00000287910",NA,0.81422311664405,0.0274435660880461,NA,0.71343253529019,0.037720985223669
"ENSG00000288398",NA,0.691085489497569,0.00150545866491126,NA,1.0193790626401,5.56507939173733e-05
"ENSG00000288736",NA,1.15686888931219,0.00661182549388019,NA,1.75813056571678,0.000673483197497157
"ENSG00000288844",NA,0.820787210611886,0.019979361607561,NA,0.696410720233025,0.0304978535682393
"ENSG00000288871",NA,1.83843504587584,2.58490129870414e-09,NA,1.29948978796255,3.26028399437855e-05
"ENSG00000288873",NA,2.30875132492101,2.3789989122455e-08,NA,1.45931046505606,0.00024019534316353
"ENSG00000288938",NA,0.885882194337594,0.0246065270082983,NA,0.75694876587632,0.0197328520938373
"ENSG00000288983",NA,0.730865142466843,0.000200043814516805,NA,0.50962991302633,0.00726111863839609
"ENSG00000288993",NA,1.64948823527405,0.00220417304195673,NA,0.959250126587959,0.0178796568903643
"ENSG00000288999",NA,1.53083009494203,7.06323949655329e-08,NA,1.04539133166417,0.000514189660600203
"ENSG00000289047","LOC100294145",0.969648309264748,7.05637693105546e-12,"LOC100294145",0.521125866936331,0.000134995857071966
"ENSG00000289069",NA,2.42249327151914,0.000126945424588052,NA,3.63476395226539,4.51660639331795e-06
"ENSG00000289085",NA,2.06404804069017,2.02711145764752e-09,NA,0.778094388498165,0.00984230724393567
"ENSG00000289100",NA,0.561470239065783,0.00575118251378652,NA,0.621052549650791,0.00271689943371429
"ENSG00000289164",NA,0.92855779721617,0.000144875797837755,NA,0.898905690904838,0.000468568167190298
"ENSG00000289168","LOC124904294",1.13658618548551,0.0109617532848093,"LOC124904294",0.907240932540916,0.0202427978237854
"ENSG00000289190",NA,1.84942241883837,2.59777592535878e-08,NA,1.15173678114459,0.00018172609765053
"ENSG00000289213",NA,1.65117244905799,4.8843483887513e-06,NA,0.649334888854844,0.0296584122466807
"ENSG00000289247",NA,0.775021932091886,0.0260928687128749,NA,1.89213889136278,0.000300344708771899
"ENSG00000289275",NA,1.00682161164113,0.000249355458400299,NA,1.22886652775558,7.40717619753835e-05
"ENSG00000289298",NA,5.79369750524674,3.15996199873642e-13,NA,2.50271262415573,3.84659143194717e-05
"ENSG00000289344",NA,1.19401766862745,0.00605425986046678,NA,2.35470929686184,0.000104263154153797
"ENSG00000289365",NA,1.0375493059154,0.00158962423226026,NA,1.16185900457019,0.00108220351234749
"ENSG00000289426",NA,2.20361638484366,4.77634681495563e-06,NA,1.99639044092671,0.00059360711988535
"ENSG00000289460","LOC124909362",0.662171559973263,0.0421352057774301,"LOC124909362",0.714840592168673,0.0287885345788209
"ENSG00000289494",NA,0.548752788663152,0.0135705917677594,NA,0.457129857371649,0.0239763432853996
"ENSG00000289526",NA,1.75021761011905,1.57725711344174e-19,NA,1.88619948778456,1.71072154233796e-24
"ENSG00000289537",NA,1.80708642397078,2.24947779526362e-05,NA,1.18349244609184,0.00240590183308146
"ENSG00000289579",NA,0.778703601897996,0.00274963611979929,NA,0.711542115399251,0.00682273437492267
"ENSG00000289626",NA,0.985331763047733,0.00425169831088733,NA,1.2225049543976,0.00129690371831254
"ENSG00000289688","LOC124903135",0.70025650600564,0.0390041778189661,"LOC124903135",0.61331192944402,0.0452247656183055
"ENSG00000290002",NA,0.824327904228197,0.0299187764289863,NA,0.803719702598134,0.0291595250299702
"ENSG00000290032",NA,0.742788346293883,8.18951965341584e-07,NA,0.339167930746323,0.0194370594109911
"ENSG00000290121",NA,1.00886864920122,0.00712594464091382,NA,1.458119873151,0.00173539909051605
