"ENSEMBL","SYMBOL","log2FoldChange","padj"
"ENSG00000000971","CFH",0.808702082200418,0.0322732451074321
"ENSG00000001036","FUCA2",0.306535319291679,0.00219449638487398
"ENSG00000001561","ENPP4",0.487403699445151,0.11111221058351
"ENSG00000002586","CD99",-0.0492011811963343,0.68802829225012
"ENSG00000003137","CYP26B1",0.138438788351581,0.630564442425026
"ENSG00000003402","CFLAR",-0.157976676839945,0.284510708087031
"ENSG00000004660","CAMKK1",-0.532417910447916,0.00820948952084606
"ENSG00000004766","VPS50",-0.00841250842687738,0.983403509588428
"ENSG00000004799","PDK4",-0.0177278518355287,0.968255888012337
"ENSG00000004975","DVL2",0.0300763925183516,0.872188073449782
"ENSG00000005100","DHX33",-0.00999040645550699,0.950944313470453
"ENSG00000005238","ATOSB",0.555026572585669,0.000227802093973856
"ENSG00000005249","PRKAR2B",-0.142974829582179,0.547978249563471
"ENSG00000005483","KMT2E",-0.117492476221374,0.317837994303708
"ENSG00000005486","RHBDD2",1.43517197002877,1.00291796423589e-27
"ENSG00000005700","IBTK",-0.376691438452857,2.84097410026833e-05
"ENSG00000005884","ITGA3",-0.933672075793435,3.03100569502206e-15
"ENSG00000005889","ZFX",-0.0976712733867028,0.528904846548527
"ENSG00000006451","RALA",0.161077605870437,0.062185162079605
"ENSG00000006576","PHTF2",-0.299713350792032,0.00203414630909735
"ENSG00000006831","ADIPOR2",-0.138515417662525,0.0604461264735461
"ENSG00000007866","TEAD3",1.23593500947831,9.43146587410432e-20
"ENSG00000008018","PSMB1",-0.100525337324173,0.404583935488835
"ENSG00000008838","MED24",0.16482607331629,0.260060813927576
"ENSG00000008853","RHOBTB2",0.626150013209532,1.26991061377929e-05
"ENSG00000010295","IFFO1",0.597943738811235,1.25296342134343e-06
"ENSG00000011007","ELOA",-0.0403247245062554,0.769686757445034
"ENSG00000011332","DPF1",0.28358365746516,0.0460973515162672
"ENSG00000011347","SYT7",-0.0562027209884634,0.874965142916818
"ENSG00000011465","DCN",0.0660275829578366,0.837497640922381
"ENSG00000012232","EXTL3",-0.101657895760673,0.335648881662397
"ENSG00000013306","SLC25A39",0.0599754165635318,0.586838797487253
"ENSG00000013374","NUB1",0.0810470275086667,0.461098790826764
"ENSG00000013619","MAMLD1",-0.0369574697125335,0.903610982847778
"ENSG00000015532","XYLT2",-0.00989617259637044,0.964691427230734
"ENSG00000016082","ISL1",0.0620575029644318,0.853287572989689
"ENSG00000017797","RALBP1",0.26607940141744,7.20152651109572e-06
"ENSG00000018408","WWTR1",-0.246886729815849,0.00622207225464255
"ENSG00000019169","MARCO",0.035811717157936,0.921428107791884
"ENSG00000020129","NCDN",0.364666486574064,0.00178509806625971
"ENSG00000020181","ADGRA2",0.262928664506284,0.342528995131275
"ENSG00000021645","NRXN3",-1.3989466198526,6.0708627368282e-08
"ENSG00000021762","OSBPL5",-0.0847864190101563,0.735512256440617
"ENSG00000022567","SLC45A4",-0.00425607013532074,0.996512978493317
"ENSG00000023228","NDUFS1",0.00880204279809397,0.961231096850392
"ENSG00000023445","BIRC3",1.75233953303537,1.16892455543142e-15
"ENSG00000023516","AKAP11",0.171999451386806,0.0897834926547783
"ENSG00000023608","SNAPC1",0.0760307028869148,0.586936738683906
"ENSG00000024422","EHD2",0.119484869328552,0.438226996073678
"ENSG00000025039","RRAGD",0.786614404355502,0.00437120258505375
"ENSG00000025796","SEC63",-0.237348134077415,0.0173652149795309
"ENSG00000026751","SLAMF7",0.798467866951384,9.83111467856846e-05
"ENSG00000027697","IFNGR1",0.438295692575074,0.0196358658962655
"ENSG00000027869","SH2D2A",1.07814772842305,3.78682345067163e-06
"ENSG00000028203","VEZT",-0.0982167791382906,0.273663346977392
"ENSG00000030066","NUP160",0.0356919414710842,0.84535001190594
"ENSG00000030419","IKZF2",-0.150141514693256,0.582809302975743
"ENSG00000031081","ARHGAP31",-0.268321614713278,0.120221853393777
"ENSG00000031698","SARS1",0.0750861138640653,0.63188891280898
"ENSG00000032389","EIPR1",-0.596627989259233,3.7642307698412e-09
"ENSG00000033030","ZCCHC8",-0.194047591821576,0.11826930571501
"ENSG00000033178","UBA6",-0.0362192455772554,0.716119496992081
"ENSG00000033800","PIAS1",-0.180208912422742,0.0413537813898542
"ENSG00000033867","SLC4A7",-0.163397773329131,0.17841528536888
"ENSG00000035687","ADSS2",-0.400868404418007,0.000195628508276624
"ENSG00000036549","ZZZ3",-0.442448317251957,1.0233903597482e-07
"ENSG00000037965","HOXC8",0.23273577957477,0.0533105199012411
"ENSG00000038427","VCAN",0.246790294029149,0.226298580601817
"ENSG00000039560","RAI14",-0.590114449488364,7.28184336433627e-10
"ENSG00000040487","SLC66A1",0.43763198579425,0.00068491777313426
"ENSG00000046604","DSG2",0.394686383519827,6.6790862725032e-06
"ENSG00000046651","OFD1",0.528370490046966,1.07128115368258e-07
"ENSG00000047315","POLR2B",-0.00485368550199574,0.973224020016591
"ENSG00000047597","XK",0.064719187759184,0.84731068710725
"ENSG00000048140","TSPAN17",0.219987417854063,0.0505941692988393
"ENSG00000048342","CC2D2A",0.12258208940018,0.385675933582676
"ENSG00000048991","R3HDM1",-0.681316677507477,2.47789050816687e-14
"ENSG00000049192","ADAMTS6",-0.589295351070561,0.00205673591615012
"ENSG00000049860","HEXB",0.0698077965999579,0.528882122153273
"ENSG00000050393","MCUR1",0.0148941592975487,0.902908251636753
"ENSG00000052344","PRSS8",0.0753283659120161,0.814360502795809
"ENSG00000053524","MCF2L2",1.34710115755736,0.00176435165754239
"ENSG00000054277","OPN3",0.372746438437892,0.0343208983587446
"ENSG00000054967","RELT",0.395026077807829,0.000951252121607242
"ENSG00000055211","GINM1",0.0694121321049237,0.55020475588235
"ENSG00000057019","DCBLD2",-0.776090701903392,4.8905451903736e-19
"ENSG00000057704","TMCC3",0.0292426070454201,0.930438402845965
"ENSG00000058063","ATP11B",-0.106400881735775,0.322674590371617
"ENSG00000058668","ATP2B4",-0.389808886436433,0.0463212259247235
"ENSG00000059769","DNAJC25",0.526162483984661,1.48951177215011e-06
"ENSG00000060558","GNA15",1.3651414006505,0.00193515463707621
"ENSG00000060971","ACAA1",0.339323820237149,0.00163736664294078
"ENSG00000061918","GUCY1B1",-0.0425043221917785,0.85408425627503
"ENSG00000062194","GPBP1",0.120535312580653,0.0895022801546315
"ENSG00000062822","POLD1",-0.232044536781002,0.181127238991661
"ENSG00000063245","EPN1",0.152029944215153,0.190004514034582
"ENSG00000063587","ZNF275",0.252611079420072,0.0743556119858485
"ENSG00000064195","DLX3",1.934862837316,3.97595925849647e-05
"ENSG00000064490","RFXANK",-0.00259983369318104,0.998612218527151
"ENSG00000064666","CNN2",0.400214948111405,0.00038284177144309
"ENSG00000064726","BTBD1",0.0950723815886813,0.618901179791612
"ENSG00000065600","PACC1",-0.0751938595594365,0.738516230032682
"ENSG00000065802","ASB1",-0.481179594807842,4.48980139575454e-06
"ENSG00000065989","PDE4A",-0.0875823471893462,0.671327167670164
"ENSG00000066827","ZFAT",-0.207563838893858,0.306670085833123
"ENSG00000066933","MYO9A",-1.0852375525341,1.2557477853356e-22
"ENSG00000067057","PFKP",-0.174896302269136,0.0346333737343313
"ENSG00000067113","PLPP1",0.80395090620931,5.38735306820878e-07
"ENSG00000067167","TRAM1",0.607282266281711,3.79925769932399e-16
"ENSG00000067208","EVI5",0.4179427101023,0.00075290661221226
"ENSG00000067560","RHOA",-0.307966186284902,2.11327164062985e-07
"ENSG00000067955","CBFB",-0.244870331188893,0.000897903604593627
"ENSG00000067992","PDK3",-0.0187899871694168,0.944388393051944
"ENSG00000068366","ACSL4",-0.57423106907369,5.0316328836095e-10
"ENSG00000068615","REEP1",-0.0964361069840971,0.746033501871443
"ENSG00000068796","KIF2A",-0.495581435801449,2.20847114445366e-11
"ENSG00000069248","NUP133",-0.243212767787324,0.0478638408575201
"ENSG00000069493","CLEC2D",-0.472468002496553,0.0997985446742395
"ENSG00000069702","TGFBR3",-0.643938563325015,9.65064801319703e-06
"ENSG00000069974","RAB27A",-0.748303698244236,2.24504775812728e-10
"ENSG00000070159","PTPN3",-0.203519306787019,0.198889981650378
"ENSG00000070214","SLC44A1",-0.60671461148162,1.0832038337362e-14
"ENSG00000070269","TMEM260",-0.338141028722204,0.0289362645196493
"ENSG00000070476","ZXDC",0.222950443207725,0.0647362559631339
"ENSG00000070501","POLB",0.573017463239528,4.8176257974539e-07
"ENSG00000070950","RAD18",-0.357953513081834,0.000350866886559828
"ENSG00000071189","SNX13",-0.229396230906951,0.0816238164753607
"ENSG00000071553","ATP6AP1",0.561294729453463,1.05963472480955e-09
"ENSG00000071794","HLTF",-0.219148944501174,0.0624453529603018
"ENSG00000071894","CPSF1",0.0456100891062787,0.768353073889787
"ENSG00000072042","RDH11",-0.360839186949425,0.00032434328860209
"ENSG00000072062","PRKACA",0.292703851950683,0.0106418703835439
"ENSG00000072071","ADGRL1",-0.260554300556965,0.182269733603865
"ENSG00000072110","ACTN1",-0.364371538839124,6.48288761959521e-05
"ENSG00000072210","ALDH3A2",-0.314477485598621,0.00946571580144282
"ENSG00000072657","TRHDE",-1.1731101047023,5.22996633076036e-10
"ENSG00000072756","TRNT1",0.0376444310247799,0.794146960365737
"ENSG00000072958","AP1M1",0.070993325478943,0.508971235114885
"ENSG00000073350","LLGL2",0.0298697637136559,0.939062951444456
"ENSG00000073756","PTGS2",0.942438440831671,0.00263463187204489
"ENSG00000074054","CLASP1",0.096285484826644,0.494265537693429
"ENSG00000074416","MGLL",-1.12387086842509,1.75230498466518e-06
"ENSG00000074590","NUAK1",0.426381816286329,0.00344582626775775
"ENSG00000074657","ZNF532",-0.271061587228748,0.0353779754753979
"ENSG00000074696","HACD3",-0.314718789912897,2.92457677712063e-05
"ENSG00000075213","SEMA3A",-0.687803214224976,0.0021729837994813
"ENSG00000075426","FOSL2",0.174542430417436,0.123572159974125
"ENSG00000075539","FRYL",-0.27320064032646,0.00225611098149009
"ENSG00000075618","FSCN1",0.340027606731772,5.66280803668343e-06
"ENSG00000075711","DLG1",-1.00243381748784,1.23091004586765e-21
"ENSG00000075945","KIFAP3",-0.235786092579442,0.0856288123294359
"ENSG00000076321","KLHL20",-0.079876815672448,0.532674339897219
"ENSG00000076555","ACACB",-0.00874014006716418,0.9910723547859
"ENSG00000077044","DGKD",0.590027538974927,2.51821086545591e-10
"ENSG00000077097","TOP2B",0.00574992657886739,0.976362330857382
"ENSG00000077238","IL4R",0.336632282857839,0.00227629163154999
"ENSG00000077254","USP33",0.343277708992233,5.96406380582934e-06
"ENSG00000077274","CAPN6",-0.00792875550975995,0.991914857779079
"ENSG00000077782","FGFR1",0.0231225955757294,0.914778781982727
"ENSG00000078018","MAP2",-1.15785722785121,0.00187477239666998
"ENSG00000078043","PIAS2",-0.0969494781607436,0.397347016198589
"ENSG00000078114","NEBL",0.867127464952738,0.0186550729703605
"ENSG00000078124","ACER3",-0.365949281763539,0.000894481974676427
"ENSG00000078269","SYNJ2",-0.0953525584964412,0.446360211294258
"ENSG00000078403","MLLT10",-0.42886605201256,5.13124193052013e-05
"ENSG00000079134","THOC1",-0.216466797719153,0.100364688938597
"ENSG00000079156","OSBPL6",-1.21064865448838,1.86014821066182e-32
"ENSG00000079313","REXO1",0.17668714119854,0.366943657362284
"ENSG00000079332","SAR1A",0.523620318891231,2.30039934298961e-11
"ENSG00000079739","PGM1",-0.338647376115811,0.00870087128903296
"ENSG00000080298","RFX3",-0.577830507369466,0.0060592796026789
"ENSG00000080822","CLDND1",0.253286417862623,0.0701048689395814
"ENSG00000080823","MOK",-1.06479065931021,1.39698635959387e-19
"ENSG00000080845","DLGAP4",0.212694814257606,0.0728394662843566
"ENSG00000080854","IGSF9B",0.549033469449329,0.0476154886316117
"ENSG00000081052","COL4A4",0.0705236131860792,0.824033624158263
"ENSG00000081181","ARG2",0.396223929209756,0.0414713541554013
"ENSG00000082074","FYB1",-0.0621594906306005,0.849473800558337
"ENSG00000082269","FAM135A",-0.274211878144977,0.0819197459562804
"ENSG00000082497","SERTAD4",-0.4429656818876,0.00535964842952159
"ENSG00000082641","NFE2L1",0.0220307198175923,0.878971536675574
"ENSG00000082781","ITGB5",0.2364817471938,0.0447305199717965
"ENSG00000082805","ERC1",-0.482127029907266,1.89340592073154e-05
"ENSG00000082996","RNF13",-0.128651662196654,0.376189503187415
"ENSG00000083223","TUT7",-0.0050337585372741,0.990302299416616
"ENSG00000083307","GRHL2",-0.00627693898680326,0.995491490188813
"ENSG00000083444","PLOD1",0.111046208203698,0.383744785158396
"ENSG00000083544","TDRD3",-0.740529266564435,9.86056857925979e-08
"ENSG00000083807","SLC27A5",-0.402957740577679,0.0191306454224455
"ENSG00000084093","REST",0.113317785282089,0.32827738146151
"ENSG00000084112","SSH1",0.0606056468563846,0.728292397167593
"ENSG00000084623","EIF3I",-0.0744706422479496,0.455249589160784
"ENSG00000084733","RAB10",-0.175074134093278,0.0410391103412083
"ENSG00000085063","CD59",-0.0512469080007734,0.758135774057465
"ENSG00000085978","ATG16L1",0.0225564327747631,0.888908247831489
"ENSG00000085998","POMGNT1",0.149237983180782,0.178938699315304
"ENSG00000086015","MAST2",0.107207017693002,0.456289549130615
"ENSG00000086504","MRPL28",0.277202285360073,0.0471243272724544
"ENSG00000086544","ITPKC",1.00475320624223,3.2281435760254e-07
"ENSG00000087095","NLK",-0.443985014348423,0.000128976569524436
"ENSG00000087116","ADAMTS2",-0.588362902608318,0.032732171308565
"ENSG00000087128","TMPRSS11E",3.49875807074186,3.90770489078933e-07
"ENSG00000087245","MMP2",0.337990824125583,0.213358506676309
"ENSG00000087258","GNAO1",0.0890104879045643,0.794146960365737
"ENSG00000087274","ADD1",-0.107492097664816,0.198959757112937
"ENSG00000087365","SF3B2",0.165753105307376,0.0066232317317189
"ENSG00000087448","KLHL42",-0.784050920462941,1.27909687517374e-25
"ENSG00000087494","PTHLH",0.289988557781145,0.320402407991715
"ENSG00000087495","PHACTR3",1.89142486685987,0.000902637078878891
"ENSG00000087510","TFAP2C",-0.352430211545217,0.100666340545703
"ENSG00000087586","AURKA",-0.395176816999973,6.24726116443486e-05
"ENSG00000087842","PIR",-0.795738690605814,9.20703460374389e-07
"ENSG00000088002","SULT2B1",0.27546119133216,0.313131402158178
"ENSG00000088356","PDRG1",0.293980489250848,0.00620851961222126
"ENSG00000088538","DOCK3",-0.104490152309716,0.75441523269106
"ENSG00000088682","COQ9",0.0675364637324331,0.732176250794122
"ENSG00000088832","FKBP1A",0.081496163281668,0.383600952862205
"ENSG00000089050","RBBP9",0.0386019640175032,0.853896481733637
"ENSG00000089157","RPLP0",-0.0499564778626515,0.652169254608239
"ENSG00000089351","GRAMD1A",0.293348184272067,0.00222006719422851
"ENSG00000089597","GANAB",-0.141292360068278,0.128213346470653
"ENSG00000090020","SLC9A1",0.865487648672231,1.60537891979918e-09
"ENSG00000090530","P3H2",0.837386939396219,0.00239221508486742
"ENSG00000090565","RAB11FIP3",-0.320067612346452,0.0416717017363905
"ENSG00000090861","AARS1",-0.434895114055267,7.57446980640263e-06
"ENSG00000090971","NAT14",-0.283208516585872,0.048644906240448
"ENSG00000090975","PITPNM2",-0.138596163719334,0.464465651217614
"ENSG00000090989","EXOC1",-0.159010053478169,0.0569117278227403
"ENSG00000091127","PUS7",-0.154239539662462,0.172610551044756
"ENSG00000091129","NRCAM",-0.54774666433662,0.0163108761581387
"ENSG00000091140","DLD",0.0581653592243314,0.593606064079606
"ENSG00000091157","WDR7",-1.22240049553018,6.20366895929911e-12
"ENSG00000091409","ITGA6",-1.37240229154142,1.01316586767564e-26
"ENSG00000091436","MAP3K20",-0.452088052264319,2.14152036302539e-12
"ENSG00000091640","SPAG7",-0.561467609078222,1.32394735341595e-06
"ENSG00000091651","ORC6",-0.190986779881341,0.11057941808842
"ENSG00000092108","SCFD1",-0.227322248749828,0.0108882745889924
"ENSG00000092295","TGM1",0.583867649184583,0.0805224106095254
"ENSG00000092621","PHGDH",-0.800960707474736,0.00163427239018563
"ENSG00000094975","SUCO",-0.164287242913997,0.0762957598975389
"ENSG00000095203","EPB41L4B",0.74412342610069,1.34482634028356e-05
"ENSG00000095303","PTGS1",1.40638340497529,0.00238590688986331
"ENSG00000095752","IL11",0.146432736459452,0.605739189159887
"ENSG00000095787","WAC",-0.0579615651757241,0.318517601199108
"ENSG00000095906","NUBP2",0.116965965158746,0.29660675958784
"ENSG00000096060","FKBP5",-0.0743510449375808,0.733309556316864
"ENSG00000096092","TMEM14A",0.0100871830575165,0.978329623374013
"ENSG00000096654","ZNF184",-0.186680510278294,0.39962222135196
"ENSG00000096696","DSP",1.05207856949417,1.31207166982674e-12
"ENSG00000096968","JAK2",-0.0667683748660905,0.699125360372293
"ENSG00000097033","SH3GLB1",-0.00539807328455709,0.978836316037533
"ENSG00000099256","PRTFDC1",0.00991107597949176,0.989874809877552
"ENSG00000099326","MZF1",-0.203383388579856,0.382857711714818
"ENSG00000099625","CBARP",0.357967941019311,0.0809552207651869
"ENSG00000099875","MKNK2",0.277267338552101,0.00196114216711763
"ENSG00000100036","SLC35E4",0.216151676720143,0.0955141186138177
"ENSG00000100058",NA,-0.0599008519979871,0.761628424896576
"ENSG00000100065","CARD10",0.144922240050566,0.450682562883459
"ENSG00000100092","SH3BP1",0.0786392459210107,0.637704202016294
"ENSG00000100106","TRIOBP",-0.128661442351677,0.390865551079529
"ENSG00000100139","MICALL1",0.200173357356453,0.0744968819064185
"ENSG00000100142","POLR2F",0.495852556730058,6.81841441812577e-10
"ENSG00000100209","HSCB",0.443506941497993,0.00116900410122079
"ENSG00000100220","RTCB",0.284249178144781,0.000531896114046132
"ENSG00000100226","GTPBP1",0.259265331253548,0.0329861536846486
"ENSG00000100241","SBF1",0.215002914729047,0.09385933618349
"ENSG00000100243","CYB5R3",0.211695061642421,0.00399179796537028
"ENSG00000100271","TTLL1",0.0189064770477479,0.970048492484657
"ENSG00000100320","RBFOX2",-0.34055072080718,8.02981970238518e-07
"ENSG00000100347","SAMM50",0.351325629116722,1.94104518412041e-09
"ENSG00000100350","FOXRED2",0.210128532988179,0.0640302833751959
"ENSG00000100395","L3MBTL2",0.37114447821954,0.00144431802544887
"ENSG00000100422","CERK",-0.225999234591282,0.0279807610051861
"ENSG00000100439","ABHD4",1.70399807074212,1.70553971345806e-16
"ENSG00000100445","SDR39U1",-0.20256512326443,0.119577959421935
"ENSG00000100504","PYGL",-0.22193281790912,0.0394239285323407
"ENSG00000100558","PLEK2",0.0389289287613692,0.92178492931413
"ENSG00000100592","DAAM1",1.35662145033573,4.62599521337213e-25
"ENSG00000100600","LGMN",0.703522396597344,1.05717834041113e-05
"ENSG00000100625","SIX4",-1.02164892623655,6.66803999841497e-10
"ENSG00000100629","CEP128",-0.587512632679438,7.33975219526778e-05
"ENSG00000100650","SRSF5",-0.0780716059992313,0.464715825547423
"ENSG00000100739","BDKRB1",1.0119744444466,1.55182437927645e-05
"ENSG00000100749","VRK1",-0.20004970409907,0.049301587823547
"ENSG00000100889","PCK2",-1.1354607418171,1.03704629090076e-05
"ENSG00000100890","PRORP",-0.558334298863486,0.00102207457011179
"ENSG00000100911","PSME2",0.597974402124669,3.52407105617148e-08
"ENSG00000100997","ABHD12",-0.000529087941918037,0.999769847841042
"ENSG00000101000","PROCR",1.10841254712341,7.69249890741243e-25
"ENSG00000101003","GINS1",-0.350574765462071,0.00988453098035463
"ENSG00000101019","UQCC1",-0.0384683422391363,0.821880588336669
"ENSG00000101189","MRGBP",-0.322207092722926,0.000545256560205307
"ENSG00000101193","GID8",0.299282404994615,0.000346852391490472
"ENSG00000101199","ARFGAP1",0.307797206235378,0.0067932453456811
"ENSG00000101210","EEF1A2",-0.0970547355166123,0.729351773163332
"ENSG00000101216","GMEB2",-0.0924972923325118,0.532369089943887
"ENSG00000101230","ISM1",0.251076780858948,0.280169828010342
"ENSG00000101346","POFUT1",-0.136354023962083,0.0570232026245078
"ENSG00000101363","MANBAL",-0.0164958121603606,0.941399608958804
"ENSG00000101391","CDK5RAP1",0.186866235376905,0.0746643968474398
"ENSG00000101407","TTI1",-0.191854830799061,0.130618710372781
"ENSG00000101421","CHMP4B",0.53632874962774,8.14085211960796e-09
"ENSG00000101447","FAM83D",-0.34699599732858,0.019358448938499
"ENSG00000101474","APMAP",0.0950489774994893,0.380667100093098
"ENSG00000101574","METTL4",-0.0947830013448714,0.660738146474499
"ENSG00000101577","LPIN2",0.211533194003376,0.196810768133131
"ENSG00000101680","LAMA1",-0.04791143368756,0.852689255605363
"ENSG00000101773","RBBP8",-0.298535260635164,0.00166456016827253
"ENSG00000101842","VSIG1",5.8560840370289,1.51506808463557e-14
"ENSG00000101888","NXT2",-0.228859504103857,0.0196542266822305
"ENSG00000101928","MOSPD1",1.14325715234994,1.1609507190378e-17
"ENSG00000102119","EMD",-0.208576057841493,0.00394977809161333
"ENSG00000102189","EEA1",-0.314419083422267,0.00228244272510936
"ENSG00000102243","VGLL1",-0.0174068239565362,0.969906602520035
"ENSG00000102265","TIMP1",0.787427807991378,1.18905441547296e-07
"ENSG00000102312","PORCN",0.976121687745568,4.01876558643576e-05
"ENSG00000102359","SRPX2",0.196651252822356,0.339879356788677
"ENSG00000102362","SYTL4",0.17139508685826,0.29033108673964
"ENSG00000102452","NALCN",-0.319243626224453,0.11634165619449
"ENSG00000102554","KLF5",1.37575074659725,3.69830064875311e-27
"ENSG00000102760","RGCC",-0.314588181521726,0.284007283773221
"ENSG00000102780","DGKH",-0.111443233662352,0.393126612785824
"ENSG00000102781","KATNAL1",0.101933173271418,0.477390773916087
"ENSG00000102805","CLN5",0.14239197028585,0.311904861679246
"ENSG00000102931","ARL2BP",0.146857367477007,0.228905968271221
"ENSG00000102934","PLLP",1.09983662650893,0.00345748979663189
"ENSG00000102996","MMP15",1.08805284468121,2.26920329636386e-05
"ENSG00000103018","CYB5B",-0.228487398930359,0.0342218623777156
"ENSG00000103044","HAS3",1.29707790144924,2.36024419344727e-05
"ENSG00000103089","FA2H",0.069715916332571,0.826256352360546
"ENSG00000103148","NPRL3",-0.100899012746534,0.467474651638903
"ENSG00000103222","ABCC1",-0.565424030580279,5.73828813210895e-06
"ENSG00000103245","CIAO3",0.0340019038748673,0.895683499768856
"ENSG00000103260","METRN",-0.0900422946798432,0.658888208785874
"ENSG00000103274","NUBP1",-0.150790645197146,0.234161846988452
"ENSG00000103343","ZNF174",0.114629840334152,0.589911991736591
"ENSG00000103381","CPPED1",-0.52400216993117,2.87235756399315e-06
"ENSG00000103404","USP31",0.398640505002107,0.00421454910650797
"ENSG00000103429","BFAR",-0.00316993328629326,0.989093889964837
"ENSG00000103507","BCKDK",-0.183369040225845,0.0757985094107125
"ENSG00000103512","NOMO1",0.110943651648541,0.383600952862205
"ENSG00000103653","CSK",0.114631280998897,0.298625755824427
"ENSG00000103888","CEMIP",0.544081678057679,0.0570051612455759
"ENSG00000103994","ZNF106",0.485285977417957,2.66572363530079e-10
"ENSG00000104055","TGM5",0.814278096993971,0.0196834920054928
"ENSG00000104067","TJP1",-0.215594108181647,0.0794872884996378
"ENSG00000104081","BMF",1.02368399842755,0.011802212176596
"ENSG00000104147","OIP5",0.126585675399946,0.468487583183091
"ENSG00000104221","BRF2",0.402757253940128,0.0114718579520506
"ENSG00000104237","RP1",0.0677758646336669,0.837549904317128
"ENSG00000104290","FZD3",-0.868930762296298,5.32997970580857e-06
"ENSG00000104388","RAB2A",-0.0868349782383744,0.270579000954038
"ENSG00000104412","EMC2",0.172698481737396,0.176334656227522
"ENSG00000104427","ZC2HC1A",0.229087831499686,0.104165427566912
"ENSG00000104450","SPAG1",0.340496867030892,0.0139754947802485
"ENSG00000104497","SNX16",-0.289635249081661,0.0888800782457874
"ENSG00000104529","EEF1D",-0.0351274637629045,0.744563572813107
"ENSG00000104549","SQLE",-0.683223410232987,2.23040936430718e-08
"ENSG00000104671","DCTN6",0.244641216474214,0.0312573945562616
"ENSG00000104731","KLHDC4",-0.548591795706934,5.30033865490057e-05
"ENSG00000104863","LIN7B",1.18692194677024,6.81349604913184e-10
"ENSG00000104884","ERCC2",-0.405579068393462,0.00353017373623176
"ENSG00000104885","DOT1L",0.281223705759854,0.0468110836482784
"ENSG00000104957","YJU2B",0.21795643636506,0.139496516829863
"ENSG00000105011","ASF1B",-0.169026623521376,0.142048087076371
"ENSG00000105048","TNNT1",-0.196491994656863,0.206826148705362
"ENSG00000105053","VRK3",0.760239021061146,2.15904145021215e-12
"ENSG00000105136","ZNF419",0.0761279481674852,0.725908631690987
"ENSG00000105137","SYDE1",0.133558176294768,0.435019954644995
"ENSG00000105219","CCNP",0.980765209037461,0.0175697152521974
"ENSG00000105229","PIAS4",0.372884661403317,0.00184322877028228
"ENSG00000105357","MYH14",-0.0125647226662221,0.981961230809104
"ENSG00000105373","NOP53",0.120086687882475,0.219056338279073
"ENSG00000105419","MEIS3",0.839889575018515,0.0143232496215268
"ENSG00000105443","CYTH2",0.212044675721816,0.0870720047272434
"ENSG00000105497","ZNF175",0.171732496465911,0.211485427161137
"ENSG00000105514","RAB3D",0.0895369344393875,0.773235270296268
"ENSG00000105695","MAG",-0.168967370552658,0.549222653985617
"ENSG00000105750","ZNF85",0.356922138843778,0.225551713075333
"ENSG00000105854","PON2",0.257654311510594,0.00344758251509648
"ENSG00000105879","CBLL1",-0.04027342011963,0.803960342720817
"ENSG00000105983","LMBR1",0.0918793606047191,0.429275946748184
"ENSG00000106003","LFNG",-0.421973875036649,0.0284898741844294
"ENSG00000106052","TAX1BP1",0.385221464583075,6.88479758513852e-07
"ENSG00000106078","COBL",-0.185634484104985,0.535769948777
"ENSG00000106211","HSPB1",0.409578345884776,0.0474458420911199
"ENSG00000106268","NUDT1",0.344024948271609,0.00101326180391031
"ENSG00000106278","PTPRZ1",-0.202193634640896,0.450675776453213
"ENSG00000106346","USP42",0.165917960966351,0.155447673587697
"ENSG00000106366","SERPINE1",0.0907988667614154,0.75441523269106
"ENSG00000106397","PLOD3",-0.0583348645105555,0.596828346567936
"ENSG00000106479","ZNF862",0.15520077736523,0.606330188894019
"ENSG00000106565","TMEM176B",-0.0160280606926219,0.973556652239128
"ENSG00000106605","BLVRA",0.414950937362589,0.000233598176229152
"ENSG00000106628","POLD2",-0.272231815584683,0.0130860545186728
"ENSG00000106803","SEC61B",0.0715116894878137,0.520765768110924
"ENSG00000106991","ENG",-0.140199696168007,0.404253289013218
"ENSG00000106993","CDC37L1",0.288484512484601,0.00769579771784087
"ENSG00000107099","DOCK8",0.178844553582874,0.521167168684801
"ENSG00000107104","KANK1",0.05582758514163,0.796810353515759
"ENSG00000107223","EDF1",0.18486931067354,0.00752130351781649
"ENSG00000107262","BAG1",0.664556982838748,2.41703796755681e-13
"ENSG00000107282","APBA1",-1.13479698008889,0.00582494096295467
"ENSG00000107338","SHB",0.0368237001262977,0.854809228455652
"ENSG00000107554","DNMBP",-0.128194736635327,0.191216276568673
"ENSG00000107560","RAB11FIP2",-0.164195767231309,0.209073809360786
"ENSG00000107651","SEC23IP",0.102799429679379,0.248735470745527
"ENSG00000107672","NSMCE4A",-0.439920662834626,1.48019257369866e-05
"ENSG00000107731","UNC5B",-0.168736737458051,0.513656156588452
"ENSG00000107738","VSIR",2.01089978277428,9.70052707593921e-13
"ENSG00000107742","SPOCK2",0.0237340500459382,0.952729677528369
"ENSG00000107815","TWNK",0.294851384884375,0.00187477239666998
"ENSG00000107897","ACBD5",0.254198312341133,0.0309596350156314
"ENSG00000107949","BCCIP",-0.0416908711161711,0.794341874058671
"ENSG00000108091","CCDC6",-0.112970456902182,0.247543128364209
"ENSG00000108375","RNF43",-0.0270846316144582,0.948633103951721
"ENSG00000108474","PIGL",-0.108095813078949,0.655731257137316
"ENSG00000108479","GALK1",0.138442548003456,0.423513400957638
"ENSG00000108506","INTS2",-0.231210872994384,0.148064793105031
"ENSG00000108511","HOXB6",-0.121221893510064,0.462242915862474
"ENSG00000108523","RNF167",0.269588263056789,0.0226671962544756
"ENSG00000108578","BLMH",-0.333427763254843,0.000246679719587678
"ENSG00000108604","SMARCD2",0.123578397802773,0.374390823402795
"ENSG00000108639","SYNGR2",0.460839835881451,0.000229577146448778
"ENSG00000108799","EZH1",0.260922362480091,0.106458751968038
"ENSG00000108854","SMURF2",-0.979491834780747,6.21698889531049e-11
"ENSG00000108932","SLC16A6",0.0305656865973735,0.94303577691199
"ENSG00000108960","MMD",-0.241488577321312,0.147302059872407
"ENSG00000109016","DHRS7B",0.559958212716408,3.31597243663647e-05
"ENSG00000109079","TNFAIP1",0.552343795273055,6.4090220392638e-12
"ENSG00000109089","CDR2L",1.14523625264653,1.69383617658456e-09
"ENSG00000109099","PMP22",0.127051177712463,0.41632683016053
"ENSG00000109171","SLAIN2",-0.0773518360260387,0.505149841527015
"ENSG00000109501","WFS1",0.908021103609577,6.57496225361634e-14
"ENSG00000109572","CLCN3",-0.11468694564329,0.175953255628706
"ENSG00000109787","KLF3",-0.250622733904151,0.0267833630183009
"ENSG00000109790","KLHL5",0.584784126992854,3.21671239049495e-08
"ENSG00000109846","CRYAB",1.33103883499261,0.00461976237246985
"ENSG00000109854","HTATIP2",-0.00848625493423756,0.991305082777353
"ENSG00000109881","CCDC34",0.536291502054434,1.55452954211205e-09
"ENSG00000109906","ZBTB16",-0.0597347200140053,0.855043215512292
"ENSG00000109917","ZPR1",0.516706144609236,1.18540438742288e-11
"ENSG00000110047","EHD1",0.106756647415644,0.534990908109022
"ENSG00000110063","DCPS",-0.0711675462437541,0.698314111242963
"ENSG00000110315","RNF141",0.234624502893247,0.0364862049525739
"ENSG00000110395","CBL",-0.0154909702962686,0.943527040132047
"ENSG00000110514","MADD",0.294101442095592,0.0336400370947994
"ENSG00000110660","SLC35F2",0.187643491014636,0.0908418836422139
"ENSG00000110717","NDUFS8",0.0564678781501716,0.53519949963668
"ENSG00000110851","PRDM4",-0.172537978783046,0.0660835951512188
"ENSG00000110911","SLC11A2",-0.501798304959366,2.93441625200906e-07
"ENSG00000111057","KRT18",-0.164346472817909,0.157137580058699
"ENSG00000111077","TNS2",0.208374020375592,0.137429854169148
"ENSG00000111110","PPM1H",-0.350077472550797,0.238905521105718
"ENSG00000111145","ELK3",-0.358918091566391,0.000121360897161877
"ENSG00000111199","TRPV4",0.245671211068897,0.307529269113546
"ENSG00000111252","SH2B3",-0.341984469645271,0.0178975996259726
"ENSG00000111269","CREBL2",0.138234089234657,0.215403939043764
"ENSG00000111300","NAA25",-0.211389454574152,0.0248788158562779
"ENSG00000111328","CDK2AP1",0.304578412303875,0.000196827791781026
"ENSG00000111640","GAPDH",-0.137618180737823,0.110564546246962
"ENSG00000111642","CHD4",0.0474905947011548,0.717150673121756
"ENSG00000111674","ENO2",0.0139767069449117,0.963559913140594
"ENSG00000111684","LPCAT3",0.740347943261852,1.72305616874726e-06
"ENSG00000111731","C2CD5",-0.778232829623406,1.06450559562548e-06
"ENSG00000111799","COL12A1",0.431803453568872,0.0362182850215991
"ENSG00000111850","SMIM8",-0.0948260969940492,0.643861416787194
"ENSG00000111859","NEDD9",3.06242797073746,2.22565754143604e-18
"ENSG00000111877","MCM9",-0.208151885101706,0.388135295335925
"ENSG00000111907","TPD52L1",-0.54333221464657,0.00115675229395392
"ENSG00000111913","RIPOR2",0.867976044788333,0.0263850609715324
"ENSG00000112130","RNF8",0.322466953402914,1.78519530911637e-05
"ENSG00000112144","CILK1",-0.835871863883382,1.37118442106401e-06
"ENSG00000112159","MDN1",-0.26114774732372,0.023219805461986
"ENSG00000112182","BACH2",-0.276674949838305,0.344540295093993
"ENSG00000112210","RAB23",0.112761405753549,0.432679160122178
"ENSG00000112242","E2F3",-0.341645151932231,0.000408515235762971
"ENSG00000112249","ASCC3",-0.135793995578615,0.234130087114072
"ENSG00000112304","ACOT13",-0.225514809323606,0.140210575151612
"ENSG00000112308","C6orf62",-0.447689192762444,8.32461402636248e-07
"ENSG00000112320","SOBP",-0.684297820507435,0.00263415892767335
"ENSG00000112378","PERP",0.639547329648794,4.21216814228177e-15
"ENSG00000112414","ADGRG6",-0.0731332566883327,0.719457938517671
"ENSG00000112511","PHF1",0.0813443074870567,0.647219750496656
"ENSG00000112514","CUTA",-0.0523749955064196,0.628853982235476
"ENSG00000112576","CCND3",0.612592790862978,1.63930220679043e-12
"ENSG00000112599","GUCA1B",1.90848811946467,0.00029899462693453
"ENSG00000112624","BICRAL",-0.178648516012954,0.33200349438075
"ENSG00000112701","SENP6",-0.0301753627112873,0.854154520296643
"ENSG00000112715","VEGFA",-0.355039624389995,0.0680908569360943
"ENSG00000112812","PRSS16",-0.00336988795291115,0.999433637321825
"ENSG00000112902","SEMA5A",-0.334644386878209,0.111199285553142
"ENSG00000112964","GHR",-0.483482227554568,0.101120649989181
"ENSG00000113360","DROSHA",-0.365687152366148,1.04328631082153e-05
"ENSG00000113369","ARRDC3",0.482201834529348,0.023666868878316
"ENSG00000113391","ARB2A",-1.25482439692746,2.51137463374787e-33
"ENSG00000113448","PDE4D",0.0572481856719734,0.864984509550177
"ENSG00000113456","RAD1",-0.185977493339611,0.0329509515109558
"ENSG00000113593","PPWD1",-0.535888386473592,5.11556095504349e-05
"ENSG00000113638","TTC33",0.139348040313505,0.455566781063254
"ENSG00000113712","CSNK1A1",-0.439855164693191,2.03916918522787e-12
"ENSG00000113732","ATP6V0E1",0.455887327989948,2.01806400335943e-05
"ENSG00000113805","CNTN3",-0.752284234920592,0.0120776909456871
"ENSG00000113812","ACTR8",0.280230246680912,0.0029092481720604
"ENSG00000113916","BCL6",0.290827989388123,0.141809595855207
"ENSG00000114030","KPNA1",-0.0339543932710395,0.752160749617752
"ENSG00000114315","HES1",0.172179504626395,0.479891289288329
"ENSG00000114331","ACAP2",-0.0578095776564871,0.679859092301932
"ENSG00000114353","GNAI2",-0.167957632028721,0.0372430149954318
"ENSG00000114405","CEP15",-0.233937050964292,0.133855378630463
"ENSG00000114423","CBLB",1.0939543178626,1.74531395974961e-09
"ENSG00000114439","BBX",0.0846164511218182,0.34854807494
"ENSG00000114446","IFT57",-0.0424584684222825,0.822628496792738
"ENSG00000114503","NCBP2",0.517901309115774,6.88007270950428e-22
"ENSG00000114529","C3orf52",0.353143795654829,0.0230516071539124
"ENSG00000114541","FRMD4B",-0.347610145966134,0.0380513218431026
"ENSG00000114742","WDR48",0.388502875000449,1.06440024297683e-05
"ENSG00000114790","ARHGEF26",-0.120238597212243,0.521252976879789
"ENSG00000114796","KLHL24",1.0013526458305,1.56052999781647e-06
"ENSG00000114933","INO80D",0.0526620829154312,0.808225473646259
"ENSG00000114956","DGUOK",-0.172224912376958,0.11339981137765
"ENSG00000114978","MOB1A",-0.208966775301072,0.00994082679437855
"ENSG00000114999","TTL",-0.511759077599678,2.50998664432289e-12
"ENSG00000115084","SLC35F5",-0.10219241795765,0.49168816050395
"ENSG00000115112","TFCP2L1",1.18521863453114,0.00174186844037535
"ENSG00000115129","TP53I3",2.70834911237509,1.5003800964125e-70
"ENSG00000115159","GPD2",-0.726636795945871,2.76274727065492e-18
"ENSG00000115267","IFIH1",0.163780937066529,0.493803603256726
"ENSG00000115271","GCA",-0.184460901086984,0.541851471403344
"ENSG00000115274","INO80B",0.512945402245868,0.00184698048177502
"ENSG00000115355","CCDC88A",-0.0541752532508517,0.704171752110462
"ENSG00000115380","EFEMP1",0.0569291915304914,0.784097155019901
"ENSG00000115446","UNC50",-0.29634304787905,0.0230065152664115
"ENSG00000115464","USP34",-0.329131226685335,2.41423644743934e-05
"ENSG00000115539","PDCL3",0.0277199028068198,0.903665984594223
"ENSG00000115540","MOB4",0.0295493311317464,0.845770135288537
"ENSG00000115556","PLCD4",0.613356617657515,0.0532781406247993
"ENSG00000115561","CHMP3",-0.071701373607588,0.36883298424278
"ENSG00000115590","IL1R2",0.392574014126788,0.167914937028401
"ENSG00000115641","FHL2",0.93385216419624,7.631684663837e-15
"ENSG00000115652","UXS1",-0.000170892478285145,0.999797764754802
"ENSG00000115738","ID2",1.67412220612031,1.6195216430829e-26
"ENSG00000115758","ODC1",-0.458520405092302,1.82668869233282e-06
"ENSG00000115840","SLC25A12",-0.214937367010931,0.113408906737886
"ENSG00000115884","SDC1",-0.0831273677165913,0.496032628265313
"ENSG00000115902","SLC1A4",-1.07217201567747,1.84997911918807e-05
"ENSG00000116001","TIA1",0.0182394201536636,0.934526677958117
"ENSG00000116117","PARD3B",-1.74853180055028,2.22668432437853e-10
"ENSG00000116138","DNAJC16",0.0680063482374327,0.653132235711721
"ENSG00000116199","FAM20B",-0.167174325069979,0.069566843637596
"ENSG00000116212","LRRC42",0.0178135236084499,0.911487562075033
"ENSG00000116273","PHF13",-0.101823863484082,0.43598988914881
"ENSG00000116285","ERRFI1",-0.421693294844603,0.0053272325167062
"ENSG00000116353","MECR",-0.357654215568303,0.000903260408608964
"ENSG00000116584","ARHGEF2",-0.233308844802125,0.0125339873013106
"ENSG00000116604","MEF2D",0.197549834818713,0.148266495898355
"ENSG00000116667","C1orf21",-1.16341795217903,2.67577726527639e-22
"ENSG00000116668","SWT1",-0.176008245284092,0.466273748227372
"ENSG00000116670","MAD2L2",0.527811960012667,2.77842169774173e-08
"ENSG00000116679","IVNS1ABP",-0.563757534216449,1.00561345278264e-06
"ENSG00000116771","AGMAT",0.359105379745133,0.227428041788008
"ENSG00000116774","OLFML3",0.0256237008552783,0.952855537103376
"ENSG00000116871","MAP7D1",0.142946994713564,0.215735575987199
"ENSG00000116898","MRPS15",0.119768131579963,0.266973792413643
"ENSG00000116922","AIRIM",0.280763507805278,0.0353517783319732
"ENSG00000116977","LGALS8",0.300964502351521,0.00294989692639575
"ENSG00000116991","SIPA1L2",1.22268770134115,9.31598056497206e-09
"ENSG00000117000","RLF",-0.0541400113636755,0.624356255046244
"ENSG00000117020","AKT3",-1.06553918949992,1.33528735016704e-19
"ENSG00000117036","ETV3",-0.0805790882922403,0.707618073931139
"ENSG00000117054","ACADM",-0.215584920109513,0.038705100463672
"ENSG00000117228","GBP1",0.48862540470993,1.38302029437274e-05
"ENSG00000117262","GPR89B",-0.109522252613945,0.601079084486704
"ENSG00000117408","IPO13",0.864205825299568,1.42849381906027e-10
"ENSG00000117461","PIK3R3",1.01891376527254,1.0115071910166e-07
"ENSG00000117472","TSPAN1",2.33622534567044,2.88910380831162e-15
"ENSG00000117475","BLZF1",0.0203513246187985,0.912187649136226
"ENSG00000117479","SLC19A2",0.0287868377474231,0.931899982407258
"ENSG00000117519","CNN3",-0.547990807433726,2.95990378883934e-06
"ENSG00000117525","F3",0.081285018280267,0.726484028754571
"ENSG00000117593","DARS2",-0.178406856861384,0.126031248419124
"ENSG00000117625","RCOR3",0.0725555993998033,0.548493971567623
"ENSG00000117640","MTFR1L",0.167397399217545,0.192994541093886
"ENSG00000117713","ARID1A",0.118089893260302,0.277338433280169
"ENSG00000117758","STX12",0.127523615484933,0.221567498305393
"ENSG00000118058","KMT2A",0.0218579360654852,0.910709460271273
"ENSG00000118200","CAMSAP2",0.226522723308278,0.0655675715608186
"ENSG00000118276","B4GALT6",-1.2323668765695,3.42306146236186e-16
"ENSG00000118418","HMGN3",-0.112810878939433,0.295725932275319
"ENSG00000118496","FBXO30",-0.37975417937169,0.000516251743703982
"ENSG00000118518","RNF146",0.266203336721996,0.0736776467640657
"ENSG00000118523","CCN2",0.119298457142932,0.565857538441403
"ENSG00000118689","FOXO3",0.319730424460903,0.00337437234660793
"ENSG00000118777","ABCG2",-0.178870188881004,0.407550741630506
"ENSG00000118816","CCNI",-0.142388733472678,0.0327868903310117
"ENSG00000118855","MFSD1",-0.0855264904685859,0.534672032171626
"ENSG00000118898","PPL",0.290336677174443,0.329296504246888
"ENSG00000118922","KLF12",-0.442624091415373,0.00769315521943778
"ENSG00000118960","HS1BP3",0.686088397459738,1.97433976976566e-06
"ENSG00000118985","ELL2",0.258198087325373,0.104174042912671
"ENSG00000119138","KLF9",0.17371298886648,0.4591070151372
"ENSG00000119396","RAB14",0.0711116603310722,0.290394629042899
"ENSG00000119408","NEK6",-0.346547103768538,0.00141169482635142
"ENSG00000119411","BSPRY",-0.0099060691115494,0.988013509445498
"ENSG00000119487","MAPKAP1",-0.820374143731229,3.48452997125795e-43
"ENSG00000119509","INVS",-0.705614209527762,2.01215492396162e-06
"ENSG00000119537","KDSR",0.352565563145934,4.85729331862087e-06
"ENSG00000119640","ACYP1",-0.407888822451249,0.00421326395144618
"ENSG00000119655","NPC2",0.42832930071913,4.61314603116016e-06
"ENSG00000119682","AREL1",0.0511190132537692,0.732176250794122
"ENSG00000119686","FLVCR2",2.34476155045513,3.98203531833163e-09
"ENSG00000119698","PPP4R4",-0.0674329784300955,0.829374950044082
"ENSG00000119720","NRDE2",-0.128082109733708,0.280135843027993
"ENSG00000119729","RHOQ",-0.424258209504912,5.90028220720618e-07
"ENSG00000119922","IFIT2",1.48035246196283,3.35085636597612e-05
"ENSG00000119938","PPP1R3C",-0.344695610260524,0.250718385019694
"ENSG00000119979","DENND10",0.182256773960091,0.176231416291567
"ENSG00000120051","CFAP58",-0.281691672146035,0.288367000389057
"ENSG00000120318","ARAP3",-0.0976708663407325,0.549665388805386
"ENSG00000120509","PDZD11",0.216005410317587,0.0232614724356179
"ENSG00000120690","ELF1",0.0595839099999187,0.680747723743288
"ENSG00000120709","FAM53C",0.76211122687503,2.99456590932551e-16
"ENSG00000120729","MYOT",0.0661561235098855,0.836800415789419
"ENSG00000120832","MTERF2",0.114645918319476,0.673099833981737
"ENSG00000120833","SOCS2",-0.39417107506411,0.0569585644278805
"ENSG00000120875","DUSP4",0.169556451780659,0.259653756865333
"ENSG00000120963","ZNF706",-0.226959509727674,0.0430254668244842
"ENSG00000121039","RDH10",1.44148611171478,5.63053143387835e-27
"ENSG00000121578","B4GALT4",0.404376757876471,0.00515126095964785
"ENSG00000121691","CAT",0.0418545529247918,0.834328407667501
"ENSG00000121879","PIK3CA",-0.00778552554923318,0.972224700763025
"ENSG00000121895","TMEM156",0.655441535899742,0.00181173051670463
"ENSG00000121940","CLCC1",0.183045819152919,0.0769909522364793
"ENSG00000122033","MTIF3",0.0162170290052638,0.933612104146857
"ENSG00000122042","UBL3",0.247706346558286,0.0816907544504592
"ENSG00000122482","ZNF644",0.167936188163222,0.0468588708672159
"ENSG00000122641","INHBA",0.267714072096996,0.269702209735325
"ENSG00000122642","FKBP9",0.126654157132514,0.430409147281555
"ENSG00000122882","ECD",0.211043550026551,0.00171300759760647
"ENSG00000123091","RNF11",0.267726287834851,0.00376031059456712
"ENSG00000123094","RASSF8",-0.124755735614316,0.450194198887445
"ENSG00000123095","BHLHE41",0.0674596253250536,0.824777828547399
"ENSG00000123106","CCDC91",-0.847993660545652,8.03099672140379e-21
"ENSG00000123130","ACOT9",0.0629764332117629,0.559126673505916
"ENSG00000123364","HOXC13",1.73386797492529,2.22936956958987e-17
"ENSG00000123562","MORF4L2",-0.186941778360721,0.0431648883195485
"ENSG00000123595","RAB9A",0.0171573710131883,0.948633103951721
"ENSG00000123609","NMI",0.51113573709405,0.000150784539425686
"ENSG00000123739","PLA2G12A",0.000825199297997466,0.999769847841042
"ENSG00000123977","DAW1",0.0690671659186156,0.83355680600458
"ENSG00000124074","ENKD1",0.477564921352202,0.000133817684891991
"ENSG00000124102","PI3",0.0651107017773939,0.84265242243582
"ENSG00000124107","SLPI",1.34731749837725,0.00554798487025035
"ENSG00000124151","NCOA3",0.279921286627924,0.0311446724805215
"ENSG00000124155","PIGT",0.37115011897431,5.99257371094164e-07
"ENSG00000124171","PARD6B",0.586579493683654,0.00446498906293887
"ENSG00000124225","PMEPA1",0.79824232575677,0.00068491777313426
"ENSG00000124429","POF1B",-0.0630240669401461,0.847520721899165
"ENSG00000124466","LYPD3",0.224502169219988,0.438422361420817
"ENSG00000124782","RREB1",0.0121773795966713,0.970859216575435
"ENSG00000124920","MYRF",0.0543514305630477,0.839896880476539
"ENSG00000125089","SH3TC1",0.642637518482367,0.0188617195157747
"ENSG00000125148","MT2A",-0.391946966481675,8.52976242501925e-06
"ENSG00000125247","TMTC4",-1.04754577766203,3.8915262217707e-10
"ENSG00000125319","HROB",0.820112342101882,5.27301949047207e-09
"ENSG00000125434","SLC25A35",0.772905524435564,0.00178509806625971
"ENSG00000125450","NUP85",-0.315445182802145,6.33586459957579e-05
"ENSG00000125520","SLC2A4RG",-0.341427965315144,2.91758222726123e-05
"ENSG00000125611","CHCHD5",-0.297532505161213,0.0466471796313489
"ENSG00000125618","PAX8",-0.13989927996381,0.62469326648366
"ENSG00000125818","PSMF1",-0.0305011613733295,0.827757843635679
"ENSG00000125827","TMX4",0.434255829277114,0.000835067853192362
"ENSG00000125844","RRBP1",-0.060526495702487,0.738244300288502
"ENSG00000125850","OVOL2",-0.0114397309983092,0.984726219045478
"ENSG00000125868","DSTN",-0.0519236867953562,0.603051840729164
"ENSG00000125952","MAX",-0.226129477140509,0.0188321759095287
"ENSG00000125962","ARMCX5",0.0621418378680975,0.80023975291588
"ENSG00000125970","RALY",-0.0962306296760499,0.290981144306793
"ENSG00000126003","PLAGL2",0.101153974047657,0.603379105846987
"ENSG00000126247","CAPNS1",0.262406325217277,0.00115832267646534
"ENSG00000126432","PRDX5",0.259133034157745,0.0152082192278477
"ENSG00000126456","IRF3",0.732193382775396,5.26689568725008e-13
"ENSG00000126522","ASL",-0.168490112191487,0.287253913286676
"ENSG00000126777","KTN1",-0.456202631219101,7.78145755607446e-11
"ENSG00000126778","SIX1",0.322623200133329,0.0157542637290151
"ENSG00000126790","L3HYPDH",-0.41635494403598,0.0101605208282093
"ENSG00000126821","SGPP1",-0.205448345477824,0.174736512929241
"ENSG00000126934","MAP2K2",0.293948101129257,0.0322704245188465
"ENSG00000127311","HELB",0.136604582276536,0.602407468729372
"ENSG00000127585","FBXL16",-0.254471953693048,0.297790276277678
"ENSG00000127824","TUBA4A",0.921146108286244,2.88475569600756e-24
"ENSG00000127884","ECHS1",0.349705945249298,5.00862070777776e-09
"ENSG00000127920","GNG11",0.544527643200127,0.0130094747954726
"ENSG00000127947","PTPN12",-0.469232812145145,1.32106320592881e-07
"ENSG00000127952","STYXL1",0.40096467028206,0.000277974384486708
"ENSG00000128011","LRFN1",0.309909666147398,0.0374602760911388
"ENSG00000128185","DGCR6L",0.39676122806077,0.00123087727596081
"ENSG00000128274","A4GALT",0.367390510363747,0.0581482588907044
"ENSG00000128422","KRT17",2.44570905200018,1.71526343454998e-10
"ENSG00000128463","EMC4",0.211545310577985,0.0266623775023577
"ENSG00000128512","DOCK4",-1.45163249354413,2.18570159952147e-32
"ENSG00000128567","PODXL",-1.2560843264393,1.14637922375283e-10
"ENSG00000128595","CALU",-0.501373629208833,1.8959411714693e-09
"ENSG00000128606","LRRC17",-0.300556390193594,0.255807120596748
"ENSG00000128656","CHN1",-0.519910614790441,0.00340645258814521
"ENSG00000128692",NA,-0.581037361854718,0.0116899357994724
"ENSG00000128791","TWSG1",-0.114280822875185,0.381821958020805
"ENSG00000128829","EIF2AK4",0.0120655420958113,0.910860599730433
"ENSG00000128833","MYO5C",-0.681387780226249,0.0407249876012584
"ENSG00000129038","LOXL1",-0.793486782367756,1.56697183469018e-05
"ENSG00000129071","MBD4",0.098180072756435,0.279376028641822
"ENSG00000129103","SUMF2",0.118893894961256,0.404253289013218
"ENSG00000129353","SLC44A2",0.974059475714689,8.96087468308148e-11
"ENSG00000129518","EAPP",0.506956949939265,3.68958947403851e-07
"ENSG00000129521","EGLN3",0.428716346665019,0.160169521584064
"ENSG00000129559","NEDD8",0.0743723800441894,0.555438189122116
"ENSG00000129595","EPB41L4A",1.05887276787958,0.0127805134995601
"ENSG00000129657","SEC14L1",-0.0111297151081392,0.975596275141969
"ENSG00000129810","SGO1",0.0691662333257089,0.604033424029859
"ENSG00000130005","GAMT",0.595608411011227,7.85643043311004e-07
"ENSG00000130052","STARD8",-0.621635704307399,0.0215664689605323
"ENSG00000130175","PRKCSH",0.249510882224249,0.0135705917677594
"ENSG00000130193","THEM6",-0.471649227288912,0.000489768703598537
"ENSG00000130311","DDA1",0.0498055883563181,0.620079170899038
"ENSG00000130635","COL5A1",-0.00237436812594782,0.999769847841042
"ENSG00000130731","METTL26",0.171468883638388,0.0773180578901367
"ENSG00000130811","EIF3G",0.0363725853402643,0.715352359035801
"ENSG00000130816","DNMT1",-0.457085625258437,2.39523973875651e-08
"ENSG00000130962","PRRG1",0.35453123671878,0.000752546764089715
"ENSG00000131013","PPIL4",0.0816781097815815,0.49273309972985
"ENSG00000131016","AKAP12",0.52823304886003,0.0311127422545997
"ENSG00000131378","RFTN1",-0.350636206197816,0.000429860131611268
"ENSG00000131650","KREMEN2",0.0199470119115724,0.963659468642917
"ENSG00000131652","THOC6",-0.786042777612828,0.000339025510859914
"ENSG00000131848","ZSCAN5A",0.254590607089115,0.128026281401869
"ENSG00000131931","THAP1",-0.00121751044210474,0.999769847841042
"ENSG00000131944","FAAP24",1.05146154175182,3.26700129870321e-10
"ENSG00000132003","ZSWIM4",0.505125422654701,0.0331841470570503
"ENSG00000132182","NUP210",-0.118246707936198,0.696994774740616
"ENSG00000132294","EFR3A",-0.208508478479447,0.00337721637603819
"ENSG00000132589","FLOT2",-0.114911061716925,0.377733167625409
"ENSG00000132600","PRMT7",-0.0168096097299098,0.942604303342505
"ENSG00000132676","DAP3",-0.0791673300214431,0.477700961402061
"ENSG00000132965","ALOX5AP",0.867893153407973,0.0253173183407727
"ENSG00000133027","PEMT",-0.613728884590803,1.1057771363227e-05
"ENSG00000133028","SCO1",-0.00567387523327132,0.966740301224219
"ENSG00000133056","PIK3C2B",0.386678154688447,0.151714174634447
"ENSG00000133103","COG6",-0.00901891284381435,0.983403509588428
"ENSG00000133106","EPSTI1",-0.222112792786625,0.436905759765689
"ENSG00000133110","POSTN",-0.197947448483796,0.477132971663169
"ENSG00000133121","STARD13",0.831489564808452,2.12754662449675e-07
"ENSG00000133142","TCEAL4",0.110023972609642,0.318394285020422
"ENSG00000133315","MACROD1",-0.840619601619786,0.00504798433572473
"ENSG00000133519",NA,-0.0173247570704315,0.970155976793153
"ENSG00000133687","TMTC1",0.283743715909073,0.289547828718108
"ENSG00000133703","KRAS",-0.123514842509326,0.117982063069464
"ENSG00000133816","MICAL2",-1.02386373361,4.67996144099617e-16
"ENSG00000133818","RRAS2",-0.265605747212492,0.012579931034975
"ENSG00000133943","DGLUCY",-0.337956469179634,0.0386943702396192
"ENSG00000133985","TTC9",0.454145474812052,0.0814276163210078
"ENSG00000134014","ELP3",0.172115358697312,0.10627918981246
"ENSG00000134046","MBD2",-0.361812523807114,4.63628497878365e-10
"ENSG00000134056","KGD4",0.0410010617894571,0.801624983926179
"ENSG00000134138","MEIS2",-0.0732459154505949,0.624051708354365
"ENSG00000134186","PRPF38B",-0.561635549181003,5.99513296957992e-10
"ENSG00000134215","VAV3",-0.527275229098675,0.0319781396941328
"ENSG00000134255","CEPT1",0.18029744434145,0.138960546680088
"ENSG00000134324","LPIN1",-0.620174146289254,0.000589461829318602
"ENSG00000134440","NARS1",-0.25806524627463,0.00769490690342931
"ENSG00000134480","CCNH",-0.105656073491446,0.501854188740084
"ENSG00000134490","TMEM241",-0.587355296920798,4.6244310096235e-05
"ENSG00000134504","KCTD1",-0.055544507015889,0.759411503311403
"ENSG00000134508","CABLES1",-0.696503361988984,0.000202438558777732
"ENSG00000134531","EMP1",-0.739525553195016,1.82579612853899e-11
"ENSG00000134597","RBMX2",0.0304569913327506,0.814950079197379
"ENSG00000134697","GNL2",0.0276234846742106,0.798585356236876
"ENSG00000134709","HOOK1",0.182204207312434,0.537996740748565
"ENSG00000134716","CYP2J2",1.28938427567902,2.08218311102354e-05
"ENSG00000134755","DSC2",0.137458085077408,0.566811775558761
"ENSG00000134757","DSG3",0.0822200028342152,0.794405885009324
"ENSG00000134830","C5AR2",0.486711606663957,0.118243542902192
"ENSG00000134871","COL4A2",-0.224432871033555,0.138756991896237
"ENSG00000134874","DZIP1",-0.137993047225256,0.278344225158669
"ENSG00000134897","BIVM",-0.550385131769653,9.32802773942509e-10
"ENSG00000135049","AGTPBP1",-0.408565516293283,0.00534733795044723
"ENSG00000135069","PSAT1",-1.32517785938507,3.63646164629531e-17
"ENSG00000135070","ISCA1",0.575328291890616,2.52869673800563e-07
"ENSG00000135116","HRK",-0.492473754786823,0.114094041421139
"ENSG00000135318","NT5E",-0.0340109211766969,0.935067586603615
"ENSG00000135469","COQ10A",0.307296684770764,0.0568470816132949
"ENSG00000135549","PKIB",-0.0674246669462147,0.835857171201124
"ENSG00000135596","MICAL1",0.328060967732783,0.0261871107392822
"ENSG00000135636","DYSF",-0.535629381509645,0.00235547481056149
"ENSG00000135723","FHOD1",0.263830115166693,0.0172579241054984
"ENSG00000135750","KCNK1",0.200099688173055,0.274042391361682
"ENSG00000135776","ABCB10",-0.511838813833233,0.00440394784901868
"ENSG00000135821","GLUL",0.360422964416326,0.0484234719595964
"ENSG00000135837","CEP350",0.0940041620042127,0.428893139375478
"ENSG00000135870","RC3H1",0.0275150980701206,0.884660556805234
"ENSG00000135919","SERPINE2",0.165846226854446,0.266184549629748
"ENSG00000135999","EPC2",0.346119325080481,0.000401707154874261
"ENSG00000136026","CKAP4",-0.311457079483518,4.09219728131288e-06
"ENSG00000136051","WASHC4",-0.665185654266255,7.91532135139274e-16
"ENSG00000136098","NEK3",-0.850953959892499,0.000531238759602082
"ENSG00000136149","RPL13AP25",-0.052273385112603,0.831393119872397
"ENSG00000136155","SCEL",-0.0118664218748773,0.983698001114924
"ENSG00000136159","NUDT15",-0.286288008226973,0.00986901320220487
"ENSG00000136193","SCRN1",-0.511642863094914,2.2349086278234e-06
"ENSG00000136205","TNS3",0.150451420369365,0.374390823402795
"ENSG00000136213","CHST12",0.103441165938135,0.429503883757841
"ENSG00000136240","KDELR2",-0.080184474169235,0.410762845485745
"ENSG00000136279","DBNL",-0.139125690532581,0.138587274160791
"ENSG00000136379","ABHD17C",-0.0886442131749432,0.642650074869382
"ENSG00000136485","DCAF7",-0.136403467137232,0.10994620552797
"ENSG00000136709","WDR33",0.0593264763869453,0.551186242025576
"ENSG00000136717","BIN1",0.426283378207511,0.000853261883402542
"ENSG00000136731","UGGT1",-0.332529096033731,1.36653553355754e-05
"ENSG00000136826","KLF4",0.490536205040158,0.0683240849230756
"ENSG00000136830","NIBAN2",-0.54952928479156,1.46024482123751e-10
"ENSG00000136840","ST6GALNAC4",-0.0928932814521841,0.580421900047372
"ENSG00000136856","SLC2A8",0.797060353064217,4.77311607360292e-07
"ENSG00000136867","SLC31A2",1.17557265704133,2.01225489801402e-11
"ENSG00000136877","FPGS",-0.235190818633523,0.00765716485557338
"ENSG00000136888","ATP6V1G1",0.346220915987657,7.76774472310458e-06
"ENSG00000136930","PSMB7",-0.266870207018509,0.00141714353454027
"ENSG00000136997","MYC",-0.633486103037063,0.000745382629758363
"ENSG00000136999","CCN3",1.05940040959604,1.10226562801603e-05
"ENSG00000137038","DMAC1",-0.0354229937417793,0.821516044532513
"ENSG00000137054","POLR1E",0.315663870393611,0.000255429250199549
"ENSG00000137185","ZSCAN9",0.229874765744405,0.204696991197204
"ENSG00000137198","GMPR",0.120260048633115,0.705421948394207
"ENSG00000137309","HMGA1",-0.546110785649101,9.16288665262407e-16
"ENSG00000137312","FLOT1",-0.151079414408727,0.28214790321843
"ENSG00000137331","IER3",0.0848926266293355,0.560846590953027
"ENSG00000137404","NRM",0.00710962410106152,0.979844694126838
"ENSG00000137494","ANKRD42",0.411144820194069,0.0148158940038556
"ENSG00000137699","TRIM29",0.463439212401701,0.138464561779607
"ENSG00000137700","SLC37A4",-0.551750805459461,0.000363402007474291
"ENSG00000137710","RDX",-0.323611558269668,6.76034288367992e-06
"ENSG00000137819","PAQR5",-0.900061584879719,2.495351009857e-11
"ENSG00000137936","BCAR3",-0.737141995586253,2.19265083321955e-13
"ENSG00000137955","RABGGTB",-0.817779550052691,3.52601951328038e-06
"ENSG00000138030","KHK",-0.00801253596599895,0.992145014826152
"ENSG00000138031","ADCY3",-0.943185686493092,5.56922323165764e-17
"ENSG00000138078","PREPL",0.357965578128487,2.47040992212721e-06
"ENSG00000138085","ATRAID",-0.0160343783939447,0.935182259436329
"ENSG00000138107","ACTR1A",0.104037404857996,0.300552065073174
"ENSG00000138138","ATAD1",0.0424473900939353,0.743957049385625
"ENSG00000138162","TACC2",-0.296641466960713,0.0431648883195485
"ENSG00000138166","DUSP5",-0.186844964465808,0.24843655623602
"ENSG00000138193","PLCE1",-1.02479750224658,2.59741552876179e-09
"ENSG00000138398","PPIG",-0.089129154304102,0.328860347679225
"ENSG00000138411","HECW2",0.0623023934959399,0.803960342720817
"ENSG00000138600","SPPL2A",-0.126108667464687,0.30024741757875
"ENSG00000138623","SEMA7A",-1.16409666396987,4.93133844193849e-15
"ENSG00000138640","FAM13A",-0.110090006610079,0.428861338863693
"ENSG00000138646","HERC5",0.879952221845306,0.00580861594146329
"ENSG00000138675","FGF5",-0.958693528586301,3.2338303260599e-06
"ENSG00000138685","FGF2",-0.0741758705693465,0.680020088789263
"ENSG00000138696","BMPR1B",-0.897519740139732,4.53915301771609e-05
"ENSG00000138758","SEPTIN11",-0.406578744287226,1.56463997849974e-10
"ENSG00000138771","SHROOM3",0.985783354315546,2.66984446991693e-20
"ENSG00000138780","GSTCD",-0.191881590592412,0.186902293920414
"ENSG00000138821","SLC39A8",0.0359093824077942,0.840558981970039
"ENSG00000138829","FBN2",-1.62661203127976,1.11691593303808e-11
"ENSG00000138944","SHISAL1",-0.0299162859220937,0.941511626273318
"ENSG00000139083","ETV6",-0.217100669063703,0.102054982828296
"ENSG00000139116","KIF21A",0.750343701727467,3.87759709809452e-19
"ENSG00000139132","FGD4",1.75636693104545,1.55827160750846e-20
"ENSG00000139163","ETNK1",0.457381710645625,3.37348954189076e-07
"ENSG00000139168","ZCRB1",0.031992552148675,0.6988548196554
"ENSG00000139174","PRICKLE1",-1.08138571607427,2.47173156200674e-13
"ENSG00000139211","AMIGO2",-0.00274645535821607,0.999433637321825
"ENSG00000139289","PHLDA1",-0.652244454509315,6.23164683638634e-08
"ENSG00000139324","TMTC3",0.170130974945159,0.0842370336304354
"ENSG00000139354","GAS2L3",-0.00273186804613412,0.999559162348204
"ENSG00000139370","SLC15A4",-0.163436050197589,0.174275680180752
"ENSG00000139618","BRCA2",-0.28323409169769,0.0282407264763977
"ENSG00000139679","LPAR6",0.00118912989408358,0.999769847841042
"ENSG00000139684","ESD",-0.323095733400995,0.000240067778110495
"ENSG00000139718","SETD1B",0.0337256126770326,0.881916078087106
"ENSG00000139722","VPS37B",0.320847905450584,0.000580031537371145
"ENSG00000139726","DENR",-0.373685335582481,3.79080482638985e-08
"ENSG00000139970","RTN1",-0.528238567908128,0.0249993885570101
"ENSG00000140323","DISP2",0.195165574253983,0.470079860883231
"ENSG00000140365","COMMD4",-0.129230981710291,0.196537632370007
"ENSG00000140396","NCOA2",-0.0237720240633168,0.930926144437084
"ENSG00000140465","CYP1A1",1.44504425586642,0.000276071230563347
"ENSG00000140479","PCSK6",-0.473841694080836,0.000704580595022164
"ENSG00000140497","SCAMP2",0.562149511358669,2.39440635758515e-08
"ENSG00000140545","MFGE8",0.904685371669641,1.64604285471591e-06
"ENSG00000140564","FURIN",0.0741002210364696,0.513740701460362
"ENSG00000140632","GLYR1",-0.0845615120723981,0.47362147484651
"ENSG00000140650","PMM2",-0.214172160571728,0.00535973440264201
"ENSG00000140688","RUSF1",-0.330393593336071,0.00377102880252832
"ENSG00000140694","PARN",-0.345376985364659,6.17920594248858e-07
"ENSG00000140836","ZFHX3",0.0367673233694709,0.879949923414514
"ENSG00000140853","NLRC5",0.0192835199755142,0.952100738626002
"ENSG00000140983","RHOT2",0.0413529912731919,0.738086481568169
"ENSG00000141026","MED9",-0.0249005190060717,0.920061272077961
"ENSG00000141084","RANBP10",-0.0499363881122271,0.814680964769746
"ENSG00000141127","PRPSAP2",0.0946285612001097,0.571511358494956
"ENSG00000141279","NPEPPS",-0.0392598343525374,0.689624096041206
"ENSG00000141384","TAF4B",-0.174255900183393,0.392209020322717
"ENSG00000141401","IMPA2",-0.49075802704676,0.0371521838691356
"ENSG00000141441","GAREM1",1.41333052946712,1.76476971260212e-10
"ENSG00000141447","OSBPL1A",0.464560528594615,5.25282848787316e-05
"ENSG00000141526","SLC16A3",-0.728282837396484,1.2025503002299e-19
"ENSG00000141664","ZCCHC2",-0.085861750211823,0.561144647036938
"ENSG00000141665","FBXO15",-0.00760868484917148,0.994085107202241
"ENSG00000141934","PLPP2",-0.17116276963221,0.0516418186771071
"ENSG00000142227","EMP3",0.149163684685596,0.269326795921347
"ENSG00000142279","WTIP",0.274190796105075,0.158787214805221
"ENSG00000142541","RPL13A",-0.0488163649910393,0.752008881593225
"ENSG00000142583","SLC2A5",-0.0702458358201526,0.828871266709118
"ENSG00000142627","EPHA2",0.0940282980996467,0.519870092056086
"ENSG00000142657","PGD",-0.412690057545854,6.36657111742887e-06
"ENSG00000142669","SH3BGRL3",0.167654463287813,0.0522202700455558
"ENSG00000142675","CNKSR1",0.172284466754716,0.575060327901242
"ENSG00000142687","KIAA0319L",-0.678850506785445,7.01892698235004e-13
"ENSG00000142751","GPN2",0.174912152868619,0.136693626358332
"ENSG00000142871","CCN1",0.0549948578951603,0.830884010660281
"ENSG00000142875","PRKACB",-0.221982821943203,0.206629707532713
"ENSG00000142910","TINAGL1",-0.0492103908523351,0.832058904361041
"ENSG00000142945","KIF2C",-0.191583372879478,0.108789929357178
"ENSG00000142949","PTPRF",-0.393380819123277,8.29905637345221e-08
"ENSG00000142973","CYP4B1",-0.014815103433198,0.976220958302288
"ENSG00000143067","ZNF697",0.302205384354074,0.0456749420347379
"ENSG00000143149","ALDH9A1",-0.233863705899068,0.0303999993903105
"ENSG00000143155","TIPRL",-0.349207828702486,0.000117169053763913
"ENSG00000143198","MGST3",-0.123329225223245,0.367530460523097
"ENSG00000143294","PRCC",0.137148830564094,0.393361015203043
"ENSG00000143314","MRPL24",-0.463240633217919,1.05594119228207e-05
"ENSG00000143315","PIGM",-0.112245387447034,0.247847816134823
"ENSG00000143337","TOR1AIP1",0.293802201468211,0.00784166649552417
"ENSG00000143369","ECM1",1.14433424467184,6.2795949696228e-13
"ENSG00000143375","CGN",0.0551819608003126,0.872188073449782
"ENSG00000143379","SETDB1",-0.105871442805146,0.479998310425241
"ENSG00000143398","PIP5K1A",-0.129172499909599,0.287607674022777
"ENSG00000143409","MINDY1",0.173572614295486,0.441791436284093
"ENSG00000143457","GOLPH3L",-0.123638862699587,0.43149561449712
"ENSG00000143502","SUSD4",-0.1187330763493,0.691254873352075
"ENSG00000143514","TP53BP2",0.27633733037247,0.00651692033706157
"ENSG00000143537","ADAM15",-0.181537691126866,0.227506474005075
"ENSG00000143553","SNAPIN",-0.268237236414733,0.0240649186958401
"ENSG00000143590","EFNA3",0.529408501514751,0.00822474969620547
"ENSG00000143622","RIT1",0.533382607649185,5.60387569460445e-06
"ENSG00000143756","FBXO28",-0.0620312135805383,0.721313957425566
"ENSG00000143772","ITPKB",0.0878075798271196,0.663386756376546
"ENSG00000143942","CHAC2",0.147062620416365,0.468342890751712
"ENSG00000143995","MEIS1",-0.174423209483242,0.512155095211002
"ENSG00000144118","RALB",0.081899664193047,0.513740701460362
"ENSG00000144161","ZC3H8",0.134839728807764,0.229452069480334
"ENSG00000144233","AMMECR1L",0.086937519794948,0.423332103688092
"ENSG00000144306","SCRN3",-0.122349644913839,0.459021261019445
"ENSG00000144320","LNPK",-0.0946715821300548,0.413239581271534
"ENSG00000144445","KANSL1L",-0.0275268712849929,0.938900844598904
"ENSG00000144554","FANCD2",-0.378793193716659,0.0055183553230967
"ENSG00000144566","RAB5A",0.0169974839401209,0.86412267179512
"ENSG00000144583","MARCHF4",-0.960816830867472,3.76924810552097e-08
"ENSG00000144645","OSBPL10",-0.690751986637991,5.5218475550329e-12
"ENSG00000144681","STAC",-1.21695789821064,1.70800657287613e-09
"ENSG00000144746","ARL6IP5",0.0106199198959732,0.960998411165448
"ENSG00000144815","NXPE3",-0.0755497679093255,0.668872598492955
"ENSG00000144827","ABHD10",0.104140676988291,0.371451946458231
"ENSG00000145014","TMEM44",-0.0714520872608938,0.786033721795841
"ENSG00000145041","DCAF1",-0.142177473689303,0.221811247153624
"ENSG00000145147","SLIT2",-0.381518520416022,0.174736512929241
"ENSG00000145216","FIP1L1",-0.11611757874335,0.146294214167991
"ENSG00000145241","CENPC",-0.240808372097926,0.0472237796906958
"ENSG00000145390","USP53",-0.0140995334031245,0.942017442711411
"ENSG00000145428","RNF175",-0.0198436449733897,0.963192358025914
"ENSG00000145431","PDGFC",-0.274451392791069,0.0116028402916723
"ENSG00000145494","NDUFS6",0.306068090615978,7.0718968659413e-09
"ENSG00000145555","MYO10",-0.0181028334428847,0.935984746314876
"ENSG00000145723","GIN1",0.0910469294530371,0.69347606545359
"ENSG00000145730","PAM",-0.404801660403003,3.000328493041e-06
"ENSG00000145817","YIPF5",0.243495237512999,0.0413719875428512
"ENSG00000145833","DDX46",-0.289094394928784,0.000316649994154064
"ENSG00000145908","ZNF300",-0.0863774323302931,0.74273719960394
"ENSG00000145916","RMND5B",0.269000846998569,0.0214473971369248
"ENSG00000145934","TENM2",-1.28759644096427,7.57703043640757e-05
"ENSG00000145979","TBC1D7",0.136624480111474,0.36905972703038
"ENSG00000146021","KLHL3",-0.313311390377055,0.290728937066196
"ENSG00000146112","PPP1R18",-0.426424253801817,1.20590290468634e-05
"ENSG00000146205","ANO7",0.149563065067838,0.487125716883291
"ENSG00000146232","NFKBIE",0.430321585444973,0.0117441164139199
"ENSG00000146242","TPBG",0.0926837358506638,0.695065871434877
"ENSG00000146425","DYNLT1",-0.345447899532121,0.00168442013870513
"ENSG00000146433","TMEM181",-0.170462420199367,0.0797341471726932
"ENSG00000146535","GNA12",-0.557951029895849,7.94983766072583e-12
"ENSG00000146540","CHLSN",0.0820441949595055,0.278436306637238
"ENSG00000146592","CREB5",-0.67280528349377,1.80969695296815e-06
"ENSG00000146670","CDCA5",0.35053073512701,0.00174877658980669
"ENSG00000146833","TRIM4",-0.0227246318290951,0.893327070208675
"ENSG00000146872","TLK2",-0.348639522176289,0.000200090325221858
"ENSG00000147010","SH3KBP1",-0.476363056247276,0.000695065811244523
"ENSG00000147036","LANCL3",-0.172418502274575,0.478323967652727
"ENSG00000147100","SLC16A2",-0.127930379071912,0.565887799287262
"ENSG00000147133","TAF1",-0.541917946161189,1.42592621293389e-09
"ENSG00000147155","EBP",-0.365085219622589,0.00444057276844669
"ENSG00000147364","FBXO25",-0.308224936916036,0.0112287030479609
"ENSG00000147419","CCDC25",-0.0682606709923081,0.506549032266556
"ENSG00000147475","ERLIN2",0.148801487388245,0.187369519732515
"ENSG00000147592","LACTB2",-0.0305006130200165,0.881536524687558
"ENSG00000147606","SLC26A7",0.257241181698077,0.389959891454168
"ENSG00000147804","SLC39A4",0.476417186708561,3.60717527409641e-06
"ENSG00000147852","VLDLR",-0.768802628654589,0.000145356472313374
"ENSG00000147874","HAUS6",-0.304633705357703,0.00103664221895835
"ENSG00000147955","SIGMAR1",0.196147614386845,0.00588874086966461
"ENSG00000148248","SURF4",0.0916693228871218,0.370741983094548
"ENSG00000148296","SURF6",-0.0249497776599839,0.861240699842654
"ENSG00000148459","PDSS1",-0.322086627588116,0.00722359519115558
"ENSG00000148498","PARD3",-0.366145641778673,1.34306337215427e-06
"ENSG00000148516","ZEB1",-0.654905702984643,5.66280803668343e-06
"ENSG00000148671","ADIRF",0.539914341152419,0.0201724259118506
"ENSG00000148672","GLUD1",-0.206242827448994,0.0128400435469946
"ENSG00000148803","FUOM",0.0788452888692292,0.685593842994626
"ENSG00000148834","GSTO1",-0.319067394958472,0.00678498123533657
"ENSG00000149179","CSTPP1",-1.13983900885796,2.11081065134139e-08
"ENSG00000149269","PAK1",-0.183266641602982,0.0136602995917839
"ENSG00000149289","ZC3H12C",-0.214998092156131,0.164712634448098
"ENSG00000149418","ST14",1.71954284600357,0.00108133572048625
"ENSG00000149499","EML3",-0.0306615057179009,0.895178397465716
"ENSG00000149633","KIAA1755",0.560267099430928,0.0862522651664287
"ENSG00000149646","CNBD2",0.617546711594911,0.00597563792466803
"ENSG00000149823","VPS51",0.347893119017204,0.095410614523765
"ENSG00000149948","HMGA2",-1.01600841255196,1.28423309095256e-13
"ENSG00000149968","MMP3",0.0515179784324419,0.883476789412871
"ENSG00000150093","ITGB1",-0.510403185782267,1.33764282583422e-05
"ENSG00000150347","ARID5B",0.966192768484958,1.16887025531788e-10
"ENSG00000150433","TMEM218",-0.269781111274637,0.0677611034814162
"ENSG00000150556","LYPD6B",0.715514340563463,0.00146503956152833
"ENSG00000150627","WDR17",-1.25517449293112,0.00235577822076899
"ENSG00000150630","VEGFC",-0.369588970016429,0.0184567094291462
"ENSG00000150907","FOXO1",0.275276157683933,0.193321499027435
"ENSG00000151065","DCP1B",0.415888286715741,0.0056017722680807
"ENSG00000151092","NGLY1",-0.0333273610137698,0.828420591794928
"ENSG00000151093","OXSM",0.0531594980881524,0.834545398598184
"ENSG00000151117","TMEM86A",0.527049658940913,0.067364877400563
"ENSG00000151131","NOPCHAP1",1.25514965432434,1.43220952601055e-45
"ENSG00000151136","ABTB3",-1.28001479768293,6.79815665769933e-05
"ENSG00000151176","PLBD2",0.316449585851164,0.0249735082399881
"ENSG00000151233","GXYLT1",0.231222599247268,0.00210647172766728
"ENSG00000151292","CSNK1G3",-0.11528964186277,0.277338433280169
"ENSG00000151348","EXT2",-0.0273251518063326,0.836290682339827
"ENSG00000151364","KCTD14",0.000686629152530517,0.999769847841042
"ENSG00000151414","NEK7",-0.0811584341162932,0.584135667337078
"ENSG00000151466","SCLT1",-0.842794378561553,1.21306338613361e-11
"ENSG00000151498","ACAD8",-0.0995329987302871,0.594277301505231
"ENSG00000151502","VPS26B",-0.62236696031825,8.54151296207037e-09
"ENSG00000151552","QDPR",-0.0314853321730019,0.836525356777575
"ENSG00000151576","QTRT2",0.215848807016224,0.0157172788540244
"ENSG00000151623","NR3C2",-0.137422249603575,0.655832149903813
"ENSG00000151665","PIGF",-0.207718679385999,0.191382109645219
"ENSG00000151690","MFSD6",0.13631077703771,0.613177821802671
"ENSG00000151694","ADAM17",-0.136698049825245,0.116497957081126
"ENSG00000151725","CENPU",-0.132090987308098,0.27368232909602
"ENSG00000151726","ACSL1",0.756251261964362,0.000140840526372682
"ENSG00000151893","CACUL1",-0.0947839773192197,0.176626750006183
"ENSG00000152078","TLCD4",-0.0996781647516115,0.671567457865966
"ENSG00000152127","MGAT5",-0.688235657166193,5.75569958805294e-15
"ENSG00000152219","ARL14EP",0.164525655883333,0.0930427149496566
"ENSG00000152242","ARK2N",0.0436834290325299,0.779618465365741
"ENSG00000152256","PDK1",-0.291185576857258,0.0930935615597439
"ENSG00000152332","UHMK1",0.250582752292358,0.00497673292099376
"ENSG00000152402","GUCY1A2",-1.23025986446476,0.000419051672947108
"ENSG00000152465","NMT2",-0.103801668171066,0.511447212517782
"ENSG00000152582","SPEF2",-0.172962088771302,0.527996377179681
"ENSG00000152767","FARP1",-0.881543052175366,0.000190061396920178
"ENSG00000152779","SLC16A12",1.16715016257658,4.92198769600796e-05
"ENSG00000152784","PRDM8",-0.484673698429653,0.0021984080494336
"ENSG00000152894","PTPRK",0.570967974769761,9.0087257465782e-05
"ENSG00000152939","MARVELD2",0.157836900216777,0.593552752307499
"ENSG00000153006","SREK1IP1",0.114345619702785,0.282633892699953
"ENSG00000153012","LGI2",-0.972425136624438,0.0101069931979707
"ENSG00000153044","CENPH",-0.345360227216138,0.0204399287487567
"ENSG00000153094","BCL2L11",1.40115404004105,2.90356463294867e-21
"ENSG00000153140","CETN3",-0.427040381836529,0.00127493738068831
"ENSG00000153292","ADGRF1",-0.0548686816671931,0.868237538562884
"ENSG00000153317","ASAP1",-0.534734448480529,8.04110743246156e-11
"ENSG00000153339","TRAPPC8",-0.171436553191638,0.200552309564199
"ENSG00000153485","LYSET",-0.00333924562211077,0.997877673728189
"ENSG00000153551","CMTM7",-0.476407224465179,1.16734405609546e-05
"ENSG00000153721","CNKSR3",-0.616698904598474,0.000260798282378275
"ENSG00000153774","CFDP1",-0.511800406334619,2.83824584829931e-06
"ENSG00000153786","ZDHHC7",0.0266876780751189,0.884534006810703
"ENSG00000153823","PID1",0.076535282076046,0.783432682239218
"ENSG00000153904","DDAH1",-0.60812876659005,4.56121305504693e-05
"ENSG00000153930","ANKFN1",-0.503325047012949,0.095410614523765
"ENSG00000153936","HS2ST1",-0.720376061252275,1.51151241248958e-16
"ENSG00000153976","HS3ST3A1",-1.55807311466737,6.22464076972786e-61
"ENSG00000154102","C16orf74",-0.722075207495442,3.01378475959093e-08
"ENSG00000154127","UBASH3B",-0.321269518352719,0.00411266140110563
"ENSG00000154153","RETREG1",0.157383922694309,0.573356123887946
"ENSG00000154188","ANGPT1",-1.5363365157303,0.000180911855647455
"ENSG00000154229","PRKCA",-0.611489658997896,6.9468403680378e-10
"ENSG00000154265","ABCA5",1.06072871319525,7.9025552734713e-06
"ENSG00000154310","TNIK",0.0191613938801626,0.944613518992677
"ENSG00000154370","TRIM11",0.0364332562628829,0.8445071153874
"ENSG00000154447","SH3RF1",0.0683610156054316,0.672345753418448
"ENSG00000154529","CNTNAP3B",0.0835770808632108,0.781242267980703
"ENSG00000154556","SORBS2",0.168612924083729,0.339745734817259
"ENSG00000154710","RABGEF1",-0.353115366771309,0.0145927037000403
"ENSG00000154734","ADAMTS1",-0.0604423886368913,0.853375016094152
"ENSG00000154920","EME1",-0.0424738343984757,0.846771212303474
"ENSG00000154978","VOPP1",0.0104773359109668,0.959445482940364
"ENSG00000155099","PIP4P2",-0.236827798706013,0.146351926430808
"ENSG00000155252","PI4K2A",0.196799604902605,0.13876443682242
"ENSG00000155269","GPR78",-0.0950039126503968,0.751930110643295
"ENSG00000155366","RHOC",-0.0283196556337808,0.875504621244919
"ENSG00000155380","SLC16A1",-0.0513410420050025,0.53350121304159
"ENSG00000155393","HEATR3",-0.455404506267052,4.93862804683635e-05
"ENSG00000155893","PXYLP1",0.0837415658811736,0.779137267162084
"ENSG00000155959","VBP1",-0.12781646642232,0.269942150850583
"ENSG00000156052","GNAQ",-0.393679350148312,1.40490625738322e-05
"ENSG00000156103","MMP16",-1.25943193516621,1.00030267444947e-14
"ENSG00000156239","HEMK2",-0.420623298456875,0.00807788799905094
"ENSG00000156299","TIAM1",0.182372022554389,0.248466231992829
"ENSG00000156515","HK1",-0.234810483854283,0.00391846295963511
"ENSG00000156535","CD109",0.187801158586826,0.0973617070731893
"ENSG00000156675","RAB11FIP1",0.739070720824674,1.30427048789178e-14
"ENSG00000157064","NMNAT2",-1.32694826241447,3.70355493579701e-12
"ENSG00000157107","FCHO2",0.366136405018539,0.00827548123681021
"ENSG00000157111","TMEM171",0.332578250878777,0.257577827511283
"ENSG00000157168","NRG1",0.92148452804097,6.26371160019939e-13
"ENSG00000157227","MMP14",-0.561456018332019,0.00297468372625327
"ENSG00000157349","DDX19B",0.0539891636267131,0.753367383541223
"ENSG00000157350","ST3GAL2",-0.259134442416779,0.105969279507208
"ENSG00000157353","FCSK",0.335057597694721,0.118573589192562
"ENSG00000157510","AFAP1L1",-1.26928727653123,0.00408669928713582
"ENSG00000157514","TSC22D3",0.581629819603384,0.00435675434308611
"ENSG00000157551","KCNJ15",0.310577310316177,0.204578035166009
"ENSG00000157570","TSPAN18",-0.786161927440483,0.0220417502921643
"ENSG00000157796","WDR19",0.151008358952956,0.534971016974113
"ENSG00000157870","PRXL2B",0.1668705902975,0.220115785486426
"ENSG00000158050","DUSP2",0.808486498368939,0.00353017373623176
"ENSG00000158055","GRHL3",3.30078129968395,2.37268883757812e-06
"ENSG00000158089","GALNT14",-0.297777513807597,0.0519560975620402
"ENSG00000158156","XKR8",0.21971975552246,0.0612419591319535
"ENSG00000158163","DZIP1L",-0.0988770743773644,0.57610299001033
"ENSG00000158445","KCNB1",0.235946893630657,0.402103236321629
"ENSG00000158528","PPP1R9A",-1.59527606992742,1.66598415637403e-06
"ENSG00000158715","SLC45A3",0.50072116230624,0.00066376950175323
"ENSG00000158805","ZNF276",-0.0547080999283941,0.806351799585961
"ENSG00000158850","B4GALT3",-0.23662816027755,0.0266623775023577
"ENSG00000159176","CSRP1",-0.235627719163545,0.0347365851440203
"ENSG00000159202","UBE2Z",-0.0363329026196674,0.824033624158263
"ENSG00000159208","CIART",-0.473579658857228,0.0479413388237219
"ENSG00000159210","SNF8",0.0403310478847778,0.698178544996366
"ENSG00000159516","SPRR2G",-0.0115626226927256,0.983951149944924
"ENSG00000159592","GPBP1L1",-0.277748974186161,0.000132588715886116
"ENSG00000160007","ARHGAP35",-0.184706325992747,0.13418662249319
"ENSG00000160117","ANKLE1",-0.0631252227050043,0.855790469343596
"ENSG00000160179","ABCG1",0.013921589749274,0.976910848281296
"ENSG00000160191","PDE9A",0.0652215850267149,0.836261116026608
"ENSG00000160194","NDUFV3",0.405115493409404,4.99429095760708e-08
"ENSG00000160211","G6PD",0.494274596843154,0.000164380425079588
"ENSG00000160213","CSTB",0.201539645206788,0.046989055128165
"ENSG00000160310","PRMT2",-0.0956989391019971,0.335281310310953
"ENSG00000160352","ZNF714",0.118428914807427,0.442699499308545
"ENSG00000160410","SHKBP1",0.234850516247131,0.0291084684216809
"ENSG00000160570","DEDD2",0.2632190678165,0.0506809692411336
"ENSG00000160606","TLCD1",0.87235315457935,1.13247371071812e-09
"ENSG00000160679","CHTOP",-0.296140735455985,0.000232185253150928
"ENSG00000160685","ZBTB7B",1.10131640670406,2.61620752714125e-08
"ENSG00000160714","UBE2Q1",0.136458706195709,0.158736164758534
"ENSG00000160888","IER2",-0.322976364673578,0.00122969196532622
"ENSG00000160957","RECQL4",-0.185446182265342,0.237538696174347
"ENSG00000161010","MRNIP",0.671095833734529,0.00138260782156028
"ENSG00000161013","MGAT4B",-0.136762705184106,0.230174298144967
"ENSG00000161021","MAML1",0.0963082158921194,0.461241147948697
"ENSG00000161091","MFSD12",0.640854878811668,4.50842071014872e-06
"ENSG00000161203","AP2M1",0.227338639003351,0.0011431268511025
"ENSG00000161249","DMKN",0.0326233258455537,0.847520721899165
"ENSG00000161267","BDH1",-0.779849001443716,1.13622529196369e-07
"ENSG00000161791","FMNL3",-0.260516073704083,0.0537028040017603
"ENSG00000161921","CXCL16",2.66828514917165,9.13452485645943e-22
"ENSG00000161960","EIF4A1",-0.62164305136632,0.0017221017258086
"ENSG00000161970","RPL26",0.0228611710136288,0.866326750001118
"ENSG00000162062","TEDC2",-0.203619308369407,0.198222069096573
"ENSG00000162063","CCNF",-0.59456360519234,1.22991219587833e-07
"ENSG00000162065","TBC1D24",-0.20426404152809,0.15527812911385
"ENSG00000162409","PRKAA2",-0.416450933301341,0.00661599320284347
"ENSG00000162434","JAK1",0.178913465239008,0.120884344778318
"ENSG00000162512","SDC3",-0.0955671347699974,0.682205228685356
"ENSG00000162599","NFIA",-0.508131338099954,6.70138732517765e-09
"ENSG00000162600","OMA1",0.0304657750215098,0.895432765694433
"ENSG00000162650","ATXN7L2",0.71859159810144,7.14180355008937e-05
"ENSG00000162688","AGL",0.376590119321288,0.00018793654084608
"ENSG00000162704","ARPC5",-0.304929613750479,0.000410832485963122
"ENSG00000162729","IGSF8",0.427691869028179,0.00181173051670463
"ENSG00000162819","BROX",0.381816694031284,1.09115668929304e-09
"ENSG00000162851","TFB2M",-0.0693128921310028,0.729351773163332
"ENSG00000162885","B3GALNT2",-0.140153477295972,0.253682620686646
"ENSG00000162892","IL24",-0.00735265867895377,0.993912927738516
"ENSG00000162894","FCMR",0.861161663913422,9.7519479239437e-05
"ENSG00000162959","MEMO1",-0.135872874846569,0.577469228839216
"ENSG00000163069","SGCB",0.0914819074259562,0.500700300923624
"ENSG00000163082","SGPP2",0.0204189714312757,0.962382893761928
"ENSG00000163104","SMARCAD1",-0.174154071939742,0.0365529717790567
"ENSG00000163216","SPRR2D",1.58712556510375,0.000767703711251414
"ENSG00000163283","ALPP",0.227176814650663,0.421072316996256
"ENSG00000163297","ANTXR2",-0.926802566300557,1.303795368052e-11
"ENSG00000163344","PMVK",-0.0215739025760971,0.934257077752322
"ENSG00000163364","LINC01116",-0.235476956649322,0.0845968698232412
"ENSG00000163399","ATP1A1",-0.107726152681325,0.352809582378342
"ENSG00000163466","ARPC2",-0.123014840651955,0.0785094006786748
"ENSG00000163479","SSR2",0.0666992042707477,0.566325100991326
"ENSG00000163507","CIP2A",-0.273318767880589,0.015207028270032
"ENSG00000163516","ANKZF1",0.000313854724008176,0.999769847841042
"ENSG00000163577","EIF5A2",-0.021630366017173,0.914962053735249
"ENSG00000163638","ADAMTS9",0.820710105379531,0.0117168431460013
"ENSG00000163644","PPM1K",0.366841533358302,0.0111321395925709
"ENSG00000163659","TIPARP",0.252853720383708,0.0274137021472614
"ENSG00000163661","PTX3",-0.387040247644419,0.0158356345151854
"ENSG00000163689","CFAP20DC",0.601311104390876,0.00420640484200377
"ENSG00000163702","IL17RC",-0.406823103366052,0.113897435041819
"ENSG00000163867","ZMYM6",0.113004614975939,0.534672032171626
"ENSG00000163875","MEAF6",0.0559826729506893,0.605554895055969
"ENSG00000163898","LIPH",1.28548561713558,0.000819442378809798
"ENSG00000163923","RPL39L",0.186194418581588,0.512035327353599
"ENSG00000163938","GNL3",-0.12628284269525,0.403837383767435
"ENSG00000163964","PIGX",-0.24740281448465,0.00501989591779268
"ENSG00000163993","S100P",0.349899194951517,0.242347850915504
"ENSG00000164062","APEH",-0.418516622599011,1.9757861485415e-06
"ENSG00000164078","MST1R",0.640694239098775,0.0624689828561174
"ENSG00000164088","PPM1M",0.34020606381552,0.136046413879749
"ENSG00000164116","GUCY1A1",0.182314525314355,0.52035785819289
"ENSG00000164117","FBXO8",-0.0673214272492929,0.784877829905031
"ENSG00000164120","HPGD",-0.277533811692692,0.348969518159207
"ENSG00000164172","MOCS2",0.0906872322327235,0.415688721815993
"ENSG00000164182","NDUFAF2",-0.75627158586353,1.50333828690497e-12
"ENSG00000164284","GRPEL2",-0.171605212973904,0.139741569412617
"ENSG00000164332","UBLCP1",0.102495189484568,0.370741983094548
"ENSG00000164362","TERT",-0.056418614712447,0.85832929224621
"ENSG00000164466","SFXN1",-0.113147192299815,0.141453701659635
"ENSG00000164506","STXBP5",-0.0523781568210915,0.770355346782628
"ENSG00000164509","IL31RA",0.0335888139259177,0.903976153187145
"ENSG00000164520","RAET1E",-0.00329194343226771,0.998638668479931
"ENSG00000164574","GALNT10",-0.77370421268495,8.91608292762966e-14
"ENSG00000164597","COG5",-1.0351042568906,4.73573900955232e-12
"ENSG00000164620","RELL2",-0.19105308214431,0.440892668775932
"ENSG00000164654","MIOS",-0.089821878691373,0.603438545952409
"ENSG00000164683","HEY1",0.0281776151658767,0.941876868941766
"ENSG00000164713","BRI3",-0.0836825887101058,0.502972761905691
"ENSG00000164733","CTSB",0.128120289532187,0.136081831739524
"ENSG00000164880","INTS1",-0.240550581637513,0.146708347842192
"ENSG00000165006","UBAP1",0.146749159339307,0.171704687437379
"ENSG00000165029","ABCA1",-0.205869547562048,0.34253696829576
"ENSG00000165030","NFIL3",0.00601693706827537,0.993261005355076
"ENSG00000165105","RASEF",0.448384984669227,0.149618317997229
"ENSG00000165219","GAPVD1",0.158327759985867,0.0564744928465521
"ENSG00000165312","OTUD1",0.233911412003763,0.355031456429974
"ENSG00000165434","PGM2L1",0.589321455590153,3.85147364741357e-05
"ENSG00000165476","REEP3",-0.484305747944015,8.59230458580623e-08
"ENSG00000165494","PCF11",-0.301379918189675,0.00766282486029226
"ENSG00000165506","DNAAF2",-0.245486134873358,0.111207917789909
"ENSG00000165527","ARF6",-0.663751140513841,2.04383289691129e-19
"ENSG00000165548","TMEM63C",0.30092684269728,0.286861691332439
"ENSG00000165572","KBTBD6",-0.0719290911132257,0.5803765238681
"ENSG00000165650","PDZD8",-0.249298615874382,0.0157526915159207
"ENSG00000165684","SNAPC4",0.000575234352759027,0.999769847841042
"ENSG00000165688","PMPCA",-0.00458926752745648,0.987914862365871
"ENSG00000165886","UBTD1",-0.00603451955010668,0.990302299416616
"ENSG00000165891","E2F7",-0.0679751944580683,0.711493616803389
"ENSG00000165914","TTC7B",-1.08499174077522,6.88886301055555e-12
"ENSG00000165959","CLMN",-0.306937612857385,0.116284993499602
"ENSG00000165996","HACD1",0.309384722560603,0.0108053584687625
"ENSG00000166068","SPRED1",-0.295999541743566,0.00133226279154855
"ENSG00000166123","GPT2",-0.948936008638015,1.17684235333782e-10
"ENSG00000166130","IKBIP",0.341355620702024,0.000381266359364971
"ENSG00000166171","DPCD",0.318622409385903,0.00979057152462614
"ENSG00000166200","COPS2",-0.0471060657357505,0.717540429497593
"ENSG00000166228","PCBD1",0.0973397640534961,0.555761602777874
"ENSG00000166260","COX11",0.344305888711896,0.00219941186765553
"ENSG00000166326","TRIM44",-0.230535945141547,0.0292939397707288
"ENSG00000166347","CYB5A",-0.413891835037991,0.0151654935173735
"ENSG00000166394","CYB5R2",-0.166154350856099,0.578991029499375
"ENSG00000166396","SERPINB7",0.0103499275688723,0.984726219045478
"ENSG00000166446","CDYL2",-0.251217547303523,0.105608949581666
"ENSG00000166503","HDGFL3",-0.499793084370938,7.81850926063665e-17
"ENSG00000166589","CDH16",0.0682404779856902,0.835143771097192
"ENSG00000166595","CIAO2B",-0.0915608840846059,0.498036270645794
"ENSG00000166619","BLCAP",0.835598089333897,3.96375833458581e-15
"ENSG00000166685","COG1",0.680716367333425,2.26306398931151e-12
"ENSG00000166689","PLEKHA7",0.657194766985383,0.0429445921925046
"ENSG00000166797","CIAO2A",0.220850998425487,0.0415294599052345
"ENSG00000166821","PEX11A",0.0679054061125272,0.768256751426922
"ENSG00000166833","NAV2",-0.620335866881678,0.00249975204835423
"ENSG00000166902","MRPL16",-0.120842756642548,0.246605253467245
"ENSG00000166922","SCG5",0.221110207274111,0.324089379308536
"ENSG00000166938","DIS3L",-0.397553916331598,0.000149909056354079
"ENSG00000167123","CERCAM",0.30458234047232,0.00892186180423832
"ENSG00000167182","SP2",-0.174608838914491,0.261643424949298
"ENSG00000167183","PRR15L",-0.119117247059894,0.691067435801446
"ENSG00000167186","COQ7",0.0383827088828534,0.862262583978467
"ENSG00000167306","MYO5B",0.350284402218662,0.0857577805327654
"ENSG00000167323","STIM1",-0.0341375910873722,0.85439460362814
"ENSG00000167325","RRM1",-0.278007642882123,0.00597895452057568
"ENSG00000167397","VKORC1",0.313406099393482,0.00051979029106505
"ENSG00000167552","TUBA1A",-0.00286249425311404,0.999433637321825
"ENSG00000167601","AXL",-0.72500272642129,2.30259319089091e-07
"ENSG00000167632","TRAPPC9",-1.44204459496956,5.32203035681759e-06
"ENSG00000167646","DNAAF3",0.558098320365515,0.0239984278211842
"ENSG00000167653","PSCA",0.742763559582924,0.0219018545341468
"ENSG00000167720","SRR",-0.429763415647611,0.0683240849230756
"ENSG00000167747",NA,-0.070116897727718,0.665362668760126
"ENSG00000167754","KLK5",-0.00574630068035764,0.996374941533887
"ENSG00000167772","ANGPTL4",-0.0518174180476623,0.875504621244919
"ENSG00000167889","MGAT5B",-0.191668517219085,0.297259161494346
"ENSG00000167920","KRT10-AS1",0.0178930115858666,0.93594791588082
"ENSG00000167962","ZNF598",-0.173968607778463,0.10355241407729
"ENSG00000167978","SRRM2",0.287744112547425,0.00376031059456712
"ENSG00000167986","DDB1",-0.0801598899300072,0.477700961402061
"ENSG00000167996","FTH1",0.246702981913245,0.144956849236826
"ENSG00000168028","RPSA",0.014141647976899,0.953588188758291
"ENSG00000168061","SAC3D1",0.72155315845817,5.02325350778121e-09
"ENSG00000168172","HOOK3",-0.337050801774515,2.37995372071663e-06
"ENSG00000168234","TTC39C",-0.119070816629483,0.308853406271634
"ENSG00000168268","NT5DC2",-0.0804499262066001,0.520274756767748
"ENSG00000168411","RFWD3",-0.0633333829588359,0.61486581372128
"ENSG00000168447","SCNN1B",0.199190527094829,0.442523885603833
"ENSG00000168569","TMEM223",-0.0204182295260966,0.910888888594965
"ENSG00000168672","LRATD2",1.07026678899671,3.82445992191762e-07
"ENSG00000168685","IL7R",0.483061020094592,0.0131250189523118
"ENSG00000168703","WFDC12",0.00503171725619913,0.997534731326633
"ENSG00000168763","CNNM3",0.533518394786436,4.29165475389102e-05
"ENSG00000168785","TSPAN5",-0.0908969904096106,0.51932864200339
"ENSG00000168795","ZBTB5",0.22962744716311,0.214024746860904
"ENSG00000168803","MAPDA",-0.034062631791808,0.832184570863124
"ENSG00000168904","LRRC28",-0.466048362093434,0.00829211682066399
"ENSG00000168938","PPIC",0.694808166593377,2.37347637846759e-11
"ENSG00000169047","IRS1",-0.472998808579026,0.0076974099418372
"ENSG00000169067","ACTBL2",2.83896104231454,4.73573900955232e-12
"ENSG00000169131","ZNF354A",0.409301997810816,0.0034546964098059
"ENSG00000169155","ZBTB43",0.600904392383041,8.74870072494175e-09
"ENSG00000169184","MN1",0.385887251808792,0.192639892123822
"ENSG00000169213","RAB3B",-0.761732529229293,4.39037646397215e-06
"ENSG00000169247","SH3TC2",-0.913270550706736,9.34493291656909e-07
"ENSG00000169251","NMD3",0.155265333963938,0.0570841118169874
"ENSG00000169258","GPRIN1",0.317210039337821,0.069904475301697
"ENSG00000169282","KCNAB1",-0.488480095997078,0.107505482147274
"ENSG00000169371","SNUPN",-0.210243193487425,0.105761487821035
"ENSG00000169379","ARL13B",-0.656859273895868,1.89563697212744e-12
"ENSG00000169398","PTK2",-0.198747253683782,0.0720481006584713
"ENSG00000169469","SPRR1B",-0.0551576508953678,0.867056135444667
"ENSG00000169554","ZEB2",-0.19238808162711,0.281412563368328
"ENSG00000169570","DTWD2",-0.446654839859823,0.0218054177814686
"ENSG00000169599","NFU1",0.0477602257724705,0.752211303951459
"ENSG00000169604","ANTXR1",-0.404543173226008,0.0012400631919624
"ENSG00000169607","CKAP2L",-0.423604506683952,0.000165899729353273
"ENSG00000169641","LUZP1",0.334833830571905,2.66804083871586e-05
"ENSG00000169660","HEXD",0.213468413779306,0.296375048454357
"ENSG00000169851","PCDH7",1.45422669686551,4.73324633348128e-08
"ENSG00000169991","IFFO2",0.357829889712109,0.0182644395051208
"ENSG00000170310","STX8",-1.29958593769647,5.68158468676008e-18
"ENSG00000170323","FABP4",-0.103929777553688,0.747478773528804
"ENSG00000170365","SMAD1",-0.0740061443327497,0.59494918896346
"ENSG00000170379","TCAF2",0.575746412466167,0.00290755507855209
"ENSG00000170423","KRT78",0.784452304644568,0.029048176739906
"ENSG00000170465","KRT6C",-0.00710721296462289,0.993372593252904
"ENSG00000170473","PYM1",0.308453607712612,0.0250500310475038
"ENSG00000170485","NPAS2",-1.13128472137493,6.01746641074962e-20
"ENSG00000170515","PA2G4",-0.167583703689123,0.00560149148871439
"ENSG00000170525","PFKFB3",-0.0380334313039188,0.805956004507642
"ENSG00000170549","IRX1",0.621788064597584,0.000949028189924183
"ENSG00000170558","CDH2",-0.403935885475341,0.00823999584905791
"ENSG00000170606","HSPA4",0.0567473249939722,0.378904132933527
"ENSG00000170677","SOCS6",-0.44291676026114,3.38752779696524e-05
"ENSG00000170689","HOXB9",-0.386600665541734,0.00966523864522412
"ENSG00000170786","SDR16C5",-0.00834719407932006,0.991047200972295
"ENSG00000170873","MTSS1",0.354678895034357,0.157034014871516
"ENSG00000170892","TSEN34",0.217574879958575,0.0265653215610961
"ENSG00000170899","GSTA4",0.0860069845491478,0.803960342720817
"ENSG00000170955","CAVIN3",0.0938019098119763,0.760746133838181
"ENSG00000171016","PYGO1",-0.0714370894341134,0.766705689411833
"ENSG00000171148","TADA3",0.103558452214037,0.452314755069716
"ENSG00000171163","ZNF692",0.296823082188408,0.12755929691714
"ENSG00000171208","NETO2",-0.197344716477673,0.00593927016312963
"ENSG00000171241","SHCBP1",-0.0461438857283736,0.769455052148342
"ENSG00000171310","CHST11",-0.901513988044096,3.10667014473627e-13
"ENSG00000171365","CLCN5",-0.30887601452923,0.0599434546464725
"ENSG00000171401","KRT13",0.035184212740124,0.921873673494197
"ENSG00000171462","DLK2",0.923567510643081,9.76277918518058e-06
"ENSG00000171466","ZNF562",0.384260170897804,0.000211328817425985
"ENSG00000171488","LRRC8C",-0.388562849883294,0.00346071484018022
"ENSG00000171608","PIK3CD",0.0163306073812387,0.954713688266392
"ENSG00000171621","SPSB1",0.230117831011153,0.293673799387316
"ENSG00000171720","HDAC3",-0.314858330341505,0.00117798256535583
"ENSG00000171766","GATM",-0.0621567469046635,0.849473800558337
"ENSG00000171889","MIR31HG",0.064841950390576,0.830465353591741
"ENSG00000171903","CYP4F11",-0.109788950269238,0.713633487925948
"ENSG00000171988","JMJD1C",0.00264634400427534,0.997894925189652
"ENSG00000172057","ORMDL3",0.54141497689192,3.06553026618462e-05
"ENSG00000172086","KRCC1",-0.517403875110041,0.00094958408783688
"ENSG00000172171","TEFM",-0.0225362882846424,0.93541235094407
"ENSG00000172175","MALT1",-0.0188159550233335,0.919920810275325
"ENSG00000172262","ZNF131",-0.172485280982775,0.0615770660798985
"ENSG00000172270","BSG",0.435406543922581,3.36532212398096e-08
"ENSG00000172296","SPTLC3",-0.652566067963893,0.000630548257413935
"ENSG00000172348","RCAN2",-0.100528540111901,0.761165270992429
"ENSG00000172375","C2CD2L",0.182585158738993,0.175581512137202
"ENSG00000172465","TCEAL1",0.3059431924849,0.047724264556512
"ENSG00000172493","AFF1",0.428520247500447,0.000847085202257386
"ENSG00000172530","BANP",0.0400203210940504,0.817348636185904
"ENSG00000172594","SMPDL3A",1.02501520632398,8.0839909496019e-05
"ENSG00000172613","RAD9A",0.00887010131497872,0.986142633403375
"ENSG00000172757","CFL1",0.0405482690771903,0.647612543498754
"ENSG00000172765","TMCC1",-0.0537096250105719,0.775526743808038
"ENSG00000172818","OVOL1",0.168115581967264,0.549820107172149
"ENSG00000172939","OXSR1",-0.152513237944053,0.0835937704557698
"ENSG00000172965","MIR4435-2HG",-0.177466021093517,0.249286579823351
"ENSG00000173120","KDM2A",0.268638140264262,0.00908159095025071
"ENSG00000173153","ESRRA",0.242975512078196,0.011073022764894
"ENSG00000173166","RAPH1",-0.545445452569912,2.84092340993597e-06
"ENSG00000173275","ZNF449",-0.148584379420125,0.588002616821352
"ENSG00000173402","DAG1",-0.602959931943261,7.80400528718682e-07
"ENSG00000173442","EHBP1L1",-0.0361449987277086,0.877769860073777
"ENSG00000173511","VEGFB",-0.260713331041319,0.0133586708101301
"ENSG00000173517","PEAK1",-0.479477641251011,4.34872799262384e-06
"ENSG00000173545","ZNF622",0.414309915380596,1.05515458519589e-07
"ENSG00000173581","CCDC106",0.561812705713692,0.00065932153134403
"ENSG00000173597","SULT1B1",1.0660617333382,0.00303974344646152
"ENSG00000173598","NUDT4",0.377459762838965,9.79831707724457e-06
"ENSG00000173698","ADGRG2",0.0288753822130688,0.940923483273346
"ENSG00000173801","JUP",1.9033656233147,2.68292759020894e-19
"ENSG00000173848","NET1",-0.144752172937458,0.290728937066196
"ENSG00000174292","TNK1",0.774989120337819,0.026398854002363
"ENSG00000174343","CHRNA9",1.07938164758144,6.77333383068932e-05
"ENSG00000174428","GTF2IRD2B",0.506839414472101,0.0852506704101417
"ENSG00000174444","RPL4",-0.0782344335341299,0.430145721615305
"ENSG00000174586","ZNF497",0.362051962390382,0.213065188898195
"ENSG00000174606","ANGEL2",-0.291806078584141,0.00178222673825733
"ENSG00000174669","SLC29A2",-0.55539452317474,0.0917593147559342
"ENSG00000174684","B4GAT1",0.73591293771103,1.90080307781942e-12
"ENSG00000174791","RIN1",0.746810533961594,1.46472934916839e-19
"ENSG00000174792","ODAPH",2.39715170161386,1.57700669675292e-06
"ENSG00000174842","GLMN",0.124390163774462,0.373426035067224
"ENSG00000174886","NDUFA11",0.152807966268722,0.167701982777245
"ENSG00000175040","CHST2",-0.0491577427278853,0.843552285133693
"ENSG00000175048","ZDHHC14",-1.47711321133891,2.96597402954411e-28
"ENSG00000175063","UBE2C",-0.633916786090613,2.48950691330092e-07
"ENSG00000175066","GK5",-0.00735278370741949,0.978604980943797
"ENSG00000175166","PSMD2",-0.153513471783884,0.0588554765062393
"ENSG00000175220","ARHGAP1",0.129857795505744,0.225503017186947
"ENSG00000175318","GRAMD2A",0.261537262330996,0.371882717006785
"ENSG00000175471","MCTP1",-0.838835085575934,2.55091470579317e-05
"ENSG00000175592","FOSL1",-0.533429867527454,3.20814662409707e-06
"ENSG00000175634","RPS6KB2",-0.0902709313841679,0.517486637848771
"ENSG00000175711","B3GNTL1",0.350572485877357,0.0522673761802067
"ENSG00000175727","MLXIP",0.16774156599255,0.204482258762775
"ENSG00000175745","NR2F1",0.159133511881004,0.451785969043486
"ENSG00000175764","TTLL11",-1.2314806473932,7.63725100034753e-11
"ENSG00000175866","BAIAP2",0.550360710864526,3.69955204936446e-06
"ENSG00000175920","DOK7",0.326662995621695,0.259603068620655
"ENSG00000175931","UBE2O",0.104696468196904,0.39083333624033
"ENSG00000176014","TUBB6",-0.730580258519246,6.38483553823042e-10
"ENSG00000176170","SPHK1",0.64133692714154,9.0251580868322e-05
"ENSG00000176225","RTTN",-0.150889953732592,0.439806197855254
"ENSG00000176261","ZBTB8OS",-0.233323314203971,0.0190199309329115
"ENSG00000176387","HSD11B2",1.85698224290951,1.9823098249285e-05
"ENSG00000176401","EID2B",0.580187527421262,0.000104800535853663
"ENSG00000176476","SGF29",0.0350650660571465,0.885750174399379
"ENSG00000176485","PLAAT3",0.00505827751621727,0.995219486744725
"ENSG00000176532","PRR15",-0.011947489673008,0.983062257979213
"ENSG00000176641","RNF152",-0.0379328235372918,0.890995216681107
"ENSG00000176697","BDNF",-0.283223444758184,0.107445509582098
"ENSG00000176783","RUFY1",-0.613402452325997,1.9555005026072e-09
"ENSG00000176834","VSIG10",-0.244147615881393,0.077654797665602
"ENSG00000176842","IRX5",1.75991635690002,3.87759709809452e-19
"ENSG00000176946","THAP4",0.00654032301902353,0.980652691153982
"ENSG00000176974","SHMT1",-0.256765051984083,0.108232590131004
"ENSG00000177000","MTHFR",0.656675872493464,0.000200090325221858
"ENSG00000177030","DEAF1",-0.0933724896043001,0.464912578224916
"ENSG00000177084","POLE",-0.324116999170652,0.0110829192505913
"ENSG00000177105","RHOG",0.156038104425116,0.0704924340991528
"ENSG00000177181","RIMKLA",-0.302190691499611,0.278334811008557
"ENSG00000177352","CCDC71",-0.0381259096960895,0.84337782843328
"ENSG00000177427","MIEF2",0.384819873553636,0.021663780931226
"ENSG00000177494","ZBED2",0.471562765513818,0.131297774465643
"ENSG00000177508","IRX3",0.213563865721218,0.223288165136823
"ENSG00000177570","SAMD12",-1.16273708625231,0.00126700747607538
"ENSG00000177732","SOX12",-0.223641550997821,0.0104236806968797
"ENSG00000177888","ZBTB41",0.282125519152138,0.0384805308403273
"ENSG00000178172","SPINK6",0.953781273278347,0.0148863109578088
"ENSG00000178694","NSUN3",0.110736116329038,0.48570195119822
"ENSG00000178695","KCTD12",-0.165874907213299,0.317096328841427
"ENSG00000178776","C5orf46",1.48407660453466,7.45268845610049e-10
"ENSG00000178922","HYI",-0.348683266900131,0.00177839347758513
"ENSG00000178935","ZNF552",0.429546844720137,0.0167964273011909
"ENSG00000178952","TUFM",-0.130574741990556,0.103227745493277
"ENSG00000179104","TMTC2",-1.28192000938399,8.35722697790284e-07
"ENSG00000179111","HES7",0.108372021112791,0.69189020193068
"ENSG00000179178","TMEM125",0.0230645234826253,0.954865740724553
"ENSG00000179242","CDH4",-4.98371012578153,1.3374656666578e-11
"ENSG00000179335","CLK3",0.0563577805449801,0.670722490722845
"ENSG00000179542","SLITRK4",0.204865391888823,0.48310896848459
"ENSG00000179546","HTR1D",0.688631958514706,1.01922554347946e-06
"ENSG00000179604","CDC42EP4",-0.00718015431438972,0.981742151645757
"ENSG00000179627","ZBTB42",0.20082996498013,0.375029322979055
"ENSG00000179862","CITED4",-0.0601454874933445,0.866842040444163
"ENSG00000179889","PDXDC1",0.175410161025333,0.131893809037918
"ENSG00000180263","FGD6",0.28646158318576,0.0253894961116468
"ENSG00000180332","KCTD4",-0.262856025969961,0.378122566531309
"ENSG00000180376","CCDC66",-0.0744878927766755,0.570827344693016
"ENSG00000180537","RNF182",0.00695083697331098,0.990128411449264
"ENSG00000180758","GPR157",-0.0666994529154992,0.731203081006148
"ENSG00000180773","SLC36A4",-0.564494301562664,7.88924322249629e-07
"ENSG00000180801","ARSJ",-0.50978765529858,3.58903092033417e-06
"ENSG00000180817","PPA1",-0.18062446893842,0.211844912386681
"ENSG00000181004","BBS12",0.212117132689394,0.375074061923653
"ENSG00000181143","MUC16",-0.0196334229078922,0.963499881490287
"ENSG00000181191","PJA1",0.592426872877101,4.2606189504453e-06
"ENSG00000181218","H2AC25",0.11730940012679,0.597610451255918
"ENSG00000181274","FRAT2",0.2081245364851,0.246089480984238
"ENSG00000181773","GPR3",0.648915158912047,0.00401303641572917
"ENSG00000181826","RELL1",-0.0903109030766468,0.573762231345589
"ENSG00000181885","CLDN7",0.0220055021957222,0.959417011680738
"ENSG00000181924","COA4",-0.0199443162080574,0.895178397465716
"ENSG00000181982","CCDC149",0.583349452188248,0.00581021687661356
"ENSG00000182010","RTKN2",-0.678423543942742,5.04414038276038e-06
"ENSG00000182197","EXT1",-0.478908556070618,2.08102062856852e-10
"ENSG00000182253","SYNM",0.35322437353258,0.0652620185486513
"ENSG00000182551","ADI1",-0.0324617507800504,0.814313231356409
"ENSG00000182568","SATB1",0.00488456547828331,0.993300522177033
"ENSG00000182578","CSF1R",-0.0559267543611326,0.856685832231243
"ENSG00000182585","EPGN",0.432206001174383,0.156935869685586
"ENSG00000182795","C1orf116",2.80572516353734,8.67834543630045e-07
"ENSG00000182809","CRIP2",0.19843219323265,0.166465564170467
"ENSG00000182898","TCHHL1",-0.0019553678326448,0.999769847841042
"ENSG00000182923","CEP63",-0.770091134276908,7.26387128476675e-10
"ENSG00000182963","GJC1",-0.31459101305691,0.00415947273212872
"ENSG00000183023","SLC8A1",-1.35894237513366,8.71926535863155e-08
"ENSG00000183137","CEP57L1",-0.454412052080325,1.57830512064726e-06
"ENSG00000183207","RUVBL2",-0.294087530055242,0.000232496622825473
"ENSG00000183283","DAZAP2",0.325190617750627,1.19173995912673e-06
"ENSG00000183287","CCBE1",-1.91304158055967,7.24740195994165e-30
"ENSG00000183475","ASB7",-0.113425540989501,0.489829266175571
"ENSG00000183671","CMKLR2",0.0684140918503332,0.838553024694438
"ENSG00000183876","ARSI",0.0835189540780333,0.809700182010319
"ENSG00000183963","SMTN",0.195101310071853,0.170843795394605
"ENSG00000183978","COA3",0.264383416890988,0.00560866657495184
"ENSG00000184162","NR2C2AP",-0.359617622523718,0.0150661141041076
"ENSG00000184178","SCFD2",-1.79512599376496,2.30527766601038e-51
"ENSG00000184182","UBE2F",0.111449036120716,0.328311357111831
"ENSG00000184205","TSPYL2",1.50785716536104,2.53639950419602e-15
"ENSG00000184216","IRAK1",-0.0443236227269735,0.788960812423378
"ENSG00000184232","OAF",-0.683342027128887,9.12800930907479e-20
"ENSG00000184292","TACSTD2",-0.0118397056845586,0.983772392970263
"ENSG00000184368","MAP7D2",0.46771375676196,0.136693626358332
"ENSG00000184414",NA,0.137036662266336,0.65836768183052
"ENSG00000184489","PTP4A3",-0.00978569421238279,0.990128411449264
"ENSG00000184500","PROS1",-0.182659326017937,0.477132971663169
"ENSG00000184678","H2BC21",0.781962769826972,0.000410832485963122
"ENSG00000185043","CIB1",0.214744416142152,0.0218045686156459
"ENSG00000185070","FLRT2",-0.14261071189318,0.551909487866353
"ENSG00000185104","FAF1",-1.33032190524419,1.76251968538674e-65
"ENSG00000185112","FAM43A",0.822059365491501,5.51246816648992e-06
"ENSG00000185187","SIGIRR",-0.0137884041919371,0.968866479151386
"ENSG00000185220","PGBD2",0.301420031114135,0.166161801628889
"ENSG00000185442","FAM174B",-0.00299328064453492,0.999526554579636
"ENSG00000185479","KRT6B",-0.0185432586659701,0.966740301224219
"ENSG00000185483","ROR1",0.31778818821618,0.0636292551613972
"ENSG00000185499","MUC1",0.149877464649749,0.614682984374231
"ENSG00000185504","FAAP100",-0.0798319841009406,0.701489992231533
"ENSG00000185518","SV2B",-0.0919223051963819,0.751271843696496
"ENSG00000185614","INKA1",1.3898824189705,1.18083445168223e-07
"ENSG00000185624","P4HB",0.053428120551712,0.588800632296852
"ENSG00000185825","BCAP31",0.112142147877817,0.332759747774203
"ENSG00000185946","RNPC3",0.0720860802676988,0.689876835702407
"ENSG00000185966","LCE3E",-0.00301586669963166,0.999433637321825
"ENSG00000186132","C2orf76",-0.426900017134036,0.0368327941590921
"ENSG00000186174","BCL9L",0.727547023421706,6.76458662335904e-06
"ENSG00000186314","PRELID2",-0.306730333041999,0.0440667788799796
"ENSG00000186472","PCLO",-0.154077889231136,0.502384441189931
"ENSG00000186493",NA,0.556641702228421,0.000196337452041927
"ENSG00000186522","SEPTIN10",-0.510117274219741,2.38235909166156e-05
"ENSG00000186532","SMYD4",-0.0083079494302607,0.975672492709397
"ENSG00000186575","NF2",-0.522305555670876,1.99070060007809e-07
"ENSG00000186635","ARAP1",-0.348370128419473,0.00195935696012364
"ENSG00000186642","PDE2A",-0.0317652873414939,0.924556668205535
"ENSG00000186684","CYP27C1",-0.631772875470925,0.00339383905164793
"ENSG00000186716","BCR",-0.135941814901486,0.383600952862205
"ENSG00000186806","VSIG10L",0.463491276248923,0.0627732380034571
"ENSG00000186832","KRT16",0.0683763953420793,0.833411555811308
"ENSG00000186854","TRABD2A",0.302067522750439,0.00538521265356397
"ENSG00000186871","ERCC6L",-0.228787033676334,0.0969757755764522
"ENSG00000186889","TMEM17",-0.0881345347043847,0.730791596692815
"ENSG00000186897","C1QL4",1.06100760503062,0.000358089529936881
"ENSG00000186907","RTN4RL2",0.267080617649688,0.147894547152533
"ENSG00000187098","MITF",1.32126001780252,1.03000167349034e-15
"ENSG00000187118","CMC1",-0.35588132396558,0.00262790993136131
"ENSG00000187325","TAF9B",0.171204702718523,0.295582380275668
"ENSG00000187498","COL4A1",-0.0119432425881384,0.974611163509839
"ENSG00000187531","SIRT7",0.348645979898777,0.00734969649573279
"ENSG00000187624","LIAT1",0.540642780840088,0.0019854279548657
"ENSG00000187626","ZKSCAN4",0.0315877103189973,0.909108778463315
"ENSG00000187736","NHEJ1",-0.355393515556721,0.0281028201497429
"ENSG00000187860","CCDC157",0.41032939188046,0.11317799286563
"ENSG00000187908","DMBT1",1.355567425924,0.00171381517529636
"ENSG00000187957","DNER",-0.577612964642682,4.85887232435167e-07
"ENSG00000188064","WNT7B",0.232617117330981,0.190004514034582
"ENSG00000188130","MAPK12",-0.239174330346376,0.0629446315303033
"ENSG00000188290","HES4",-0.425293950967971,0.0400309456270892
"ENSG00000188312","CENPP",-0.684529851217426,1.23095017641204e-05
"ENSG00000188313","PLSCR1",-0.179283335996528,0.132123388268535
"ENSG00000188342","GTF2F2",-0.303397680418847,7.60091659142457e-07
"ENSG00000188522","FAM83G",0.490370647417427,0.000991348932253275
"ENSG00000188735","TMEM120B",-0.289044000907975,0.0358955911070597
"ENSG00000188895","MSL1",0.0771926431450574,0.408799692746412
"ENSG00000189001","SBSN",-0.694622896657849,0.0180402386465801
"ENSG00000189143","CLDN4",-0.255814475514286,0.39247485320946
"ENSG00000189221","MAOA",0.24457542100237,0.182679970075662
"ENSG00000189339","SLC35E2B",0.0563814716192167,0.734417876520221
"ENSG00000189362","NEMP2",-0.48402609323794,0.00284002914499366
"ENSG00000189369","GSPT2",0.0613580134180418,0.750314381915902
"ENSG00000196083","IL1RAP",-0.0832240024132773,0.738513749507459
"ENSG00000196110","ZNF699",1.32228760932936,5.69645794452043e-06
"ENSG00000196214","ZNF766",0.787027340123263,5.13049113538047e-13
"ENSG00000196227","FAM217B",-0.08350751494741,0.469118041526433
"ENSG00000196352","CD55",0.799403888056181,2.00543585802499e-09
"ENSG00000196357","ZNF565",-0.159164657891007,0.592320727930815
"ENSG00000196411","EPHB4",0.287294046651666,0.00240979117422494
"ENSG00000196455","PIK3R4",0.030685931255983,0.85121933174093
"ENSG00000196639","HRH1",0.255320654597331,0.0154075454869065
"ENSG00000196642","RABL6",-0.368177674560923,2.73288947308809e-06
"ENSG00000196776","CD47",0.181057584196445,0.027839779448345
"ENSG00000196782","MAML3",-1.0646475295534,2.85290407387513e-15
"ENSG00000196843","ARID5A",0.692937070509441,0.00330767240844077
"ENSG00000196850","PPTC7",-0.29104878738757,0.00317627433311308
"ENSG00000196922",NA,0.137605105710369,0.319561083458152
"ENSG00000196923","PDLIM7",0.160134310001763,0.261795997130318
"ENSG00000196935","SRGAP1",-0.159372651915452,0.275530343973243
"ENSG00000196998","WDR45",0.509919062913648,0.000188151301226466
"ENSG00000197006","METTL9",-0.427576385452046,1.6022307892768e-06
"ENSG00000197020","ZNF100",-0.0855861890630615,0.731138417912325
"ENSG00000197102","DYNC1H1",-0.0672351680686828,0.647513285271643
"ENSG00000197122","SRC",0.839465955922902,2.92961886811168e-07
"ENSG00000197150","ABCB8",0.133508822022801,0.376255171004721
"ENSG00000197181","PIWIL2",0.986502510674673,0.000304419423563545
"ENSG00000197256","KANK2",0.31207622308346,0.0011110778382403
"ENSG00000197375","SLC22A5",1.27523163746899,2.29945566875625e-09
"ENSG00000197442","MAP3K5",-0.641341862904534,1.66544357865463e-05
"ENSG00000197457","STMN3",-0.905927060687547,1.53846664690107e-07
"ENSG00000197461","PDGFA",0.0967520204691205,0.666814636963829
"ENSG00000197535","MYO5A",-0.282548381510265,0.0119061722481538
"ENSG00000197548","ATG7",-0.837244769531005,6.02803304564622e-14
"ENSG00000197555","SIPA1L1",-0.529451021795942,2.07425883593619e-06
"ENSG00000197563","PIGN",-0.184434755312613,0.179663400551736
"ENSG00000197579","TOPORS",0.117446630254032,0.157584518334136
"ENSG00000197641","SERPINB13",0.0755603486393277,0.812556049824925
"ENSG00000197646","PDCD1LG2",-0.175995221500117,0.487857409914214
"ENSG00000197702","PARVA",-0.602134866685163,3.39367432986656e-08
"ENSG00000197747","S100A10",0.300351663536006,0.0131044179181475
"ENSG00000197757","HOXC6",0.0154183228105734,0.948633103951721
"ENSG00000197808","ZNF461",0.425688536964597,0.0995599160759112
"ENSG00000197858","GPAA1",-0.0755436893356235,0.512589685493701
"ENSG00000197879","MYO1C",0.147749322034216,0.150277171663092
"ENSG00000197894","ADH5",-0.0260191695691203,0.870545845280066
"ENSG00000197961","ZNF121",0.306293012052925,4.1781353747922e-05
"ENSG00000198018","ENTPD7",0.39245081406982,0.00599467315512299
"ENSG00000198113","TOR4A",-0.178019303108842,0.146351926430808
"ENSG00000198142","SOWAHC",0.0939833721413844,0.471172738354945
"ENSG00000198146","ZNF770",0.0639861320799458,0.438302007391576
"ENSG00000198246","SLC29A3",1.34116351650764,3.06699832454959e-07
"ENSG00000198355","PIM3",-0.481851669664641,3.06940703101057e-05
"ENSG00000198478","SH3BGRL2",-0.160904386167841,0.348289969471012
"ENSG00000198538","ZNF28",0.449365942974004,0.0856911103383848
"ENSG00000198604","BAZ1A",0.223170166317014,0.000405969503685847
"ENSG00000198646","NCOA6",-0.0273139371029432,0.882950596127585
"ENSG00000198682","PAPSS2",-0.221644587598713,0.156982640606176
"ENSG00000198729","PPP1R14C",0.489985723244685,0.0613505679103354
"ENSG00000198752","CDC42BPB",-0.153615925556545,0.270428519660711
"ENSG00000198768","APCDD1L",-2.09304473567625,2.23147825130316e-09
"ENSG00000198774","RASSF9",0.0266426101368046,0.949795544275584
"ENSG00000198794","SCAMP5",0.211556519079546,0.447073394650941
"ENSG00000198858","R3HDM4",0.161119384678982,0.266428065707444
"ENSG00000198862","LTN1",-0.489559052219774,1.05515679064256e-09
"ENSG00000198894","CIPC",-0.0200649593527732,0.947429489140069
"ENSG00000198900","TOP1",-0.0129393003078341,0.925919708142753
"ENSG00000198910","L1CAM",-0.135360882668555,0.670363875097353
"ENSG00000198924","DCLRE1A",-0.635373043067958,7.03682912278452e-05
"ENSG00000199377","RNU5F-1",0.105726274430658,0.738244300288502
"ENSG00000201098","RNY1",0.00933695100106229,0.988869353781543
"ENSG00000202172","RNU6-1327P",-0.0125824448016325,0.981961230809104
"ENSG00000202515","VTRNA1-3",-1.23377084746461,2.25101167727505e-06
"ENSG00000203499","IQANK1",2.33590874088024,0.00015057883359192
"ENSG00000203760","CENPW",0.536884803784596,4.1755164055097e-05
"ENSG00000203837","PNLIPRP3",0.0257334456310567,0.948387327150637
"ENSG00000204103","MAFB",2.82353931773805,9.73242789230421e-12
"ENSG00000204104","TRAF3IP1",0.0556231701106889,0.771193734082871
"ENSG00000204209","DAXX",-0.189955484984093,0.00815080629881406
"ENSG00000204219","TCEA3",0.987791130815783,0.000402974227669168
"ENSG00000204220","PFDN6",-0.0535890424270731,0.7982013184919
"ENSG00000204231","RXRB",0.175642245018925,0.193133586860911
"ENSG00000204351","SKIC2",0.268061068200274,0.0048502506905816
"ENSG00000204421","LY6G6C",0.111600454035808,0.705851139346578
"ENSG00000204592","HLA-E",0.915939053043029,3.34644680722746e-09
"ENSG00000204628","RACK1",-0.306768866815272,1.4323102498489e-08
"ENSG00000204634","TBC1D8",0.665767813263017,0.000220771061116094
"ENSG00000204767","INSYN2B",-0.790381815055289,2.01991152144507e-05
"ENSG00000205213","LGR4",-0.282788727196536,0.0776119320230412
"ENSG00000205309","NT5M",0.0470950089036295,0.900856800180671
"ENSG00000205413","SAMD9",0.574376862165363,1.86098179399241e-06
"ENSG00000205420","KRT6A",-0.295403636208215,0.292810970435884
"ENSG00000205542","TMSB4X",-0.416729080253902,0.0451391217173882
"ENSG00000205562","FLRT2-AS1",0.229407866072422,0.444340381452154
"ENSG00000205683","DPF3",-0.868286946020414,0.000321842557819174
"ENSG00000205765","RIMOC1",-0.0265344978353754,0.897738786139845
"ENSG00000205771",NA,0.0127585574773858,0.982752984207962
"ENSG00000205981","DNAJC19",-0.0724402254241977,0.604706382254912
"ENSG00000206075","SERPINB5",1.81566612114629,1.04860173414949e-54
"ENSG00000206195","DUXAP8",0.103763876457353,0.520509938906844
"ENSG00000206418","RAB12",-0.344338055157399,0.000183293452489076
"ENSG00000206503","HLA-A",0.841369652385507,4.23088342297605e-10
"ENSG00000206538","VGLL3",1.41328949883161,2.32700443108023e-11
"ENSG00000210196",NA,-0.324555927827605,0.22127423961362
"ENSG00000212123","PRR22",-0.088016182200686,0.777639347146875
"ENSG00000212747","RTL8B",0.0902497507389992,0.770511462993791
"ENSG00000212978",NA,-0.0669399216509396,0.599625256410058
"ENSG00000213064","SFT2D2",0.331141758376605,0.000436383578263582
"ENSG00000213442","RPL18AP3",0.401884587303853,0.026007539191155
"ENSG00000213465","ARL2",0.0368931129254248,0.822090533081876
"ENSG00000213523","SRA1",0.848080764298838,1.08694758122963e-16
"ENSG00000213625","LEPROT",0.0249983194738229,0.855444494808008
"ENSG00000213639","PPP1CB",-0.272830002614943,0.000125177811204819
"ENSG00000213799","ZNF845",1.70592576186765,2.73291626737225e-28
"ENSG00000213866",NA,-0.0542654665125248,0.882090145849425
"ENSG00000213977","TAX1BP3",0.109456936481131,0.427059855508091
"ENSG00000214087","ARL16",-0.146484588090945,0.311654724611759
"ENSG00000214253","FIS1",0.0654381296397355,0.625906849382265
"ENSG00000214756","CSKMT",0.538622648191152,0.000141808157698613
"ENSG00000214975",NA,-0.297228247291306,0.265451212056148
"ENSG00000215421","ZNF407",-0.113902334160335,0.531062979595832
"ENSG00000215769","ARHGAP27P1-BPTFP1-KPNA2P3",0.209335459209399,0.48732859493067
"ENSG00000217128","FNIP1",-0.024429420685463,0.896792045639485
"ENSG00000218582",NA,-0.00213560904537443,0.999769847841042
"ENSG00000221869","CEBPD",0.189054613555051,0.295137331012775
"ENSG00000221926","TRIM16",-0.0294017007890368,0.889215709453014
"ENSG00000221988","PPT2",0.0428937847603865,0.86236802384475
"ENSG00000222041","CYTOR",0.00479229606096928,0.988181955699542
"ENSG00000222489","SNORA79B",1.31385335271431,3.33385340298094e-06
"ENSG00000223573","TINCR",0.621613515303944,0.0633871511372649
"ENSG00000223803",NA,0.173192011008437,0.266392506817958
"ENSG00000223969",NA,0.884512503402845,0.00876300937324582
"ENSG00000224459",NA,-0.290237958987605,0.329654225154728
"ENSG00000224738","LOC124904039",0.403055334690851,0.161940118400603
"ENSG00000224870","MRPL20-AS1",-0.0815081293094087,0.622390022600276
"ENSG00000225439","BOLA3-DT",0.18909781202571,0.236229580184274
"ENSG00000225630","MTND2P28",0.138160594885397,0.552930509399991
"ENSG00000225720",NA,1.92682265497895,0.00129862738694773
"ENSG00000226180","LOC100129215",0.826138336093328,0.0232717734982017
"ENSG00000226332",NA,-0.0340866051524601,0.92897911119194
"ENSG00000226479","TMEM185B",0.0444296090670763,0.743357641964285
"ENSG00000226752",NA,0.116971251813853,0.545544703594029
"ENSG00000226928",NA,-0.0928237710355406,0.744655281016745
"ENSG00000227036","LINC00511",0.713592050263271,1.64646323421687e-05
"ENSG00000227063",NA,0.0712972090214278,0.831453685604056
"ENSG00000228716","DHFR",-0.712913617691261,7.556529154507e-12
"ENSG00000229119",NA,-0.063232454919366,0.802848226730415
"ENSG00000229563","LINC01204",-1.03864904766024,7.35374103265255e-13
"ENSG00000230148","HOXB-AS1",-0.21817883481749,0.396136690887151
"ENSG00000230615","LOC107984948",-0.472783703948294,0.00275830816206576
"ENSG00000231131","LOC105378305",2.59657103503799,1.80385332047922e-15
"ENSG00000231185","LINC01844",0.298795006052354,0.263428814014973
"ENSG00000231607","DLEU2",-0.938443249113346,1.25477403500136e-10
"ENSG00000231663","COA6-AS1",0.711105418103379,0.000610560869216523
"ENSG00000231806","PCAT7",-0.100692259697119,0.75329796520441
"ENSG00000231999","LRRC8C-DT",0.0429498303045478,0.903412514228064
"ENSG00000232533","FAM131B-AS2",0.268471141720576,0.0713269416405697
"ENSG00000232838","PET117",-0.0291300546182916,0.910641948929327
"ENSG00000233237","LINC00472",-0.177683744611142,0.465329215082799
"ENSG00000233532","LINC00460",1.00125181819586,0.000544185506105828
"ENSG00000233611","GBX2-AS1",-0.263892927234472,0.0977159213348823
"ENSG00000233654","NEMP2-DT",-0.0243399274089269,0.950418522985601
"ENSG00000233818",NA,0.666667597729453,0.00948148963132094
"ENSG00000236456",NA,0.0436374058300726,0.904990737405641
"ENSG00000236552","RPL13AP5",0.0941352849761366,0.645310613291507
"ENSG00000237172","B3GNT9",0.342223740270356,0.137573774965513
"ENSG00000237187","NR2F1-AS1",-0.138001314629488,0.558911983246763
"ENSG00000237190","CDKN2AIPNL",-0.0151433588422953,0.9415184340954
"ENSG00000237310","LINC03011",0.729386095703864,0.00267783134743356
"ENSG00000237330","RNF223",-0.0214366263321871,0.959445482940364
"ENSG00000237732",NA,0.369631988660844,0.216404839100416
"ENSG00000237819","CDK6-AS1",-0.749429910767719,0.0138077028909552
"ENSG00000237854",NA,0.486138679820336,3.17490114392539e-05
"ENSG00000239887","C1orf226",-0.174206743775239,0.47465499004925
"ENSG00000239948","RN7SL368P",-0.0416257193267144,0.913749721406824
"ENSG00000240344","PPIL3",-0.402695660871841,0.00211230991373583
"ENSG00000240750","RN7SL559P",0.644269391372591,0.0225890653823604
"ENSG00000240775","RPS26P23",0.114718036131315,0.721356638822787
"ENSG00000241322","FBXW10B",-0.255921943697686,0.37628234954216
"ENSG00000241399","CD302",0.0277406049240414,0.9429085699438
"ENSG00000241544","LINC02029",-0.111981412898336,0.728561673988451
"ENSG00000241794","SPRR2A",0.25346352600604,0.380602878081373
"ENSG00000241990",NA,0.00968876246087666,0.97477074793868
"ENSG00000242114","MTFP1",0.165911044854498,0.573945823617373
"ENSG00000242970",NA,-0.210935897175678,0.476165138455293
"ENSG00000242986","RPL21P99",0.0246245305293051,0.949824749835102
"ENSG00000243069","ARHGEF26-AS1",0.175038214471322,0.566325100991326
"ENSG00000243147","MRPL33",0.0867618887846754,0.530878373951513
"ENSG00000243364","EFNA4",0.316152673020927,0.144956849236826
"ENSG00000243759","ST13P15",0.313588296822411,0.286558729428514
"ENSG00000243926","LINC00886",-0.0228674127873467,0.958729835633523
"ENSG00000243927","MRPS6",0.0858739260484881,0.497772133947438
"ENSG00000244128","LINC01322",3.45200136885827,2.47643792509148e-07
"ENSG00000244165","P2RY11",-0.31437616863582,0.0844311031780543
"ENSG00000244184","PELP1-DT",1.23591119057501,7.33217752773632e-05
"ENSG00000244405","ETV5",-0.5605195602645,3.85638854661813e-06
"ENSG00000245954","LINC02273",0.824738261676621,0.00893900866286545
"ENSG00000246695","RASSF8-AS1",0.394081083184188,0.00130259895694012
"ENSG00000247828","TMEM161B-DT",-0.36236793809695,0.0255381788776453
"ENSG00000248370","LINC02434",0.308092345602448,0.190466621954753
"ENSG00000248538","LOC157273",-0.00747011033216459,0.992145014826152
"ENSG00000248690","HAS2-AS1",0.487301039122602,0.0717212427236515
"ENSG00000249673",NA,0.625638097603543,1.19173995912673e-06
"ENSG00000249867","LINC02742",-1.21434426586856,1.57411051253447e-07
"ENSG00000250041","LOC124902629",2.03033969140535,3.64968677068317e-06
"ENSG00000250159",NA,0.175834438794369,0.427894736193839
"ENSG00000250302","LOC107986281",0.125213956433837,0.668103480088875
"ENSG00000250934","LOC105374088",4.93262656530285,1.0150014120753e-10
"ENSG00000251369","ZNF550",0.679348289796201,3.42859926576656e-07
"ENSG00000251417",NA,0.15054046313926,0.531959024060852
"ENSG00000251442","LOC101928893",-0.549870335820751,0.0328384833770696
"ENSG00000251493","FOXD1",-0.697823677553249,2.70281845053175e-07
"ENSG00000251615",NA,0.111512774877214,0.733309556316864
"ENSG00000251664","PCDHA12",0.080967415357439,0.796768019308963
"ENSG00000252577","SCARNA20",0.0928110908567238,0.781484738341558
"ENSG00000253304","TMEM200B",-0.195794889633617,0.500596102969371
"ENSG00000253368","TRNP1",0.280274073519813,0.177898258181255
"ENSG00000253719","ATXN7L3B",-0.0872675035009158,0.401272824782876
"ENSG00000253738","OTUD6B-AS1",0.0297116695297261,0.828420591794928
"ENSG00000254332",NA,-0.289514681488391,0.32569902427832
"ENSG00000254470","AP5B1",0.342282914590031,0.00568617552485477
"ENSG00000254842",NA,2.52085624822076,1.06528021888721e-08
"ENSG00000255284","GATD1-DT",0.436582059413564,0.0196511085877939
"ENSG00000255857","PXN-AS1",-0.405607033789728,0.0603714388859974
"ENSG00000257365","FNTB",-0.807606036908948,7.47652727428075e-09
"ENSG00000257698","GIHCG",-0.294387481031418,0.0265944885242583
"ENSG00000257954",NA,0.408475506666685,0.0881244876823469
"ENSG00000258057","BCDIN3D-AS1",0.679862648954126,0.0416798147012994
"ENSG00000258101",NA,-0.423991676104332,0.159473520909486
"ENSG00000258366","RTEL1",-0.317865640568509,0.221340577344442
"ENSG00000258704",NA,-0.0897974215242775,0.759940842492735
"ENSG00000258732",NA,0.351409561743974,0.225768739862475
"ENSG00000258875",NA,-0.0153186785722526,0.978808783158398
"ENSG00000258890","CEP95",-0.0791781531509312,0.602450789406342
"ENSG00000259207","ITGB3",-0.144079442326516,0.616382160668761
"ENSG00000259330","INAFM2",-0.122999012810994,0.444020241797824
"ENSG00000259345","LOC105370777",0.483734370280874,0.11529231324356
"ENSG00000259583","ALDH1A3-AS1",-0.0405397972407349,0.874257440502177
"ENSG00000259706","HSP90B2P",0.615095239877769,0.0333247224600538
"ENSG00000260095",NA,0.954854208803169,0.00269781607016266
"ENSG00000260260","SNHG19",0.99709377838774,5.256473048109e-14
"ENSG00000260274",NA,0.44153410804491,0.0633763958171921
"ENSG00000260916","CCPG1",0.918527593393048,1.6094101978341e-08
"ENSG00000261098",NA,-0.135232055141109,0.649452314317047
"ENSG00000261183","SPINT1-AS1",-0.00377226616855399,0.999361380268385
"ENSG00000261342",NA,0.372299889788871,0.193377853613691
"ENSG00000261838","LOC105371361",0.947708460183207,0.0199223191442267
"ENSG00000263001","GTF2I",-0.243825402798982,0.105856836329646
"ENSG00000263883","EEF1DP7",0.398243138992256,0.180955331737685
"ENSG00000263941","RN7SL32P",0.081906313314174,0.792382238880101
"ENSG00000263956","NBPF11",-0.681318310808582,0.0013127210198963
"ENSG00000264229","RNU4ATAC",-0.0613051093413093,0.859608114343683
"ENSG00000264364","DYNLL2",0.0767433769361084,0.449892680705809
"ENSG00000265190","ANXA8",1.03956271585084,0.014374946502398
"ENSG00000266028","SRGAP2",-0.148618615480859,0.339129535946677
"ENSG00000266088","LOC105371773",0.407024973775484,0.0245614523912398
"ENSG00000266094","RASSF5",-0.222869797522103,0.239047206633596
"ENSG00000266402","SNHG25",1.06537965445003,2.47293086299318e-15
"ENSG00000266412","NCOA4",0.317331021209481,1.63149404470198e-05
"ENSG00000266835","GAPLINC",0.00619748334876821,0.995717071694293
"ENSG00000267317",NA,0.8745351895893,8.21361567108367e-07
"ENSG00000269343","ZNF587B",0.0669397770943809,0.753879687781
"ENSG00000269821","KCNQ1OT1",0.17860323012906,0.475397341961648
"ENSG00000269954",NA,-0.157579375512568,0.607658324890052
"ENSG00000270210",NA,0.40019672004844,0.177961874812147
"ENSG00000270277",NA,-0.147899777705052,0.627311878376938
"ENSG00000270820","USP34-DT",0.628275165593194,0.0406440838110987
"ENSG00000272079",NA,-0.748955428345689,0.0407572052973247
"ENSG00000272121",NA,1.26749428784229,1.06440024297683e-05
"ENSG00000272269",NA,-0.0337190600730653,0.905819352465924
"ENSG00000272325","NUDT3",-0.929912404196562,9.8603355306627e-13
"ENSG00000272894",NA,0.621030535584692,0.0575924255208537
"ENSG00000272979",NA,-0.341518952312732,0.233498946399537
"ENSG00000273136","NBPF26",0.0822267200941491,0.783009070725368
"ENSG00000273213","H3-7",0.261818741888361,0.348511177986576
"ENSG00000273559","CWC25",-0.221379596798913,0.0145137040164699
"ENSG00000273703","H2BC14",-0.283735711927554,0.340886029868237
"ENSG00000273749","CYFIP1",-0.177030097120278,0.0659199130059497
"ENSG00000273841","TAF9",0.224022829816811,0.0157488507002992
"ENSG00000273980",NA,0.397692311903723,0.156746385261608
"ENSG00000274015","LOC105370532",0.342564117242709,0.0691124920284526
"ENSG00000274070","CASTOR2",0.776991148539233,8.03058231968484e-05
"ENSG00000274173",NA,-0.0633389359237069,0.846771212303474
"ENSG00000274428","LOC124904634",-0.302171888904948,0.164520577166
"ENSG00000274561",NA,-0.0236802324264836,0.955833979916301
"ENSG00000274605",NA,0.738136108078206,2.20965702936438e-10
"ENSG00000275291","RNVU1-26",-0.244336105756948,0.238650525679986
"ENSG00000275294",NA,-0.0521210487782515,0.880616740535647
"ENSG00000275719",NA,-0.279818850538855,0.332372605625502
"ENSG00000275764",NA,-0.142940757669099,0.464279901166962
"ENSG00000275888",NA,0.470631134642383,0.0945207540826713
"ENSG00000276851",NA,-0.460369589076751,0.0295270451141795
"ENSG00000276900",NA,1.29153254718603,1.87150133721884e-09
"ENSG00000277215","SPANXA2-OT1",0.0785470023260419,0.821993203915524
"ENSG00000277258","PCGF2",-0.193506669084108,0.0401671566686705
"ENSG00000277879",NA,-0.318248874847905,0.244683178215664
"ENSG00000278053","DDX52",0.083787697034576,0.293415557556124
"ENSG00000278266",NA,-0.589132025167436,0.000195264281318028
"ENSG00000278709","NKILA",1.73519060825945,6.80841256646715e-08
"ENSG00000278828","H3C10",1.35064507569228,2.02858334903256e-07
"ENSG00000279082",NA,-0.203728268241889,0.458360362447994
"ENSG00000279464",NA,-1.14177505004115,0.00496135876455326
"ENSG00000280206",NA,-0.738744942931826,9.33543624467497e-08
"ENSG00000280798","LINC00294",0.231865470730041,0.162835532649748
"ENSG00000283227","SPRR5",0.0744528156274187,0.811269852526375
"ENSG00000283646","LINC02009",-0.356929251182811,0.142080106594965
"ENSG00000285517","LOC645485",-0.311411411174335,0.0807185475853894
"ENSG00000286171",NA,0.0672043544832359,0.846035951216544
"ENSG00000286288","LOC100289473",2.04979203472958,0.000603727909346313
"ENSG00000287080","H3C3",-0.373184815370958,0.161604365236204
"ENSG00000287331",NA,-0.0996693257812932,0.737424027910551
"ENSG00000287512",NA,0.00884398389601778,0.990618724080619
"ENSG00000287544","LOC105377557",-0.00169620099860298,0.999769847841042
"ENSG00000288658","RNF228",0.372457379704334,0.205027476519055
"ENSG00000288890",NA,-0.0738737439163506,0.831589282933957
"ENSG00000288939",NA,0.300625158290435,0.311184020999033
"ENSG00000288942",NA,0.0690039026508025,0.826466078651516
"ENSG00000289062",NA,0.233582659941058,0.437102593120334
"ENSG00000289138",NA,0.238703482399514,0.367530460523097
"ENSG00000289155",NA,-0.183315475882702,0.535158877061714
"ENSG00000289182",NA,-0.171849473258607,0.576510696081166
"ENSG00000289189","LOC105375170",-0.0670552798989773,0.840966506954218
"ENSG00000289305",NA,0.179302925449807,0.555056040686791
"ENSG00000289365",NA,1.0375493059154,0.00158962423226026
"ENSG00000289526",NA,1.75021761011905,1.57725711344174e-19
"ENSG00000289609","LOC124901321",-2.01751725119467,2.86255096671379e-07
"ENSG00000289833",NA,0.281956126841564,0.322767046894345
"ENSG00000289872",NA,0.146075766784264,0.625880841131014
"ENSG00000290012",NA,0.0665577109585474,0.8445071153874
"ENSG00000290032",NA,0.742788346293883,8.18951965341584e-07
"ENSG00000290033",NA,0.60355957507937,0.0341000635145046
"ENSG00000290085",NA,-0.464042992507898,0.0544350988190361
