"ENSEMBL","SYMBOL_wt","log2FC_wt","padj_wt","SYMBOL_KO","log2FC_KO","padj_KO"
"ENSG00000002079","MYH16",2.3029606247483,0.000117708546488458,"MYH16",1.01563047254924,0.000457481659356748
"ENSG00000003400","CASP10",1.45334370446263,0.00370374291613944,"CASP10",3.07362245949706,9.12805003193827e-07
"ENSG00000005189","REXO5",0.465993919106775,0.0325900485317225,"REXO5",0.364139558755035,0.0423217541319808
"ENSG00000006118","TMEM132A",0.441584133918773,0.0142470013434224,"TMEM132A",0.735834680495293,1.14822522072501e-05
"ENSG00000006282","SPATA20",1.57343133896846,4.05071666688372e-15,"SPATA20",1.16082273685629,3.11774655663028e-13
"ENSG00000006432","MAP3K9",0.582966595236895,0.000961099191510866,"MAP3K9",0.315483893551022,0.0306500580034487
"ENSG00000006607","FARP2",0.319498548758617,0.00718601906703921,"FARP2",0.243487850145655,0.0202399813213524
"ENSG00000007047","MARK4",0.465407059383794,0.00159477600637693,"MARK4",0.488415089552868,0.000120674265965787
"ENSG00000008311","AASS",0.546735093106188,6.18017833478588e-05,"AASS",0.364042632806699,0.00124655115437174
"ENSG00000010256","UQCRC1",0.302105764106271,0.00303335785914016,"UQCRC1",0.226024208025146,0.0117568740239898
"ENSG00000010704","HFE",0.457126280026683,0.0314275124465754,"HFE",0.373769574685679,0.0365693725986957
"ENSG00000011028","MRC2",2.61837977626302,1.84885317248053e-05,"MRC2",1.61216301407571,3.59791828733213e-05
"ENSG00000011105","TSPAN9",1.33161888327797,6.47146679507497e-06,"TSPAN9",0.532112985385668,0.00500697657290785
"ENSG00000012061","ERCC1",0.863516354202958,1.50544843381275e-20,"ERCC1",0.282922571028158,0.000476809502728108
"ENSG00000012171","SEMA3B",1.15793395106134,1.01133086267791e-05,"SEMA3B",2.2235564398948,7.98083667750132e-23
"ENSG00000019144","PHLDB1",1.05368050287271,6.50450791251536e-11,"PHLDB1",0.255053377211578,0.0491921014595319
"ENSG00000019186","CYP24A1",2.39088740094446,0.000571672379699857,"CYP24A1",0.795078142931079,0.0147246597312035
"ENSG00000023171","GRAMD1B",1.67956024885329,0.00058245106145477,"GRAMD1B",2.40303030567829,1.35729302085581e-12
"ENSG00000023892","DEF6",0.620909790338689,0.00345439116273123,"DEF6",0.568998709789378,0.0013022076444053
"ENSG00000025293","PHF20",0.323906423496887,2.09193688388997e-05,"PHF20",0.285853399867997,1.35365662072469e-05
"ENSG00000026025","VIM",2.11967106161626,1.2363713687021e-26,"VIM",0.39512712007214,0.0072800896223102
"ENSG00000026508","CD44",0.890389487769312,5.38422110053115e-30,"CD44",0.497950070952273,2.96845110063224e-14
"ENSG00000028277","POU2F2",0.532920365929418,0.0374464270951492,"POU2F2",0.453821906689622,0.0346595275381265
"ENSG00000030582","GRN",0.680643797191428,9.66894559818481e-07,"GRN",0.746063263641416,3.29595667369756e-10
"ENSG00000032219","ARID4A",0.318765332250849,0.00794499824514254,"ARID4A",0.621341266626672,8.03896292978972e-10
"ENSG00000033100","CHPF2",0.299877483060935,0.0328532561352954,"CHPF2",0.291460872979928,0.0203599239857459
"ENSG00000034677","RNF19A",0.435716147079093,0.00561739210268187,"RNF19A",0.326441828526059,0.0158352773354481
"ENSG00000035862","TIMP2",0.45286790526698,0.000245322372014466,"TIMP2",0.53188275156952,2.94449703838529e-07
"ENSG00000035928","RFC1",0.356977459607374,4.67993207710632e-05,"RFC1",0.240566726861189,0.00159759457350293
"ENSG00000037042","TUBG2",1.11330406520381,1.279776531458e-06,"TUBG2",1.0992415070159,1.62518321933104e-08
"ENSG00000037757","MRI1",0.391581295239416,0.000531615630976496,"MRI1",0.365203704373367,9.34053757231756e-05
"ENSG00000040341","STAU2",0.482462831262824,0.00615461739709642,"STAU2",0.505578920151173,0.000683413342514618
"ENSG00000041880","PARP3",1.63211247328832,6.77578423605243e-16,"PARP3",1.32377372954791,4.44330908202681e-17
"ENSG00000041982","TNC",2.27734031990478,7.34003089364981e-08,"TNC",0.77215595082487,0.000723019230762962
"ENSG00000042445","RETSAT",0.407282013100286,0.000135089347475793,"RETSAT",0.721277776513726,1.21210963372813e-15
"ENSG00000044090","CUL7",0.568763077460428,0.00596032777041916,"CUL7",0.647280442873905,0.000552553917602016
"ENSG00000048471","SNX29",0.377137887557578,0.0395041772449471,"SNX29",0.328235081705006,0.0353012986091917
"ENSG00000048649","RSF1",0.398847247503316,3.70589290588991e-05,"RSF1",0.386891530307687,1.71827363714517e-06
"ENSG00000049245","VAMP3",0.339179668061956,0.00129428453460668,"VAMP3",0.223088168804437,0.0202248940815653
"ENSG00000049323","LTBP1",1.74011889410631,2.65602904831261e-07,"LTBP1",0.573498451802823,0.0082534025777918
"ENSG00000053254","FOXN3",1.38272498256914,1.16874808881914e-22,"FOXN3",0.44458602744998,8.4610859550805e-05
"ENSG00000054148","PHPT1",0.507799987567156,0.00213732552312829,"PHPT1",0.58760368805665,3.25593724028614e-05
"ENSG00000054392","HHAT",0.467598086489934,0.0197780664449053,"HHAT",1.15868783951271,5.91379066040168e-08
"ENSG00000055163","CYFIP2",0.413410864445687,0.027102197147015,"CYFIP2",1.21267609246833,2.80375762404033e-10
"ENSG00000057149","SERPINB3",0.787437070964661,0.0254513591889528,"SERPINB3",0.905680049121983,0.00800017750904874
"ENSG00000062038","CDH3",0.202738629804577,0.0462426335412258,"CDH3",0.556250750353114,5.67607164905831e-12
"ENSG00000064300","NGFR",0.999907462631833,0.0155262651259529,"NGFR",0.940319753581188,0.00643594910053138
"ENSG00000064545","TMEM161A",0.377573727188644,0.00129428453460668,"TMEM161A",0.225558133183653,0.033421043755079
"ENSG00000064607","SUGP2",0.589425633287049,2.47648365018382e-09,"SUGP2",0.467556971176783,1.6351947051719e-08
"ENSG00000064692","SNCAIP",1.37011661490411,0.0013056349390223,"SNCAIP",1.16181681850872,0.000790975823053395
"ENSG00000065357","DGKA",1.27310655325328,4.327902366257e-40,"DGKA",0.636047238523261,1.21210963372813e-15
"ENSG00000065457","ADAT1",0.347765584086722,0.00024317383808363,"ADAT1",0.291996256967453,0.000308215193263708
"ENSG00000065485","PDIA5",0.549485225959286,4.70958163146175e-06,"PDIA5",0.34343881143607,0.000777234902174254
"ENSG00000065534","MYLK",0.567323823186551,0.00480966383344966,"MYLK",1.68764019908825,2.7315780135575e-16
"ENSG00000065882","TBC1D1",0.644725357291024,4.26515819948918e-11,"TBC1D1",0.208063209564755,0.0202315071688068
"ENSG00000065923","SLC9A7",0.598074924034796,2.70179236521824e-08,"SLC9A7",0.503716912085408,8.513070749819e-08
"ENSG00000066468","FGFR2",0.553179111083086,0.00653689201583755,"FGFR2",0.578406549604119,0.00100542273428394
"ENSG00000067365","METTL22",0.655330016470017,0.000311424270670345,"METTL22",0.493893767636181,0.000902381749119599
"ENSG00000068489","PRR11",0.338819630916402,0.0104407884517739,"PRR11",0.341260253763817,0.00223869094817511
"ENSG00000068903","SIRT2",0.475978409617318,0.00714392417981883,"SIRT2",0.545870070271562,0.000563925841089879
"ENSG00000069020","MAST4",0.541055488640189,7.4872887454571e-05,"MAST4",0.982084504920613,3.64198742515832e-16
"ENSG00000069966","GNB5",0.629525103701542,2.10540050192431e-09,"GNB5",0.401610780933059,4.8154305823815e-06
"ENSG00000070081","NUCB2",0.520575252042263,7.32290185101905e-05,"NUCB2",0.27793153038345,0.0138179030816358
"ENSG00000070087","PFN2",0.283125248088196,0.0253459516385731,"PFN2",0.27587701690614,0.0108407278932822
"ENSG00000070729","CNGB1",1.19835818049787,0.00979986322460036,"CNGB1",1.61214451500994,0.000343112106584585
"ENSG00000072195","SPEG",0.521832106372468,0.012231702853591,"SPEG",0.519678333030997,0.00439587881664608
"ENSG00000072778","ACADVL",0.452833129632134,2.15559925894596e-06,"ACADVL",0.313448121952566,0.000141765622882084
"ENSG00000072786","STK10",0.476345397117278,0.00028941575777009,"STK10",0.310717143709197,0.0060240947700423
"ENSG00000073169","SELENOO",0.385021589731172,0.0236919613836816,"SELENOO",0.300996327633833,0.0464767464318147
"ENSG00000074219","TEAD2",1.30873420963348,1.15491101092801e-09,"TEAD2",0.448192466390128,0.00314212412498697
"ENSG00000074621","SLC24A1",0.412868918846147,0.0273956874067892,"SLC24A1",0.561255805305192,0.000861078750444166
"ENSG00000075275","CELSR1",0.859254214881938,1.00496905193556e-06,"CELSR1",0.606990002583422,1.79705377277014e-05
"ENSG00000075340","ADD2",0.466593507957935,0.00963241362770251,"ADD2",0.365320827534689,0.0143428277420972
"ENSG00000075568","TMEM131",0.425357807516435,0.00172542858113173,"TMEM131",0.250276301542875,0.0364285528700132
"ENSG00000076108","BAZ2A",0.351892079593417,0.000743083338691915,"BAZ2A",0.287254328428348,0.00140481935177975
"ENSG00000076641","PAG1",1.22106863668478,2.95408943331442e-10,"PAG1",0.585314691828697,2.99301508235581e-05
"ENSG00000076706","MCAM",2.27047672335341,1.1708596765153e-10,"MCAM",1.38071858666157,1.50082971227566e-06
"ENSG00000077549","CAPZB",0.17956344572562,0.0285220863347932,"CAPZB",0.158447608519268,0.0252811783304162
"ENSG00000078804","TP53INP2",0.546412408286275,0.0102694460872025,"TP53INP2",0.810666034200001,0.000221954768262537
"ENSG00000078900","TP73",0.981270598892956,0.0162754337199954,"TP73",1.89418669475143,4.52119651949223e-05
"ENSG00000079263","SP140",2.75926334055447,1.90535955775028e-19,"SP140",0.456211820885653,0.013345072314288
"ENSG00000079308","TNS1",1.79661845774947,7.08306355418175e-06,"TNS1",0.552102403522257,0.00698326727208429
"ENSG00000079385","CEACAM1",2.10601704962793,5.10309596317734e-09,"CEACAM1",2.49528742320756,4.58329087640903e-15
"ENSG00000079819","EPB41L2",0.723310339675737,3.89022004719026e-13,"EPB41L2",0.349108887787113,3.10957577386936e-05
"ENSG00000081041","CXCL2",1.93525604981809,2.3626676505619e-13,"CXCL2",0.895753785229387,2.06041038483186e-05
"ENSG00000081059","TCF7",2.00032294056399,6.34960531596234e-10,"TCF7",0.498294950113244,0.0104399423804278
"ENSG00000081870","IFT25",0.463645354849727,5.9025244173284e-05,"IFT25",0.315289727513102,0.00122198099185777
"ENSG00000082482","KCNK2",2.27900204576695,1.34324904121242e-05,"KCNK2",0.508686274639762,0.0244395422037913
"ENSG00000082701","GSK3B",0.194354592139317,0.0363935927902417,"GSK3B",0.185035708964354,0.0222749154651966
"ENSG00000084234","APLP2",0.698641876410273,8.11942304396051e-14,"APLP2",0.492890478869869,2.92242592355364e-10
"ENSG00000084693","AGBL5",0.689650841026247,1.09801055356659e-08,"AGBL5",0.555578704577805,3.22584810837054e-08
"ENSG00000085185","BCORL1",1.32776382133793,9.12903829845216e-08,"BCORL1",1.26807489219946,1.14055733372586e-09
"ENSG00000085662","AKR1B1",0.280323759051533,0.00035305331219223,"AKR1B1",0.387498067375605,1.67729404881465e-09
"ENSG00000086570","FAT2",1.54686668715732,9.86319843421853e-06,"FAT2",1.30563855358165,5.16721981481482e-06
"ENSG00000087460","GNAS",0.581000087097514,3.36235998212056e-10,"GNAS",0.35833407333736,5.76181505667394e-06
"ENSG00000088305","DNMT3B",0.580576510822765,0.00124589748280272,"DNMT3B",0.708220968918429,5.89929311470168e-06
"ENSG00000088812","ATRN",0.334477586676241,0.0089189934187011,"ATRN",0.326945943899096,0.00286866916706551
"ENSG00000088826","SMOX",1.53611174380697,6.7461030121922e-11,"SMOX",1.37055760080469,1.58733098211849e-12
"ENSG00000088836","SLC4A11",0.519394045731718,0.0437749209671232,"SLC4A11",0.671836545068341,0.0122823388285824
"ENSG00000088899","LZTS3",0.555870473897533,0.0127842200540226,"LZTS3",0.810665120797013,0.000468948340752901
"ENSG00000089486","CDIP1",0.417480684686596,0.0217963898873254,"CDIP1",1.24698940502193,7.51203299224613e-10
"ENSG00000089693","MLF2",0.606918488958953,9.94780876953292e-11,"MLF2",0.186938848148649,0.0322994624032857
"ENSG00000090097","PCBP4",0.768448171575189,1.20310276658533e-07,"PCBP4",0.631952396640516,2.61673280840897e-07
"ENSG00000090776","EFNB1",1.22175873454957,5.14145788053345e-27,"EFNB1",0.461265964541442,4.56291553676424e-07
"ENSG00000090857","PDPR",0.385546727564367,0.000937651942537512,"PDPR",0.284830606584335,0.00479601346632405
"ENSG00000090863","GLG1",0.246969243282995,0.0152983277401711,"GLG1",0.39112873654188,2.10548550899803e-06
"ENSG00000091073","DTX2",0.57653427873304,0.0001590127700831,"DTX2",0.657845161135892,8.06689233755102e-07
"ENSG00000091136","LAMB1",0.511085036123571,0.00268856308419597,"LAMB1",0.328914703462241,0.0209463030622504
"ENSG00000091592","NLRP1",2.35400110974403,9.38911648222158e-24,"NLRP1",1.48320366663366,5.232487477457e-18
"ENSG00000092421","SEMA6A",1.61334854263073,0.000989382523312532,"SEMA6A",0.76828888785561,0.0086578889377271
"ENSG00000092445","TYRO3",0.450837287574983,0.00183624014121835,"TYRO3",0.41158059104446,0.00132679628410692
"ENSG00000094916","CBX5",0.647444238438619,1.33630155658271e-08,"CBX5",0.536090432296642,1.62518321933104e-08
"ENSG00000095321","CRAT",0.483108666702736,0.0335511484967589,"CRAT",1.2114064422315,9.23779934718034e-05
"ENSG00000095970","TREM2",3.26605364295281,3.53426007402499e-05,"TREM2",4.24944822581873,2.1191407813773e-13
"ENSG00000099194","SCD",1.38065444720209,6.1444841650914e-07,"SCD",0.973464506243854,1.36399907680012e-05
"ENSG00000099250","NRP1",1.59127757116077,4.20986787388813e-15,"NRP1",0.440751103114294,0.00115105038058282
"ENSG00000099260","PALMD",0.626435658526043,0.0342011289008139,"PALMD",0.69973121632997,0.0138204039042617
"ENSG00000099337","KCNK6",0.813833823715465,5.91393213674415e-05,"KCNK6",0.396002952790298,0.0112469645893502
"ENSG00000099889","ARVCF",0.870775133364551,0.0106416653587629,"ARVCF",0.686578471277897,0.00935843618234246
"ENSG00000100034","PPM1F",0.512209013630037,0.000202961670232796,"PPM1F",0.289070738635723,0.0152661679829455
"ENSG00000100075","SLC25A1",0.283584322066107,0.0257289454877545,"SLC25A1",0.232232478481391,0.0409979360049151
"ENSG00000100097","LGALS1",0.842862162204345,6.72195446736995e-13,"LGALS1",0.388603559474568,6.64098613046082e-05
"ENSG00000100196","KDELR3",0.6647767423863,0.000920680394783481,"KDELR3",0.363256432468737,0.0232267667046613
"ENSG00000100280","AP1B1",0.233266053132568,0.0360809488655428,"AP1B1",0.208409274904235,0.0329392595384947
"ENSG00000100316","RPL3",0.323157454846168,0.00529297067699251,"RPL3",0.25205763025094,0.0123206200259325
"ENSG00000100342","APOL1",1.49542563447778,0.000731232984173277,"APOL1",1.89881819512773,3.78801330691578e-05
"ENSG00000100364","KIAA0930",0.426794537616444,1.05360390001013e-05,"KIAA0930",0.548607394068075,1.27481584467658e-11
"ENSG00000100379","KCTD17",0.66254209037847,1.03474572040357e-05,"KCTD17",0.386254052292666,0.00239086298034286
"ENSG00000100485","SOS2",0.386288044641452,0.0119495049641762,"SOS2",0.463104312717624,0.000411116037165724
"ENSG00000100647","SUSD6",0.359209647334427,0.0185393588750435,"SUSD6",0.732988225906028,1.12509349405857e-07
"ENSG00000100731","PCNX1",0.338911293801569,0.00435426603916675,"PCNX1",0.375642805253908,0.000176033800429165
"ENSG00000100814","CCNB1IP1",0.580837396787153,0.000131949427607964,"CCNB1IP1",0.614542751334295,1.6706100419912e-06
"ENSG00000100867","DHRS2",1.24119446790111,0.000494015381929394,"DHRS2",0.601288445580226,0.00841458844319519
"ENSG00000101040","ZMYND8",0.247514355688023,0.0226346525159001,"ZMYND8",0.397597406102792,6.66481344290469e-06
"ENSG00000101236","RNF24",0.702121967226209,9.30405136779054e-08,"RNF24",0.36913394736776,0.000761120668981153
"ENSG00000101384","JAG1",1.22240289706956,5.95825529656323e-08,"JAG1",0.500836223908511,0.00198756672368015
"ENSG00000101400","SNTA1",0.750266386635216,8.36599208483089e-05,"SNTA1",0.30437998617685,0.0483766443602448
"ENSG00000101417","PXMP4",0.341717430533311,0.040252433245471,"PXMP4",0.392725432207965,0.0100431470557403
"ENSG00000101444","AHCY",0.614314536091256,2.02276227168763e-09,"AHCY",0.30088689630224,0.000665535604255619
"ENSG00000102038","SMARCA1",1.14358607397999,3.44699491154241e-06,"SMARCA1",0.993941399024566,1.35749198608799e-05
"ENSG00000102226","USP11",0.447359730952404,0.000356218615024692,"USP11",0.519165587390609,1.20079552833806e-06
"ENSG00000102316","MAGED2",0.302650450289812,0.0253347873130129,"MAGED2",0.324323048385535,0.00536075966950613
"ENSG00000102595","UGGT2",0.309305732478604,0.0326851803113197,"UGGT2",0.387746479755572,0.00145021294539955
"ENSG00000102804","TSC22D1",1.00311691397731,3.15773199560715e-07,"TSC22D1",0.373136907645693,0.0100870181725077
"ENSG00000102882","MAPK3",0.650816001513029,2.95052808597328e-05,"MAPK3",0.806273980729247,1.3777940233262e-08
"ENSG00000103005","USB1",0.38753783026772,0.00146195828644367,"USB1",0.317442554228721,0.00246532529264909
"ENSG00000103202","NME4",0.259679704546134,0.0189243640432761,"NME4",0.217344055596791,0.028449926258939
"ENSG00000103490","PYCARD",1.09268408947838,0.00237786173462778,"PYCARD",1.4242894796199,3.46188195904214e-05
"ENSG00000103876","FAH",0.436747821144801,0.000809431528445199,"FAH",0.391489309105585,0.00044478232258184
"ENSG00000104368","PLAT",2.10515750177252,5.19018135685085e-10,"PLAT",1.53541278126017,3.06180429172199e-10
"ENSG00000104518","GSDMD",2.73823363307082,3.68387809589797e-07,"GSDMD",1.36339090215964,9.27300982399727e-06
"ENSG00000104805","NUCB1",0.455589353523663,0.000364020209780516,"NUCB1",0.307990458286494,0.0057128492995667
"ENSG00000105255","FSD1",1.38681741859258,0.00226436213795472,"FSD1",0.506247741660218,0.0172345932360366
"ENSG00000105290","APLP1",0.662391289964898,0.0047542677679471,"APLP1",1.23903287465336,6.81125613332918e-08
"ENSG00000105329","TGFB1",1.81318047408613,6.18562026312302e-13,"TGFB1",0.344334261933614,0.0377436323256458
"ENSG00000105429","MEGF8",0.551424798551727,0.00615728772276722,"MEGF8",0.753408600833744,7.52139230303521e-05
"ENSG00000105518","TMEM205",0.583825936408883,2.15627719037086e-05,"TMEM205",0.368097361708892,0.00143565216048029
"ENSG00000105835","NAMPT",0.928612073126587,1.62167268307257e-05,"NAMPT",0.519660199662681,0.00145021294539955
"ENSG00000105887","MTPN",0.22970511616505,0.000414428214503863,"MTPN",0.171706456407338,0.00284649544406155
"ENSG00000105928","GSDME",0.770751128791723,2.35623948885523e-09,"GSDME",0.276258005102846,0.0118155810419115
"ENSG00000106031","HOXA13",1.25855514919436,0.00784238598669373,"HOXA13",0.619114664869695,0.0237016456323981
"ENSG00000106261","ZKSCAN1",0.246258616254067,0.013580241752986,"ZKSCAN1",0.346377231006602,2.88793660824762e-05
"ENSG00000106330","MOSPD3",0.427815925918769,0.00253103572682911,"MOSPD3",0.659381627658293,2.24766574205664e-07
"ENSG00000106665","CLIP2",1.94767725427055,3.17414278811422e-07,"CLIP2",1.03406825768281,1.89868351673118e-05
"ENSG00000106789","CORO2A",1.41900933414391,1.84783836226684e-24,"CORO2A",1.24110482378863,4.55001146773602e-28
"ENSG00000106799","TGFBR1",0.862004134753447,2.46334461574839e-10,"TGFBR1",0.541896725323327,8.29592952469917e-07
"ENSG00000107105","ELAVL2",0.280266952647252,0.0242152998689487,"ELAVL2",0.258903957785533,0.0156870529037277
"ENSG00000107186","MPDZ",0.321769896681587,0.0242975106790353,"MPDZ",0.289398164000664,0.0187190904568983
"ENSG00000107331","ABCA2",0.544424271909244,0.0174678080141834,"ABCA2",0.40544115374405,0.0315702425934959
"ENSG00000107874","CUEDC2",0.44676770047698,0.00177302150248545,"CUEDC2",0.40148082768345,0.000876634128975333
"ENSG00000107882","SUFU",0.355292184996657,0.0212650323692115,"SUFU",0.350073411450903,0.00944888562994824
"ENSG00000107957","SH3PXD2A",2.04073958893747,2.70940013662314e-12,"SH3PXD2A",0.793964669858656,0.000281410447243897
"ENSG00000108175","ZMIZ1",0.73433365814183,5.14919265576292e-05,"ZMIZ1",0.401427171011002,0.0055984834048887
"ENSG00000108219","TSPAN14",0.391617229876212,7.32290185101905e-05,"TSPAN14",0.326710104072399,0.000130229332826391
"ENSG00000108342","CSF3",2.11718992957608,8.7695908884924e-12,"CSF3",1.18141069383015,4.03802088811988e-06
"ENSG00000108370","RGS9",0.910537789823932,0.0178621094747289,"RGS9",1.92043518616581,2.4854835057369e-06
"ENSG00000108384","RAD51C",0.292498145181729,0.0408792981564339,"RAD51C",0.392660585412606,0.000949561591185022
"ENSG00000108515","ENO3",0.847354462066544,0.0260066626487185,"ENO3",1.51508886344543,0.000578100682318369
"ENSG00000108641","B9D1",0.695699782322044,0.000249521417393021,"B9D1",0.557533391956213,0.000197933344910451
"ENSG00000108784","NAGLU",0.541643096247034,0.00742087857780426,"NAGLU",0.398322287443994,0.0160635517388967
"ENSG00000108797","CNTNAP1",2.39887567580537,2.90320401264475e-07,"CNTNAP1",1.29582513850155,9.76342154672293e-06
"ENSG00000108813","DLX4",0.477312442515218,0.0446906165847708,"DLX4",1.40825746726576,8.57085154736752e-06
"ENSG00000108846","ABCC3",0.682015228901711,0.00317979261827354,"ABCC3",0.465106957852101,0.0105148992548449
"ENSG00000108852","MPP2",1.57819422315843,6.43684880974508e-06,"MPP2",0.634215835697634,0.00308047852935724
"ENSG00000109062","NHERF1",0.483203154695717,2.39951494589777e-05,"NHERF1",0.422691376220809,2.32983178224566e-05
"ENSG00000109103","UNC119",0.296557043788443,0.0303636498733162,"UNC119",0.39496074974724,0.000747247963383442
"ENSG00000109107","ALDOC",1.11287343415084,0.00253103572682911,"ALDOC",0.998075387428888,0.00101355250827632
"ENSG00000109321","AREG",1.26260668632208,1.94081185313403e-10,"AREG",0.570917330016114,0.000163035067975373
"ENSG00000109511","ANXA10",1.59629011082069,0.00369357931932566,"ANXA10",0.659766681440044,0.0247161202136792
"ENSG00000109667","SLC2A9",0.746485962178193,0.00171647250837599,"SLC2A9",0.999506229313352,4.46363282492731e-06
"ENSG00000109670","FBXW7",0.286967278916779,0.00180737841617743,"FBXW7",0.570412174145705,3.79009895693005e-14
"ENSG00000110031","LPXN",2.16040586453651,8.00980913926564e-18,"LPXN",0.775678949308176,3.88308638412133e-05
"ENSG00000110400","NECTIN1",0.90097709193805,2.02050374573752e-13,"NECTIN1",0.282533764512541,0.00626687626281693
"ENSG00000110427","KIAA1549L",0.518799847895753,0.00153402979724897,"KIAA1549L",0.347058091133637,0.0101297776889457
"ENSG00000110455","ACCS",0.555700902669248,0.0220721497904346,"ACCS",0.514464156194999,0.0185456589629862
"ENSG00000110841","PPFIBP1",0.693593221933909,2.62529277735307e-08,"PPFIBP1",0.455103595977992,9.59429280831562e-06
"ENSG00000110881","ASIC1",0.668191922983321,0.000919903787484234,"ASIC1",0.533777830095274,0.00225574240732577
"ENSG00000110888","CAPRIN2",0.659048902503112,4.53470924963006e-05,"CAPRIN2",0.540250330297137,4.14902840669284e-05
"ENSG00000111012","CYP27B1",1.80396678408049,3.50564501023168e-05,"CYP27B1",0.53100899960401,0.0219385820775824
"ENSG00000111817","DSE",0.75960802193486,1.99206956484981e-08,"DSE",0.685866359565404,1.48565464074137e-09
"ENSG00000111846","GCNT2",0.884021160380461,0.00706116048554843,"GCNT2",0.806612938127563,0.00733478048276772
"ENSG00000112343","TRIM38",0.277484526945317,0.0207171980873652,"TRIM38",0.626230350682433,1.4670396900394e-09
"ENSG00000112655","PTK7",0.938076881669582,2.59199083041582e-06,"PTK7",0.521956832131131,0.000642998650501387
"ENSG00000112659","CUL9",1.00631998557119,1.02365824740006e-05,"CUL9",0.855314203890842,2.99557711227446e-06
"ENSG00000112667","DNPH1",0.268764720787787,0.0494987383417976,"DNPH1",0.515745702115993,6.53803739804886e-06
"ENSG00000112773","TENT5A",0.358952131900203,0.0202971587258353,"TENT5A",0.586330394904667,2.68863393274125e-05
"ENSG00000113070","HBEGF",0.879738877136815,0.000130099645724896,"HBEGF",0.431038140544514,0.0109834405142774
"ENSG00000113300","CNOT6",0.213834889738878,0.0203158513345911,"CNOT6",0.308687142617805,4.52015261125679e-05
"ENSG00000113328","CCNG1",0.332987395526914,0.00964672932878047,"CCNG1",0.513458532088811,2.32176748483524e-06
"ENSG00000113658","SMAD5",0.241522132801586,0.00178511717194061,"SMAD5",0.259763998888647,5.85606539020657e-05
"ENSG00000114270","COL7A1",2.03002153943008,6.96526688213465e-08,"COL7A1",1.80902023466164,3.6554762610268e-10
"ENSG00000114779","ABHD14B",0.496862136814527,0.00179440703335456,"ABHD14B",0.583712407464874,2.61444950440514e-05
"ENSG00000115008","IL1A",1.04486189914816,1.67764730287709e-07,"IL1A",0.352066143479158,0.0171130444342934
"ENSG00000115194","SLC30A3",1.99928196337616,0.00143582633630095,"SLC30A3",1.63511981875679,1.78650332485273e-05
"ENSG00000115204","MPV17",0.569653228530866,4.75829421775364e-06,"MPV17",0.566039790897881,5.70380140800971e-08
"ENSG00000115425","PECR",0.366973711708322,0.0414670858596117,"PECR",0.38502194929832,0.0134127886772989
"ENSG00000115457","IGFBP2",2.43669844676337,2.25808371343594e-09,"IGFBP2",2.32032652173442,2.19612863191635e-12
"ENSG00000115677","HDLBP",0.296185032912099,0.00245711400683251,"HDLBP",0.356572943338395,1.09275931531177e-05
"ENSG00000116016","EPAS1",0.304874125770768,0.0181680325731713,"EPAS1",0.310597405598188,0.00493454613239984
"ENSG00000116299","ELAPOR1",0.6939350549012,0.00221266234129145,"ELAPOR1",0.344080464729198,0.0363301295914503
"ENSG00000116497","S100PBP",0.340302715215935,0.00568595337469311,"S100PBP",0.306243145942385,0.0029274486414617
"ENSG00000116717","GADD45A",0.309607070292079,0.0276543224747371,"GADD45A",0.266857999386053,0.0295237141707504
"ENSG00000116729","WLS",0.648192362520961,1.7997358180099e-05,"WLS",0.40468288732242,0.00108432843596106
"ENSG00000116754","SRSF11",0.413463868138334,1.34090201888048e-08,"SRSF11",0.178039068993575,0.00733848953590117
"ENSG00000117266","CDK18",1.09596571525578,0.000571672379699857,"CDK18",1.81766230760407,1.2068699423792e-10
"ENSG00000117280","RAB29",0.656684221036912,1.10255781039318e-07,"RAB29",0.445832152719956,1.41928896606551e-05
"ENSG00000117298","ECE1",0.328631820451874,0.00655465395110483,"ECE1",0.325062612054084,0.0016246016717154
"ENSG00000117385","P3H1",0.667832125485789,0.000295478508720745,"P3H1",0.319563365432455,0.0315864131276529
"ENSG00000118402","ELOVL4",0.604837417719372,0.000254156189505279,"ELOVL4",0.350527585950054,0.00970517833603715
"ENSG00000118503","TNFAIP3",0.529869490138783,0.00106180547249377,"TNFAIP3",0.783614953195623,5.99921677544317e-08
"ENSG00000119227","PIGZ",0.495927416839596,0.049798233181811,"PIGZ",1.76791396611464,2.6683945704734e-07
"ENSG00000119522","DENND1A",0.510473121038605,0.000189011265416693,"DENND1A",0.530751118405592,3.3953454616226e-06
"ENSG00000119630","PGF",2.10959487784187,1.75390834359e-07,"PGF",1.3472516517858,8.5219455666386e-07
"ENSG00000119632","IFI27L2",1.34828671996596,5.00661512589595e-13,"IFI27L2",1.11653404084586,1.10316099792409e-13
"ENSG00000119681","LTBP2",2.17674540478737,9.49473273933025e-25,"LTBP2",0.488468767209115,0.0012933580571085
"ENSG00000119772","DNMT3A",0.754144985109518,2.47399010364556e-06,"DNMT3A",0.452380193012129,0.000498946785781419
"ENSG00000119927","GPAM",1.61252440629425,4.60427757836988e-21,"GPAM",0.491474712802855,0.000222381688471527
"ENSG00000120549","KIAA1217",0.528813723910971,0.000276060040651583,"KIAA1217",0.513038545095281,2.79378887399748e-05
"ENSG00000120725","SIL1",0.272283488847139,0.025158479702927,"SIL1",0.342757611568173,0.00084954041504693
"ENSG00000121753","ADGRB2",2.41184508271784,0.000576737364660645,"ADGRB2",0.918937812800313,0.00502550752809357
"ENSG00000121766","ZCCHC17",0.299475754427378,0.00408316392059344,"ZCCHC17",0.202232224677715,0.030459166437791
"ENSG00000122378","PRXL2A",0.614090322114023,0.00339105138176999,"PRXL2A",1.44948358401466,3.47101302543952e-12
"ENSG00000122483","CCDC18",0.338841832514529,0.0159838367346414,"CCDC18",0.289764798919854,0.016206387938709
"ENSG00000122515","ZMIZ2",0.285971485615609,0.0421304323948103,"ZMIZ2",0.403577482299073,0.00104643890438005
"ENSG00000122550","KLHL7",0.367801227661157,0.0246777376839071,"KLHL7",0.313585187740784,0.0244395422037913
"ENSG00000122678","POLM",1.18685895973752,1.5253330062067e-09,"POLM",0.333293450981205,0.0172775945467123
"ENSG00000122694","GLIPR2",0.432409348517438,0.0385084272474795,"GLIPR2",0.613491957000344,0.00349996304572108
"ENSG00000122861","PLAU",4.06007963355989,1.98090506838491e-19,"PLAU",1.41519567832395,5.54239574955442e-06
"ENSG00000122862","SRGN",1.24923085538722,0.000151010935135074,"SRGN",0.86598528747858,0.00141006921517783
"ENSG00000122870","BICC1",0.616681898192781,0.00283246638588773,"BICC1",0.374062900171429,0.0213359864860229
"ENSG00000122966","CIT",0.504110350642138,0.0018180709962683,"CIT",0.472543875986786,0.000467811487189355
"ENSG00000123104","ITPR2",0.564900836068913,0.00116449727917293,"ITPR2",0.42543580529835,0.00308715773377781
"ENSG00000123352","SPATS2",0.643699618371712,1.35074466300236e-09,"SPATS2",0.308334699380704,0.000613213566200102
"ENSG00000123358","NR4A1",2.5001498136607,0.000305821459903425,"NR4A1",2.38726487828332,7.4266397336769e-07
"ENSG00000123384","LRP1",1.36178089538456,1.80163310152726e-06,"LRP1",2.39312589236592,3.83093844444835e-21
"ENSG00000123415","SMUG1",0.395581713841682,0.00692884257036537,"SMUG1",0.268027716832604,0.0349479618103557
"ENSG00000123636","BAZ2B",0.252007726639429,0.0326815023649253,"BAZ2B",0.363191829759416,0.000208063378443962
"ENSG00000123892","RAB38",0.804305378537612,0.000461365839756969,"RAB38",0.393639475656364,0.0209337266092007
"ENSG00000124067","SLC12A4",0.761979623695547,5.5885561474161e-05,"SLC12A4",0.480556051544836,0.000888667230603262
"ENSG00000124098","FAM210B",0.294720407012864,0.020201406145747,"FAM210B",0.31538038482209,0.00355248188552001
"ENSG00000124145","SDC4",0.55831927818292,6.35993439482746e-13,"SDC4",0.44938341485623,6.54142055490879e-12
"ENSG00000124177","CHD6",0.376526620266552,0.0017557695481273,"CHD6",0.40685112137927,5.16378980918258e-05
"ENSG00000124181","PLCG1",0.55108508043407,0.000444477203705345,"PLCG1",0.288416763168987,0.0274390905547521
"ENSG00000124191","TOX2",2.33542226948756,5.93826584216117e-13,"TOX2",1.08286669442873,7.55308355468134e-07
"ENSG00000124214","STAU1",0.327016122641268,4.53470924963006e-05,"STAU1",0.176247017321346,0.015989092346071
"ENSG00000124216","SNAI1",1.20283496147341,0.000289517987041305,"SNAI1",0.600551443378963,0.00655107190871942
"ENSG00000124222","STX16",0.416191877147003,0.000112603074567496,"STX16",0.569547661914937,1.2968817577086e-10
"ENSG00000124243","BCAS4",0.540475549806646,3.90391513789532e-06,"BCAS4",0.746829251561706,9.44465308260877e-14
"ENSG00000124570","SERPINB6",0.464551188422771,2.37980404762414e-06,"SERPINB6",0.227290932857647,0.00963819366064174
"ENSG00000124762","CDKN1A",0.472357024386127,0.00832863207008135,"CDKN1A",1.17042718738031,3.89310189660789e-11
"ENSG00000124783","SSR1",0.231389467783804,0.00210101917949385,"SSR1",0.138865659307991,0.0448162214881313
"ENSG00000124882","EREG",1.77836117294083,0.000708435945411062,"EREG",1.5194047122467,0.000473780062420535
"ENSG00000125170","DOK4",0.809563366439527,0.00393596232923064,"DOK4",0.518864153508313,0.0151049399220026
"ENSG00000125347","IRF1",0.435619512165374,0.0128296878636882,"IRF1",1.05436575387012,6.42198324215094e-10
"ENSG00000125398","SOX9",1.01296143297695,4.19461816799179e-05,"SOX9",0.365934301647382,0.0307872600188209
"ENSG00000125505","MBOAT7",0.418022585005218,0.000931491776611015,"MBOAT7",0.31277076615532,0.00483616059112385
"ENSG00000125538","IL1B",2.08073835771259,0.000198344112420311,"IL1B",0.714241670781897,0.0169829451187082
"ENSG00000125657","TNFSF9",0.660004026432814,0.00330642783160175,"TNFSF9",0.568009293551399,0.00100212348598017
"ENSG00000125676","THOC2",0.195657380357309,0.0317724192298382,"THOC2",0.238064912110677,0.00158956099831673
"ENSG00000125726","CD70",2.27085657912782,8.30133817769955e-14,"CD70",1.37153774667337,1.0070953329281e-08
"ENSG00000125740","FOSB",0.577273932820181,0.0408425514625474,"FOSB",0.654033681416228,0.015989092346071
"ENSG00000125772","GPCPD1",0.49804293774982,0.000226874095070618,"GPCPD1",0.65793784523807,1.64423222806862e-08
"ENSG00000125864","BFSP1",1.22368605535634,5.31637608967536e-05,"BFSP1",1.04019952040693,3.52957230838454e-05
"ENSG00000125871","MGME1",0.403543049009997,1.41452912329191e-05,"MGME1",0.218137138379704,0.00749768631269644
"ENSG00000126070","AGO3",0.334887148631125,0.00684561299835635,"AGO3",0.267368223417533,0.0144056460007036
"ENSG00000126088","UROD",0.77382467281666,1.45666452683138e-08,"UROD",0.365282048554214,0.00102416592108589
"ENSG00000126603","GLIS2",0.907926518269333,0.000623432724435707,"GLIS2",0.554030127899545,0.00392335781630689
"ENSG00000126822","PLEKHG3",0.328497147019316,0.00677686318207608,"PLEKHG3",0.286941889632262,0.00655107190871942
"ENSG00000127483","HP1BP3",0.370102484776519,0.000554827594075491,"HP1BP3",0.513514104882724,6.31014330798618e-09
"ENSG00000127603","MACF1",0.466381564537059,0.000910339292917434,"MACF1",0.288387899885968,0.0173050513834346
"ENSG00000127946","HIP1",0.416591130091719,0.000910722465990376,"HIP1",0.449766647799511,1.5726113812798e-05
"ENSG00000128191","DGCR8",0.41964885419003,0.0127659439560048,"DGCR8",0.354709015832497,0.0122608217339829
"ENSG00000128340","RAC2",1.18435896681928,4.81795862462197e-27,"RAC2",0.627396143658689,2.73735680304133e-12
"ENSG00000128342","LIF",0.567734786420619,0.0342657915833656,"LIF",0.953667504478831,0.00142020942225241
"ENSG00000128487","SPECC1",0.501238162814984,1.9618398983242e-05,"SPECC1",0.269005290651589,0.00845078160833306
"ENSG00000128510","CPA4",1.5618211467143,0.000100164117878384,"CPA4",1.04908338019096,0.00104615676862017
"ENSG00000128805","ARHGAP22",0.91444430938053,7.06956001284687e-06,"ARHGAP22",0.530184508800449,0.000517128185470873
"ENSG00000128881","TTBK2",0.736033073801803,1.95144197347915e-07,"TTBK2",0.40026497884641,0.000470966123345282
"ENSG00000128928","IVD",0.597622193750524,1.9381884431237e-08,"IVD",0.489575317435418,1.35920695258949e-07
"ENSG00000129003","VPS13C",0.465537506747501,0.00395298103098473,"VPS13C",0.52383509363632,0.000162809421282106
"ENSG00000129675","ARHGEF6",0.879795372537503,0.0186078296375454,"ARHGEF6",0.898534860132121,0.0091946371825473
"ENSG00000129925","PGAP6",0.484621592159175,0.00236407453100254,"PGAP6",0.426161858330216,0.0023664517297116
"ENSG00000130066","SAT1",1.61863377676458,4.79115041140301e-29,"SAT1",1.11737339614795,2.49021045796766e-20
"ENSG00000130164","LDLR",0.431973665635076,0.00283446157787059,"LDLR",0.379895730034829,0.00183376395805784
"ENSG00000130202","NECTIN2",1.17990957945789,8.19560606918732e-11,"NECTIN2",0.426236359959921,0.00179739433235425
"ENSG00000130304","SLC27A1",1.63322828181544,0.000121662408609332,"SLC27A1",0.636414481035981,0.00815074227941207
"ENSG00000130449","ZSWIM6",0.381218672903897,0.00264010765911012,"ZSWIM6",0.302005810116413,0.00669533551622193
"ENSG00000130513","GDF15",1.2477755808429,5.16545384358362e-08,"GDF15",1.72275889177514,2.67973365456283e-20
"ENSG00000130520","LSM4",0.240618082642894,0.0258098566459499,"LSM4",0.221222619843416,0.0180670737290982
"ENSG00000130600","H19",2.28841333867401,3.14280057229169e-06,"H19",1.36391041205741,0.000274341278834678
"ENSG00000130675","MNX1",0.881420283201974,0.000648637173413423,"MNX1",0.364913218666787,0.0346715026000006
"ENSG00000130703","OSBPL2",0.232710270340136,0.0232255120497312,"OSBPL2",0.418895195824449,1.49074268819983e-06
"ENSG00000130766","SESN2",0.583073508577083,0.000466691835940962,"SESN2",0.354622778930813,0.0100650853813387
"ENSG00000130770","ATP5IF1",0.379999530806728,0.000972151397919891,"ATP5IF1",0.65070600717143,1.39856220740089e-11
"ENSG00000130813","SHFL",0.395117992341999,0.0265207130435287,"SHFL",0.40019319952358,0.00899860404761347
"ENSG00000131015","ULBP2",0.504773746343293,0.0435535508642091,"ULBP2",1.69941469097505,3.62261141187306e-07
"ENSG00000131080","EDA2R",0.458216212427501,0.00413977045639531,"EDA2R",0.978719152196426,1.59519567092048e-11
"ENSG00000131374","TBC1D5",0.282127978355254,0.0273956874067892,"TBC1D5",0.376499443207115,0.000442073258241158
"ENSG00000131435","PDLIM4",0.547595138538123,1.67852709932036e-09,"PDLIM4",0.307621306901647,0.000107837826908861
"ENSG00000131459","GFPT2",0.629861922065092,0.026096352148668,"GFPT2",1.17866262032316,4.63336257562585e-05
"ENSG00000131558","EXOC4",0.757244565751893,3.52854592987835e-10,"EXOC4",0.580117210882704,1.46137427157751e-08
"ENSG00000131669","NINJ1",0.561231581826381,2.57875930594436e-06,"NINJ1",0.577296399000071,1.08617873195267e-08
"ENSG00000132024","CC2D1A",0.398932279286279,0.0063429042922684,"CC2D1A",0.380484323808056,0.00214486990857641
"ENSG00000132031","MATN3",1.07880167941396,0.00174428861517129,"MATN3",0.97625368246541,0.00100497057542798
"ENSG00000132185","FCRLA",2.78925746509652,8.22728785648131e-07,"FCRLA",2.07216355708147,3.46546292275643e-08
"ENSG00000132254","ARFIP2",0.423697174766136,0.000518463032228137,"ARFIP2",0.222379564258395,0.0443856160802157
"ENSG00000132334","PTPRE",0.652314120957565,0.00050260404816475,"PTPRE",0.305829389855106,0.0414547768815155
"ENSG00000132470","ITGB4",0.761162640198843,2.24563875542515e-08,"ITGB4",0.424006616910147,0.00015630703761736
"ENSG00000132535","DLG4",2.78877506671231,1.94081185313403e-10,"DLG4",1.1439616021181,2.23285346245439e-05
"ENSG00000132635","PCED1A",0.624694001033515,0.000153980311323425,"PCED1A",0.793418837402788,5.33446286278189e-08
"ENSG00000132718","SYT11",0.967897314719193,0.00716402026018196,"SYT11",0.800769287614492,0.00617027443299531
"ENSG00000132842","AP3B1",0.227953226275207,0.0465991008123625,"AP3B1",0.281620041685605,0.00349996304572108
"ENSG00000133069","TMCC2",0.795033301004164,0.00296906579725243,"TMCC2",0.485824629444083,0.0147149378318783
"ENSG00000133114","GPALPP1",0.453968829609656,0.00067027387350906,"GPALPP1",0.274016785383208,0.0174707673846915
"ENSG00000133131","MORC4",0.376635753397492,0.000383109758335395,"MORC4",0.338434160287797,0.000184521149526343
"ENSG00000133195","SLC39A11",0.732794033579781,0.000480180718453891,"SLC39A11",0.499000496331651,0.00226665542454829
"ENSG00000133216","EPHB2",1.73413673783793,1.9728460260874e-18,"EPHB2",0.574476223390927,0.000118669122697546
"ENSG00000133247","KMT5C",0.690858860403313,0.000137045719889618,"KMT5C",0.846008882924691,1.02991689550466e-07
"ENSG00000133321","PLAAT4",0.659856521968193,0.0397542208658446,"PLAAT4",0.771285650071395,0.0108722711266306
"ENSG00000133466","C1QTNF6",1.21242838620516,3.88504603282292e-05,"C1QTNF6",1.33033925562974,8.34535874144286e-08
"ENSG00000133619","KRBA1",0.536583756613875,0.010470878468901,"KRBA1",0.43750250592701,0.0148131754076593
"ENSG00000133794","BMAL1",0.594433711318611,4.15602540481409e-06,"BMAL1",0.353113217812809,0.00116754507156017
"ENSG00000133858","ZFC3H1",0.367193559668488,0.000630916378712743,"ZFC3H1",0.329979955402149,0.000299866765293824
"ENSG00000134013","LOXL2",1.38290258652961,8.32731559944026e-14,"LOXL2",0.578007953171952,4.27210302862357e-05
"ENSG00000134072","CAMK1",0.467824506510008,0.0288936903728372,"CAMK1",1.2189957157486,8.73049963282069e-05
"ENSG00000134107","BHLHE40",0.437672894089798,0.0229191222048308,"BHLHE40",0.509562517205819,0.00264903186658468
"ENSG00000134242","PTPN22",2.38338103803877,1.91937948191243e-09,"PTPN22",1.65153884345479,7.03451888171209e-11
"ENSG00000134287","ARF3",0.359268465021495,3.0425386017825e-06,"ARF3",0.26011317889918,0.000115097531679241
"ENSG00000134363","FST",3.44914576877789,1.31375964529905e-05,"FST",1.40821573985169,0.000150237238851984
"ENSG00000134369","NAV1",0.838094493958873,5.29911244540401e-08,"NAV1",0.346263647606615,0.00539050943986775
"ENSG00000134574","DDB2",1.54243518172213,3.07281885500816e-47,"DDB2",1.25171399687332,1.69491813961031e-49
"ENSG00000134759","ELP2",0.380332577164918,0.000296571817362243,"ELP2",0.225008605142509,0.0167777753003778
"ENSG00000134775","FHOD3",1.67163824892006,1.80317973154398e-09,"FHOD3",0.862540928412102,5.92369611666979e-05
"ENSG00000135074","ADAM19",3.38187442945403,2.46933750389795e-13,"ADAM19",0.575651078439866,0.0133683772794967
"ENSG00000135083","CCNJL",3.39479495244208,3.43258873712087e-11,"CCNJL",0.841157992934099,0.00105304918729118
"ENSG00000135250","SRPK2",0.517454462427804,6.34917857946153e-13,"SRPK2",0.238592022958513,0.000239999432900893
"ENSG00000135297","MTO1",0.312107788228277,0.0346018490788549,"MTO1",0.318578454054492,0.0122116828254489
"ENSG00000135414","GDF11",1.61838211144065,4.03548457132086e-28,"GDF11",0.456247223179116,4.26021777759995e-05
"ENSG00000135452","TSPAN31",0.526722960929486,0.00908461214113067,"TSPAN31",0.546715754211567,0.00257195693544072
"ENSG00000135899","SP110",0.201556236096973,0.0198851694462995,"SP110",0.488412957652795,2.26902178181711e-12
"ENSG00000136002","ARHGEF4",0.430884763584651,0.0195729935794095,"ARHGEF4",0.520122760466539,0.00147943108043699
"ENSG00000136048","DRAM1",0.387202793377545,0.00292552544598484,"DRAM1",0.260409563414558,0.0270812642646016
"ENSG00000136114","THSD1",0.914453269868539,2.55080754827676e-07,"THSD1",0.817250039426435,5.20026798887497e-09
"ENSG00000136156","ITM2B",0.372251877417664,6.62408348462468e-05,"ITM2B",0.543423087304419,2.02211479455607e-12
"ENSG00000136244","IL6",3.83941176118738,7.83525689036403e-09,"IL6",2.11751710591687,8.56682162007556e-10
"ENSG00000136295","TTYH3",0.917640692634508,6.91077140959032e-10,"TTYH3",0.726847745977039,3.03143396733304e-09
"ENSG00000136854","STXBP1",0.305605153318941,0.0280937101454729,"STXBP1",0.313537305948873,0.00990980490183529
"ENSG00000136869","TLR4",2.35231546244912,1.03156303483261e-05,"TLR4",0.578500608174126,0.0138179030816358
"ENSG00000136943","CTSV",0.577886871613723,1.18810818317776e-05,"CTSV",0.768877464671679,3.14940432490149e-11
"ENSG00000137074","APTX",0.239502847202356,0.0107157831887518,"APTX",0.321448390480838,3.51502834927893e-05
"ENSG00000137094","DNAJB5",2.17956815641994,4.59089386664148e-10,"DNAJB5",1.10777057658887,9.77971615699743e-07
"ENSG00000137288","UQCC2",0.413196953739205,0.0151928825726728,"UQCC2",0.46717059194348,0.00125457143357484
"ENSG00000137393","RNF144B",0.693230867138727,7.74107155069186e-09,"RNF144B",0.914589909327044,2.58118687614378e-18
"ENSG00000137478","FCHSD2",0.515698162240643,0.000571672379699857,"FCHSD2",0.341007107007017,0.00557590396123803
"ENSG00000137486","ARRB1",0.93089733241404,0.00914402600443695,"ARRB1",1.06464472227579,0.000902381749119599
"ENSG00000137500","CCDC90B",0.290751596989199,0.0306402638751234,"CCDC90B",0.30748678850799,0.00759859401878081
"ENSG00000137501","SYTL2",0.943861792580438,0.000142709490237687,"SYTL2",1.92704041497582,6.07909077565594e-16
"ENSG00000137509","PRCP",0.664275365713427,4.67708229756726e-10,"PRCP",0.391005160174445,1.92660433276923e-05
"ENSG00000138101","DTNB",0.510582704284134,0.00505612092858748,"DTNB",0.421315758826316,0.0063170816582383
"ENSG00000138336","TET1",0.706557135510536,0.00818624306251947,"TET1",0.460208331264108,0.0340237226650202
"ENSG00000138380","CARF",0.809922123966235,0.00346711594338047,"CARF",0.753373035297397,0.00140847431326879
"ENSG00000138443","ABI2",0.714610623215227,2.56008503860469e-11,"ABI2",0.192766751519141,0.0449765442074739
"ENSG00000138759","FRAS1",0.773759169021168,0.0091409097748034,"FRAS1",0.905941584303527,0.00200336651913362
"ENSG00000138835","RGS3",1.36097709417024,1.13311767293555e-05,"RGS3",0.887855229207005,4.80022805819994e-05
"ENSG00000139266","MARCHF9",0.494440325337448,0.0198406068493555,"MARCHF9",0.431080817767875,0.0126547509689154
"ENSG00000139318","DUSP6",1.17140156021389,7.55620105978587e-09,"DUSP6",0.616149023722422,7.05770256518273e-05
"ENSG00000139624","CERS5",0.340275293545238,0.0160045854854914,"CERS5",0.25705670648309,0.0319980943510969
"ENSG00000139687","RB1",0.19454059385769,0.0437540508749055,"RB1",0.195210358507553,0.019476478568764
"ENSG00000140022","STON2",0.519226870167758,0.00522614196347447,"STON2",0.789873057194124,6.10741525294677e-06
"ENSG00000140043","PTGR2",1.15202287656376,9.74145760259472e-05,"PTGR2",0.818423394696875,0.000385161847077735
"ENSG00000140379","BCL2A1",1.07968842943208,0.00791999543948333,"BCL2A1",0.656304079616712,0.0137729537649201
"ENSG00000140464","PML",0.42782533391392,0.000159919878226999,"PML",0.536325257915352,3.59442207822923e-08
"ENSG00000140682","TGFB1I1",1.59080459913736,2.55140090252644e-12,"TGFB1I1",0.361369726514586,0.0182398708046403
"ENSG00000140718","FTO",0.564722867545789,6.07676168112327e-05,"FTO",0.361480993412273,0.00205544606007637
"ENSG00000140848","CPNE2",0.892544395318422,1.51900598311389e-10,"CPNE2",0.241659990224842,0.0367662591336146
"ENSG00000140931","CMTM3",1.6356147337013,2.35354931573393e-05,"CMTM3",0.647231419981965,0.0031020965413019
"ENSG00000140945","CDH13",1.14194931070327,6.99687910959327e-10,"CDH13",1.10561913296036,1.71638035065069e-12
"ENSG00000140950","MEAK7",0.262735176707348,0.0098347121879493,"MEAK7",0.272474076802361,0.00181294673169155
"ENSG00000141252","VPS53",0.259256205631256,0.0402544856434769,"VPS53",0.255438341970951,0.0207827806250567
"ENSG00000141258","SGSM2",0.318937002362056,0.0405083170826517,"SGSM2",0.854860297019785,4.80968847961832e-09
"ENSG00000141349","G6PC3",0.492537510135155,1.31375964529905e-05,"G6PC3",0.40241327390035,2.76857722587956e-05
"ENSG00000141429","GALNT1",0.275908858970542,0.00181541721558633,"GALNT1",0.186759074439217,0.0193503800688279
"ENSG00000141551","CSNK1D",0.3412865890833,0.000138714705885208,"CSNK1D",0.215867763884486,0.00662091634773673
"ENSG00000141622","ARK2C",0.367643682907772,0.0137073719315245,"ARK2C",0.468395959512904,0.000268748461243232
"ENSG00000141627","DYM",0.316486477749392,0.0055174651089257,"DYM",0.238779422503674,0.0176522899217251
"ENSG00000141682","PMAIP1",1.33719281218019,2.34120243545983e-16,"PMAIP1",0.315796056506798,0.00698528766060204
"ENSG00000141738","GRB7",1.1158871963632,1.10866326707198e-05,"GRB7",0.650236328515164,0.000441190653010669
"ENSG00000142089","IFITM3",1.19090259521754,0.00217853504431988,"IFITM3",1.21240190483932,0.00166993481339837
"ENSG00000142102","PGGHG",0.996432955787324,0.00235121972277437,"PGGHG",1.45221760469786,2.5528550586308e-06
"ENSG00000142156","COL6A1",0.499362683920793,0.0228548682022579,"COL6A1",0.583567577878046,0.00813713844837693
"ENSG00000142185","TRPM2",1.5402236830583,0.00436676580489945,"TRPM2",0.879522378904093,0.0105880963914745
"ENSG00000142192","APP",0.422836972775605,9.76838866218858e-07,"APP",0.401107383639797,2.77638507633287e-08
"ENSG00000142197","DOP1B",0.57833462443301,0.00229117514129731,"DOP1B",1.50177089983866,8.79140719478359e-16
"ENSG00000142207","URB1",0.799370308318154,6.46565167276823e-18,"URB1",0.209382934638842,0.0133759398100362
"ENSG00000142408","CACNG8",0.982099097291215,0.015578788673019,"CACNG8",1.32438914630901,0.00156111487750955
"ENSG00000142459","EVI5L",0.645684834156618,0.00423450812399985,"EVI5L",0.387050981413033,0.0287260143524861
"ENSG00000142619","PADI3",2.13798211887142,3.12560569119668e-06,"PADI3",2.86792398787141,2.51508568667839e-14
"ENSG00000142632","ARHGEF19",2.23361091430855,5.36518056926783e-07,"ARHGEF19",0.645027929802599,0.00599903126500224
"ENSG00000142798","HSPG2",1.19896807678773,9.85471556308471e-13,"HSPG2",1.33444224759187,3.83093844444835e-21
"ENSG00000142920","AZIN2",1.23388112068132,0.00210101917949385,"AZIN2",0.617357614092494,0.0145765443014105
"ENSG00000143079","CTTNBP2NL",0.460954975822738,0.000179633119970141,"CTTNBP2NL",0.340145395069401,0.00131174630634285
"ENSG00000143126","CELSR2",0.480817028285223,0.00263643171277633,"CELSR2",0.533632834705573,0.000119638018900902
"ENSG00000143147","GPR161",0.637672034636868,3.73366852022651e-06,"GPR161",0.332428987186504,0.00369066851692111
"ENSG00000143162","CREG1",0.321125152342646,0.0486099943736197,"CREG1",0.368106757724322,0.0086056846614568
"ENSG00000143226","FCGR2A",0.578330710194754,0.0446718711856941,"FCGR2A",0.919699261546794,0.00590018636517283
"ENSG00000143324","XPR1",0.433331897226922,0.00360581693819184,"XPR1",0.377844012491956,0.00260648856136664
"ENSG00000143479","DYRK3",0.8912637496207,8.60446181346047e-09,"DYRK3",0.318585197445774,0.0102140527744942
"ENSG00000143545","RAB13",0.959323123912566,3.80520940379549e-08,"RAB13",0.958154275219309,7.69010277398578e-11
"ENSG00000144455","SUMF1",0.264987359583529,0.0214807417507585,"SUMF1",0.274391672152266,0.00679053653676485
"ENSG00000144476","ACKR3",0.654975289767174,0.0434674518517315,"ACKR3",1.30877735936212,0.0020165849664226
"ENSG00000144677","CTDSPL",0.33837310960946,1.45304047784306e-05,"CTDSPL",0.320896677068736,2.23933236180108e-06
"ENSG00000144824","PHLDB2",0.635890597835057,2.77832637833115e-08,"PHLDB2",0.474894173582436,7.52819269880751e-07
"ENSG00000144935","TRPC1",0.776293801311463,0.00112685892885558,"TRPC1",0.592071145639308,0.000906954593920007
"ENSG00000144959","NCEH1",0.534675167034702,0.000222981133601612,"NCEH1",0.287017026659434,0.0192936643808545
"ENSG00000145247","OCIAD2",0.546114447502246,0.00010980513060856,"OCIAD2",0.305879793557839,0.010280461330621
"ENSG00000145439","CBR4",0.405494525636084,0.00612673029860453,"CBR4",0.316735085684982,0.0122167167686448
"ENSG00000145569","OTULINL",0.622016569336889,0.00777674101462066,"OTULINL",0.365425190326086,0.0397920997373874
"ENSG00000145623","OSMR",0.428196912994056,0.00204740044613166,"OSMR",0.272245268565319,0.0209337266092007
"ENSG00000145703","IQGAP2",2.48135012222773,1.05952167273161e-07,"IQGAP2",1.48217216335136,1.79668201683631e-05
"ENSG00000145824","CXCL14",0.561445433024374,0.0408478342073021,"CXCL14",1.93463681887705,1.94540703711162e-07
"ENSG00000145882","PCYOX1L",0.743682059043663,0.00237709935791901,"PCYOX1L",1.27657813057614,8.34535874144286e-08
"ENSG00000146072","TNFRSF21",0.896410898297371,1.35011276052048e-09,"TNFRSF21",0.403317494693808,0.000971009671326542
"ENSG00000146416","AIG1",0.363459437706711,0.0107948293604786,"AIG1",0.887850466569023,2.33640352656043e-12
"ENSG00000146733","PSPH",0.334683298622731,0.0307140100129325,"PSPH",0.290799453113687,0.0263435196016613
"ENSG00000146950","SHROOM2",2.46325642312535,5.8431110758834e-08,"SHROOM2",0.767209461571027,0.00257015787257561
"ENSG00000147123","NDUFB11",0.201912225763233,0.0130847662547468,"NDUFB11",0.162771938617429,0.0253670243048594
"ENSG00000147454","SLC25A37",0.452702677570259,4.45624371701499e-06,"SLC25A37",0.350668151851652,1.99453163449214e-05
"ENSG00000147536","GINS4",0.44649226437685,0.00217308407522797,"GINS4",0.272285818724179,0.0290106277649489
"ENSG00000147677","EIF3H",0.250519967847701,0.00264543158233376,"EIF3H",0.165004753107252,0.0293293632793224
"ENSG00000147853","AK3",0.399436620194818,0.00028351866892193,"AK3",0.492988861476908,7.08720095855286e-08
"ENSG00000148143","ZNF462",0.493639140030309,0.000275112077360675,"ZNF462",0.327927351881676,0.00474251094246919
"ENSG00000148700","ADD3",0.686054916878458,6.65338202115891e-05,"ADD3",0.746644994320828,4.13778913695902e-07
"ENSG00000148848","ADAM12",1.7700253199297,1.97591522064545e-08,"ADAM12",0.73252206475927,0.000638787462157706
"ENSG00000149256","TENM4",0.948650977923376,2.35354931573393e-05,"TENM4",0.513226880013451,0.00340949979462917
"ENSG00000149260","CAPN5",0.669096530816985,0.0105096934103996,"CAPN5",1.18880573651534,2.02259410168438e-05
"ENSG00000149311","ATM",0.470751510683115,0.00126663942092368,"ATM",0.508712268760961,3.52136245685577e-05
"ENSG00000149476","TKFC",0.490030978250469,0.00353169521810169,"TKFC",0.447137898727997,0.00178658615917137
"ENSG00000149485","FADS1",0.536192990064049,3.22944781424366e-07,"FADS1",0.484356802117492,3.68822381679841e-08
"ENSG00000149527","PLCH2",1.5239899364161,8.81704773602199e-08,"PLCH2",2.37775779247065,2.00624597516165e-24
"ENSG00000149639","MTCL2",0.352212255335907,0.0141113642069893,"MTCL2",0.313843356324432,0.0106774025159646
"ENSG00000149932","TMEM219",0.429547012657945,0.000771347446076622,"TMEM219",0.31990289403923,0.00374306327395048
"ENSG00000150281","CTF1",0.94990107724606,0.0138162779604361,"CTF1",1.22337723825869,0.0017427116673184
"ENSG00000150687","PRSS23",2.85202303152096,1.51120659901687e-28,"PRSS23",0.990098191372886,1.5504097406444e-06
"ENSG00000150764","DIXDC1",0.464662313772248,9.0915249478786e-05,"DIXDC1",0.49243344339622,1.076823608161e-06
"ENSG00000150967","ABCB9",0.954943441886767,0.000186497897056405,"ABCB9",1.31229684579307,1.10543715698554e-08
"ENSG00000151023","ENKUR",1.19140607150383,0.00832310503517317,"ENKUR",0.583878771649602,0.0197904267863587
"ENSG00000151135","TMEM263",0.509709303928898,5.7885904646925e-05,"TMEM263",0.305143821903783,0.00503885534024541
"ENSG00000151651","ADAM8",0.603859045074372,0.0222667682541385,"ADAM8",1.03181814272703,0.000340295294649497
"ENSG00000152049","KCNE4",1.17962534172393,0.00728579658390291,"KCNE4",0.517600041612214,0.0464395227130244
"ENSG00000152061","RABGAP1L",0.718547928469647,2.89718145319175e-06,"RABGAP1L",0.651676364984444,5.03445616382357e-07
"ENSG00000152104","PTPN14",0.328791718649916,0.00733165152743104,"PTPN14",0.24895941303495,0.0209337266092007
"ENSG00000152229","PSTPIP2",0.305488761592861,0.0169110447273049,"PSTPIP2",0.515795913106234,1.30402772400415e-06
"ENSG00000152284","TCF7L1",2.61300868460276,2.68146325586991e-27,"TCF7L1",0.684778775696833,7.30007694475778e-05
"ENSG00000152518","ZFP36L2",0.422874524543017,0.00564835522662705,"ZFP36L2",0.265518151832166,0.0457969905726254
"ENSG00000153029","MR1",0.592919239875407,0.00378501324523243,"MR1",1.53456095405533,3.26134114882805e-14
"ENSG00000153071","DAB2",1.40856729585472,4.98987447869229e-07,"DAB2",0.401370012072972,0.0243345038273157
"ENSG00000153363","LINC00467",0.507964377443912,0.00479064316034919,"LINC00467",0.709341887905515,1.2382167778913e-05
"ENSG00000153406","NMRAL1",0.397759328049882,0.00041825857758106,"NMRAL1",0.38324885587904,7.24780550473857e-05
"ENSG00000153815","CMIP",0.551329194607633,1.84833492160864e-07,"CMIP",0.402791507798572,5.68278217436949e-06
"ENSG00000154079","SDHAF4",0.554269708236556,0.00735639025537625,"SDHAF4",0.920871716564338,5.41567472525271e-06
"ENSG00000154134","ROBO3",0.830074154164185,3.94408318912433e-05,"ROBO3",0.419450831365664,0.00458540147755035
"ENSG00000154240","CEP112",0.905388976203823,0.000298916529931524,"CEP112",0.57560641557161,0.00198575738149689
"ENSG00000154358","OBSCN",0.634619827555613,0.0114756352230442,"OBSCN",0.654877648330216,0.00349679280382114
"ENSG00000154764","WNT7A",0.924986544503061,0.012280531773508,"WNT7A",0.461637188809084,0.0435185643890036
"ENSG00000154767","XPC",0.379749105946863,0.00115176902471699,"XPC",0.944551721444665,3.12152890641252e-21
"ENSG00000154874",NA,0.37093516491992,0.0462327389402982,NA,0.934655159032703,1.33279861482433e-06
"ENSG00000155034","FBXL18",0.30437652116913,0.0258749428666194,"FBXL18",0.541049208229749,3.33365327387056e-06
"ENSG00000155090","KLF10",0.299358815358475,0.0418907864532979,"KLF10",0.372257601196499,0.00294036646004814
"ENSG00000155363","MOV10",0.757738685397516,3.21954424599568e-07,"MOV10",0.847915765034418,3.2620886709052e-11
"ENSG00000156110","ADK",0.458193575552118,6.11326542885003e-05,"ADK",0.357691972923488,0.000219665600438356
"ENSG00000156113","KCNMA1",4.33609970404114,1.53044387974589e-15,"KCNMA1",0.799850340813924,0.00062663075843011
"ENSG00000156384","SFR1",0.376543719857115,0.0348257934266639,"SFR1",0.37446440147037,0.0138072353239598
"ENSG00000156463","SH3RF2",1.23710696517772,1.03659941599773e-08,"SH3RF2",0.588622108578239,0.000215515286890739
"ENSG00000156475","PPP2R2B",1.01322891882294,0.000199104811047421,"PPP2R2B",0.661447675208563,0.00138209090489155
"ENSG00000156711","MAPK13",1.08603556546285,3.46351867351669e-06,"MAPK13",1.46202085795381,3.47101302543952e-12
"ENSG00000156873","PHKG2",0.5731375716094,6.67487533958623e-05,"PHKG2",0.567588363900854,2.14391273151808e-06
"ENSG00000156973","PDE6D",0.408312836176807,0.00362114757398656,"PDE6D",0.435614282609843,0.000162809421282106
"ENSG00000157184","CPT2",0.523087709766893,7.56856704835064e-05,"CPT2",0.38717881377489,0.000629877138515194
"ENSG00000157214","STEAP2",1.56200783426736,1.00412600302107e-09,"STEAP2",0.372633702007104,0.0209337266092007
"ENSG00000157216","SSBP3",0.425571630190459,0.000349202406467276,"SSBP3",0.351419913099663,0.000638787462157706
"ENSG00000157326","DHRS4",0.918464247768325,0.000205332022690884,"DHRS4",0.506166288589186,0.00314212412498697
"ENSG00000157680","DGKI",1.51472197171364,0.000142390390587249,"DGKI",1.45870569571742,5.76403910682648e-06
"ENSG00000158023","CFAP251",2.06969133175973,1.22991421889588e-11,"CFAP251",0.608078983826701,0.00350679839970385
"ENSG00000158109","TPRG1L",0.256260039996419,0.0233027137503621,"TPRG1L",0.264325005380552,0.00807757542535272
"ENSG00000158125","XDH",1.04349901936565,1.84833492160864e-07,"XDH",0.298092614420203,0.0438896261101108
"ENSG00000158292","GPR153",1.14367719530852,6.86622326134445e-08,"GPR153",0.683246770211183,3.32868816441496e-05
"ENSG00000158473","CD1D",0.565911301196055,0.0365246120832278,"CD1D",0.782760177300744,0.00516493506151111
"ENSG00000158555","GDPD5",0.625405388825965,0.00497318949213916,"GDPD5",1.00655729220469,2.07761523913922e-06
"ENSG00000158825","CDA",0.470848604617724,0.00111602944118248,"CDA",0.327476845855396,0.00778871883878584
"ENSG00000158856","DMTN",0.674138296153721,0.00505612092858748,"DMTN",0.610609923591315,0.00442785924383718
"ENSG00000159110","IFNAR2",0.29401498149056,0.025711297166696,"IFNAR2",0.277452668376394,0.0152564791005728
"ENSG00000159128","IFNGR2",0.324198846831693,0.00599568512627739,"IFNGR2",0.221789066923145,0.033732616359641
"ENSG00000159167","STC1",2.14279682624683,1.87913752139457e-17,"STC1",1.24915279528664,7.04084022483021e-12
"ENSG00000159200","RCAN1",0.41471272483416,0.00178880648648369,"RCAN1",0.378102781445196,0.000850586881684682
"ENSG00000159231","CBR3",1.46655313840427,0.000117430949351944,"CBR3",0.580633611584579,0.00168918901029008
"ENSG00000159685","CHCHD6",0.611680577593009,8.32988842718481e-05,"CHCHD6",0.267784173902326,0.041966808402625
"ENSG00000159842","ABR",1.09259147627831,9.11794261490984e-09,"ABR",0.384950383362687,0.0055984834048887
"ENSG00000160469","BRSK1",1.8919224040265,0.000738371686788289,"BRSK1",1.82590394341658,1.87440571027387e-06
"ENSG00000160471","COX6B2",1.34898189522781,0.00616836201756337,"COX6B2",0.989360752001885,0.00658629144107892
"ENSG00000160767","ENTREP3",0.441100698207042,0.000392534645102294,"ENTREP3",0.333147947694945,0.00222303206415227
"ENSG00000160991","ORAI2",1.96009648589474,1.39773318642546e-27,"ORAI2",0.436127630000903,0.000508282732749051
"ENSG00000161513","FDXR",0.688641697240373,9.05196664155146e-05,"FDXR",1.06443766324701,2.09182040027934e-11
"ENSG00000161544","CYGB",2.41068515488202,1.16252188090131e-14,"CYGB",2.21403748988657,2.11150302107236e-21
"ENSG00000161642","ZNF385A",0.533779956234074,0.00810608066921659,"ZNF385A",1.05746536283497,9.82124183856205e-07
"ENSG00000161682","FAM171A2",1.09744878033595,3.35081402104336e-05,"FAM171A2",0.930308154800244,4.59869618437133e-06
"ENSG00000161714","PLCD3",1.34309139489612,3.71265219984464e-23,"PLCD3",1.36251368193797,1.61001511872942e-33
"ENSG00000162191","UBXN1",0.393308550162793,0.000412287579557478,"UBXN1",0.301980790238174,0.00141129597448896
"ENSG00000162430","SELENON",0.360422055408633,0.00442843836614847,"SELENON",0.303724648785278,0.00539258808584855
"ENSG00000162458","FBLIM1",1.32653355775916,6.75827442515521e-16,"FBLIM1",0.514910431367199,4.10855979276359e-05
"ENSG00000162511","LAPTM5",2.19306423848873,2.02559313593634e-05,"LAPTM5",1.83166585876393,7.32287837548281e-07
"ENSG00000162521","RBBP4",0.219058100569169,0.0151525824323792,"RBBP4",0.179294137461163,0.024761675302268
"ENSG00000162723","SLAMF9",1.12237998224556,0.00302049637613262,"SLAMF9",0.605195291240759,0.0147681607408803
"ENSG00000162772","ATF3",1.87339294647977,7.49895399468282e-10,"ATF3",1.37749549865926,1.43617600217632e-08
"ENSG00000163032","VSNL1",2.63165244679306,3.11692748933464e-10,"VSNL1",1.42046281274498,1.74804264876506e-06
"ENSG00000163235","TGFA",1.19541424941888,3.14322724203485e-11,"TGFA",0.331204370936361,0.0143018894515504
"ENSG00000163328","GPR155",0.375178686299613,0.0397764312699858,"GPR155",1.45619704246349,2.73735680304133e-12
"ENSG00000163430","FSTL1",1.12711435776824,4.10866806105623e-18,"FSTL1",0.266843098233731,0.0140495967221589
"ENSG00000163453","IGFBP7",1.0121381672222,1.96647275723873e-06,"IGFBP7",0.741254917483436,1.55219606083014e-05
"ENSG00000163508","EOMES",0.965157304869318,0.0151550074388196,"EOMES",0.524558456026024,0.0443429619133948
"ENSG00000163545","NUAK2",1.42875123908272,5.31025819592073e-10,"NUAK2",0.540947351315865,0.00099627823269386
"ENSG00000163597","SNHG16",0.313069825438044,0.00115929136681609,"SNHG16",0.350855793205652,1.22200971336281e-05
"ENSG00000163637","PRICKLE2",1.25014604338121,3.21882357373319e-13,"PRICKLE2",0.821686031329826,1.72032261827731e-09
"ENSG00000163681","SLMAP",0.341597483752753,0.00238755170678723,"SLMAP",0.221911941107062,0.0257666541416279
"ENSG00000163710","PCOLCE2",1.20312818481567,6.55192003348831e-06,"PCOLCE2",0.601865552702078,0.00230253630966434
"ENSG00000163734","CXCL3",1.88163544102444,9.0957651111533e-08,"CXCL3",0.467321075443035,0.0215780091171418
"ENSG00000163739","CXCL1",1.84205572580328,2.56384731550147e-09,"CXCL1",0.811018792593264,0.000447954169461036
"ENSG00000163874","ZC3H12A",0.645187991727681,0.00293373683065481,"ZC3H12A",0.366472279673144,0.0305547977402049
"ENSG00000163888","CAMK2N2",0.648762052483812,0.0022476441810593,"CAMK2N2",0.328420051668943,0.0401914112607399
"ENSG00000163960","UBXN7",0.239288942606999,0.0103759271308527,"UBXN7",0.462910723424545,6.42198324215094e-10
"ENSG00000164099","PRSS12",0.416510795796402,0.0204912846141186,"PRSS12",0.784290441899606,4.46363282492731e-06
"ENSG00000164171","ITGA2",1.59109375112086,3.45952003885259e-13,"ITGA2",0.493707769755415,0.00177086877337483
"ENSG00000164237","CMBL",0.323909175812744,0.00756237054380918,"CMBL",0.386708401088776,0.000118140563269778
"ENSG00000164402","SEPTIN8",0.465686911952307,2.27006370988354e-06,"SEPTIN8",0.600147876487692,2.53771715098341e-13
"ENSG00000164543","STK17A",0.601486973941437,8.27326948223859e-08,"STK17A",0.228358225938324,0.0217269907535597
"ENSG00000164615","CAMLG",0.312113565571739,0.0147129282571312,"CAMLG",0.418845475709195,8.2887490798118e-05
"ENSG00000164649","CDCA7L",0.444633051429123,4.29588653048066e-06,"CDCA7L",0.205668989477445,0.0172345932360366
"ENSG00000164796","CSMD3",1.43648707602052,0.00311323569867213,"CSMD3",1.75223729777504,1.04584295258634e-05
"ENSG00000164877","MICALL2",0.395531818396126,0.0417479954140037,"MICALL2",1.03668044064518,3.11198896199884e-06
"ENSG00000164904","ALDH7A1",0.956098780483198,8.3973899535998e-10,"ALDH7A1",0.792084866677933,1.08183125802315e-09
"ENSG00000165424","ZCCHC24",1.55354303403569,8.84044709207766e-06,"ZCCHC24",0.697253882357915,0.00274495400243984
"ENSG00000165475","CRYL1",0.673105045736885,0.00255270229702834,"CRYL1",1.14009670795333,1.07093145639619e-07
"ENSG00000165632","TAF3",0.515605571029885,1.20144731619998e-06,"TAF3",0.28943250449312,0.00154102348122708
"ENSG00000165655","ZNF503",0.543475613135801,2.50207293197652e-05,"ZNF503",0.471922087557628,1.14090176816743e-05
"ENSG00000165795","NDRG2",1.35830267255055,2.14311568859542e-06,"NDRG2",1.89804496688648,6.21593687372827e-12
"ENSG00000165799","RNASE7",1.60064626800787,3.65883787320826e-08,"RNASE7",0.628232256630692,0.00135055569600094
"ENSG00000165801","ARHGEF40",1.49882422589704,1.43065956280495e-06,"ARHGEF40",0.815569667265561,8.06655101512362e-05
"ENSG00000165804","ZNF219",0.735643681497911,2.61496606504752e-09,"ZNF219",0.941139351819544,5.232487477457e-18
"ENSG00000165905","LARGE2",4.17523825790419,4.54105471801918e-08,"LARGE2",3.3764977284013,5.28736169883195e-14
"ENSG00000166033","HTRA1",1.75626517074696,5.29911244540401e-08,"HTRA1",1.08153935999161,3.23507573756418e-05
"ENSG00000166106","ADAMTS15",2.33405829769074,9.33220313625427e-09,"ADAMTS15",0.724422537750039,0.00425904141913812
"ENSG00000166147","FBN1",2.29513548025068,1.85037976398178e-12,"FBN1",0.918422346123196,0.000335092134184212
"ENSG00000166173","LARP6",1.4572744285694,2.05277775862818e-11,"LARP6",0.400792199123492,0.00573889622242772
"ENSG00000166289","PLEKHF1",0.913856690170734,4.76954256181855e-05,"PLEKHF1",0.600206445065214,0.00105591673572415
"ENSG00000166311","SMPD1",0.398656799349982,0.020201406145747,"SMPD1",0.38739518846672,0.0121373650478308
"ENSG00000166526","ZNF3",0.335875058025295,0.0089189934187011,"ZNF3",0.294320335246426,0.00833840440264217
"ENSG00000166575","TMEM135",0.578884636378475,0.00541332769574937,"TMEM135",0.365420856926693,0.0312769415645512
"ENSG00000166813","KIF7",0.867051323605934,0.0223308374475673,"KIF7",1.22671806907113,0.00236326246378788
"ENSG00000166825","ANPEP",1.34136604929016,8.03516740405279e-18,"ANPEP",0.403253787432247,0.00100497057542798
"ENSG00000166847","DCTN5",0.245005725879702,0.00795416086198567,"DCTN5",0.232069938834703,0.00443553276294273
"ENSG00000166897","ELFN2",2.27729747337719,1.07098446767124e-14,"ELFN2",1.01629478067839,2.43245205940902e-06
"ENSG00000166949","SMAD3",0.42745591322296,0.00180530897206668,"SMAD3",0.355626411348526,0.00230492020792154
"ENSG00000167034","NKX3-1",0.430879321932991,0.00348140675769941,"NKX3-1",0.520243009685967,5.95185544299089e-05
"ENSG00000167105","TMEM92",2.54931182123102,6.07272465362052e-05,"TMEM92",1.43587237416331,4.63929846324628e-05
"ENSG00000167113","COQ4",0.399035466757318,0.00167726258405398,"COQ4",0.246483934435337,0.0254836423143561
"ENSG00000167196","FBXO22",0.287942919929462,0.00752998345373395,"FBXO22",0.438294042426199,5.54726181884513e-07
"ENSG00000167220","HDHD2",0.363845410526139,0.0110884339068233,"HDHD2",0.278660764126033,0.0265267548032308
"ENSG00000167513","CDT1",0.457332404278789,0.000123325551015627,"CDT1",0.271685170302263,0.0084734521763245
"ENSG00000167566","NCKAP5L",0.653313192115263,0.000381202752964975,"NCKAP5L",0.7556562092482,3.46464272809523e-06
"ENSG00000167680","SEMA6B",2.79165084921274,0.000185990156797317,"SEMA6B",1.80407874634916,9.51176059231367e-08
"ENSG00000167693","NXN",0.443176472357467,0.0024403592848598,"NXN",0.301929764125537,0.0152219424189497
"ENSG00000167779","IGFBP6",1.80333612473568,2.39868765886195e-21,"IGFBP6",0.579521819462403,6.60840991720238e-05
"ENSG00000167792","NDUFV1",0.45979833631812,1.0725652367267e-05,"NDUFV1",0.392069766111649,8.30085038628498e-06
"ENSG00000167799","NUDT8",0.699013587638413,0.000960399445899552,"NUDT8",0.438553630070883,0.00790996381391809
"ENSG00000167914","GSDMA",0.699459534437702,0.0118248555685457,"GSDMA",0.934154639964073,0.000665572322787642
"ENSG00000167925","GHDC",0.45205263440926,0.0361543487021379,"GHDC",0.706008711125215,0.00148170682123817
"ENSG00000167930","FAM234A",0.382429584733417,0.00970730398579306,"FAM234A",0.632372260302591,1.44143725343698e-06
"ENSG00000168002","POLR2G",0.450860795530702,0.000215087929295853,"POLR2G",0.240636704927192,0.0245314748809858
"ENSG00000168010","ATG16L2",0.580913311119329,0.00864608945810647,"ATG16L2",1.37829811883889,3.93049487338733e-11
"ENSG00000168036","CTNNB1",0.344303502258203,4.98987447869229e-07,"CTNNB1",0.310468403484511,1.07093145639619e-07
"ENSG00000168056","LTBP3",0.841207744980719,0.000208990595153384,"LTBP3",0.685149631475335,0.00028290099010339
"ENSG00000168067","MAP4K2",0.645820160006407,0.000805924279910503,"MAP4K2",0.636851564030814,0.000122568692868861
"ENSG00000168077","SCARA3",1.93496516610226,3.37104531815237e-20,"SCARA3",1.26748578164384,2.1191407813773e-13
"ENSG00000168243","GNG4",0.364233584794459,0.0309597890474753,"GNG4",0.353351490045393,0.0119160548187887
"ENSG00000168389","MFSD2A",1.13970296365061,1.16609338477122e-07,"MFSD2A",0.370254542702489,0.0156325015183708
"ENSG00000168398","BDKRB2",1.89341157534109,6.48047017953928e-13,"BDKRB2",0.950120268495481,6.56139468352948e-06
"ENSG00000168461","RAB31",1.78614673266025,2.84446886465736e-21,"RAB31",0.527582786723995,0.000222381688471527
"ENSG00000168502","MTCL1",0.675260996029024,1.84275399203459e-06,"MTCL1",0.435307558891769,0.000108767477985531
"ENSG00000168528","SERINC2",0.802347420498064,3.93396541980794e-08,"SERINC2",0.472451250937786,7.12751100569228e-05
"ENSG00000168653","NDUFS5",0.264323693556133,0.0183049249581673,"NDUFS5",0.299128055262972,0.00142389707001796
"ENSG00000168710","AHCYL1",0.406521039396717,7.26480084668549e-07,"AHCYL1",0.197770299657473,0.00758315131194397
"ENSG00000168765","GSTM4",1.6324587706552,1.65291279134618e-06,"GSTM4",0.801395007395927,0.000628905537934517
"ENSG00000168824","NSG1",0.477618903509182,0.00568595337469311,"NSG1",1.21550246781814,2.33022244151188e-11
"ENSG00000168918","INPP5D",1.31111784586617,3.59956845258057e-08,"INPP5D",1.32000496842451,2.06218715278596e-11
"ENSG00000169105","CHST14",0.583103185920931,0.000246572272056519,"CHST14",0.312285974326272,0.0177928237542114
"ENSG00000169118","CSNK1G1",0.375895914548767,0.000386954603917937,"CSNK1G1",0.847863110961062,2.8501521867245e-21
"ENSG00000169403","PTAFR",1.68472596149675,3.30222049925817e-18,"PTAFR",1.49944603554364,3.83093844444835e-21
"ENSG00000169429","CXCL8",2.43972663651034,2.88298251445807e-07,"CXCL8",1.00968374293614,0.00168660293234488
"ENSG00000169609","C15orf40",0.280559243821627,0.0299650609248919,"C15orf40",0.281198199112195,0.0114420050686761
"ENSG00000169733","RFNG",0.473004575672341,0.00126902965515612,"RFNG",0.566501275308138,5.83072159905686e-06
"ENSG00000169744","LDB2",1.83770489825209,0.00159477600637693,"LDB2",0.655625073188756,0.0173676706053213
"ENSG00000169902","TPST1",0.902003167014972,1.7828678458889e-05,"TPST1",0.666803639005733,1.897536101004e-05
"ENSG00000169992","NLGN2",2.17281692151561,1.22159420454415e-18,"NLGN2",1.20668487142461,5.27388246005527e-11
"ENSG00000170006","TMEM154",0.843882856263808,2.91885828865018e-09,"TMEM154",0.51611059861862,6.27263801159179e-06
"ENSG00000170160","CCDC144A",0.55875169086126,0.0066578307896746,"CCDC144A",0.886847575992996,7.05652633619356e-06
"ENSG00000170266","GLB1",0.257653765654945,0.0437540508749055,"GLB1",0.317947381917913,0.0035366661666194
"ENSG00000170275","CRTAP",0.543894500510476,6.80913299648457e-09,"CRTAP",0.416995179985075,1.14024148881852e-07
"ENSG00000170312","CDK1",0.362003633217836,0.0189062599289529,"CDK1",0.370174917667083,0.00463533815707157
"ENSG00000170322","NFRKB",0.202162437373325,0.0448671364584846,"NFRKB",0.25621966508649,0.00280784281157516
"ENSG00000170348","TMED10",0.25320989915412,0.000803071046783293,"TMED10",0.149409940159344,0.0311470913835269
"ENSG00000170456","DENND5B",0.99498490365178,1.82250318586891e-07,"DENND5B",0.425189268891028,0.00250947327715681
"ENSG00000170464","DNAJC18",1.10237973490075,3.05651849131387e-10,"DNAJC18",0.731723235147375,1.18200239331263e-07
"ENSG00000170537","TMC7",1.03174335570759,1.90264420518125e-05,"TMC7",0.85059054261928,2.29315767195916e-05
"ENSG00000170681","CAVIN4",0.898585212837812,0.0206051141695273,"CAVIN4",0.554004795145493,0.0290437633631272
"ENSG00000170734","POLH",0.507132971493463,0.00012643936935854,"POLH",0.863388447720873,8.8077039140866e-14
"ENSG00000170835","CEL",0.708184633845543,0.0348274668964129,"CEL",2.600984327704,4.59869618437133e-06
"ENSG00000170921","TANC2",0.711059956632271,6.02465226893966e-05,"TANC2",0.385930425643633,0.00630269874318225
"ENSG00000171017","LRRC8E",0.805887280407476,6.5086602202192e-08,"LRRC8E",0.659707704871107,5.58114713002754e-08
"ENSG00000171206","TRIM8",0.759239952459196,2.08272723385076e-06,"TRIM8",0.292347114026746,0.0246708218370186
"ENSG00000171236","LRG1",1.17450277718186,0.0113015240197644,"LRG1",1.37574264372986,0.00166541295023418
"ENSG00000171469","ZNF561",0.302531480160707,0.0275764079237327,"ZNF561",0.274259546050123,0.0235204714100089
"ENSG00000171603","CLSTN1",0.251474062113698,0.0351737058527063,"CLSTN1",0.356069017723639,0.000359559476925249
"ENSG00000171617","ENC1",0.509913758561074,0.00194695211942848,"ENC1",0.389412687212243,0.00500945972724725
"ENSG00000171680","PLEKHG5",0.403595028969045,0.0177119809482963,"PLEKHG5",0.330331976503623,0.0241190569474483
"ENSG00000171735","CAMTA1",0.288723304542642,0.0206212167291697,"CAMTA1",0.409577765722842,7.62808028369352e-05
"ENSG00000171865","RNASEH1",0.35706033196649,0.000222981133601612,"RNASEH1",0.204215175107195,0.0187578047930137
"ENSG00000172053","QARS1",0.452207365616201,1.19656733659188e-06,"QARS1",0.376834355526471,1.57487597770585e-06
"ENSG00000172340","SUCLG2",0.315841098644889,0.00944531234221559,"SUCLG2",0.373162279005345,0.00027702205620109
"ENSG00000172379","ARNT2",2.36893389279724,7.9833126017864e-10,"ARNT2",1.65873841282651,1.93914958665537e-09
"ENSG00000172500","FIBP",0.460872789425871,1.67133314449038e-06,"FIBP",0.360833574059665,1.1808594943628e-05
"ENSG00000172548","NIPAL4",2.89777253946737,9.35821474824968e-12,"NIPAL4",1.4779140814934,3.53672349045595e-08
"ENSG00000172840","PDP2",0.257747165165989,0.0385680399395988,"PDP2",0.298753059273357,0.00495720229374616
"ENSG00000172992","DCAKD",0.685739074649332,3.91638585839276e-05,"DCAKD",0.579012666704752,2.48843369404683e-05
"ENSG00000173193","PARP14",0.971841723553354,1.44932453008993e-06,"PARP14",1.24753157083069,2.03793919013173e-13
"ENSG00000173281","PPP1R3B",0.434998675422301,0.0200793485242832,"PPP1R3B",0.396954174803234,0.0149665405656766
"ENSG00000173546","CSPG4",0.93807323312957,0.0160415264608788,"CSPG4",1.10175262608605,0.00459205910426793
"ENSG00000173614","NMNAT1",0.77074822315046,0.00011905788167843,"NMNAT1",0.595589021445825,0.000271982088759477
"ENSG00000173706","HEG1",0.827184136320165,4.98896661023376e-09,"HEG1",0.410809376325879,0.000436084061964788
"ENSG00000173821","RNF213",0.262803136195661,0.0406615037597418,"RNF213",0.391617656036569,0.000264068798352365
"ENSG00000173846","PLK3",0.412680568359244,0.00442843836614847,"PLK3",0.260947655518414,0.0375400441681682
"ENSG00000173918","C1QTNF1",1.41245562872351,0.0046206068491158,"C1QTNF1",1.54105928985255,0.000403328263066791
"ENSG00000174080","CTSF",0.70387676333892,0.000524821791756208,"CTSF",0.780767197471835,1.12256249139183e-05
"ENSG00000174574","AKIRIN1",0.299295794476967,0.00103121843941086,"AKIRIN1",0.247055031242271,0.00210713277362164
"ENSG00000174938","SEZ6L2",2.24467348662065,5.07067467821318e-05,"SEZ6L2",1.1122172977626,0.00286788465808878
"ENSG00000175224","ATG13",0.432761837508712,0.000787371003851395,"ATG13",0.31713156749102,0.00399974706070002
"ENSG00000175274","TP53I11",0.607387295340749,0.00808384542977473,"TP53I11",1.10258790453914,2.56262927666459e-06
"ENSG00000175322","ZNF519",0.719444963546062,0.00106180547249377,"ZNF519",0.63655581208327,0.000428864176141462
"ENSG00000175390","EIF3F",0.348267217491415,0.000489967088481078,"EIF3F",0.322142278916658,0.000148918756281527
"ENSG00000175548","ALG10B",0.611649128022817,0.00233104964220697,"ALG10B",0.723448998147381,2.02259410168438e-05
"ENSG00000175600","SUGCT",1.85085703859272,7.17508246333991e-15,"SUGCT",2.32528959784136,1.2071776511379e-34
"ENSG00000175782","SLC35E3",0.275755083697534,0.0108528829918078,"SLC35E3",0.292918324787618,0.00154524640787001
"ENSG00000175854","SWI5",0.435474730935869,0.00304331967994146,"SWI5",0.282648352639557,0.0284946228043096
"ENSG00000176410","DNAJC30",0.515888422622174,0.000369618482166376,"DNAJC30",0.293438189110988,0.0184949699602258
"ENSG00000176422","SPRYD4",0.448621168497434,0.00188333666762828,"SPRYD4",0.299390936437281,0.0202675498420854
"ENSG00000176788","BASP1",0.564719358781248,7.13858712281655e-13,"BASP1",0.335503998354853,9.2215593809676e-07
"ENSG00000176912",NA,1.51562842197493,2.36035239387581e-10,NA,1.51898370117984,4.29832108265828e-15
"ENSG00000176953","NFATC2IP",0.546949174041148,9.85399809626841e-11,"NFATC2IP",0.522030677048749,8.73189820986127e-14
"ENSG00000177200","CHD9",0.339582227491284,0.000390423094698508,"CHD9",0.287243123775623,0.000460625200066179
"ENSG00000177595","PIDD1",0.433998211870647,0.0256276534193316,"PIDD1",0.972240783314001,1.36545031224896e-06
"ENSG00000177614","PGBD5",0.573467891370454,0.0249979940845768,"PGBD5",0.858649585286273,0.00146418539828191
"ENSG00000177706","FAM20C",2.95794203420205,5.24361763598927e-24,"FAM20C",1.31370108952525,3.61059348123498e-08
"ENSG00000177728","TMEM94",0.334770731068635,0.0492365103024694,"TMEM94",0.549172191628642,0.000380971053754082
"ENSG00000177830","CHID1",0.789047918101966,1.38832782502605e-07,"CHID1",0.402802188652646,0.000912018177885466
"ENSG00000178184","PARD6G",0.46984437294119,0.00932386665813871,"PARD6G",0.7892437193398,1.7107912366773e-06
"ENSG00000178202","POGLUT3",2.35417579415016,1.06243448492023e-09,"POGLUT3",0.369998720653103,0.0434786322006264
"ENSG00000178585","CTNNBIP1",0.666696856092689,6.13648042721301e-06,"CTNNBIP1",0.399509249069425,0.000902381749119599
"ENSG00000178752","ERFE",0.400947957645026,0.0444173574057361,"ERFE",0.386877350567674,0.0249655898380859
"ENSG00000178878","APOLD1",1.31930117773889,0.000139996359503326,"APOLD1",0.983111908485106,0.000160404184139575
"ENSG00000179046","TRIML2",0.718016264152624,0.00071528512738361,"TRIML2",0.580777139773193,0.000767754514284222
"ENSG00000179163","FUCA1",0.656685777350925,0.000836981208445705,"FUCA1",0.499742149736895,0.00143381468278672
"ENSG00000179222","MAGED1",0.321547346316545,0.0108528829918078,"MAGED1",0.334395690490026,0.00232784955948216
"ENSG00000180008","SOCS4",0.453237400811099,0.000698894184648679,"SOCS4",0.282648862283592,0.0156883203762345
"ENSG00000180011","PTGR3",0.460621105796627,4.72364337831904e-06,"PTGR3",0.278685526661048,0.00133977210563599
"ENSG00000180172",NA,0.786658831337321,0.0234463781932946,NA,0.488519676774494,0.0451040155707845
"ENSG00000180354","MTURN",0.665987062214085,1.94216557532555e-07,"MTURN",0.584922350298538,4.1515996935345e-08
"ENSG00000180385",NA,1.11849346514985,1.91264708456204e-11,NA,0.870649296014221,1.05864012544436e-11
"ENSG00000180398","MCFD2",0.265058294536895,0.0089189934187011,"MCFD2",0.232680235274723,0.00794298337689256
"ENSG00000180891","CUEDC1",0.523197555103716,0.000396893010399354,"CUEDC1",0.502889341758441,5.47759118467149e-05
"ENSG00000180902","D2HGDH",0.784574963694365,9.5089882934757e-06,"D2HGDH",1.08847166354038,2.71766670978664e-12
"ENSG00000180964","TCEAL8",0.233250051478009,0.0499438525739748,"TCEAL8",0.21900323250276,0.0376788951132332
"ENSG00000181104","F2R",1.55148237758363,1.12386323400069e-06,"F2R",1.48535389117445,1.73520726031752e-11
"ENSG00000181192","DHTKD1",0.781182232454314,1.33941204582262e-05,"DHTKD1",0.629247351613181,2.06041038483186e-05
"ENSG00000181467","RAP2B",0.487563891116157,4.26236518889562e-05,"RAP2B",0.430692456874605,1.54323291509233e-05
"ENSG00000181634","TNFSF15",0.509379049935596,0.0387656282564832,"TNFSF15",0.842015492142559,0.00398003578324609
"ENSG00000181827","RFX7",0.554835753832189,0.000483279647450777,"RFX7",0.440476554852659,0.000902407658437658
"ENSG00000182022","CHST15",0.501920570854183,0.00777674101462066,"CHST15",0.855055374665051,5.16721981481482e-06
"ENSG00000182054","IDH2",0.514651532572489,0.00142450781409895,"IDH2",0.509503304160325,0.000193305276112514
"ENSG00000182158","CREB3L2",0.901287992574361,1.18809674382652e-09,"CREB3L2",0.38369023132604,0.00121903440934775
"ENSG00000182185","RAD51B",1.16920570238108,0.000608453404130326,"RAD51B",0.675672561851231,0.00434335122547092
"ENSG00000182378","PLCXD1",0.55446571059406,0.0017557695481273,"PLCXD1",0.816824636967745,2.29605860804388e-07
"ENSG00000182534","MXRA7",1.25411349753865,4.87905628021666e-11,"MXRA7",0.299562211334803,0.0310679380170172
"ENSG00000182606","TRAK1",0.342505290718935,0.00265269630813565,"TRAK1",0.462020358846963,1.6576075361398e-06
"ENSG00000182628","SKA2",0.404226083260205,7.39818025999335e-05,"SKA2",0.214733609243427,0.0181246562292878
"ENSG00000182670","TTC3",0.49676195116479,1.97421478100511e-09,"TTC3",0.305466224737197,1.95100392712791e-05
"ENSG00000182871","COL18A1",1.43754428971558,0.00393588104682236,"COL18A1",0.660927654592597,0.0230514915518692
"ENSG00000183049","CAMK1D",0.493630742848087,0.0332555409821974,"CAMK1D",0.507551524777003,0.0173209049882017
"ENSG00000183077","AFMID",0.276978363745057,0.049562727790722,"AFMID",0.293213878874237,0.0157385520582876
"ENSG00000183762","KREMEN1",0.947484741611899,0.000162169484203814,"KREMEN1",0.502757448842238,0.00538515822617415
"ENSG00000183853","KIRREL1",0.380780846161638,0.0346880431283384,"KIRREL1",0.3164684960727,0.0405592613993649
"ENSG00000184117","NIPSNAP1",0.560669401092481,0.00167572069160812,"NIPSNAP1",0.814576338778271,7.20732493439411e-07
"ENSG00000184208",NA,0.760949623275839,0.000862058823132067,NA,0.539688116642334,0.00231672328741415
"ENSG00000184347","SLIT3",1.48968761650946,0.000257302111168394,"SLIT3",0.623709286641461,0.0112751609687205
"ENSG00000184371","CSF1",1.15642524902845,4.09210294578406e-06,"CSF1",0.884629485817683,3.7677695985041e-06
"ENSG00000184557","SOCS3",2.15509470927853,2.34566875801139e-15,"SOCS3",0.951877032075636,5.83072159905686e-06
"ENSG00000184584","STING1",1.28623497607587,3.0865511278847e-12,"STING1",0.722337644383347,3.43686349233411e-07
"ENSG00000184640","SEPTIN9",0.407972921339078,1.61858969847461e-05,"SEPTIN9",0.363862088278361,5.55938156259038e-06
"ENSG00000184922","FMNL1",1.45895598794717,0.000319224053618219,"FMNL1",1.11274855221253,0.000252872522944582
"ENSG00000185033","SEMA4B",0.362161824545973,0.0207097095513946,"SEMA4B",0.583665030139092,1.87612468961866e-05
"ENSG00000185100","ADSS1",1.64731317965415,6.17810464460223e-05,"ADSS1",2.2325107448001,5.68553469632307e-11
"ENSG00000185201","IFITM2",0.938138274548071,0.0058456269968118,"IFITM2",2.09741487803066,1.09818441065496e-08
"ENSG00000185361","TNFAIP8L1",0.544939230289569,0.00164855559103269,"TNFAIP8L1",0.427150068634743,0.00270183272627355
"ENSG00000185386","MAPK11",0.589732815633375,0.00518397985943615,"MAPK11",1.06447466007249,8.29017771462818e-07
"ENSG00000185420","SMYD3",0.440203080694161,0.00587864919081642,"SMYD3",0.343030219546357,0.0115097333174252
"ENSG00000185561","TLCD2",0.805390793089639,0.000284950356843616,"TLCD2",1.58645443629178,1.08299381585074e-13
"ENSG00000186226","LCE1E",1.15737670090079,0.0053683795430912,"LCE1E",2.15312120356055,5.16484731644912e-07
"ENSG00000186318","BACE1",0.948716073837518,7.87349784399813e-06,"BACE1",0.486449322899606,0.00178957321900895
"ENSG00000186847","KRT14",1.87698839224091,1.50939314680794e-27,"KRT14",1.42489058607653,1.08109964677804e-22
"ENSG00000186951","PPARA",0.655224631768182,0.0020732479522622,"PPARA",0.402103238566198,0.0195850293997716
"ENSG00000187024","PTRH1",0.286799253496063,0.0185345882268298,"PTRH1",0.301431616346355,0.00381508163883637
"ENSG00000187608","ISG15",0.691124786071942,0.00297712862545254,"ISG15",0.810644217042492,0.000362206552780465
"ENSG00000187630","DHRS4L2",0.570576599383222,0.00634186691538809,"DHRS4L2",0.347317779174348,0.0405017650338885
"ENSG00000187720","THSD4",1.16105236590828,2.69436658023635e-08,"THSD4",0.537226576912528,0.000474284176300194
"ENSG00000187994","RINL",0.735803961395875,0.0233776198059459,"RINL",1.07744596282089,0.00388444111040881
"ENSG00000188001","TPRG1",2.33425238029325,1.31477779847392e-06,"TPRG1",1.54555394867591,3.71691331276155e-05
"ENSG00000188015","S100A3",1.03292516779825,0.000150685154014403,"S100A3",0.887376765441388,7.07516014593454e-05
"ENSG00000188026","RILPL1",0.473344583726541,0.00331210010346136,"RILPL1",0.333105013700208,0.0150318384560667
"ENSG00000188042","ARL4C",2.79713901454452,2.35534485785221e-20,"ARL4C",0.43339778116897,0.0210984978071699
"ENSG00000188153","COL4A5",0.409240155010757,0.0137191753183854,"COL4A5",0.843003872406101,9.22780400244231e-08
"ENSG00000188157","AGRN",0.391478710682576,0.0408587147635216,"AGRN",0.62866061452433,0.000329364195725569
"ENSG00000188158","NHS",1.44136064276981,1.43374211237595e-15,"NHS",0.551143099696771,4.35765796538762e-05
"ENSG00000188641","DPYD",0.520622930431124,0.0181637442849382,"DPYD",0.912838853008687,5.37707867290873e-05
"ENSG00000188677","PARVB",0.810900036324853,4.7512541562637e-12,"PARVB",0.342524098801041,0.000553938227700042
"ENSG00000188690","UROS",0.57293759834703,4.52398898023067e-10,"UROS",0.315681001368583,8.87403872889689e-05
"ENSG00000189067","LITAF",0.532709375599529,2.87268398597914e-09,"LITAF",0.417334406673688,3.55530251449212e-08
"ENSG00000189171","S100A13",0.325899735075058,0.00574914099757642,"S100A13",0.259208115138169,0.0118155810419115
"ENSG00000189283","FHIT",0.573130003260762,0.0295980250731579,"FHIT",1.32227954319399,3.97171861048984e-05
"ENSG00000189337","KAZN",0.61213222453841,0.00023747674703161,"KAZN",0.397694996083292,0.00434335122547092
"ENSG00000196072","BLOC1S2",0.552852757889029,1.28928049437831e-08,"BLOC1S2",0.664065133231605,5.42362895333529e-16
"ENSG00000196189","SEMA4A",1.3406677864336,0.00100968150062864,"SEMA4A",1.66251767601622,5.85606539020657e-05
"ENSG00000196236","XPNPEP3",0.333037631112243,0.00189865773113149,"XPNPEP3",0.435133784711535,1.60393451455078e-06
"ENSG00000196247","ZNF107",0.409222190850646,0.026123631691113,"ZNF107",0.354451789137711,0.032328228332408
"ENSG00000196312",NA,0.25049290525283,0.0424991788558325,NA,0.437295927247413,1.40611062375798e-05
"ENSG00000196465","MYL6B",0.508644577484084,6.8759945126919e-05,"MYL6B",0.760414428237326,1.76492517722475e-12
"ENSG00000196535","MYO18A",0.402836934267553,0.006286824714788,"MYO18A",0.678278658143059,2.00001634774508e-07
"ENSG00000196562","SULF2",0.605800184891049,0.0192684058254348,"SULF2",1.82168063217524,8.25151178210523e-10
"ENSG00000196704","AMZ2",0.288517524094241,0.0188448344676454,"AMZ2",0.445898325456501,1.00842186719088e-05
"ENSG00000196734","LCE1B",1.22145212051583,4.3413927551563e-05,"LCE1B",1.91188247695073,1.47047170527208e-12
"ENSG00000196739","COL27A1",1.01368219726372,3.9244198160613e-08,"COL27A1",1.10891442955715,4.27469571056169e-13
"ENSG00000196743","GM2A",0.703744120939147,4.34338149006409e-08,"GM2A",1.1770455577891,1.57104232283298e-26
"ENSG00000196754","S100A2",0.581999981954527,6.18156054757811e-05,"S100A2",0.261556811613903,0.0361526276932775
"ENSG00000196839","ADA",0.390838110355708,0.00196751401762215,"ADA",0.699218903702633,1.42620475482529e-10
"ENSG00000196878","LAMB3",0.932377561754792,2.42462446222938e-10,"LAMB3",0.394096163431451,0.000859622386811201
"ENSG00000197043","ANXA6",1.81661194141972,1.87913752139457e-17,"ANXA6",1.13457024473123,6.20523153961356e-11
"ENSG00000197084","LCE1C",2.77030349152402,9.10373680484144e-08,"LCE1C",2.90812362374477,7.03680436950204e-13
"ENSG00000197157","SND1",0.366186173475736,6.62065837731404e-06,"SND1",0.281360397445044,6.2558502955484e-05
"ENSG00000197165","SULT1A2",0.841793533890482,0.0138564776639802,"SULT1A2",1.22227516689028,0.00160143810814961
"ENSG00000197183","NOL4L",2.77301789277894,1.64727132944919e-14,"NOL4L",2.07779899158265,8.91665066244832e-23
"ENSG00000197191","CYSRT1",0.858859299359291,0.0001590127700831,"CYSRT1",1.16372669740202,5.33446286278189e-08
"ENSG00000197249","SERPINA1",2.16918257573393,1.34465451284825e-07,"SERPINA1",1.6852412608956,9.22780400244231e-08
"ENSG00000197324","LRP10",0.457139249746429,0.000651573573858257,"LRP10",0.406099302996349,0.000349534425094426
"ENSG00000197343","ZNF655",0.378988898089073,0.00017878421438215,"ZNF655",0.374780205239543,2.01323660375291e-05
"ENSG00000197355","UAP1L1",0.794282644443168,0.00908461214113067,"UAP1L1",0.606552748208477,0.0155812867850819
"ENSG00000197381","ADARB1",0.557457341782942,0.000201063370168661,"ADARB1",0.364443900894655,0.00402729627580915
"ENSG00000197429","IPP",0.325703454274612,0.0342473380095894,"IPP",0.429921496491071,0.00124307824766327
"ENSG00000197565","COL4A6",1.16695378154429,1.51693926041506e-11,"COL4A6",1.01260587566127,1.43640746765444e-12
"ENSG00000197763","TXNRD3",0.497303127229484,0.00723986154581445,"TXNRD3",0.364168359904067,0.0204145889025535
"ENSG00000197852","INKA2",1.5734300839436,4.20885125969304e-10,"INKA2",1.31817134573676,3.82566417767719e-12
"ENSG00000198121","LPAR1",2.75915294224325,0.00021497161211145,"LPAR1",0.833331818757974,0.012263514060585
"ENSG00000198363","ASPH",0.356975262967051,4.81109569847084e-05,"ASPH",0.196868979919785,0.0123520274571475
"ENSG00000198417","MT1F",1.11838258293586,0.000180848519535801,"MT1F",0.722057653511637,0.00118667667578951
"ENSG00000198589","LRBA",0.327124939252771,0.0124704262883856,"LRBA",0.519096914880578,3.2264656229672e-06
"ENSG00000198663","C6orf89",0.303935485729372,0.000153290000899463,"C6orf89",0.220600783949445,0.00261172039617109
"ENSG00000198695","MT-ND6",0.455115257272893,0.0224803467951133,"MT-ND6",1.07504822016182,2.68357737397202e-07
"ENSG00000198712","MT-CO2",1.10867414566971,2.51451204956787e-09,"MT-CO2",0.993062453062329,1.91552312133462e-10
"ENSG00000198727","MT-CYB",0.725445386984399,3.93058499704006e-05,"MT-CYB",0.915734916696915,3.87886767382615e-09
"ENSG00000198732","SMOC1",3.08018322940827,2.14189683772713e-50,"SMOC1",1.3060778654678,1.76509545935266e-23
"ENSG00000198763","MT-ND2",0.363822458789715,0.0333460752211168,"MT-ND2",0.527148608814006,0.000471592073629811
"ENSG00000198796","ALPK2",1.90720642642565,1.5001995188398e-05,"ALPK2",0.424856113716229,0.0482352749957949
"ENSG00000198804","MT-CO1",0.848390046771081,1.93454915338108e-05,"MT-CO1",1.12355556103882,1.13766988021875e-10
"ENSG00000198814","GK",0.586517176206599,0.0192574665710853,"GK",0.402890677653906,0.0346099595151483
"ENSG00000198816","ZNF358",0.670471311597281,0.00515585581184185,"ZNF358",0.675788657881231,0.000618321993519605
"ENSG00000198840","MT-ND3",1.03747073275802,1.65382923033165e-10,"MT-ND3",0.811670387773189,1.72032261827731e-09
"ENSG00000198854","KPLCE",1.56910481726287,0.00400281120656691,"KPLCE",1.67268081003376,0.000453829031842944
"ENSG00000198886","MT-ND4",0.592062114726441,0.000336078126096334,"MT-ND4",0.757030205102332,1.89371965077864e-07
"ENSG00000198888","MT-ND1",0.610938670032985,0.000240113596178005,"MT-ND1",0.627512589298859,9.41371731757024e-06
"ENSG00000198899","MT-ATP6",0.836156817152811,1.17655551813181e-06,"MT-ATP6",0.732941962958171,3.52411933609324e-07
"ENSG00000198919","DZIP3",0.441530210088689,0.00687896685066719,"DZIP3",0.462144156435431,0.000809048244836425
"ENSG00000198938","MT-CO3",1.2151233805152,6.43321475375093e-11,"MT-CO3",1.00375787029198,1.0031939728934e-10
"ENSG00000198959","TGM2",2.2918865750283,1.74222179362784e-13,"TGM2",1.08985662945316,1.43885744086367e-05
"ENSG00000203722","RAET1G",1.11385712543536,5.05310284927215e-05,"RAET1G",1.38558320151707,7.56007184671883e-08
"ENSG00000203805","PLPP4",0.993633550681275,0.0168924426445559,"PLPP4",0.842085573727673,0.0122292329522049
"ENSG00000204138","PHACTR4",0.283430340385699,0.000590434225437708,"PHACTR4",0.251691975366094,0.000413047622410008
"ENSG00000204217","BMPR2",0.54908761133494,0.000198734890434952,"BMPR2",0.366110471002973,0.00317904277656861
"ENSG00000204264","PSMB8",0.844240313464402,0.000122180792338378,"PSMB8",1.03183231059468,7.59401292911125e-08
"ENSG00000204272","NBDY",0.748177689368228,3.6732163750163e-07,"NBDY",0.391560926732223,0.00116018723757054
"ENSG00000204590","GNL1",0.491553926857174,2.73218834731799e-06,"GNL1",0.207700674027935,0.0284946228043096
"ENSG00000205336","ADGRG1",0.515727206060721,0.00097423304949605,"ADGRG1",0.627788986149077,4.17787924964006e-06
"ENSG00000205485",NA,1.07765443564751,0.0025167316638134,NA,0.57859065337965,0.0125376479807552
"ENSG00000210100",NA,0.822135341427267,0.0086256055652837,NA,0.593310542628197,0.0122389022940642
"ENSG00000210107",NA,0.585150938101148,0.0197507028007078,NA,1.54904372859599,3.43079204449275e-08
"ENSG00000210127",NA,0.597081527025282,0.0377046163059893,NA,1.8656782663718,1.62091290050854e-07
"ENSG00000210154",NA,2.89566412754508,1.14707247878735e-05,NA,1.20891451590893,0.00107540923189223
"ENSG00000211584","SLC48A1",0.341173938922438,0.0246684389193461,"SLC48A1",0.28182200920675,0.0371914116739158
"ENSG00000212464","SNORA12",0.868661274360719,0.00621817958985209,"SNORA12",1.7052638589731,1.58869976527031e-07
"ENSG00000213463","SYNJ2BP",0.275080645684715,0.0133071006089778,"SYNJ2BP",0.304308394558725,0.00144539918016634
"ENSG00000213614","HEXA",0.278601779889499,0.0308572922686881,"HEXA",0.383751796700994,0.000431430284550406
"ENSG00000213983","AP1G2",0.336397830683305,0.0104234194607247,"AP1G2",0.247933291721356,0.0339089048230428
"ENSG00000214140","PRCD",1.18377095219877,0.0100122093088883,"PRCD",1.35168766315798,0.00104597672921642
"ENSG00000214357","NEURL1B",0.481290381219551,0.0456818978119597,"NEURL1B",1.25882963372441,3.82326135784572e-05
"ENSG00000214796",NA,0.692088949038152,0.00946143290232403,NA,1.11764109845384,4.08714256275182e-05
"ENSG00000215440","NPEPL1",0.910249538653117,0.00156474657109451,"NPEPL1",1.48243229564417,1.25671921244315e-07
"ENSG00000215908",NA,0.328879160066581,0.0313761349112213,NA,0.339389010717603,0.00851117777687001
"ENSG00000221890","NPTXR",0.590092383627285,0.0258098566459499,"NPTXR",1.02092907063443,0.000653936054749329
"ENSG00000221968","FADS3",0.362059653593453,0.0203584154136654,"FADS3",0.336498096938585,0.0122900333629024
"ENSG00000222009","BTBD19",1.04266807092581,0.00382168432444133,"BTBD19",1.34386206097641,3.48160558750024e-05
"ENSG00000224032",NA,0.427988777142645,0.00466466700613089,NA,0.371652084901797,0.00368425379813697
"ENSG00000224525",NA,0.602331394498155,0.0475178645690951,NA,1.50135594309749,0.000354148500866939
"ENSG00000224897","POT1-AS1",0.614083253566808,0.0478451460419843,"POT1-AS1",1.06370606572224,0.00464733997282997
"ENSG00000225470","JPX",0.447825099487485,2.37273349434635e-06,"JPX",0.352664078282486,7.35789016750563e-06
"ENSG00000225697","SLC26A6",0.425522324398012,0.00881199498199825,"SLC26A6",0.799130218484468,9.51176059231367e-08
"ENSG00000226419","SLC16A1-AS1",0.396976149585986,0.00353223132942939,"SLC16A1-AS1",0.275127223709139,0.0173050513834346
"ENSG00000227615",NA,0.694650440181363,1.25168309768048e-05,NA,0.298833158091206,0.0217823437789809
"ENSG00000227627",NA,0.702397361798427,0.0354917552496229,NA,0.5113482811127,0.028230198656625
"ENSG00000228649","SNHG26",0.513413058943511,0.00195057421821956,"SNHG26",0.413320146949379,0.00199668756333065
"ENSG00000228672","PROB1",1.31837841499164,0.00045837081625127,"PROB1",0.733181511796448,0.00405301144461189
"ENSG00000229656","ITGB1-DT",0.606964863375759,0.0307410195185913,"ITGB1-DT",0.7206552448374,0.00368425379813697
"ENSG00000230124","ACBD6",0.349283205145887,0.00662431420188297,"ACBD6",0.295189984599013,0.00755980117024571
"ENSG00000230658",NA,0.617558210397518,0.0495575545436132,NA,0.688113999982207,0.0221996669863352
"ENSG00000231312","MAP4K3-DT",0.472242171120366,0.00191970156627518,"MAP4K3-DT",0.489801330591102,0.00011119896458759
"ENSG00000231638","LUARIS",2.79006736404944,2.59974871894335e-06,"LUARIS",1.7690233848293,2.61822827147763e-06
"ENSG00000231666","LINC01704",3.08396458161438,7.74961864919745e-11,"LINC01704",1.8907643375167,6.38096017521783e-12
"ENSG00000231925","TAPBP",0.476163701158012,3.29320084563076e-05,"TAPBP",0.348268209312243,0.00038517046779121
"ENSG00000232931",NA,0.492471462389322,0.0269103641555071,NA,0.501659204459104,0.0107379397715762
"ENSG00000233058",NA,0.740053563490532,0.0331454660344391,NA,1.18725847777434,0.00246266178363863
"ENSG00000233276","GPX1",0.443155972802006,0.00144637659669474,"GPX1",0.300463353292025,0.0116938682283617
"ENSG00000233452","STXBP5-AS1",1.55123498301657,0.00458450812873632,"STXBP5-AS1",0.880217250549776,0.00732137813947701
"ENSG00000233621","LITATS1",0.762825459444999,0.0189062599289529,"LITATS1",0.868442116457575,0.00197941914868844
"ENSG00000233901","LINC01503",2.38599028163129,2.69024490399429e-13,"LINC01503",1.34475990662321,2.53510555546042e-07
"ENSG00000235098","ANKRD65",2.09825117645893,1.14704695503672e-07,"ANKRD65",2.48849185528973,9.90181575714916e-17
"ENSG00000235823","OLMALINC",0.878541180447135,0.00605138032204198,"OLMALINC",0.465417689906808,0.0274900604823768
"ENSG00000235954","TTC28-AS1",0.356527006945859,0.0263629425288025,"TTC28-AS1",0.65342209107581,4.36340398853547e-06
"ENSG00000237441","RGL2",0.517256643565256,0.000230326170498697,"RGL2",0.411149740953298,0.000640373191323444
"ENSG00000237686","SCIRT",2.39727838933592,2.08861581487015e-05,"SCIRT",0.593560335561959,0.0195765588583632
"ENSG00000239039","SNORD13",1.47435719280599,3.57665163549118e-06,"SNORD13",1.845403170974,8.45529696566722e-13
"ENSG00000240891","PLCXD2",1.79159126064542,4.04441623287896e-05,"PLCXD2",0.528228896873796,0.0209337266092007
"ENSG00000241839","PLEKHO2",0.853297921185878,0.000867934833538417,"PLEKHO2",1.11869876099735,7.41460504142123e-07
"ENSG00000242147","LINC02677",1.62054363800023,5.73959956743326e-06,"LINC02677",0.714792986079903,0.00162317769493985
"ENSG00000242612","DECR2",0.356588571609748,0.0153657583591949,"DECR2",0.519772756566755,9.08586281539258e-05
"ENSG00000242622","GSK3B-DT",0.735723366291959,0.0139743495269318,"GSK3B-DT",0.992985785843406,0.000765797296096066
"ENSG00000243225",NA,2.27306668842515,0.000269455888394023,NA,2.27383574537951,6.51651593328040e-09
"ENSG00000243279","PRAF2",0.489883958737476,0.00194863069325771,"PRAF2",0.449209034676797,0.000850586881684682
"ENSG00000243943","ZNF512",0.537497734422726,0.000951101432693967,"ZNF512",0.305463795551428,0.0287914606932989
"ENSG00000244376","RN7SL636P",1.97768282565953,0.00117569930614931,"RN7SL636P",1.3733192248765,0.00122094769818867
"ENSG00000244509","APOBEC3C",1.75834833359577,3.02699272587698e-47,"APOBEC3C",1.46697137213902,1.74984691370035e-48
"ENSG00000245648","KLRK1-AS1",0.737948020750496,0.0320729360881949,"KLRK1-AS1",0.57902237398985,0.0346595275381265
"ENSG00000247240","UBL7-DT",1.02492073286745,2.35297967364215e-05,"UBL7-DT",0.379565050038279,0.0126201197074096
"ENSG00000247675","LRP4-AS1",1.24949548987869,0.000649187385253903,"LRP4-AS1",1.46271541519329,1.13721494396223e-06
"ENSG00000247796","MOCS2-DT",0.663165301519307,0.00071528512738361,"MOCS2-DT",0.343330918616573,0.026852350790599
"ENSG00000248323","LUCAT1",1.49732383002037,0.000471763086074169,"LUCAT1",0.432948677038947,0.0326054154499753
"ENSG00000248487","ABHD14A",0.880414705474121,1.01791831643886e-05,"ABHD14A",0.298900200173343,0.0482352749957949
"ENSG00000248527","MTATP6P1",0.776920246421317,8.32988842718481e-05,"MTATP6P1",0.779769281365662,4.29234233219533e-06
"ENSG00000248905","FMN1",0.429013991662526,0.0485649184614086,"FMN1",0.811186910104992,0.000551761799407836
"ENSG00000250461",NA,0.683571856041073,0.0301719024199039,NA,0.458127503110751,0.0377436323256458
"ENSG00000251136","PARAIL",0.362882515231598,0.0439701014121166,"PARAIL",0.755228997679841,1.6731494155118e-05
"ENSG00000251191","LINC00589",0.668211667451205,0.042138650862886,"LINC00589",0.897717077510344,0.00991644431795276
"ENSG00000251562",NA,0.420222321986691,0.0439701014121166,NA,1.2008448830296,4.9875428058204e-07
"ENSG00000253276","CCDC71L",0.414756084267888,0.0122924202576814,"CCDC71L",0.531515672402643,0.00016337416149891
"ENSG00000253320",NA,0.593614228405566,0.0467932735287006,NA,0.986650417404495,0.00278916133203793
"ENSG00000254505","CHMP4A",1.39895885491887,1.35606073907854e-07,"CHMP4A",0.927758602753539,2.32176748483524e-06
"ENSG00000254536",NA,0.725560158665589,0.00303673631860776,NA,0.632366195620116,0.00181928489939503
"ENSG00000254726","MEX3A",0.554133176341348,0.00163979636698288,"MEX3A",0.484996536215837,0.00104713205562998
"ENSG00000254911","SCARNA9",0.658938823472154,0.0318936568467831,"SCARNA9",1.14796879977447,0.000619120474240028
"ENSG00000255248","MIR100HG",0.47182665253969,0.0150569861500838,"MIR100HG",0.538719639237022,0.00166993481339837
"ENSG00000255302","EID1",0.221230821299085,0.0230982294189428,"EID1",0.191246499333453,0.0240344874806306
"ENSG00000255856",NA,1.27956114409071,0.0010022637795166,NA,0.650020806817914,0.00815269565492464
"ENSG00000256268","LINC02454",2.05397569645777,3.21954424599568e-07,"LINC02454",0.93159344285814,0.000125115679135577
"ENSG00000257298",NA,1.67499867480347,0.00098035093733846,NA,0.456564263848042,0.0494791787775264
"ENSG00000258464","LOC105370409",2.55234069095494,2.18030070230008e-05,"LOC105370409",0.593863566624283,0.0196397521758539
"ENSG00000258561",NA,0.633117322336251,0.0394992064482578,NA,0.53988886630865,0.0339255446367832
"ENSG00000258590",NA,0.627777315482498,0.0414653953080643,NA,0.937977905368796,0.00246588387409162
"ENSG00000259107","LINC00911",2.2935444533359,0.00012505288184815,"LINC00911",1.30034302459993,0.000267008428539689
"ENSG00000259153","MAP3K9-DT",1.31585590193836,2.15830956159015e-14,"MAP3K9-DT",1.24936189477021,2.91277669400588e-18
"ENSG00000260912",NA,1.26096522864287,0.000121307896832807,NA,1.16131836166319,2.37040179645755e-05
"ENSG00000262001",NA,1.72734037654193,0.000693363890399222,NA,0.935168324981032,0.00260702864044611
"ENSG00000262380",NA,1.32841346665791,0.00369335941658412,NA,0.871888757173232,0.00398774720001554
"ENSG00000262879",NA,0.355471997190507,0.018594050928029,NA,0.854500208880153,2.4630946619365e-09
"ENSG00000263004","AKAP1-DT",0.683360218027757,0.0266560678242113,"AKAP1-DT",1.08856981564052,0.00145451484756018
"ENSG00000265763","ZNF488",1.39734517338178,8.77160370908091e-07,"ZNF488",1.10638364030356,1.81653663274851e-06
"ENSG00000266278","LINC01910",0.695291067677292,0.0266198664378187,"LINC01910",0.597304016287241,0.0246869917185337
"ENSG00000267106","ZNF561-AS1",0.765143863339536,6.40693167435445e-05,"ZNF561-AS1",1.14469318733936,3.02523417562847e-12
"ENSG00000267519",NA,1.12366706916916,2.18888857291405e-05,NA,0.483386305073215,0.00733848953590117
"ENSG00000267534","S1PR2",0.683274972046686,0.00446679220109029,"S1PR2",0.490554193126349,0.0103310095045893
"ENSG00000269190","FBXO17",1.78015767640858,0.00103367142215753,"FBXO17",1.06325751645076,0.00136904064350057
"ENSG00000269729","LOC105372424",1.85105341527016,6.32254746526034e-06,"LOC105372424",2.29728559190244,5.03342155862167e-11
"ENSG00000269927",NA,1.94918571836342,4.67993207710632e-05,NA,1.62330078005457,5.99357416244172e-07
"ENSG00000269976",NA,2.02518095004658,0.000825505976767874,NA,1.18998592651744,0.00245318556023284
"ENSG00000271614","ATP2B1-AS1",1.28035463160873,0.00363387455197715,"ATP2B1-AS1",0.989348838432249,0.00183670954439286
"ENSG00000272695","GAS6-DT",1.97343545069855,6.66054969752106e-06,"GAS6-DT",1.21500263582102,0.000596545915300303
"ENSG00000273033","LINC02035",1.0756120008857,0.00042305833272016,"LINC02035",1.55397948826929,6.18067628312323e-09
"ENSG00000273199",NA,1.33012153009747,0.00401295400014484,NA,0.75686914734397,0.0110653336320374
"ENSG00000273486",NA,0.571048214392377,0.0319894008733995,NA,1.30594096836634,3.75217421562858e-05
"ENSG00000273706","LHX1",2.72978628936545,2.24211636685925e-10,"LHX1",0.95493840692232,4.94540598252117e-05
"ENSG00000273727","LOC124904631",0.744968271978389,0.031347443345909,"LOC124904631",0.957377097562465,0.00480086668306596
"ENSG00000274422",NA,0.909484665523832,0.00105086096762318,NA,0.415016885182597,0.027820479160695
"ENSG00000276170","LOC101929494",0.531187357292075,0.00358643562656621,"LOC101929494",0.834431048228169,7.54081153623421e-05
"ENSG00000277639","CHD9NB",0.597461532693429,0.0416764809771493,"CHD9NB",1.17749800942483,0.00188389531677949
"ENSG00000278540","ACACA",0.417847409027048,0.000310339964792276,"ACACA",0.350869597260665,0.000442073258241158
"ENSG00000278626",NA,0.686673821858414,0.015523370872221,NA,1.02156050065346,0.000343934952196284
"ENSG00000279384",NA,0.721725061537258,0.0273451520458254,NA,0.474758305045876,0.0494998272295907
"ENSG00000280132",NA,1.70153283940235,0.00219959892895192,NA,0.727823327509885,0.00990783853734788
"ENSG00000283959","LOC101927245",0.966811705005056,0.0161843213483441,"LOC101927245",0.63411610568611,0.0241205448549356
"ENSG00000286156",NA,0.648571490929604,0.00311295225711258,NA,0.84145734929042,3.79767979101165e-05
"ENSG00000286177","LOC105372401",0.791802978414171,0.0306402638751234,"LOC105372401",0.635169124696713,0.0257030654068073
"ENSG00000286787",NA,0.754690431819107,0.0215954723726612,NA,0.696369182576737,0.00926138625416732
"ENSG00000287054",NA,1.28504013698818,0.00684672981184481,NA,2.20997847413709,6.54782435908202e-05
"ENSG00000287929",NA,0.786389212411763,8.12810479320182e-09,NA,0.444804962476726,7.22306807801397e-05
"ENSG00000287937","LOC124907871",1.12793161924325,0.012613278244817,"LOC124907871",0.765403025253331,0.0162049879502336
"ENSG00000289161","LOC100310756",0.718555145108285,0.0114756352230442,"LOC100310756",0.797797952443534,0.00164792449016366
"ENSG00000289852",NA,3.49199803131068,3.67493431737831e-06,NA,1.27215770266642,0.000364579011505791
