"ENSEMBL","SYMBOL_wt","log2FC_wt","padj_wt","SYMBOL_KO","log2FC_KO","padj_KO"
"ENSG00000002079","MYH16",1.00525516783898,2.04110370864466e-07,"MYH16",1.38966970157194,9.72541847586919e-13
"ENSG00000003400","CASP10",0.530893953729567,0.0317970210958588,"CASP10",0.196720080174232,0.374664149356661
"ENSG00000004487","KDM1A",0.00710243950899324,0.976362330857382,"KDM1A",0.218708712384834,0.0266864548398992
"ENSG00000005059","MCUB",-1.16191137746038,4.87588222097523e-23,"MCUB",-0.693568644324637,1.17679177241551e-09
"ENSG00000005156","LIG3",-0.113369913281297,0.284836146270737,"LIG3",0.169104205962963,0.07966265995002
"ENSG00000005189","REXO5",0.377086226512323,0.0283870544765235,"REXO5",0.973677078675843,3.76985186253229e-08
"ENSG00000005302","MSL3",0.208328534908079,0.0190913925806523,"MSL3",0.008657981422119,0.951698856581089
"ENSG00000006118","TMEM132A",0.263928813051473,0.112555048335914,"TMEM132A",0.237394996890467,0.135411932511019
"ENSG00000006282","SPATA20",0.258056459797611,0.0616170799559833,"SPATA20",-0.0421343567340489,0.83369057945543
"ENSG00000006432","MAP3K9",0.553178136884292,0.000791615745218478,"MAP3K9",0.839362467158487,2.01024859541652e-05
"ENSG00000006607","FARP2",-0.183472259507573,0.15309914898424,"FARP2",-0.179300892986595,0.152494735644313
"ENSG00000007047","MARK4",0.328552928784061,0.0158668969670315,"MARK4",0.263573868876763,0.0513886733348178
"ENSG00000007923","DNAJC11",0.00145210724158975,0.999433637321825,"DNAJC11",0.105139628194586,0.32093744524482
"ENSG00000007968","E2F2",-0.846876830608614,3.45538273439769e-05,"E2F2",-0.980854240649395,6.21076619275626e-06
"ENSG00000008283","CYB561",0.904792346892113,2.30551573327032e-13,"CYB561",0.69575394653279,5.96366745764491e-06
"ENSG00000008311","AASS",-0.0908765453274065,0.535769948777,"AASS",0.0764133383934893,0.59686952646918
"ENSG00000008394","MGST1",0.201191659976955,0.0419849277506256,"MGST1",0.249332751955309,0.00762286017158804
"ENSG00000008952","SEC62",0.0989187584470295,0.203801761065375,"SEC62",-0.0203063002556424,0.860883940935723
"ENSG00000009830","POMT2",0.149767785158995,0.192559704399314,"POMT2",0.292291062997381,0.00373610768090562
"ENSG00000010244","ZNF207",-0.258093637958228,6.64514716823886e-05,"ZNF207",-0.247471927122036,0.000191009718141037
"ENSG00000010256","UQCRC1",0.129614482518173,0.194200000868891,"UQCRC1",0.0703866766198819,0.534483338373181
"ENSG00000010704","HFE",-0.0838353178151506,0.773879217084317,"HFE",0.400901111329052,0.0678963948368314
"ENSG00000011028","MRC2",-0.270116890396083,0.190244565801215,"MRC2",-0.32867255494762,0.0752296756541233
"ENSG00000011105","TSPAN9",-0.173727182618833,0.406818397836508,"TSPAN9",-0.452728775161661,0.0102116391832878
"ENSG00000011198","ABHD5",0.052718911992212,0.731415454413399,"ABHD5",0.175298390131781,0.12335899115828
"ENSG00000011260","UTP18",-0.261804203940024,0.0055183553230967,"UTP18",0.0214351050217419,0.891937497809129
"ENSG00000011304","PTBP1",-0.288385525687985,0.000223575701727588,"PTBP1",0.0111667449452579,0.935987768251914
"ENSG00000011485","PPP5C",-0.00878741410729882,0.976371682540351,"PPP5C",0.169624419465466,0.194810067551565
"ENSG00000012061","ERCC1",0.0375880156281015,0.749746598242551,"ERCC1",0.137568229669543,0.108165247385265
"ENSG00000012124","CD22",-0.757355981772308,0.00217100162241378,"CD22",-0.927739989815036,0.000345261778502093
"ENSG00000012171","SEMA3B",1.43348836884968,5.65114901256451e-08,"SEMA3B",1.41030899162206,8.08824297686165e-10
"ENSG00000012983","MAP4K5",-0.348809075811812,8.96520980192276e-06,"MAP4K5",-0.0789774293712127,0.421513568832971
"ENSG00000013503","POLR3B",-0.463606135064844,2.70323901758187e-06,"POLR3B",-0.0911334762975825,0.469466670192699
"ENSG00000018699","TTC27",-0.349164090798395,0.00135967122335654,"TTC27",-0.234501853943514,0.0467820179301868
"ENSG00000019144","PHLDB1",0.729530930804934,9.84802526929155e-09,"PHLDB1",0.789425522055735,1.71775967333785e-09
"ENSG00000019186","CYP24A1",-0.0191378169959816,0.965013208677084,"CYP24A1",0.164872710815022,0.475053543738924
"ENSG00000023171","GRAMD1B",0.0681925388772418,0.761245686372821,"GRAMD1B",0.097361057173504,0.610806024581249
"ENSG00000023572","GLRX2",0.0366458910992577,0.815664802565515,"GLRX2",0.113408845913594,0.337031628140939
"ENSG00000023892","DEF6",0.20703780625473,0.340659898665239,"DEF6",0.250369689444137,0.180197560907377
"ENSG00000023902","PLEKHO1",0.0579601584859725,0.743957049385625,"PLEKHO1",0.149003708458839,0.275739322736782
"ENSG00000025293","PHF20",0.364086617200418,7.00912834555119e-08,"PHF20",0.555047359798566,3.47817487001331e-17
"ENSG00000026025","VIM",-0.474427128806996,0.00222573975227559,"VIM",-0.494524884715929,0.00112015774478449
"ENSG00000026508","CD44",0.271338048531678,2.46658387447798e-05,"CD44",0.196520675199736,0.00331885737292641
"ENSG00000028116","VRK2",0.0233436715924856,0.908749857401802,"VRK2",-0.0616842375275411,0.703118774116545
"ENSG00000028277","POU2F2",-0.558880773028579,0.00293613861314918,"POU2F2",-0.311490916290815,0.0700564222097806
"ENSG00000029363","BCLAF1",0.0129850325218223,0.933964719214992,"BCLAF1",-0.129862098026578,0.163994993600311
"ENSG00000030582","GRN",0.990037604296752,1.51628785101599e-17,"GRN",0.512896938626081,8.88894760910373e-06
"ENSG00000032219","ARID4A",0.346333189304557,0.00124056146288783,"ARID4A",0.254804577028535,0.019141226423286
"ENSG00000032742","IFT88",-0.325942930893995,0.0295244083929682,"IFT88",-0.297788424567625,0.0324269930627703
"ENSG00000033100","CHPF2",0.342845077121806,0.00243076623538025,"CHPF2",0.254324230662659,0.0292012128512667
"ENSG00000034677","RNF19A",0.194429103658527,0.193212627978509,"RNF19A",0.00715805755230252,0.971820551997054
"ENSG00000035681","NSMAF",-0.890162713068752,1.17119440860888e-20,"NSMAF",-0.501395032332676,5.7216107116396e-08
"ENSG00000035862","TIMP2",0.114243322453227,0.361288951617386,"TIMP2",0.0689234521505001,0.615923073736657
"ENSG00000035928","RFC1",0.00176044139918617,0.99807438264485,"RFC1",0.114979110556848,0.175444073574235
"ENSG00000037042","TUBG2",0.10001578377621,0.649530730930749,"TUBG2",-0.0721291184191298,0.738697771886988
"ENSG00000037757","MRI1",0.217544041314077,0.0243434698847482,"MRI1",0.0253734382400161,0.875854829811456
"ENSG00000037897","METTL1",-0.0123087913269644,0.955618300106097,"METTL1",0.272777847707139,0.0133710211532402
"ENSG00000038274","MAT2B",0.0339058208796515,0.858773756305685,"MAT2B",0.0740478770346586,0.633513000394859
"ENSG00000039068","CDH1",-0.0136042718070307,0.979897728629427,"CDH1",-0.0338456992848338,0.90933728767554
"ENSG00000040341","STAU2",-0.729413631602382,1.15950518536966e-06,"STAU2",-0.60901304486793,2.22718710636884e-05
"ENSG00000040531","CTNS",0.38719241374781,0.0108321095301003,"CTNS",0.304760977866465,0.0411022766060209
"ENSG00000040633","PHF23",-0.191031577001035,0.0263823654834307,"PHF23",-0.216081617562759,0.0100471238815999
"ENSG00000041802","LSG1",0.429083660428623,8.13224300674063e-17,"LSG1",0.255654241269536,2.39137504067062e-06
"ENSG00000041880","PARP3",0.172547272594117,0.177952843568893,"PARP3",-0.194359749745786,0.118541317128418
"ENSG00000041982","TNC",-1.7157960290648,3.42656869602829e-09,"TNC",-1.65531186602455,3.61839283097292e-09
"ENSG00000042445","RETSAT",0.947078255633602,1.5443471725174e-25,"RETSAT",1.09687502984521,6.14935949703581e-34
"ENSG00000044090","CUL7",0.270342165258094,0.101917627588395,"CUL7",-0.0349714292680188,0.88410797169007
"ENSG00000046647","GEMIN8",-0.107310122690537,0.634985124488395,"GEMIN8",-0.399933290360042,0.0222270345920338
"ENSG00000047579","DTNBP1",-0.309092767478007,0.00129444068003513,"DTNBP1",-0.293150333630303,0.00195688510432111
"ENSG00000047936","ROS1",0.251711060360889,0.388132227223791,"ROS1",1.47836463001454,0.00250112649131012
"ENSG00000048162","NOP16",-0.244880425162568,0.0023108420912232,"NOP16",-0.144718238855738,0.102358777572222
"ENSG00000048405","ZNF800",-0.188030039077524,0.0703019504786477,"ZNF800",-0.353011421114857,0.00021417201018128
"ENSG00000048471","SNX29",-0.163973111439176,0.384410896881722,"SNX29",-0.534500265451454,0.00192239777039708
"ENSG00000048649","RSF1",0.01652498131755,0.90814903529056,"RSF1",0.0505835046644189,0.658150529240046
"ENSG00000049245","VAMP3",0.0688912307293708,0.556850965698429,"VAMP3",-0.0759171302227285,0.523902058365869
"ENSG00000049323","LTBP1",-0.419058178515191,0.0692974552606658,"LTBP1",-1.28766616557439,1.46901361561305e-06
"ENSG00000049656","CLPTM1L",0.112167291548567,0.303145827528269,"CLPTM1L",0.265267056925723,0.00373610768090562
"ENSG00000053254","FOXN3",-0.144416852543372,0.289201205258404,"FOXN3",-0.47286922219977,5.99188817343723e-05
"ENSG00000054148","PHPT1",0.659235188730478,2.83296453282296e-06,"PHPT1",0.420355875475736,0.00207339552704087
"ENSG00000054392","HHAT",0.256939330328089,0.179680028978708,"HHAT",0.663480248073515,0.000282900741060664
"ENSG00000055147","FAM114A2",-0.048380235667242,0.746290373305594,"FAM114A2",-0.0159424248337541,0.929081738009516
"ENSG00000055163","CYFIP2",0.504852334582383,0.00317415552572488,"CYFIP2",0.451132152914341,0.00637805720007545
"ENSG00000057149","SERPINB3",0.239015525193424,0.386381189045175,"SERPINB3",0.721973930187585,0.0376305745774287
"ENSG00000057294","PKP2",-0.169281791530796,0.439325690596871,"PKP2",0.648543104026922,0.00560529205870501
"ENSG00000058729","RIOK2",0.204531359353215,0.0535063623070572,"RIOK2",-0.0915667584964201,0.477872283901145
"ENSG00000060491","OGFR",0.321961305828253,1.31852577473382e-05,"OGFR",0.247743702161064,0.00138363022857768
"ENSG00000062038","CDH3",-0.00267555326283258,0.999559162348204,"CDH3",-0.158184445641703,0.499785884840459
"ENSG00000063244","U2AF2",0.0367749394331019,0.800197068562102,"U2AF2",0.150156687619521,0.149209339970083
"ENSG00000064205","CCN5",-0.165478427745561,0.561253789365481,"CCN5",-0.030842636186549,0.917091575033705
"ENSG00000064300","NGFR",0.0407629594912042,0.910860599730433,"NGFR",-1.14646067746502,0.000119076389235232
"ENSG00000064545","TMEM161A",0.456106418435848,7.94274304246028e-06,"TMEM161A",0.469215509468859,7.14824206827257e-06
"ENSG00000064607","SUGP2",0.274529687507534,0.00110013426459286,"SUGP2",0.195073241050138,0.0267171709342197
"ENSG00000064692","SNCAIP",-2.43727956045794,5.29238547870442e-06,"SNCAIP",-2.58275566648544,1.87808367733572e-07
"ENSG00000064886","CHI3L2",0.0580363191126039,0.858773756305685,"CHI3L2",0.197042231573929,0.376093145299
"ENSG00000064932","SBNO2",0.421450148643569,0.000277974384486708,"SBNO2",0.459794546328634,6.95368282395304e-05
"ENSG00000065183","WDR3",-0.113321281270989,0.113534532581122,"WDR3",-0.100184810443904,0.179693227714721
"ENSG00000065357","DGKA",0.771641945146682,1.18947268511107e-21,"DGKA",0.982805801706796,1.10258950921488e-34
"ENSG00000065427","KARS1",0.000963552822527968,0.999433637321825,"KARS1",-0.0912593013745264,0.168766391428212
"ENSG00000065457","ADAT1",-0.0547719375633444,0.592747111259953,"ADAT1",0.0132450870873025,0.92286628058092
"ENSG00000065485","PDIA5",-0.61721881923493,5.97671451666623e-09,"PDIA5",-0.596480528192428,4.56231368763427e-08
"ENSG00000065534","MYLK",-0.315352521818968,0.00870087128903296,"MYLK",-0.583521131137863,5.03586615677635e-07
"ENSG00000065548","ZC3H15",0.23262351076638,0.00164312083887511,"ZC3H15",0.157432559876121,0.0442821923043108
"ENSG00000065615","CYB5R4",-0.252091046951672,0.0544350988190361,"CYB5R4",-0.459425025513709,0.000203249073089349
"ENSG00000065882","TBC1D1",-0.500950918433392,5.86218989167067e-10,"TBC1D1",-0.0934371451691472,0.351415032586069
"ENSG00000065911","MTHFD2",-0.530039084045563,9.41980969224367e-08,"MTHFD2",-0.379202996732226,0.000118988640938745
"ENSG00000065923","SLC9A7",-0.604144886362059,9.19514157838802e-10,"SLC9A7",-0.888380712248171,2.99174810199437e-18
"ENSG00000066027","PPP2R5A",0.101266501351358,0.489452284960807,"PPP2R5A",0.766148474982027,3.52797053251202e-11
"ENSG00000066136","NFYC",-0.177033972155816,0.13873961670424,"NFYC",0.189319525429384,0.088141808918128
"ENSG00000066322","ELOVL1",0.306511317651048,0.00795120906933819,"ELOVL1",0.0949573120261928,0.505065408858423
"ENSG00000066468","FGFR2",0.082677394014414,0.80753784793197,"FGFR2",0.208831051613167,0.386767989409902
"ENSG00000066654","THUMPD1",0.0137462383390264,0.908013437765905,"THUMPD1",-0.0326765139397034,0.763340320859782
"ENSG00000066697","MSANTD3",-0.183300891405697,0.0347243359468568,"MSANTD3",-0.0506015308710566,0.660380499600259
"ENSG00000067248","DHX29",0.141182820791902,0.0910917498713614,"DHX29",0.1086081158484,0.22152562844047
"ENSG00000067365","METTL22",-0.104342415641866,0.563996417972,"METTL22",0.153275545215185,0.308623944937454
"ENSG00000068097","HEATR6",-0.224464226997315,0.0103602286124374,"HEATR6",-0.0502343580549045,0.660986919469622
"ENSG00000068489","PRR11",-0.841811006619964,5.20319357958818e-14,"PRR11",-0.616847416287232,3.46621118473396e-08
"ENSG00000068903","SIRT2",0.0805243107803845,0.717150673121756,"SIRT2",0.348066657484137,0.0308717610984123
"ENSG00000069020","MAST4",-0.0535236323389122,0.769615903511913,"MAST4",-0.039256868612403,0.834869264621291
"ENSG00000069849","ATP1B3",0.154975605561291,0.05734226073574,"ATP1B3",0.123670336420909,0.147650734674505
"ENSG00000069869","NEDD4",-0.253869969809835,0.0549573566110705,"NEDD4",-0.0919330467848929,0.551745971357727
"ENSG00000069966","GNB5",-0.182946291862177,0.0696951146073959,"GNB5",-0.0719145264804995,0.535438325815274
"ENSG00000070081","NUCB2",-0.286219402893495,0.0126986372004979,"NUCB2",-0.389301086854159,0.000356269298594693
"ENSG00000070087","PFN2",-0.493667952371595,1.40818245352413e-06,"PFN2",-0.306858325449012,0.00288593447162718
"ENSG00000070729","CNGB1",0.0874304929044793,0.77418094239188,"CNGB1",-0.183220226037531,0.424487785909596
"ENSG00000070814","TCOF1",-0.0720285221889166,0.560576204131285,"TCOF1",0.0408251217031072,0.774065395183886
"ENSG00000071242","RPS6KA2",-2.06771249252814,7.39868733480776e-17,"RPS6KA2",-3.17109187431385,7.48110204514865e-38
"ENSG00000071243","ING3",-0.635131773783869,8.43610047618111e-12,"ING3",-0.172965449728501,0.0782563883379669
"ENSG00000071626","DAZAP1",-0.582059074029868,1.0263093897673e-20,"DAZAP1",-0.317497059642714,7.11572990230882e-07
"ENSG00000072195","SPEG",0.192861612052698,0.353453384209549,"SPEG",-0.132143157506508,0.494734240971717
"ENSG00000072274","TFRC",-0.313149986236208,0.00491621247942854,"TFRC",-0.370555976477285,0.000530988199092521
"ENSG00000072778","ACADVL",0.0325380264258607,0.800407438262327,"ACADVL",-0.137362455818945,0.130774529058725
"ENSG00000072786","STK10",0.25054110826703,0.0499806797953335,"STK10",0.246240915938748,0.0549991798842169
"ENSG00000073169","SELENOO",0.242767698916522,0.127318837630015,"SELENOO",0.310946861272191,0.0370765708916528
"ENSG00000074219","TEAD2",0.00908881291458723,0.983264841692771,"TEAD2",0.248424569084469,0.111879895678333
"ENSG00000074621","SLC24A1",-0.274973751079235,0.0852280729201984,"SLC24A1",-0.234235379037375,0.1244533471541
"ENSG00000075131","TIPIN",-0.441938102944713,0.000299431134693864,"TIPIN",-0.281697107129094,0.0209232511242644
"ENSG00000075275","CELSR1",-0.306336860502956,0.0473842275883506,"CELSR1",-0.575160831013166,3.9603169863965e-05
"ENSG00000075340","ADD2",-0.177053180977361,0.323944555707428,"ADD2",0.0188562752148988,0.937248461862684
"ENSG00000075568","TMEM131",0.199858230721284,0.117981341796744,"TMEM131",-0.0150463576206102,0.937522070029674
"ENSG00000075624","ACTB",-0.403454373000542,2.20630306326665e-06,"ACTB",-0.404847331655166,1.52060638259833e-06
"ENSG00000076003","MCM6",-1.36428582384216,2.11246250582695e-31,"MCM6",-1.20186694784014,2.93913095157865e-25
"ENSG00000076108","BAZ2A",0.62558674090852,5.1168927087597e-14,"BAZ2A",0.455569163593714,6.16511022523366e-08
"ENSG00000076248","UNG",-0.539210995865815,7.99482633403582e-09,"UNG",-0.828637309609001,2.73420808883981e-18
"ENSG00000076641","PAG1",-0.208621252277045,0.157274153003847,"PAG1",0.11180975242631,0.438598788405963
"ENSG00000076706","MCAM",0.0303192673603245,0.932088791893381,"MCAM",0.0860073210759039,0.722303378032601
"ENSG00000076984","MAP2K7",0.0809532649630491,0.625084757606914,"MAP2K7",0.0602082162994591,0.72660484082984
"ENSG00000077312","SNRPA",-0.208279688533682,0.0289362645196493,"SNRPA",0.159587657109297,0.104725260868241
"ENSG00000077549","CAPZB",-0.475876708454935,1.56101998594974e-14,"CAPZB",-0.548144381566933,6.25855824500235e-19
"ENSG00000077684","JADE1",-0.5384807391105,2.36791805805674e-09,"JADE1",-0.239742280740602,0.0093873541236879
"ENSG00000077942","FBLN1",-0.203377553060032,0.432510698081604,"FBLN1",0.000623073469423947,0.998389822306488
"ENSG00000078070","MCCC1",-0.327549451216171,0.0217264784198085,"MCCC1",-0.238420643025581,0.10431949376986
"ENSG00000078177","N4BP2",-0.0377502630889947,0.844706242298945,"N4BP2",0.0329888686060675,0.859790956749773
"ENSG00000078804","TP53INP2",0.404606997765857,0.0213227715417684,"TP53INP2",0.172505271644591,0.341418852650455
"ENSG00000078900","TP73",2.58977953654682,6.44740077139194e-05,"TP73",1.62179046759024,0.00229100314460298
"ENSG00000079263","SP140",-0.292353075534424,0.182412539095728,"SP140",0.248342205740512,0.20087190068218
"ENSG00000079308","TNS1",-0.653016086381837,0.000122292113197172,"TNS1",-0.713884792985099,1.27505828618783e-05
"ENSG00000079385","CEACAM1",6.36636177576974,2.44494105109242e-20,"CEACAM1",4.17488194715005,9.71404923969765e-10
"ENSG00000079785","DDX1",-0.235673816263021,0.000237903054082441,"DDX1",-0.0270527592269657,0.791854791874159
"ENSG00000079819","EPB41L2",-0.852480939096214,9.69675979345036e-26,"EPB41L2",-0.640707147872916,4.41570112525745e-15
"ENSG00000079974","RABL2B",0.0815790787153291,0.618281883696291,"RABL2B",0.251297600496502,0.0540651872496372
"ENSG00000081041","CXCL2",-0.0448070834925205,0.896708939988584,"CXCL2",-0.0191731471752571,0.944084242462285
"ENSG00000081059","TCF7",0.0509253405777383,0.890995216681107,"TCF7",0.0532918927434915,0.847168527812005
"ENSG00000081721","DUSP12",-0.145346021044557,0.311097040896864,"DUSP12",-0.00058046401978548,0.997993292062286
"ENSG00000081870","IFT25",-0.101234770279039,0.396136690887151,"IFT25",0.101286083657119,0.35787377493164
"ENSG00000082482","KCNK2",-1.44670103955688,5.34765058426854e-08,"KCNK2",-1.0646035755649,2.9418195735267e-06
"ENSG00000082701","GSK3B",-0.0322038920798358,0.771193734082871,"GSK3B",0.0254260380281318,0.832087347126983
"ENSG00000082898","XPO1",-0.374982986203929,2.39330400630314e-09,"XPO1",-0.119279552018917,0.0994393557153792
"ENSG00000083312","TNPO1",0.0207135176524424,0.852262629191382,"TNPO1",0.183961816401618,0.00894190352127898
"ENSG00000084234","APLP2",-0.0763606037567821,0.470598939233265,"APLP2",-0.0741928465716559,0.482995731014052
"ENSG00000084693","AGBL5",0.348064120172625,0.00057788946565365,"AGBL5",0.191182833556234,0.0861702522688697
"ENSG00000085185","BCORL1",0.749615289535456,3.04159682012482e-07,"BCORL1",0.858607272873088,3.86040104047176e-08
"ENSG00000085415","SEH1L",-0.327243181194575,0.000986662985156826,"SEH1L",-0.0940520287285631,0.437858335620977
"ENSG00000085491","SLC25A24",-0.112868711459495,0.306133891060272,"SLC25A24",-0.0320768615018014,0.829051915736318
"ENSG00000085662","AKR1B1",0.382876090852634,7.10511315557571e-09,"AKR1B1",0.0544341356676979,0.562688235940168
"ENSG00000086570","FAT2",0.0942624925201933,0.758275682589056,"FAT2",0.0602870865505289,0.823277402561362
"ENSG00000086589","RBM22",0.36213762258244,1.2994045392795e-09,"RBM22",0.219691106687446,0.000525546030625985
"ENSG00000086827","ZW10",-0.161609297977082,0.162264590693547,"ZW10",-0.0646396421294985,0.6443191835091
"ENSG00000087087","SRRT",0.322057275690564,2.21547080538517e-05,"SRRT",0.312310783263911,3.84659143194717e-05
"ENSG00000087460","GNAS",0.0923573331364757,0.348095137550082,"GNAS",-0.161429987508313,0.0618509952858813
"ENSG00000088305","DNMT3B",0.0343380540262878,0.908321684116569,"DNMT3B",0.348272820737997,0.0319555671605767
"ENSG00000088812","ATRN",-0.308144590525403,0.0195586444856906,"ATRN",-0.415668009062944,0.00119914327043604
"ENSG00000088826","SMOX",0.0879383882183136,0.701489992231533,"SMOX",-0.282145926724287,0.0906674635846579
"ENSG00000088836","SLC4A11",1.51417132611426,3.19862967697742e-09,"SLC4A11",1.70241803407634,2.24645758924285e-08
"ENSG00000088899","LZTS3",0.565656008188465,0.00287561768200351,"LZTS3",0.654910862781902,0.00140593542556937
"ENSG00000089195","TRMT6",-0.140223053033533,0.190089841064073,"TRMT6",-0.011257765201904,0.942362606020151
"ENSG00000089486","CDIP1",1.26236416985194,3.26143519478173e-31,"CDIP1",1.16331333145012,4.85107803625903e-25
"ENSG00000089693","MLF2",0.473279080523659,4.03811055877183e-10,"MLF2",0.540325552154531,1.00397118880944e-12
"ENSG00000089876","DHX32",0.149776993324123,0.199963598851855,"DHX32",0.357964645082423,0.000415959808422562
"ENSG00000090060","PAPOLA",-0.264402781230209,1.79098594339424e-06,"PAPOLA",-0.0856622030595642,0.197333659186233
"ENSG00000090097","PCBP4",0.05309343393048,0.759243569457173,"PCBP4",0.0989321614587835,0.496591995486389
"ENSG00000090447","TFAP4",-0.738999202684172,2.60334669838398e-11,"TFAP4",-0.264645999182129,0.016861527860667
"ENSG00000090776","EFNB1",1.15360531862331,9.88579857017825e-27,"EFNB1",0.384237513925761,0.00055377771059353
"ENSG00000090857","PDPR",0.083152267741527,0.505885478734936,"PDPR",-0.0839152915397342,0.49821977011181
"ENSG00000090863","GLG1",-0.388723930176383,2.72936327607215e-06,"GLG1",-0.307427730900986,0.000216063956357921
"ENSG00000091073","DTX2",0.337903818458133,0.0111168848271716,"DTX2",0.332649419792972,0.0107057569252325
"ENSG00000091136","LAMB1",-0.147142043661356,0.407401663258276,"LAMB1",-0.00887005350920397,0.967518244567326
"ENSG00000091527","CDV3",-0.28916564416076,0.00354833830377229,"CDV3",-0.191520571237702,0.0645754463603077
"ENSG00000091592","NLRP1",0.380461746337501,0.0137272444032678,"NLRP1",0.32758235570982,0.029961714200206
"ENSG00000091986","CCDC80",-0.436792285257303,0.0123261825913524,"CCDC80",-0.593685726725907,0.00066778419171163
"ENSG00000092020","PPP2R3C",-0.099305066485773,0.426545132576496,"PPP2R3C",-0.0435014886534629,0.768738205723672
"ENSG00000092199","HNRNPC",-0.401262812455324,4.8843483887513e-06,"HNRNPC",-0.273561319795578,0.00222046129701008
"ENSG00000092203","TOX4",0.501723020543027,1.29729472500412e-15,"TOX4",0.213313280327995,0.00189654509466811
"ENSG00000092421","SEMA6A",0.02616575232206,0.949734259258677,"SEMA6A",0.047904561355411,0.873900350041149
"ENSG00000092445","TYRO3",0.161116384536025,0.19144748130637,"TYRO3",0.168441098075383,0.174479367177224
"ENSG00000092964","DPYSL2",-0.503643306234734,3.69545243346469e-07,"DPYSL2",-0.456662380883326,3.1147592248967e-06
"ENSG00000093000","NUP50",-0.288232963719225,0.00052450626414602,"NUP50",-0.150192877975488,0.102687551428689
"ENSG00000094916","CBX5",-0.0614012392176888,0.649478088271273,"CBX5",-0.0125265498859415,0.939308593076803
"ENSG00000095321","CRAT",0.398100470178654,0.00887411085756539,"CRAT",0.301357111157794,0.050358509688589
"ENSG00000095970","TREM2",6.76878286245392,6.35360340604823e-20,"TREM2",3.51926084600389,1.45692143933861e-17
"ENSG00000096717","SIRT1",0.114600591140449,0.451983945577033,"SIRT1",0.13041720154666,0.363822290717856
"ENSG00000096746","HNRNPH3",-0.392847453843945,1.31742525448668e-06,"HNRNPH3",0.0669570998419357,0.540174297526697
"ENSG00000099194","SCD",-0.845533856681318,5.54983610558922e-05,"SCD",-0.809862806963485,0.000138202708692233
"ENSG00000099203","TMED1",0.44868369953986,7.43832607374221e-05,"TMED1",0.34273565858147,0.00251010849283631
"ENSG00000099250","NRP1",-0.918014622456317,4.7137259599737e-17,"NRP1",-0.791383159988086,4.59229100756495e-13
"ENSG00000099260","PALMD",-0.000580938869000777,0.999769847841042,"PALMD",-0.0445172440107743,0.8843285815049
"ENSG00000099337","KCNK6",0.232946621153792,0.228592763544297,"KCNK6",-0.239493871016835,0.225765653295465
"ENSG00000099381","SETD1A",0.262447166965463,0.0244999321861796,"SETD1A",0.3222112410646,0.00404900611677943
"ENSG00000099860","GADD45B",0.40332210521816,0.0138247895355534,"GADD45B",0.00388752785565653,0.986863382151681
"ENSG00000099889","ARVCF",2.8456233635298,3.07965742739158e-14,"ARVCF",2.01232126408179,8.44000871902813e-10
"ENSG00000099901","RANBP1",-0.322169065538123,6.08548962368417e-06,"RANBP1",-0.0813599437141795,0.365331544841185
"ENSG00000100034","PPM1F",-0.0895867055529539,0.545187650936101,"PPM1F",-0.080832405975911,0.592646641448968
"ENSG00000100075","SLC25A1",0.0732490672428469,0.624657829496607,"SLC25A1",0.0689438429043919,0.647489985397419
"ENSG00000100097","LGALS1",-0.251384546946252,0.0141214874971393,"LGALS1",-0.585869223355289,1.20453212117649e-09
"ENSG00000100104","SRRD",0.557319438347515,7.68745308555738e-10,"SRRD",0.61201951332007,3.01187069246566e-11
"ENSG00000100109","TFIP11",0.422969480303109,0.000173076071814929,"TFIP11",0.274566834357119,0.0176964812422813
"ENSG00000100196","KDELR3",0.412018019332513,0.014740153714016,"KDELR3",0.149063643704615,0.421128944607839
"ENSG00000100201","DDX17",0.15281321484688,0.0504218530597734,"DDX17",0.268687497918255,0.000157185723260137
"ENSG00000100280","AP1B1",-0.118644305808598,0.271979890831219,"AP1B1",-0.0857671658714227,0.459078890382469
"ENSG00000100304","TTLL12",-0.056081382661163,0.603152864788579,"TTLL12",0.167538601613775,0.0519155274627314
"ENSG00000100316","RPL3",-0.0938942273999564,0.44856079602762,"RPL3",-0.236606399522436,0.0183066650500301
"ENSG00000100342","APOL1",1.16457215466357,1.53521017602567e-12,"APOL1",0.867086207632216,1.76006482590691e-07
"ENSG00000100364","KIAA0930",0.138043702726182,0.165419391193692,"KIAA0930",0.287343522406636,0.00150718321297335
"ENSG00000100379","KCTD17",0.0917233656970162,0.54216708332376,"KCTD17",0.189350920622801,0.140977765513531
"ENSG00000100462","PRMT5",0.0459819255945093,0.686480156921116,"PRMT5",0.172502056227565,0.0435374865242222
"ENSG00000100485","SOS2",0.463074725683178,0.000321923627551963,"SOS2",0.502391422342524,6.6057933994843e-05
"ENSG00000100519","PSMC6",-0.0614732979974203,0.567201862071238,"PSMC6",0.0209216602805713,0.879534660541635
"ENSG00000100575","TIMM9",-0.405541738785496,8.86283227821145e-05,"TIMM9",-0.203963068815196,0.0604072970152664
"ENSG00000100591","AHSA1",0.181918414566631,0.0641795935805399,"AHSA1",0.352775351622083,7.30200969034777e-05
"ENSG00000100647","SUSD6",1.31107198342405,2.24427011009893e-21,"SUSD6",1.00912141765892,1.55551501341619e-12
"ENSG00000100731","PCNX1",-0.264278117235296,0.0112561502661757,"PCNX1",-0.27293159094678,0.00746079696971774
"ENSG00000100814","CCNB1IP1",0.0707734990377789,0.683516169219631,"CCNB1IP1",-0.19904814577805,0.136200781202232
"ENSG00000100867","DHRS2",-0.671119815419456,0.00468436823902372,"DHRS2",0.0249954148004889,0.93183124691646
"ENSG00000100994","PYGB",-0.621384809371208,3.02920532578924e-13,"PYGB",-1.28047656835038,3.75181946787265e-48
"ENSG00000101040","ZMYND8",-0.248218575906146,0.00792955077226478,"ZMYND8",-0.023214214150425,0.881564983814623
"ENSG00000101084","RAB5IF",0.249524231661258,0.0277346342040094,"RAB5IF",0.197071277564872,0.0862531219720351
"ENSG00000101161","PRPF6",0.414184853529449,2.6225064370265e-11,"PRPF6",0.347189794023634,3.92764470639409e-08
"ENSG00000101236","RNF24",-0.891475255143139,2.06467866464135e-18,"RNF24",-0.517568425712388,2.06076610327094e-07
"ENSG00000101343","CRNKL1",0.300667205616021,0.000254202772934832,"CRNKL1",-0.0307707639857146,0.819813742726071
"ENSG00000101384","JAG1",-0.245381132825118,0.177691747235513,"JAG1",-0.152603030026557,0.392544702423344
"ENSG00000101400","SNTA1",-0.0750289810490721,0.742969163497632,"SNTA1",-0.310686135995381,0.0754318292596784
"ENSG00000101417","PXMP4",0.242476757117231,0.123044711402093,"PXMP4",-0.0546893020109371,0.800399453939205
"ENSG00000101442","ACTR5",0.240513309410422,0.166100469428075,"ACTR5",0.215216522991507,0.195520243125815
"ENSG00000101444","AHCY",-0.0554717862087254,0.666512231365778,"AHCY",-0.179171586051607,0.0695822999984612
"ENSG00000101811","CSTF2",0.0707777791595573,0.588719799923874,"CSTF2",0.0284782099912251,0.860795336273748
"ENSG00000101846","STS",-0.535184807994654,0.01162665432443,"STS",-0.99662625365653,7.3307261827851e-05
"ENSG00000101935","AMMECR1",-0.187240599150821,0.0435527413941019,"AMMECR1",0.150176422863555,0.0933652995177637
"ENSG00000102038","SMARCA1",-0.415187381236155,0.00185594313642377,"SMARCA1",-0.164667924815443,0.248227283085495
"ENSG00000102226","USP11",0.366630395122008,5.28932735919291e-05,"USP11",0.167489231272034,0.0939165652416095
"ENSG00000102241","HTATSF1",0.157032506083654,0.114465178153175,"HTATSF1",0.118000607281992,0.258521656634795
"ENSG00000102316","MAGED2",0.285132887836168,0.012766576587388,"MAGED2",-0.0448485093544878,0.786673439781238
"ENSG00000102595","UGGT2",-0.517777084032301,6.75984810416546e-05,"UGGT2",-0.71344073658471,4.42886567849144e-08
"ENSG00000102738","MRPS31",-0.0448377137305499,0.704458285293884,"MRPS31",0.175759092379553,0.0423902324485593
"ENSG00000102753","KPNA3",-0.647510338337996,2.04160856391567e-16,"KPNA3",-0.407631509835977,2.72905232609563e-07
"ENSG00000102804","TSC22D1",0.147476239708148,0.403986380077176,"TSC22D1",0.207263748532546,0.171634616622712
"ENSG00000102882","MAPK3",-0.0830689253672028,0.605395502698864,"MAPK3",-0.0724957294870542,0.655137362473691
"ENSG00000102886","GDPD3",1.80402191954885,0.000151071071981059,"GDPD3",1.07136276138132,0.0065872696928793
"ENSG00000102974","CTCF",0.0946404817999691,0.395911142974239,"CTCF",0.219904946161128,0.0169147094302125
"ENSG00000103005","USB1",0.357401264513818,0.0007252190862237,"USB1",0.459460290615005,1.40505093319435e-05
"ENSG00000103035","PSMD7",-0.29079793501742,2.68779531213889e-05,"PSMD7",-0.312796560626129,4.97172552582959e-06
"ENSG00000103202","NME4",-0.206752047402203,0.0358747522839306,"NME4",-0.332785186377841,0.000260538875461355
"ENSG00000103326","CAPN15",-0.412234165844998,0.000254849017588098,"CAPN15",-0.0822222469302223,0.579253263173574
"ENSG00000103342","GSPT1",-0.192471992945338,0.00364078550556896,"GSPT1",-0.0648049336217438,0.437286845500067
"ENSG00000103351","CLUAP1",0.221754841884775,0.0336649172245181,"CLUAP1",0.158264881553362,0.141658898455644
"ENSG00000103490","PYCARD",0.891533014353134,0.0137661478910894,"PYCARD",-0.0206967878671207,0.941483724464474
"ENSG00000103495","MAZ",-0.148971600929361,0.129300802450677,"MAZ",-0.0356002933984968,0.796547068059362
"ENSG00000103550","KNOP1",0.270510754683093,4.2189177993237e-06,"KNOP1",0.0499869937819012,0.541882732894442
"ENSG00000103569","AQP9",0.207847243974312,0.468931901660725,"AQP9",-0.0424929751443545,0.883516499618717
"ENSG00000103876","FAH",0.307893787246486,0.0048943776774895,"FAH",-0.163589814335892,0.164537675052266
"ENSG00000104131","EIF3J",-0.125589492403506,0.111988202202903,"EIF3J",-0.264389418133073,0.000174661837861316
"ENSG00000104320","NBN",-0.231535876214327,0.00266487491731109,"NBN",-0.0112951449310101,0.932925361695864
"ENSG00000104368","PLAT",2.06150718740057,7.48320167788866e-23,"PLAT",2.21883678485412,5.03382894847632e-25
"ENSG00000104369","JPH1",-0.419977166742941,0.00400288912599961,"JPH1",-0.572181430223727,0.000165050429970299
"ENSG00000104518","GSDMD",0.0383185590209652,0.880414748840385,"GSDMD",0.161314014451911,0.350024493197438
"ENSG00000104613","INTS10",0.43831354445681,6.48699210967866e-06,"INTS10",0.511592538850955,1.17150279580573e-07
"ENSG00000104691","UBXN8",-0.156721693763672,0.305424571530544,"UBXN8",0.019267028320057,0.929807074116013
"ENSG00000104805","NUCB1",0.206364775143687,0.0785879313495798,"NUCB1",-0.0752653222996014,0.599971631086956
"ENSG00000104824","HNRNPL",-0.324477768400718,0.000223575701727588,"HNRNPL",-0.152606885066067,0.115114324079307
"ENSG00000104859","CLASRP",-0.226114984207131,0.176799370313068,"CLASRP",-0.219022903672842,0.162176450693607
"ENSG00000104904","OAZ1",-0.301837420380742,2.2685099503713e-05,"OAZ1",-0.372616161887754,8.71746135917289e-08
"ENSG00000104980","TIMM44",-0.187249966385332,0.0308089894986284,"TIMM44",-0.249331264135007,0.00303483469072499
"ENSG00000105254","TBCB",-0.0950299551580216,0.390087623637646,"TBCB",-0.241732410180145,0.00774748905882228
"ENSG00000105255","FSD1",0.282833374886351,0.113146087237257,"FSD1",0.231321974801655,0.231062278245571
"ENSG00000105290","APLP1",2.99411858488766,7.95748220947622e-14,"APLP1",2.12364436868997,1.36662002534624e-05
"ENSG00000105323","HNRNPUL1",-0.424844552696853,1.22112703010683e-07,"HNRNPUL1",-0.112408508797631,0.242857413575001
"ENSG00000105329","TGFB1",0.644853651222875,0.000199380542779856,"TGFB1",0.238033939895524,0.156270961762586
"ENSG00000105429","MEGF8",-0.891179132765241,7.76774472310458e-06,"MEGF8",-1.00848000392901,5.81071649788551e-07
"ENSG00000105447","GRWD1",0.0971029817051181,0.363512916828116,"GRWD1",0.183938277734138,0.0474325276351484
"ENSG00000105518","TMEM205",0.325831833427473,0.0424709740714073,"TMEM205",-0.299462662204367,0.104688561430137
"ENSG00000105617","LENG1",0.374731962075358,0.00688644726520685,"LENG1",0.450212544361102,0.000911846811933472
"ENSG00000105677","TMEM147",0.0681208571069282,0.64253369167524,"TMEM147",0.0959757430005937,0.469100781469374
"ENSG00000105698","USF2",-0.0795925261198204,0.532120780150773,"USF2",-0.232671857161973,0.0203225797634686
"ENSG00000105699","LSR",-0.0860661110680354,0.757520032003109,"LSR",-0.310296979161431,0.127835826802338
"ENSG00000105732","ZNF574",0.755102818343849,1.95897246111664e-08,"ZNF574",-0.033113871378458,0.879534660541635
"ENSG00000105835","NAMPT",0.0990661065635283,0.653378914700238,"NAMPT",0.0741294835458454,0.726989439185746
"ENSG00000105877","DNAH11",0.736377799962521,0.000633277198746439,"DNAH11",0.910316738243382,0.000851698572853975
"ENSG00000105887","MTPN",-0.137821632118149,0.0133411963910097,"MTPN",-0.0677367740280071,0.302215181297264
"ENSG00000105926","PALS2",-0.243785496528677,0.00142793338401267,"PALS2",-0.0563039695565813,0.587887899839796
"ENSG00000105928","GSDME",0.291556183013485,0.00736457179299143,"GSDME",0.119506051256494,0.339719505644195
"ENSG00000105948","IFT56",0.0626174908665944,0.658253054394787,"IFT56",-0.08877948236389,0.503390367289146
"ENSG00000105976","MET",-0.220272466232923,0.0123011294315323,"MET",0.169658506624041,0.0623255177119437
"ENSG00000106031","HOXA13",0.171496465526905,0.483559690320714,"HOXA13",-0.179630104254312,0.396707767173307
"ENSG00000106105","GARS1",-0.938146682825155,1.69140813084267e-14,"GARS1",-1.07824880757275,1.6559026958726e-18
"ENSG00000106261","ZKSCAN1",-0.0453831409652063,0.704814413864049,"ZKSCAN1",-0.192446654169299,0.0276236562249751
"ENSG00000106330","MOSPD3",0.258046513496835,0.0504931493564605,"MOSPD3",0.15263432087817,0.279706648509727
"ENSG00000106477","CEP41",-0.486230439498386,8.63334244702986e-10,"CEP41",-0.349195760160751,2.34588351989638e-05
"ENSG00000106615","RHEB",-0.320686982104836,0.000392881887394797,"RHEB",-0.214816964762445,0.0224557993213758
"ENSG00000106617","PRKAG2",-0.301922857692079,0.0510407435168477,"PRKAG2",-0.0757804803333095,0.697130619041025
"ENSG00000106665","CLIP2",-0.769221870816826,1.56052117649953e-05,"CLIP2",-0.72120957158936,3.60592125768772e-05
"ENSG00000106723","SPIN1",-0.319219858353452,1.30708399496329e-05,"SPIN1",-0.11782305805893,0.156397900802215
"ENSG00000106789","CORO2A",0.0469047304749058,0.781242267980703,"CORO2A",0.270027628322569,0.0136172128181646
"ENSG00000106799","TGFBR1",0.236494169133541,0.0465970743503826,"TGFBR1",0.165835248792619,0.169465911899852
"ENSG00000107105","ELAVL2",-0.462086326794902,0.121745946862767,"ELAVL2",-0.118144501945029,0.62027454102075
"ENSG00000107186","MPDZ",-0.765291252982633,2.78584863580719e-10,"MPDZ",-0.644184463994661,3.64233699514887e-08
"ENSG00000107331","ABCA2",-0.188719221321068,0.408459184537788,"ABCA2",-0.00447066475561238,0.986809117703374
"ENSG00000107404","DVL1",-0.0534957588560832,0.747538723247194,"DVL1",0.405672057269772,0.000269619997543378
"ENSG00000107485","GATA3",0.597516823796067,2.47275678160739e-06,"GATA3",-0.142422947219019,0.37436805530835
"ENSG00000107566","ERLIN1",-0.714738165876865,6.17974340980637e-22,"ERLIN1",-0.819378363097308,3.63924624270348e-27
"ENSG00000107758","PPP3CB",-0.273937345235109,0.000567755959857714,"PPP3CB",0.0292414954013996,0.815089649482346
"ENSG00000107874","CUEDC2",0.0960251469786704,0.559404924432294,"CUEDC2",0.0517682039103166,0.78245343770514
"ENSG00000107882","SUFU",-0.474243066110293,0.000422960278988801,"SUFU",-0.225817453259985,0.0886984700421145
"ENSG00000107937","GTPBP4",-0.0584119542916373,0.47980699267621,"GTPBP4",0.102553417489653,0.159618631564268
"ENSG00000107957","SH3PXD2A",-1.16943089284227,1.32166730147547e-06,"SH3PXD2A",-0.941602365194381,4.06860147762098e-05
"ENSG00000108175","ZMIZ1",-0.0383883584041868,0.860005906558724,"ZMIZ1",0.16487409067814,0.274403053842905
"ENSG00000108219","TSPAN14",0.103399002255642,0.293833899416737,"TSPAN14",0.325118700726981,0.000140903441614513
"ENSG00000108312","UBTF",-0.101698205545188,0.434146980663943,"UBTF",0.154431258039496,0.176336577396544
"ENSG00000108342","CSF3",2.53797302431106,0.000104794156141242,"CSF3",-0.0503752522564418,0.857306421840203
"ENSG00000108344","PSMD3",0.28318901296093,0.00643124935013081,"PSMD3",0.216402824098118,0.0413036229008321
"ENSG00000108349","CASC3",0.00823812341105811,0.955618300106097,"CASC3",0.165947343802991,0.0296974734480275
"ENSG00000108370","RGS9",0.303207691652751,0.166641039079374,"RGS9",0.66143539242045,0.000553294774866842
"ENSG00000108384","RAD51C",0.170973300720968,0.202839131686226,"RAD51C",0.428431898301091,0.000179014423980728
"ENSG00000108448",NA,0.180567832545315,0.219872584396671,NA,0.0541606752644859,0.768358074601112
"ENSG00000108515","ENO3",0.109422458417788,0.720918439725771,"ENO3",-0.0495298596917169,0.865211537494269
"ENSG00000108588","CCDC47",0.387438441121185,1.47255713612742e-06,"CCDC47",0.150206949091101,0.101819421649136
"ENSG00000108641","B9D1",-0.438328662468175,0.00698521381755644,"B9D1",-0.27827082110873,0.0729112456270797
"ENSG00000108651","UTP6",0.107893682700081,0.277928743655354,"UTP6",0.271237262145562,0.00101364240156876
"ENSG00000108784","NAGLU",-0.345551098429689,0.0364862049525739,"NAGLU",-0.371231125703496,0.0167248799714353
"ENSG00000108797","CNTNAP1",-0.0141800512229938,0.973175669628412,"CNTNAP1",-0.128353951521112,0.536941454751706
"ENSG00000108813","DLX4",0.145332861868594,0.635853058277561,"DLX4",0.471033581363577,0.0689629751080372
"ENSG00000108846","ABCC3",0.402961889688438,0.0630532209286117,"ABCC3",0.0107287278798803,0.967518244567326
"ENSG00000108852","MPP2",0.0233594239994899,0.959445482940364,"MPP2",-0.0335946230945401,0.914960548346928
"ENSG00000109046","WSB1",0.201384438392487,0.0620961416571301,"WSB1",0.157116934501437,0.166497411279336
"ENSG00000109062","NHERF1",0.650928866550632,1.70935658454584e-11,"NHERF1",0.577809641945017,1.99975179530522e-09
"ENSG00000109103","UNC119",0.499948057034942,3.44504747132382e-06,"UNC119",0.550642062104903,1.15799775935221e-06
"ENSG00000109107","ALDOC",-0.0305591200796685,0.93192174659001,"ALDOC",0.293603694585991,0.156707195481509
"ENSG00000109113","RAB34",-0.161803045165972,0.0736688084550024,"RAB34",0.0233172696853369,0.868612391869839
"ENSG00000109193","SULT1E1",0.135746422098648,0.619005376089681,"SULT1E1",-0.063929032694008,0.802542700891264
"ENSG00000109320","NFKB1",-0.219361661272783,0.0302015992602809,"NFKB1",0.177907477339018,0.0801634110772455
"ENSG00000109321","AREG",3.13357331688109,3.04688552361347e-50,"AREG",1.43583580310015,1.49200680911487e-16
"ENSG00000109390","NDUFC1",0.297845890975837,1.94431527156962e-05,"NDUFC1",0.181344302768829,0.0155474371069579
"ENSG00000109511","ANXA10",1.11016999641976,0.00132774170521142,"ANXA10",2.88261684438695,2.64082428905201e-09
"ENSG00000109534","GAR1",-0.133282934264282,0.174275680180752,"GAR1",0.0255099857456287,0.861058868781341
"ENSG00000109606","DHX15",-0.357505072473329,2.29745696374689e-06,"DHX15",-0.117593033822347,0.187357704610967
"ENSG00000109667","SLC2A9",1.70324598322088,0.000290531211575383,"SLC2A9",1.98032559019878,3.81071921717075e-05
"ENSG00000109670","FBXW7",0.291798456898459,0.000273830589939607,"FBXW7",0.139047178193768,0.125521131499663
"ENSG00000109775","UFSP2",-0.331950785775856,0.000477809797164638,"UFSP2",-0.0757338475008878,0.53016500111827
"ENSG00000110031","LPXN",0.563078818199059,0.000529401517747372,"LPXN",0.269047419296639,0.078736711226925
"ENSG00000110066","KMT5B",0.712674370936336,6.11197340328034e-26,"KMT5B",0.545851129916843,4.34409479953317e-15
"ENSG00000110107","PRPF19",0.0669809200459306,0.498912010733567,"PRPF19",0.115730407771457,0.187960037277714
"ENSG00000110172","CHORDC1",0.188013397577709,0.060642290770352,"CHORDC1",0.448624494250339,8.07699265575381e-07
"ENSG00000110321","EIF4G2",-0.0599628094671947,0.588800632296852,"EIF4G2",-0.00439828835443228,0.974436270772328
"ENSG00000110400","NECTIN1",0.301100109431346,0.0111265122717783,"NECTIN1",0.73660339769711,1.91389979452975e-09
"ENSG00000110427","KIAA1549L",-1.8592550570634,1.13219153099599e-43,"KIAA1549L",-1.554418601341,7.63793989058924e-33
"ENSG00000110455","ACCS",0.0273205676412327,0.9415184340954,"ACCS",-0.320413302539311,0.107287552595071
"ENSG00000110723","EXPH5",-0.51503207714072,0.0380802178808828,"EXPH5",-0.182297606522589,0.386872243878178
"ENSG00000110841","PPFIBP1",-0.213857776176574,0.0496761481189949,"PPFIBP1",-0.128382853502065,0.275309791549246
"ENSG00000110880","CORO1C",-0.30000844229598,0.000530466170731155,"CORO1C",0.0191357314545605,0.899121608415298
"ENSG00000110881","ASIC1",-0.0145638977214184,0.961204525185524,"ASIC1",-0.470088680824466,0.00273147878036109
"ENSG00000110888","CAPRIN2",-0.111573029730704,0.501313981673754,"CAPRIN2",-0.241584263414629,0.071390322894685
"ENSG00000110958","PTGES3",-0.433230532860493,1.32158027786123e-13,"PTGES3",-0.153732632674944,0.0177881542318803
"ENSG00000111011","RSRC2",-0.429618494493732,1.28404998524919e-07,"RSRC2",-0.582071762294884,5.72262162862965e-13
"ENSG00000111012","CYP27B1",0.121352010493699,0.708067359468261,"CYP27B1",-0.02836365630756,0.929517349857314
"ENSG00000111412","SPRING1",0.0630345402512284,0.654363405922362,"SPRING1",0.120680546115408,0.327763641430185
"ENSG00000111596","CNOT2",-0.116336035569061,0.100701882414539,"CNOT2",-0.149368138499335,0.0357207816229447
"ENSG00000111665","CDCA3",-0.386711606230806,0.00494315365664391,"CDCA3",-0.136887999497808,0.376506782716774
"ENSG00000111666","CHPT1",-0.377134266217846,0.000551463856386451,"CHPT1",-0.0478705542108217,0.768921360937639
"ENSG00000111670","GNPTAB",0.369352652766339,0.00165592981772284,"GNPTAB",0.192151480948895,0.122993974018965
"ENSG00000111726","CMAS",0.0848302645174934,0.416420779197528,"CMAS",0.179808124506756,0.0425014411144118
"ENSG00000111786","SRSF9",-0.283046931822855,0.00010890728313437,"SRSF9",-0.0561163592028014,0.578648718604758
"ENSG00000111817","DSE",0.116910843297186,0.422434430195035,"DSE",0.127602504220457,0.346287196546974
"ENSG00000111846","GCNT2",-0.188580352946398,0.232929827449085,"GCNT2",0.171250716044777,0.269802667275926
"ENSG00000111875","ASF1A",-0.309692001967537,0.0135439499083385,"ASF1A",-0.189919693214363,0.136440912682364
"ENSG00000112031","MTRF1L",-0.139134019798519,0.23518868429745,"MTRF1L",-0.264520305302645,0.0120926860574091
"ENSG00000112081","SRSF3",-0.57363151316313,6.3718534356931e-14,"SRSF3",-0.480860986092573,2.93614591535421e-10
"ENSG00000112343","TRIM38",0.317231102192587,0.00131441161499257,"TRIM38",0.0583568917691689,0.671248103073835
"ENSG00000112379","ARFGEF3",-0.832191827617382,0.0018622970687883,"ARFGEF3",-1.16988054875176,9.52523832877495e-05
"ENSG00000112425","EPM2A",-0.570167626758894,0.015778656485208,"EPM2A",-0.674999602150342,0.00234577844936857
"ENSG00000112655","PTK7",0.0449900164591674,0.857035897602117,"PTK7",0.487408261189956,0.00257515784090134
"ENSG00000112659","CUL9",-0.429544310250862,0.0142395830269654,"CUL9",-0.475635073824659,0.00698186003036868
"ENSG00000112667","DNPH1",0.0581311663689668,0.734174203223147,"DNPH1",-0.103283791298012,0.474060476482075
"ENSG00000112773","TENT5A",1.6015437363217,1.46149837794548e-38,"TENT5A",1.26408525323278,4.78618141387706e-24
"ENSG00000113070","HBEGF",0.19453156153081,0.325781566551137,"HBEGF",0.0572586393042865,0.808901250655478
"ENSG00000113300","CNOT6",-0.107469816300681,0.278371066588403,"CNOT6",-0.0375110343664611,0.772113996343352
"ENSG00000113328","CCNG1",0.469493805600658,2.91189707407735e-05,"CCNG1",0.0657494166923639,0.680925049382858
"ENSG00000113460","BRIX1",-0.142924835235467,0.144940489388676,"BRIX1",-0.0714852193967011,0.528548190162488
"ENSG00000113658","SMAD5",-0.0561805843037955,0.513434272573452,"SMAD5",0.115051520225086,0.120506361394614
"ENSG00000113758","DBN1",-0.174974536940464,0.0507484076200422,"DBN1",-0.0747596949768009,0.490637784903169
"ENSG00000114062","UBE3A",-0.201843130911532,0.00142640364847814,"UBE3A",-0.0816951104421393,0.276885719384404
"ENSG00000114120","SLC25A36",-0.291350299027618,0.000135818818809763,"SLC25A36",-0.307009168644989,5.59664863123933e-05
"ENSG00000114270","COL7A1",0.511227022799018,0.0438290466545443,"COL7A1",0.391758821796463,0.0841346123271451
"ENSG00000114767","RRP9",-0.21324207821404,0.034461360480313,"RRP9",-0.272198882572225,0.00605070715083299
"ENSG00000114779","ABHD14B",0.122507089298825,0.448601963930834,"ABHD14B",-0.165927464756215,0.252996178455065
"ENSG00000114784","EIF1B",0.105832445502351,0.36659555996605,"EIF1B",0.0296828098464215,0.853371680159871
"ENSG00000114867","EIF4G1",-0.0679748288552186,0.603821082666086,"EIF4G1",0.0179166682748906,0.91620496028761
"ENSG00000115008","IL1A",0.320172259551264,0.141905653436012,"IL1A",0.189306079448721,0.338064125484619
"ENSG00000115194","SLC30A3",1.93151394238138,1.60920007656196e-26,"SLC30A3",2.48665922357739,2.39652978673e-43
"ENSG00000115204","MPV17",0.0127819054843285,0.949335238709441,"MPV17",-0.226991174981396,0.03446823751291
"ENSG00000115216","NRBP1",0.488184032944678,1.23875486505924e-06,"NRBP1",0.666949631642378,8.78490086020586e-11
"ENSG00000115339","GALNT3",-0.0529617679544891,0.87419140994131,"GALNT3",-0.0254225479650758,0.931190846797756
"ENSG00000115364","MRPL19",0.0390930767426588,0.756581738200934,"MRPL19",0.0804337740387053,0.454217502748058
"ENSG00000115368","WDR75",-0.0453767370314031,0.668034008104569,"WDR75",0.179001570240581,0.0232567827581703
"ENSG00000115419","GLS",-0.100077398841718,0.473999713745429,"GLS",-0.174584267166799,0.142230973552782
"ENSG00000115425","PECR",-0.3239664229654,0.0916365142787791,"PECR",-0.144367686130932,0.46874820800604
"ENSG00000115457","IGFBP2",-0.548551764180197,0.0634003241480429,"IGFBP2",0.355932417295859,0.183668787096537
"ENSG00000115524","SF3B1",0.078499246419502,0.370043031678242,"SF3B1",0.135133219967418,0.0814997358139377
"ENSG00000115541","HSPE1",-0.349621150267951,0.000396038314879794,"HSPE1",0.0615051625526434,0.646636374459882
"ENSG00000115602","IL1RL1",0.297915143528111,0.292364261717675,"IL1RL1",2.10108107966225,0.000587244346783303
"ENSG00000115677","HDLBP",-0.124726466033057,0.185468478188084,"HDLBP",-0.157730626957321,0.0778059547265056
"ENSG00000115875","SRSF7",-0.794271898613406,1.51372485590099e-23,"SRSF7",-0.725817258814086,1.02248968593831e-19
"ENSG00000115946","PNO1",-0.173577495072262,0.1325074777808,"PNO1",-0.365101414618214,0.000513692245597678
"ENSG00000116016","EPAS1",0.0560964972302287,0.744616982791036,"EPAS1",-0.293228259547778,0.0136618850222054
"ENSG00000116161","CACYBP",-0.254110796719729,0.0177395727773163,"CACYBP",-0.0563203502757781,0.695121040076718
"ENSG00000116183","PAPPA2",-1.47546962604239,1.84238572127529e-08,"PAPPA2",-1.63731741165037,7.52543291704032e-11
"ENSG00000116299","ELAPOR1",1.56600528763573,4.23021843337352e-18,"ELAPOR1",1.78278442685734,1.06904941882083e-23
"ENSG00000116497","S100PBP",0.0315655694885493,0.850023727888769,"S100PBP",-0.0759286594502419,0.560629523137261
"ENSG00000116560","SFPQ",-0.433561028970298,8.38392775397959e-11,"SFPQ",-0.0802657435918191,0.349314492291635
"ENSG00000116711","PLA2G4A",0.554947807110594,0.0574312728190137,"PLA2G4A",2.01278679801454,0.000131388796859753
"ENSG00000116717","GADD45A",0.928849760065489,9.94859558643241e-15,"GADD45A",0.60794769855209,3.97054058042179e-07
"ENSG00000116729","WLS",-0.17284769286726,0.146390073401236,"WLS",-0.202574831182036,0.0753667181538115
"ENSG00000116754","SRSF11",-0.290646462391711,1.96305557146072e-06,"SRSF11",-0.388060657739337,8.49826210424949e-11
"ENSG00000117266","CDK18",0.405313749908012,0.158779549845992,"CDK18",0.344054452785882,0.185074815392859
"ENSG00000117280","RAB29",0.389939837473434,0.000228120196047571,"RAB29",0.387191415986574,0.000211218865133671
"ENSG00000117298","ECE1",-0.165430387855783,0.128052134671881,"ECE1",-0.266840249634545,0.00678451857710758
"ENSG00000117335","CD46",0.0169215783795251,0.944146862056395,"CD46",-0.100270738680241,0.517001970426458
"ENSG00000117360","PRPF3",0.101777197685341,0.385954356608353,"PRPF3",0.112622652122782,0.320134160307929
"ENSG00000117362","APH1A",-0.472248565490062,2.40710677992157e-07,"APH1A",-0.374587268318144,4.08883238332596e-05
"ENSG00000117385","P3H1",0.0872647235184843,0.639393082835194,"P3H1",-0.0937526179304257,0.593881357071752
"ENSG00000117597","UTP25",0.272949574771688,0.0123424520921259,"UTP25",0.184333696013449,0.113807525848348
"ENSG00000117620","SLC35A3",-0.100476553466081,0.503560315583165,"SLC35A3",0.0212260828757182,0.917521358360267
"ENSG00000117751","PPP1R8",0.117084950273727,0.233193663547041,"PPP1R8",-0.065899243005632,0.557092882226945
"ENSG00000118007","STAG1",-0.953005695324752,1.95618382736736e-31,"STAG1",-0.484171961086839,8.61061267685836e-10
"ENSG00000118096","IFT46",0.494800796460769,2.73966024278951e-05,"IFT46",0.465188420815637,6.05336681949529e-05
"ENSG00000118197","DDX59",-0.175724653736538,0.267948637319303,"DDX59",0.0938472650711405,0.568177908822166
"ENSG00000118402","ELOVL4",1.10296510814486,3.95444160845009e-10,"ELOVL4",0.414822883673088,0.11615395175391
"ENSG00000118503","TNFAIP3",0.968365225494682,3.17859050021426e-09,"TNFAIP3",0.956537049851607,7.13684191891584e-09
"ENSG00000118600","RXYLT1",0.0968453413194531,0.243115338756318,"RXYLT1",0.00245547745542604,0.984575850795219
"ENSG00000119227","PIGZ",-0.196099829250181,0.494344323672242,"PIGZ",-0.379797400103397,0.159320360882821
"ENSG00000119285","HEATR1",-0.267083177862409,0.000633128325079794,"HEATR1",-0.208321455366608,0.0102370959268646
"ENSG00000119318","RAD23B",-0.140670582131766,0.0370067039042915,"RAD23B",-0.0878007327670641,0.245004249650564
"ENSG00000119335","SET",-0.414307103482715,2.67375203154271e-09,"SET",-0.147290818737977,0.0599703389514766
"ENSG00000119522","DENND1A",-0.975591399234287,7.07089917539622e-14,"DENND1A",-1.3562815819447,9.22724311839156e-22
"ENSG00000119541","VPS4B",0.434771116782976,1.3710488604632e-17,"VPS4B",0.457123072654511,2.78255041751335e-19
"ENSG00000119574","ZBTB45",0.242105734519478,0.126368567641916,"ZBTB45",0.130085952418422,0.445705227716294
"ENSG00000119630","PGF",0.467681708063885,0.000945013680924774,"PGF",0.313771566444317,0.0263298098379214
"ENSG00000119632","IFI27L2",0.564328728885147,9.87937797893225e-06,"IFI27L2",0.117918345789574,0.437032508218981
"ENSG00000119681","LTBP2",-0.36324260340662,0.0236629901617129,"LTBP2",-0.239119591922732,0.130945268620519
"ENSG00000119772","DNMT3A",-0.176618921825052,0.260898139480784,"DNMT3A",-0.124131520207848,0.444215903541986
"ENSG00000119844","AFTPH",0.0211132039764797,0.879116214309348,"AFTPH",0.0708573536560124,0.498000214511785
"ENSG00000119927","GPAM",0.0684854750200208,0.751925141468434,"GPAM",-0.145296615725174,0.379786364545368
"ENSG00000119929","CUTC",0.0282638916222141,0.908034505310583,"CUTC",0.306922476220443,0.0299450154433141
"ENSG00000119946","CNNM1",0.704520213032182,0.0134478824850911,"CNNM1",1.15826865100288,0.00959123331184639
"ENSG00000119986","AVPI1",1.0721415154268,1.53777581741071e-15,"AVPI1",0.395026994011086,0.0020931783973642
"ENSG00000120438","TCP1",-0.123131344807016,0.0838897537784813,"TCP1",0.0594591781437629,0.480677641751642
"ENSG00000120549","KIAA1217",0.865583849940441,1.15335052850933e-10,"KIAA1217",0.973335218389597,2.62999853289262e-12
"ENSG00000120616","EPC1",0.215821276204176,0.00199192955789065,"EPC1",0.138751287844191,0.0645988075252834
"ENSG00000120658","ENOX1",-1.44853580138947,7.374384667177e-06,"ENOX1",-1.93288456242771,3.78677008402494e-11
"ENSG00000120675","DNAJC15",-0.492731603502949,9.9001183321227e-08,"DNAJC15",-0.625874225862977,5.6684570939096e-12
"ENSG00000120688","WBP4",0.0932032870186524,0.360758237999198,"WBP4",0.159989223728689,0.073724139283615
"ENSG00000120694","HSPH1",0.397687204165298,4.79108098577453e-05,"HSPH1",0.486469571366075,4.06195002486926e-07
"ENSG00000120725","SIL1",-0.349083532387405,0.00354240863998529,"SIL1",-0.602008562743072,4.65149587677716e-06
"ENSG00000120800","UTP20",-0.145464224665623,0.231124635732886,"UTP20",0.0293397359755143,0.86754360644812
"ENSG00000120802","TMPO",-0.418549655451762,3.53758908451882e-06,"TMPO",-0.0926305443357194,0.411092544044267
"ENSG00000120837","NFYB",0.148651467375251,0.132700291197441,"NFYB",0.00813104532386886,0.95606955143466
"ENSG00000121057","AKAP1",0.269822930487747,0.000941967793734106,"AKAP1",0.404437028161134,2.81525725256293e-07
"ENSG00000121067","SPOP",-0.173535505832303,0.0405208056125594,"SPOP",-0.0638727992415809,0.544660511414758
"ENSG00000121350","PYROXD1",-0.838841871446369,1.48427720493091e-08,"PYROXD1",-0.716887188652705,4.73189727918566e-07
"ENSG00000121486","TRMT1L",-0.340242529786883,0.000116950290073046,"TRMT1L",0.0125379272529537,0.935808696940338
"ENSG00000121644","DESI2",-0.434906287867376,2.56683546821753e-08,"DESI2",-0.348061851629728,1.55070186578129e-05
"ENSG00000121753","ADGRB2",0.0136284392663061,0.979897728629427,"ADGRB2",0.142161508180067,0.539887010131581
"ENSG00000121766","ZCCHC17",0.099595720628731,0.356463981474798,"ZCCHC17",0.0877543063524542,0.418169365870906
"ENSG00000121775","TMEM39B",-0.576432901870272,5.33557003663155e-08,"TMEM39B",-0.244903545646179,0.0213681788444785
"ENSG00000121864","ZNF639",-0.137847542889173,0.197620336329619,"ZNF639",-0.0196286864607474,0.904625810198841
"ENSG00000121964","GTDC1",-1.91279515663287,9.53828888940704e-14,"GTDC1",-1.83857577039811,5.51236468438307e-13
"ENSG00000122378","PRXL2A",1.51843628082216,0.000912094038292001,"PRXL2A",2.26650245925294,0.000129923441169615
"ENSG00000122435","TRMT13",-0.110121314507953,0.458570320227373,"TRMT13",-0.0225686743583675,0.909795719272383
"ENSG00000122483","CCDC18",-0.61077765926347,3.23738166361891e-07,"CCDC18",-0.701294304960941,4.97255101724152e-09
"ENSG00000122515","ZMIZ2",-0.00918686116161495,0.973381320965137,"ZMIZ2",-0.0730313816514875,0.636316719652831
"ENSG00000122550","KLHL7",0.641537582251005,2.93768721317397e-05,"KLHL7",1.05657975470893,8.58178157841067e-12
"ENSG00000122565","CBX3",-0.430433632127772,9.11987713669643e-10,"CBX3",-0.232452362672104,0.00155257769654795
"ENSG00000122566","HNRNPA2B1",-0.602268519291616,2.88287648278994e-17,"HNRNPA2B1",-0.322263518283192,9.64840494722074e-06
"ENSG00000122644","ARL4A",-0.137582661429222,0.393184730838569,"ARL4A",0.113785191937608,0.478796691980577
"ENSG00000122678","POLM",0.199713959548697,0.255597503520516,"POLM",-0.0849532803798319,0.671229028366252
"ENSG00000122691","TWIST1",-0.187249985347446,0.164520577166,"TWIST1",-0.100548196468058,0.497798528808408
"ENSG00000122694","GLIPR2",0.338297363235822,0.0847754800972835,"GLIPR2",0.320435931513623,0.0729624586110582
"ENSG00000122861","PLAU",-0.425935093463012,0.0829340470500793,"PLAU",-0.125371483931415,0.595181080835979
"ENSG00000122862","SRGN",0.323682179781041,0.102511371823637,"SRGN",0.276606918568921,0.13050819731248
"ENSG00000122870","BICC1",-0.508951185840964,0.00394815530433555,"BICC1",-0.16035580999435,0.366580802446795
"ENSG00000122873","CISD1",-0.117812905390637,0.244680936812601,"CISD1",-0.140589647018415,0.146038704592477
"ENSG00000122966","CIT",-0.927190679106621,5.39957324452437e-10,"CIT",-0.645205784362328,1.08500346769739e-05
"ENSG00000123064","DDX54",0.318541682095555,6.50414966399779e-05,"DDX54",0.391652889322851,5.37983737842407e-07
"ENSG00000123080","CDKN2C",-0.332505516106393,0.00443497240783662,"CDKN2C",0.0849313228264093,0.549472986910874
"ENSG00000123104","ITPR2",-0.510951573160423,0.00115675229395392,"ITPR2",-0.99462054382026,2.40520908668911e-09
"ENSG00000123159","GIPC1",-0.269087467635678,0.0184712695293805,"GIPC1",-0.085598313767445,0.548960238119169
"ENSG00000123178","SPRYD7",0.191826530252205,0.041690809527161,"SPRYD7",0.241686576243863,0.00815348525246173
"ENSG00000123352","SPATS2",-0.0809096438921655,0.45391341856357,"SPATS2",0.0430822624739421,0.731339576762096
"ENSG00000123358","NR4A1",2.08316081708712,3.1270619268092e-06,"NR4A1",0.669849127539844,0.0337300039722676
"ENSG00000123384","LRP1",0.982530101614507,7.03576062448962e-07,"LRP1",0.502586469801688,0.00558405541831514
"ENSG00000123415","SMUG1",0.0851906909907839,0.588380584292163,"SMUG1",0.152070495520138,0.241579102722613
"ENSG00000123636","BAZ2B",-0.0148700011123298,0.943564804377741,"BAZ2B",-0.263148239696098,0.0140467803006386
"ENSG00000123810","B9D2",0.266499328324306,0.0826633829511369,"B9D2",0.146356686222614,0.367939200439799
"ENSG00000123892","RAB38",0.0942892899691091,0.759163302370926,"RAB38",-0.0191847467064782,0.944114748126742
"ENSG00000124067","SLC12A4",0.942900437766096,1.28898506536724e-09,"SLC12A4",1.11474680605035,7.64811324744022e-13
"ENSG00000124098","FAM210B",1.10110055785915,8.96835148457745e-23,"FAM210B",0.335800806378567,0.00439901425943637
"ENSG00000124145","SDC4",0.320405410713149,3.27569030830124e-06,"SDC4",0.123615617752969,0.125871936132758
"ENSG00000124160","NCOA5",-0.149018964890678,0.372519593134875,"NCOA5",0.323885287973701,0.0181812263459288
"ENSG00000124177","CHD6",0.0528083417750075,0.737064715140498,"CHD6",0.117962090494867,0.35059508122341
"ENSG00000124181","PLCG1",0.0303486745275662,0.89031317218767,"PLCG1",0.2124514538996,0.119960459715094
"ENSG00000124191","TOX2",-0.731090011545061,9.17034800586245e-05,"TOX2",-0.676980622828539,0.000298392194960932
"ENSG00000124193","SRSF6",-0.821123101923894,1.24262220935049e-25,"SRSF6",-0.654434434575766,8.97042347562963e-17
"ENSG00000124214","STAU1",-0.259062718515505,0.000173673350796884,"STAU1",-0.199149090600713,0.00517823698721875
"ENSG00000124216","SNAI1",0.748559736019319,0.000571180318247175,"SNAI1",0.0313276737573943,0.91324565863378
"ENSG00000124222","STX16",-0.310744784836715,0.000924469792509618,"STX16",-0.378093812562247,3.31956422625715e-05
"ENSG00000124228","DDX27",0.266560237476618,0.000273906626962261,"DDX27",0.259682971171832,0.000397265995564235
"ENSG00000124243","BCAS4",0.709170541340237,5.82443836354309e-10,"BCAS4",0.24547451141912,0.0678620728490884
"ENSG00000124279","FASTKD3",-0.286816969933959,0.0980983544688228,"FASTKD3",-0.368626591558914,0.0225447374354235
"ENSG00000124383","MPHOSPH10",-0.0154810839096472,0.912378924197596,"MPHOSPH10",-0.105333916910986,0.265269687219317
"ENSG00000124535","WRNIP1",-0.251800083918977,0.0338837861149332,"WRNIP1",-0.0569643126116528,0.725552442601951
"ENSG00000124570","SERPINB6",-0.0663379860014932,0.570109310530644,"SERPINB6",-0.173944026094367,0.0653653356690058
"ENSG00000124575","H1-3",0.00409182578327089,0.99899786787743,"H1-3",-0.0188874419646543,0.944761406125513
"ENSG00000124610","H1-1",0.000795082822875591,0.999769847841042,"H1-1",-0.021384863315193,0.939926518346072
"ENSG00000124762","CDKN1A",1.38370584568841,9.9976490015241e-17,"CDKN1A",1.48038215746145,1.03104310628274e-18
"ENSG00000124783","SSR1",0.379826636130399,1.00543317075368e-10,"SSR1",0.295074147252037,9.82988071412796e-07
"ENSG00000124787","RPP40",0.335939530378689,0.00342002081949073,"RPP40",0.193570661700365,0.111630978218405
"ENSG00000124882","EREG",0.00290043740934747,0.999433637321825,"EREG",0.0491397753867034,0.860426258713143
"ENSG00000125170","DOK4",1.22484223999425,1.17668274524382e-06,"DOK4",1.38917821959744,2.03110115991097e-06
"ENSG00000125304","TM9SF2",-0.000249461422766197,0.999769847841042,"TM9SF2",0.0514123906987622,0.54684459204674
"ENSG00000125347","IRF1",0.47413495742122,0.00273336895504162,"IRF1",0.269688293965448,0.0793339700882371
"ENSG00000125398","SOX9",-0.164431222586065,0.410422746857333,"SOX9",0.0414014434941862,0.867104032879434
"ENSG00000125505","MBOAT7",0.48921552034187,1.69470291635971e-06,"MBOAT7",0.406562277020149,7.63929593017141e-05
"ENSG00000125538","IL1B",-0.0638458946118783,0.857118466227201,"IL1B",-0.119558779072058,0.640947523249097
"ENSG00000125657","TNFSF9",0.779807262501659,1.20078510553464e-07,"TNFSF9",1.13004477547958,2.16040340126634e-13
"ENSG00000125676","THOC2",-0.166272207046114,0.0310124868782458,"THOC2",-0.0840862105952806,0.345368856452352
"ENSG00000125726","CD70",0.432700601541002,0.0330981463900182,"CD70",0.37166950410305,0.0507891230412215
"ENSG00000125740","FOSB",1.45190869479187,8.82966013392976e-05,"FOSB",1.2579898978371,0.000662747703051019
"ENSG00000125772","GPCPD1",0.314807183630709,0.0117346942116082,"GPCPD1",0.146271316311081,0.305618517168109
"ENSG00000125848","FLRT3",0.879016135715,7.67864706370822e-06,"FLRT3",0.379555484770359,0.0356021997566059
"ENSG00000125864","BFSP1",1.49892379775206,1.12625374898013e-08,"BFSP1",1.60109847755146,1.29827907331794e-09
"ENSG00000125871","MGME1",0.255809995075507,0.00162471509573729,"MGME1",0.264094542145928,0.00116410133394347
"ENSG00000125944","HNRNPR",-0.00627096934800748,0.979375930275057,"HNRNPR",0.0592995813443984,0.633290158162596
"ENSG00000125968","ID1",0.0871524353893516,0.545729397532933,"ID1",0.115912664299047,0.37752831248509
"ENSG00000126070","AGO3",-0.170830041404954,0.173210117946003,"AGO3",-0.0880679873365586,0.519667227461165
"ENSG00000126088","UROD",-0.0818474320981191,0.585916613877838,"UROD",-0.00906156211819265,0.959543781059733
"ENSG00000126226","PCID2",-0.1755554381438,0.0905079578111746,"PCID2",-0.0455123944997074,0.742530862491454
"ENSG00000126261","UBA2",-0.245277335101541,0.00126708025942125,"UBA2",0.0482834590626866,0.643201963210573
"ENSG00000126464","PRR12",0.155427273319439,0.305202478554704,"PRR12",0.0433878489210901,0.826450800575835
"ENSG00000126603","GLIS2",0.571147296192263,0.0019688799407287,"GLIS2",0.700804004939448,0.000292099424483956
"ENSG00000126749","EMG1",-0.0568076430988049,0.670872785695742,"EMG1",0.0953624503660974,0.410721021087724
"ENSG00000126822","PLEKHG3",0.291513133762325,0.0119459759407403,"PLEKHG3",0.297678348015249,0.0102700493390532
"ENSG00000127483","HP1BP3",-0.515461646700145,9.10425110670737e-09,"HP1BP3",-0.467239431135953,1.45786955446582e-07
"ENSG00000127603","MACF1",-0.0602886147288025,0.725483630065425,"MACF1",-0.0102339847710299,0.956113605344243
"ENSG00000127946","HIP1",0.456271241222577,9.47528579056028e-05,"HIP1",0.20831301503105,0.0966849330522267
"ENSG00000128191","DGCR8",-0.0516410090555814,0.814355681999708,"DGCR8",-0.133148343121927,0.418365506697068
"ENSG00000128298","BAIAP2L2",-0.055835196366601,0.866475158508201,"BAIAP2L2",0.0440892352822878,0.878451076189505
"ENSG00000128340","RAC2",-0.00650316642119666,0.976826175256062,"RAC2",0.0249157535037768,0.867712036486042
"ENSG00000128342","LIF",-0.0887850634080859,0.760799166376965,"LIF",0.709753546909687,0.00445429999016834
"ENSG00000128487","SPECC1",0.175509895775119,0.114466506391961,"SPECC1",0.00894041089084704,0.955376443604413
"ENSG00000128510","CPA4",0.871892398563977,0.00140922840549883,"CPA4",1.49450380134972,6.13859771297626e-07
"ENSG00000128564","VGF",-0.722707987916839,0.000695239389560201,"VGF",-0.740302639048285,0.000127017248524666
"ENSG00000128626","MRPS12",0.43894057972952,3.69702182492964e-07,"MRPS12",0.444519380141225,3.38424864964957e-07
"ENSG00000128805","ARHGAP22",-0.898650912298606,3.89739342501537e-11,"ARHGAP22",-1.18333296067514,2.27594812898159e-17
"ENSG00000128881","TTBK2",-0.133677285021209,0.388745163297712,"TTBK2",-0.237359415007332,0.0692229495999172
"ENSG00000128928","IVD",-0.0870670575222104,0.480339257729621,"IVD",-0.208553164595337,0.0424595390773859
"ENSG00000129003","VPS13C",0.0525854392429415,0.803340426360037,"VPS13C",-0.206335536206635,0.163254840403224
"ENSG00000129347","KRI1",0.209049774668621,0.0325971373983389,"KRI1",0.128788390942997,0.228911858445018
"ENSG00000129351","ILF3",-0.487063657492222,1.27485130009007e-16,"ILF3",-0.334969958004631,2.17516431299334e-08
"ENSG00000129460","NGDN",-0.0415135919696205,0.79178343115516,"NGDN",0.000739190548124137,0.996464559079701
"ENSG00000129675","ARHGEF6",-0.259555583706254,0.268044348807148,"ARHGEF6",-0.74930629399577,0.00159129565917027
"ENSG00000129757","CDKN1C",0.332551804080548,0.229612188561481,"CDKN1C",-0.826719571298145,0.0143938959526362
"ENSG00000129925","PGAP6",0.330535308769475,0.00346989253753855,"PGAP6",0.485682124364338,1.28104797834967e-05
"ENSG00000130066","SAT1",1.70581823029645,6.27367696362853e-43,"SAT1",1.04086028442438,1.01018260620277e-15
"ENSG00000130147","SH3BP4",0.668590025407393,2.14916523618489e-11,"SH3BP4",0.910316738015199,1.8070493989389e-19
"ENSG00000130164","LDLR",-0.833891248228086,3.82675688205053e-11,"LDLR",-0.362761359674258,0.00312550019201271
"ENSG00000130202","NECTIN2",-0.184210524814902,0.123371781490498,"NECTIN2",-0.175872730051942,0.140878147174643
"ENSG00000130227","XPO7",-0.110164919118458,0.13342615858347,"XPO7",0.114214238637103,0.120782151045553
"ENSG00000130304","SLC27A1",-0.148618113176662,0.549338150405854,"SLC27A1",0.0827387382061801,0.7209050226045
"ENSG00000130312","MRPL34",-0.0263340495853266,0.885490337700617,"MRPL34",-0.119351754542561,0.35726187534982
"ENSG00000130348","QRSL1",0.037040691551112,0.79191975851861,"QRSL1",0.0589157472078419,0.640908572926233
"ENSG00000130449","ZSWIM6",-0.266056548726075,0.00939277711767388,"ZSWIM6",0.0966551460612862,0.433711484424809
"ENSG00000130513","GDF15",2.16328808631659,8.33916848927181e-33,"GDF15",2.24515570396636,4.50352830609908e-35
"ENSG00000130520","LSM4",0.0281513354665671,0.84629735574766,"LSM4",-0.0479144565990702,0.711441831683724
"ENSG00000130600","H19",1.79411493209753,0.000881965827308886,"H19",0.243540716974054,0.3316094894866
"ENSG00000130675","MNX1",-0.397639173432516,0.17880347701905,"MNX1",-0.195767005634458,0.410387228297272
"ENSG00000130703","OSBPL2",0.446770163127142,5.3678974369135e-06,"OSBPL2",0.504437469627248,2.97862841608157e-07
"ENSG00000130726","TRIM28",0.182963839349924,0.0361990591920774,"TRIM28",0.189965041951093,0.0276189183758282
"ENSG00000130749","ZC3H4",-0.25413406710415,0.00897056274098808,"ZC3H4",-0.0314912198413347,0.837059626339163
"ENSG00000130766","SESN2",0.698038856865715,5.72411828719853e-07,"SESN2",0.00880829799478217,0.966214867769558
"ENSG00000130770","ATP5IF1",0.0138871928504741,0.942089829642369,"ATP5IF1",0.0599561313370129,0.656993641713197
"ENSG00000130813","SHFL",0.306615208483788,0.0563019240740779,"SHFL",0.438490809236562,0.00364107656930716
"ENSG00000130826","DKC1",-0.394288279260834,4.11564918810237e-12,"DKC1",-0.210388636650037,0.000452979896933997
"ENSG00000130935","NOL11",-0.0913986512467867,0.325062613268661,"NOL11",0.107841692311546,0.228321976877865
"ENSG00000131015","ULBP2",0.85690350686768,2.00381269829117e-08,"ULBP2",0.855400341439324,1.79299587962323e-07
"ENSG00000131051","RBM39",-0.556973804453906,2.05089105070676e-26,"RBM39",-0.452658717001543,5.88469296632553e-18
"ENSG00000131080","EDA2R",0.617280667765469,2.107914036669e-08,"EDA2R",0.405252942462217,0.000295256319757643
"ENSG00000131149","GSE1",0.510659027925922,9.93076047825158e-05,"GSE1",0.652470929404249,4.58424477506956e-07
"ENSG00000131187","F12",1.0190599174224,2.22465799529911e-13,"F12",1.0924656984719,4.80980460439158e-15
"ENSG00000131374","TBC1D5",-1.43855313333267,9.52286136670668e-36,"TBC1D5",-2.12004348401609,2.68185183334779e-68
"ENSG00000131435","PDLIM4",1.1545754829604,0.0101984603483256,"PDLIM4",0.173099690905452,0.478040426108929
"ENSG00000131446","MGAT1",0.290105450726736,0.000670533570434458,"MGAT1",0.185340458068846,0.0432663124208372
"ENSG00000131459","GFPT2",-0.911942035771321,2.25505037079281e-05,"GFPT2",-0.8039990153876,0.000180745121450952
"ENSG00000131504","DIAPH1",-0.201435174955428,0.00723957636850725,"DIAPH1",1.29281094955737e-05,0.999893255486089
"ENSG00000131558","EXOC4",-1.19030522648965,9.38043941067969e-24,"EXOC4",-2.04603147661761,3.89611812303271e-55
"ENSG00000131669","NINJ1",1.31739325548196,1.46501111594474e-35,"NINJ1",0.731797241221922,6.2882759220227e-12
"ENSG00000131732","ZCCHC9",-0.475005483839767,1.43007328359752e-06,"ZCCHC9",-0.272652942506869,0.00616076731078006
"ENSG00000131773","KHDRBS3",-0.720912259013317,8.32555409089073e-05,"KHDRBS3",-0.154284338184317,0.404639251524315
"ENSG00000131966","ACTR10",0.266695785032749,0.00430563176451719,"ACTR10",0.188231619767089,0.0531171167223749
"ENSG00000132002","DNAJB1",0.237567950144292,0.00461976237246985,"DNAJB1",0.166190134448434,0.0611255805938322
"ENSG00000132024","CC2D1A",0.180438014476006,0.226998095147365,"CC2D1A",0.104015107049638,0.518187976700238
"ENSG00000132031","MATN3",0.0392206929278502,0.918961085507673,"MATN3",0.0497554957077701,0.859426354415211
"ENSG00000132164","SLC6A11",-0.00482417489361737,0.997894925189652,"SLC6A11",0.00516564765528003,0.985250869774016
"ENSG00000132170","PPARG",0.00495954501914282,0.998214148069605,"PPARG",0.232866041627693,0.331479732187239
"ENSG00000132185","FCRLA",1.98696845160732,2.61248479001983e-09,"FCRLA",1.22533779695359,0.000878291917748737
"ENSG00000132254","ARFIP2",0.0676970446055195,0.601868842802188,"ARFIP2",-0.15605277445803,0.150427584040188
"ENSG00000132275","RRP8",0.16222389391991,0.128160654559703,"RRP8",0.0516152116008439,0.709760962331485
"ENSG00000132305","IMMT",-0.220663356286474,2.96882135832117e-05,"IMMT",-0.285703343835742,3.65700664401549e-08
"ENSG00000132313","MRPL35",-0.00629233287018168,0.974317184634821,"MRPL35",-0.15760537215232,0.0674922191434733
"ENSG00000132323","ILKAP",0.150948326393066,0.1791950868115,"ILKAP",0.293749617652701,0.00216428398068268
"ENSG00000132334","PTPRE",0.0648807475108606,0.761165270992429,"PTPRE",0.0611355710766865,0.760326887631139
"ENSG00000132357","CARD6",1.33037639823244,3.01594875825056e-20,"CARD6",1.30598454830018,7.19325280975812e-16
"ENSG00000132376","INPP5K",0.602780128755703,4.03713740307654e-06,"INPP5K",0.5733441387214,2.02941405755411e-05
"ENSG00000132434","LANCL2",-0.00888770863278067,0.976109112222007,"LANCL2",-0.0574909191351534,0.735639340246719
"ENSG00000132463","GRSF1",-0.000289682529581907,0.999769847841042,"GRSF1",0.171855505838346,0.0149761618143157
"ENSG00000132470","ITGB4",1.70245432495299,2.15936701849991e-08,"ITGB4",0.662596746156609,0.0068198895176773
"ENSG00000132535","DLG4",-0.444563180362358,0.011802212176596,"DLG4",-0.157766476625021,0.384429484442841
"ENSG00000132591","ERAL1",0.29967341112848,0.00240127155974972,"ERAL1",0.230323663133606,0.0259609154652824
"ENSG00000132603","NIP7",-0.581107562706151,1.31651598745087e-12,"NIP7",-0.471531211053582,7.893167751131e-09
"ENSG00000132635","PCED1A",-0.0247002988947255,0.915945426922102,"PCED1A",0.00773431189719506,0.969749031747738
"ENSG00000132718","SYT11",0.432279762079798,1.99387184692017e-05,"SYT11",0.185997919619649,0.0875466295769428
"ENSG00000132768","DPH2",-0.10488553956823,0.294265549746296,"DPH2",-0.173045444749334,0.0639061501978631
"ENSG00000132823","OSER1",0.341225135485283,0.00508417120689447,"OSER1",-0.124073261113997,0.377874617668957
"ENSG00000132842","AP3B1",-0.50442404391103,2.08643181257524e-07,"AP3B1",-0.545383771846187,1.78989335160022e-08
"ENSG00000133069","TMCC2",0.51485357543123,0.0187422025838708,"TMCC2",0.00368186096264961,0.989536046737337
"ENSG00000133104","SPART",0.111036293925164,0.176334656227522,"SPART",0.242633918055535,0.00064362776555592
"ENSG00000133114","GPALPP1",-0.385764527703193,0.00100373308399753,"GPALPP1",-0.472428230454579,3.01313786108397e-05
"ENSG00000133131","MORC4",1.00234528913547,3.89282453661852e-30,"MORC4",0.902689197306687,9.33210627469499e-25
"ENSG00000133195","SLC39A11",-1.06802887394193,1.472892456074e-08,"SLC39A11",-1.48692847277446,2.6673379391407e-13
"ENSG00000133216","EPHB2",-0.991111114182009,5.94000838773362e-11,"EPHB2",-0.528392034717649,0.000278259964035372
"ENSG00000133247","KMT5C",0.391217327518163,0.0252926218923072,"KMT5C",0.169763442294866,0.360304687482853
"ENSG00000133265","HSPBP1",0.215969006842136,0.0623586637645112,"HSPBP1",0.060804270653439,0.685249523278966
"ENSG00000133318","RTN3",-0.128959159907241,0.116625679363382,"RTN3",-0.227998853326843,0.00218522117686252
"ENSG00000133321","PLAAT4",0.969201448220134,0.00643797884437281,"PLAAT4",0.0837545222616916,0.760326887631139
"ENSG00000133328","PLAAT2",0.347312655386192,0.24254564677492,"PLAAT2",0.239684502545789,0.337672486220573
"ENSG00000133422","MORC2",0.0630293754952464,0.658888208785874,"MORC2",0.149677859523026,0.193018912257344
"ENSG00000133466","C1QTNF6",0.38741395702498,0.0668505580158032,"C1QTNF6",0.539505029779456,0.00729942983552227
"ENSG00000133619","KRBA1",0.451329175499916,0.0211147927375438,"KRBA1",0.691434533486054,0.000734546155836687
"ENSG00000133639","BTG1",0.823696989959645,1.48651877669695e-24,"BTG1",0.360129254851194,1.13240293856578e-05
"ENSG00000133794","BMAL1",0.443750578104202,0.000422960278988801,"BMAL1",1.09844956164763,1.8094072845693e-19
"ENSG00000133858","ZFC3H1",-0.124640108602953,0.247553110611435,"ZFC3H1",-0.244280594084217,0.00975032275162595
"ENSG00000134013","LOXL2",-0.763233235502903,6.20112456898204e-08,"LOXL2",-0.764140805338762,1.17076929092446e-07
"ENSG00000134072","CAMK1",0.0877934685479726,0.619703424951389,"CAMK1",0.275226345033642,0.0359012315345959
"ENSG00000134107","BHLHE40",1.0970145164457,4.76046447815777e-09,"BHLHE40",0.57106575645556,0.00165345732514229
"ENSG00000134242","PTPN22",0.861184964858554,1.41239727331425e-06,"PTPN22",0.795959982971914,7.68276789066707e-06
"ENSG00000134287","ARF3",-0.0231841388628453,0.817348636185904,"ARF3",-0.0660462490202034,0.414065079971953
"ENSG00000134291","TMEM106C",-0.063122915327411,0.656826840711002,"TMEM106C",0.157922263997074,0.157182149580628
"ENSG00000134363","FST",0.120266773917937,0.510316452534415,"FST",1.16859260210758,1.12685663862257e-14
"ENSG00000134369","NAV1",-0.621801850771712,9.20793626963204e-07,"NAV1",-0.507405962365737,5.30990769495782e-05
"ENSG00000134375","TIMM17A",-0.0294151627347249,0.840561300299321,"TIMM17A",-0.361783170605283,7.32480935688888e-05
"ENSG00000134453","RBM17",-0.156791108902939,0.00918303567281973,"RBM17",-0.0122671511447969,0.907546284684494
"ENSG00000134574","DDB2",0.7718677154622,4.22946089626582e-22,"DDB2",1.0524627428666,1.70487228679963e-40
"ENSG00000134684","YARS1",-0.893715195955387,2.75679402660638e-21,"YARS1",-0.813221075054316,7.509502551886e-18
"ENSG00000134744","TUT4",-0.0295670773826377,0.871096076946084,"TUT4",0.0992111765598517,0.466936265972398
"ENSG00000134759","ELP2",0.100590438994268,0.34253696829576,"ELP2",0.0635642555975306,0.594327157033008
"ENSG00000134775","FHOD3",-0.781080166158072,0.000106860370223373,"FHOD3",-0.744312042714564,0.000187591035755264
"ENSG00000134905","CARS2",-0.0973328869724786,0.473884427159353,"CARS2",-0.0720409709660894,0.61768936992331
"ENSG00000134954","ETS1",-0.234215975954183,0.0849891019676759,"ETS1",-0.0835891073654299,0.607659171194475
"ENSG00000134987","WDR36",-0.251252771528831,0.00370362313750317,"WDR36",-0.016168774178379,0.915308623544894
"ENSG00000135052","GOLM1",0.155429826369452,0.051442009204191,"GOLM1",0.137839926281039,0.130036182561642
"ENSG00000135074","ADAM19",-0.0426814657124709,0.898993935997873,"ADAM19",-0.0809929205416758,0.750042394522107
"ENSG00000135083","CCNJL",-0.317775152223482,0.150198680276495,"CCNJL",0.0417751993360343,0.880782259385714
"ENSG00000135250","SRPK2",0.0143934626515399,0.895465283472877,"SRPK2",0.135168319754087,0.0475809171597121
"ENSG00000135297","MTO1",-0.0454482758847514,0.827763287263572,"MTO1",0.153654985176588,0.298004187242479
"ENSG00000135387","CAPRIN1",-0.134883375755035,0.0457570493329036,"CAPRIN1",0.0658613848222222,0.410387228297272
"ENSG00000135414","GDF11",0.404774345983777,7.73927848261872e-05,"GDF11",0.486770871978871,2.90392972025121e-06
"ENSG00000135446","CDK4",-0.559223731537315,1.80196624923176e-12,"CDK4",-0.3694055376883,3.54445212489044e-06
"ENSG00000135452","TSPAN31",0.246487347977148,0.147456180291227,"TSPAN31",-0.0327260131173248,0.891937497809129
"ENSG00000135457","TFCP2",-0.0582862161954691,0.61114703534862,"TFCP2",0.0201979051063808,0.891937497809129
"ENSG00000135597","REPS1",-0.0037082600299456,0.988013509445498,"REPS1",0.133248198659321,0.10933611456421
"ENSG00000135829","DHX9",-0.287581901028552,8.53732673839816e-05,"DHX9",-0.18812569880608,0.0145762360513506
"ENSG00000135899","SP110",0.634509217968186,1.42802517940316e-19,"SP110",0.502350860874966,5.30900187183107e-12
"ENSG00000135972","MRPS9",-0.107285541787321,0.184607492799054,"MRPS9",0.0546302198564821,0.575899918585461
"ENSG00000136002","ARHGEF4",0.41870651822167,0.168995277981638,"ARHGEF4",0.828770788646997,0.0234707683040275
"ENSG00000136045","PWP1",-0.145957222993724,0.0321438425370032,"PWP1",-0.0149480072588755,0.895934114465708
"ENSG00000136048","DRAM1",0.835328753814578,6.98698242485309e-16,"DRAM1",0.688981897746588,6.45455292519893e-11
"ENSG00000136114","THSD1",0.645441061014803,8.48540478572459e-06,"THSD1",1.30110366008202,3.00443550224428e-16
"ENSG00000136153","LMO7",0.526439484847173,0.000244025518390337,"LMO7",0.518091914730598,0.000256715203370397
"ENSG00000136156","ITM2B",0.610546907739546,6.90938880352433e-16,"ITM2B",0.606000961922465,1.57354300005183e-15
"ENSG00000136244","IL6",-0.0502949830064528,0.892364094572875,"IL6",-0.0432077320431577,0.89098850002253
"ENSG00000136271","DDX56",-0.0305833599465928,0.796810353515759,"DDX56",0.0446265903853892,0.687885034265675
"ENSG00000136295","TTYH3",0.124321255512917,0.359496486437211,"TTYH3",0.396094078532273,0.000295511509246793
"ENSG00000136450","SRSF1",-0.626852235167511,8.96455933754859e-15,"SRSF1",-0.344218073894761,2.58522479821437e-05
"ENSG00000136518","ACTL6A",-0.110519334188349,0.324552115130604,"ACTL6A",0.0515200485545896,0.693528169440272
"ENSG00000136636","KCTD3",-0.555562547268786,7.56714637050414e-08,"KCTD3",-0.383476330203621,0.000182405163827164
"ENSG00000136689","IL1RN",-0.0168036852118438,0.971664464162751,"IL1RN",-0.123625938877074,0.630855436295322
"ENSG00000136854","STXBP1",0.240040890434937,0.0366571281827193,"STXBP1",0.270914594278443,0.0213205805641354
"ENSG00000136869","TLR4",0.562386622883856,1.62589459853147e-06,"TLR4",0.78338627166201,2.99696306226348e-10
"ENSG00000136932","TRMO",-0.0264783388322862,0.908411599374895,"TRMO",-0.168600310830974,0.255697445231115
"ENSG00000136943","CTSV",1.73995303757539,3.12466730527141e-14,"CTSV",2.38532285426661,5.83576001187353e-15
"ENSG00000137074","APTX",0.2647226268062,0.000477373763014121,"APTX",0.501599532531547,1.16058256417378e-11
"ENSG00000137094","DNAJB5",0.00420318502301545,0.997877673728189,"DNAJB5",0.181043587545179,0.341590889994332
"ENSG00000137273","FOXF2",-0.0469001656742604,0.85121933174093,"FOXF2",-0.235689450749266,0.165482535126344
"ENSG00000137288","UQCC2",-0.593291016965407,0.000153556625754632,"UQCC2",-0.615847230174185,7.21711132813431e-05
"ENSG00000137393","RNF144B",0.554016757024662,0.0016671550144535,"RNF144B",0.301956149634729,0.104233180669689
"ENSG00000137478","FCHSD2",0.0151634989078062,0.951317214351847,"FCHSD2",-0.228862749462908,0.0929394153165482
"ENSG00000137486","ARRB1",-0.1003122567611,0.692624794398843,"ARRB1",0.115475740665739,0.587153958880248
"ENSG00000137500","CCDC90B",-0.0278225960737656,0.878904007957647,"CCDC90B",-0.0559694975844335,0.720721360218548
"ENSG00000137501","SYTL2",0.123728575216432,0.565857538441403,"SYTL2",0.485159367264112,0.00388504999854266
"ENSG00000137509","PRCP",0.431527176948215,8.67819237296984e-07,"PRCP",0.520775245011917,1.66120506082866e-09
"ENSG00000137547","MRPL15",-0.0996448927548086,0.405314965759367,"MRPL15",-0.0399611500132967,0.786673439781238
"ENSG00000137692","DCUN1D5",-0.145075721580043,0.141206250139709,"DCUN1D5",0.0265466930046923,0.858659257539428
"ENSG00000137747","TMPRSS13",-0.117013844231025,0.694656399407133,"TMPRSS13",-0.0351446759785035,0.904625810198841
"ENSG00000137801","THBS1",0.219147829011349,0.360939777596947,"THBS1",0.609011293113395,0.0080752618838995
"ENSG00000137868","STRA6",1.09750166931612,0.0019432304108399,"STRA6",0.327478445367134,0.211020486287594
"ENSG00000138061","CYP1B1",-0.0615319553953056,0.851315433833807,"CYP1B1",-0.0325419136665301,0.912755009785958
"ENSG00000138073","PREB",0.295168984194718,0.00266500930073931,"PREB",0.246746775466446,0.0137337837714286
"ENSG00000138074","SLC5A6",-0.224098690082498,0.0406618787213369,"SLC5A6",0.00499275481099632,0.976685125159083
"ENSG00000138101","DTNB",-0.356789641519215,0.072135360875706,"DTNB",-0.0189800170546072,0.942770996256083
"ENSG00000138336","TET1",0.384052828431511,0.0720710070537403,"TET1",0.0858950577875486,0.710629427968942
"ENSG00000138347","MYPN",0.432607867546539,0.0407071722751157,"MYPN",0.723713239135299,0.00128642694605863
"ENSG00000138380","CARF",-0.583754075077546,0.0347238156294957,"CARF",-0.808998791170152,0.00326811634215574
"ENSG00000138399","FASTKD1",-0.0298011612096335,0.879823717938673,"FASTKD1",-0.0209946896740494,0.917725389476728
"ENSG00000138443","ABI2",-0.364572628313157,8.80615274599786e-06,"ABI2",-0.143171833428452,0.122997956226731
"ENSG00000138660","AP1AR",-0.112071856445658,0.323864928646482,"AP1AR",-0.0953324386831219,0.413517802644065
"ENSG00000138668","HNRNPD",-0.752687813136425,4.36589045671763e-25,"HNRNPD",-0.448389453840179,8.0667375450587e-10
"ENSG00000138759","FRAS1",0.947862275838754,0.00933849114216313,"FRAS1",0.662830477439123,0.0245079477419408
"ENSG00000138835","RGS3",-0.147705292029473,0.403837383767435,"RGS3",-0.641244119545506,3.4160302358493e-05
"ENSG00000139131","YARS2",-0.0608623510042444,0.707647277648432,"YARS2",-0.131005965659484,0.335275389726748
"ENSG00000139266","MARCHF9",-0.064733556009514,0.701343438483463,"MARCHF9",0.0728453835141907,0.642331249206993
"ENSG00000139318","DUSP6",-1.90014704026826,0.000242194694209356,"DUSP6",-0.294914211744618,0.197333659186233
"ENSG00000139505","MTMR6",-0.062803700979758,0.63031915016314,"MTMR6",0.240348740441,0.0116020681664284
"ENSG00000139624","CERS5",0.480578031211002,1.62859175781756e-06,"CERS5",0.627154074290527,3.19383781727866e-10
"ENSG00000139687","RB1",-0.168634024149272,0.0332350698546868,"RB1",0.0740777822058192,0.41548889456946
"ENSG00000140022","STON2",1.49337890775651,1.59804532740866e-13,"STON2",1.07857788112863,8.66133272696418e-07
"ENSG00000140043","PTGR2",0.464037419850652,0.0389097032958628,"PTGR2",0.416039822091771,0.0474627914761947
"ENSG00000140297","GCNT3",1.29828384801529,0.000278872540361719,"GCNT3",1.32196826411716,0.000160897978407765
"ENSG00000140350","ANP32A",-0.704422324009127,1.97597151299703e-23,"ANP32A",-0.234472746132874,0.00139562530690025
"ENSG00000140379","BCL2A1",-0.934796410507881,0.000746261724145962,"BCL2A1",-1.72441308225145,1.95689472716645e-08
"ENSG00000140464","PML",0.637203128471744,1.25272891805271e-13,"PML",0.0422115230232119,0.757589735955339
"ENSG00000140481","CCDC33",0.678331291164591,0.0529186186023416,"CCDC33",0.153201318510864,0.514033338501457
"ENSG00000140682","TGFB1I1",-0.000723356616213046,0.999769847841042,"TGFB1I1",-0.00446193375439056,0.984108071332307
"ENSG00000140718","FTO",-1.33515250933425,1.70663695409563e-23,"FTO",-1.23155078459781,9.00886841108005e-21
"ENSG00000140848","CPNE2",0.00771832476464804,0.976362330857382,"CPNE2",0.0447204564672333,0.768738205723672
"ENSG00000140931","CMTM3",0.0850939609335084,0.600627355052509,"CMTM3",0.200615119269131,0.118205293697626
"ENSG00000140945","CDH13",-0.544295191800434,0.000116844678509532,"CDH13",-0.682610042532087,1.31482136833464e-06
"ENSG00000140948","ZCCHC14",0.354117315050976,0.0101069931979707,"ZCCHC14",0.590912427093871,1.24823178578497e-05
"ENSG00000140950","MEAK7",0.232357834122412,0.0138820394301296,"MEAK7",0.22699084045386,0.0188711998778074
"ENSG00000141252","VPS53",-0.174225356109918,0.135962780730296,"VPS53",-0.301751446659552,0.00484793970837983
"ENSG00000141258","SGSM2",-0.127503402321829,0.418127275165109,"SGSM2",-0.173185612548715,0.206965166198638
"ENSG00000141349","G6PC3",0.342964322272254,0.00015763413419991,"G6PC3",-0.0660338330145673,0.596838328599409
"ENSG00000141385","AFG3L2",-0.0242215423048998,0.809161206258066,"AFG3L2",0.019055810786364,0.861364951970494
"ENSG00000141429","GALNT1",-0.189177997445867,0.0167171986924871,"GALNT1",-0.21830649735961,0.00489653817148804
"ENSG00000141522","ARHGDIA",-0.124499877172583,0.284153975433152,"ARHGDIA",-0.0881151136982968,0.476461253072411
"ENSG00000141543","EIF4A3",0.261115691711798,0.00365815333740265,"EIF4A3",0.103425063758598,0.332087451386336
"ENSG00000141551","CSNK1D",-0.135115891909771,0.110604257360925,"CSNK1D",-0.335061388911041,1.05179225019903e-05
"ENSG00000141574","SECTM1",-0.00975766370495952,0.98854835662345,"SECTM1",-0.271848768704407,0.267115274891495
"ENSG00000141582","CBX4",0.145491928804566,0.144297939639559,"CBX4",0.0359422168759506,0.797042071631107
"ENSG00000141622","ARK2C",-0.224135658540667,0.426872140339961,"ARK2C",-0.0368836807921124,0.899265155492104
"ENSG00000141627","DYM",-0.98487071912499,1.89538879431135e-18,"DYM",-1.01412347506511,8.46200634099512e-20
"ENSG00000141682","PMAIP1",0.815776794271561,1.92945188675656e-16,"PMAIP1",0.0672900171498626,0.6244968287811
"ENSG00000141738","GRB7",0.37070700361514,0.220064722527123,"GRB7",0.148948529237626,0.540151242732244
"ENSG00000141858","SAMD1",-0.0801206256197792,0.438167866016408,"SAMD1",0.0362097091874223,0.772364743852944
"ENSG00000142039","CCDC97",0.171717262875105,0.232077629947104,"CCDC97",0.174569177710524,0.214575016355488
"ENSG00000142089","IFITM3",0.191688667810416,0.48732859493067,"IFITM3",-0.0653058550468764,0.815495090499902
"ENSG00000142102","PGGHG",0.00577448558906269,0.996205982628029,"PGGHG",0.291875539640425,0.167359854488807
"ENSG00000142156","COL6A1",0.0964088350683527,0.544487186278027,"COL6A1",-0.805946234572165,1.12034625375311e-10
"ENSG00000142185","TRPM2",0.197980249898171,0.487983859201982,"TRPM2",0.112879261788982,0.63668483098013
"ENSG00000142192","APP",-0.0826856010525917,0.373608194723201,"APP",-0.217869656974642,0.00463407716208077
"ENSG00000142197","DOP1B",-1.11381701117982,5.58449817449106e-11,"DOP1B",-1.24082771979202,2.83358231226397e-13
"ENSG00000142207","URB1",0.157786513038155,0.0595534175495559,"URB1",0.0386581407229102,0.751213059711834
"ENSG00000142408","CACNG8",-0.14562187109322,0.47049884256363,"CACNG8",-0.098465804632862,0.628964455235827
"ENSG00000142459","EVI5L",0.0990900681572419,0.706603812213559,"EVI5L",-0.619041003589294,0.0180716836639959
"ENSG00000142619","PADI3",0.0446006126850743,0.905290368484782,"PADI3",0.205536734245745,0.405001561833987
"ENSG00000142632","ARHGEF19",-0.00487621222201465,0.997877673728189,"ARHGEF19",-0.058371439391036,0.83022905652539
"ENSG00000142798","HSPG2",-0.405277411161743,0.0263823654834307,"HSPG2",-1.03685712630694,7.09511347679065e-06
"ENSG00000142864","SERBP1",-0.286544488902323,7.22568097901775e-09,"SERBP1",-0.0783554222432952,0.194887162497715
"ENSG00000142920","AZIN2",-0.375245298003347,0.186174077177271,"AZIN2",-0.316522571107688,0.199544752538034
"ENSG00000143079","CTTNBP2NL",0.0802501688148451,0.5463708624769,"CTTNBP2NL",0.110070710734064,0.371190113026164
"ENSG00000143126","CELSR2",0.31112448077321,0.0752547707797118,"CELSR2",0.847555901296555,1.70923008005392e-06
"ENSG00000143147","GPR161",-0.221744185322907,0.106055427711943,"GPR161",-0.263755013044441,0.0438912233542207
"ENSG00000143157","POGK",-0.384356648480273,0.000261565225074338,"POGK",-0.140953952381479,0.238387781775575
"ENSG00000143162","CREG1",0.757352847721453,4.6897506955256e-06,"CREG1",0.551248627655796,0.000649448005178738
"ENSG00000143179","UCK2",-0.207071870094323,0.061506861875422,"UCK2",0.0662226713893548,0.633446640209686
"ENSG00000143226","FCGR2A",0.0659503026611854,0.852711387741774,"FCGR2A",0.340667833145106,0.186865387801272
"ENSG00000143324","XPR1",-0.137785749622183,0.403837383767435,"XPR1",-0.193250039840047,0.196219371598104
"ENSG00000143401","ANP32E",-0.503183394334457,5.50142082392568e-07,"ANP32E",-0.12160862189301,0.309779208744513
"ENSG00000143436","MRPL9",0.0168230440102661,0.91151929896231,"MRPL9",0.126918262753779,0.203081813966525
"ENSG00000143469","SYT14",-0.398989969844314,0.0186800949776571,"SYT14",-0.466583621180958,0.00489653817148804
"ENSG00000143479","DYRK3",0.702540923599152,1.2700309053728e-08,"DYRK3",0.699065942643031,2.08697753303839e-08
"ENSG00000143543","JTB",0.110351170980842,0.414130805723355,"JTB",0.196067311492702,0.0901892699022046
"ENSG00000143545","RAB13",0.00630918837797819,0.98888553412291,"RAB13",-0.327428903836415,0.0155914325062288
"ENSG00000143633","FSAF1",-0.199385680616836,0.0941927019127313,"FSAF1",-0.158490280155585,0.188787022195394
"ENSG00000143761","ARF1",-0.202213777522014,0.00092464185131849,"ARF1",-0.16348004456028,0.00998600471931549
"ENSG00000143845","ETNK2",0.300833004435581,0.157346382940513,"ETNK2",0.332308922141924,0.0780847799407012
"ENSG00000143850","PLEKHA6",0.387733562381054,0.191982511301317,"PLEKHA6",0.076054118861429,0.78144965760437
"ENSG00000144136","SLC20A1",-0.838838707717749,1.37031410182524e-16,"SLC20A1",-0.922036997589561,1.68339801095859e-19
"ENSG00000144455","SUMF1",-0.298700166347123,0.0031739158717377,"SUMF1",-0.968640347417652,1.83278954276979e-20
"ENSG00000144476","ACKR3",0.227761030017283,0.409899428347014,"ACKR3",0.0471014964866311,0.865988735959661
"ENSG00000144559","TAMM41",-0.172313667361202,0.217955453862142,"TAMM41",-0.119238705626357,0.423846452697166
"ENSG00000144677","CTDSPL",-0.524960312356444,4.98848942599809e-11,"CTDSPL",-0.0471999645841114,0.661839964293753
"ENSG00000144824","PHLDB2",0.76990254693142,8.56182982556497e-17,"PHLDB2",1.01075962199086,2.10906774268014e-27
"ENSG00000144935","TRPC1",-0.256628665898307,0.150983138168517,"TRPC1",-0.133335092781936,0.469591702150263
"ENSG00000144959","NCEH1",-0.387048626374328,0.00057527651961294,"NCEH1",-0.344002944091646,0.00188446826486247
"ENSG00000145191","EIF2B5",-0.383149995911383,7.89123262033925e-09,"EIF2B5",-0.147457989856554,0.0471324086164432
"ENSG00000145247","OCIAD2",-0.276745171420767,0.0296440461360964,"OCIAD2",-0.0722008999892747,0.650281803077104
"ENSG00000145331","TRMT10A",-0.0190536717337874,0.935183530977848,"TRMT10A",-0.133933576058726,0.37174609046234
"ENSG00000145391","SETD7",0.0879677591423532,0.365345140419386,"SETD7",0.23639283068254,0.00359077151172905
"ENSG00000145439","CBR4",-0.33286284426763,0.0133125854535489,"CBR4",-0.288907132642689,0.0254917127305647
"ENSG00000145569","OTULINL",0.886046785250586,3.29899225740359e-05,"OTULINL",0.618465483086639,0.007154066624668
"ENSG00000145604","SKP2",-1.31376289736621,6.85596637538137e-46,"SKP2",-0.669932568275337,3.45024979813014e-13
"ENSG00000145623","OSMR",-0.145954658123922,0.273484691026253,"OSMR",-0.00381627946478501,0.983831959397693
"ENSG00000145675","PIK3R1",-0.360302828440192,0.00413892823338133,"PIK3R1",-0.196601686485501,0.135714509836123
"ENSG00000145687","SSBP2",-1.00536463601644,1.28810303751264e-05,"SSBP2",-1.17560310979133,1.78343445792025e-07
"ENSG00000145703","IQGAP2",-0.0431644764964807,0.90765955422285,"IQGAP2",-0.0644676431085132,0.82243888865091
"ENSG00000145736","GTF2H2",-0.154232034448647,0.329475377900646,"GTF2H2",-0.0409964916989995,0.840347249543796
"ENSG00000145824","CXCL14",-0.0501008904889743,0.879949923414514,"CXCL14",-0.0240756158646137,0.93461717909809
"ENSG00000145882","PCYOX1L",0.952736964599894,3.44250768691698e-05,"PCYOX1L",1.30376255938464,1.60681893329789e-05
"ENSG00000145907","G3BP1",-0.512958862180244,2.41551119300695e-16,"G3BP1",-0.133769525980611,0.0621476043796457
"ENSG00000146066","HIGD2A",0.0381147697375379,0.771589990185386,"HIGD2A",-0.143736000834486,0.14134450625322
"ENSG00000146072","TNFRSF21",-0.2471096288029,0.0370069819891497,"TNFRSF21",0.234017280721696,0.0401532546611476
"ENSG00000146109","ABT1",0.0731280447793936,0.581545731542006,"ABT1",-0.0460253671707286,0.760569461156439
"ENSG00000146416","AIG1",-0.856393899180028,2.93244079421538e-10,"AIG1",-0.904202838786349,2.14504521056373e-11
"ENSG00000146731","CCT6A",-0.16392386763759,0.000426138817919042,"CCT6A",-0.162021617666279,0.00056222982933237
"ENSG00000146733","PSPH",-0.512822596311579,7.94856117592678e-05,"PSPH",-0.422438910449418,0.000863485889426297
"ENSG00000146950","SHROOM2",-0.173448333788424,0.425235416613919,"SHROOM2",-0.0908330423096029,0.669503608950732
"ENSG00000146963","LUC7L2",-0.504959607245338,2.37069301718001e-13,"LUC7L2",-0.277919279852197,7.70866894091106e-05
"ENSG00000147123","NDUFB11",0.416134106689267,3.58205824319189e-11,"NDUFB11",0.0850022338920739,0.293438072685673
"ENSG00000147274","RBMX",-0.710386174152846,9.66055455309755e-26,"RBMX",-0.285911265840009,4.18020112929347e-05
"ENSG00000147454","SLC25A37",-0.42464739593173,1.21771773525876e-07,"SLC25A37",-0.242364615154929,0.00359865932515685
"ENSG00000147536","GINS4",0.724822919407188,3.29505301572073e-09,"GINS4",0.361738534198053,0.00321635015728979
"ENSG00000147642","SYBU",-0.110352021334575,0.713819569238511,"SYBU",0.0208687875489053,0.943565738354466
"ENSG00000147649","MTDH",-0.275509401151874,5.06023396271927e-08,"MTDH",-0.00995052689252707,0.917714842856098
"ENSG00000147676","MAL2",0.123814335546319,0.673762237630795,"MAL2",-0.115250860396284,0.632168769374905
"ENSG00000147677","EIF3H",-0.134303211968249,0.0749165727048941,"EIF3H",-0.283239544956748,3.05862628000818e-05
"ENSG00000147853","AK3",0.303684974023841,0.00158725180415956,"AK3",0.0344399670612931,0.819813742726071
"ENSG00000148143","ZNF462",-0.0661655625969517,0.693259323376848,"ZNF462",0.134468563524375,0.327337858449793
"ENSG00000148346","LCN2",0.0587153010584957,0.856455443154983,"LCN2",-0.00318868680376077,0.990638814770773
"ENSG00000148660","CAMK2G",-0.0649699548726236,0.642536610747684,"CAMK2G",0.309804175059233,0.00200836444842705
"ENSG00000148690","FRA10AC1",0.0324028313645038,0.841364623263381,"FRA10AC1",0.171525302100973,0.116094743512655
"ENSG00000148700","ADD3",-0.052226620926339,0.800648578254981,"ADD3",0.237641111920701,0.0902611187881802
"ENSG00000148719","DNAJB12",-0.156873565891665,0.0806480336009321,"DNAJB12",-0.00877950398458244,0.94908520436321
"ENSG00000148840","PPRC1",-0.112214259471519,0.34974334271286,"PPRC1",-0.128861311545369,0.263942170885847
"ENSG00000148848","ADAM12",-0.844365901751623,0.0111417311561727,"ADAM12",-0.181832965271962,0.468427524026241
"ENSG00000149136","SSRP1",-0.287303546739459,1.45628758433784e-08,"SSRP1",-0.0731802017858359,0.245385190248991
"ENSG00000149256","TENM4",-1.78524543814338,4.33253363915739e-18,"TENM4",-2.44061820672283,9.61876145481717e-33
"ENSG00000149260","CAPN5",0.0945524509025297,0.668103480088875,"CAPN5",-0.205061185796276,0.250303103740696
"ENSG00000149311","ATM",-0.0576669644269511,0.750554331417533,"ATM",-0.335380846695556,0.00683087705044442
"ENSG00000149313","AASDHPPT",0.15473641392383,0.0394821681544915,"AASDHPPT",0.07432832475392,0.405505706956648
"ENSG00000149428","HYOU1",0.046786526396788,0.728461960169831,"HYOU1",-0.275624762065149,0.00275632387176762
"ENSG00000149474","KAT14",-0.252012709561967,0.0762091050186067,"KAT14",-0.442424124051278,0.00123507558139165
"ENSG00000149476","TKFC",0.472506671305372,0.000205638539054621,"TKFC",0.125249735380279,0.413345499653148
"ENSG00000149485","FADS1",0.222290676880069,0.0117076967873974,"FADS1",0.415077318582527,3.64957608816275e-07
"ENSG00000149527","PLCH2",1.28006111523564,0.00613052636888495,"PLCH2",1.06137113388501,0.01006298428652
"ENSG00000149591","TAGLN",-0.357551870051738,0.109155379817002,"TAGLN",-0.312437128078633,0.12335899115828
"ENSG00000149639","MTCL2",-0.150155125769166,0.330015146804524,"MTCL2",0.0211576802657588,0.923825460031557
"ENSG00000149932","TMEM219",0.178770666633614,0.146351926430808,"TMEM219",-0.0144801482263651,0.937567255568002
"ENSG00000150281","CTF1",0.265780106872968,0.357945049088306,"CTF1",0.08776119594859,0.722080322998754
"ENSG00000150456","EEF1AKMT1",-0.0295246396485372,0.89031317218767,"EEF1AKMT1",-0.263516694627417,0.0585626097557979
"ENSG00000150687","PRSS23",-0.475531507427628,0.00879790315878644,"PRSS23",-0.25432273800014,0.142536220830509
"ENSG00000150753","CCT5",-0.272862393722208,1.05246628089059e-08,"CCT5",-0.110060686140512,0.0410202965402642
"ENSG00000150764","DIXDC1",-0.0485159720441709,0.824673055129542,"DIXDC1",0.112639316855002,0.496009710076767
"ENSG00000150787","PTS",0.0136699670756377,0.954713688266392,"PTS",0.246274500689767,0.0435985947616857
"ENSG00000150967","ABCB9",0.74649007931944,1.14918272789319e-06,"ABCB9",0.951935118495388,5.91444653383119e-10
"ENSG00000150991","UBC",0.224514732591025,0.00102590927315124,"UBC",0.402704781673432,4.87852270054243e-10
"ENSG00000151023","ENKUR",0.630033808766099,0.0282121686092518,"ENKUR",0.587551988321189,0.0337674184167931
"ENSG00000151135","TMEM263",0.0893965154343284,0.481631399542946,"TMEM263",-0.0112896818781271,0.94401497179906
"ENSG00000151422","FER",-0.776614005641354,2.76697598851607e-16,"FER",-0.567003397073525,1.92843487171821e-09
"ENSG00000151491","EPS8",0.334595620757275,0.0229767145008143,"EPS8",0.642343916951535,8.83210966479653e-06
"ENSG00000151651","ADAM8",-0.0563173061425268,0.866437279268646,"ADAM8",0.0892651412741082,0.722161535221232
"ENSG00000152049","KCNE4",2.58516929583165,8.9274629749185e-05,"KCNE4",2.22825182761274,0.00012166227518967
"ENSG00000152061","RABGAP1L",-0.949498969499334,1.12654491477011e-07,"RABGAP1L",-1.31673776702308,2.32513112404134e-11
"ENSG00000152086","TUBA3E",-1.05781295855032,0.000151180109808968,"TUBA3E",-0.559202184440476,0.0147761118836243
"ENSG00000152104","PTPN14",-0.180115407188966,0.11437429341604,"PTPN14",-0.1664172216241,0.141211644758834
"ENSG00000152229","PSTPIP2",1.11769254910695,1.05771736800057e-20,"PSTPIP2",1.24263149637441,1.24440320369949e-25
"ENSG00000152253","SPC25",-0.349704791169472,0.00295260736058339,"SPC25",0.0481838917753532,0.774327259553687
"ENSG00000152284","TCF7L1",-0.33938417731725,0.166127863641673,"TCF7L1",-0.395161279524632,0.115144454296123
"ENSG00000152464","RPP38",0.435869919636462,7.36750818849395e-07,"RPP38",0.0391271148618467,0.788728286082292
"ENSG00000152492","CCDC50",-0.191381171563922,0.00725845559848188,"CCDC50",-0.225359786158417,0.00126797530890722
"ENSG00000152518","ZFP36L2",0.292308395673948,0.0484397471122471,"ZFP36L2",-0.045627025551153,0.831411731701177
"ENSG00000152558","TMEM123",-0.376817483554136,3.2950779581815e-09,"TMEM123",-0.229994370200117,0.000499050578784301
"ENSG00000152795","HNRNPDL",-0.501349913956094,2.79607672306867e-10,"HNRNPDL",0.00874807911952472,0.948829136751827
"ENSG00000153029","MR1",2.02118852613345,4.82299008069614e-14,"MR1",0.80461450244363,0.00741329315929778
"ENSG00000153071","DAB2",-0.122442600273928,0.505885478734936,"DAB2",-0.131241201691661,0.440879603233717
"ENSG00000153187","HNRNPU",-0.44806308831946,2.08489850162955e-12,"HNRNPU",-0.317085766519938,9.46141885226107e-07
"ENSG00000153363","LINC00467",0.24475597236995,0.171900176317887,"LINC00467",0.104343230118075,0.600561419237605
"ENSG00000153406","NMRAL1",0.0102001532222291,0.967203006009788,"NMRAL1",-0.0327711470761284,0.854704299091216
"ENSG00000153560","UBP1",-0.407292830414061,1.09010011627772e-08,"UBP1",-0.445630312275962,4.80547767999311e-10
"ENSG00000153561","RMND5A",0.502506857865176,1.68289515848519e-09,"RMND5A",0.499517147359022,7.44726707653573e-09
"ENSG00000153815","CMIP",0.118847170979387,0.276403635319465,"CMIP",0.297013490435449,0.00117078733907081
"ENSG00000154079","SDHAF4",0.247875203610412,0.232618970513465,"SDHAF4",-0.250930841043327,0.198009872476178
"ENSG00000154134","ROBO3",0.105049042327867,0.592747111259953,"ROBO3",0.340714366788449,0.0177104094256019
"ENSG00000154174","TOMM70",0.181479660064879,0.0172450373996708,"TOMM70",0.268178881429782,0.000205708489959901
"ENSG00000154240","CEP112",-0.960479505789654,9.93566982619993e-06,"CEP112",-1.57554356788865,9.99823573262737e-12
"ENSG00000154319","FAM167A",-0.381101217049169,0.0249993885570101,"FAM167A",-0.569005445951464,0.00098333842899389
"ENSG00000154358","OBSCN",0.134315886104152,0.654432348230135,"OBSCN",-0.0355204806570961,0.906892526627289
"ENSG00000154359","LONRF1",-0.269473398660069,0.0634589623066706,"LONRF1",0.193183533618807,0.186719830935588
"ENSG00000154727","GABPA",-0.029595280614488,0.878904007957647,"GABPA",-0.134323550500359,0.333783351476437
"ENSG00000154764","WNT7A",-0.103527965397323,0.731337091903248,"WNT7A",-0.156046807488416,0.504741535931114
"ENSG00000154767","XPC",0.661848173182541,6.64221410441186e-12,"XPC",0.712787833303454,1.22828856288065e-13
"ENSG00000154832","CXXC1",-0.252304099702694,0.00332790530534983,"CXXC1",-0.0906795514743571,0.383919710668208
"ENSG00000154874",NA,0.0769571310769242,0.824033624158263,NA,-0.442796275803869,0.0793941500186366
"ENSG00000155034","FBXL18",0.424416769210143,0.000370112762945805,"FBXL18",0.301485605590929,0.0113423592832181
"ENSG00000155090","KLF10",0.0967653867486784,0.556015776536733,"KLF10",-0.157069620883686,0.272636446901284
"ENSG00000155096","AZIN1",-0.262355647803366,0.00109831300690609,"AZIN1",-0.0632042533227627,0.550737530638943
"ENSG00000155313","USP25",-0.303243444961161,0.0148814421179033,"USP25",-0.39513221646813,0.00123476473090563
"ENSG00000155363","MOV10",0.373617243332708,0.00324394984773016,"MOV10",0.124285374074743,0.395457357099493
"ENSG00000155438","NIFK",0.100468927126814,0.122962165943694,"NIFK",-0.272964721713326,2.89370886138316e-06
"ENSG00000156110","ADK",-1.37172712570163,6.25834954216682e-42,"ADK",-1.45826998402845,5.11712568518069e-49
"ENSG00000156113","KCNMA1",-0.461984427534036,0.0154075454869065,"KCNMA1",-0.541203526776201,0.00399676532281777
"ENSG00000156256","USP16",-0.0591500800320188,0.545772599790134,"USP16",0.112549040883939,0.181844176012917
"ENSG00000156313","RPGR",-0.336262220671253,0.014049451788994,"RPGR",-0.450617140509919,0.000461076769342083
"ENSG00000156384","SFR1",-0.483387930481395,0.00466254020294577,"SFR1",-0.321472195215259,0.032683367625946
"ENSG00000156463","SH3RF2",-0.35306147971006,0.0372403643130578,"SH3RF2",0.157777709336541,0.36370928276674
"ENSG00000156475","PPP2R2B",0.0105122511205693,0.988013509445498,"PPP2R2B",0.43832429074072,0.121118329920923
"ENSG00000156642","NPTN",-0.227098019045897,0.0052557689502182,"NPTN",-0.298239755833864,0.00015052179727327
"ENSG00000156697","UTP14A",-0.102746158548746,0.264748797676575,"UTP14A",-0.381364324294673,7.19227127942103e-07
"ENSG00000156711","MAPK13",0.724616781947536,0.0226622640255211,"MAPK13",0.300974254275281,0.201717736638679
"ENSG00000156873","PHKG2",0.165975129517092,0.202166271122322,"PHKG2",0.241711251602523,0.0414908213766558
"ENSG00000156973","PDE6D",-0.213062769938217,0.152234156113404,"PDE6D",-0.369565019289479,0.00379101927707835
"ENSG00000157184","CPT2",0.24914584267177,0.0404961048565692,"CPT2",0.204288398986952,0.108165247385265
"ENSG00000157214","STEAP2",-0.0186798333102108,0.943937519512066,"STEAP2",-0.0386659620097543,0.856795819691415
"ENSG00000157216","SSBP3",-0.122325540702294,0.255276091391471,"SSBP3",-0.000288829440218092,0.998489831781308
"ENSG00000157326","DHRS4",0.544254841542827,0.0032189632855488,"DHRS4",0.12755547559688,0.521956230457928
"ENSG00000157500","APPL1",-0.245005034192532,7.24961512364447e-05,"APPL1",-0.159065540434963,0.0171337611246579
"ENSG00000157502","PWWP3B",0.239284406634237,0.374878305717484,"PWWP3B",1.02702060217478,0.00102404365629054
"ENSG00000157540","DYRK1A",-0.372401974015574,0.000129519636728622,"DYRK1A",-0.0130224560586961,0.93659404942583
"ENSG00000157680","DGKI",-0.0272364132947334,0.941399608958804,"DGKI",0.044480554137675,0.874007252291892
"ENSG00000158023","CFAP251",1.34165667344466,4.29103327065895e-08,"CFAP251",1.02092036560681,2.05664626561832e-05
"ENSG00000158042","MRPL17",-0.268866277080299,0.00136647831498993,"MRPL17",-0.175244972127808,0.0479205506373121
"ENSG00000158109","TPRG1L",0.281456321347511,0.0034197784079036,"TPRG1L",0.00158109006153254,0.992323346514356
"ENSG00000158125","XDH",0.742346826133222,8.2980110755451e-05,"XDH",0.989344621701803,7.50631509811231e-07
"ENSG00000158234","FAIM",0.184895777960057,0.263071064746849,"FAIM",0.177341484967917,0.301044498680732
"ENSG00000158246","TENT5B",2.05079316527456,0.000132173659238071,"TENT5B",-0.0414620000876743,0.885881562665833
"ENSG00000158292","GPR153",0.443794956109252,0.0191499962077627,"GPR153",1.39043074445098,8.65124301429123e-09
"ENSG00000158373","H2BC5",0.998594686908508,2.39018652773594e-07,"H2BC5",0.595169581907957,0.00165640108246531
"ENSG00000158406","H4C8",0.345576805574826,0.141063290529984,"H4C8",-0.0379742798848789,0.896292205052537
"ENSG00000158473","CD1D",0.495417453809872,0.12061795164973,"CD1D",-0.0775538060052647,0.769921698092694
"ENSG00000158545","ZC3H18",-0.0290954489157622,0.846215083825588,"ZC3H18",0.127914210390731,0.230102812191657
"ENSG00000158555","GDPD5",0.0261302111548833,0.916544094901112,"GDPD5",0.0250161792916461,0.916168443184463
"ENSG00000158615","PPP1R15B",-0.289740637463996,0.00231804697621242,"PPP1R15B",-0.118238832379307,0.275817926122314
"ENSG00000158716","DUSP23",0.0375800873231902,0.916944153659343,"DUSP23",-0.0243986880898574,0.934303841950811
"ENSG00000158825","CDA",0.0573889035893436,0.765117774213363,"CDA",0.293672344937089,0.0227501237536299
"ENSG00000158856","DMTN",1.14416344665371,5.81531419977561e-05,"DMTN",1.00481431058592,9.37481302847517e-05
"ENSG00000158941","CCAR2",0.047397695447218,0.79130492857476,"CCAR2",-0.00470312307573497,0.980706941451191
"ENSG00000158985","CDC42SE2",-0.161280092474745,0.0752611695693206,"CDC42SE2",0.0663439129352073,0.525999087960418
"ENSG00000159110","IFNAR2",0.181397296563031,0.193941517694005,"IFNAR2",0.248288723542031,0.041862687115951
"ENSG00000159128","IFNGR2",0.00691404545677077,0.979708935332886,"IFNGR2",0.3511101571039,0.000349045468069559
"ENSG00000159167","STC1",-1.07242186537175,1.43673271879661e-17,"STC1",-0.981832967794696,8.50675949240816e-15
"ENSG00000159200","RCAN1",0.379666184576783,0.00069498805924385,"RCAN1",0.149043295085921,0.261549457146916
"ENSG00000159231","CBR3",-0.170341614743221,0.33978250612268,"CBR3",-0.0835732954869581,0.656390579925745
"ENSG00000159352","PSMD4",0.142427380302133,0.108306460922075,"PSMD4",0.150022841604092,0.0859597662827303
"ENSG00000159685","CHCHD6",-0.973265821358772,2.26599998631469e-10,"CHCHD6",-1.76269161681494,2.8785607405626e-22
"ENSG00000159842","ABR",-0.218526450128196,0.150277171663092,"ABR",0.06012840408725,0.752284924896658
"ENSG00000160124","MIX23",-0.0418720339521177,0.790707249609024,"MIX23",0.131144079074818,0.26488141149846
"ENSG00000160439","RDH13",0.363812154136304,0.00477859393783286,"RDH13",0.0533038629003017,0.783737422913855
"ENSG00000160469","BRSK1",0.383677685866174,0.0410050614320067,"BRSK1",0.414249666188112,0.0271108552768565
"ENSG00000160471","COX6B2",1.44780187321776,0.00362877556929719,"COX6B2",0.00825051141155346,0.977790048267547
"ENSG00000160633","SAFB",-0.00735267617684624,0.981961230809104,"SAFB",0.319070920520839,0.00703171708370052
"ENSG00000160767","ENTREP3",0.215544823183909,0.0658589530856905,"ENTREP3",0.175129145855941,0.15323176856604
"ENSG00000160818","GPATCH4",0.198673202123726,0.0165773456922885,"GPATCH4",0.0663594285859029,0.525979290154683
"ENSG00000160991","ORAI2",0.036086018183361,0.828311196813758,"ORAI2",-0.0235498729031453,0.894641392768026
"ENSG00000161011","SQSTM1",0.63736468358107,3.39514721468907e-05,"SQSTM1",0.233964700615475,0.126678610838335
"ENSG00000161057","PSMC2",0.0135072701369921,0.940416629746777,"PSMC2",0.0492735829703681,0.712961498316301
"ENSG00000161513","FDXR",2.08115633623749,2.268864055952e-44,"FDXR",2.30741232575485,1.66739160554283e-53
"ENSG00000161544","CYGB",2.45141989862327,1.24285572849643e-11,"CYGB",2.21391383684041,3.5599057227545e-15
"ENSG00000161547","SRSF2",-0.74604344160644,6.33015669238274e-16,"SRSF2",-0.828387698654597,5.74579646438564e-19
"ENSG00000161642","ZNF385A",1.68329007671032,2.84157634773477e-23,"ZNF385A",1.46537995708049,3.0462341305523e-17
"ENSG00000161682","FAM171A2",1.39233641427497,4.13465746204425e-17,"FAM171A2",1.15451897730004,1.32374347695267e-11
"ENSG00000161714","PLCD3",0.477307327508413,1.88709427215424e-05,"PLCD3",0.643576144435937,5.37260093812753e-09
"ENSG00000161999","JMJD8",0.762808115963359,8.84070235833911e-10,"JMJD8",0.341311745022499,0.0080717111622664
"ENSG00000162191","UBXN1",-0.0619270872795671,0.631865205201314,"UBXN1",0.00620175524835478,0.967518244567326
"ENSG00000162385","MAGOH",-0.210957483144424,0.00859238690660957,"MAGOH",-0.220198144337487,0.00590271275671455
"ENSG00000162408","NOL9",0.24354186962083,0.00252542589537369,"NOL9",0.373381284541422,1.7811765701226e-06
"ENSG00000162419","GMEB1",-0.19385937419753,0.101711946385422,"GMEB1",0.0049600737232169,0.977079174675777
"ENSG00000162430","SELENON",0.315166843038941,0.00464923660221073,"SELENON",0.034547009250258,0.845144327597957
"ENSG00000162458","FBLIM1",0.0671975294262244,0.708782514016919,"FBLIM1",-0.128297225889625,0.387829592046552
"ENSG00000162511","LAPTM5",1.46683626404677,0.000146823125580714,"LAPTM5",1.52252616281287,4.08897240948213e-05
"ENSG00000162521","RBBP4",-0.310851236838414,2.4469700605622e-05,"RBBP4",-0.375341673431365,1.73666550410734e-07
"ENSG00000162545","CAMK2N1",-0.0343825773644305,0.86535510828026,"CAMK2N1",-0.13173000553033,0.366819656043585
"ENSG00000162613","FUBP1",-0.00496674540561115,0.981515058244673,"FUBP1",0.17479725362895,0.033779213089385
"ENSG00000162614","NEXN",0.259590958466149,0.275296705762506,"NEXN",0.608484212183146,0.00988943116034442
"ENSG00000162623","TYW3",0.00279490000835359,0.993190614729084,"TYW3",0.0888722966347687,0.318438802377823
"ENSG00000162723","SLAMF9",0.418155947668434,0.0974643919276202,"SLAMF9",0.679111765940954,0.0164564633732891
"ENSG00000162772","ATF3",3.76741863769436,2.53773455758151e-59,"ATF3",2.36553523096512,2.09798777947436e-23
"ENSG00000163032","VSNL1",-0.0860783235606562,0.782242713398341,"VSNL1",0.408568520071195,0.133430710670079
"ENSG00000163053","SLC16A14",-0.0126017364957099,0.981961230809104,"SLC16A14",-0.0329544490318006,0.911798147567284
"ENSG00000163156","SCNM1",0.788163471291518,4.93603634040835e-17,"SCNM1",0.521830544319952,5.1768939731137e-08
"ENSG00000163159","VPS72",0.186891817233113,0.100864213282727,"VPS72",0.315991401014532,0.00208086844814314
"ENSG00000163235","TGFA",0.400047425393119,0.00410814946494336,"TGFA",0.628316188374476,3.40485254066626e-06
"ENSG00000163319","MRPS18C",0.251556809915823,0.00106357194756917,"MRPS18C",0.276180034327641,0.000258978328333842
"ENSG00000163328","GPR155",-0.160193540009137,0.402272831511476,"GPR155",-0.274872834937544,0.137911898234481
"ENSG00000163348","PYGO2",-0.351073437055,0.000431878969557174,"PYGO2",0.0116906107777479,0.94238710417589
"ENSG00000163430","FSTL1",-0.293906005486987,0.00525757185790162,"FSTL1",-0.253768823745142,0.0148677822091077
"ENSG00000163453","IGFBP7",0.13147167234729,0.509192404280364,"IGFBP7",0.187590677185271,0.267115274891495
"ENSG00000163468","CCT3",0.0415356575358924,0.706484906019017,"CCT3",0.111328075768626,0.204390836366345
"ENSG00000163508","EOMES",0.426571295362089,0.162555189439684,"EOMES",1.6179889876968,0.00163272267673696
"ENSG00000163545","NUAK2",0.904947422420167,2.71068654576423e-06,"NUAK2",0.750369946300144,0.000116611673184072
"ENSG00000163597","SNHG16",-0.443096111685146,1.25943363838013e-08,"SNHG16",-0.548439171680043,1.53583853871655e-12
"ENSG00000163634","THOC7",-0.246280304510285,0.00241810344038952,"THOC7",-0.116425442677602,0.203539513052951
"ENSG00000163637","PRICKLE2",0.482586019684789,0.000799445044099573,"PRICKLE2",0.101876544190238,0.537301067173443
"ENSG00000163681","SLMAP",-0.1667196619556,0.128935769484938,"SLMAP",-0.0319131167389139,0.840493211259806
"ENSG00000163710","PCOLCE2",-0.407935400715061,0.0382578914715351,"PCOLCE2",-0.125994685815584,0.510027770339561
"ENSG00000163728","TTC14",0.174020771594167,0.147768515970619,"TTC14",-0.034888787620524,0.837603182117304
"ENSG00000163734","CXCL3",-0.827697412749857,0.00220299025590134,"CXCL3",-1.15613687479487,6.97172224075976e-05
"ENSG00000163739","CXCL1",0.0116823115491116,0.983966792452332,"CXCL1",-0.012877093946497,0.961779704920948
"ENSG00000163798","SLC4A1AP",0.28556254227361,0.000303228621726933,"SLC4A1AP",0.352085633760553,5.60983538033118e-06
"ENSG00000163811","WDR43",0.179202593095887,0.0161757891334661,"WDR43",0.245046239055844,0.000574357657499789
"ENSG00000163870","TPRA1",0.422515050614175,0.00032049417264314,"TPRA1",0.520547814410513,7.03540604006985e-06
"ENSG00000163874","ZC3H12A",0.0144196199921921,0.973732780264725,"ZC3H12A",0.0130597042247829,0.960079655006957
"ENSG00000163888","CAMK2N2",-0.721818180772822,8.11022522666834e-06,"CAMK2N2",-0.859775670176177,3.83531257427219e-08
"ENSG00000163932","PRKCD",0.119834544138204,0.404837345982925,"PRKCD",0.030071766895199,0.876505584874217
"ENSG00000163939","PBRM1",-0.346910160548758,7.47193658159686e-08,"PBRM1",-0.0228975022107143,0.833608425521207
"ENSG00000163960","UBXN7",0.122054620405549,0.149647170355437,"UBXN7",0.14680314542925,0.0692731715635615
"ENSG00000163995","ABLIM2",-0.0125854068825295,0.981515058244673,"ABLIM2",-0.0310871609922556,0.914960548346928
"ENSG00000164038","SLC9B2",-0.0027461599934387,0.998050143338045,"SLC9B2",-0.195771900667575,0.142017170694875
"ENSG00000164099","PRSS12",0.54102379140436,0.00737146753800156,"PRSS12",1.92838836306884,0.000790258948341328
"ENSG00000164105","SAP30",-0.112913612784416,0.44713591754176,"SAP30",0.58701873556659,2.61487103845457e-07
"ENSG00000164163","ABCE1",-0.104120193939403,0.150583511053874,"ABCE1",0.0240837360710074,0.818315233248274
"ENSG00000164167","LSM6",-0.802179933923151,7.79229778529155e-09,"LSM6",-0.251845571151847,0.0658317021769285
"ENSG00000164171","ITGA2",-0.112730097869739,0.578474511694034,"ITGA2",-0.101841993648554,0.594327157033008
"ENSG00000164237","CMBL",1.19582943913541,1.04380664600942e-34,"CMBL",1.10470669442289,3.12816015197853e-30
"ENSG00000164402","SEPTIN8",-0.142938270801601,0.152022295187488,"SEPTIN8",0.00860505549823366,0.952386722367914
"ENSG00000164543","STK17A",0.340506031763016,0.000332744309726534,"STK17A",0.34268393505933,0.00022903302267462
"ENSG00000164615","CAMLG",0.411534450513597,0.000202300392816585,"CAMLG",0.0201351544171915,0.917497531960464
"ENSG00000164649","CDCA7L",-0.775352510956273,1.94698318488047e-20,"CDCA7L",-0.325419051898376,0.000113487195282012
"ENSG00000164754","RAD21",-0.40195925131904,2.06261648806379e-07,"RAD21",-0.268609897129409,0.000668283785573648
"ENSG00000164796","CSMD3",0.555263369489813,0.0473842275883506,"CSMD3",0.869574559374903,0.00670564000430229
"ENSG00000164818","DNAAF5",-0.289942159795026,3.67622185619144e-05,"DNAAF5",0.0355052550596144,0.752692858417152
"ENSG00000164823","OSGIN2",-0.0559882062964278,0.731945206734513,"OSGIN2",0.0418510718519145,0.80893084245399
"ENSG00000164877","MICALL2",1.01827396834663,1.8298829439474e-07,"MICALL2",0.880971959638089,7.85174688987503e-06
"ENSG00000164902","PHAX",0.0807339983234359,0.318690946553985,"PHAX",0.0370658751573921,0.708480707705948
"ENSG00000164904","ALDH7A1",-0.140348737402582,0.361463069229233,"ALDH7A1",-0.209025405673276,0.11723109682537
"ENSG00000164924","YWHAZ",-0.489452790047192,6.9400043899717e-17,"YWHAZ",-0.35721115533136,1.72970564029853e-09
"ENSG00000165046","LETM2",-0.0585029362195549,0.700668869302108,"LETM2",0.132874950388998,0.278306108679153
"ENSG00000165097","KDM1B",0.0184308949135,0.946441846665159,"KDM1B",-0.164298079953564,0.313647977947676
"ENSG00000165156","ZHX1",0.0957291211198236,0.366167793518079,"ZHX1",0.23544824573297,0.0075362955037172
"ENSG00000165175","MID1IP1",-0.000560321336403519,0.999769847841042,"MID1IP1",0.298345223058285,0.235859574944908
"ENSG00000165209","STRBP",-0.341665193276868,0.000573053265601118,"STRBP",0.00487913663578181,0.976685125159083
"ENSG00000165424","ZCCHC24",-0.367359707601129,0.00972020328603091,"ZCCHC24",-0.0701411096668585,0.699947130459948
"ENSG00000165475","CRYL1",-0.652039802520066,0.00137645843216224,"CRYL1",-1.08682172557013,4.69364117878103e-07
"ENSG00000165632","TAF3",0.604541692733647,9.86943113329961e-13,"TAF3",0.490264723157928,1.01314819216862e-08
"ENSG00000165637","VDAC2",0.294524304291839,1.7188865580158e-06,"VDAC2",0.226074430440545,0.00043932508425299
"ENSG00000165655","ZNF503",0.81007366424886,8.41471630859407e-14,"ZNF503",0.122301408269936,0.400653864287071
"ENSG00000165795","NDRG2",0.0638455820513906,0.815573798349126,"NDRG2",0.14620324937798,0.450628693765967
"ENSG00000165799","RNASE7",4.54593797343619,1.29464024006958e-10,"RNASE7",3.19809773799626,2.94894596026685e-06
"ENSG00000165801","ARHGEF40",0.381773944192892,0.0384173217254579,"ARHGEF40",0.221273826431481,0.209664138910642
"ENSG00000165804","ZNF219",0.385353367756143,0.0018622970687883,"ZNF219",0.303139208538005,0.0112188815036391
"ENSG00000165887","ANKRD2",0.168306877050591,0.556015776536733,"ANKRD2",0.108910378742653,0.656747740990687
"ENSG00000165905","LARGE2",0.349640084692346,0.219107921703925,"LARGE2",0.0648600169934115,0.807647070926181
"ENSG00000166033","HTRA1",0.127787380584554,0.623243779284173,"HTRA1",-0.0280180132507476,0.923558278814302
"ENSG00000166106","ADAMTS15",0.359391960251427,0.190561628795523,"ADAMTS15",0.350205531792321,0.12996084566945
"ENSG00000166147","FBN1",0.417393482606026,0.0529018683048961,"FBN1",0.105158333354707,0.640947523249097
"ENSG00000166173","LARP6",-0.243184159404041,0.0640302833751959,"LARP6",-0.380901568972756,0.00154543547253973
"ENSG00000166197","NOLC1",-0.167693989999855,0.0166806684695335,"NOLC1",-0.154981609462865,0.0309282767445123
"ENSG00000166289","PLEKHF1",0.448991806628364,0.00411971509749174,"PLEKHF1",0.255799816516342,0.091784943555562
"ENSG00000166311","SMPD1",0.986392675345002,2.33411025070715e-20,"SMPD1",0.458921375887107,2.86427680270672e-05
"ENSG00000166454","ATMIN",0.494468562502496,4.93133844193849e-15,"ATMIN",0.15380728198151,0.0379833468132818
"ENSG00000166526","ZNF3",0.322696889158163,0.00087171889385038,"ZNF3",-0.214133512004544,0.038718071339046
"ENSG00000166535","A2ML1",-0.110007157247664,0.718153023101264,"A2ML1",-0.0437534392939844,0.879631617953029
"ENSG00000166562","SEC11C",0.431586872149304,2.74377420035969e-05,"SEC11C",0.319106807594621,0.0023241852779296
"ENSG00000166575","TMEM135",-0.827609919368774,5.12891050115306e-05,"TMEM135",-0.361903205860747,0.0549991798842169
"ENSG00000166801","FAM111A",-0.46641445348691,7.23858949382161e-07,"FAM111A",-0.250981955506874,0.00915008911016793
"ENSG00000166813","KIF7",0.963998793232987,0.0135273308555608,"KIF7",0.190425675682621,0.446855381901147
"ENSG00000166825","ANPEP",-0.603317953673122,1.53021914322653e-06,"ANPEP",-0.723483909211004,1.01977650558432e-08
"ENSG00000166828","SCNN1G",-0.0240230104892113,0.952855537103376,"SCNN1G",-0.0431918721388279,0.881218565703534
"ENSG00000166847","DCTN5",0.219628460648411,0.00224095070441382,"DCTN5",0.203055255119267,0.00572862423838415
"ENSG00000166897","ELFN2",0.802272438522999,2.99224935417636e-07,"ELFN2",0.644157901696865,3.80126154454577e-05
"ENSG00000166949","SMAD3",0.0203142821069258,0.911487562075033,"SMAD3",0.258787134133974,0.0168246353143037
"ENSG00000167034","NKX3-1",0.590119107469105,3.6587719919573e-07,"NKX3-1",0.161547064398871,0.219059518402181
"ENSG00000167105","TMEM92",0.843101206737907,0.0024036066305308,"TMEM92",1.37904213390508,7.79580126078604e-07
"ENSG00000167113","COQ4",0.093128752302928,0.484626721841701,"COQ4",0.0973352432282189,0.452796979289429
"ENSG00000167196","FBXO22",0.527896862959233,1.09456483069115e-09,"FBXO22",0.2599912520713,0.00379101927707835
"ENSG00000167220","HDHD2",-0.214765847157289,0.110480865984637,"HDHD2",-0.0902957100376976,0.572165899194884
"ENSG00000167384","ZNF180",0.0221924985956487,0.923710671004166,"ZNF180",0.10865288678616,0.481353939761931
"ENSG00000167513","CDT1",0.166771121514758,0.143622917755991,"CDT1",0.0981270892129346,0.435030319590695
"ENSG00000167566","NCKAP5L",0.519711652572012,0.000131469671192944,"NCKAP5L",0.407733540931972,0.00222476743902125
"ENSG00000167635","ZNF146",-0.00646718883099055,0.978212305973007,"ZNF146",-0.00118314266337178,0.993874689744667
"ENSG00000167637","ZNF283",0.320344708335377,0.053984829667939,"ZNF283",0.336030609021946,0.0307642176797029
"ENSG00000167680","SEMA6B",-0.191446254322467,0.36434072852803,"SEMA6B",-0.233886471808766,0.201846721932807
"ENSG00000167693","NXN",0.816900159101884,1.21730679468537e-06,"NXN",0.29314381907336,0.0922638067919192
"ENSG00000167778","SPRYD3",0.271974918063281,0.0414607509645628,"SPRYD3",0.349837368044044,0.00701415170318868
"ENSG00000167779","IGFBP6",0.459430061111981,0.00142370899282624,"IGFBP6",-0.0951777656692317,0.604352198673094
"ENSG00000167792","NDUFV1",-0.104005056813857,0.353096220210179,"NDUFV1",-0.36829743249728,5.30402502066938e-05
"ENSG00000167799","NUDT8",0.124462209098968,0.489834439206669,"NUDT8",0.160308892420352,0.344908780553201
"ENSG00000167914","GSDMA",0.00702145521073988,0.994006002662269,"GSDMA",0.0540179342026407,0.843944732350106
"ENSG00000167925","GHDC",0.428288071658784,0.0154904959651072,"GHDC",0.272415741224872,0.105325446617389
"ENSG00000167930","FAM234A",0.758632056714642,3.94806846786995e-10,"FAM234A",0.361887705339212,0.00237424631660607
"ENSG00000167987","VPS37C",-0.0545534423982962,0.735990745732523,"VPS37C",-0.16126029824011,0.197784257554231
"ENSG00000168002","POLR2G",0.1926531859244,0.0837382958561555,"POLR2G",0.0675361051607029,0.62343789698593
"ENSG00000168010","ATG16L2",0.0655592701998322,0.791751657398802,"ATG16L2",-0.0466903737734053,0.849309016778621
"ENSG00000168036","CTNNB1",0.0296489485428339,0.730512801838212,"CTNNB1",-0.10639125186919,0.103799429827932
"ENSG00000168056","LTBP3",0.541205238212598,0.00194989085503419,"LTBP3",0.429397507070683,0.0117116131931153
"ENSG00000168067","MAP4K2",0.0573370028978929,0.800648578254981,"MAP4K2",0.0334180497274,0.890175586708591
"ENSG00000168077","SCARA3",-0.112945381399905,0.491921672669584,"SCARA3",-0.192992593885941,0.16332538108458
"ENSG00000168209","DDIT4",-0.348674596763668,0.110956914535634,"DDIT4",-1.43133084254583,1.58067252491732e-06
"ENSG00000168243","GNG4",-0.260856684276298,0.193109633144405,"GNG4",-0.458844740481669,0.0396285679102205
"ENSG00000168275","COA6",0.266255158779014,0.0289063090314514,"COA6",0.115871784264271,0.403601642911256
"ENSG00000168283","BMI1",0.0292222799345111,0.857118466227201,"BMI1",0.0439625076461513,0.776482988091096
"ENSG00000168286","THAP11",-0.431873824411016,1.32470273449328e-05,"THAP11",-0.190572105644093,0.0685776152740731
"ENSG00000168298","H1-4",-0.572703945255667,0.0190913925806523,"H1-4",-0.678810705090095,0.0063690016338075
"ENSG00000168389","MFSD2A",0.280034476573185,0.340819711494728,"MFSD2A",0.724080800279731,0.0377029772261691
"ENSG00000168395","ING5",-0.154104949036755,0.175953255628706,"ING5",-0.143684984723292,0.195174126018962
"ENSG00000168398","BDKRB2",0.499169690768181,0.10236955440106,"BDKRB2",-0.3941938987721,0.140136132031517
"ENSG00000168439","STIP1",0.0351055237780261,0.763335081564217,"STIP1",0.123907382056529,0.155445981994798
"ENSG00000168461","RAB31",-0.294403670637274,0.0484135126619271,"RAB31",-0.193255230316641,0.196683619221674
"ENSG00000168497","CAVIN2",5.07227242648146,9.23263341022839e-16,"CAVIN2",4.40586248822692,4.1080719061602e-11
"ENSG00000168502","MTCL1",0.0889916937466253,0.56509617113484,"MTCL1",0.0694358355441519,0.660986919469622
"ENSG00000168528","SERINC2",0.11337023951527,0.479764320365438,"SERINC2",0.119208065397059,0.433009828261431
"ENSG00000168615","ADAM9",-0.2539755554371,0.00373134203286341,"ADAM9",-0.154444965436625,0.117412732742578
"ENSG00000168653","NDUFS5",0.396681176763791,1.63772462436818e-05,"NDUFS5",0.202014093245719,0.0390683592464359
"ENSG00000168710","AHCYL1",-0.428533395718068,2.29955054487241e-10,"AHCYL1",-0.484585918423488,4.79386300470199e-13
"ENSG00000168765","GSTM4",0.202173291825773,0.491137231015313,"GSTM4",0.2234713470296,0.35628868399426
"ENSG00000168824","NSG1",3.05786900744582,4.94341586473594e-16,"NSG1",3.13516908578277,1.25543141992929e-07
"ENSG00000168883","USP39",-0.450253729907142,8.4642415974726e-07,"USP39",-0.133022507228561,0.210744719008718
"ENSG00000168918","INPP5D",1.09569618797452,1.12392361144476e-05,"INPP5D",1.77135406710784,4.86881374523913e-10
"ENSG00000168952","STXBP6",-0.48323597833268,0.0257636955868427,"STXBP6",-0.622018548856201,0.00550232409786127
"ENSG00000169035","KLK7",-0.00658622459781161,0.994614131852379,"KLK7",0.0384455582193232,0.892399048352248
"ENSG00000169045","HNRNPH1",-0.566429702479749,2.61964742537694e-22,"HNRNPH1",-0.214228564652747,0.000536369733147422
"ENSG00000169105","CHST14",-0.205268103950419,0.102452325336609,"CHST14",-0.1918445842626,0.112921786921947
"ENSG00000169118","CSNK1G1",0.331722596250902,0.000269092041762079,"CSNK1G1",0.36967515865371,3.65188727153514e-05
"ENSG00000169288","MRPL1",-0.301902543325763,0.00170058428108142,"MRPL1",-0.123688242928516,0.258771912212467
"ENSG00000169299","PGM2",-0.406898494162766,7.03773506231045e-05,"PGM2",-0.173119325448146,0.12774210047684
"ENSG00000169403","PTAFR",2.1738458580771,1.39894504158029e-06,"PTAFR",0.33530438510136,0.203942874385607
"ENSG00000169429","CXCL8",-0.180906511625469,0.520274756767748,"CXCL8",-0.224713298812734,0.333049910752133
"ENSG00000169564","PCBP1",-0.285552090450579,3.19927172763612e-06,"PCBP1",-0.148693881275844,0.0258306029389372
"ENSG00000169609","C15orf40",0.184262795070664,0.0928253547862938,"C15orf40",0.203259988147461,0.0584949513575317
"ENSG00000169684","CHRNA5",0.190900810631611,0.136170283324375,"CHRNA5",0.127388211819609,0.357617077721116
"ENSG00000169714","CNBP",-0.343428965073,7.55846493947911e-07,"CNBP",-0.41959140369762,8.15502949030717e-10
"ENSG00000169733","RFNG",0.292449790833007,0.0194598885921484,"RFNG",0.305256981743382,0.0115186727710711
"ENSG00000169744","LDB2",-1.43878349506409,0.00327919869011474,"LDB2",0.100404663067016,0.700653234295264
"ENSG00000169813","HNRNPF",-0.530280150865683,2.45631148589423e-14,"HNRNPF",-0.322276186177792,6.03604719735691e-06
"ENSG00000169902","TPST1",-0.340846233667454,0.00130207601728844,"TPST1",0.0214367813946879,0.899342062188885
"ENSG00000169957","ZNF768",0.211866379344207,0.0501776686535383,"ZNF768",-0.0227414875724366,0.900042089276234
"ENSG00000169992","NLGN2",0.271416220826383,0.082150518559518,"NLGN2",0.102548083266337,0.576311234957922
"ENSG00000170006","TMEM154",-1.05516910521065,6.35360340604823e-20,"TMEM154",-0.606632014656791,1.59985372253688e-07
"ENSG00000170017","ALCAM",-0.912708056198958,1.52614911962352e-17,"ALCAM",-0.797725923397536,1.46848362430812e-13
"ENSG00000170144","HNRNPA3",-0.552647369682306,2.47051125776261e-12,"HNRNPA3",-0.182690621766367,0.0346859342378292
"ENSG00000170160","CCDC144A",-0.0108955776724318,0.985912612713102,"CCDC144A",0.0080721700605254,0.976685125159083
"ENSG00000170214","ADRA1B",-0.489292983959291,0.123865941678762,"ADRA1B",-1.42650769532554,0.0023499757413326
"ENSG00000170266","GLB1",-0.0524438814652799,0.742670313366182,"GLB1",-0.132197547482384,0.28934396236031
"ENSG00000170275","CRTAP",0.0279495743393082,0.828420591794928,"CRTAP",0.00847762085151727,0.94908520436321
"ENSG00000170312","CDK1",-0.0305967581501406,0.889585989424309,"CDK1",0.20689522196367,0.141070749308127
"ENSG00000170322","NFRKB",0.50426657951961,3.12386097538149e-10,"NFRKB",0.426719384815651,1.3062835460919e-07
"ENSG00000170348","TMED10",-0.182639488347214,0.00550645036790701,"TMED10",-0.317042050857238,3.3690322906571e-07
"ENSG00000170456","DENND5B",0.00951132130273379,0.977803861474727,"DENND5B",0.205353196492129,0.141265248829613
"ENSG00000170464","DNAJC18",0.326374707851601,0.00971431807976648,"DNAJC18",0.514010646554616,3.12400945745108e-05
"ENSG00000170537","TMC7",-0.632843839832288,6.95683194644915e-05,"TMC7",-0.857464183616541,1.27986484322092e-07
"ENSG00000170561","IRX2",0.42406223624591,0.00066513189557623,"IRX2",0.192622370377139,0.148014196177128
"ENSG00000170681","CAVIN4",-0.623354486270566,0.0290952065661425,"CAVIN4",-0.836622663156459,0.00437789726304506
"ENSG00000170734","POLH",0.483698884230739,1.33683167950863e-05,"POLH",0.706877346105274,2.76952638581905e-10
"ENSG00000170791","CHCHD7",0.801863940480196,1.59959744232207e-16,"CHCHD7",0.691535972823532,2.71434751363454e-12
"ENSG00000170835","CEL",2.67332598031485,3.71023823885989e-05,"CEL",2.8816059740883,3.8877200492989e-05
"ENSG00000170854","RIOX2",-0.277186954107422,0.00181819977485259,"RIOX2",-0.131688385690376,0.196592528379123
"ENSG00000170876","TMEM43",0.139520887534422,0.0922901863377892,"TMEM43",-0.128479550562452,0.136205702810781
"ENSG00000170921","TANC2",0.0381094652919526,0.878011973759251,"TANC2",-0.044907818484282,0.84528384628982
"ENSG00000171017","LRRC8E",0.666790394794329,1.22025375312369e-07,"LRRC8E",0.341561952950655,0.00789248527276532
"ENSG00000171202","TMEM126A",0.00440384459470406,0.990461672244481,"TMEM126A",-0.200764097203671,0.0660696856578262
"ENSG00000171204","TMEM126B",0.229903746251574,0.145434956266861,"TMEM126B",0.12250409765645,0.464061288330656
"ENSG00000171206","TRIM8",-0.0387237415293147,0.841034401519701,"TRIM8",0.0687173174320738,0.676537358873546
"ENSG00000171236","LRG1",0.479359081320706,0.120767091704707,"LRG1",0.450063650870006,0.106511887919204
"ENSG00000171451","DSEL",0.994019061074895,2.2093557084474e-11,"DSEL",1.02978208560324,9.70090971936243e-12
"ENSG00000171453","POLR1C",0.24712009855754,0.0206917038216267,"POLR1C",-0.187345133586205,0.0983255092977505
"ENSG00000171469","ZNF561",1.06299047089297,6.59432092912742e-20,"ZNF561",0.265046333206425,0.033836262621226
"ENSG00000171492","LRRC8D",-0.0837744968156766,0.555438189122116,"LRRC8D",-0.0804019287419449,0.576304119822671
"ENSG00000171497","PPID",0.122805998459134,0.254904439148462,"PPID",0.303511054431442,0.00072758740739334
"ENSG00000171566","PLRG1",0.0103371997934395,0.9429085699438,"PLRG1",0.0286864170923021,0.81088194692986
"ENSG00000171603","CLSTN1",0.0144785481608027,0.940538411811166,"CLSTN1",-0.0966134535401006,0.431547722971495
"ENSG00000171617","ENC1",-0.434855905839405,0.00105833804661352,"ENC1",0.045490453201579,0.815641292643145
"ENSG00000171680","PLEKHG5",0.653110521703759,7.99948330771142e-06,"PLEKHG5",0.80350190187412,1.04540760770957e-07
"ENSG00000171735","CAMTA1",-0.334837139913253,0.00261529390611769,"CAMTA1",-0.634813153483509,5.72350844057005e-09
"ENSG00000171791","BCL2",-0.952718481799243,2.03565743212352e-08,"BCL2",-0.726725883674617,1.79397025273152e-05
"ENSG00000171865","RNASEH1",-0.638882225599078,3.55160600192022e-16,"RNASEH1",-0.679026046812992,9.64022483199359e-18
"ENSG00000171943","SRGAP2C",-0.494524110052763,1.31631325944241e-05,"SRGAP2C",-0.414621565548898,0.000190797544827236
"ENSG00000172053","QARS1",0.0698900323989242,0.504987569452018,"QARS1",-0.0358332457435764,0.774921238179035
"ENSG00000172115","CYCS",-0.0835416273379599,0.385922014057091,"CYCS",-0.128714141752455,0.14091446747382
"ENSG00000172339","ALG14",-0.873954329963291,1.35132885415312e-08,"ALG14",-0.959982108115011,2.10337606162006e-08
"ENSG00000172340","SUCLG2",-1.33673005735211,1.22404304560223e-34,"SUCLG2",-1.32354942586178,3.19986820197434e-34
"ENSG00000172379","ARNT2",0.0960794902616109,0.672881235941251,"ARNT2",0.109096425750872,0.579512586227671
"ENSG00000172500","FIBP",-0.0531609530849511,0.63653549658852,"FIBP",-0.0891638177883896,0.374360506573393
"ENSG00000172534","HCFC1",0.176427309633451,0.152424208345118,"HCFC1",0.277484781773766,0.0127387659549606
"ENSG00000172548","NIPAL4",0.143351137038985,0.616544165186157,"NIPAL4",-0.0142867115394422,0.957872795698916
"ENSG00000172831","CES2",0.862109061597774,1.70226278460151e-13,"CES2",0.640980329048294,5.01114935356427e-08
"ENSG00000172840","PDP2",-0.200969692876553,0.0822503384260011,"PDP2",-0.232173176924127,0.0423868295332852
"ENSG00000172977","KAT5",-0.148400535791549,0.115060458380853,"KAT5",0.0764090095877945,0.475197557632314
"ENSG00000172992","DCAKD",0.375676624868532,0.00480921914324397,"DCAKD",-0.0674739065823684,0.707843849366188
"ENSG00000173011","TADA2B",0.157154947408464,0.298649161459676,"TADA2B",-0.131144179699338,0.402636304040316
"ENSG00000173145","NOC3L",-0.257473413312802,0.00233288117021047,"NOC3L",-0.211805129849443,0.0139141695894703
"ENSG00000173193","PARP14",0.468860063515405,0.00213522422186303,"PARP14",0.187912673165171,0.232728475577344
"ENSG00000173210","ABLIM3",-0.379746318906243,0.0157069640046373,"ABLIM3",-0.238139393997328,0.12365200447121
"ENSG00000173281","PPP1R3B",-0.107720190887507,0.720638389155093,"PPP1R3B",-0.0360728997701519,0.901540307203732
"ENSG00000173457","PPP1R14B",-0.689878658085363,1.70717839154801e-17,"PPP1R14B",-0.457443821101771,1.65430815224589e-08
"ENSG00000173546","CSPG4",-0.185200877610315,0.327844025910979,"CSPG4",-0.366580122753876,0.027345696684368
"ENSG00000173614","NMNAT1",0.120560623952378,0.573762231345589,"NMNAT1",-0.131938387941132,0.49821977011181
"ENSG00000173674","EIF1AX",-0.286452574007591,0.000111919753787371,"EIF1AX",-0.172611289046018,0.0291031381255582
"ENSG00000173692","PSMD1",-0.237354847251008,1.9284553136342e-06,"PSMD1",-0.228234469832089,6.33733412774871e-06
"ENSG00000173706","HEG1",-0.314858106948482,0.00320676305613843,"HEG1",-0.249078148947173,0.0203394632417705
"ENSG00000173812","EIF1",-0.167829331370914,0.0265487118559281,"EIF1",-0.157337571299823,0.0394603244830708
"ENSG00000173821","RNF213",-0.145680938031946,0.250843387353319,"RNF213",-0.119132761136178,0.354769881226277
"ENSG00000173846","PLK3",1.05333176124011,8.89256933411502e-19,"PLK3",1.2842825573448,5.44499778631351e-26
"ENSG00000173918","C1QTNF1",0.532500648226519,0.0933416178146115,"C1QTNF1",0.95771068054355,0.0173690873681214
"ENSG00000174080","CTSF",1.01609374324103,6.22266699200624e-07,"CTSF",0.664557295147873,0.000625605253995792
"ENSG00000174173","TRMT10C",-0.0986368184540233,0.338648863944055,"TRMT10C",-0.250652842959617,0.00342109932761886
"ENSG00000174243","DDX23",0.203420422690315,0.0181817772869921,"DDX23",0.227054893416829,0.00778740117056245
"ENSG00000174469","CNTNAP2",0.0646385282383706,0.8445071153874,"CNTNAP2",-0.117645281557411,0.627625584148974
"ENSG00000174574","AKIRIN1",0.240913828593422,0.00170389210196528,"AKIRIN1",0.0276388854488234,0.828633671556054
"ENSG00000174720","LARP7",-0.190629894124033,0.0127205748551989,"LARP7",0.0184774570816394,0.885150831856287
"ENSG00000174738","NR1D2",-0.832812249852643,1.6299279832436e-19,"NR1D2",-0.801221900896259,1.29036164928133e-18
"ENSG00000174799","CEP135",0.141030689151043,0.177752481819238,"CEP135",0.41213534267631,2.06177095811733e-06
"ENSG00000174938","SEZ6L2",0.449999052892404,0.0412829894214093,"SEZ6L2",0.0786499242432851,0.750469292588496
"ENSG00000175029","CTBP2",-0.295600756561608,9.04667348824497e-08,"CTBP2",-0.0399417172271533,0.619216920765793
"ENSG00000175110","MRPS22",-0.0490195753473148,0.656390298188706,"MRPS22",-0.0816456876324497,0.401648041572852
"ENSG00000175155","YPEL2",0.319045521164937,0.200910872151644,"YPEL2",-0.0505683882271351,0.867962928911861
"ENSG00000175224","ATG13",0.595963245690173,5.0316328836095e-10,"ATG13",0.503898242666176,2.2575824124666e-07
"ENSG00000175274","TP53I11",2.20955053676408,9.26733932258567e-15,"TP53I11",3.79410629771489,3.65295301971561e-08
"ENSG00000175322","ZNF519",-0.212278539511988,0.408094958963016,"ZNF519",-0.154464209235721,0.489684377167077
"ENSG00000175390","EIF3F",-0.0674120462898827,0.546827138058448,"EIF3F",-0.187137260033782,0.0396285679102205
"ENSG00000175548","ALG10B",0.0481566246537893,0.830465353591741,"ALG10B",0.231597115672075,0.111250348422004
"ENSG00000175550","DRAP1",0.032522719588088,0.798099127261023,"DRAP1",-0.232099514934501,0.00584630129581454
"ENSG00000175581","MRPL48",-0.132729566017351,0.296995907666412,"MRPL48",-0.397697677864562,0.000153559139796531
"ENSG00000175600","SUGCT",1.5613095813011,5.07363986407919e-18,"SUGCT",2.05069002207447,4.66678234856127e-28
"ENSG00000175602","CCDC85B",0.24911450137429,0.196304046332065,"CCDC85B",0.172728546682543,0.349035154605978
"ENSG00000175782","SLC35E3",0.402584636951782,1.03651822075153e-06,"SLC35E3",0.239380744445733,0.00559352284770524
"ENSG00000175792","RUVBL1",-0.348070893231804,5.46294628956063e-07,"RUVBL1",-0.149134162051288,0.0533726054241378
"ENSG00000175854","SWI5",0.1014939045373,0.499311453973123,"SWI5",-0.0450620212705748,0.797042071631107
"ENSG00000176101","SSNA1",-0.0477659543848404,0.746280590679338,"SSNA1",0.04822870828349,0.742056422145176
"ENSG00000176124","DLEU1",0.188370650345206,0.189653449001093,"DLEU1",0.155541409031182,0.266310981303283
"ENSG00000176407","KCMF1",-0.254850110660807,0.000531507606577222,"KCMF1",-0.03704421624423,0.735167098548695
"ENSG00000176410","DNAJC30",0.276474820419712,0.00927585917377906,"DNAJC30",0.185395658950643,0.112153521423338
"ENSG00000176422","SPRYD4",0.411738608842739,5.13295167645305e-05,"SPRYD4",0.245802686626019,0.0194438073006458
"ENSG00000176619","LMNB2",-0.627043492003239,2.45490795395934e-11,"LMNB2",-0.189065384446148,0.0647220431529426
"ENSG00000176749","CDK5R1",-0.101973247627988,0.605206865999657,"CDK5R1",-0.314170280362896,0.0473688247981876
"ENSG00000176788","BASP1",0.32181591302235,7.1054592978063e-07,"BASP1",0.447570033212714,2.02340734955112e-12
"ENSG00000176912",NA,1.11444374469151,3.57636458916657e-08,NA,0.519640798555948,0.00544293799815501
"ENSG00000176953","NFATC2IP",-0.462773316026291,4.78810063554719e-11,"NFATC2IP",-0.237725963335945,0.00124824860306492
"ENSG00000177200","CHD9",-0.24303255386217,0.00372548642836715,"CHD9",-0.184811799233282,0.0310724648001068
"ENSG00000177409","SAMD9L",0.187415831025906,0.317326061024105,"SAMD9L",0.140895712874025,0.440639938745855
"ENSG00000177463","NR2C2",-0.527169914661836,9.19277233597856e-06,"NR2C2",-0.419928055843428,0.000303634258804929
"ENSG00000177542","SLC25A22",0.310364934068097,0.00622177112951673,"SLC25A22",0.483827482584485,1.54328842197129e-05
"ENSG00000177565","TBL1XR1",-0.351569703171364,1.18577953514376e-09,"TBL1XR1",-0.116705257520973,0.0801512488972495
"ENSG00000177595","PIDD1",0.547860182163429,0.00407017633318087,"PIDD1",0.353299916284008,0.0544211009858691
"ENSG00000177614","PGBD5",0.154766867495205,0.591560144359,"PGBD5",-0.189640539079181,0.44419033276014
"ENSG00000177706","FAM20C",-0.860639414183028,8.51378667280686e-05,"FAM20C",-0.803283974972711,0.000297565059795254
"ENSG00000177707","NECTIN3",0.260683396067752,0.0163251076798211,"NECTIN3",0.219667462526096,0.0430926801435853
"ENSG00000177728","TMEM94",0.0984489768984103,0.623243779284173,"TMEM94",0.0613484547639099,0.77063350256739
"ENSG00000177733","HNRNPA0",-0.509559656977453,1.44178282259912e-12,"HNRNPA0",-0.388540542129991,7.63674929844737e-08
"ENSG00000177830","CHID1",0.0907979086645728,0.579697652032401,"CHID1",0.0635117252982756,0.711441831683724
"ENSG00000177868","SVBP",-0.128811075297519,0.381422179780207,"SVBP",0.0506351058254537,0.776706389577226
"ENSG00000177873","ZNF619",0.121286248163705,0.522933321161464,"ZNF619",0.195603053830115,0.207544127757001
"ENSG00000178104","PDE4DIP",-0.234937147627004,0.0775064116025447,"PDE4DIP",0.294344813315681,0.0159812825201467
"ENSG00000178184","PARD6G",0.479392508434142,0.00437811591417263,"PARD6G",0.812044203739801,1.97971066161121e-06
"ENSG00000178202","POGLUT3",-0.646890892582548,9.80222595322899e-05,"POGLUT3",-0.509423576376756,0.00145178796178858
"ENSG00000178409","BEND3",-0.422400840831159,0.00934763834043499,"BEND3",-0.829062816208592,7.11542313762131e-06
"ENSG00000178585","CTNNBIP1",-0.701180427313805,3.44078145660134e-07,"CTNNBIP1",-0.241442400332086,0.0638248286441097
"ENSG00000178691","SUZ12",-0.254223551873786,1.61700217627989e-05,"SUZ12",-0.00958722090081731,0.929807074116013
"ENSG00000178752","ERFE",0.941180897586113,8.3275438891123e-06,"ERFE",1.00807920121307,4.25979972055522e-06
"ENSG00000178878","APOLD1",-0.222620598972646,0.377481711282358,"APOLD1",-0.186506295971446,0.396694555259995
"ENSG00000178988","MRFAP1L1",-0.236411803680706,0.0204601649187463,"MRFAP1L1",-0.187319050906725,0.0705495134416503
"ENSG00000179041","RRS1",0.0587502491492784,0.630579023779199,"RRS1",0.25677254151832,0.00449782256887659
"ENSG00000179046","TRIML2",0.731476116844417,5.76514418912875e-05,"TRIML2",0.944780935747592,0.0022427063640062
"ENSG00000179115","FARSA",-0.120783548210408,0.111811550535156,"FARSA",-0.0203911068422968,0.861432630172632
"ENSG00000179163","FUCA1",2.49650342176337,3.99349541951718e-42,"FUCA1",1.99261865855255,4.48792794663287e-33
"ENSG00000179222","MAGED1",0.279966113181701,0.010742349356929,"MAGED1",0.310465660371715,0.00346591479348644
"ENSG00000179241","LDLRAD3",-0.488570346700856,4.56819021740683e-06,"LDLRAD3",-0.320606524500311,0.00340726144675354
"ENSG00000179262","RAD23A",-0.299579615905776,0.00393971122794811,"RAD23A",-0.312948085792265,0.0019317798648421
"ENSG00000179593","ALOX15B",-0.0594881677484074,0.855613162222769,"ALOX15B",-0.0709338181576258,0.786496026704018
"ENSG00000179965","ZNF771",0.083035519197667,0.669108380354914,"ZNF771",0.0847559249594832,0.640623874134653
"ENSG00000180008","SOCS4",0.474750967063027,5.20185042157913e-06,"SOCS4",0.191464935008394,0.0927434486636925
"ENSG00000180011","PTGR3",-0.15818678260551,0.106445970042041,"PTGR3",-0.104074948167312,0.332121287951694
"ENSG00000180172",NA,0.00622547929177885,0.996497300457266,NA,-0.500723050564287,0.0818993182650396
"ENSG00000180198","RCC1",-0.450627681579492,7.35915799274832e-06,"RCC1",0.0197388591022513,0.911798147567284
"ENSG00000180354","MTURN",1.20911703147185,7.4873904677741e-17,"MTURN",1.10402629378429,2.70666421433885e-08
"ENSG00000180385",NA,0.640343125178197,1.59968466768874e-07,NA,0.234238883433449,0.0717818098079762
"ENSG00000180398","MCFD2",-0.478354950458374,5.82443836354309e-10,"MCFD2",-0.682005843263577,2.20353056892439e-18
"ENSG00000180596","H2BC4",-0.362211302590008,0.0794088468238975,"H2BC4",-0.273800833003598,0.14663782288467
"ENSG00000180806","HOXC9",0.649526695513914,2.22873218807988e-21,"HOXC9",0.250115482089356,0.000987914441954613
"ENSG00000180891","CUEDC1",0.152999081466283,0.226291801966138,"CUEDC1",0.316395819943398,0.00374821749127149
"ENSG00000180902","D2HGDH",0.423551580567163,0.0036707938080496,"D2HGDH",0.00820283580156758,0.969997817435269
"ENSG00000180964","TCEAL8",-0.0917830247857571,0.461015633705651,"TCEAL8",0.0590279003084036,0.660758357306341
"ENSG00000181090","EHMT1",-0.181599892814298,0.0973048173206895,"EHMT1",-0.0819037957211163,0.522554658845213
"ENSG00000181104","F2R",-0.583827682159193,0.00115675229395392,"F2R",-0.129616336383231,0.487440072256252
"ENSG00000181192","DHTKD1",-0.21462125645475,0.227114915991536,"DHTKD1",-0.0306108008819196,0.897523739897608
"ENSG00000181467","RAP2B",-0.456570920216498,4.43256135617572e-07,"RAP2B",-0.268482664713237,0.00397751788988864
"ENSG00000181634","TNFSF15",-0.00904786943618125,0.990128411449264,"TNFSF15",-0.197571433291667,0.397768083869119
"ENSG00000181744","DIPK2A",0.0499403218689655,0.742086289272147,"DIPK2A",-0.168882109059381,0.153969972520863
"ENSG00000181827","RFX7",-0.254798096633486,0.0823507989974404,"RFX7",0.0105945325646427,0.958311651000779
"ENSG00000182022","CHST15",0.066171067576539,0.794904449825263,"CHST15",0.251192366853947,0.135173314816503
"ENSG00000182054","IDH2",0.405788447637647,0.0137654966470916,"IDH2",0.11533358534837,0.579135294956622
"ENSG00000182158","CREB3L2",-0.118147711434805,0.402543932789187,"CREB3L2",-0.0136737104320715,0.94180485155029
"ENSG00000182185","RAD51B",-0.730135294650621,0.0116242062934533,"RAD51B",-1.32336859668934,4.73891580668047e-05
"ENSG00000182263","FIGN",-0.15602817054215,0.418232530934686,"FIGN",-0.106355291091723,0.580317209464008
"ENSG00000182287","AP1S2",-0.0268628611260848,0.874986909842174,"AP1S2",-0.0588922375202801,0.681454396120647
"ENSG00000182378","PLCXD1",-0.0924386602246305,0.66121020536521,"PLCXD1",-0.494386112268051,0.001906146489612
"ENSG00000182534","MXRA7",0.138331642491187,0.412024626688421,"MXRA7",-0.0740444430576455,0.682696860129477
"ENSG00000182606","TRAK1",-0.000187723616440967,0.999939998058786,"TRAK1",-0.0323352052070703,0.846545135809631
"ENSG00000182628","SKA2",-0.594304476180387,3.34645154018329e-13,"SKA2",-0.439787530025665,6.93247660325468e-08
"ENSG00000182670","TTC3",-0.489337979523819,3.08874459221189e-12,"TTC3",-0.581019219050422,5.87178497984322e-17
"ENSG00000182871","COL18A1",-0.204964649434943,0.424109188615618,"COL18A1",-1.0554033759398,0.00179992253945423
"ENSG00000183049","CAMK1D",-0.596506566185191,0.00953769084636834,"CAMK1D",-1.54043386639546,7.78218769221217e-11
"ENSG00000183077","AFMID",0.465071721965892,0.000126264416750951,"AFMID",-0.297267480403442,0.0185578933346048
"ENSG00000183431","SF3A3",-0.0433812414201884,0.495714283368633,"SF3A3",0.083171172657921,0.139279305002294
"ENSG00000183621","ZNF438",-0.839663216744299,4.00999743862881e-05,"ZNF438",-0.661602707275583,0.000476886707419248
"ENSG00000183741","CBX6",-0.287755674508572,0.00864253213092367,"CBX6",0.232908197020215,0.033779213089385
"ENSG00000183742","MACC1",0.0246358305809323,0.95068715659488,"MACC1",-0.201875795964922,0.397115060151703
"ENSG00000183762","KREMEN1",0.111765067203781,0.682430848250495,"KREMEN1",-0.261132410436981,0.280164670062994
"ENSG00000183853","KIRREL1",-0.103829239109845,0.620770672249325,"KIRREL1",0.00610086329540064,0.979664661356119
"ENSG00000184117","NIPSNAP1",-0.137314503640469,0.461241147948697,"NIPSNAP1",-0.323186986585511,0.0335319900767377
"ENSG00000184208",NA,-0.675606562822871,0.000267788800436152,NA,-0.668080244909371,0.000168392555497808
"ENSG00000184209","SNRNP35",0.00552304722649136,0.981961230809104,"SNRNP35",-0.108645797841766,0.313081143345327
"ENSG00000184226","PCDH9",1.68207544251134,1.81796461787931e-12,"PCDH9",0.829476325254055,0.00040688823513778
"ENSG00000184270","H2AC21",-0.70074527980347,0.0110857138817533,"H2AC21",-0.583559081315433,0.0204733700468643
"ENSG00000184307","ZDHHC23",-0.132543373152058,0.532210594687075,"ZDHHC23",0.0279501330285151,0.921564207194868
"ENSG00000184347","SLIT3",-0.130467038156647,0.659367325374804,"SLIT3",-0.257324576143333,0.284854638394204
"ENSG00000184357","H1-5",0.00555021675906462,0.99664548824713,"H1-5",-0.0172591609595118,0.94908520436321
"ENSG00000184371","CSF1",0.141588502581126,0.456641119095137,"CSF1",-0.326414240201734,0.0384397988257997
"ENSG00000184508","HDDC3",-0.00295788343207913,0.996374941533887,"HDDC3",0.245212870052763,0.0187013973064321
"ENSG00000184557","SOCS3",-0.273367327624805,0.158086988511622,"SOCS3",-0.135943302976879,0.493006865701506
"ENSG00000184584","STING1",0.883898697826808,4.01408076692993e-12,"STING1",0.746780197877806,1.65430815224589e-08
"ENSG00000184640","SEPTIN9",-0.432582779354777,5.45467745518844e-08,"SEPTIN9",-0.207985392600591,0.0149488979322392
"ENSG00000184897","H1-10",-0.261344737789231,0.0580857221881498,"H1-10",-0.144780058110319,0.3227783215752
"ENSG00000184922","FMNL1",-0.470660019270976,0.0107988062900863,"FMNL1",-0.324402609748659,0.0613088525080217
"ENSG00000185022","MAFF",-0.0776278815588504,0.625106556482216,"MAFF",-0.411017566065146,0.00046316655176486
"ENSG00000185033","SEMA4B",-0.646354065671915,5.09276772141878e-06,"SEMA4B",-0.587917160582638,4.4980461953937e-05
"ENSG00000185100","ADSS1",0.0265388343034358,0.951404671112202,"ADSS1",0.00981253332218198,0.973706702282457
"ENSG00000185129","PURA",-0.241616345324209,0.00226020359855053,"PURA",-0.237279088821448,0.00252760152446331
"ENSG00000185201","IFITM2",-0.0810817341184575,0.795489317863077,"IFITM2",-0.251157775985647,0.255564821056717
"ENSG00000185361","TNFAIP8L1",-0.348928682225916,0.0223064777378971,"TNFAIP8L1",-0.400126108816661,0.00871302087312879
"ENSG00000185386","MAPK11",-0.0368026148018937,0.869677229500223,"MAPK11",-0.148897750500457,0.364012929435116
"ENSG00000185420","SMYD3",-1.17435201440757,2.36451728375141e-13,"SMYD3",-1.62104768879014,2.8705476264429e-24
"ENSG00000185475","TMEM179B",0.171068420057082,0.12616379176481,"TMEM179B",0.180960456426482,0.091995969063493
"ENSG00000185515","BRCC3",-0.436416562750806,6.17152873096990e-09,"BRCC3",-0.20172574718181,0.0131465275846122
"ENSG00000185561","TLCD2",1.13915285981833,3.52695895982385e-09,"TLCD2",0.471988765784594,0.00985114086575324
"ENSG00000185591","SP1",-0.208436662412333,0.0319700925386458,"SP1",0.029394614471066,0.842586275514526
"ENSG00000185787","MORF4L1",-0.339812124540702,0.00014355706501368,"MORF4L1",-0.107930120878531,0.312380563951582
"ENSG00000185875","THNSL1",0.143914544730875,0.469314004553722,"THNSL1",0.29305807133063,0.0588652161181089
"ENSG00000186141","POLR3C",0.190382853633772,0.0837702265435722,"POLR3C",0.123388719585537,0.298094563122989
"ENSG00000186226","LCE1E",3.86074374390146,8.49697175309607e-18,"LCE1E",4.03005064854157,5.2611055519646e-10
"ENSG00000186318","BACE1",0.0378000602809602,0.874986909842174,"BACE1",-0.0788300695129196,0.685249523278966
"ENSG00000186395","KRT10",-0.236527504100924,0.0414607509645628,"KRT10",-0.0452573423260361,0.781148090480506
"ENSG00000186529","CYP4F3",3.33349639809789,5.19743392689903e-12,"CYP4F3",2.49776982684101,1.65801938633002e-10
"ENSG00000186665","C17orf58",-0.0826890778078005,0.593552752307499,"C17orf58",-0.129114249841291,0.345817858960619
"ENSG00000186847","KRT14",-0.19299401496549,0.493803603256726,"KRT14",1.11668241328483,0.00504892693193277
"ENSG00000186918","ZNF395",-0.596178405649673,0.0004002080532143,"ZNF395",-0.215527932628702,0.200973517245987
"ENSG00000186951","PPARA",-0.0472192972591196,0.866130632632632,"PPARA",-0.456940678247295,0.0178077461961545
"ENSG00000187024","PTRH1",0.199215942477043,0.146597786378397,"PTRH1",0.0400210610378983,0.843112674736486
"ENSG00000187049","TMEM216",-0.75737784482973,0.000217122657602276,"TMEM216",-0.36873961934383,0.0281374937875204
"ENSG00000187147","RNF220",-0.173407992849741,0.00737934279500564,"RNF220",0.0690017541068633,0.378614789486261
"ENSG00000187446","CHP1",0.143855715932859,0.185963504904032,"CHP1",0.0126544830520724,0.939434830153389
"ENSG00000187514","PTMA",-0.514616494652653,3.09920313481167e-10,"PTMA",-0.352278562572523,1.88657869162322e-05
"ENSG00000187522","HSPA14",-0.558250179919484,3.60585441915396e-05,"HSPA14",-0.117721886657837,0.451402730329096
"ENSG00000187608","ISG15",1.95258535697614,1.01626569209588e-29,"ISG15",1.33096710147926,5.63493903145259e-14
"ENSG00000187630","DHRS4L2",0.296564219125375,0.110480865984637,"DHRS4L2",0.0343172709241468,0.895515118862243
"ENSG00000187720","THSD4",-0.577288766811776,0.000352421353203137,"THSD4",-0.942902199248607,8.3132919448575e-09
"ENSG00000187742","SECISBP2",-0.51843990841344,1.52199774622739e-07,"SECISBP2",-0.289614064750694,0.00369225265446947
"ENSG00000187837","H1-2",-0.157650323151382,0.378260245170501,"H1-2",-0.175121286703855,0.277498239944034
"ENSG00000187994","RINL",1.17203880715935,7.78009246760657e-07,"RINL",1.16147208100855,9.19262768244036e-09
"ENSG00000188001","TPRG1",0.546335530172386,0.0908976498715757,"TPRG1",0.12645955110459,0.61768936992331
"ENSG00000188015","S100A3",-0.0948261599195016,0.749924341760607,"S100A3",0.039792921076356,0.892320082624818
"ENSG00000188026","RILPL1",-0.155725877403221,0.415146834489725,"RILPL1",-0.277116408371673,0.0882231920523079
"ENSG00000188042","ARL4C",-0.696241812345932,0.00133204764811833,"ARL4C",-0.123935491613008,0.566973078199237
"ENSG00000188153","COL4A5",0.462788505893657,0.0172291506210538,"COL4A5",-0.0872328439231536,0.73317789045609
"ENSG00000188157","AGRN",-0.132275728581864,0.57428929527987,"AGRN",-0.0269334568801133,0.921260002493644
"ENSG00000188158","NHS",-0.59285565823875,6.98314518817081e-07,"NHS",-0.00209454699154373,0.990909441796039
"ENSG00000188486","H2AX",-0.571308054963684,1.31742525448668e-06,"H2AX",-0.0812717658207332,0.597801820122503
"ENSG00000188505","NCCRP1",0.112857886760928,0.706011880788416,"NCCRP1",-0.0431642476129568,0.881218565703534
"ENSG00000188641","DPYD",-1.40890340912535,2.47522559430637e-09,"DPYD",-1.62644883626336,1.46848362430812e-13
"ENSG00000188677","PARVB",-0.307234214040042,0.00192117910547232,"PARVB",-0.366359692852131,0.000119793231374467
"ENSG00000188690","UROS",-0.0558371453724394,0.60543837084921,"UROS",-0.107142121407167,0.267166967240659
"ENSG00000189046","ALKBH2",0.330923759804463,0.000949028189924183,"ALKBH2",-0.0689290708709962,0.61768936992331
"ENSG00000189057","FAM111B",-1.40513147616536,3.09975555597683e-22,"FAM111B",-1.3927663378339,5.50543034862836e-22
"ENSG00000189067","LITAF",0.466931023201219,4.02082855679058e-09,"LITAF",0.150814911242038,0.108250622102812
"ENSG00000189079","ARID2",-0.0954255121140922,0.399915878829394,"ARID2",0.0249160557800346,0.87082261704083
"ENSG00000189120","SP6",-0.0216971878336461,0.956990347292492,"SP6",-0.251536624109206,0.247047234060505
"ENSG00000189171","S100A13",0.869066791311829,6.99048246751264e-19,"S100A13",0.703197474266976,9.01763841848163e-13
"ENSG00000189283","FHIT",-0.0171734749039817,0.97045611209682,"FHIT",-0.0281192815173414,0.924207407340146
"ENSG00000189337","KAZN",-1.29870324764504,8.96140578296468e-15,"KAZN",-0.0905438851983737,0.641073730838005
"ENSG00000196072","BLOC1S2",0.620761432688025,4.58819312187362e-15,"BLOC1S2",0.479795950052365,2.24391892419418e-09
"ENSG00000196074","SYCP2",0.260570984462625,0.322767046894345,"SYCP2",-0.243602538683006,0.323541777351646
"ENSG00000196189","SEMA4A",-0.0473869738257086,0.888603181524124,"SEMA4A",0.00933813922600355,0.972891215757041
"ENSG00000196236","XPNPEP3",-0.259801820911767,0.0136859783313087,"XPNPEP3",-0.160611832747466,0.164181867240021
"ENSG00000196247","ZNF107",0.399867320166251,0.0166488704848696,"ZNF107",0.471388993738258,0.00354998188222408
"ENSG00000196312",NA,-0.36338732923779,0.00042402086574175,NA,-0.477013548048192,2.72002127702749e-06
"ENSG00000196363","WDR5",-0.169441386855528,0.0428569063557137,"WDR5",0.0325550128941454,0.795439092726109
"ENSG00000196465","MYL6B",-0.152224839630806,0.160831746656793,"MYL6B",-0.31779915851048,0.000731900508900885
"ENSG00000196535","MYO18A",0.230911290671312,0.0971754983526669,"MYO18A",0.233957704866281,0.0778666535102266
"ENSG00000196562","SULF2",2.41557675511221,3.339856731416e-08,"SULF2",2.34429754504585,4.3748505624224e-05
"ENSG00000196704","AMZ2",0.37083102992518,0.000355327886944833,"AMZ2",0.242249875329417,0.0240068002026673
"ENSG00000196734","LCE1B",6.09930079589901,1.02979872236332e-18,"LCE1B",5.88141159303579,3.68374745713866e-18
"ENSG00000196739","COL27A1",-0.087090457177417,0.633595770189034,"COL27A1",-0.0671347967162508,0.71410460906371
"ENSG00000196743","GM2A",0.900739496793179,1.45056900999099e-13,"GM2A",0.921797623657519,1.56696868320204e-12
"ENSG00000196754","S100A2",-0.0968049017453889,0.549480635461074,"S100A2",-0.217788573178231,0.0923265044041524
"ENSG00000196839","ADA",0.794526222446477,1.72623554711871e-09,"ADA",0.769329915308952,3.55606878841285e-07
"ENSG00000196878","LAMB3",0.444370240782713,0.000238691151661239,"LAMB3",0.281806813864275,0.0208288052502662
"ENSG00000196954","CASP4",0.539344793335495,8.59227659402028e-08,"CASP4",0.648813217239138,1.02402681012479e-10
"ENSG00000197043","ANXA6",-0.558755196366207,9.86422252522166e-06,"ANXA6",-0.767022288079863,3.8230900448565e-09
"ENSG00000197061","H4C3",-1.20922660936909,9.13748692139888e-11,"H4C3",-0.772379480829172,2.9356597516713e-05
"ENSG00000197084","LCE1C",7.31752018563117,3.65803531414708e-24,"LCE1C",6.49073339975749,1.36070894337991e-19
"ENSG00000197157","SND1",-0.823857204212093,1.05265387366092e-33,"SND1",-1.06138550802122,1.31210518624858e-52
"ENSG00000197165","SULT1A2",0.0110405588782604,0.985337367339364,"SULT1A2",-0.0130422004183509,0.961361555022684
"ENSG00000197183","NOL4L",0.091333332955113,0.538241600746093,"NOL4L",0.0775150699068224,0.618125558089664
"ENSG00000197191","CYSRT1",1.87878871385166,2.26728447688275e-11,"CYSRT1",2.35509208716242,2.39502844901185e-14
"ENSG00000197249","SERPINA1",1.41576006113155,0.00150733443706532,"SERPINA1",0.239621095507964,0.31553496124458
"ENSG00000197324","LRP10",0.274394815781667,0.0158753542579586,"LRP10",0.251421739488934,0.0246092333535266
"ENSG00000197343","ZNF655",-0.284273085982763,0.000186797925690955,"ZNF655",-0.114040908763049,0.190931801883155
"ENSG00000197355","UAP1L1",-0.312481001265745,0.0768723957242209,"UAP1L1",-0.0826680346552235,0.678658695548262
"ENSG00000197381","ADARB1",-0.113057276790336,0.449089137947459,"ADARB1",-0.447716164657247,0.000314775039012312
"ENSG00000197429","IPP",0.307953631631161,0.0278982666284973,"IPP",0.187145627163863,0.204914555381404
"ENSG00000197451","HNRNPAB",-0.407137090184504,1.39512998794379e-09,"HNRNPAB",-0.279644230520316,5.01140908768866e-05
"ENSG00000197565","COL4A6",1.88514210829566,1.6475931148744e-07,"COL4A6",1.0540274981414,0.0119680922898308
"ENSG00000197763","TXNRD3",0.515796095518846,0.00388008361381349,"TXNRD3",0.156305719803966,0.405804646139459
"ENSG00000197852","INKA2",2.39027755813484,2.57132779137679e-53,"INKA2",2.16727902412533,5.45162360924375e-47
"ENSG00000197872","CYRIA",-0.112899593771247,0.617444514238835,"CYRIA",0.118518740055165,0.551823625704642
"ENSG00000198000","NOL8",0.320560741750778,8.22235266908626e-05,"NOL8",0.127703888407329,0.176653043004619
"ENSG00000198081","ZBTB14",-0.706885491795872,4.52887328178649e-05,"ZBTB14",-0.16269081628514,0.339107454540252
"ENSG00000198121","LPAR1",-0.093794017283951,0.736278938876474,"LPAR1",0.497720510509462,0.022412422221903
"ENSG00000198168","SVIP",-0.354491057433295,0.00861685499466075,"SVIP",-0.264643345921908,0.0461183943275198
"ENSG00000198363","ASPH",-0.8449777534403,6.25098636468211e-35,"ASPH",-1.06168484513177,1.59795913676656e-54
"ENSG00000198417","MT1F",0.195639375702018,0.518291457842421,"MT1F",-0.957962870922499,0.00556613118848746
"ENSG00000198464","ZNF480",0.528562407020979,5.03344837683563e-06,"ZNF480",0.193504667287071,0.1227966705462
"ENSG00000198585","NUDT16",-0.0191458860402194,0.910000027347657,"NUDT16",0.0764077488728347,0.561579486890411
"ENSG00000198589","LRBA",-1.00587509366687,5.90105003268448e-14,"LRBA",-1.10029390561367,7.76073582921709e-17
"ENSG00000198612","COPS8",0.361371243996613,4.05527499491122e-05,"COPS8",0.0277101001553344,0.853141155888177
"ENSG00000198626","RYR2",0.380108959258334,0.113113411327429,"RYR2",0.0534345175765372,0.840493211259806
"ENSG00000198663","C6orf89",0.0554904649508272,0.476715536857278,"C6orf89",0.0102491695085991,0.926412453373057
"ENSG00000198695","MT-ND6",-3.04791423942807,1.14502548646294e-51,"MT-ND6",-2.84499827926548,1.68324806022926e-45
"ENSG00000198712","MT-CO2",0.982079992831705,6.67658218503879e-11,"MT-CO2",0.6706512478525,7.16930238737507e-06
"ENSG00000198727","MT-CYB",0.137285788512497,0.439041504878543,"MT-CYB",-0.131678283509759,0.426948205645163
"ENSG00000198732","SMOC1",1.69577381952007,1.17333464626038e-17,"SMOC1",2.85259499693433,1.80311066294839e-25
"ENSG00000198763","MT-ND2",0.0150461708338098,0.961116252670398,"MT-ND2",0.0954894989148986,0.610126440444444
"ENSG00000198796","ALPK2",-0.294252853384554,0.217253449476237,"ALPK2",0.050996438710615,0.853919225110862
"ENSG00000198804","MT-CO1",0.6003486688129,0.000220771061116094,"MT-CO1",0.256938259928362,0.104736127869086
"ENSG00000198814","GK",-0.40138224765304,0.0668505580158032,"GK",0.0269483168005377,0.924815122230519
"ENSG00000198816","ZNF358",0.198484536174601,0.147434445954679,"ZNF358",0.105727107822423,0.489518448283465
"ENSG00000198840","MT-ND3",-0.460315808090371,0.000440759160946832,"MT-ND3",-0.716955661034931,6.35524219521048e-08
"ENSG00000198854","KPLCE",1.34223196112326,0.00593023770563773,"KPLCE",0.113634644260738,0.631351371543341
"ENSG00000198886","MT-ND4",0.5175461814199,0.000254700742328872,"MT-ND4",0.398832446383482,0.00376067689742172
"ENSG00000198888","MT-ND1",0.0386941581795886,0.860619830713419,"MT-ND1",-0.0648397101108264,0.731548646057786
"ENSG00000198899","MT-ATP6",0.460517050488801,0.0011100229622728,"MT-ATP6",0.795394390666792,3.68586109534756e-08
"ENSG00000198919","DZIP3",-0.248457776906805,0.0768304800777269,"DZIP3",-0.321612079523704,0.0130353498355228
"ENSG00000198920","KIAA0753",0.233973293527569,0.0682521392554192,"KIAA0753",0.0103755223615608,0.956008457736828
"ENSG00000198931","APRT",0.312291357138098,1.18585117332807e-05,"APRT",0.0210685506930823,0.8684111950141
"ENSG00000198938","MT-CO3",0.0148014190057244,0.959445482940364,"MT-CO3",-0.142288755923774,0.380050128794667
"ENSG00000198959","TGM2",-0.405489508797905,0.0455381885520478,"TGM2",-0.345473056419009,0.0674922191434733
"ENSG00000203667","COX20",0.00208519979361727,0.999361380268385,"COX20",-0.132296530034702,0.302018370225918
"ENSG00000203722","RAET1G",1.29719503201345,0.000558877875750224,"RAET1G",0.332479471870306,0.167198162275217
"ENSG00000203805","PLPP4",-0.326531414928281,0.00685858286232024,"PLPP4",-0.165189135497111,0.195995469868649
"ENSG00000204138","PHACTR4",0.210274390971473,0.0030324638154172,"PHACTR4",0.155091197900126,0.0367404257210519
"ENSG00000204217","BMPR2",-0.223962731277878,0.112245943589183,"BMPR2",-0.263574987060494,0.0456476624239989
"ENSG00000204264","PSMB8",0.434412718245583,0.0105782508533555,"PSMB8",0.440180604841938,0.00661035627903398
"ENSG00000204267","TAP2",0.360851812253727,2.38142643878372e-05,"TAP2",0.370574907979793,1.17611178071694e-05
"ENSG00000204272","NBDY",0.0743544636772997,0.62483380917524,"NBDY",-0.201157742403429,0.0947980097434536
"ENSG00000204315","FKBPL",0.305672459789799,0.0564336381734259,"FKBPL",-0.0427816288576995,0.851446339538785
"ENSG00000204388","HSPA1B",0.991810833654495,5.86886749498709e-17,"HSPA1B",1.28297822137267,1.09352586012732e-26
"ENSG00000204389","HSPA1A",1.50248217003821,1.04987072924907e-37,"HSPA1A",1.81148358850194,1.36404833742074e-54
"ENSG00000204564","C6orf136",-0.304094121456703,0.0296967999894312,"C6orf136",0.196563478504013,0.161732656417807
"ENSG00000204590","GNL1",-0.0599205296672547,0.611138938849741,"GNL1",-0.102092968698089,0.312897692457394
"ENSG00000204619","PPP1R11",0.279353886068735,0.00137686871538412,"PPP1R11",0.30671771706,0.000335271926788163
"ENSG00000204673","AKT1S1",0.168323808250536,0.365595324531028,"AKT1S1",0.0993457533565187,0.609435719771882
"ENSG00000204922","UQCC3",0.360769220582281,0.00309573910144011,"UQCC3",0.363873808461761,0.00216761435962369
"ENSG00000204977","TRIM13",-0.267813316800642,0.00359819662194202,"TRIM13",-0.21396786868829,0.027979572775073
"ENSG00000205002","AARD",-0.0531926635000054,0.868505243714785,"AARD",-0.0635290590195724,0.808090659986327
"ENSG00000205060","SLC35B4",-0.247153437636511,0.000873367941565693,"SLC35B4",-0.219423096352723,0.00423248502010017
"ENSG00000205336","ADGRG1",0.368525008240024,0.00669731649450185,"ADGRG1",0.115401818114764,0.471662285295531
"ENSG00000205485",NA,0.0840077214831933,0.794305424166611,NA,-0.0635354703840719,0.820581174311346
"ENSG00000206172","HBA1",1.97903634868932,0.000745561653739326,"HBA1",0.169095619329752,0.474832618508049
"ENSG00000206527","HACD2",0.0691223522859708,0.578474511694034,"HACD2",0.231832407528755,0.0148263971572212
"ENSG00000210100",NA,0.733439874326455,0.0057372958218348,NA,-0.268820514951202,0.221464279590119
"ENSG00000210107",NA,-1.53185359779063,7.31667742611765e-07,NA,-1.75880235772185,1.781382883361e-08
"ENSG00000210127",NA,-3.30007937547937,1.04969866319556e-09,NA,-3.04587395449757,7.20839243750595e-12
"ENSG00000210154",NA,3.58110629448986,4.43621141419992e-16,NA,3.00420812556011,1.42014736603606e-11
"ENSG00000211584","SLC48A1",1.61687294263556,1.08518244202427e-33,"SLC48A1",1.32591369980691,2.95342935450818e-23
"ENSG00000212464","SNORA12",0.178437642851531,0.513656156588452,"SNORA12",0.0515332912921514,0.859956693439917
"ENSG00000213024","NUP62",-0.0768204093855645,0.417466688311325,"NUP62",0.0188726838234747,0.885502377762185
"ENSG00000213025",NA,0.0260562276772164,0.912378924197596,NA,-0.0297884920282772,0.894274295178993
"ENSG00000213463","SYNJ2BP",-0.0747683743611052,0.506278882023765,"SYNJ2BP",-0.0467727465856917,0.708278475309908
"ENSG00000213585","VDAC1",-0.272698230266992,1.83602554552562e-11,"VDAC1",-0.247896015850885,2.73503705252127e-09
"ENSG00000213593","TMX2",0.0840091719911253,0.463855014109781,"TMX2",0.159983764241784,0.105294649140915
"ENSG00000213614","HEXA",0.0630916877357444,0.671144160237945,"HEXA",-0.0701712791931162,0.630892661783597
"ENSG00000213983","AP1G2",0.238425006705112,0.128677570209526,"AP1G2",0.308052770028394,0.021897980230073
"ENSG00000214140","PRCD",0.338170904494081,0.25471015710661,"PRCD",0.731848767072336,0.0172367333411529
"ENSG00000214357","NEURL1B",-0.569014359252061,0.0620656446780829,"NEURL1B",-0.536384413842952,0.0545093325615474
"ENSG00000214796",NA,2.4774644922234,2.79507733693851e-27,NA,2.04350577642516,7.16578823751439e-11
"ENSG00000215301","DDX3X",-0.285911810774245,1.61512002526557e-05,"DDX3X",-0.12370019357799,0.105093611029225
"ENSG00000215440","NPEPL1",0.442151743342402,0.152392144236293,"NPEPL1",-0.27893117395712,0.251026895639499
"ENSG00000215908",NA,0.200494808101572,0.172133615190836,NA,-0.0034255463782844,0.98697366620184
"ENSG00000221890","NPTXR",1.13402913468677,5.02010474950946e-13,"NPTXR",0.884512116258049,4.71677513285942e-08
"ENSG00000221968","FADS3",0.551591984949831,0.000127299322773346,"FADS3",0.926810508339108,2.71538569543143e-09
"ENSG00000222009","BTBD19",0.14929680312692,0.493797026069689,"BTBD19",0.290492284751915,0.103050513989616
"ENSG00000224032",NA,0.229296202481492,0.106064022915456,NA,-0.0206992344475757,0.924694927049468
"ENSG00000224043",NA,-0.617757970648766,0.0333964868494797,NA,-0.712609441198949,0.0150615237364771
"ENSG00000224525",NA,0.701873659655027,0.0474133893245027,NA,0.0494364048203451,0.858971842264029
"ENSG00000224897","POT1-AS1",0.57332924265898,0.0502312240233513,"POT1-AS1",0.324031703220641,0.17945543615677
"ENSG00000225470","JPX",-0.406576528207337,1.30307207694025e-07,"JPX",-0.42697562072654,1.60069297536934e-08
"ENSG00000225648",NA,-0.238933735112656,0.0549573566110705,NA,-0.2864808999629,0.0149201111083853
"ENSG00000225663","MCRIP1",0.0235960053041276,0.883476789412871,"MCRIP1",-0.047546903578872,0.734186806330184
"ENSG00000225697","SLC26A6",0.0014611305523302,0.999769847841042,"SLC26A6",-0.0403502212256589,0.862827967724018
"ENSG00000226419","SLC16A1-AS1",-0.185431156915869,0.142394316542745,"SLC16A1-AS1",-0.0570829801762922,0.72381745228664
"ENSG00000226950","DANCR",0.0782337900251999,0.511414667576823,"DANCR",0.0129981852549422,0.936498503933124
"ENSG00000227615",NA,0.0798981305237772,0.655153131893825,NA,-0.417660773467381,0.00201209269224198
"ENSG00000227627",NA,-0.0114824321577669,0.984726219045478,NA,0.589177870110247,0.0128413568275561
"ENSG00000228649","SNHG26",1.40915407330515,2.38491199699365e-20,"SNHG26",1.3214089710405,3.80288960863718e-15
"ENSG00000228672","PROB1",-0.634159041521425,0.0630280995175405,"PROB1",-0.167397538525949,0.49054002402072
"ENSG00000229656","ITGB1-DT",0.158608748784239,0.521050525651796,"ITGB1-DT",0.0149060136110447,0.955217494887367
"ENSG00000230124","ACBD6",-0.434495682356228,0.000226667787288399,"ACBD6",-0.45489155732187,6.41771018713789e-05
"ENSG00000230658",NA,0.170274308204343,0.578738407867189,NA,0.466487637520738,0.107140977351085
"ENSG00000231312","MAP4K3-DT",-0.186196299248355,0.144365531302728,"MAP4K3-DT",0.222344648243697,0.0658519125778507
"ENSG00000231638","LUARIS",2.90861460530253,1.2117036642335e-05,"LUARIS",0.958309352829313,0.0139302663721657
"ENSG00000231666","LINC01704",0.832646776235013,0.00535973440264201,"LINC01704",0.673082108454379,0.0143150468166972
"ENSG00000231925","TAPBP",0.256104539383385,0.0100559825864969,"TAPBP",-0.102904204417943,0.382513954591936
"ENSG00000232445",NA,0.44988518277952,0.0138615893081325,NA,-0.0665913069096183,0.819813742726071
"ENSG00000232931",NA,-0.459837387058582,0.0356254501804406,NA,-0.263758172410539,0.184702511475881
"ENSG00000233058",NA,0.336982674007309,0.237401359444462,NA,0.643127919037241,0.0366567882859292
"ENSG00000233276","GPX1",0.681107463171194,7.99794027168041e-09,"GPX1",0.246173444481753,0.0423868295332852
"ENSG00000233452","STXBP5-AS1",-0.760802785477942,0.00532355460622962,"STXBP5-AS1",-0.388772644322067,0.0902222100789923
"ENSG00000233621","LITATS1",0.424627047845255,0.10424090130596,"LITATS1",0.196154082296908,0.400976219845193
"ENSG00000233901","LINC01503",-0.0953819768347307,0.776430368174397,"LINC01503",0.0844718357558508,0.755727742391012
"ENSG00000234678",NA,-0.0681650091795697,0.835018475076485,NA,0.435292225276332,0.122753139890573
"ENSG00000235098","ANKRD65",3.22456384901109,2.88525620456691e-06,"ANKRD65",1.56467079280476,0.00296887988837395
"ENSG00000235823","OLMALINC",-0.384349716677833,0.107497823198665,"OLMALINC",-0.387539175262753,0.0786023877024717
"ENSG00000235954","TTC28-AS1",0.221728118762944,0.139238105187586,"TTC28-AS1",0.0432563177798014,0.832356285009933
"ENSG00000236824","BCYRN1",-0.272913166756699,0.190728745268394,"BCYRN1",0.289171661134253,0.116648942988391
"ENSG00000237441","RGL2",-0.200424500590156,0.0465107917129952,"RGL2",-0.23191246516401,0.0182768012511872
"ENSG00000237686","SCIRT",0.408580641243387,0.157019918844235,"SCIRT",0.695250788101708,0.0235650724428675
"ENSG00000238227","TMEM250",-0.0381346913959581,0.810877856262669,"TMEM250",0.429768027415876,1.49377172705303e-05
"ENSG00000239039","SNORD13",1.86955941453058,2.51657187698648e-13,"SNORD13",0.633687384611541,0.00529729842528182
"ENSG00000240891","PLCXD2",2.06659738954132,2.28141301692409e-13,"PLCXD2",1.36087953714841,3.11746021616903e-07
"ENSG00000241839","PLEKHO2",0.333337722827927,0.0286672558827852,"PLEKHO2",-0.0890846065976538,0.650117840110847
"ENSG00000242147","LINC02677",0.563996432154532,0.0123242067228676,"LINC02677",0.385411787082884,0.0544137786853741
"ENSG00000242612","DECR2",0.372529273672268,0.00975486785765458,"DECR2",0.257384513613887,0.0751574985078062
"ENSG00000242622","GSK3B-DT",-0.0362545692731549,0.920179649914329,"GSK3B-DT",-0.23767148600797,0.285329164463082
"ENSG00000243225",NA,3.12175744272372,2.84092340993597e-06,NA,0.475532688807183,0.10372809043018
"ENSG00000243279","PRAF2",0.451446421556587,0.000246858511035552,"PRAF2",0.0504765320615637,0.780964732795446
"ENSG00000243943","ZNF512",-0.420409956539594,0.00113479112976575,"ZNF512",-0.629576400285108,7.64845983197507e-07
"ENSG00000244376","RN7SL636P",0.00573335126519959,0.996374941533887,"RN7SL636P",0.0506243614818374,0.854331747744318
"ENSG00000244509","APOBEC3C",1.56520978067696,3.43083148921484e-58,"APOBEC3C",1.33402172378428,4.6085150718465e-42
"ENSG00000245648","KLRK1-AS1",-0.0216939391248426,0.95827332936711,"KLRK1-AS1",0.6968197534251,0.0422710616214805
"ENSG00000247240","UBL7-DT",0.114712801051723,0.503620291539994,"UBL7-DT",0.212686483227908,0.126004124846362
"ENSG00000247556","OIP5-AS1",-0.646248611338543,2.95925472852091e-19,"OIP5-AS1",-0.462805328744028,1.03371020395205e-11
"ENSG00000247675","LRP4-AS1",0.681715475754981,0.00256216654386508,"LRP4-AS1",0.314867884145798,0.118325957827261
"ENSG00000247796","MOCS2-DT",0.322791697496279,0.0295518355489003,"MOCS2-DT",0.677661433565439,5.83658705186753e-06
"ENSG00000248323","LUCAT1",0.877260825063506,0.000175729177783833,"LUCAT1",0.734070227376855,0.00140108638825689
"ENSG00000248487","ABHD14A",0.933739238373128,2.19622404788937e-09,"ABHD14A",0.688983196554852,8.15933862058911e-06
"ENSG00000248527","MTATP6P1",0.0809179654883645,0.71317443918594,"MTATP6P1",0.363421761692713,0.0207619379132754
"ENSG00000248905","FMN1",-0.117406799851951,0.615661037816806,"FMN1",0.2545230272041,0.156106184754455
"ENSG00000249353",NA,-0.257413249243188,0.278771817840754,NA,-1.11252846233631,9.42085605994472e-05
"ENSG00000250461",NA,0.275996838672336,0.251986356103791,NA,0.455671571760707,0.0466244338884994
"ENSG00000251022","THAP9-AS1",-0.0435946845635605,0.800562068277399,"THAP9-AS1",-0.63317913142578,2.12931683626426e-07
"ENSG00000251136","PARAIL",0.360207558257685,0.0338420841654119,"PARAIL",0.476324930937806,0.00260652905159621
"ENSG00000251191","LINC00589",0.190986838750888,0.524540021022529,"LINC00589",0.0994560816482017,0.709583288239531
"ENSG00000251562",NA,0.0436325920352149,0.883476789412871,NA,-0.162850965067702,0.422431901596813
"ENSG00000253276","CCDC71L",0.210724971775913,0.168641557494872,"CCDC71L",0.0216696092541945,0.926580119779676
"ENSG00000253320",NA,0.364103558154141,0.142244531495731,NA,0.0190494560651003,0.945273725412538
"ENSG00000254505","CHMP4A",0.191909062054459,0.333354023381846,"CHMP4A",-0.244237189822984,0.163165378725059
"ENSG00000254536",NA,-0.302099051482082,0.156746385261608,NA,-0.366721000051253,0.0606714574463808
"ENSG00000254726","MEX3A",0.0997582199902761,0.594388192027558,"MEX3A",0.174139496899537,0.279147121367983
"ENSG00000254911","SCARNA9",-1.02160475530037,7.1883002802812e-05,"SCARNA9",-1.09637488646246,9.73425039529784e-05
"ENSG00000255198",NA,0.787576775964512,2.31215622517304e-10,NA,0.647044316868497,2.20973575187159e-07
"ENSG00000255248","MIR100HG",-1.07052328559656,4.56495893565055e-10,"MIR100HG",-1.31963309566191,2.44806998551355e-14
"ENSG00000255302","EID1",0.114479793677636,0.199228765018541,"EID1",0.1288237696734,0.137371919299106
"ENSG00000255856",NA,0.574976792566401,0.0164781271741835,NA,0.192819105832922,0.342365095739356
"ENSG00000256268","LINC02454",0.716829866235316,8.46444612187718e-05,"LINC02454",1.04809891173275,5.99163108200146e-08
"ENSG00000257298",NA,0.582832951362522,0.056758787094786,NA,0.547108573688562,0.0551181657888509
"ENSG00000257335","MGAM",1.30992871305664,0.00359820891106228,"MGAM",0.154857841126285,0.513773486548216
"ENSG00000258464","LOC105370409",-0.210057664543908,0.448243739736633,"LOC105370409",-0.0625171392638969,0.815632219656732
"ENSG00000258561",NA,-0.231136923996531,0.427579465019059,NA,-0.110541704194344,0.669196042300247
"ENSG00000258590",NA,0.751188601550501,0.0385462458288802,NA,0.915705111419359,0.0121353454057016
"ENSG00000259107","LINC00911",0.338817353801782,0.234064612581428,"LINC00911",0.133178988450463,0.57515995788985
"ENSG00000259153","MAP3K9-DT",0.67153849722823,2.53531960031781e-05,"MAP3K9-DT",0.832583662107446,6.00378131832878e-06
"ENSG00000260912",NA,1.58070490705691,1.34220857510805e-09,NA,1.17735939490213,2.51245782513315e-05
"ENSG00000262001",NA,-0.0565683687606451,0.857151395214383,NA,-0.332600554187093,0.126112870496341
"ENSG00000262380",NA,0.0260040417799523,0.950799716265469,NA,-0.09440032113963,0.717608511459448
"ENSG00000262814","MRPL12",-0.125429691127228,0.40508514874521,"MRPL12",-0.0180976554723156,0.9304781397251
"ENSG00000262879",NA,0.0379300910628299,0.841872107704776,NA,0.0548627834086331,0.751943752303324
"ENSG00000263004","AKAP1-DT",0.262552799712333,0.333716243820223,"AKAP1-DT",0.112761573200246,0.658946018443358
"ENSG00000263465","SRSF8",-0.178587483870372,0.0799517810261985,"SRSF8",-0.209004947963047,0.0395688249340126
"ENSG00000265241","RBM8A",-0.285595511631008,6.64514716823886e-05,"RBM8A",-0.169903977891691,0.0264436475250654
"ENSG00000265491","RNF115",-0.242677950115601,0.0061237040080807,"RNF115",0.161193966951449,0.0805232784822448
"ENSG00000265763","ZNF488",0.998637013524398,0.000496440106761785,"ZNF488",0.241637621909474,0.337672486220573
"ENSG00000266278","LINC01910",0.318431166644756,0.145953741241794,"LINC01910",0.365786212249143,0.0541996717820008
"ENSG00000267106","ZNF561-AS1",0.537166266587256,0.000378326117646949,"ZNF561-AS1",0.324635888503549,0.0297323861284927
"ENSG00000267519",NA,0.20635243674351,0.34066451020611,NA,0.357778124613566,0.053665757914122
"ENSG00000267534","S1PR2",1.26895242904534,1.56463388433102e-09,"S1PR2",0.493935833194408,0.0113607039944954
"ENSG00000269190","FBXO17",-0.202157489353447,0.347364874984106,"FBXO17",-0.381467977118571,0.0396742548103406
"ENSG00000269729","LOC105372424",3.14606224328521,1.41314151943122e-26,"LOC105372424",2.82638123269849,1.34782804632292e-27
"ENSG00000269927",NA,1.58740412901403,6.20757604164689e-12,NA,0.989074668965306,8.81660337802444e-06
"ENSG00000269976",NA,3.03793283355442,4.49372616441733e-11,NA,3.22074680703766,1.39944451977523e-06
"ENSG00000271614","ATP2B1-AS1",0.166929072259406,0.528879475346809,"ATP2B1-AS1",-0.0821428698642302,0.74602924648571
"ENSG00000272695","GAS6-DT",0.03868342072593,0.884534006810703,"GAS6-DT",0.142529859925675,0.431743140629734
"ENSG00000272888",NA,-0.830569274444208,7.04736244504312e-22,NA,-0.486135070254488,6.38446402759895e-09
"ENSG00000273033","LINC02035",-0.48482729082648,0.0406440838110987,"LINC02035",-0.149532731555647,0.488376572110364
"ENSG00000273199",NA,4.10825604136036,6.67149470723855e-35,NA,2.20842298728857,2.81811215950995e-11
"ENSG00000273486",NA,0.231741792827243,0.373506888733113,NA,0.156845419662969,0.497580019979867
"ENSG00000273706","LHX1",0.471213295899346,0.00905017400317306,"LHX1",0.023098221438605,0.931949227923294
"ENSG00000273727","LOC124904631",-0.247560921555592,0.367393415678454,"LOC124904631",0.0855379570465908,0.746842074175353
"ENSG00000274422",NA,0.216464692749013,0.353351647351371,NA,-0.698607857086507,0.00286314158609862
"ENSG00000275052","PPP4R3B",-0.122315749337576,0.119217837364466,"PPP4R3B",-0.133342001611092,0.0875585931745942
"ENSG00000275183","LENG9",0.0156886547474556,0.975530957494836,"LENG9",0.0534602289509604,0.849862000548709
"ENSG00000276170","LOC101929494",0.00559933456740159,0.989093889964837,"LOC101929494",-0.124809205221404,0.382412004256945
"ENSG00000276234","TADA2A",-0.668142172711787,2.88799574775572e-16,"TADA2A",-0.25880022678876,0.00111070710431335
"ENSG00000276368","H2AC14",-1.25609412158635,8.14982739303354e-06,"H2AC14",-0.530123129066574,0.0234146707512525
"ENSG00000277639","CHD9NB",1.48183940538559,4.58281224664064e-10,"CHD9NB",1.10937800102225,2.87361122677241e-06
"ENSG00000278540","ACACA",-0.766804613754623,1.30163195464558e-13,"ACACA",-0.63464059456515,1.1926961812155e-09
"ENSG00000278626",NA,0.904472790013747,0.021919122199485,NA,0.133630438058922,0.600653243694249
"ENSG00000279384",NA,1.46811087333752,3.04947406958569e-06,NA,1.86325800440372,7.04472009153381e-08
"ENSG00000280132",NA,0.385414165850396,0.0706371537267077,NA,0.281593013440108,0.147186782501179
"ENSG00000283959","LOC101927245",0.0854462388746922,0.799718378264372,"LOC101927245",0.226121388299499,0.355371336983398
"ENSG00000284753","EEF1AKMT4",0.85590258192896,1.70935658454584e-11,"EEF1AKMT4",0.704233855231746,1.66601536606192e-07
"ENSG00000286010","LOC105375754",-0.0103310307183442,0.987120660476087,"LOC105375754",-0.0310410945508407,0.916710464360696
"ENSG00000286156",NA,0.14508280722115,0.480394500976622,NA,-0.0914238184760163,0.655137362473691
"ENSG00000286177","LOC105372401",-0.0832728116146746,0.796160465624839,"LOC105372401",-0.256695729624044,0.262918622419481
"ENSG00000286787",NA,0.206628697622158,0.451771009601237,NA,0.655874200942354,0.0200872046855082
"ENSG00000287054",NA,0.0812991218268293,0.79130492857476,NA,-0.00471126053073668,0.987367005850277
"ENSG00000287902",NA,1.02047812793129,0.0157488507002992,NA,-0.0389749714168416,0.891924519355433
"ENSG00000287929",NA,-0.108974380598244,0.711493616803389,NA,-0.183893660966661,0.419308977060358
"ENSG00000287937","LOC124907871",0.112905183983717,0.721992016584242,"LOC124907871",-0.0153955033415167,0.953964609964745
"ENSG00000288649","ACTL10",0.0913025591400181,0.76817961510699,"ACTL10",-0.0218756611233367,0.939058234543942
"ENSG00000288873",NA,2.30875132492101,2.3789989122455e-08,NA,1.45931046505606,0.00024019534316353
"ENSG00000289161","LOC100310756",0.348954444422336,0.0308531574032199,"LOC100310756",0.228916251846039,0.145499478067294
"ENSG00000289852",NA,-0.274503598831184,0.324635132371725,NA,-0.0998129094996396,0.699122587280558
