"ENSEMBL","SYMBOL","log2FoldChange","padj"
"ENSG00000001631","KRIT1",-0.0591085529499909,0.786673439781238
"ENSG00000003056","M6PR",0.130563400361991,0.0722917647927979
"ENSG00000003249","DBNDD1",-0.150722625594849,0.462940683337009
"ENSG00000003756","RBM5",0.176700660370493,0.176950081856275
"ENSG00000003989","SLC7A2",0.283528541123467,0.102996452335721
"ENSG00000004399","PLXND1",-0.806044015007008,6.91262935980372e-06
"ENSG00000004478","FKBP4",0.54495259425385,2.6673379391407e-13
"ENSG00000004866","ST7",0.124972950716269,0.42360552425054
"ENSG00000004897","CDC27",-0.147967573425549,0.0532746563488016
"ENSG00000005001","PRSS22",-0.0325835920254887,0.91275046080807
"ENSG00000005075","POLR2J",0.0768137144209191,0.4859875663034
"ENSG00000005206","SPPL2B",0.223768268178527,0.185074815392859
"ENSG00000005469","CROT",-0.0495048916618873,0.808181665819497
"ENSG00000005801","ZNF195",-0.0407911983189923,0.808990529753016
"ENSG00000005882","PDK2",1.13172578584907,0.00025691436769479
"ENSG00000006016","CRLF1",1.12265866099689,2.20968895415623e-05
"ENSG00000006025","OSBPL7",0.28786637117072,0.127810896419121
"ENSG00000006194","ZNF263",-0.356959891737878,0.00158697164178856
"ENSG00000006327","TNFRSF12A",0.146460420800531,0.20443342834502
"ENSG00000006534","ALDH3B1",0.0415209879031036,0.859248867002242
"ENSG00000006652","IFRD1",0.155758277092883,0.352130922208024
"ENSG00000006712","PAF1",0.212342698293297,0.0119795537909678
"ENSG00000006756","ARSD",-0.169220379960183,0.477679706933543
"ENSG00000007168","PAFAH1B1",0.194946853141624,0.00199189833418978
"ENSG00000007255","TRAPPC6A",0.494291843408333,0.05261255636639
"ENSG00000007376","RPUSD1",-0.0204219052586102,0.923863213020046
"ENSG00000007392","LUC7L",-0.476482846084559,4.37894600170734e-08
"ENSG00000008128","CDK11A",0.0485724974537558,0.868944459241034
"ENSG00000008282","SYPL1",0.0582695425196889,0.617723009779782
"ENSG00000008300","CELSR3",-0.144702211754763,0.475431796479983
"ENSG00000008405","CRY1",0.0864334694922552,0.691747567583209
"ENSG00000008517","IL32",0.15085202364192,0.550907499611889
"ENSG00000008988","RPS20",-0.205858945436168,0.000282386002274098
"ENSG00000009950","MLXIPL",0.313154867188443,0.223452960869038
"ENSG00000010219","DYRK4",-0.844190638719594,6.52959064607509e-12
"ENSG00000010319","SEMA3G",2.16863689483134,7.06232959233349e-05
"ENSG00000010322","NISCH",0.417477290389194,0.00246523103970337
"ENSG00000010539","ZNF200",0.0228881548603549,0.923446525831743
"ENSG00000010810","FYN",-0.237229016781769,0.0380420177568532
"ENSG00000011243","AKAP8L",0.660629479054761,4.23385274805399e-05
"ENSG00000011376","LARS2",-0.161339256227096,0.140887068242204
"ENSG00000011454","RABGAP1",-0.260733390632722,0.000200965370623455
"ENSG00000011638","LDAF1",-0.368476698013332,0.020494087438108
"ENSG00000012660","ELOVL5",-0.266604930832218,0.00681031473629261
"ENSG00000013275","PSMC4",0.272316434056152,0.00649653497523741
"ENSG00000013288","MAN2B2",-0.100234899850579,0.594611638613879
"ENSG00000013375","PGM3",0.266238287942704,1.28022746711058e-05
"ENSG00000013563","DNASE1L1",0.0566497542805288,0.766566092364683
"ENSG00000014216","CAPN1",-0.0909499606544662,0.536192541425785
"ENSG00000014641","MDH1",-0.271558985277014,0.00464791677348641
"ENSG00000015133","CCDC88C",-0.47746300239575,0.000901544867072856
"ENSG00000015171","ZMYND11",-0.240857193733023,0.0012037584071398
"ENSG00000015475","BID",-0.299921262548424,0.0019912893825234
"ENSG00000018189","RUFY3",-0.111044739244522,0.457325188617552
"ENSG00000020577","SAMD4A",0.0399285209765114,0.868491482694893
"ENSG00000021355","SERPINB1",0.112386187379811,0.59603577603851
"ENSG00000021826","CPS1",-2.3089430991551,6.96384885851438e-21
"ENSG00000022976","ZNF839",-0.469154643871028,0.000369031819959156
"ENSG00000023734","STRAP",0.128834089290948,0.0793420445849211
"ENSG00000023839","ABCC2",-0.132847277910034,0.57129012115882
"ENSG00000023909","GCLM",-0.0263050200510132,0.892320082624818
"ENSG00000025770","NCAPH2",0.0842490644075332,0.613445664750072
"ENSG00000026559","KCNG1",-0.567162765127997,0.000113158582644641
"ENSG00000026652","AGPAT4",-0.457622801610967,0.000797958530437857
"ENSG00000028310","BRD9",-0.224415666586131,0.0117494413429466
"ENSG00000028528","SNX1",0.130375031624885,0.119993321123064
"ENSG00000033050","ABCF2",0.095880293186063,0.306714452780246
"ENSG00000034533","ASTE1",-0.207368658121376,0.1446320286576
"ENSG00000035115","SH3YL1",-0.170560483184954,0.464627800199146
"ENSG00000035141","FAM136A",-0.0478531439773583,0.63354010850969
"ENSG00000036257","CUL3",-0.0726253090117973,0.444399511389712
"ENSG00000036672","USP2",0.76037215834577,0.0336995772531201
"ENSG00000037474","NSUN2",0.128178455885368,0.15190382318092
"ENSG00000037637","FBXO42",-0.103844517741049,0.54684459204674
"ENSG00000042286","AIFM2",0.348936144892184,0.0189893399334617
"ENSG00000042493","CAPG",-0.465525620898397,0.000461129512416624
"ENSG00000044115","CTNNA1",-0.145355371321131,0.0892533575987664
"ENSG00000044574","HSPA5",-0.862906117793528,6.53357159019866e-28
"ENSG00000047346","ATOSA",0.995967810023858,1.10599700849871e-09
"ENSG00000048392","RRM2B",1.12919842738875,4.90555394436824e-14
"ENSG00000048707","VPS13D",-0.0515558879392911,0.760020463513054
"ENSG00000049167","ERCC8",-0.281127028460614,0.0494589472204462
"ENSG00000049246","PER3",-1.44638418901439,2.56468224519477e-13
"ENSG00000049249","TNFRSF9",-0.100367519248544,0.704769718618865
"ENSG00000049883","PTCD2",-0.335792554229003,0.0148169423965131
"ENSG00000050426","LETMD1",0.240112907738937,0.122784182410955
"ENSG00000052126","PLEKHA5",0.243628521741329,0.0048063498287521
"ENSG00000052749","RRP12",0.119281087776951,0.419630061218943
"ENSG00000052795","FNIP2",0.281617489334643,0.00885666787094626
"ENSG00000052841","TTC17",0.10198338946154,0.380050128794667
"ENSG00000053371","AKR7A2",0.032667524882894,0.811413227018741
"ENSG00000053372","MRTO4",-0.292248770491815,0.000275176410398111
"ENSG00000053747","LAMA3",0.205193235219032,0.408332892975416
"ENSG00000053900","ANAPC4",-0.167941547339849,0.0850688948129044
"ENSG00000054118","THRAP3",-0.489324303416323,2.35296098852561e-14
"ENSG00000054267","ARID4B",0.0446687350927624,0.723070144674958
"ENSG00000054282","SDCCAG8",-0.974664455298435,1.08145551525556e-15
"ENSG00000054598","FOXC1",0.485685237280582,6.17162770855802e-07
"ENSG00000054611","TBC1D22A",-0.249502048234238,0.051725452043854
"ENSG00000054965","FAM168A",0.0972113376978949,0.574483072472888
"ENSG00000055044","NOP58",-0.363008103563775,1.87808367733572e-07
"ENSG00000055070","SZRD1",0.225235725716958,0.000112914746083482
"ENSG00000055130","CUL1",0.143959991389161,0.0507803707002149
"ENSG00000055732","MCOLN3",0.0872489847944697,0.721828165865747
"ENSG00000055917","PUM2",-0.0868890419452868,0.334475037587173
"ENSG00000056050","HPF1",-0.318627492754247,0.00155566332165604
"ENSG00000056277","ZNF280C",0.020924754060104,0.931095121493305
"ENSG00000056972","TRAF3IP2",0.669252716192151,2.24367426375926e-08
"ENSG00000057657","PRDM1",-0.288950701014578,0.151513864444503
"ENSG00000057757","PITHD1",-0.147134064135926,0.179288832138334
"ENSG00000057935","MTA3",0.170391125613645,0.242954990215659
"ENSG00000058262","SEC61A1",0.332482455916715,0.00079718450873505
"ENSG00000058804","NDC1",0.0401666227524265,0.79720733845103
"ENSG00000060237","WNK1",-0.148867906833328,0.146051450520237
"ENSG00000060688","SNRNP40",-0.244352832454688,0.0530124813227111
"ENSG00000061794","MRPS35",0.0521934874021701,0.605030958041241
"ENSG00000062716","VMP1",0.20139030815924,0.10396239305007
"ENSG00000062725","APPBP2",-0.00565350683039925,0.973741403932724
"ENSG00000063046","EIF4B",-0.0258393164325418,0.8843285815049
"ENSG00000064115","TM7SF3",0.338315221603295,0.00236106249985282
"ENSG00000064225","ST3GAL6",0.0328745502808813,0.895293197178192
"ENSG00000064313","TAF2",-0.261416374971965,0.00016143795700675
"ENSG00000064419","TNPO3",-0.081230655158943,0.426948205645163
"ENSG00000064651","SLC12A2",0.171707803144608,0.0610633208754143
"ENSG00000064703","DDX20",-0.108767926344271,0.329034891437823
"ENSG00000065054","NHERF2",0.150706618872783,0.174728696445625
"ENSG00000065328","MCM10",0.0548274105110588,0.649504924417212
"ENSG00000065618","COL17A1",0.0499427445348473,0.834719025113985
"ENSG00000065621","GSTO2",0.61589200971321,0.00879263544157871
"ENSG00000065665","SEC61A2",0.548653413487883,0.00247431036770244
"ENSG00000066379","POLR1H",0.00916112957647626,0.958662359135449
"ENSG00000066583","ISOC1",0.154508469286802,0.242978321825438
"ENSG00000066777","ARFGEF1",-0.128849735462151,0.20792517717978
"ENSG00000067064","IDI1",-0.448096888275459,0.00715933139984989
"ENSG00000067066","SP100",-0.231355378966394,0.0110246930374536
"ENSG00000067191","CACNB1",-0.212599142058961,0.333962131987188
"ENSG00000067334","DNTTIP2",-0.103614658328421,0.404117459178528
"ENSG00000067533","RRP15",-0.0164188035580858,0.91240572424042
"ENSG00000067900","ROCK1",0.0617426548949386,0.61737649226171
"ENSG00000068120","COASY",0.104205190027832,0.307176184338539
"ENSG00000068137","PLEKHH3",-0.0941356406350284,0.652648248642098
"ENSG00000068308","OTUD5",0.0597290438054703,0.639650787361051
"ENSG00000068323","TFE3",-0.298392414427288,0.0217970424139115
"ENSG00000068697","LAPTM4A",0.152411362009218,0.0742205910269749
"ENSG00000068745","IP6K2",0.494210067855877,3.12559225231457e-08
"ENSG00000068912","ERLEC1",-0.0631834970363126,0.643201963210573
"ENSG00000069011","PITX1",-0.0279816746319422,0.878614435989956
"ENSG00000069696","DRD4",-0.0255375315959755,0.935313672285392
"ENSG00000069812","HES2",2.56082479236086,7.2383961440948e-07
"ENSG00000070047","PHRF1",0.0891814493941433,0.512725119522205
"ENSG00000070423","RNF126",0.0021149421290976,0.990638814770773
"ENSG00000070540","WIPI1",-0.3563554717164,0.034322828679989
"ENSG00000070614","NDST1",0.0461671951322169,0.7914109114728
"ENSG00000070831","CDC42",-0.0267991899943435,0.928472881898701
"ENSG00000071462","BUD23",0.223216719554924,0.0106718199442435
"ENSG00000071564","TCF3",0.230285366077837,0.00545067854894409
"ENSG00000071655","MBD3",0.047339911351915,0.791398303639257
"ENSG00000071909","MYO3B",0.293778857609952,0.229215445634032
"ENSG00000071967","CYBRD1",0.00327136260910768,0.986510840729457
"ENSG00000071994","PDCD2",-0.0610543355578591,0.467192468692019
"ENSG00000072134","EPN2",0.120962787323073,0.360993693973548
"ENSG00000072364","AFF4",0.449415706737933,3.45147462845762e-05
"ENSG00000072571","HMMR",-0.565199702484704,0.00229044353529434
"ENSG00000072818","ACAP1",0.296771596047653,0.169238009927637
"ENSG00000072849","DERL2",-0.131761740943405,0.165737912255097
"ENSG00000072954","TMEM38A",0.577025990313197,0.0615781206490389
"ENSG00000073008","PVR",0.249558182219148,0.0532746563488016
"ENSG00000073060","SCARB1",0.152792766623447,0.33436483834597
"ENSG00000073111","MCM2",-0.236221240758531,0.0531597290535557
"ENSG00000073578","SDHA",0.475573148149566,6.3601002737517e-07
"ENSG00000073712","FERMT2",0.151429386465006,0.178294509369086
"ENSG00000073969","NSF",0.0303827217624213,0.85778990597716
"ENSG00000074071","MRPS34",0.114379378628518,0.317080907768374
"ENSG00000074181","NOTCH3",-0.13181435463621,0.609321949824505
"ENSG00000074410","CA12",0.0228307282297007,0.9401839993412
"ENSG00000074695","LMAN1",-0.124513926471683,0.071390322894685
"ENSG00000074800","ENO1",-0.557450706936926,8.2116705112451e-15
"ENSG00000074842","MYDGF",0.327474039804364,0.00082563671627697
"ENSG00000074855","ANO8",0.104218817133143,0.543832891721003
"ENSG00000075151","EIF4G3",-0.596799499700456,1.14770938681094e-08
"ENSG00000075240","GRAMD4",0.229355609868353,0.286641352757567
"ENSG00000075420","FNDC3B",0.384343124323058,0.00216849492411138
"ENSG00000075651","PLD1",-0.114912968180027,0.592240904191089
"ENSG00000076650","GPATCH1",0.104661107432812,0.532724080731552
"ENSG00000076928","ARHGEF1",0.137668743589706,0.313894249584689
"ENSG00000077147","TM9SF3",-0.0367015735590465,0.712961498316301
"ENSG00000077157","PPP1R12B",-0.548811694758907,0.00238500152618989
"ENSG00000077348","EXOSC5",0.102553190718822,0.310315642409758
"ENSG00000078140","UBE2K",0.0458743815920294,0.641210491377628
"ENSG00000078237","TIGAR",0.139807928339842,0.419630061218943
"ENSG00000078699","CBFA2T2",-0.147297397834215,0.42711261417341
"ENSG00000078747","ITCH",0.442938460281673,0.00639019812161786
"ENSG00000078967","UBE2D4",-0.0140685475049722,0.948751982937169
"ENSG00000079150","FKBP7",-0.0377830495708866,0.869363490047004
"ENSG00000079337","RAPGEF3",0.592357870179734,0.0193897868769228
"ENSG00000079691","CARMIL1",-0.412727157837004,0.00117551338090541
"ENSG00000080503","SMARCA2",-0.150019130462739,0.159490971660199
"ENSG00000080546","SESN1",0.989617100900736,2.46294501423612e-14
"ENSG00000080608","PUM3",-0.19884631340659,0.00227606950330185
"ENSG00000080802","CNOT4",0.00659993995521629,0.964584605826732
"ENSG00000080815","PSEN1",0.327271309955598,0.00184469259696779
"ENSG00000080824","HSP90AA1",0.0066622447569084,0.965890476244093
"ENSG00000080947","CROCCP3",-0.195670993131012,0.43368360773676
"ENSG00000081019","RSBN1",0.00929508089554868,0.951539598258564
"ENSG00000081307","UBA5",0.260941314290569,7.28974157085913e-05
"ENSG00000081760","AACS",0.0185446285161509,0.92563505937493
"ENSG00000082153","BZW1",-0.224069442696129,0.0119837669373728
"ENSG00000082515","MRPL22",0.296354803954002,0.00215311109274536
"ENSG00000083635","NUFIP1",0.0149213316398597,0.911325286288539
"ENSG00000083799","CYLD",0.376566203107911,0.00055559190376078
"ENSG00000083937","CHMP2B",0.449707638933117,4.20136712845636e-08
"ENSG00000084073","ZMPSTE24",0.00430376552615663,0.979836446071472
"ENSG00000084090","STARD7",0.0238065618837662,0.877153813874124
"ENSG00000084207","GSTP1",0.268768542622211,0.000634690841650849
"ENSG00000084463","WBP11",0.136016871668291,0.171002556765805
"ENSG00000084731","KIF3C",0.299023381145985,0.0471592995533473
"ENSG00000084754","HADHA",-0.319367651373326,2.18326539018457e-07
"ENSG00000085224","ATRX",-0.411658537600972,1.76076022679891e-06
"ENSG00000085231","AK6",-0.0708525164067457,0.609106794472688
"ENSG00000085365","SCAMP1",-0.185900380992214,0.0249544495927355
"ENSG00000085760","MTIF2",0.0924600162018085,0.383649599812454
"ENSG00000085872","CHERP",0.154548783742591,0.117888929661065
"ENSG00000086061","DNAJA1",0.410807980375652,7.22635177393948e-08
"ENSG00000086062","B4GALT1",-0.039620896641398,0.826228767794406
"ENSG00000086475","SEPHS1",-0.107289250333284,0.259399035023053
"ENSG00000086598","TMED2",0.0902321537646368,0.397043408735141
"ENSG00000086666","ZFAND6",-0.152419211697126,0.205071615487138
"ENSG00000087008","ACOX3",-0.380461583299038,0.0078011336782208
"ENSG00000087053","MTMR2",-0.0768270702203434,0.518367051445315
"ENSG00000087086","FTL",0.00756139288276246,0.967518244567326
"ENSG00000087191","PSMC5",-0.111833749554384,0.178684990702617
"ENSG00000087266","SH3BP2",0.0411619561145657,0.860954112330941
"ENSG00000087269","NOP14",0.0443214539967492,0.598706100630944
"ENSG00000088205","DDX18",-0.110646257283094,0.045756855003765
"ENSG00000088247","KHSRP",-0.0733882057646662,0.48085477922561
"ENSG00000088256","GNA11",0.103780130221253,0.460485158282344
"ENSG00000088367","EPB41L1",-0.293631060225535,0.0137337837714286
"ENSG00000088387","DOCK9",-0.277016532715652,0.0155181841941659
"ENSG00000088448","ANKRD10",0.0373757900381659,0.822808946524395
"ENSG00000088833","NSFL1C",-0.0534471547690709,0.607663466693709
"ENSG00000088854","DNAAF9",-0.278468655660501,0.153842573861808
"ENSG00000088888","MAVS",0.252131270061011,0.0175777593356081
"ENSG00000089053","ANAPC5",-0.114012449772799,0.0992468832771301
"ENSG00000089063","TMEM230",-0.20812430222504,0.0785563878772468
"ENSG00000089127","OAS1",1.08211212302512,9.67502912857562e-06
"ENSG00000089248","ERP29",-0.163208556503316,0.0853574746791796
"ENSG00000089289","IGBP1",0.00015704382239095,0.998976286455315
"ENSG00000089723","OTUB2",0.776939501375899,2.06626243452485e-05
"ENSG00000089916","GPATCH2L",0.119846126077071,0.292809901315134
"ENSG00000090006","LTBP4",-0.12276790100879,0.503911726512394
"ENSG00000090238","YPEL3",1.21438932732521,5.71937281412053e-09
"ENSG00000090273","NUDC",-0.0395976949121982,0.668202280620459
"ENSG00000090316","MAEA",0.0764566175086635,0.560491092326517
"ENSG00000090432","MUL1",-0.161123908574747,0.137504392229091
"ENSG00000090520","DNAJB11",0.0660842928777496,0.608247667124378
"ENSG00000090581","GNPTG",-0.00131133070168265,0.995296540083952
"ENSG00000091483","FH",-0.0617361217228527,0.656580625591765
"ENSG00000092010","PSME1",-0.176290032515585,0.221997291504822
"ENSG00000092068","SLC7A8",0.820293111877429,0.0275172544619623
"ENSG00000092148","HECTD1",0.0639231417065514,0.591406611203474
"ENSG00000092470","WDR76",-0.941359946329984,5.31875602766552e-20
"ENSG00000092820","EZR",0.0694455884623691,0.512744337079776
"ENSG00000092853","CLSPN",0.0458506857322361,0.789686464337982
"ENSG00000092931","MFSD11",0.186184889730331,0.184039590263111
"ENSG00000093010","COMT",-0.0213894903394715,0.89618017068716
"ENSG00000093144","ECHDC1",-0.160323368714064,0.0344235681996387
"ENSG00000094804","CDC6",-0.20092215534151,0.0649508130285139
"ENSG00000095002","MSH2",-0.23150715164595,0.0230104221677143
"ENSG00000095066","HOOK2",0.268178177544808,0.116715300411182
"ENSG00000095319","NUP188",0.418290562921576,0.000133020709918456
"ENSG00000095539","SEMA4G",0.687655264784623,0.02559138342744
"ENSG00000095585","BLNK",0.0373654347169813,0.894126233151931
"ENSG00000096384","HSP90AB1",-0.0539135784867946,0.422603322748963
"ENSG00000099219","ERMP1",-0.221622992230989,0.0977518668462949
"ENSG00000099308","MAST3",0.581310165104025,0.00641541810742617
"ENSG00000099341","PSMD8",0.0378555945330192,0.762046521878422
"ENSG00000099783","HNRNPM",0.0533026442485088,0.530175415927147
"ENSG00000099785","MARCHF2",0.106957307844304,0.655286699028131
"ENSG00000099800","TIMM13",-0.21637462915995,0.011481188827961
"ENSG00000099817","POLR2E",-0.00651143737472721,0.96820369128742
"ENSG00000099821","POLRMT",0.302842209969926,0.00951083561487892
"ENSG00000099910","KLHL22",0.368491557486241,0.0380755139541644
"ENSG00000099956","SMARCB1",0.276740278721981,0.000134353189826408
"ENSG00000099968","BCL2L13",0.48570022184442,8.41795389399865e-11
"ENSG00000099995","SF3A1",0.145878072080366,0.065516434105539
"ENSG00000100029","PES1",0.250645129514799,0.0108694086705532
"ENSG00000100033","PRODH",3.54584376502288,1.47674004679453e-07
"ENSG00000100055","CYTH4",1.6668157082383,1.55661824519803e-06
"ENSG00000100138","SNU13",0.0497314428958498,0.636393386831159
"ENSG00000100216","TOMM22",-0.108547689478793,0.374265383237114
"ENSG00000100219","XBP1",-1.31888601162083,2.2329058132567e-23
"ENSG00000100225","FBXO7",0.263489079644504,1.02065985686551e-05
"ENSG00000100227","POLDIP3",-0.263878171639421,0.0834611109794703
"ENSG00000100228","RAB36",0.531065273758938,0.0142548024310829
"ENSG00000100297","MCM5",-0.542241614004624,2.48191731688399e-09
"ENSG00000100298","APOBEC3H",3.4367819636269,4.30334853075375e-09
"ENSG00000100335","MIEF1",-0.100633520686176,0.244608076696248
"ENSG00000100344","PNPLA3",0.257888821491857,0.201198357960562
"ENSG00000100353","EIF3D",0.0869861014099107,0.276077147804651
"ENSG00000100380","ST13",0.0576846306592384,0.540326677568786
"ENSG00000100403","ZC3H7B",0.40550640397033,0.000112707091397458
"ENSG00000100410","PHF5A",-0.419727458213152,1.78538636445312e-05
"ENSG00000100413","POLR3H",0.227701474009153,0.0704071103940364
"ENSG00000100429","HDAC10",0.193151457964671,0.289966964443842
"ENSG00000100442","FKBP3",-0.264740237058619,0.00052832266931211
"ENSG00000100664","EIF5",-0.182665396956858,0.0389854192759365
"ENSG00000100722","ZC3H14",0.144192268201082,0.0253443465868175
"ENSG00000100767","PAPLN",0.123470957369421,0.62052908678796
"ENSG00000100823","APEX1",-0.146066542935839,0.206096135731747
"ENSG00000100852","ARHGAP5",-0.155692274770875,0.111077971006724
"ENSG00000100888","CHD8",0.384030780546657,2.95285458794611e-06
"ENSG00000100902","PSMA6",-0.022428871971235,0.937320010831021
"ENSG00000100982","PCIF1",-0.0873223084645999,0.604041613925669
"ENSG00000100983","GSS",0.241646471946646,0.00701415170318868
"ENSG00000101104","PABPC1L",0.353584850419069,0.0693160166861156
"ENSG00000101126","ADNP",-0.0850328560845078,0.488712458683545
"ENSG00000101132","PFDN4",0.125325506365503,0.248801535095346
"ENSG00000101146","RAE1",0.00423574263650483,0.977079174675777
"ENSG00000101166","PRELID3B",-0.231765982742305,0.0217069923483522
"ENSG00000101213","PTK6",0.127818782515215,0.592956209482975
"ENSG00000101220","ADISSP",-0.0751787748206777,0.640281767533758
"ENSG00000101246","ARFRP1",-0.574083438738544,7.60233999408271e-05
"ENSG00000101307","SIRPB1",-1.22824023164539,0.000230946403252551
"ENSG00000101361","NOP56",-0.322418017222603,9.90128931135095e-05
"ENSG00000101412","E2F1",-0.96713058926412,9.68733995248792e-10
"ENSG00000101443","WFDC2",0.0366833544172736,0.897523739897608
"ENSG00000101464","PIGU",-0.0618436820827248,0.719112850929735
"ENSG00000101557","USP14",-0.205118096840422,7.13433905945745e-05
"ENSG00000101608","MYL12A",-0.543417645880261,9.01763841848163e-13
"ENSG00000101752","MIB1",-0.0543426306961975,0.688957826714002
"ENSG00000101856","PGRMC1",0.306338788114905,0.000105451095117551
"ENSG00000101940","WDR13",-0.169740562258141,0.125742619233636
"ENSG00000101945","SUV39H1",-0.163388662407477,0.337598503198704
"ENSG00000101977","MCF2",0.137172740010901,0.593350299755964
"ENSG00000101986","ABCD1",1.10357925346214,0.000440816342763057
"ENSG00000102007","PLP2",-0.06391563213559,0.547716253492886
"ENSG00000102030","NAA10",-0.289734236012558,2.12183148951447e-05
"ENSG00000102103","PQBP1",0.185502367155427,0.112038994989929
"ENSG00000102172","SMS",-0.527028951849051,5.51525962638599e-09
"ENSG00000102178","UBL4A",-0.216533072741656,0.0202317616482379
"ENSG00000102390","PBDC1",0.037885601446813,0.77780335901002
"ENSG00000102393","GLA",0.677014767138411,5.2611055519646e-10
"ENSG00000102786","INTS6",0.0173997991263191,0.926412453373057
"ENSG00000102893","PHKB",-0.997855005982342,4.64414414318991e-24
"ENSG00000102901","CENPT",0.562010215318279,0.000158193965025532
"ENSG00000102921","N4BP1",0.068597073525609,0.573695426905408
"ENSG00000102978","POLR2C",0.0348441436252371,0.781837887131603
"ENSG00000102984","ZNF821",0.182160295451195,0.428824598685466
"ENSG00000103091","WDR59",-0.0397555875060772,0.819554202664525
"ENSG00000103121","CMC2",0.0522791419112462,0.675005624681773
"ENSG00000103174","NAGPA",0.253006726617402,0.0409819879008881
"ENSG00000103194","USP10",0.03757053299646,0.682282897590335
"ENSG00000103196","CRISPLD2",2.01236212160631,0.000838628061585242
"ENSG00000103197","TSC2",-0.068321564534815,0.606925378093303
"ENSG00000103254","ANTKMT",-0.502190875674463,0.00172518092149523
"ENSG00000103257","SLC7A5",-0.975421488883632,2.97516944811941e-09
"ENSG00000103275","UBE2I",-0.0130848666020701,0.929266891169019
"ENSG00000103423","DNAJA3",-0.0602317394068816,0.644198028204828
"ENSG00000103479","RBL2",-0.00238179106416162,0.990638814770773
"ENSG00000103510","KAT8",-0.214655817795036,0.135727448945072
"ENSG00000103522","IL21R",0.283806033503523,0.117658065849773
"ENSG00000103544","VPS35L",-0.377774216671137,0.000146605771639304
"ENSG00000103769","RAB11A",0.130338506062744,0.102475565547731
"ENSG00000103811","CTSH",0.0768402812797205,0.739209425703857
"ENSG00000104064","GABPB1",-0.161351329259386,0.204886469070485
"ENSG00000104219","ZDHHC2",-0.0942647658833579,0.680985227197405
"ENSG00000104325","DECR1",-0.0800012688973459,0.6125908768398
"ENSG00000104413","ESRP1",0.174046051812655,0.462666048093852
"ENSG00000104419","NDRG1",0.0318498384815555,0.908970173816647
"ENSG00000104472","CHRAC1",-0.16744497185188,0.029392132379984
"ENSG00000104517","UBR5",0.186044348288098,0.0658317021769285
"ENSG00000104626","ERI1",-0.511308711581065,5.09721940914275e-07
"ENSG00000104679","R3HCC1",0.449259149368323,1.67569053756466e-06
"ENSG00000104689","TNFRSF10A",0.00539635867575425,0.984750484296538
"ENSG00000104728","ARHGEF10",0.0167473547058784,0.949319429359801
"ENSG00000104738","MCM4",-0.221832706904776,0.00684266092215774
"ENSG00000104783","KCNN4",0.0789826944348304,0.508517313725858
"ENSG00000104823","ECH1",0.186363368797275,0.116715300411182
"ENSG00000104825","NFKBIB",0.0976433175854331,0.45253798708289
"ENSG00000104853","CLPTM1",0.416191323165683,0.000989888481539025
"ENSG00000104883","PEX11G",0.00492645698329872,0.986809117703374
"ENSG00000104886","PLEKHJ1",-0.269777379548441,0.01183713983682
"ENSG00000104897","SF3A2",0.581961908836283,1.78985151661672e-06
"ENSG00000104907","TRMT1",0.342230867523771,0.00426894022888424
"ENSG00000104969","SGTA",0.10357187369463,0.583902426180332
"ENSG00000104973","MED25",0.285958852870446,0.05807036982564
"ENSG00000105127","AKAP8",0.23277086593894,0.00661035627903398
"ENSG00000105171","POP4",0.139298180625877,0.212644124695103
"ENSG00000105176","URI1",-0.186380398023707,0.0677729373599327
"ENSG00000105185","PDCD5",0.0206839210471237,0.911066207019413
"ENSG00000105186","ANKRD27",-0.47186361138011,2.04421369931748e-05
"ENSG00000105202","FBL",-0.0445147938837236,0.776738350418848
"ENSG00000105223","PLD3",0.0285688949112537,0.91568315617158
"ENSG00000105246","EBI3",1.1120669876471,0.00307166105747399
"ENSG00000105248","YJU2",0.188571934222421,0.22163510646839
"ENSG00000105281","SLC1A5",-0.229176945950066,0.0679029990791218
"ENSG00000105287","PRKD2",1.2784687309807,1.67884721384285e-20
"ENSG00000105321","CCDC9",1.06198445999901,8.89627188456072e-07
"ENSG00000105327","BBC3",1.64440075348771,1.36879292662062e-28
"ENSG00000105339","DENND3",0.252253716083981,0.198785096821771
"ENSG00000105364","MRPL4",0.093847251318998,0.398757533014045
"ENSG00000105376","ICAM5",-0.115357474569961,0.649342502671874
"ENSG00000105379","ETFB",0.0988004060012576,0.392580945684461
"ENSG00000105397","TYK2",0.0662471162482046,0.555147879077437
"ENSG00000105426","PTPRS",0.050167120114361,0.863922361589493
"ENSG00000105427","CNFN",0.774334557460485,0.00817380973236655
"ENSG00000105568","PPP2R1A",0.110246540534805,0.27500077561328
"ENSG00000105613","MAST1",0.090433153015782,0.738207348876507
"ENSG00000105619","TFPT",0.435965067431866,0.000501031207427246
"ENSG00000105662","CRTC1",0.377297444943379,0.083425680424328
"ENSG00000105676","ARMC6",-0.00631485911356066,0.970504691957456
"ENSG00000105722","ERF",-0.12872620798006,0.454217502748058
"ENSG00000105767","CADM4",0.11390221597482,0.661405418427037
"ENSG00000105771","SMG9",0.273098860778582,0.0145406260439873
"ENSG00000105792","CFAP69",-0.72640389709188,0.0177827522526475
"ENSG00000105821","DNAJC2",-0.162332335203134,0.0287588957904295
"ENSG00000105849","POLR1F",-0.126946105781317,0.066569339523224
"ENSG00000105866","SP4",-0.290342546608221,0.0636915097072333
"ENSG00000105968","H2AZ2",-0.29703393641385,0.00258561220772589
"ENSG00000105971","CAV2",0.051136970469496,0.713066890974907
"ENSG00000105974","CAV1",-0.0931616800782073,0.577821306089137
"ENSG00000105993","DNAJB6",-0.520117083065317,3.24886106174671e-08
"ENSG00000106080","FKBP14",0.1145020128416,0.287819622132441
"ENSG00000106263","EIF3B",0.170700895859563,0.0485187865041102
"ENSG00000106266","SNX8",0.371704074489757,0.000443148200662112
"ENSG00000106305","AIMP2",0.0482226822030736,0.722216361377921
"ENSG00000106348","IMPDH1",0.19161647820278,0.101149282248247
"ENSG00000106399","RPA3",-0.366600997388874,0.00276559857830904
"ENSG00000106462","EZH2",-0.571760301921009,4.41446130801433e-10
"ENSG00000106537","TSPAN13",1.80470141920049,1.38557645822186e-05
"ENSG00000106571","GLI3",-0.0301045415971338,0.870086430302428
"ENSG00000106635","BCL7B",-0.0779911689531651,0.523996396768027
"ENSG00000106689","LHX2",-0.0170471421551793,0.949978684016346
"ENSG00000106714","CNTNAP3",-0.65802133080766,0.00636551523531045
"ENSG00000106772","PRUNE2",-0.073724764122531,0.773968524274801
"ENSG00000106829","TLE4",0.611441476016705,2.33719200095397e-06
"ENSG00000106868","SUSD1",1.25047820776725,0.000356269298594693
"ENSG00000106992","AK1",1.12372184113474,1.1659682063014e-13
"ENSG00000107187","LHX3",3.84857385510433,1.51864850613002e-07
"ENSG00000107281","NPDC1",-0.196588152729185,0.0951068848409176
"ENSG00000107371","EXOSC3",-0.186587281880481,0.117995246839528
"ENSG00000107438","PDLIM1",0.722654568414113,2.68941817100559e-10
"ENSG00000107537","PHYH",1.22377462072688,2.91335632609016e-14
"ENSG00000107614","TRDMT1",-0.477851953881354,0.000528296697156528
"ENSG00000107669","ATE1",-0.203076974796987,0.0271756890356562
"ENSG00000107679","PLEKHA1",0.427053154881602,1.76718701678153e-05
"ENSG00000107745","MICU1",-0.373037800589,9.02488719626072e-05
"ENSG00000107796","ACTA2",0.663443310029436,0.00322399120705082
"ENSG00000107798","LIPA",0.00671509418097283,0.974484838787931
"ENSG00000107816","LZTS2",0.561835609530833,4.17191084217787e-05
"ENSG00000107959","PITRM1",0.195729477786516,0.0464726284876325
"ENSG00000107960","STN1",-0.182530585097208,0.434262529051081
"ENSG00000107984","DKK1",0.375867582723881,0.157925531023443
"ENSG00000108021","TASOR2",0.329503343048303,0.00115747528434067
"ENSG00000108055","SMC3",-0.0307281730262434,0.827839327082405
"ENSG00000108064","TFAM",-0.233419609347024,0.0114470951415091
"ENSG00000108352","RAPGEFL1",-0.196708284550502,0.420360786334432
"ENSG00000108424","KPNB1",-0.283105792847903,2.35650614005261e-05
"ENSG00000108439","PNPO",0.141607686378952,0.21044161480365
"ENSG00000108559","NUP88",-0.122594139771496,0.163148922253241
"ENSG00000108582","CPD",-0.0687353881933756,0.606413240531664
"ENSG00000108592","FTSJ3",-0.0476138304616034,0.610625619393725
"ENSG00000108602","ALDH3A1",2.28374436534553,0.000192996590356893
"ENSG00000108654","DDX5",-0.231900075654544,0.000348351810517273
"ENSG00000108671","PSMD11",-0.0316164698439578,0.826370660350308
"ENSG00000108679","LGALS3BP",0.00811329638467757,0.969997817435269
"ENSG00000108819","PPP1R9B",0.366946113048104,0.00164757789055713
"ENSG00000108821","COL1A1",0.456037398567908,0.0501855516655746
"ENSG00000108829","LRRC59",-0.0266435661472236,0.844687850951902
"ENSG00000108840","HDAC5",0.609092605671295,0.00146023041959567
"ENSG00000108883","EFTUD2",-0.0666415212396665,0.388315760198903
"ENSG00000108947","EFNB3",0.135844191883756,0.517755119324813
"ENSG00000108953","YWHAE",-0.475214513941772,1.91694283833917e-07
"ENSG00000108984","MAP2K6",-1.40427689763975,2.15929756212503e-07
"ENSG00000109133","TMEM33",0.110296544006635,0.189908951244073
"ENSG00000109189","USP46",0.000393315569723591,0.998389822306488
"ENSG00000109323","MANBA",0.101033154923761,0.480908940699741
"ENSG00000109332","UBE2D3",-0.266820622966494,2.2979765108009e-05
"ENSG00000109339","MAPK10",-0.0527280692133588,0.85968088492396
"ENSG00000109472","CPE",0.274283859841468,0.109397462971926
"ENSG00000109519","GRPEL1",-0.0299124211896951,0.810410167625784
"ENSG00000109654","TRIM2",-0.11916209143646,0.538315751605633
"ENSG00000109756","RAPGEF2",0.069283461528119,0.704635448807688
"ENSG00000109814","UGDH",1.12455299147436,1.07572533107046e-28
"ENSG00000109971","HSPA8",0.139427356168052,0.197704626481362
"ENSG00000110011","DNAJC4",0.488688192304033,0.0050737246081766
"ENSG00000110013","SIAE",0.189471932349914,0.312731526995849
"ENSG00000110046","ATG2A",0.789470519776649,4.25471600378889e-08
"ENSG00000110060","PUS3",-0.246906971542692,0.00767775734888503
"ENSG00000110108","TMEM109",-0.00936199212171472,0.947204247041109
"ENSG00000110171","TRIM3",0.422004708624043,0.0264993923268034
"ENSG00000110237","ARHGEF17",-0.19566450091607,0.184465751631271
"ENSG00000110274","CEP164",0.518940294722826,2.04970097474344e-07
"ENSG00000110367","DDX6",0.00631697280932159,0.959207438940967
"ENSG00000110619","CARS1",-0.54718315737367,4.71855937906136e-06
"ENSG00000110713","NUP98",0.284999523695108,0.00079516385996877
"ENSG00000110719","TCIRG1",-0.0347387572870587,0.910329662519814
"ENSG00000110721","CHKA",0.0492336141786852,0.79833237090419
"ENSG00000110756","HPS5",0.142867786138891,0.218020718336959
"ENSG00000110852","CLEC2B",2.12491136915938,7.83660888997986e-07
"ENSG00000110906","KCTD10",0.000897694359754777,0.996024508870872
"ENSG00000111142","METAP2",-0.0885332783789569,0.185527402894034
"ENSG00000111144","LTA4H",0.458385494760646,1.13757155395549e-05
"ENSG00000111196","MAGOHB",-0.285811441866882,0.00434201605844509
"ENSG00000111271","ACAD10",-0.952555782482753,4.14665002322713e-06
"ENSG00000111275","ALDH2",-0.12755300974226,0.478291388019185
"ENSG00000111331","OAS3",0.355631205179257,0.00198593916457669
"ENSG00000111371","SLC38A1",-0.142118156697424,0.446361818955889
"ENSG00000111540","RAB5B",0.254269176047641,0.0332079115603027
"ENSG00000111581","NUP107",0.00244256832241173,0.986809117703374
"ENSG00000111605","CPSF6",-0.514601132300857,9.38389507034438e-11
"ENSG00000111653","ING4",0.0360314570299686,0.892320082624818
"ENSG00000111669","TPI1",-0.0205740948895916,0.870223825058881
"ENSG00000111679","PTPN6",0.336039951496898,0.198629932365491
"ENSG00000111696","NT5DC3",-0.126007677694003,0.396694555259995
"ENSG00000111725","PRKAB1",0.167086214278867,0.283814943028921
"ENSG00000111737","RAB35",-0.120687680430283,0.286826189501244
"ENSG00000111802","TDP2",-0.333731184807455,0.00588957680548086
"ENSG00000111816","FRK",-0.0393849411655475,0.892320082624818
"ENSG00000111845","PAK1IP1",-0.291897854538935,0.000753713720962878
"ENSG00000111860","CEP85L",0.115331282200175,0.362677668133853
"ENSG00000111879","FAM184A",-0.483457809056658,0.0960976964755357
"ENSG00000111897","SERINC1",0.117265528599211,0.370784327363957
"ENSG00000111912","NCOA7",0.247487337362042,0.10431949376986
"ENSG00000112096",NA,0.213487079340889,0.184465887740384
"ENSG00000112118","MCM3",-0.985467408896809,6.28437799867068e-26
"ENSG00000112294","ALDH5A1",0.118841352871286,0.625555573987464
"ENSG00000112299","VNN1",-0.0379629432870272,0.894882297594385
"ENSG00000112531","QKI",-0.0468996239886575,0.663692134330086
"ENSG00000112578","BYSL",0.297782379514973,0.000388723556678317
"ENSG00000112695","COX7A2",-0.103894142286314,0.446568571617221
"ENSG00000112697","TMEM30A",-0.244954021977057,0.00176418654582131
"ENSG00000112699","GMDS",-1.82911786827806,1.00773314179727e-32
"ENSG00000112739","PRP4K",-0.564104073954133,6.43208405432346e-11
"ENSG00000112787","FBRSL1",0.145683028856361,0.272440368419027
"ENSG00000112996","MRPS30",-0.0495435904665219,0.625023444015189
"ENSG00000113163","CERT1",-0.200530723568726,0.017240079283002
"ENSG00000113240","CLK4",-0.00571642101126219,0.982088612303096
"ENSG00000113272","THG1L",0.269976018670206,0.00178539711280928
"ENSG00000113356","POLR3G",-0.236717038680844,0.0431980809412814
"ENSG00000113368","LMNB1",-0.744904282627802,1.34434688901204e-11
"ENSG00000113389","NPR3",1.97874673569507,0.00116203678930698
"ENSG00000113407","TARS1",-0.347447878516966,2.62658574254752e-06
"ENSG00000113552","GNPDA1",-0.0567545859470421,0.65469544149878
"ENSG00000113555","PCDH12",1.07413432797555,0.0129089105558443
"ENSG00000113569","NUP155",-0.0230819350095099,0.874509968650516
"ENSG00000113575","PPP2CA",-0.0855031677583985,0.55441566840174
"ENSG00000113597","TRAPPC13",-0.271207784316416,0.107750358605353
"ENSG00000113621","TXNDC15",0.193047710177315,0.0739911339831685
"ENSG00000113649","TCERG1",-0.351026008555818,0.000191903859949599
"ENSG00000113657","DPYSL3",0.196700575732941,0.0434840182462705
"ENSG00000113719","ERGIC1",-0.72352015749158,1.5590659153732e-24
"ENSG00000113734","BNIP1",-0.281388941064524,0.0359012315345959
"ENSG00000113739","STC2",0.302936330961009,0.141722510247227
"ENSG00000114026","OGG1",-0.0237162012655627,0.895934114465708
"ENSG00000114107","CEP70",-0.629981437734911,2.69548858280224e-06
"ENSG00000114126","TFDP2",0.271648940515048,0.000531626968797612
"ENSG00000114383","TUSC2",0.106698104079299,0.3006950000218
"ENSG00000114416","FXR1",0.272800056235946,0.00667292973094482
"ENSG00000114450","GNB4",0.0320010154048058,0.796142261527894
"ENSG00000114573","ATP6V1A",0.255774058807002,0.000690412037876548
"ENSG00000114626","ABTB1",-0.269461133720099,0.0575656641986023
"ENSG00000114686","MRPL3",-0.250128625888802,0.00150173906503257
"ENSG00000114739","ACVR2B",-0.198437511566006,0.257437895322316
"ENSG00000114770","ABCC5",0.264771091889018,0.00721115091513405
"ENSG00000114857","NKTR",0.264045025333984,0.023089608125939
"ENSG00000114904","NEK4",0.123770357139413,0.411691657481881
"ENSG00000115041","KCNIP3",-0.106059358375553,0.660900190037397
"ENSG00000115053","NCL",-0.247885442491821,0.0136279181654661
"ENSG00000115107","STEAP3",-0.140251126269718,0.262865886848907
"ENSG00000115221","ITGB6",-0.113918857294676,0.639738913952089
"ENSG00000115255","REEP6",0.370851856491339,0.132839027183117
"ENSG00000115307","AUP1",0.511241268497783,2.78657350427797e-14
"ENSG00000115310","RTN4",-0.503068754864036,5.56574740367795e-11
"ENSG00000115317","HTRA2",0.105564415792856,0.388315760198903
"ENSG00000115318","LOXL3",-0.421606033861732,0.00264010762778021
"ENSG00000115392","FANCL",-0.116712599464399,0.326154233062978
"ENSG00000115414","FN1",0.0830467840263648,0.688368548909523
"ENSG00000115415","STAT1",0.408834055769419,1.45786955446582e-07
"ENSG00000115484","CCT4",0.0330113797033137,0.79459131504218
"ENSG00000115504","EHBP1",-0.679785363464054,3.28719142200078e-11
"ENSG00000115525","ST3GAL5",-0.00620069627443015,0.98372573864358
"ENSG00000115604","IL18R1",-0.153941329846492,0.517430199624385
"ENSG00000115685","PPP1R7",-0.106137013038954,0.206928556061665
"ENSG00000115750","TAF1B",-0.397620297645228,0.000102888321793294
"ENSG00000115761","NOL10",-0.0811125377742694,0.367501724972155
"ENSG00000115828","QPCT",0.0818652936625999,0.745905403194778
"ENSG00000115866","DARS1",-0.444904732810477,2.81954847935801e-10
"ENSG00000115919","KYNU",3.35344353532522,1.42513370594035e-18
"ENSG00000115942","ORC2",0.0764865324881725,0.479117007588744
"ENSG00000116017","ARID3A",0.817884067022982,1.16202451477237e-06
"ENSG00000116062","MSH6",-0.456966697033602,2.08713830709822e-13
"ENSG00000116120","FARSB",-0.36651245899353,3.18061040903402e-05
"ENSG00000116128","BCL9",-0.127966995354534,0.494172463954785
"ENSG00000116133","DHCR24",-0.350722808367688,0.0033762240088423
"ENSG00000116171","SCP2",-0.0358756533563766,0.848056758130313
"ENSG00000116213","WRAP73",-0.102296971073544,0.474046402914194
"ENSG00000116237","ICMT",-0.170431625035073,0.0527879955331561
"ENSG00000116478","HDAC1",0.0944019323226194,0.154092527545561
"ENSG00000116649","SRM",-0.0897691116641731,0.523612244745755
"ENSG00000116661","FBXO2",0.826191878906906,0.0270971171501278
"ENSG00000116663","FBXO6",0.978779659090533,0.000683715460976244
"ENSG00000116691","MIIP",0.350973350439657,0.0182897722976711
"ENSG00000116741","RGS2",1.4614143389569,5.17453346602015e-09
"ENSG00000116857","TMEM9",0.20481598850446,0.0706988208781456
"ENSG00000116962","NID1",-0.540632543194374,5.10115001484376e-05
"ENSG00000117016","RIMS3",-0.0268017607411245,0.932458738119919
"ENSG00000117115","PADI2",0.0499640676699742,0.855015656403556
"ENSG00000117133","RPF1",0.0305124790292958,0.807647070926181
"ENSG00000117139","KDM5B",0.752397713685472,4.4243196106216e-11
"ENSG00000117143","UAP1",-0.274486631789304,0.0283727179276922
"ENSG00000117151","CTBS",-0.023291041956652,0.935808696940338
"ENSG00000117155","SSX2IP",-0.114235365843957,0.300095151285506
"ENSG00000117222","RBBP5",0.166406162435966,0.0894000135047642
"ENSG00000117394","SLC2A1",0.581786217288674,8.1130822690299e-07
"ENSG00000117395","EBNA1BP2",-0.312047687574037,9.48280311322979e-06
"ENSG00000117399","CDC20",-0.24169960565793,0.0554413590254092
"ENSG00000117410","ATP6V0B",0.405707248388195,5.93296872137759e-05
"ENSG00000117411","B4GALT2",-0.228948705614638,0.00247051904177742
"ENSG00000117477","CCDC181",-0.140645540472407,0.483086807327943
"ENSG00000117569","PTBP2",-0.373691565732844,0.0209603160961319
"ENSG00000117595","IRF6",0.044242028544205,0.87762968651436
"ENSG00000117616","RSRP1",-0.472361016298172,0.00377404341055726
"ENSG00000117877","POLR1G",0.0367157347049302,0.83326133184529
"ENSG00000118246","FASTKD2",0.0733499637675918,0.568358767688672
"ENSG00000118257","NRP2",-0.823664388984398,1.5568576161054e-07
"ENSG00000118260","CREB1",-0.514219913510753,1.71775967333785e-09
"ENSG00000118508","RAB32",0.118103183763916,0.420360786334432
"ENSG00000118690","ARMC2",-0.207780813590136,0.399346989970541
"ENSG00000118707","TGIF2",0.0170628834445993,0.933945694735632
"ENSG00000118762","PKD2",-0.809909108404677,2.99582144022822e-12
"ENSG00000118873","RAB3GAP2",-0.310946521025708,0.000887813222390103
"ENSG00000119125","GDA",-0.029072890856127,0.922198695948788
"ENSG00000119139","TJP2",0.396554681033349,0.0959840832292526
"ENSG00000119185","ITGB1BP1",-0.13202617568247,0.269813857265027
"ENSG00000119280","C1orf198",0.0117132933207385,0.957881392219525
"ENSG00000119326","CTNNAL1",-0.722071164518336,8.39359555293761e-12
"ENSG00000119333","DYNC2I2",0.450625022432994,1.71184931164461e-05
"ENSG00000119383","PTPA",0.0957752621257818,0.432469812871022
"ENSG00000119403","PHF19",-0.394796235597902,0.000429922809748262
"ENSG00000119471","HSDL2",0.587310684104964,2.14144954707357e-13
"ENSG00000119616","FCF1",-0.253610039658371,4.19702626308942e-06
"ENSG00000119638","NEK9",-0.0988481204565478,0.475441128546623
"ENSG00000119650","IFT43",-0.20221322346952,0.212739378574067
"ENSG00000119689","DLST",-0.210539183693198,0.0214780057309257
"ENSG00000119711","ALDH6A1",-0.234868272718915,0.257309379586265
"ENSG00000119714","GPR68",-0.069461545808897,0.79649693897331
"ENSG00000119718","EIF2B2",0.0184519430354856,0.914284211999347
"ENSG00000119723","COQ6",0.149809722748465,0.27500077561328
"ENSG00000119801","YPEL5",0.398543412495513,0.00601599683777532
"ENSG00000119888","EPCAM",-0.109267375272929,0.651312334940081
"ENSG00000119900","OGFRL1",0.0834857503691017,0.515069715463617
"ENSG00000120008","WDR11",-0.14470123612365,0.334250937955128
"ENSG00000120071","KANSL1",0.235059526581186,0.0603577716418507
"ENSG00000120253","NUP43",-0.120026173816485,0.24279607258394
"ENSG00000120254","MTHFD1L",-0.150315641452057,0.116400532512262
"ENSG00000120256","LRP11",0.00350667326389947,0.990297735545219
"ENSG00000120594","PLXDC2",-0.170371920129097,0.47707788302049
"ENSG00000120699","EXOSC8",-0.432254895070652,7.76413352963701e-05
"ENSG00000120705","ETF1",-0.181944745182612,0.00367544610609953
"ENSG00000120733","KDM3B",0.333090871772946,0.00412758988682323
"ENSG00000120742","SERP1",-0.167350332296038,0.0161502037692057
"ENSG00000120868","APAF1",0.66900816597193,1.1098064661559e-07
"ENSG00000120885","CLU",1.42389896800398,5.92975179384031e-34
"ENSG00000120889","TNFRSF10B",-0.0369171518572895,0.780964732795446
"ENSG00000120899","PTK2B",-0.589463368552266,0.0488405324815889
"ENSG00000120913","PDLIM2",0.0168210625489499,0.948829136751827
"ENSG00000120942","UBIAD1",-0.226320774520735,0.0188508367390784
"ENSG00000121064","SCPEP1",0.426642319118902,0.0120975822924498
"ENSG00000121073","SLC35B1",-0.00873297517104274,0.952386722367914
"ENSG00000121281","ADCY7",0.00194540342317882,0.991432830253592
"ENSG00000121289","CEP89",-0.408014382191204,0.000280928420081321
"ENSG00000121310","ECHDC2",-0.0318922003692141,0.914414925102155
"ENSG00000121579","NAA50",0.120605371526374,0.123195406471204
"ENSG00000121741","ZMYM2",0.240612393480487,0.0370320170875318
"ENSG00000121858","TNFSF10",0.104107782032687,0.673871147168148
"ENSG00000121892","PDS5A",0.0206567953162229,0.825051552723814
"ENSG00000121900","TMEM54",0.0518069812061487,0.751247995135457
"ENSG00000121903","ZSCAN20",0.13314482049549,0.565338290058572
"ENSG00000122034","GTF3A",-0.107817512095452,0.38845696432661
"ENSG00000122140","MRPS2",0.130827392784006,0.141341052370167
"ENSG00000122376","SHLD2",-0.351357625239232,0.000119793231374467
"ENSG00000122386","ZNF205",0.279801416124686,0.133892359337799
"ENSG00000122420","PTGFR",-0.216013962445605,0.270162071156509
"ENSG00000122705","CLTA",0.142789667608946,0.0356749141720938
"ENSG00000122707","RECK",0.0321930623745036,0.898480510156678
"ENSG00000122729","ACO1",0.0868092397181968,0.428371800739039
"ENSG00000122741","DCAF10",-0.494809272249875,4.10252613567463e-05
"ENSG00000122783","CYREN",0.0562839543803335,0.727580486358017
"ENSG00000122786","CALD1",-0.43886493428067,7.97226152746911e-06
"ENSG00000122884","P4HA1",0.240843567645329,0.0547213228741607
"ENSG00000122952","ZWINT",0.409447339905245,0.000201573219962641
"ENSG00000122965","RBM19",0.0462898758770915,0.78482028499473
"ENSG00000122971","ACADS",-0.056217392389921,0.814759077509514
"ENSG00000123136","DDX39A",-0.0528085811502606,0.68170670761512
"ENSG00000123144","TRIR",0.137351211400398,0.114886618572185
"ENSG00000123191","ATP7B",-0.177157818322801,0.479712720311459
"ENSG00000123213","NLN",-0.120677918088593,0.219598623327543
"ENSG00000123240","OPTN",0.133814874649664,0.372182729523819
"ENSG00000123505","AMD1",-0.315206908607989,6.4336752892943e-08
"ENSG00000123545","NDUFAF4",-0.0494238532695754,0.734262479910454
"ENSG00000123575","FAM199X",-0.124026767938115,0.286641352757567
"ENSG00000123737","EXOSC9",-0.161146407220839,0.0722994472093722
"ENSG00000123933","MXD4",0.955984743086996,2.44937014667861e-07
"ENSG00000124006","OBSL1",0.196469415146376,0.0717658130090093
"ENSG00000124116","WFDC3",0.463548608565828,0.0491691302167468
"ENSG00000124226","RNF114",0.436839314778229,3.76948490342625e-05
"ENSG00000124313","IQSEC2",-0.0559844163353068,0.825663198220505
"ENSG00000124356","STAMBP",0.222143199021171,0.0233776929857304
"ENSG00000124508","BTN2A2",-0.0407785783834312,0.879221768413077
"ENSG00000124523","SIRT5",-0.0723845080263997,0.617660094430914
"ENSG00000124541","RRP36",0.0402864078223135,0.713047190066842
"ENSG00000124562","SNRPC",-0.0224834342333868,0.808181665819497
"ENSG00000124574","ABCC10",-0.0165232167572293,0.94728286932454
"ENSG00000124784","RIOK1",-0.045888054576849,0.625389123745233
"ENSG00000124789","NUP153",0.0587122252830112,0.641982740064938
"ENSG00000124795","DEK",-0.198721920859726,0.0264143838896812
"ENSG00000124802","EEF1E1",-0.281058023879417,0.0157188587521136
"ENSG00000124831","LRRFIP1",-0.366285236159181,2.31729186770083e-07
"ENSG00000125046","SSUH2",-0.0495522567900538,0.867712036486042
"ENSG00000125246","CLYBL",-1.95708853252649,0.00143969157508795
"ENSG00000125354","SEPTIN6",-0.762027578134274,2.70866401625403e-05
"ENSG00000125454","SLC25A19",0.331664958656319,0.00913665469401521
"ENSG00000125459","MSTO1",-0.280643427445401,0.0779591151862103
"ENSG00000125484","GTF3C4",0.130125687085375,0.134126515448012
"ENSG00000125656","CLPP",0.146380843213494,0.109960356131587
"ENSG00000125730","C3",0.0652687198062593,0.821915492604163
"ENSG00000125735","TNFSF14",-0.0122645500466111,0.966728038381653
"ENSG00000125746","EML2",0.0880901616725825,0.625808159156696
"ENSG00000125753","VASP",0.0558396703616852,0.676768245153095
"ENSG00000125817","CENPB",-0.208889738571514,0.0214595109889966
"ENSG00000125835","SNRPB",-0.100782518528353,0.34805508543889
"ENSG00000125870","SNRPB2",-0.0618588777062249,0.62027454102075
"ENSG00000125898","FAM110A",0.140832557092298,0.427763083464515
"ENSG00000125901","MRPS26",-0.060667817404596,0.656460380240591
"ENSG00000125967","NECAB3",0.461287118633196,0.00901408229758692
"ENSG00000125977","EIF2S2",-0.374286626798344,1.12392751593293e-08
"ENSG00000125995","ROMO1",-0.0348150549773391,0.849320712059906
"ENSG00000126001","CEP250",0.263945547599913,0.0333461240593057
"ENSG00000126249","PDCD2L",0.322107676803489,0.00519467878652684
"ENSG00000126254","RBM42",0.405328044393328,4.97728755051996e-06
"ENSG00000126391","FRMD8",0.512582607197651,0.000106794401112728
"ENSG00000126457","PRMT1",-0.417375310072747,3.95891136220278e-05
"ENSG00000126524","SBDS",0.237425090412737,0.0176964812422813
"ENSG00000126561","STAT5A",0.243867373548889,0.288844267506856
"ENSG00000126562","WNK4",-0.841684900316315,6.95351411581199e-06
"ENSG00000126581","BECN1",-0.107896190065579,0.207145276672744
"ENSG00000126870","DYNC2I1",-0.126028927714855,0.421917719333063
"ENSG00000127184","COX7C",-0.514845802878599,8.16158493810799e-07
"ENSG00000127191","TRAF2",-0.0917874426707928,0.644353405213266
"ENSG00000127252","PLAAT1",-0.0898481790046801,0.708480707705948
"ENSG00000127337","YEATS4",-0.101171348255021,0.466340818513389
"ENSG00000127399","LRRC61",-0.02036566718813,0.94186622791049
"ENSG00000127418","FGFRL1",-0.148724857447375,0.199324456497899
"ENSG00000127419","TMEM175",0.0763980719411586,0.713980466088311
"ENSG00000127507","ADGRE2",0.122984049405772,0.62832735796114
"ENSG00000127511","SIN3B",0.54871563438455,1.12636733506448e-08
"ENSG00000127580","WDR24",0.210468445725298,0.301620262095433
"ENSG00000127663","KDM4B",0.92608718173107,3.13048150683203e-13
"ENSG00000127774","EMC6",-0.00591250852081189,0.961779704920948
"ENSG00000127870","RNF6",0.0678871532116029,0.641584110009976
"ENSG00000127914","AKAP9",0.271090911274439,0.00512805759226206
"ENSG00000127948","POR",0.479635113327676,2.4211190490932e-06
"ENSG00000127955","GNAI1",1.09317314933243,2.17588255829194e-21
"ENSG00000127980","PEX1",0.0281025697221682,0.914284211999347
"ENSG00000128228","SDF2L1",0.207146899417374,0.124090023097715
"ENSG00000128245","YWHAH",-0.227849635187509,0.0179040622227208
"ENSG00000128272","ATF4",-0.892878564667048,8.12348681887159e-14
"ENSG00000128283","CDC42EP1",0.11469660729799,0.44973104214099
"ENSG00000128311","TST",1.21475403178068,3.84571305566734e-16
"ENSG00000128524","ATP6V1F",0.587315785901953,1.90591858129245e-14
"ENSG00000128872","TMOD2",0.0551339048646668,0.854894539313212
"ENSG00000128908","INO80",0.0484720084478072,0.754082086760127
"ENSG00000128918","ALDH1A2",-0.130554877233078,0.569234933362407
"ENSG00000128951","DUT",-0.795190235501661,5.40053577386515e-17
"ENSG00000129084","PSMA1",-0.198443958395046,0.0408540346687396
"ENSG00000129116","PALLD",0.865864942904324,1.1455874439365e-17
"ENSG00000129128","SPCS3",-0.0143272092741013,0.923860114211961
"ENSG00000129219","PLD2",-0.0829174391132142,0.734626210285258
"ENSG00000129255","MPDU1",0.0459015378978204,0.773584839155454
"ENSG00000129472","RAB2B",0.167732816637973,0.16360110172701
"ENSG00000129473","BCL2L2",-0.111725942166466,0.535984021882299
"ENSG00000129514","FOXA1",0.337249680145538,0.116488178313173
"ENSG00000129535","NRL",-0.00240884229934311,0.993738353677957
"ENSG00000129625","REEP5",0.437672960433085,3.858623379371e-10
"ENSG00000129636","ITFG1",-0.346120053037679,0.000348351810517273
"ENSG00000129680","MAP7D3",0.104317615803868,0.209640370100243
"ENSG00000129911","KLF16",0.034921251366834,0.869545075621763
"ENSG00000129932","DOHH",0.225023929305292,0.2100192582432
"ENSG00000129933","MAU2",0.247572296857648,0.0167248799714353
"ENSG00000130158","DOCK6",0.414166805861889,0.047795068809127
"ENSG00000130159","ECSIT",-0.0365851849690787,0.830536615283108
"ENSG00000130177","CDC16",-0.113317381777035,0.130738223351234
"ENSG00000130204","TOMM40",-0.075448051694091,0.586620562062183
"ENSG00000130305","NSUN5",0.715784997147897,2.52071850808036e-13
"ENSG00000130396","AFDN",-0.343311259158703,0.000112855498770512
"ENSG00000130479","MAP1S",0.238334882022071,0.0659154157234143
"ENSG00000130517","PGPEP1",1.01109470262542,1.12392751593293e-08
"ENSG00000130529","TRPM4",-0.199034829053038,0.30581725558346
"ENSG00000130584","ZBTB46",0.007424540556671,0.978571047739406
"ENSG00000130589","HELZ2",0.933513695076379,2.39624999376964e-10
"ENSG00000130592","LSP1",-0.685237695678629,0.0425014411144118
"ENSG00000130684","ZNF337",0.624990806235217,5.0904491702579e-07
"ENSG00000130695","CEP85",-0.236903531818335,0.122304124459842
"ENSG00000130702","LAMA5",-0.34419466871618,0.0247249543033873
"ENSG00000130706","ADRM1",0.324522036620678,6.60155096497355e-05
"ENSG00000130707","ASS1",-0.0218790691819062,0.938743737635516
"ENSG00000130725","UBE2M",0.20053041198633,0.0317875749637706
"ENSG00000130758","MAP3K10",0.109512174684994,0.656580625591765
"ENSG00000130768","SMPDL3B",0.408119796860279,0.115704413442142
"ENSG00000130810","PPAN",-0.0706487388381616,0.643201963210573
"ENSG00000130818","ZNF426",0.323565557361573,0.0195032733901401
"ENSG00000130821","SLC6A8",1.20131760101229,4.10091857900226e-16
"ENSG00000130827","PLXNA3",0.933066592799458,1.60603445703034e-07
"ENSG00000130940","CASZ1",-0.0650619729825527,0.823294956585793
"ENSG00000130958","SLC35D2",-0.0341374925304416,0.863574884780608
"ENSG00000131037","EPS8L1",0.648691985915416,0.00455971898049561
"ENSG00000131043","AAR2",0.079473883840997,0.533604094828904
"ENSG00000131067","GGT7",-0.00533038872051806,0.984885672168563
"ENSG00000131100","ATP6V1E1",0.276387089342523,0.000135591320412377
"ENSG00000131148","EMC8",-0.0566956008770642,0.647207747521062
"ENSG00000131171","SH3BGRL",-0.309320485379072,0.0158707801774323
"ENSG00000131238","PPT1",0.151541245685502,0.182053732951348
"ENSG00000131368","MRPS25",-0.215823819969942,0.133941640380869
"ENSG00000131467","PSME3",0.00106872337008391,0.993857665224492
"ENSG00000131495","NDUFA2",-0.0394268234539263,0.838302905617204
"ENSG00000131584","ACAP3",-0.0749947903803571,0.717343150725146
"ENSG00000131724","IL13RA1",0.0379465282140846,0.783690023227138
"ENSG00000131797",NA,-0.431172379826641,0.0955026407156281
"ENSG00000131876","SNRPA1",0.538606539853612,4.09019972508826e-08
"ENSG00000131941","RHPN2",0.0376342192419138,0.881381915672668
"ENSG00000131981","LGALS3",0.0257116478226488,0.895835064017822
"ENSG00000132000","PODNL1",1.26545839263732,8.93652344512151e-05
"ENSG00000132153","DHX30",0.249306647279336,0.000525546030625985
"ENSG00000132256","TRIM5",0.798522343863313,7.4743069203143e-13
"ENSG00000132274","TRIM22",1.28958987113729,8.72709973031748e-12
"ENSG00000132329","RAMP1",0.0211211249159464,0.939315407365784
"ENSG00000132341","RAN",-0.365512130597244,0.000387504214029668
"ENSG00000132356","PRKAA1",0.094131717354977,0.459407730157334
"ENSG00000132361","CLUH",0.0867967619894497,0.550360673951223
"ENSG00000132386","SERPINF1",-0.168253644997767,0.503114107828823
"ENSG00000132394","EEFSEC",-0.858823711545522,3.78681373105143e-07
"ENSG00000132429","POPDC3",-0.326517056416045,0.0113970063713195
"ENSG00000132436","FIGNL1",-0.276876399510942,0.00859740281923008
"ENSG00000132471","WBP2",0.337611244568561,0.00131919475945099
"ENSG00000132475","H3-3B",-0.374003033323486,1.55062361710009e-10
"ENSG00000132507","EIF5A",-0.328209165155008,0.00626951912635338
"ENSG00000132541","RIDA",-0.201552567875843,0.206291318223357
"ENSG00000132661","NXT1",-0.418181157288602,0.00051563467465864
"ENSG00000132670","PTPRA",-0.379803717882631,0.00210390322764663
"ENSG00000132680","KHDC4",-0.0611241626256717,0.724116504072411
"ENSG00000132773","TOE1",-0.458883449306652,0.000112549876400832
"ENSG00000132792","CTNNBL1",-0.293805082509136,0.00022844644970425
"ENSG00000132793","LPIN3",0.861969331043795,0.0224893822611454
"ENSG00000132801","ZSWIM3",0.233610439736947,0.209647962258853
"ENSG00000132849","PATJ",-0.0502327138792673,0.869363490047004
"ENSG00000132879","FBXO44",1.29089527859414,0.00410274763842343
"ENSG00000133065","SLC41A1",0.361318846094825,0.00285783790882271
"ENSG00000133101","CCNA1",0.168200858994182,0.451010420531541
"ENSG00000133243","BTBD2",-0.161786087120077,0.255792766776588
"ENSG00000133313","CNDP2",-0.51059909905579,2.91419461334594e-08
"ENSG00000133316","WDR74",-0.264700213277953,0.00745278465284281
"ENSG00000133460","SLC2A11",0.0516119324585089,0.841435487716955
"ENSG00000133477","FAM83F",0.122119316858098,0.610838514938437
"ENSG00000133597","ADCK2",0.407126890801054,7.64108440075765e-05
"ENSG00000133710","SPINK5",0.042875503089214,0.878744141517416
"ENSG00000133835","HSD17B4",-0.431655874041462,7.28532663784979e-05
"ENSG00000133961","NUMB",-0.128724351356239,0.161542152329282
"ENSG00000134001","EIF2S1",-0.090049480787639,0.228052152429212
"ENSG00000134070","IRAK2",0.176524562507258,0.40139869482138
"ENSG00000134086","VHL",-0.140572336440573,0.240417233416962
"ENSG00000134109","EDEM1",-0.0462231950006275,0.790862750455367
"ENSG00000134152","KATNBL1",0.0804034334131092,0.450043597724683
"ENSG00000134243","SORT1",-0.630574024700536,0.000255665438925248
"ENSG00000134283","PPHLN1",0.0552329858134051,0.608977821413274
"ENSG00000134285","FKBP11",0.0353909112664822,0.89321530089423
"ENSG00000134339","SAA2",-0.0641184140180452,0.81740485317854
"ENSG00000134444","RELCH",0.0674422101060986,0.716919499689335
"ENSG00000134575","ACP2",0.334247968544602,0.0152446895645092
"ENSG00000134644","PUM1",0.109646030699537,0.26061829245679
"ENSG00000134758","RNF138",-0.130618027576491,0.323542010435737
"ENSG00000134762","DSC3",-0.214139111096056,0.362781055537825
"ENSG00000134802","SLC43A3",-0.379637004024369,0.00330835653208446
"ENSG00000134815","DHX34",0.750198351444371,1.23188404218755e-07
"ENSG00000134852","CLOCK",-0.153650253720297,0.0711801634053248
"ENSG00000134899","ERCC5",-0.0136811266597773,0.96250830185332
"ENSG00000134910","STT3A",-0.0839890781523769,0.396325458166007
"ENSG00000134970","TMED7",-0.157339521518856,0.132839027183117
"ENSG00000135002","RFK",0.0539670131433955,0.712961498316301
"ENSG00000135018","UBQLN1",0.0568756503415578,0.498592339177978
"ENSG00000135048","CEMIP2",0.149590843323033,0.288196633079663
"ENSG00000135127","BICDL1",0.00547562261727894,0.984575850795219
"ENSG00000135205","CCDC146",-0.0827504691791382,0.76595288819029
"ENSG00000135269","TES",0.349801480250778,0.000631312024933784
"ENSG00000135316","SYNCRIP",-0.282153401109605,0.00019439117551803
"ENSG00000135334","AKIRIN2",-0.226635887581113,0.035094956718874
"ENSG00000135365","PHF21A",0.132453003183711,0.445411690432771
"ENSG00000135372","NAT10",0.0225143424738418,0.839455468903372
"ENSG00000135373","EHF",1.45910076093972,0.00267567835111549
"ENSG00000135423","GLS2",0.112150952436994,0.635928544027945
"ENSG00000135486","HNRNPA1",-0.0593573058028032,0.586620562062183
"ENSG00000135503","ACVR1B",0.0862579298838185,0.622279646069314
"ENSG00000135521","LTV1",-0.0498724929103251,0.612209332633938
"ENSG00000135535","CD164",0.0748088047281069,0.464252048675375
"ENSG00000135624","CCT7",-0.0300844782441982,0.755404688932866
"ENSG00000135632","SMYD5",0.233325654581652,0.0558812810545402
"ENSG00000135677","GNS",0.010172665019375,0.94401497179906
"ENSG00000135679","MDM2",1.17782783353039,9.19786633011308e-17
"ENSG00000135686","KLHL36",0.093260407341227,0.432929148591971
"ENSG00000135720","DYNC1LI2",-0.0707607932803596,0.374803160217522
"ENSG00000135740","SLC9A5",0.222697341414728,0.360557180011181
"ENSG00000135749","PCNX2",-0.0351424062737137,0.871714699107451
"ENSG00000135766","EGLN1",0.114852357576938,0.658611689489778
"ENSG00000135778","NTPCR",0.263125311719863,0.0416816175334216
"ENSG00000135823","STX6",0.394750896579205,0.000219229902695862
"ENSG00000135845","PIGC",0.158802772608155,0.233622504631779
"ENSG00000135862","LAMC1",-0.421151721584611,4.15818410934594e-05
"ENSG00000135916","ITM2C",0.452077738540457,0.00348065954242014
"ENSG00000135932","CAB39",0.37318852435193,2.58240295503192e-05
"ENSG00000135974","C2orf49",0.186245154603577,0.163245473276504
"ENSG00000135976","ANKRD36",-0.300478279420474,0.125870906178034
"ENSG00000136003","ISCU",0.961656613241499,4.56423922258971e-25
"ENSG00000136270","TBRG4",0.182998240117452,0.0565188161944648
"ENSG00000136319","TTC5",0.047137880130059,0.802826361945534
"ENSG00000136378","ADAMTS7",0.29885594881701,0.242629359036649
"ENSG00000136444","RSAD1",-0.252125437855128,0.0804362409148104
"ENSG00000136448","NMT1",-0.0165601445020531,0.89461643734971
"ENSG00000136492","BRIP1",-0.174496687708526,0.150032916032708
"ENSG00000136522","MRPL47",0.0544777983172097,0.517787626980624
"ENSG00000136527","TRA2B",-0.621253258185173,3.29548059590555e-18
"ENSG00000136718","IMP4",-0.0987382350624563,0.279716841303579
"ENSG00000136783","NIPSNAP3A",-0.0937980780641445,0.614129108468277
"ENSG00000136813","ECPAS",-0.0474459855768572,0.669503608950732
"ENSG00000136861","CDK5RAP2",0.0313231819842797,0.823167427967159
"ENSG00000136895","GARNL3",-0.267146282580738,0.264698551332015
"ENSG00000136933","RABEPK",0.21805058366352,0.053665757914122
"ENSG00000136936","XPA",-0.148769242423882,0.15559196194583
"ENSG00000136938","ANP32B",-0.340190903329134,8.13382551531525e-07
"ENSG00000136950","ARPC5L",-0.200589269154206,0.0196021892160085
"ENSG00000136982","DSCC1",0.1036540140963,0.454265641170643
"ENSG00000137033","IL33",0.977816967309979,0.0170771405916334
"ENSG00000137100","DCTN3",-0.538448357090419,1.03977074231874e-05
"ENSG00000137103","TMEM8B",0.308934961634323,0.212548012551942
"ENSG00000137106","GRHPR",-0.189464200407155,0.0397300165205635
"ENSG00000137124","ALDH1B1",0.160469712217435,0.0884542012192857
"ENSG00000137168","PPIL1",-0.252966841413752,0.0225656592682374
"ENSG00000137216","TMEM63B",1.08376758305086,1.09721367352848e-08
"ENSG00000137266","SLC22A23",-0.0399718578315782,0.893788569605471
"ENSG00000137310","TCF19",-0.359706198332832,0.00144963179023748
"ENSG00000137460","FHDC1",-0.0477812366772062,0.876894676158831
"ENSG00000137513","NARS2",-0.0960105841834764,0.60233614953624
"ENSG00000137720","CFAP68",-0.293564599799042,0.0314587652316444
"ENSG00000137752","CASP1",1.51057579272472,3.48855547603494e-14
"ENSG00000137812","KNL1",0.0706265463221513,0.650187648144625
"ENSG00000137814","HAUS2",-0.47307362335844,1.23161653660966e-06
"ENSG00000137822","TUBGCP4",-0.00889637648978844,0.951636308616267
"ENSG00000137845","ADAM10",-0.291056580226963,4.33449118129472e-05
"ENSG00000137965","IFI44",0.479531794049751,0.0264103584800736
"ENSG00000137968","SLC44A5",0.108828162710188,0.678724340749843
"ENSG00000137975","CLCA2",2.48207264017594,3.50475041480863e-05
"ENSG00000137992","DBT",-0.505128366548918,9.25515203172008e-06
"ENSG00000138035","PNPT1",-0.209052313794581,0.0136727518830283
"ENSG00000138050","THUMPD2",0.141790903804572,0.329411853059929
"ENSG00000138092","CENPO",0.11829159940739,0.321334900182237
"ENSG00000138095","LRPPRC",-0.079930865242368,0.300554922929847
"ENSG00000138134","STAMBPL1",-0.0356824916622732,0.869363490047004
"ENSG00000138175","ARL3",-0.144104015434643,0.233742552500173
"ENSG00000138286","FAM149B1",-1.10910488484473,1.05568134910461e-07
"ENSG00000138376","BARD1",-0.130689563177365,0.191522017947731
"ENSG00000138378","STAT4",0.121713400552904,0.608977821413274
"ENSG00000138382","METTL5",0.212444577592353,0.00931478669198853
"ENSG00000138385","SSB",-0.00836228754413095,0.944158754890925
"ENSG00000138448","ITGAV",-0.000289767377117982,0.998489831781308
"ENSG00000138463","SLC49A4",0.0986582899583143,0.52565671861449
"ENSG00000138496","PARP9",0.476902783939723,5.61719334247309e-06
"ENSG00000138587","MNS1",-0.15211685602921,0.333069827710658
"ENSG00000138613","APH1B",0.663443143920367,0.000334596278654629
"ENSG00000138639","ARHGAP24",-1.10636203656818,1.07262466777887e-05
"ENSG00000138658","ZGRF1",-0.208906079274613,0.187121056070255
"ENSG00000138674","SEC31A",0.223730352680176,0.0395156016513947
"ENSG00000138678","GPAT3",-0.43208269236908,1.33289597539729e-05
"ENSG00000138750","NUP54",-0.0216496748769411,0.903267439473819
"ENSG00000138756","BMP2K",-0.0431520367663933,0.748415173622956
"ENSG00000138760","SCARB2",-0.0210744327595011,0.880826548765823
"ENSG00000138764","CCNG2",1.03798373074153,6.94660199678311e-11
"ENSG00000138772","ANXA3",-0.369639610130699,0.0149913062110153
"ENSG00000138796","HADH",-0.277349231294414,0.0423868295332852
"ENSG00000138802","SEC24B",0.172675608827009,0.164083108086089
"ENSG00000139112","GABARAPL1",1.34530709578541,1.72645740173121e-12
"ENSG00000139178","C1RL",-0.250446787278339,0.0827358547766671
"ENSG00000139192","TAPBPL",-0.0981838393579097,0.655030602584201
"ENSG00000139209","SLC38A4",0.117832577633314,0.623258725942684
"ENSG00000139278","GLIPR1",0.442114243768141,0.000473555463225719
"ENSG00000139350","NEDD1",-0.0942236193178626,0.316154999357971
"ENSG00000139372","TDG",0.315803280756875,0.00417437068677456
"ENSG00000139410","SDSL",0.496990304791905,0.0132136967476993
"ENSG00000139437","TCHP",-0.362194387286644,0.000433962550082745
"ENSG00000139546","TARBP2",0.0946716891100726,0.490190227533444
"ENSG00000139547","RDH16",-0.0934275726124946,0.693400173151477
"ENSG00000139631","CSAD",-0.00355699117230147,0.990116819299429
"ENSG00000139697","SBNO1",0.232696637808548,0.000123358952151746
"ENSG00000139719","VPS33A",0.204734671823313,0.0482719579168174
"ENSG00000139793","MBNL2",0.22339662301929,0.0585102542010975
"ENSG00000139880","CDH24",0.0357338051291818,0.901540307203732
"ENSG00000139990","DCAF5",0.187009869195104,0.06086720973243
"ENSG00000140157","NIPA2",-0.203893366415863,0.0127765020100784
"ENSG00000140386","SCAPER",-0.442355943786563,0.000410538227863484
"ENSG00000140451","PIF1",-0.996630825938081,5.54859634158974e-07
"ENSG00000140463","BBS4",-0.189032166557951,0.197505586135704
"ENSG00000140474","ULK3",0.273642275885909,0.0205892168905689
"ENSG00000140678","ITGAX",0.0633310523245108,0.828336316854185
"ENSG00000140743","CDR2",0.0507401883151791,0.800191708496638
"ENSG00000141002","TCF25",-0.289966658788795,0.000184582872569912
"ENSG00000141068","KSR1",0.519677972817866,0.0296584122466807
"ENSG00000141232","TOB1",0.551614327785026,6.96928881029093e-05
"ENSG00000141295","SCRN2",-0.291770055804387,0.0424083933678417
"ENSG00000141298","SSH2",0.364513420316454,0.000441682515866164
"ENSG00000141424","SLC39A6",1.07696033632727,6.65841333001339e-59
"ENSG00000141425","RPRD1A",-0.220728489163876,0.0123761278650927
"ENSG00000141456","PELP1",0.398643302843605,1.03117877909929e-06
"ENSG00000141499","WRAP53",0.382464135038702,0.0159229024199414
"ENSG00000141505","ASGR1",0.200594966277011,0.413580768894473
"ENSG00000141580","WDR45B",-0.171905772665707,0.0337674184167931
"ENSG00000141699","RETREG3",0.502212825540727,0.00024931327223104
"ENSG00000141759","TXNL4A",0.0438126946731638,0.660986919469622
"ENSG00000141959","PFKL",-0.0444528003672549,0.753821960616982
"ENSG00000141994","DUS3L",-0.0463736253342563,0.85383016979208
"ENSG00000142046","TMEM91",0.0891256850474523,0.740459596357269
"ENSG00000142065","ZFP14",-0.0927871144488523,0.708158498936999
"ENSG00000142186","SCYL1",0.131619790696549,0.238460459316474
"ENSG00000142252","GEMIN7",0.140177734315212,0.332015739540825
"ENSG00000142409","ZNF787",0.136479303889371,0.227787444678159
"ENSG00000142453","CARM1",-0.15853633442584,0.0673119522145786
"ENSG00000142546","NOSIP",0.310550016281171,0.0014715664270744
"ENSG00000142599","RERE",0.330704031340282,0.000619172078012591
"ENSG00000142623","PADI1",3.07322792773402,1.2667461866381e-18
"ENSG00000142684","ZNF593",0.320491591305316,0.00572589231897456
"ENSG00000142686","C1orf216",0.259068682278263,0.0137985581576126
"ENSG00000142731","PLK4",0.00842221353146685,0.964743399175873
"ENSG00000142765","SYTL1",-0.11448580582599,0.640908572926233
"ENSG00000143013","LMO4",-0.34205930210153,0.00525301026346212
"ENSG00000143033","MTF2",0.274303980490616,0.000130614546731889
"ENSG00000143106","PSMA5",-0.0385809075041888,0.821915492604163
"ENSG00000143164","DCAF6",-0.233386497943724,0.00683465268254008
"ENSG00000143217","NECTIN4",2.89855598771831,2.88324116436782e-45
"ENSG00000143224","PPOX",0.102949806184345,0.62832735796114
"ENSG00000143256","PFDN2",-0.312060382022285,0.00150248785490385
"ENSG00000143321","HDGF",-0.304692971977919,9.34144788402932e-05
"ENSG00000143344","RGL1",-0.0709258865825978,0.732265428600203
"ENSG00000143368","SF3B4",0.297403350189073,0.00415498761247105
"ENSG00000143382","ADAMTSL4",0.316219586793016,0.219711181406816
"ENSG00000143390","RFX5",0.202093157127804,0.131805628950865
"ENSG00000143418","CERS2",0.224288221633801,0.0445209378312314
"ENSG00000143458","GABPB2",-0.132660882024971,0.554453321694295
"ENSG00000143498","TAF1A",-0.821905334840649,3.48359279950386e-07
"ENSG00000143512","HHIPL2",-0.0871169968028221,0.73317789045609
"ENSG00000143546","S100A8",-0.0502575170417172,0.848595090278979
"ENSG00000143549","TPM3",-0.251506157385437,0.00079220115180216
"ENSG00000143556","S100A7",-0.016620275255495,0.94908520436321
"ENSG00000143631","FLG",2.1632737812085,1.98305761145562e-10
"ENSG00000143641","GALNT2",-0.0267548011795998,0.830145075980601
"ENSG00000143669","LYST",-0.118426478011915,0.482867156895906
"ENSG00000143793","C1orf35",0.0909536797562168,0.553002648156431
"ENSG00000143815","LBR",-0.403203840557444,1.65173904048599e-05
"ENSG00000143816","WNT9A",1.24691345739279,0.000195443941955636
"ENSG00000143842","SOX13",0.444929282479731,0.00813829741162216
"ENSG00000143870","PDIA6",-0.325834627685413,3.80126154454577e-05
"ENSG00000144036","EXOC6B",-0.959698287129728,3.28345506072849e-09
"ENSG00000144040","SFXN5",0.440555413134934,0.0077164813370527
"ENSG00000144045","DQX1",0.266114899560603,0.280625443441227
"ENSG00000144283","PKP4",-0.462070953233384,1.52473203754668e-07
"ENSG00000144426","NBEAL1",-0.324030391157929,0.00729093506080265
"ENSG00000144452","ABCA12",1.93975591352819,0.000261811898341321
"ENSG00000144579","CTDSP1",0.0411407173851828,0.777264119848457
"ENSG00000144589","STK11IP",0.00602081456458165,0.977790048267547
"ENSG00000144635","DYNC1LI1",0.0743283447916981,0.424930418541632
"ENSG00000144647","POMGNT2",0.312329282819017,0.0177841654428814
"ENSG00000144802","NFKBIZ",0.0264689336282381,0.921911192882413
"ENSG00000144810","COL8A1",-1.61528144824277,3.03121797158791e-07
"ENSG00000144848","ATG3",-0.0494456521027214,0.643987798774688
"ENSG00000144867","SRPRB",0.446064093420967,3.05872055011626e-06
"ENSG00000145022","TCTA",0.0972667633983302,0.482995731014052
"ENSG00000145050","MANF",-0.200606241516738,0.0638820599421452
"ENSG00000145220","LYAR",-0.0940110699757328,0.320134160307929
"ENSG00000145284","SCD5",-0.248755947024981,0.0224557993213758
"ENSG00000145293","ENOPH1",-0.20598322507204,0.0700606519409643
"ENSG00000145354","CISD2",0.0959975464616582,0.387422010564286
"ENSG00000145414","NAF1",-0.279146652116489,0.0173833918287241
"ENSG00000145632","PLK2",1.20973434137782,2.00245568321253e-32
"ENSG00000145741","BTF3",-0.122070246276356,0.08604307913531
"ENSG00000145743","FBXL17",-2.50384981029124,5.64740912447636e-40
"ENSG00000145779","TNFAIP8",0.150955486431586,0.225720109080846
"ENSG00000145860","RNF145",-0.646322672474027,1.44015047334047e-08
"ENSG00000146083","RNF44",0.443129511271384,2.98283851407934e-05
"ENSG00000146223","RPL7L1",-0.306632209389464,1.24027361006301e-07
"ENSG00000146278","PNRC1",0.545179756457104,0.00541348513567366
"ENSG00000146411","SLC2A12",0.460996012626245,0.0768246025342395
"ENSG00000146576","INTS15",-0.0329958276408494,0.864465638713614
"ENSG00000147124","ZNF41",0.45903922181139,0.0267262219647963
"ENSG00000147164","SNX12",-0.0631499452741968,0.579873557082166
"ENSG00000147408","CSGALNACT1",0.943158914217288,0.000222118570486242
"ENSG00000147654","EBAG9",0.0849699026610467,0.526551737865917
"ENSG00000147679","UTP23",-0.206059835136963,0.0169096338601225
"ENSG00000147862","NFIB",-1.27934960808466,4.51723285771024e-33
"ENSG00000148154","UGCG",-0.20016302390835,0.0412247224480242
"ENSG00000148180","GSN",0.312469817146177,0.0166618947835473
"ENSG00000148219","ASTN2",1.51656022982215,3.8568668614363e-21
"ENSG00000148229","POLE3",-0.230681935683555,0.00153406281745728
"ENSG00000148290","SURF1",-0.361167136142183,0.00208613827330434
"ENSG00000148291","SURF2",0.213712443495925,0.0372871391056326
"ENSG00000148334","PTGES2",0.129230423666161,0.228598170488058
"ENSG00000148335","NTMT1",0.152340509070715,0.138844655321442
"ENSG00000148400","NOTCH1",0.389276761988057,0.0248285943015919
"ENSG00000148450","MSRB2",-0.178906019436139,0.229722017384991
"ENSG00000148468","FAM171A1",-0.126309649988193,0.281873251903529
"ENSG00000148541","FAM13C",1.21055156363059,0.000142137538206285
"ENSG00000148688","RPP30",0.284003564035595,0.00259015867039911
"ENSG00000148773","MKI67",-0.375633368203801,0.0101547076581387
"ENSG00000148841","ITPRIP",-0.289763665025434,0.0157707045217381
"ENSG00000148925","BTBD10",0.492082337557464,4.7413395483434e-10
"ENSG00000148948","LRRC4C",-0.00994407883671494,0.965600689847088
"ENSG00000149050","ZNF214",0.378996697007111,0.161384340653505
"ENSG00000149089","APIP",0.0181021224937589,0.930085537693954
"ENSG00000149294","NCAM1",-1.32420011089041,1.14679639972812e-20
"ENSG00000149483","TMEM138",-0.0504531856105921,0.655137362473691
"ENSG00000149506","ZP1",0.512184714144908,0.0624121500012015
"ENSG00000149573","MPZL2",0.940556820612515,8.63825423473967e-07
"ENSG00000149743","TRPT1",0.426952940295121,7.51022499561853e-05
"ENSG00000149809","TM7SF2",-0.114373958481243,0.627554457630711
"ENSG00000149929","HIRIP3",-0.0772132916462302,0.640697888121413
"ENSG00000150471","ADGRL3",-0.304457920238159,0.233889186402961
"ENSG00000150667","FSIP1",-0.145986172830222,0.526716753700951
"ENSG00000150768","DLAT",0.0643464911975817,0.618723443689964
"ENSG00000151012","SLC7A11",0.116363839134087,0.635846980171735
"ENSG00000151150","ANK3",0.330961671320013,0.163165378725059
"ENSG00000151239","TWF1",-0.0155754137691217,0.923335577536767
"ENSG00000151247","EIF4E",-0.21838195582025,0.00547171737096929
"ENSG00000151276","MAGI1",-1.61872001486379,6.77170674783893e-33
"ENSG00000151287","TEX30",0.151431572741684,0.342063869569504
"ENSG00000151304","SRFBP1",-0.187337165180154,0.0595200487225755
"ENSG00000151353","TMEM18",-0.219735770038346,0.0472422367577674
"ENSG00000151465","CDC123",-0.166089006947527,0.0279433586845872
"ENSG00000151572","ANO4",0.155275340748701,0.505062411701496
"ENSG00000151689","INPP1",0.613542921291322,2.74891636830199e-08
"ENSG00000151746","BICD1",-0.714278848486692,2.83506962805858e-09
"ENSG00000151779","NBAS",-0.741513429687711,5.2926504748743e-10
"ENSG00000151835","SACS",-0.232600993534483,0.065507111811669
"ENSG00000151914","DST",-0.117813309413002,0.429401486821338
"ENSG00000151967","SCHIP1",0.455992396309502,0.0433889106485754
"ENSG00000152147","GEMIN6",-0.0166541260622693,0.935004216862276
"ENSG00000152240","HAUS1",-0.267079396986395,0.0102116391832878
"ENSG00000152404","CWF19L2",-0.0904826473052443,0.245920254855374
"ENSG00000152455","SUV39H2",0.0997649283646503,0.49821977011181
"ENSG00000152484","USP12",-0.219560777219141,0.0261177476707131
"ENSG00000152620","NADK2",-0.344699726599701,0.0018215674132158
"ENSG00000152749","GPR180",-0.586083202517695,1.83315319040947e-06
"ENSG00000153113",NA,-0.34827990103832,1.13734293739251e-08
"ENSG00000153201","RANBP2",-0.0143501871259793,0.92922671518069
"ENSG00000153214","TMEM87B",-0.0309461180987989,0.868944459241034
"ENSG00000153234","NR4A2",0.453516201962508,0.0792640656823413
"ENSG00000153246","PLA2R1",-0.0593793274974405,0.840118557989608
"ENSG00000153294","ADGRF4",0.68024630580094,0.00010548061825543
"ENSG00000153443","UBALD1",0.353841807975187,0.000986304893664347
"ENSG00000153487","ING1",-0.359025452058097,0.00353049941968559
"ENSG00000153574","RPIA",-0.791392223316221,1.94475610989974e-13
"ENSG00000153814","JAZF1",-0.271571234688904,0.0338049256157631
"ENSG00000153879","CEBPG",-0.976220886058572,2.59033362726321e-14
"ENSG00000153885","KCTD15",-0.224968406882387,0.163165378725059
"ENSG00000153989","NUS1",-0.256402417460174,0.0351838894689413
"ENSG00000154144","TBRG1",0.0560344302125641,0.594672995675201
"ENSG00000154328","NEIL2",0.0863222530306415,0.537278828389872
"ENSG00000154582","ELOC",-0.0377404062395313,0.727257983910676
"ENSG00000154839","SKA1",-0.080655943737871,0.588467307003043
"ENSG00000154845","PPP4R1",0.108732985082907,0.315835453085285
"ENSG00000154889","MPPE1",0.149717761238282,0.38746583895387
"ENSG00000154945","ANKRD40",-0.167563644423463,0.167432834800754
"ENSG00000154957","ZNF18",-0.168011503105282,0.504741535931114
"ENSG00000155066","PROM2",-0.0643249189148209,0.81108446435751
"ENSG00000155115","GTF3C6",0.282020560624436,6.95368282395304e-05
"ENSG00000155189","AGPAT5",-0.40158104400219,5.07605638805021e-09
"ENSG00000155254","MARVELD1",-0.0582095668874678,0.780964732795446
"ENSG00000155304","HSPA13",-0.273297489039675,0.0178537411335126
"ENSG00000155506","LARP1",-0.0177564473102161,0.917864171297248
"ENSG00000155561","NUP205",-0.142389498633145,0.23843947370564
"ENSG00000155621","C9orf85",-0.120797891170283,0.436146137053413
"ENSG00000155666","KDM8",0.0134800155210319,0.958812050652679
"ENSG00000156011","PSD3",-0.727483874508593,4.85542098919679e-10
"ENSG00000156017","CARNMT1",0.314854905967402,0.00104508693501397
"ENSG00000156170","NDUFAF6",0.0135385225861353,0.936193611897826
"ENSG00000156471","PTDSS1",0.172258003816307,0.0714483317182296
"ENSG00000156671","SAMD8",-0.0586728052382918,0.736267509076852
"ENSG00000156709","AIFM1",0.210381492556541,0.0325458071472881
"ENSG00000156804","FBXO32",0.822193860622165,0.000873376406804019
"ENSG00000156853","ZNF689",0.000766016343604385,0.996464559079701
"ENSG00000156931","VPS8",0.0455313778844114,0.761318641021592
"ENSG00000157020","SEC13",-0.0227145562395173,0.87905844519339
"ENSG00000157379","DHRS1",0.121097108513111,0.382919178790254
"ENSG00000157625","TAB3",0.127979446253949,0.371832393869618
"ENSG00000157637","SLC38A10",0.282243914768659,0.0133145469779663
"ENSG00000157693","TMEM268",0.0939692201384529,0.617723009779782
"ENSG00000157823","AP3S2",-0.217848339841616,0.159403148141681
"ENSG00000157837","SPPL3",0.129567014018166,0.186316471875934
"ENSG00000157873","TNFRSF14",1.4702161025402,4.01523957932001e-13
"ENSG00000157895","C12orf43",-0.176177226831946,0.0907759979923049
"ENSG00000157954","WIPI2",0.361999025865278,1.37591030657185e-07
"ENSG00000158019","BABAM2",-1.02783261883228,1.78459519038174e-11
"ENSG00000158079","PTPDC1",-0.242307607746035,0.0953261923223983
"ENSG00000158122","PRXL2C",-0.00538987657642871,0.980501438298164
"ENSG00000158186","MRAS",2.06425545542237,1.48971525799854e-05
"ENSG00000158195","WASF2",0.140502973370061,0.0941241652054004
"ENSG00000158220","ESYT3",-0.0391088638195681,0.892856270703316
"ENSG00000158286","RNF207",-0.0279847635223102,0.924583307703008
"ENSG00000158315","RHBDL2",0.104535999191662,0.690121699086798
"ENSG00000158435","CNOT11",-0.00263585139535892,0.984201223280348
"ENSG00000158457","TSPAN33",0.0053830703160031,0.984750484296538
"ENSG00000158470","B4GALT5",-0.291060649490336,0.000640911982055537
"ENSG00000158526","TSR2",0.0271957164677867,0.850875041414389
"ENSG00000158552","ZFAND2B",0.20927451667739,0.115340608144957
"ENSG00000158604","TMED4",0.243161113854145,0.00594603771182817
"ENSG00000158711","ELK4",-0.350144728525137,0.00194746511915935
"ENSG00000158792","SPATA2L",0.519229093941707,0.0160159706494571
"ENSG00000158828","PINK1",0.415630689033601,5.62139272825564e-06
"ENSG00000158863","FHIP2B",0.34682084705598,0.0113938695616477
"ENSG00000159079","CFAP298",0.159025948250203,0.0985297534426512
"ENSG00000159131","GART",-0.28407695886219,2.73503171050939e-05
"ENSG00000159147","DONSON",0.404753797253696,3.24831900544117e-05
"ENSG00000159166","LAD1",0.0380102800417643,0.896124040663857
"ENSG00000159214","CCDC24",0.36420066696242,0.0526983297242563
"ENSG00000159256","MORC3",-0.0613002938259726,0.672878092191104
"ENSG00000159348","CYB5R1",0.699049008974934,9.82486526462308e-08
"ENSG00000159388","BTG2",1.60425956472882,6.20624866531324e-16
"ENSG00000159403","C1R",1.25957741959044,0.00166985371995833
"ENSG00000159423","ALDH4A1",0.492657479752976,0.0273882172995802
"ENSG00000159459","UBR1",0.136582246633995,0.208286653538649
"ENSG00000159479","MED8",-0.0869730672783867,0.529429815315527
"ENSG00000159692","CTBP1",-0.0541255103816591,0.600032131134287
"ENSG00000159788","RGS12",0.0817002865366057,0.646334819274472
"ENSG00000159840","ZYX",0.226029504890922,0.0640250745429086
"ENSG00000159873","CCDC117",0.191461279536242,0.111709496068216
"ENSG00000159884","CCDC107",0.422643304216511,0.0047657948342314
"ENSG00000160013","PTGIR",0.0450376266794351,0.880835381405886
"ENSG00000160072","ATAD3B",0.092235004826157,0.681454396120647
"ENSG00000160075","SSU72",-0.0595203239821588,0.563870651420715
"ENSG00000160087","UBE2J2",0.0884229080506352,0.46017821427995
"ENSG00000160214","RRP1",0.0948516734816692,0.48665991243878
"ENSG00000160219","GAB3",0.013169835687251,0.955376443604413
"ENSG00000160221","GATD3",0.127399337947245,0.61666576602412
"ENSG00000160256","SLX9",0.608013440971652,5.81812016058545e-07
"ENSG00000160271","RALGDS",0.524444791939351,0.00163968843699016
"ENSG00000160305","DIP2A",-0.143197246009636,0.316373600062069
"ENSG00000160345","PIERCE1",0.146114855801491,0.492162525690364
"ENSG00000160360","GPSM1",0.416467221507469,0.00359244629332932
"ENSG00000160691","SHC1",0.39001327461432,1.21216531327548e-05
"ENSG00000160781","PAQR6",0.0720046376763445,0.798336255857173
"ENSG00000160783","PMF1",0.148419813041355,0.254022049971224
"ENSG00000160799","CCDC12",0.0890875188633571,0.405341631729449
"ENSG00000160813","PPP1R35",-0.293802267291704,0.0159279082228223
"ENSG00000160877","NACC1",0.0179990417834059,0.926843220543632
"ENSG00000160886","LY6K",0.645953477159721,4.90955518073944e-07
"ENSG00000160917","CPSF4",-0.00696990150292694,0.957096640041434
"ENSG00000160961","ZNF333",-0.0109139777189042,0.967518244567326
"ENSG00000161179","YDJC",0.301579864663698,0.00538654044577827
"ENSG00000161533","ACOX1",0.455099216381877,1.0808415929515e-05
"ENSG00000161692","DBF4B",0.0739671508523023,0.770304109761854
"ENSG00000161847","RAVER1",0.123945867777037,0.631699357527778
"ENSG00000161920","MED11",-0.0894996048585629,0.60407980337096
"ENSG00000161980","POLR3K",0.0749571282010893,0.581088976847516
"ENSG00000162066","AMDHD2",-0.0466766970159486,0.825051552723814
"ENSG00000162073","PAQR4",-0.928906989231099,2.12327935845841e-10
"ENSG00000162222","TTC9C",-0.3721579294737,0.0046424600939474
"ENSG00000162366","PDZK1IP1",-0.0191138541084934,0.942770996256083
"ENSG00000162377","COA7",-0.150676237293097,0.114956913308904
"ENSG00000162390","ACOT11",-0.309050509643812,0.198604057508751
"ENSG00000162402","USP24",-0.0540102575185099,0.71008356831056
"ENSG00000162413","KLHL21",0.234417422794686,0.12580926786184
"ENSG00000162490","DRAXIN",0.847727653019144,0.0214056901215377
"ENSG00000162520","SYNC",0.154018407641001,0.396707767173307
"ENSG00000162522","NHSL3",0.525663329875996,0.000500866153103583
"ENSG00000162591","MEGF6",-0.0611219576279146,0.834719025113985
"ENSG00000162601","MYSM1",-0.570908183655702,1.56465070301953e-05
"ENSG00000162604","TM2D1",-0.114834745192557,0.32931347724277
"ENSG00000162607","USP1",-0.287348512034955,0.00155219316991421
"ENSG00000162643","DNAI3",1.70365181783665,0.00111728729409855
"ENSG00000162645","GBP2",0.559053019357107,0.0100465734321748
"ENSG00000162736","NCSTN",0.0488778843959325,0.794666199112326
"ENSG00000162738","VANGL2",0.512849712428665,0.0513869153698766
"ENSG00000162769","FLVCR1",0.128765548176982,0.442776357526979
"ENSG00000162909","CAPN2",-0.51647437133199,2.10433484313328e-09
"ENSG00000162923","WDR26",0.0385440982505996,0.811086674660744
"ENSG00000162972","MAIP1",0.0620531675710145,0.721683432139943
"ENSG00000162980","ARL5A",-0.163349788099704,0.258683328678479
"ENSG00000163002","NUP35",-0.0822342937003527,0.600172314455139
"ENSG00000163013","FBXO41",-0.0695880910985276,0.755205117043646
"ENSG00000163071","SPATA18",1.23129261333204,4.08897240948213e-05
"ENSG00000163125","RPRD2",0.0887802793878656,0.524819430320774
"ENSG00000163207","IVL",0.737330798091192,0.0363532253930337
"ENSG00000163220","S100A9",-0.0514201027561814,0.847724099241495
"ENSG00000163291","PAQR3",0.630535599879993,1.27829579102963e-05
"ENSG00000163346","PBXIP1",0.76933815571168,0.000178738579021933
"ENSG00000163349","HIPK1",0.305265519157447,0.00346591479348644
"ENSG00000163362","INAVA",-0.153628475093595,0.512542309707439
"ENSG00000163428","LRRC58",-0.10685436203119,0.264024787970843
"ENSG00000163435","ELF3",-0.0659899172962726,0.798567004207969
"ENSG00000163449","TMEM169",-0.124588375752248,0.625135546201988
"ENSG00000163467","TSACC",0.118174801841436,0.641584110009976
"ENSG00000163482","STK36",0.179978276269703,0.180119057879822
"ENSG00000163528","CHCHD4",0.00735551216504413,0.960101735653132
"ENSG00000163535","SGO2",-0.444833339033656,3.53119402632503e-05
"ENSG00000163536","SERPINI1",0.198443418765738,0.422705851343842
"ENSG00000163564","PYHIN1",3.42518313700148,9.83553258257937e-07
"ENSG00000163607","GTPBP8",0.0803173983914088,0.60223095356398
"ENSG00000163624","CDS1",0.689037281465231,0.000347775914844103
"ENSG00000163636","PSMD6",-0.061408082914723,0.529838858809412
"ENSG00000163683","SMIM14",-0.0472626154853415,0.854371821715724
"ENSG00000163755","HPS3",0.110989457690573,0.434575638533095
"ENSG00000163785","RYK",0.225897602748255,0.00204738282009379
"ENSG00000163803","PLB1",0.207753219521594,0.402636304040316
"ENSG00000163818","LZTFL1",-0.279529167542975,0.0437781781992777
"ENSG00000163840","DTX3L",0.427798472463008,2.03110115991097e-06
"ENSG00000163866","SMIM12",-0.138163951981886,0.184945512892999
"ENSG00000163872","YEATS2",0.134298579043622,0.251245377411962
"ENSG00000163918","RFC4",-0.045348463630099,0.7905563641073
"ENSG00000163933","RFT1",-0.237972675105451,0.013608197128356
"ENSG00000163935","SFMBT1",-0.240551844970001,0.0614826206662535
"ENSG00000163947","ARHGEF3",0.0604818187121382,0.789975382748305
"ENSG00000163950","SLBP",-0.420588482987597,2.44356722929232e-07
"ENSG00000163961","RNF168",-0.164309898402904,0.0553124870681488
"ENSG00000163975","MELTF",-0.222449162197303,0.0099992201111863
"ENSG00000164031","DNAJB14",-0.499829423050333,1.44015047334047e-08
"ENSG00000164032","H2AZ1",-0.182690058861193,0.190165388417068
"ENSG00000164039","BDH2",0.426011237846817,0.0199293766593527
"ENSG00000164050","PLXNB1",0.597465465279684,0.00123367198668244
"ENSG00000164068","RNF123",0.351819278063921,0.00704944588553247
"ENSG00000164077","MON1A",0.44303747365792,0.000223522952786247
"ENSG00000164086","DUSP7",-0.189566762635024,0.172282450506658
"ENSG00000164104","HMGB2",-0.0840064062698121,0.632771119842982
"ENSG00000164114","MAP9",0.244305406754871,0.00344059727056314
"ENSG00000164125","GASK1B",0.742191830574409,0.015503025850787
"ENSG00000164134","NAA15",-0.0532850621145001,0.448931179179298
"ENSG00000164136","IL15",0.0227233660852633,0.936922036607694
"ENSG00000164151","ICE1",-0.152274790688853,0.0855259721862396
"ENSG00000164164","OTUD4",0.0575894754951449,0.593297411736189
"ENSG00000164168","TMEM184C",-0.0716691729903324,0.665013685880467
"ENSG00000164221","CCDC112",0.402332309927991,1.04351926241536e-05
"ENSG00000164236","ANKRD33B",0.0539707399798343,0.796683647675783
"ENSG00000164252","AGGF1",-0.403931716443605,6.92722582807119e-05
"ENSG00000164292","RHOBTB3",0.0480622555455509,0.738214701806668
"ENSG00000164294","GPX8",-0.341538294749278,0.000513267742430283
"ENSG00000164308","ERAP2",-0.0368656228595726,0.787540068226001
"ENSG00000164331","ANKRA2",0.801335708983456,6.08297079103712e-09
"ENSG00000164338","UTP15",-0.0400770371655429,0.786673439781238
"ENSG00000164342","TLR3",1.70710604401242,8.54621930232542e-08
"ENSG00000164379","FOXQ1",-0.0257858140427304,0.930468683521387
"ENSG00000164405","UQCRQ",-0.0475076601721139,0.757773680265983
"ENSG00000164463","CREBRF",0.210888796305683,0.204991323855969
"ENSG00000164548","TRA2A",-0.290643650223184,0.00053609268070539
"ENSG00000164610","RP9",-0.175915157630905,0.0745350667618577
"ENSG00000164638","SLC29A4",1.43960807240968,0.000333070483357365
"ENSG00000164647","STEAP1",-0.256233687282545,0.0768246025342395
"ENSG00000164663","USP49",0.172883986524359,0.477127905344914
"ENSG00000164758","MED30",-0.16973377888139,0.388315760198903
"ENSG00000164815","ORC5",0.0170825551710645,0.923446525831743
"ENSG00000164850","GPER1",0.934594940371887,0.00134034667693085
"ENSG00000164885","CDK5",0.166655847438073,0.179583334896115
"ENSG00000164889","SLC4A2",0.625748425791072,2.61136884007074e-06
"ENSG00000164897","TMUB1",0.114982378439552,0.564121861771251
"ENSG00000164919","COX6C",-0.0442506020830604,0.769950058426831
"ENSG00000164938","TP53INP1",2.26262413770385,1.72280270346288e-37
"ENSG00000165060","FXN",0.105339384943624,0.353685528077348
"ENSG00000165119","HNRNPK",-0.221598404562928,9.52523832877495e-05
"ENSG00000165244","ZNF367",-0.748418459246745,3.34017515840512e-08
"ENSG00000165272","AQP3",3.87817881938433,3.48325906892166e-12
"ENSG00000165280","VCP",-0.143669108763538,0.012543634813042
"ENSG00000165359","INTS6L",-0.209859557548848,0.374803160217522
"ENSG00000165389","SPTSSA",-0.0349342683110183,0.867712036486042
"ENSG00000165416","SUGT1",0.141396544772493,0.103050513989616
"ENSG00000165417","GTF2A1",0.0425689698392825,0.716177146511976
"ENSG00000165458","INPPL1",0.722921704926894,1.99975179530522e-09
"ENSG00000165501","LRR1",-0.176738986053901,0.208828621161428
"ENSG00000165507","DEPP1",-0.00462260660092074,0.987636607580824
"ENSG00000165516","KLHDC2",0.257117504858473,0.00907842222406916
"ENSG00000165630","PRPF18",0.08934719243642,0.518589445238834
"ENSG00000165660","ABRAXAS2",0.0892739883216678,0.427955817345026
"ENSG00000165716","DIPK1B",0.525781156576527,0.0796403024652175
"ENSG00000165732","DDX21",-0.0261798374713817,0.75013032056801
"ENSG00000165733","BMS1",0.123673588733071,0.130919330869134
"ENSG00000165813","CCDC186",0.212055216859378,0.0528123180119367
"ENSG00000165861","ZFYVE1",0.88755759762486,1.07081467033252e-13
"ENSG00000165868","HSPA12A",-0.841468443540856,0.0162777294900709
"ENSG00000165895","ARHGAP42",-0.0988536386440132,0.611682278491806
"ENSG00000165916","PSMC3",-0.135983062689552,0.0486701044391636
"ENSG00000165943","MOAP1",-0.152151570183915,0.388534344678559
"ENSG00000165948","IFI27L1",-0.0871314463788763,0.662506122314015
"ENSG00000166133","RPUSD2",0.0425589576130199,0.819554202664525
"ENSG00000166140","ZFYVE19",0.369351408374323,0.0168137216896866
"ENSG00000166153","DEPDC4",0.0613827182224116,0.820581174311346
"ENSG00000166166","TRMT61A",0.0192113285015708,0.930468683521387
"ENSG00000166169","POLL",0.17822090525579,0.241060023327903
"ENSG00000166226","CCT2",-0.114970573137927,0.193288190465898
"ENSG00000166262","FAM227B",-0.0420720557469862,0.879254008988786
"ENSG00000166263","STXBP4",-0.540048044586408,0.0015389312266027
"ENSG00000166275","BORCS7",0.225802692726615,0.032683367625946
"ENSG00000166333","ILK",-0.0754162063974704,0.568204943902077
"ENSG00000166401","SERPINB8",0.315602174218475,0.0072915454999594
"ENSG00000166436","TRIM66",-0.139017279503102,0.497040203168875
"ENSG00000166444","DENND2B",0.985748031407969,6.2510145056245e-13
"ENSG00000166478","ZNF143",0.299351126908654,0.00938125577149247
"ENSG00000166508","MCM7",-0.39996105138773,0.000107589514990298
"ENSG00000166557","TMED3",0.34139568677958,1.11129004433339e-06
"ENSG00000166669","ATF7IP2",0.118486639344139,0.593740874115711
"ENSG00000166681","BEX3",-0.230716262971089,0.00678451857710758
"ENSG00000166682","TMPRSS5",-0.0602236629185277,0.83679573951199
"ENSG00000166710","B2M",0.25217565306472,0.00734382258947009
"ENSG00000166750","SLFN5",-0.0325925747665972,0.879534660541635
"ENSG00000166762","CATSPER2",-0.0822073727124571,0.768203231382454
"ENSG00000166831","RBPMS2",0.0449266187969201,0.87732203769899
"ENSG00000166881","NEMP1",0.240141737699835,0.115690635366073
"ENSG00000166888","STAT6",-0.116262073700098,0.133902550119731
"ENSG00000166920","C15orf48",0.124869911033069,0.606925378093303
"ENSG00000166986","MARS1",-0.534498231958153,2.37812143171325e-07
"ENSG00000167074","TEF",-1.49782604911086,2.41577168202563e-08
"ENSG00000167088","SNRPD1",-0.0708024785881757,0.562297966665876
"ENSG00000167107","ACSF2",0.0843055590698346,0.738571878552001
"ENSG00000167110","GOLGA2",0.309074133514901,0.00182387507516811
"ENSG00000167114","SLC27A4",0.359372706861377,0.00597289948406195
"ENSG00000167136","ENDOG",0.518918288865616,4.91867164511348e-06
"ENSG00000167216","KATNAL2",0.240144171431722,0.33506003040985
"ENSG00000167272","POP5",0.00350347953336896,0.985187528696386
"ENSG00000167280","ENGASE",0.612198739107897,0.004189662259438
"ENSG00000167447","SMG8",0.122277506209162,0.61573811052368
"ENSG00000167460","TPM4",-0.53359301829382,1.43115813236365e-06
"ENSG00000167470","MIDN",0.196407814519504,0.0973538693403495
"ENSG00000167487","KLHL26",0.493725014905757,0.00355024679318492
"ENSG00000167525","PROCA1",-0.206038058498075,0.410387228297272
"ENSG00000167535","CACNB3",0.498976178917051,0.000174384596220589
"ENSG00000167615","LENG8",-0.116135681878862,0.525371601763528
"ENSG00000167656","LY6D",0.05807262398408,0.839085071280403
"ENSG00000167702","KIFC2",-0.111700249770669,0.562297966665876
"ENSG00000167721","TSR1",-0.077668438912342,0.189062671476474
"ENSG00000167733","HSD11B1L",0.0504238132258648,0.858023828005905
"ENSG00000167766","ZNF83",-0.112637287712866,0.63292581794236
"ENSG00000167771","RCOR2",0.393992486734355,0.150654135003231
"ENSG00000167775","CD320",0.105445376986723,0.446361818955889
"ENSG00000167862","MRPL58",-0.31411448435639,0.00119380357445278
"ENSG00000167863","ATP5PD",-0.02472056593988,0.862827967724018
"ENSG00000168003","SLC3A2",0.0251126571955761,0.909873235035902
"ENSG00000168016","TRANK1",1.37765325363041,3.31637917166886e-05
"ENSG00000168066","SF1",0.0266322032305264,0.820910759133148
"ENSG00000168118","RAB4A",0.0297683037361026,0.86754360644812
"ENSG00000168135","KCNJ4",-0.753116186015933,0.0310278198326642
"ENSG00000168140","VASN",0.957952084782818,5.55205955212296e-06
"ENSG00000168259","DNAJC7",-0.108532284923682,0.223425252530709
"ENSG00000168273","UQCC5",0.159861492097865,0.165445994795167
"ENSG00000168282","MGAT2",-0.270653468122728,0.055054739197678
"ENSG00000168288","MMADHC",0.283594206163925,6.82907359750166e-05
"ENSG00000168300","PCMTD1",0.0669077476409226,0.724856585686052
"ENSG00000168394","TAP1",1.53649005913634,7.95657701025778e-27
"ENSG00000168404","MLKL",0.00265701782233595,0.987514326413508
"ENSG00000168405",NA,0.0195168547446762,0.944849181157887
"ENSG00000168427","KLHL30",2.74607355643086,7.26175785144359e-05
"ENSG00000168434","COG7",-0.380248100843925,0.0064569796972902
"ENSG00000168487","BMP1",0.610957924086922,1.59652232122629e-05
"ENSG00000168495","POLR3D",0.170618243551527,0.0233088545629851
"ENSG00000168556","ING2",-0.0801412617409736,0.45150019236676
"ENSG00000168566","SNRNP48",-0.192250339515249,0.023089608125939
"ENSG00000168610","STAT3",1.03472950155778,4.44492536110208e-36
"ENSG00000168779","SHOX2",-0.00316586330923414,0.983766198458028
"ENSG00000168813","ZNF507",-0.241186675681507,0.0607822851583263
"ENSG00000168818","STX18",-0.192447427978145,0.1354884202784
"ENSG00000168827","GFM1",-0.0380967452097251,0.722990355037503
"ENSG00000168894","RNF181",0.0286038768110889,0.876505584874217
"ENSG00000168936","TMEM129",-0.625063296448619,3.56257866461428e-06
"ENSG00000169019","COMMD8",0.0170160809192589,0.934925476008299
"ENSG00000169021","UQCRFS1",-0.0495534535013743,0.748415173622956
"ENSG00000169129","AFAP1L2",-0.0737384623335806,0.788155712111404
"ENSG00000169139","UBE2V2",-0.24475253470449,0.000272199208055966
"ENSG00000169217","CD2BP2",0.0578893258194317,0.655480114594522
"ENSG00000169230","PRELID1",-0.134578575469923,0.119185187532727
"ENSG00000169231","THBS3",-0.0233453209901293,0.938736798781004
"ENSG00000169241","SLC50A1",0.122146911555314,0.417339458935368
"ENSG00000169242","EFNA1",0.291049478349781,0.153547540081527
"ENSG00000169435","RASSF6",-0.15245968797338,0.516006295848542
"ENSG00000169436","COL22A1",-0.160362243828317,0.515848069998974
"ENSG00000169583","CLIC3",0.22496760085488,0.363497608993463
"ENSG00000169592","INO80E",0.142044104385571,0.171952474548647
"ENSG00000169679","BUB1",-0.137766566995247,0.29001544952466
"ENSG00000169710","FASN",-0.268439052767769,0.0509278321495025
"ENSG00000169715","MT1E",-0.924340633792761,1.63321914055631e-10
"ENSG00000169727","GPS1",0.0964168236914275,0.33764108019436
"ENSG00000169756","LIMS1",0.0658202982189766,0.624707871907279
"ENSG00000169814","BTD",-0.464213119624124,0.00119306788633891
"ENSG00000169826","CSGALNACT2",0.350761648259598,0.00845374373709082
"ENSG00000169871","TRIM56",-0.143953625346421,0.161191531915296
"ENSG00000169884","WNT10B",2.90087006283822,1.66931027223918e-06
"ENSG00000169895","SYAP1",0.193747869859416,0.0219819992135594
"ENSG00000169896","ITGAM",0.0425003114979483,0.881218565703534
"ENSG00000170004","CHD3",0.035173565359261,0.836248832349295
"ENSG00000170035","UBE2E3",-0.0893920517864263,0.423303590628213
"ENSG00000170113","NIPA1",-0.160174886809012,0.242629359036649
"ENSG00000170175","CHRNB1",0.177606288508352,0.365818708097254
"ENSG00000170271","FAXDC2",0.548449525427985,0.0744657157357064
"ENSG00000170390","DCLK2",0.110108700722817,0.609455712322047
"ENSG00000170412","GPRC5C",0.0272415915078281,0.928041508770044
"ENSG00000170421","KRT8",0.199898734370958,0.132706300816622
"ENSG00000170425","ADORA2B",-0.477466104513495,0.0159324859537361
"ENSG00000170430","MGMT",-0.121761872990736,0.616688593336068
"ENSG00000170471","RALGAPB",0.212422226494326,0.0316174485679912
"ENSG00000170522","ELOVL6",-0.433562800887285,1.63629596016312e-06
"ENSG00000170540","ARL6IP1",-0.359106561414929,0.000880876136136063
"ENSG00000170545","SMAGP",-0.105356638247465,0.308577920501969
"ENSG00000170581","STAT2",0.340151694845975,0.0120248735552014
"ENSG00000170684","ZNF296",0.16868927635976,0.4766392926435
"ENSG00000170759","KIF5B",0.050391665141214,0.617723009779782
"ENSG00000170779","CDCA4",-0.249354954889649,0.0156850597200226
"ENSG00000170836","PPM1D",1.58066279312369,1.64466052448736e-33
"ENSG00000170855","TRIAP1",0.970977069081873,6.11262220640068e-17
"ENSG00000170949","ZNF160",0.254563960292154,0.137504392229091
"ENSG00000171045","TSNARE1",0.0149013109622418,0.959207438940967
"ENSG00000171055","FEZ2",-0.184385198729556,0.00532109755319024
"ENSG00000171084",NA,0.0391335033256392,0.882265805774539
"ENSG00000171132","PRKCE",-0.559001605652659,6.33702108591727e-06
"ENSG00000171135","JAGN1",0.143166827977274,0.1484606219025
"ENSG00000171159","BBLN",-0.0744347257762392,0.703226008836582
"ENSG00000171161","ZNF672",0.452117663052754,0.00150920212990053
"ENSG00000171169","NAIF1",-0.191179296072709,0.174573169915426
"ENSG00000171219","CDC42BPG",3.09745542974709,4.77050956738734e-06
"ENSG00000171295","ZNF440",0.0779995952450476,0.724121092327556
"ENSG00000171298","GAA",0.799845803210842,0.00250769392821702
"ENSG00000171307","ZDHHC16",0.216125686739771,0.0763080131841984
"ENSG00000171320","ESCO2",0.00666725434648379,0.973858395603315
"ENSG00000171346","KRT15",0.355324316732883,0.0975157127403968
"ENSG00000171425","ZNF581",-0.260636659694548,0.0282536329872468
"ENSG00000171444","MCC",0.545867268176582,1.06497741267254e-05
"ENSG00000171490","RSL1D1",-0.0549793297359889,0.498389383158934
"ENSG00000171604","CXXC5",0.201657602276256,0.12365200447121
"ENSG00000171612","SLC25A33",0.12224749416925,0.367495384217655
"ENSG00000171631","P2RY6",1.86685677889501,5.98404652270841e-05
"ENSG00000171681","ATF7IP",-0.0708070101323612,0.633446640209686
"ENSG00000171824","EXOSC10",0.13722734523796,0.116857402368069
"ENSG00000171840","NINJ2",-0.0124085635559568,0.96448001180327
"ENSG00000171843","MLLT3",0.0466259824400489,0.780281957597622
"ENSG00000171848","RRM2",-0.146687000767775,0.285051490446522
"ENSG00000171992","SYNPO",1.43591243399872,9.13257396054693e-20
"ENSG00000172037","LAMB2",0.551717275427358,3.9603169863965e-05
"ENSG00000172113","NME6",0.143014377532269,0.196535213927736
"ENSG00000172167","MTBP",0.105038452211975,0.586411828931094
"ENSG00000172197","MBOAT1",-0.361601656520112,0.0642723793239121
"ENSG00000172269","DPAGT1",0.104190028603237,0.273193462407036
"ENSG00000172301","COPRS",0.386960094628144,0.000753713720962878
"ENSG00000172336","POP7",0.181252881192725,0.0540598148514932
"ENSG00000172366","MCRIP2",0.286315640269847,0.0388062002644861
"ENSG00000172456","FGGY",-1.90846748493019,1.29953476677677e-09
"ENSG00000172586","CHCHD1",-0.0517352781935914,0.712338138918827
"ENSG00000172663","TMEM134",0.417374953030331,0.00401168385194847
"ENSG00000172667","ZMAT3",0.304255907681989,0.0125932114418268
"ENSG00000172725","CORO1B",0.0681626427433943,0.640372542680019
"ENSG00000172732","MUS81",0.0989699968550867,0.382845947433264
"ENSG00000172738","TMEM217",0.0663350108513829,0.819554202664525
"ENSG00000172824","CES4A",0.107561347912477,0.646636374459882
"ENSG00000172830","SSH3",0.104259074458604,0.646851141885477
"ENSG00000172845","SP3",-0.0281843201880028,0.884227033191612
"ENSG00000172889","EGFL7",0.148796531498837,0.496009710076767
"ENSG00000172890","NADSYN1",0.387194567419554,0.00123288358341177
"ENSG00000172954","LCLAT1",-0.36375845236774,0.00376458088073035
"ENSG00000173041","ZNF680",0.0144717894836983,0.957096640041434
"ENSG00000173064","HECTD4",-0.0344019077158378,0.884284675452918
"ENSG00000173085","COQ2",-0.162866737610012,0.167687491666133
"ENSG00000173141","MRPL57",-0.0654494092439288,0.515964830498585
"ENSG00000173209",NA,-0.166097614081768,0.366338202230023
"ENSG00000173221","GLRX",0.40611258883401,0.00659117509939699
"ENSG00000173230","GOLGB1",0.0886404831697009,0.572036809650926
"ENSG00000173267","SNCG",0.763287752502941,0.00236675577485487
"ENSG00000173273","TNKS",-0.176544006413635,0.187264974634939
"ENSG00000173276","ZBTB21",0.138940604170072,0.403169190267629
"ENSG00000173334","TRIB1",0.0813280561448726,0.641584110009976
"ENSG00000173432","SAA1",0.0202335878996221,0.944918271870476
"ENSG00000173465","ZNRD2",0.152927502463604,0.173543742814617
"ENSG00000173482","PTPRM",-0.7634562109272,1.05061771505937e-05
"ENSG00000173530","TNFRSF10D",0.123901994571985,0.605957496843528
"ENSG00000173540","GMPPB",0.0232822009772148,0.924542341134331
"ENSG00000173548","SNX33",-0.100365120924746,0.534748562924974
"ENSG00000173559","NABP1",0.206892272686913,0.128684981399209
"ENSG00000173575","CHD2",0.0228966348659252,0.896292205052537
"ENSG00000173638","SLC19A1",-0.0272156539644832,0.891937497809129
"ENSG00000173933","RBM4",0.31840013458536,0.0174342715527895
"ENSG00000173947","CIMAP3",0.558620140938282,0.071689378479446
"ENSG00000173992","CCS",0.699812811928101,9.61445600032677e-07
"ENSG00000174165","ZDHHC24",0.361406764853241,0.00425169493144504
"ENSG00000174177","CTU2",0.0887159660853195,0.62027454102075
"ENSG00000174233","ADCY6",0.151325311427153,0.427050566366272
"ENSG00000174282","ZBTB4",0.297312157495924,0.0101876967558155
"ENSG00000174370","KCNJ5-AS1",-0.027715908861932,0.924694927049468
"ENSG00000174371","EXO1",0.0531293147105521,0.755205117043646
"ENSG00000174456","C12orf76",-0.430400308289859,0.0239690694734997
"ENSG00000174501","ANKRD36C",-0.350271271070146,0.0199595430750972
"ENSG00000174514","MFSD4A",0.327362064994693,0.211136460147659
"ENSG00000174564","IL20RB",-0.113751956505805,0.61768936992331
"ENSG00000174579","MSL2",-0.25673528985384,0.00136522261355511
"ENSG00000174705","SH3PXD2B",0.0727619378745073,0.731953031833198
"ENSG00000174775","HRAS",0.314024410773668,0.00251580671921405
"ENSG00000174804","FZD4",-0.210699909974451,0.26693361296941
"ENSG00000174871","CNIH2",0.283754710729731,0.193033869495809
"ENSG00000174943","KCTD13",0.0457967673621876,0.847757124222144
"ENSG00000174989","FBXW8",-0.624592985604068,0.000153767333662246
"ENSG00000175106","TVP23C",0.200788148446546,0.370773476278846
"ENSG00000175115","PACS1",-0.123149444435871,0.450816849305697
"ENSG00000175130","MARCKSL1",0.824104567207529,5.42600848928466e-12
"ENSG00000175182","FAM131A",0.33236220101338,0.00348330322077194
"ENSG00000175265","GOLGA8A",-0.0533147939483512,0.832356285009933
"ENSG00000175279","CENPS",-0.316572822783524,0.00418722596303505
"ENSG00000175294","CATSPER1",0.350837093909864,0.0170768401244754
"ENSG00000175305","CCNE2",-0.527220782087614,0.000200900062255183
"ENSG00000175309","PHYKPL",-0.0827801580944539,0.726302500913233
"ENSG00000175324","LSM1",0.15932212029137,0.143546000478244
"ENSG00000175334","BANF1",-0.076209658407293,0.475681428487364
"ENSG00000175354","PTPN2",-0.153373148040175,0.0809967266547523
"ENSG00000175467","SART1",0.112201503754783,0.332011593415617
"ENSG00000175575","PAAF1",-0.102428805189634,0.580325595164841
"ENSG00000175606","TMEM70",-0.0840980220612775,0.54684459204674
"ENSG00000175662","TOM1L2",-0.0109944543379877,0.960079655006957
"ENSG00000175707","KDF1",-0.0264778714845899,0.92922671518069
"ENSG00000175756","AURKAIP1",-0.0601116079776792,0.37752831248509
"ENSG00000175806","MSRA",-2.0357978303885,1.54542641938229e-41
"ENSG00000175826","CTDNEP1",0.158328250901258,0.0176964812422813
"ENSG00000175874","CREG2",-0.243256712394984,0.335650181495661
"ENSG00000175938","ORAI3",0.831113241255073,3.10757652714474e-05
"ENSG00000176040","TMPRSS7",3.39415460420129,2.05978186101482e-12
"ENSG00000176054","RPL23P2",-0.07792976334442,0.78087612752621
"ENSG00000176095","IP6K1",0.378783464883535,0.000265239686199707
"ENSG00000176102","CSTF3",0.22229371971107,0.0063690016338075
"ENSG00000176244","ACBD7",0.334303068603093,0.159385833255401
"ENSG00000176393","RNPEP",0.149546881022066,0.221873848233071
"ENSG00000176406","RIMS2",0.432283038014351,0.0295896702189225
"ENSG00000176623","RMDN1",-0.423429878584217,2.36623291994923e-06
"ENSG00000176715","ACSF3",0.19249273409008,0.204374082369343
"ENSG00000176720","BOK",0.377420361292706,0.0436638123009895
"ENSG00000176771","NCKAP5",0.07314142127185,0.78432677283861
"ENSG00000176845","METRNL",0.486568043298298,0.000122809682610177
"ENSG00000176978","DPP7",-0.0469583484834579,0.838571941655613
"ENSG00000177045","SIX5",0.412300898266284,0.00323970018758598
"ENSG00000177106","EPS8L2",1.46229176071978,2.16040340126634e-13
"ENSG00000177150","FAM210A",-0.139594364857677,0.116781546638423
"ENSG00000177169","ULK1",0.662745434555247,1.29715019108894e-07
"ENSG00000177192","PUS1",-0.54545903730821,1.03640641957925e-05
"ENSG00000177239","MAN1B1",0.0471826900647385,0.796142261527894
"ENSG00000177337",NA,0.318647785624618,0.0411623337435014
"ENSG00000177551","NHLH2",0.763332096013043,0.0332162349246118
"ENSG00000177683","THAP5",-0.362089261629755,1.70156140144229e-05
"ENSG00000177738","FLJ32255",0.207905534924184,0.314744433611818
"ENSG00000177788","RAB4A-AS1",0.500141813438242,0.00283904709175725
"ENSG00000177963","RIC8A",0.174788034045771,0.091476855507859
"ENSG00000178038","ALS2CL",1.17754633690291,9.42085605994472e-05
"ENSG00000178078","STAP2",1.04218615119097,0.000388070304693328
"ENSG00000178234","GALNT11",-0.234877953277756,0.0968455098031274
"ENSG00000178307","TMEM11",0.169774126748192,0.0893141345919386
"ENSG00000178401","DNAJC22",0.340491643357069,0.0350606853624549
"ENSG00000178498","DTX3",0.595419191751202,1.81365559031203e-05
"ENSG00000178605","GTPBP6",-0.0948231543858169,0.501816211987827
"ENSG00000178607","ERN1",0.052918346292611,0.836134264878312
"ENSG00000178719","GRINA",0.837908188835708,3.49167636140864e-17
"ENSG00000178761","FAM219B",-0.0457828854668163,0.80714352560556
"ENSG00000178904","DPY19L3",-0.468050864427662,0.000833871300355182
"ENSG00000179010","MRFAP1",0.0856553550548684,0.325194228092519
"ENSG00000179152","TCAIM",1.01810665246501,2.4643189955787e-14
"ENSG00000179271","GADD45GIP1",0.157288840749022,0.0456362109489863
"ENSG00000179295","PTPN11",-0.0243424720785716,0.892076646848372
"ENSG00000179406","LINC00174",0.269358483460579,0.261172415140229
"ENSG00000179409","GEMIN4",0.014006500621864,0.938773508911115
"ENSG00000179431","FJX1",-0.0900474032788133,0.543746181569626
"ENSG00000179630","LACC1",0.525020303755415,0.00266631766143334
"ENSG00000179632","MAF1",0.13353979551612,0.13905048630527
"ENSG00000179818",NA,-0.210337213026958,0.248227283085495
"ENSG00000179820","MYADM",0.34162380612348,0.00832048935572752
"ENSG00000179950","PUF60",0.0355724523810359,0.753538076299671
"ENSG00000179958","DCTPP1",-0.390503528401799,0.00050703721828673
"ENSG00000180015",NA,-0.0319027868142358,0.92079452274485
"ENSG00000180044","C3orf80",-0.101678008375115,0.691747567583209
"ENSG00000180185","FAHD1",-0.211913258674139,0.0257764331596276
"ENSG00000180357","ZNF609",-0.0821675999570868,0.537512762920506
"ENSG00000180611","MB21D2",0.19967749553906,0.172933506218748
"ENSG00000180628","PCGF5",0.17523978801947,0.0652954968552654
"ENSG00000180769","WDFY3-AS2",-0.366634479157942,0.121972466001596
"ENSG00000180957","PITPNB",-0.240947893217493,4.3789374106463e-05
"ENSG00000181019","NQO1",-0.0207057560758637,0.930468683521387
"ENSG00000181027","FKRP",0.256145251309077,0.0498077230461909
"ENSG00000181035","SLC25A42",-0.0296846509786765,0.925924703486975
"ENSG00000181061","HIGD1A",-0.416456456984943,0.000493503096239271
"ENSG00000181163","NPM1",-0.613503699922198,1.75846028155879e-15
"ENSG00000181396","OGFOD3",-0.0498807166950081,0.667446390856862
"ENSG00000181513","ACBD4",0.267783363991079,0.186955041764891
"ENSG00000181523","SGSH",1.03455234705804,1.56081756928217e-07
"ENSG00000181588","MEX3D",-0.173144879273322,0.213557718783524
"ENSG00000181619","GPR135",-0.313313681693211,0.186136651998781
"ENSG00000181649","PHLDA2",0.0426128057879725,0.818315233248274
"ENSG00000181722","ZBTB20",-0.0519506870843109,0.813730657554189
"ENSG00000181817","LSM10",0.074354945103496,0.603057800247031
"ENSG00000181904","C5orf24",-0.143924601844416,0.124128257296212
"ENSG00000181929","PRKAG1",-0.282315363931568,0.208066148050543
"ENSG00000182057",NA,1.04829513122845,5.41741462768032e-05
"ENSG00000182154","MRPL41",0.325975677697903,0.00242485666180949
"ENSG00000182165","TP53TG1",1.52439783639717,3.84967422629713e-13
"ENSG00000182179","UBA7",0.105823938573441,0.635384053157487
"ENSG00000182199","SHMT2",-0.497696007542577,5.22141833642953e-10
"ENSG00000182220","ATP6AP2",0.449500591901696,3.40454443601698e-07
"ENSG00000182272","B4GALNT4",-1.38964859167356,0.00562770461464286
"ENSG00000182307","C8orf33",-0.145303012695775,0.104589766752485
"ENSG00000182326","C1S",0.610916405913211,0.0372871391056326
"ENSG00000182372","CLN8",0.142777485362084,0.309627844912185
"ENSG00000182472","CAPN12",0.587557997880176,0.062753707860815
"ENSG00000182541","LIMK2",0.154149153355886,0.296108919762691
"ENSG00000182544","MFSD5",0.358974803969321,1.87078664935791e-05
"ENSG00000182580","EPHB3",1.72773381966502,1.44966038791229e-05
"ENSG00000182600","SNORC",-0.0108641862775783,0.970069437882169
"ENSG00000182612","TSPAN10",1.92002367842527,4.34409479953317e-15
"ENSG00000182752","PAPPA",-0.760441865222737,0.00166652036069601
"ENSG00000182782","HCAR2",-0.0202239654263395,0.941503170955214
"ENSG00000182796",NA,0.0644388533951979,0.81088194692986
"ENSG00000182827","ACBD3",0.260922919168744,0.000163358146292375
"ENSG00000182831","HAPSTR1",-0.155183621529113,0.219348146071796
"ENSG00000182858","ALG12",0.157406352349845,0.189364418253838
"ENSG00000182872","RBM10",-0.0657725605645707,0.582298503709726
"ENSG00000182934","SRPRA",-0.139794766210274,0.0538292702564338
"ENSG00000182944","EWSR1",0.0133871873150938,0.916329294850374
"ENSG00000182950","CIMAP1C",1.82058531340186,0.00187476709721449
"ENSG00000182979","MTA1",-0.0909925482200152,0.403000233961193
"ENSG00000183010","PYCR1",-1.00336414681402,1.00751398278658e-15
"ENSG00000183020","AP2A2",-0.14129669770376,0.253337082213677
"ENSG00000183032","SLC25A21",-1.8414828738723,0.0018452012604188
"ENSG00000183035","CYLC1",1.33111686944697,0.00610067942765102
"ENSG00000183055",NA,0.116904738990086,0.637301177270874
"ENSG00000183155","RABIF",0.402908036379258,0.00177812795159103
"ENSG00000183255","PTTG1IP",0.0120149466758475,0.948757702774832
"ENSG00000183340","JRKL",-0.0146908850819014,0.935329734234164
"ENSG00000183354","BRD10",-0.186743406327461,0.0697257277933848
"ENSG00000183401","CCDC159",-0.447041229889714,0.109363225990163
"ENSG00000183527","PSMG1",-0.128921262955218,0.159599386200358
"ENSG00000183530","PRR14L",0.0369667689559095,0.831839957052886
"ENSG00000183579","ZNRF3",0.0307260459969471,0.865988735959661
"ENSG00000183605","SFXN4",0.146827652897161,0.127810896419121
"ENSG00000183617","MRPL54",-0.0352356294928636,0.854931549526102
"ENSG00000183628","DGCR6",1.26367241813451,0.0030112751806148
"ENSG00000183648","NDUFB1",-0.060978198969148,0.689829590231058
"ENSG00000183665","TRMT12",0.0449262343769866,0.775073292341173
"ENSG00000183684","ALYREF",0.0791722786088433,0.597621759453145
"ENSG00000183691","NOG",-0.0184712585018448,0.937248461862684
"ENSG00000183696","UPP1",0.331108371709828,0.0339895516886528
"ENSG00000183808","RBM12B",-0.203119527468427,0.109948072477263
"ENSG00000183828","NUDT14",0.3170763017364,0.0361741138279557
"ENSG00000183943","PRKX",0.17387003483476,0.124074806102922
"ENSG00000184007","PTP4A2",-0.433177515041125,6.37098423708895e-15
"ENSG00000184009","ACTG1",-0.215053257645233,0.0890246040064876
"ENSG00000184047","DIABLO",0.014851436462281,0.95857295952555
"ENSG00000184260","H2AC20",-0.986664619662024,5.45919240317243e-05
"ENSG00000184281","TSSC4",0.250720288320414,0.0283002830899453
"ENSG00000184384","MAML2",-0.340768602119288,0.0272014050281324
"ENSG00000184465","WDR27",0.193031527730825,0.220114188463075
"ENSG00000184470","TXNRD2",0.266889066507367,0.0489001619115004
"ENSG00000184564","SLITRK6",2.43696350383687,7.79297103988925e-05
"ENSG00000184575","XPOT",-0.46305343338467,1.75338280798899e-07
"ENSG00000184634","MED12",0.148742714451498,0.382263916407399
"ENSG00000184792","OSBP2",-0.436315598131778,0.0126706167540233
"ENSG00000184828","ZBTB7C",-0.0202667036684994,0.939926518346072
"ENSG00000184863","RBM33",0.0609945709193123,0.567315799439229
"ENSG00000184887","BTBD6",0.116955693783132,0.631948111817997
"ENSG00000184900","SUMO3",-0.411814136438011,1.83173106392069e-07
"ENSG00000184903","IMMP2L",-1.91655894195554,1.74907611863728e-09
"ENSG00000184939","ZFP90",0.0368003908548915,0.908213660534092
"ENSG00000184967","NOC4L",-0.0844227955381491,0.591505181895005
"ENSG00000185088","RPS27L",0.515206886639781,8.18557948594334e-05
"ENSG00000185101","ANO9",0.0393733158029781,0.892285139717866
"ENSG00000185115","NSMCE3",-0.105732117412714,0.534752232738016
"ENSG00000185133","INPP5J",0.333688862711647,0.206291318223357
"ENSG00000185189","NRBP2",-0.263936156828982,0.209205803337322
"ENSG00000185215","TNFAIP2",0.389538718121604,0.023391064633613
"ENSG00000185347","TEDC1",0.345361938210538,0.0156594879351812
"ENSG00000185432","TMT1A",1.00422389184589,0.00859740281923008
"ENSG00000185495",NA,0.327449917347557,0.162559040797703
"ENSG00000185519","FAM131C",0.203941823460495,0.406987584903546
"ENSG00000185551","NR2F2",0.00320647442736615,0.988259767649874
"ENSG00000185650","ZFP36L1",-0.228800229314479,0.0344558329881514
"ENSG00000185651","UBE2L3",-0.290861721051835,0.00016618527340258
"ENSG00000185664","PMEL",0.466120047145663,0.0867274337277331
"ENSG00000185722","ANKFY1",-0.420351152804313,7.98254437579222e-06
"ENSG00000185745","IFIT1",0.5862385341201,0.0202439383705041
"ENSG00000185753","CXorf38",-0.0457620141683055,0.811357178039215
"ENSG00000185761","ADAMTSL5",0.362792172250047,0.0297042843503214
"ENSG00000185800","DMWD",0.345875148644699,0.00162580651107859
"ENSG00000185803","SLC52A2",0.408485759913086,4.6689042326745e-05
"ENSG00000185818","NAT8L",0.363419112868987,0.026754313507377
"ENSG00000185838","GNB1L",0.0448957720457766,0.867434292994646
"ENSG00000185989","RASA3",-0.511738831137336,2.23673615470454e-08
"ENSG00000186056","MATN1-AS1",0.108120525993098,0.671321941877004
"ENSG00000186088","GSAP",1.13115764570792,0.000150493690352498
"ENSG00000186187","ZNRF1",-0.0372443672691522,0.806482336071983
"ENSG00000186193","SAPCD2",-0.358329541504413,0.0162073939310537
"ENSG00000186283","TOR3A",-0.0377680470282444,0.860954112330941
"ENSG00000186416","NKRF",0.0503628734182284,0.749343413534026
"ENSG00000186431","FCAR",0.0418245728271542,0.880826548765823
"ENSG00000186517","ARHGAP30",-1.53502008304593,3.64614542512911e-06
"ENSG00000186567","CEACAM19",0.16526229595316,0.483799635792078
"ENSG00000186577","SMIM29",0.0392531347284817,0.82268130444432
"ENSG00000186591","UBE2H",0.0968185908554765,0.493985538044223
"ENSG00000186654","PRR5",0.0711082749023824,0.790316881765266
"ENSG00000186660","ZFP91",0.0513067786289293,0.656747740990687
"ENSG00000186687","LYRM7",-0.75700899044451,4.72810736481545e-23
"ENSG00000186814","ZSCAN30",-0.0910819727106891,0.663824091662224
"ENSG00000186815","TPCN1",-0.655314762857567,0.000205956098001473
"ENSG00000186862","PDZD7",0.300640100971078,0.191720245509747
"ENSG00000186866","POFUT2",0.139650288167,0.362215134622219
"ENSG00000186868","MAPT",-1.02830671220017,0.0147392694786797
"ENSG00000186994","KANK3",0.905068124214955,0.0211924089013941
"ENSG00000187051","RPS19BP1",0.0359454294397112,0.809242620076651
"ENSG00000187240","DYNC2H1",-0.31643466596964,0.00946117115038342
"ENSG00000187244","BCAM",0.00913187873018963,0.975349018923776
"ENSG00000187555","USP7",-0.00923129768826009,0.943631439705213
"ENSG00000187676","B3GLCT",-0.536192509022262,5.50251240360051e-06
"ENSG00000187689","AMTN",3.14927459595806,1.3270241027121e-06
"ENSG00000187778","MCRS1",0.283736936818993,0.00117626513250853
"ENSG00000187801","ZFP69B",-0.54899066884979,0.015648659847072
"ENSG00000187840","EIF4EBP1",-0.779575372044081,2.14144954707357e-13
"ENSG00000188185",NA,0.129044671144522,0.61768936992331
"ENSG00000188186","LAMTOR4",0.206048236562312,0.0852252358396554
"ENSG00000188229","TUBB4B",-0.0412839344024776,0.792373952945696
"ENSG00000188295","ZNF669",0.305972011774975,0.0924299852299694
"ENSG00000188315","C3orf62",0.015744906720318,0.947609910386897
"ENSG00000188483","IER5L",-0.148697891926123,0.407519341527875
"ENSG00000188529","SRSF10",-0.37543206666293,3.64521486732254e-11
"ENSG00000188554","NBR1",0.270234974850706,0.00267210366628699
"ENSG00000188566","NDOR1",0.448357754627376,0.0767123670289889
"ENSG00000188624","IGFL3",0.508094109635983,0.0883019725862991
"ENSG00000188707",NA,-0.0223986470467537,0.937618724576435
"ENSG00000188725","SMIM15",-0.12794951417065,0.0894014608054059
"ENSG00000188811","NHLRC3",0.0450179604254803,0.849627442153332
"ENSG00000188878","FBF1",0.174394500583893,0.362586557105252
"ENSG00000188906","LRRK2",-0.0973096716558337,0.714986812873674
"ENSG00000188910","GJB3",0.232501619883777,0.332011593415617
"ENSG00000188976","NOC2L",0.112252898602373,0.195188778669154
"ENSG00000188986","NELFB",0.0352880370316307,0.827650554605256
"ENSG00000188994","ZNF292",-0.242372624062543,0.00781491154724297
"ENSG00000189077","TMEM120A",0.579651073072491,1.21004301577221e-05
"ENSG00000189091","SF3B3",0.24447939931471,0.000702301908638412
"ENSG00000189136",NA,0.178384068316088,0.380050128794667
"ENSG00000189306","RRP7A",0.0452384720804602,0.718395968643889
"ENSG00000189410","SH2D5",-0.206993459087767,0.257900055592359
"ENSG00000196154","S100A4",-0.17196306253708,0.426948205645163
"ENSG00000196187","TMEM63A",0.358871283499197,0.015687774246316
"ENSG00000196208","GREB1",2.22609244301161,4.53470524607755e-25
"ENSG00000196209","SIRPB2",-0.15752537992537,0.499042838663757
"ENSG00000196220","SRGAP3",0.040382431744491,0.8973758042817
"ENSG00000196230","TUBB",-0.293415401011574,6.06412978098137e-05
"ENSG00000196295",NA,-0.00372124305567026,0.9885489970389
"ENSG00000196323","ZBTB44",0.18322888616519,0.0611255805938322
"ENSG00000196391","ZNF774",1.37001810634652,2.06076610327094e-07
"ENSG00000196405","EVL",-0.415110094425274,0.00415498761247105
"ENSG00000196419","XRCC6",-0.159471709800364,0.0363687152086508
"ENSG00000196428","TSC22D2",0.276662295651502,0.0292370696116119
"ENSG00000196453","ZNF777",0.38284081441348,0.00669890872573582
"ENSG00000196470","SIAH1",-0.0353968107426334,0.867712036486042
"ENSG00000196504","PRPF40A",0.0223819207902556,0.82054607913919
"ENSG00000196510","ANAPC7",0.167070461729996,0.0990775720064604
"ENSG00000196526","AFAP1",-0.219702877953147,0.0851248647377707
"ENSG00000196549","MME",-1.06655499468701,2.58746984552461e-08
"ENSG00000196586","MYO6",0.29256413025901,0.00302117460091883
"ENSG00000196591","HDAC2",0.116461097035006,0.0693221763637822
"ENSG00000196715","VKORC1L1",-0.483366142516276,5.22141833642953e-10
"ENSG00000196730","DAPK1",0.0650000509216175,0.811505638794695
"ENSG00000196792","STRN3",0.0519559142382448,0.652301550374637
"ENSG00000196912","ANKRD36B",-0.218233024131867,0.303702753404977
"ENSG00000196937","FAM3C",0.25657239924856,0.00157580578957942
"ENSG00000196943","NOP9",0.455627674448541,0.000112855498770512
"ENSG00000196968","FUT11",-0.506871147252577,4.69530124787826e-08
"ENSG00000196975","ANXA4",0.159126329590475,0.301389784623424
"ENSG00000197037","ZSCAN25",0.177544623311515,0.306829010760627
"ENSG00000197045","GMFB",-0.31134863889512,0.00143028626941858
"ENSG00000197077","KIAA1671",-0.138069916322392,0.283760673852512
"ENSG00000197111","PCBP2",-0.188675741245778,0.00436317727172813
"ENSG00000197119","SLC25A29",-0.12159919273163,0.512407087401904
"ENSG00000197121","PGAP1",0.478623272375819,0.00452718133227457
"ENSG00000197162","ZNF785",-0.175964135329185,0.288269687261972
"ENSG00000197170","PSMD12",-0.174651005547064,0.0267427457503801
"ENSG00000197223","C1D",-0.0489186900965066,0.781999671295355
"ENSG00000197261","C6orf141",0.313796554401587,0.0973850008277459
"ENSG00000197299","BLM",0.10016319219731,0.439742326635151
"ENSG00000197302","KRBOX5",-0.453510232773558,0.00104184132491192
"ENSG00000197321","SVIL",0.347376159139197,0.00167716383797746
"ENSG00000197448","GSTK1",-0.137415786261103,0.184736512539053
"ENSG00000197467","COL13A1",-1.45533660478727,7.58952073833551e-25
"ENSG00000197498","RPF2",-0.211835461369026,0.00147764777801044
"ENSG00000197530","MIB2",1.53591866824675,8.48694521568421e-14
"ENSG00000197580","BCO2",-0.345947600938039,0.191642860665359
"ENSG00000197603","CPLANE1",0.186840142710626,0.107523514101574
"ENSG00000197714","ZNF460",-0.0323384876451458,0.915989222618634
"ENSG00000197746","PSAP",0.256943696321141,0.00545652613654586
"ENSG00000197771","MCMBP",-0.158254478157752,0.124153646198922
"ENSG00000197779","ZNF81",0.345038337543332,0.0658317021769285
"ENSG00000197785","ATAD3A",-0.0293114742628428,0.88410797169007
"ENSG00000197892","KIF13B",-0.643834933855844,2.57295863019772e-05
"ENSG00000197905","TEAD4",0.101503860305001,0.497040203168875
"ENSG00000197912","SPG7",0.28671232074452,0.0114497754776723
"ENSG00000197930","ERO1A",-0.357572971705885,5.82103041639498e-07
"ENSG00000197948","FCHSD1",0.323021880585954,0.0504375625885577
"ENSG00000197956","S100A6",-0.386302424130923,0.00216754071715026
"ENSG00000197958","RPL12",-0.179417305377448,0.00792236769759405
"ENSG00000197969","VPS13A",-0.608231423738274,8.36504531121159e-06
"ENSG00000197993","KEL",3.80201867848509,6.29453801269774e-10
"ENSG00000198042","MAK16",-0.137318187466301,0.165847790422191
"ENSG00000198055","GRK6",-0.124217035349806,0.375834025335935
"ENSG00000198093","ZNF649",-0.0311554507542043,0.894010819082994
"ENSG00000198130","HIBCH",-0.245216149371323,0.0252235314537393
"ENSG00000198171","DDRGK1",1.343677094179,1.84213215974757e-62
"ENSG00000198176","TFDP1",-0.15365280430863,0.155855089765522
"ENSG00000198265","HELZ",0.462156234697239,6.89889958570417e-06
"ENSG00000198298","ZNF485",0.285929109291605,0.104073083573764
"ENSG00000198301","SDAD1",-0.059128270385344,0.386100850529432
"ENSG00000198382","UVRAG",-0.307679220263545,0.00161118556886326
"ENSG00000198431","TXNRD1",0.0350511401367768,0.886754701418391
"ENSG00000198492","YTHDF2",-0.0405880687029667,0.69657210505947
"ENSG00000198546","ZNF511",-0.0895939799432698,0.395828857014893
"ENSG00000198551","ZNF627",-0.142353116905826,0.515280568697637
"ENSG00000198561","CTNND1",0.0368735612310943,0.871335397287474
"ENSG00000198624","CCDC69",-0.449556215913603,0.0219450536060928
"ENSG00000198625","MDM4",-0.454146374369007,4.48907564558957e-05
"ENSG00000198668","CALM1",0.0281339934334101,0.751247995135457
"ENSG00000198680","TUSC1",0.137111920912072,0.346689567159553
"ENSG00000198719","DLL1",0.0856930123410326,0.755207739102877
"ENSG00000198743","SLC5A3",-0.062719348901428,0.683890489641205
"ENSG00000198786","MT-ND5",0.0922564974313748,0.663369813334812
"ENSG00000198791","CNOT7",0.0244980017926341,0.8843285815049
"ENSG00000198799","LRIG2",0.0510036237019411,0.831521113593907
"ENSG00000198826","ARHGAP11A",-0.110942754286422,0.377849759976082
"ENSG00000198839","ZNF277",0.109183493138401,0.52485725154644
"ENSG00000198860","TSEN15",-0.769989265508018,2.1407319595507e-16
"ENSG00000198874","TYW1",-0.371875087384218,0.000151624532046129
"ENSG00000198911","SREBF2",-0.678416494164737,8.5760195279858e-07
"ENSG00000198912","C1orf174",-0.290716816623635,0.00920356051826999
"ENSG00000198947","DMD",1.12652094973715,2.90374239034776e-07
"ENSG00000198948","MFAP3L",0.187127432093413,0.310577725367694
"ENSG00000198964","SGMS1",0.165147018418028,0.205623388122502
"ENSG00000199512","RNU6-212P",0.19919293394721,0.413604430214397
"ENSG00000199530",NA,0.106469867197262,0.68573650634268
"ENSG00000201121","RNY1P12",-0.278154057759182,0.277986502088389
"ENSG00000201221","RNU4-40P",0.531360951424739,0.0807617990707208
"ENSG00000201610","RNA5SP84",-0.156327387581296,0.530218187134865
"ENSG00000203709",NA,-0.257855573265133,0.278215178148814
"ENSG00000203880","PCMTD2",-0.13683418390419,0.42127081834805
"ENSG00000204060","FOXO6",0.0812646140582968,0.768738205723672
"ENSG00000204120","GIGYF2",-0.0105546947262606,0.948751982937169
"ENSG00000204172","AGAP9",-0.0848961471536051,0.752287388395932
"ENSG00000204227","RING1",0.439319944454582,6.37662266822974e-08
"ENSG00000204256","BRD2",-0.0324553839338372,0.778737747481072
"ENSG00000204311","PJVK",-0.27733749156813,0.278711078820596
"ENSG00000204397","CARD16",1.62973799959972,2.55545775295672e-11
"ENSG00000204406","MBD5",-0.234535019780554,0.0761327405263115
"ENSG00000204569","PPP1R10",0.606071105180705,4.13016810543907e-10
"ENSG00000204574","ABCF1",0.153586303463938,0.0672001568410848
"ENSG00000204580","DDR1",0.950192513260863,4.46771701205288e-19
"ENSG00000204866","IGFL2",1.70983906370528,0.000308084345430405
"ENSG00000205325",NA,0.0687459939375658,0.790238051149257
"ENSG00000205352","PRR13",0.278910398293955,0.000318009404992134
"ENSG00000205356","TECPR1",-0.226934114051104,0.0957165777747718
"ENSG00000205476","CCDC85C",-0.35022083916363,0.00690816328267709
"ENSG00000205559","CHKB-DT",0.791015399046749,1.3389647982471e-05
"ENSG00000205583",NA,0.543109386270859,0.0146239271968641
"ENSG00000205593","DENND6B",0.950337748802466,0.011482408408714
"ENSG00000205885","C1RL-AS1",-0.186525407157917,0.376018602284681
"ENSG00000206344","HCG27",0.289128322573383,0.261818097065988
"ENSG00000206530","CFAP44",-0.171993800268559,0.340767937207572
"ENSG00000206573","THUMPD3-AS1",0.142447291911781,0.399046113475038
"ENSG00000207725","MIR222",-0.0813808577363245,0.769188506421898
"ENSG00000210082",NA,1.09805357336658,0.000114218637278177
"ENSG00000210144",NA,-3.71568032764941,9.55140392448689e-36
"ENSG00000210195",NA,-1.18582912940438,0.000168392555497808
"ENSG00000211454","AKR7L",-0.166543687798696,0.499311238971492
"ENSG00000211459",NA,0.243315391278397,0.275546455635739
"ENSG00000211460","TSN",0.0290546223822521,0.782108947877192
"ENSG00000212694","LINC01089",0.218536479878451,0.348596919457562
"ENSG00000212719","LINC02693",-0.406607505760372,0.00825583751473873
"ENSG00000212864","RNF208",0.413755945556174,0.0811980880946483
"ENSG00000212907","MT-ND4L",-0.0735870603936843,0.630955489209825
"ENSG00000213058",NA,-0.168539832695919,0.44133142941517
"ENSG00000213160","KLHL23",-0.00803679084004951,0.951918509993085
"ENSG00000213337","ANKRD39",0.452097204132746,0.00225893652514857
"ENSG00000213390","ARHGAP19",-0.253673734498937,0.149726025220655
"ENSG00000213397","HAUS7",0.121994232645082,0.559616884565255
"ENSG00000213551","DNAJC9",-0.326701871253538,0.000292359438226361
"ENSG00000213588","ZBTB9",-0.504199905449756,0.002282594302281
"ENSG00000213676","ATF6B",-0.29634844067857,0.121318028355926
"ENSG00000213694","S1PR3",1.62518539337156,0.0014111205730628
"ENSG00000213722","DDAH2",-0.0643355964226058,0.764398192458009
"ENSG00000213753","RPL23AP79",0.203720834078751,0.0244689906950801
"ENSG00000213859","KCTD11",0.569169283603874,0.00322399120705082
"ENSG00000213903","LTB4R",-0.0645027064190209,0.79649693897331
"ENSG00000213904","LIPE-AS1",1.27841116212733,0.000608154074082629
"ENSG00000213918","DNASE1",0.28132511306147,0.161588870114867
"ENSG00000213928","IRF9",0.350860703357398,0.0854444358641484
"ENSG00000213949","ITGA1",-0.208856386760225,0.259392088031093
"ENSG00000214021","TTLL3",-0.0711496932056054,0.795106939578838
"ENSG00000214046","SMIM7",-0.0588120868121525,0.62027454102075
"ENSG00000214050","FBXO16",-0.0633586182151387,0.828633671556054
"ENSG00000214193","SH3D21",0.0243993512455613,0.935329734234164
"ENSG00000214318",NA,1.35844161613451,0.00107848198895838
"ENSG00000214706","IFRD2",-0.103401810820469,0.356677693388166
"ENSG00000214900","LINC01599",1.1039950410898,9.73729328501376e-11
"ENSG00000215039","CD27-AS1",0.293244994032271,0.0886238431774207
"ENSG00000215068","ANXA2R-AS1",-0.0234062531571879,0.936498503933124
"ENSG00000215182","MUC5AC",0.722276105524306,0.0383260388238386
"ENSG00000215193","PEX26",0.112175966124639,0.176283308721378
"ENSG00000215196","BASP1-AS1",0.136640226081114,0.592038296614172
"ENSG00000215252","GOLGA8B",0.257572318071018,0.132489062406931
"ENSG00000215271",NA,0.135119925242799,0.596519683892779
"ENSG00000215424","MCM3AP-AS1",-0.294686261959112,0.0609510222737092
"ENSG00000215559",NA,3.17106627691003,2.33998477948444e-10
"ENSG00000215883","CYB5RL",-0.10309517913569,0.612435471675982
"ENSG00000216775",NA,0.586006539810735,3.05862628000818e-05
"ENSG00000217275","RPS10P1",0.143685894632186,0.554744811253587
"ENSG00000220323","H2BC19P",0.193764719735525,0.308838686141561
"ENSG00000221817","PPP3CB-AS1",0.272347234521332,0.104952635140896
"ENSG00000221823","PPP3R1",-0.045136443390338,0.656460380240591
"ENSG00000221866","PLXNA4",-2.88299869621797,4.1199731405433e-78
"ENSG00000221914","PPP2R2A",-0.220169890672353,0.000978257821366989
"ENSG00000221963","APOL6",0.0437393135061372,0.848034892155891
"ENSG00000221978","CCNL2",-0.519111702118301,1.54328842197129e-05
"ENSG00000223396",NA,0.106658881710456,0.664745816121602
"ENSG00000223496","EXOSC6",0.0608322727823086,0.602385302154047
"ENSG00000223685","LINC00571",-0.141952398036408,0.551745971357727
"ENSG00000223745",NA,0.283222121640145,0.117361831929164
"ENSG00000223768","LINC00205",0.531936216866862,0.000433255295355821
"ENSG00000223773",NA,0.0645265557809051,0.801420228432668
"ENSG00000224020","MIR181A2HG",0.242973572473675,0.312071216251429
"ENSG00000224259","LINC01133",0.0221976303563998,0.94186622791049
"ENSG00000224294","PINCR",3.45290846085511,1.68324806022926e-45
"ENSG00000224531","SMIM13",0.0737231175397287,0.547716253492886
"ENSG00000224536","CSRP1-AS1",-0.269865331554387,0.270918742620508
"ENSG00000224596","ZMIZ1-AS1",0.211611298007788,0.230653242632127
"ENSG00000224597",NA,0.280462560353636,0.0275706982039496
"ENSG00000224616",NA,0.492659490951912,0.060585624230086
"ENSG00000224707","E2F3-IT1",-0.0526936002621456,0.861448458498308
"ENSG00000224877","NDUFAF8",0.231917323657825,0.00396389244750637
"ENSG00000225159","NPM1P39",-0.467694636200864,0.106992016896612
"ENSG00000225193",NA,-0.131091123361242,0.608977821413274
"ENSG00000225200","RPS8P1",-0.730560429422323,0.000987914441954613
"ENSG00000225484","NUTM2B-AS1",0.0326963356070691,0.882242646325592
"ENSG00000225693",NA,0.0428395255576247,0.891924519355433
"ENSG00000225806",NA,-0.0345595998197538,0.904684164539207
"ENSG00000225921","NOL7",-0.0508966102166635,0.564148494642525
"ENSG00000226137","BAIAP2-DT",0.3584885694588,0.046405601758864
"ENSG00000226179",NA,-0.0737101033649921,0.789159962576218
"ENSG00000226310",NA,0.133740642534239,0.600561419237605
"ENSG00000226520",NA,0.433822184726366,0.115363260610038
"ENSG00000226688","ENTPD1-AS1",0.132677416225482,0.298803120974804
"ENSG00000226824","LOC100996437",0.465962036237331,0.00267666486843268
"ENSG00000226887","ERVMER34-1",1.77155919784994,2.08055617123025e-10
"ENSG00000226965",NA,1.10510237742506,0.00512805759226206
"ENSG00000227057","WDR46",-0.0824858457607873,0.468371303282546
"ENSG00000227268","KLLN",2.36712881458614,1.9467377987009e-06
"ENSG00000227354","RBM26-AS1",0.154754808486474,0.5340289468992
"ENSG00000227507","LTB",-0.236683963279741,0.308761217284412
"ENSG00000227591","HSD11B1-AS1",-0.494361069004573,0.0633871960992726
"ENSG00000228049","POLR2J2",0.0119325228239878,0.967518244567326
"ENSG00000228107",NA,-0.163934190407171,0.508800092364801
"ENSG00000228253","MT-ATP8",0.221384497781683,0.300626640088767
"ENSG00000228288","MGAT4EP",1.03828153296318,0.0044825568700686
"ENSG00000228300","FAM174C",0.751344432546261,2.68314477499861e-16
"ENSG00000228434",NA,0.372128085855204,0.130676681315773
"ENSG00000228526","MIR34AHG",-0.103956441542268,0.685249523278966
"ENSG00000228782",NA,0.0135788666736583,0.958639594037673
"ENSG00000228857","ACTR3-AS1",0.130061215135329,0.599070089794066
"ENSG00000229344","MTCO2P12",0.490870914776957,0.0447776724976361
"ENSG00000229891","LINC01315",0.111146992808198,0.660986919469622
"ENSG00000230074",NA,0.224349928284837,0.302871504865288
"ENSG00000230176","LINC01433",0.020070916357689,0.945686896985184
"ENSG00000230551",NA,-0.13620765430979,0.461936537433843
"ENSG00000230590","FTX",-0.19937508333128,0.27741982294745
"ENSG00000230732",NA,0.216008739505431,0.312079213609986
"ENSG00000230896",NA,0.0328026472379455,0.911831245361181
"ENSG00000230937","MIR205HG",-0.0640465296813492,0.811505638794695
"ENSG00000230943","LINC02541",2.48251792523897,4.08865964696522e-05
"ENSG00000231249","ITPR1-DT",-0.0152368524138741,0.958286426702745
"ENSG00000231290","APCDD1L-DT",-0.578498025281857,0.000204357302477704
"ENSG00000231333","RPL34P6",-0.0243053470877426,0.937248461862684
"ENSG00000231652","CD109-AS1",1.32929921018198,1.12012019162766e-08
"ENSG00000231784",NA,0.327385694898625,0.207688428337834
"ENSG00000231789","PIK3CD-AS2",0.548044000878765,0.0549488166347129
"ENSG00000231802",NA,-0.078566777605731,0.777264119848457
"ENSG00000231908","IDH1-AS1",0.143275658178454,0.572036809650926
"ENSG00000232611",NA,0.00406928799417119,0.989332256383304
"ENSG00000233016","SNHG7",-0.13096966798796,0.248262366897283
"ENSG00000233266","HMGB1P31",-0.488179306027301,0.0975142781012781
"ENSG00000233369",NA,-0.0451108592580299,0.883516499618717
"ENSG00000233515","LINC01518",0.352820265946705,0.0858465271239686
"ENSG00000233559","LINC00513",-0.00971706298546112,0.973858395603315
"ENSG00000233695",NA,1.54720474122146,3.22461399101603e-09
"ENSG00000233928",NA,-0.750827704221121,0.0029151223429159
"ENSG00000233937",NA,-0.464215544667632,0.0342438968733178
"ENSG00000234129","HCCS-DT",-0.338236672253669,0.191110514691653
"ENSG00000234171","RNASEH1-DT",-0.104026986812143,0.38290305438763
"ENSG00000234383",NA,0.00381138435084069,0.989624361812054
"ENSG00000234465","PINLYP",-0.344806535146711,0.15559196194583
"ENSG00000234546","LNCTAM34A",-0.0241371593368663,0.934730254227096
"ENSG00000234741","GAS5",-0.196222595650509,0.16660215867905
"ENSG00000234745","HLA-B",0.843835354124431,2.68559260897754e-09
"ENSG00000234851","RPL23AP42",-0.0181052937044164,0.918044573310182
"ENSG00000234869","LINC02925",0.680271630573466,0.0171808346223266
"ENSG00000234997",NA,-0.133202076773946,0.603410587317598
"ENSG00000235078","LOC124907725",0.591770485637659,0.0538292702564338
"ENSG00000235162","C12orf75",-0.102989250540965,0.465765466844067
"ENSG00000235173","HGH1",0.155002744208143,0.302018370225918
"ENSG00000235381",NA,0.0576532533962936,0.837499550213634
"ENSG00000235590","GNAS-AS1",-0.733583640164392,0.00318599685043586
"ENSG00000235706","DICER1-AS1",0.00625266168120569,0.983831959397693
"ENSG00000235750","KIAA0040",0.0480056090261125,0.865872321905149
"ENSG00000235859",NA,0.0546114504791617,0.849862000548709
"ENSG00000236107","SCN1A-AS1",-0.10174236231293,0.675738494431524
"ENSG00000236256","DIAPH2-AS1",0.499934479112461,0.0421857244328395
"ENSG00000236682","MAP3K2-DT",1.17715344237542,0.000815751878063677
"ENSG00000236810","ELOA-AS1",0.570589098641322,0.00323964634801732
"ENSG00000236859","NIFK-AS1",0.156311739845103,0.300936043749377
"ENSG00000237161",NA,0.0925845694928077,0.726312178107425
"ENSG00000237298","TTN-AS1",-0.38075824435006,0.0234180666593632
"ENSG00000237438",NA,0.374575497982173,0.0658519125778507
"ENSG00000237499",NA,1.70757527349844,3.93436085857517e-07
"ENSG00000237522",NA,0.0329408951511282,0.914777313684675
"ENSG00000237638","LINC02245",2.8269743786577,2.92917810404489e-05
"ENSG00000237807","LINC02984",2.15037526198966,1.39812900804743e-09
"ENSG00000237813","CAV2-DT",0.217783494099207,0.373021954342591
"ENSG00000237886","NALT1",0.248721718923035,0.321717247850788
"ENSG00000237943","PRKCQ-AS1",-0.512476663520967,0.000716392212996284
"ENSG00000238045",NA,0.548737890570467,0.0541571053680024
"ENSG00000238251",NA,0.109376937894784,0.626990594270696
"ENSG00000238297","LOC124901861",0.00849436859029354,0.976685125159083
"ENSG00000238713",NA,-0.13706854508879,0.593971092470421
"ENSG00000239213","NCK1-DT",0.660649180320485,0.000464501747171341
"ENSG00000239521",NA,1.29277810165145,7.45060532057144e-06
"ENSG00000239697","TNFSF12",-0.201832283415687,0.379085486687745
"ENSG00000239911",NA,0.0370414271148048,0.897908965427062
"ENSG00000240386","LCE1F",6.72460294181065,2.34715776028643e-17
"ENSG00000240682","ISY1",-0.13590626483779,0.131111990516391
"ENSG00000240767","RN7SL288P",0.214006007469897,0.391251101466182
"ENSG00000240857","RDH14",-0.0064569468953371,0.967518244567326
"ENSG00000241229","RN7SL443P",-0.265905686872982,0.29729515718179
"ENSG00000241570","PAQR9-AS1",-0.116319893005334,0.655137362473691
"ENSG00000241685","ARPC1A",-0.401284806754268,4.21475938475774e-08
"ENSG00000242498","ARPIN",-0.0263458333450837,0.918738237524627
"ENSG00000242588",NA,-0.154060197253164,0.375308497496647
"ENSG00000242759",NA,0.0694659692062929,0.810935215882112
"ENSG00000242971","RN7SL233P",-0.0259606558595222,0.934989528889635
"ENSG00000243156","MICAL3",-0.0265820685314771,0.913592176261472
"ENSG00000243317","STMP1",-0.133667861398288,0.0741046734477013
"ENSG00000243566","UPK3B",-0.0189451285190222,0.94401497179906
"ENSG00000243667","DNAAF10",-0.0938349524540107,0.497040203168875
"ENSG00000243701","DUBR",1.0451676800851,1.52789693880669e-14
"ENSG00000243989","ACY1",-0.156651969967123,0.530740089211466
"ENSG00000244119",NA,0.4217222865857,0.130833031017647
"ENSG00000244462","RBM12",-0.153051240186248,0.113164799654594
"ENSG00000244627",NA,0.169179128433547,0.470610062757309
"ENSG00000244649",NA,0.51613269618712,0.0859841737321547
"ENSG00000244694","PTCHD4",0.280107491522649,0.0627292943336243
"ENSG00000244879",NA,0.0105454050118614,0.963810247745516
"ENSG00000245532","NEAT1",0.829752510773256,0.00021822970390114
"ENSG00000245573","BDNF-AS",0.393224706978562,0.126816352743741
"ENSG00000245849","RAD51-AS1",-0.0861292038487686,0.721828165865747
"ENSG00000245958",NA,-0.413819527117132,0.0173754553378957
"ENSG00000246203",NA,-0.252869489308616,0.314299513599714
"ENSG00000246228","CASC8",-0.117760917224339,0.614181018440287
"ENSG00000246263",NA,0.810548685559293,0.0138054837209579
"ENSG00000246640","PICART1",0.60873634235587,0.0213500039694659
"ENSG00000247077","PGAM5",-0.0506434604972045,0.716919499689335
"ENSG00000247137","ANKRD42-DT",0.164627834296569,0.397677707393824
"ENSG00000247271","ZBED5-AS1",0.353193649908994,0.0893599734733815
"ENSG00000247373",NA,-0.0168105035872487,0.954085044434246
"ENSG00000247516","MIR4458HG",0.443705153143725,0.00166650172362455
"ENSG00000247572","CKMT2-AS1",0.386923589941544,0.0286372252500643
"ENSG00000247982","LINC00926",0.257113899558551,0.300867851554264
"ENSG00000248008","NRAV",0.241996060240254,0.143219425804319
"ENSG00000248367","LOC124901151",-0.0854259470857914,0.749152470274808
"ENSG00000248429","GASK1B-AS1",0.0342351891698068,0.908088111946829
"ENSG00000248712","DRC12",0.627969986928391,0.0528123180119367
"ENSG00000248734",NA,0.158921884103361,0.53016500111827
"ENSG00000248898","PELO-AS1",-0.0417188807348172,0.892483294033187
"ENSG00000248909",NA,0.108489562068472,0.656505469730719
"ENSG00000248932","COPB2-DT",0.602269006356482,0.0115664879703144
"ENSG00000248964","LOC101929470",1.06419595887966,0.00134034667693085
"ENSG00000249199",NA,0.0365918634047553,0.898427385802534
"ENSG00000249348","UGDH-AS1",0.154400093989158,0.497040203168875
"ENSG00000249592","PCGF3-AS1",0.248081737866349,0.19205192606009
"ENSG00000249738","IL12B-AS1",0.00364008159938995,0.989500377801819
"ENSG00000249740","LINC01265",0.53274474547875,0.0421145120439049
"ENSG00000249859","PVT1",0.725888973860073,4.06665066593232e-08
"ENSG00000249992","TMEM158",-0.593547847374006,0.00017639234912367
"ENSG00000250208","FZD10-AS1",-0.0203830613508228,0.94186622791049
"ENSG00000250222",NA,0.20687818372071,0.211600973729072
"ENSG00000250519",NA,-0.0334378133752555,0.87038924498007
"ENSG00000250532",NA,2.52226748440865,0.000262818660605304
"ENSG00000250903","GMDS-DT",-0.376812738491959,0.115704413442142
"ENSG00000251073","NUDT19P5",-0.0251786518951909,0.930802999550698
"ENSG00000251095","LOC105377329",5.654876970674,9.41967182329531e-17
"ENSG00000251194",NA,-0.182583518228636,0.417450774903618
"ENSG00000251230","MIR3945HG",0.0344199216037182,0.901717218527707
"ENSG00000251348",NA,0.281512039908596,0.242629483669478
"ENSG00000251474",NA,-0.0187936467378336,0.939926518346072
"ENSG00000251580","LINC02482",0.0562359138878135,0.842868418228767
"ENSG00000252062","RNU6-469P",0.0417989934330183,0.893788569605471
"ENSG00000252498","RNU6-1016P",0.205801393682439,0.314744433611818
"ENSG00000253227",NA,1.00617391041671,0.00263949330284732
"ENSG00000253438","PCAT1",0.604911355805671,0.0593902519036004
"ENSG00000253683",NA,0.160013628690371,0.498966119373157
"ENSG00000253736","LOC105377730",0.0311181473624983,0.922390548641873
"ENSG00000253833","DSTNP3",-0.384777032941235,0.0302231518053663
"ENSG00000254469","XNDC1N",0.0863051925269058,0.70162877473361
"ENSG00000254999","BRK1",0.0170726891629258,0.898427385802534
"ENSG00000255112","CHMP1B",-0.173431310551183,0.233969097018056
"ENSG00000255423","EBLN2",-0.263155674408229,0.258896289462809
"ENSG00000255491","LOC105375743",-0.0312727613278417,0.914960548346928
"ENSG00000255561","FDXACB1",-0.497878565660423,0.0215037949900443
"ENSG00000255587","RAB44",0.0417822394734634,0.884622074390242
"ENSG00000255874","PRECSIT",0.406652435826214,0.00164712607712435
"ENSG00000256235","SMIM3",0.174403184315135,0.349439501878161
"ENSG00000256269","HMBS",-0.162418391294925,0.184163541084195
"ENSG00000256325",NA,0.566808865201667,0.0647220431529426
"ENSG00000256940","PPP1R14B-AS1",0.827912366918165,2.08270912124001e-10
"ENSG00000257103","LSM14A",-0.0506606822644503,0.682033237904746
"ENSG00000257727","CNPY2",0.36668316700738,4.6689042326745e-05
"ENSG00000258412",NA,-0.0577858484379977,0.830241453183284
"ENSG00000258457",NA,0.911811725549316,0.00166650172362455
"ENSG00000258733","LINC02328",0.178383228250726,0.466994838543862
"ENSG00000258893",NA,0.384161666315185,0.158004470243918
"ENSG00000258904",NA,-0.0858466405144952,0.748415173622956
"ENSG00000259315",NA,0.16384460768018,0.508967900451481
"ENSG00000259429",NA,-0.0241232844107483,0.935329734234164
"ENSG00000259771",NA,0.439685158077067,0.120595132241633
"ENSG00000259865",NA,-0.418472435726525,0.0399172611227479
"ENSG00000259891",NA,-0.409277145976992,0.0362426249598564
"ENSG00000259926",NA,-0.0880145259967302,0.745905403194778
"ENSG00000259953",NA,0.816376816661794,0.0123190497963561
"ENSG00000259956","RBM15B",-0.0191852460312116,0.881599469109122
"ENSG00000260032","NORAD",-0.0712350442761961,0.541297922371885
"ENSG00000260077",NA,-0.146029320876535,0.546806751510973
"ENSG00000260428","SCX",-0.198017086367737,0.427638386120419
"ENSG00000260552","COSMOC",1.1141263532071,0.000104128935278493
"ENSG00000260563",NA,0.583212769815046,0.0101702386025961
"ENSG00000260806",NA,0.164862481186079,0.436356541194372
"ENSG00000260944",NA,-0.63718164689326,0.00888376884798
"ENSG00000261056",NA,0.0497236812353103,0.869363490047004
"ENSG00000261150","EPPK1",0.500603657881942,0.092905015333645
"ENSG00000261236","BOP1",0.12503452883377,0.297278277343505
"ENSG00000261373","VPS9D1-AS1",0.0787798819470351,0.758757461035909
"ENSG00000261519",NA,-0.00824325928800751,0.977790048267547
"ENSG00000261659",NA,-0.107535872057633,0.673086603637709
"ENSG00000261716","H2BC20P",0.0676007641096056,0.786673439781238
"ENSG00000261801","LOXL1-AS1",-0.817809502633872,2.84473046977221e-09
"ENSG00000262152","GREP1",0.00542356165142038,0.984575850795219
"ENSG00000262454","MIR193BHG",-0.622871614093529,0.00536447574316338
"ENSG00000262714",NA,2.90889611728215,8.54138932413699e-07
"ENSG00000262919","CCNQ",-0.103410341056953,0.497352799207357
"ENSG00000263412","NFE2L1-DT",-0.21747529100463,0.348429162925048
"ENSG00000264538",NA,-0.23596690385695,0.121860308410802
"ENSG00000264635",NA,0.0644597837430705,0.82268910232559
"ENSG00000264895",NA,0.0614145905367945,0.820948905375351
"ENSG00000264920",NA,0.383858546449812,0.0275221235145718
"ENSG00000265107","GJA5",-0.0386611146029975,0.894010819082994
"ENSG00000265354","TIMM23",-0.175341285013873,0.02227130522592
"ENSG00000265684","RN7SL378P",0.442940959827817,0.119807011195678
"ENSG00000266338","NBPF15",-0.0223232207495326,0.937772966603448
"ENSG00000266538",NA,0.519230375848977,0.0292012128512667
"ENSG00000266680",NA,0.969127285802284,0.00391347885912126
"ENSG00000266850","RBBP8-AS1",0.305135236470657,0.221252258289835
"ENSG00000267002",NA,0.167298968083797,0.387819687889261
"ENSG00000267080","ASB16-AS1",-0.00524310951599117,0.9808821888354
"ENSG00000267248","LOC100996660",0.470837481678647,0.0945363167615167
"ENSG00000267374","MIR924HG",-0.612690549239771,0.000896473596562007
"ENSG00000267750",NA,0.740987599551946,0.0258332643658217
"ENSG00000267778",NA,0.17618861716241,0.474832618508049
"ENSG00000268129","LOC100289361",0.299217780380288,0.0719553361051789
"ENSG00000268460","LOC93429",1.4083984438267,0.00533819783103222
"ENSG00000268621","IGFL2-AS1",3.68684065861939,2.97152378684417e-15
"ENSG00000269473",NA,0.437054214548341,0.110819283544387
"ENSG00000269947",NA,-0.0889147316138502,0.74150157302854
"ENSG00000269989",NA,1.50340192819128,2.36684447784858e-05
"ENSG00000270049","ATP6V0D1-DT",0.693308341780943,0.000587105469864907
"ENSG00000270231","NBPF8",-0.283266346491214,0.13690347071025
"ENSG00000270629","NBPF14",0.194179483192443,0.365340615906407
"ENSG00000270640",NA,0.188949457770936,0.401529063173136
"ENSG00000270720",NA,0.457322878145463,0.112786723762885
"ENSG00000271270","TMCC1-DT",-0.746845254739968,0.000491072672932516
"ENSG00000271425","NBPF10",0.0496004990185129,0.86210036072618
"ENSG00000271533",NA,-0.490065443923778,0.0603009017826533
"ENSG00000271605","MILR1",-0.488373947553352,0.0123974710225306
"ENSG00000271913","TAGAP-AS1",-0.757532736524981,0.0328431591680852
"ENSG00000272168","LOC105374971",0.600030161589692,0.0224579474055479
"ENSG00000272189","MAP7-AS1",-0.0265905661810105,0.928722561597681
"ENSG00000272316",NA,-0.650843195235725,0.0487429132149934
"ENSG00000272556",NA,-0.122781597879217,0.627533201307081
"ENSG00000272563",NA,0.00975077689156876,0.970504691957456
"ENSG00000272578",NA,0.433133031885943,0.0584230236696595
"ENSG00000272582",NA,0.123894974413147,0.626990594270696
"ENSG00000272604","EFCAB10-AS1",-0.166935071106171,0.480979421108289
"ENSG00000272645",NA,0.115676021217297,0.636832728836709
"ENSG00000273230",NA,-0.24383046096965,0.219598623327543
"ENSG00000273297","LOC105375517",0.48046558326806,0.0453423592987389
"ENSG00000273451",NA,-0.0436471535198483,0.889053743797586
"ENSG00000273899","NOL12",0.353386727767491,0.0181738874005387
"ENSG00000274471",NA,-0.114084872195588,0.626380926721913
"ENSG00000274523","RCC1L",0.143528994142636,0.173963269164783
"ENSG00000275023","MLLT6",-0.323944546975837,0.00512598306736515
"ENSG00000275131",NA,-0.170637411007428,0.497788578898492
"ENSG00000275393",NA,-0.417745888570906,0.133941640380869
"ENSG00000275832","ARHGAP23",0.102862255388178,0.473550530249356
"ENSG00000275880","NAXD-AS1",0.394352587628055,0.122784182410955
"ENSG00000276043","UHRF1",-0.651542995506731,0.000101723974180791
"ENSG00000276115",NA,-0.0297011220220312,0.923446525831743
"ENSG00000276517",NA,0.20972317210584,0.325013222035976
"ENSG00000276542",NA,-0.0269938831356976,0.924831928335451
"ENSG00000276600","RAB7B",1.06478722484673,0.0131774234920853
"ENSG00000276672",NA,0.165593670995252,0.415509699078712
"ENSG00000277075","H2AC8",0.0851136213165892,0.731882594604259
"ENSG00000277161","PIGW",-0.116183356701612,0.438208945245744
"ENSG00000277224","H2BC7",-0.0189557701493219,0.943631439705213
"ENSG00000277453",NA,0.627565033803313,0.0547102368742342
"ENSG00000277972","CISD3",-0.1922337708376,0.0231928868538488
"ENSG00000278238","CKAP2-DT",0.892805037064729,0.00228182407757326
"ENSG00000278472",NA,-0.251918708457475,0.30822449111577
"ENSG00000278535","DHRS11",0.0699791104799097,0.711441831683724
"ENSG00000278705","H4C2",-0.851732008888113,0.0248790600047811
"ENSG00000278730",NA,0.144881625003749,0.482207196309577
"ENSG00000278784",NA,-0.00812171382640504,0.977079174675777
"ENSG00000278834",NA,0.177888578779692,0.430237116636272
"ENSG00000279088","LOC124902453",0.538336998019166,0.000246618424348175
"ENSG00000279233",NA,-0.109460554598376,0.658715273277799
"ENSG00000279491",NA,0.346700987485898,0.190965503713611
"ENSG00000279555",NA,0.180726014296133,0.471390231505963
"ENSG00000279838",NA,-0.518826952549868,0.0340439544664964
"ENSG00000279901",NA,0.0571238336942452,0.84574848659618
"ENSG00000279932",NA,0.153215229830788,0.546957899013851
"ENSG00000280032",NA,0.190203591800302,0.395044474779089
"ENSG00000280138",NA,0.258187150607032,0.209481787647411
"ENSG00000280543","ASAP1-IT2",-0.0277184311269895,0.930468683521387
"ENSG00000281183","NPTN-IT1",-0.36467251354166,0.129517689215814
"ENSG00000281195",NA,0.0880541442182576,0.747195383829049
"ENSG00000281333","LOC105369885",-0.141267388941148,0.548458074170302
"ENSG00000281344",NA,-0.485951036824429,0.0103348097883186
"ENSG00000281406","BLACAT1",0.282893900905203,0.271147170591874
"ENSG00000282386",NA,0.210526139076988,0.26158317008316
"ENSG00000282961","PRNCR1",0.097128494403444,0.697754568036476
"ENSG00000282980",NA,-0.0422955418960764,0.892133489843765
"ENSG00000283023",NA,0.0730483593361138,0.632247021726562
"ENSG00000283294",NA,1.3330874998057,0.000338167854251812
"ENSG00000283632","EXOC3L2",0.0422689659068497,0.892133489843765
"ENSG00000283982","LOC101929563",-0.109115426135831,0.644141857774757
"ENSG00000284194","SCO2",0.421807915188488,3.36093044805175e-05
"ENSG00000284968",NA,0.142417235673876,0.473330757481751
"ENSG00000285128",NA,-0.0266242209835891,0.928650855998202
"ENSG00000285219","LOC100506207",-0.252727174839204,0.317753791816366
"ENSG00000285230","RALY-AS1",0.64029444334073,0.000744588941919924
"ENSG00000285437","POLR2J3",0.279645596812918,0.168766391428212
"ENSG00000285596",NA,0.0983403573408597,0.710997726265359
"ENSG00000285756","LOC389906",0.0489916459551861,0.779371124048102
"ENSG00000286019","NOTCH2NLB",0.231324530336549,0.348429162925048
"ENSG00000286133",NA,-0.0221484095545879,0.937321741110283
"ENSG00000286207",NA,0.0999888317096675,0.700934644710245
"ENSG00000286219","NOTCH2NLC",-0.12458495209778,0.582584652396163
"ENSG00000286314",NA,0.317613809107651,0.18377812554937
"ENSG00000286369","LOC105369363",3.10567562885522,3.65433596039823e-12
"ENSG00000286388",NA,0.160894927947803,0.365180788748858
"ENSG00000286406",NA,1.45479194592985,4.78663298341012e-08
"ENSG00000286828",NA,-0.441073488378337,0.0723489667994481
"ENSG00000286977",NA,-0.163458252005093,0.51421374729147
"ENSG00000287042",NA,0.520979185443467,0.0754104196805782
"ENSG00000287070",NA,-0.0874706190677955,0.740720606303834
"ENSG00000287151","LINC03124",0.635057635439657,0.000322699333467643
"ENSG00000287562",NA,-0.219129837340907,0.305423304068455
"ENSG00000287733",NA,-0.0753121042373784,0.779278775444886
"ENSG00000287963",NA,-0.0686253293595514,0.792385348398909
"ENSG00000288596","C8orf44",-0.0652447072967326,0.800399453939205
"ENSG00000288670",NA,-0.185418954733725,0.369737270767188
"ENSG00000288701","PRRC2B",-0.170450380456616,0.0792247009206783
"ENSG00000288728",NA,0.348632162669926,0.190609871229933
"ENSG00000288736",NA,1.75813056571678,0.000673483197497157
"ENSG00000288743",NA,0.522862550836334,0.0648606443268728
"ENSG00000288745",NA,-0.0449116073805475,0.8843285815049
"ENSG00000288839",NA,0.131765734155506,0.579032626345675
"ENSG00000288910",NA,0.122300045047698,0.636828228509386
"ENSG00000288915","LOC107984202",0.0338867527034219,0.906250227832137
"ENSG00000288924",NA,0.00237318989423715,0.992176059550387
"ENSG00000288983",NA,0.50962991302633,0.00726111863839609
"ENSG00000289003",NA,-0.117947380794959,0.649885237981088
"ENSG00000289212",NA,-0.0602975857576402,0.837059626339163
"ENSG00000289269",NA,0.0421999748470847,0.891924519355433
"ENSG00000289340",NA,-0.0684865607022598,0.811874099437951
"ENSG00000289418",NA,-0.0343117925353647,0.907433200854203
"ENSG00000289437",NA,0.18176800015627,0.401740603231991
"ENSG00000289469","LOC105374101",-0.114177255601972,0.639611846490486
"ENSG00000289506","DDIT4-AS1",-0.266445707855336,0.281406317948242
